date,策略名称,股指期货信号,股指期货仓位,沪深300主连,中证500主连,红利低波ETF,10年国债主连,30年国债主连,沪铜主连,沪铝主连,PTA主连,原油主连,豆粕主连,沪金主连,资金占用比例
2018-01-02,风险平价策略,1.0,0.3,0.15,0.15,0.0,0.258015933315105,0.0,0.06492018516926894,0.06246322893884731,0.07345828266480435,0.0,0.08921192110862966,0.1519304488033448,0.13545772805225137
2018-01-03,风险平价策略,1.0,0.3,0.15,0.15,0.0,0.2586142516308159,0.0,0.06391909582460072,0.06261807425686815,0.07285381092247359,0.0,0.08956474137336695,0.15243002599187458,0.13542027501688852
2018-01-04,风险平价策略,1.0,0.3,0.15,0.15,0.0,0.25702357157196853,0.0,0.06527479030550999,0.06361825589725116,0.07437857025309305,0.0,0.09089962194011535,0.14880519003206175,0.1351752376859591
2018-01-05,风险平价策略,1.0,0.3,0.15,0.15,0.0,0.2570795216300921,0.0,0.0648368831779127,0.06371113222646334,0.07439393035026813,0.0,0.09100402824495307,0.1489745043703106,0.13518502356052892
2018-01-08,风险平价策略,1.0,0.3,0.15,0.15,0.0,0.25911371098229563,0.0,0.06392357860404209,0.061442877933020446,0.07506442113447706,0.0,0.09021848217450532,0.15023692917165934,0.1350921702640988
2018-01-09,风险平价策略,1.0,0.3,0.15,0.15,0.0,0.2591086267459548,0.0,0.06392257894876832,0.06144543350401776,0.07506523384494318,0.0,0.09022031937091515,0.15023780758540078,0.1350929150568662
2018-01-10,风险平价策略,1.0,0.3,0.15,0.15,0.0,0.25039122354248133,0.0,0.06517106946115556,0.06394217061621237,0.0762051204995043,0.0,0.09188064286216309,0.15240977301848335,0.1364919895031132
2018-01-11,风险平价策略,1.0,0.3,0.15,0.15,0.0,0.246792426475541,0.0,0.06596413601792925,0.06473260752226986,0.07716586895004215,0.0,0.09091811534201,0.1544268456922078,0.13725835913810705
2018-01-12,风险平价策略,1.0,0.3,0.15,0.15,0.0,0.2523238655138191,0.0,0.06525608798314915,0.062916639715582,0.07524373002021023,0.0,0.08587515394277316,0.15838452282446633,0.13711860357648928
2018-01-15,风险平价策略,1.0,0.3,0.15,0.15,0.0,0.24929811303033944,0.0,0.06568190398672848,0.06334695948165091,0.0757145313272135,0.0,0.0864244509744805,0.15953404119958706,0.13765325146889232
2018-01-16,风险平价策略,1.0,0.3,0.15,0.15,0.0,0.2572221950755931,0.0,0.06200369457195534,0.05294838213156744,0.07269123493953872,0.0,0.0909939340363874,0.16414055924495785,0.13696896510249362
2018-01-17,风险平价策略,1.0,0.3,0.15,0.15,0.0,0.2535026152577579,0.0,0.059300862532409494,0.05360504450309744,0.07302476138349172,0.0,0.09666663087347456,0.16390008544976878,0.13727540588180562
2018-01-18,风险平价策略,1.0,0.3,0.15,0.15,0.0,0.24978352439044763,0.0,0.061412186263628814,0.05536831997382212,0.0755727744126248,0.0,0.09921747177028939,0.15864572318918727,0.13709591458100961
2018-01-19,风险平价策略,1.0,0.3,0.15,0.15,0.0,0.25051842884422293,0.0,0.06156021057284054,0.055507317175149964,0.07575895686887907,0.0,0.09946215920248581,0.1571929273364217,0.13681688817901475
2018-01-22,风险平价策略,1.0,0.3,0.15,0.15,0.0,0.25063660005050487,0.0,0.06162133623696611,0.05512328433844725,0.07580405488334092,0.0,0.0995239481285602,0.15729077636218056,0.1368112742616201
2018-01-23,风险平价策略,1.0,0.3,0.15,0.15,0.0,0.2504907769654831,0.0,0.061439868856095065,0.055163730989005545,0.07592066537917035,0.0,0.09949577355615953,0.15748918425408634,0.13685678066725707
2018-01-24,风险平价策略,1.0,0.3,0.15,0.15,0.0,0.25523883178789303,0.0,0.056202957441827836,0.056400806568939865,0.07808559265307176,0.0,0.09338345914539083,0.1606883524028766,0.13680471214914863
2018-01-25,风险平价策略,1.0,0.3,0.15,0.15,0.0,0.25526535785274673,0.0,0.05619752902455491,0.05639444480521656,0.07807970162183074,0.0,0.09338597273396054,0.1606769939616905,0.13679963379948154
2018-01-26,风险平价策略,1.0,0.3,0.15,0.15,0.0,0.26897435295383026,0.0,0.05591151161121929,0.054633081363687094,0.07853867047571618,0.0,0.0940332777464521,0.14790910584909503,0.13340194342548792
2018-01-29,风险平价策略,1.0,0.3,0.15,0.15,0.0,0.2698287904364237,0.0,0.05626590144260485,0.05501752759776548,0.07905338583677729,0.0,0.09462375081648448,0.14521064386994406,0.1329502118893493
2018-01-30,风险平价策略,1.0,0.3,0.15,0.15,0.0,0.28309045626443485,0.0,0.05494455600654765,0.05315385680538918,0.07796718810943135,0.0,0.10086054254920747,0.12998340026498945,0.1291346520407181
2018-01-31,风险平价策略,1.0,0.3,0.15,0.15,0.0,0.28311685893195077,0.0,0.05495146657816263,0.05312434304571299,0.077966522529226,0.0,0.10085241632558421,0.12998839258936343,0.129131923890435
2018-02-01,风险平价策略,1.0,0.3,0.15,0.15,0.0,0.290910565900489,0.0,0.055365013406807675,0.052541507827144174,0.07289093781640812,0.0,0.09799453224311443,0.13029744280603645,0.12815184015102898
2018-02-02,风险平价策略,1.0,0.3,0.15,0.15,0.0,0.28781228499847566,0.0,0.05691997482605609,0.05386632911000296,0.07496653078836218,0.0,0.092671411507303,0.1337634687698,0.1291664807402463
2018-02-05,风险平价策略,1.0,0.3,0.15,0.15,0.0,0.2847018792152745,0.0,0.057014805596179836,0.055712469521551726,0.0798009514860402,0.0,0.09822472112790115,0.12454517305305252,0.12836193495332762
2018-02-06,风险平价策略,1.0,0.3,0.15,0.15,0.0,0.2867205380990939,0.0,0.056475934754548845,0.0536947733142887,0.07944241879030203,0.0,0.09796134291478606,0.12570499212698028,0.12823291031231937
2018-02-07,风险平价策略,1.0,0.3,0.15,0.15,0.0,0.29401675878365313,0.0,0.05766089091997024,0.055065042635300834,0.08051016865322072,0.0,0.09990104333897343,0.11284609566888158,0.12565733943083562
2018-02-08,风险平价策略,1.0,0.3,0.15,0.15,0.0,0.28129280215207164,0.0,0.05557847998680453,0.058344482554856886,0.08307746808856423,0.0,0.10535017284340556,0.11635659437429703,0.12765853252996945
2018-02-09,风险平价策略,1.0,0.3,0.15,0.15,0.0,0.2832187530564085,0.0,0.05405543674571057,0.05861212760935505,0.0817941075058694,0.0,0.10513587644603534,0.11718369863662105,0.127491376955457
2018-02-12,风险平价策略,1.0,0.3,0.15,0.15,0.0,0.28325836542422134,0.0,0.0540637986306327,0.058620982759798664,0.08175453192450352,0.0,0.1051496310104094,0.11715269025043433,0.127481499886715
2018-02-13,风险平价策略,1.0,0.3,0.15,0.15,0.0,0.28217050297570245,0.0,0.054229490516585016,0.0586558430393853,0.08198131900681821,0.0,0.10544758288027192,0.11751526158123701,0.12766519919168862
2018-02-14,风险平价策略,1.0,0.3,0.15,0.15,0.0,0.28109253333531703,0.0,0.0550332520360132,0.05522130685875225,0.08309483963322609,0.0,0.10655998351726455,0.11899808461942686,0.12796642704487776
2018-02-22,风险平价策略,1.0,0.3,0.15,0.15,0.0,0.2756419263259999,0.0,0.05699871988609442,0.057344204114128425,0.08617092433770038,0.0,0.11031543905449741,0.11352878628157943,0.12796404037152162
2018-02-23,风险平价策略,1.0,0.3,0.15,0.15,0.0,0.27564100272213715,0.0,0.057000061959055916,0.057350563324711994,0.08617585365545534,0.0,0.11030046222622776,0.1135320561124119,0.12796505603576866
2018-02-26,风险平价策略,1.0,0.3,0.15,0.15,0.0,0.2757066131434992,0.0,0.05702585103131548,0.057145866870433264,0.08622414297125841,0.0,0.11033523842133186,0.11356228756216163,0.1279592660101596
2018-02-27,风险平价策略,1.0,0.3,0.15,0.15,0.0,0.27734348489694466,0.0,0.05664810252019021,0.057334637005038325,0.08666559497352197,0.0,0.11078490151643564,0.11122327908786922,0.12744853193369893
2018-02-28,风险平价策略,1.0,0.3,0.15,0.15,0.0,0.2827736793497891,0.0,0.05337739317589028,0.0586242303747501,0.0880623981973052,0.0,0.11279644659735374,0.10436585230491162,0.12584618614842033
2018-03-01,风险平价策略,1.0,0.3,0.15,0.15,0.0,0.2838819061252486,0.0,0.05286733371379108,0.058925166230091926,0.08676878277695393,0.0,0.11334053430577513,0.10421627684813922,0.12564936769346444
2018-03-02,风险平价策略,1.0,0.3,0.15,0.15,0.0,0.28382921380262593,0.0,0.05288622061573394,0.05884953130420618,0.08680212721018528,0.0,0.11337605371261353,0.10425685335463515,0.12566061819992516
2018-03-05,风险平价策略,1.0,0.3,0.15,0.15,0.0,0.2889063269781084,0.0,0.05178387792955636,0.05709407344085767,0.08337198023125678,0.0,0.11240938730252542,0.10643435411769536,0.1252312065353156
2018-03-06,风险平价策略,1.0,0.3,0.15,0.15,0.0,0.28910817299171054,0.0,0.05183046434253527,0.05713926863022694,0.08316848668355759,0.0,0.11249388176126045,0.10625972559070915,0.12517843213100194
2018-03-07,风险平价策略,1.0,0.3,0.15,0.15,0.0,0.2942908084714532,0.0,0.052914257528780345,0.05436592333867625,0.07544123687586687,0.0,0.11361668965081531,0.10937108413440787,0.12474118263171696
2018-03-08,风险平价策略,1.0,0.3,0.15,0.15,0.0,0.2964751595443202,0.0,0.0516412911806955,0.05480684420156688,0.07307612522677491,0.0,0.1147655189967301,0.10923506084991245,0.12437185644587212
2018-03-09,风险平价策略,1.0,0.3,0.15,0.15,0.0,0.31714745239384895,0.0,0.04782568015778365,0.05318847074005235,0.06632109073241586,0.0,0.11001291031893375,0.10550439565696523,0.12120844500342234
2018-03-12,风险平价策略,1.0,0.3,0.15,0.15,0.0,0.3233981019405784,0.0,0.04903209272943544,0.05423156043588767,0.06709262042303284,0.0,0.0989166857404374,0.10732893873062829,0.12092415451771453
2018-03-13,风险平价策略,1.0,0.3,0.15,0.15,0.0,0.30681048160679925,0.0,0.05092956238384959,0.05262110447664683,0.07140435813289257,0.0,0.10476510527856028,0.11346938812125139,0.12376800198060438
2018-03-14,风险平价策略,1.0,0.3,0.15,0.15,0.0,0.3067223924138097,0.0,0.05108606317758152,0.052783673085045404,0.07059283658591262,0.0,0.10506589713099196,0.11374913760665879,0.12379632498886411
2018-03-15,风险平价策略,1.0,0.3,0.15,0.15,0.0,0.3099152710933085,0.0,0.0509532938218127,0.0534073437701923,0.07165958546539847,0.0,0.09988170731745975,0.11418279853182811,0.1235835188613529
2018-03-16,风险平价策略,1.0,0.3,0.15,0.15,0.0,0.3118607771990312,0.0,0.05140482472999407,0.05381152731913381,0.07024872988672698,0.0,0.10055511300534947,0.1121190278597644,0.1230389123300093
2018-03-19,风险平价策略,1.0,0.3,0.15,0.15,0.0,0.32529917441898676,0.0,0.04874046114062638,0.05520051112998385,0.07427777793793014,0.0,0.08776466665436779,0.10871740871810505,0.12124053827935766
2018-03-20,风险平价策略,1.0,0.3,0.15,0.15,0.0,0.32654276005559585,0.0,0.0490759575322716,0.055540867302176306,0.07293602956342328,0.0,0.08661238599718994,0.10929199954934297,0.12116275605413425
2018-03-21,风险平价策略,1.0,0.3,0.15,0.15,0.0,0.32616526752917263,0.0,0.04671043057224021,0.055344280339381186,0.07380059068128787,0.0,0.08753872209761684,0.11044070878030116,0.1213324181810822
2018-03-22,风险平价策略,-1.0,0.0,0.0,0.0,0.0,0.46594575572916885,0.0,0.06673101094327999,0.07906127755607228,0.10542916214007139,0.0,0.12505909407238858,0.15777369955901885,0.11333268572287353
2018-03-23,风险平价策略,-1.0,0.0,0.0,0.0,0.0,0.47889978193694255,0.0,0.05921940726847964,0.07294499795344876,0.09644414307645154,0.0,0.12936923856245164,0.16312243120222586,0.11200658545667083
2018-03-26,风险平价策略,-1.0,0.0,0.0,0.0,0.0,0.4684432383574144,0.0,0.0554990913268473,0.07452431536401757,0.10033130179480133,0.0,0.13401937676749742,0.16718267638942189,0.11380481570340276
2018-03-27,风险平价策略,-1.0,0.0,0.0,0.0,0.0,0.45042301772747323,0.0,0.05442328877353177,0.07378862153699194,0.09114608559237163,0.060948190210942596,0.11831671172116039,0.1509540844375285,0.12442105267733426
2018-03-28,风险平价策略,-1.0,0.0,0.0,0.0,0.0,0.4701648151494055,0.0,0.05517527444107568,0.07393829454549321,0.08711775388291455,0.05091289618989781,0.11848963705408276,0.14420132873713046,0.11929446122087622
2018-03-29,风险平价策略,-1.0,0.0,0.0,0.0,0.0,0.4784338733207772,0.0,0.05820563398080784,0.07765500818875169,0.08802989286172934,0.05351712145559503,0.11404053816265491,0.130117932029684,0.11704740116189001
2018-03-30,风险平价策略,-1.0,0.0,0.0,0.0,0.0,0.47786383237978897,0.0,0.058321960353288634,0.0774697491103811,0.08818616209830095,0.053608297853927414,0.1142108419145095,0.13033915628980336,0.117161945403681
2018-04-02,风险平价策略,-1.0,0.0,0.0,0.0,0.0,0.4779671264229131,0.0,0.05833595520814267,0.07749600209569667,0.08823156751765199,0.05328778413410439,0.114268144976705,0.1304134196447861,0.11710436507761313
2018-04-03,风险平价策略,-1.0,0.0,0.0,0.0,0.0,0.4648033434680223,0.0,0.060470993886514016,0.0804486978272885,0.09163162706937349,0.048534378194084,0.1178057866958837,0.13630517285883403,0.11875581255574776
2018-04-04,风险平价策略,-1.0,0.0,0.0,0.0,0.0,0.46772448396555605,0.0,0.060727110301146504,0.07963169239515101,0.08832074145312767,0.04862028347580458,0.11881212162137181,0.13616356678784247,0.1182949118012099
2018-04-09,风险平价策略,-1.0,0.0,0.0,0.0,0.0,0.4685787819583149,0.0,0.060871734660041255,0.0798251713803033,0.08775323272252078,0.048738513545870686,0.11911951445447587,0.13511305127847317,0.11805753964997451
2018-04-10,风险平价策略,-1.0,0.0,0.0,0.0,0.0,0.4452754063528415,0.0,0.06688093937257687,0.08734997016600674,0.09639380553424662,0.053555294877684206,0.10117465064616545,0.14936993305047838,0.12430975782481074
2018-04-11,风险平价策略,-1.0,0.0,0.0,0.0,0.0,0.44532644090311274,0.0,0.06688165692058823,0.08734668404717037,0.09638347840710319,0.053552803223216726,0.10113735669005171,0.14937157980875707,0.1243036826542148
2018-04-12,风险平价策略,-1.0,0.0,0.0,0.0,0.0,0.4485913316793572,0.0,0.06546385113132674,0.0866541663205879,0.09716430748892174,0.05381371032873931,0.09801957954709588,0.15029305350397132,0.12411658598483799
2018-04-13,风险平价策略,-1.0,0.0,0.0,0.0,0.0,0.45239468860842,0.0,0.06596547753032053,0.0879203998652111,0.09653243883004843,0.054081306743843885,0.09939544965298952,0.14371023876916653,0.12280841566788911
2018-04-16,风险平价策略,-1.0,0.0,0.0,0.0,0.0,0.4541625083372006,0.0,0.06604957495120636,0.08809229406091772,0.09684163549124071,0.053628151127130166,0.09706857963884272,0.1441572563934618,0.1226237952877813
2018-04-17,风险平价策略,-1.0,0.0,0.0,0.0,0.0,0.4541323811496761,0.0,0.0660505520938087,0.08809615860593842,0.0968470916396439,0.053628759278806205,0.09707335328816809,0.14417170394395848,0.12262960482042912
2018-04-18,风险平价策略,-1.0,0.0,0.0,0.0,0.0,0.4561935418961629,0.0,0.06626553096442422,0.08830462557812262,0.0972139804037689,0.05379216319653698,0.09398501167791327,0.1442451462830713,0.12248262496313281
2018-04-19,风险平价策略,-1.0,0.0,0.0,0.0,0.0,0.44567135792674273,0.0,0.06774489089312252,0.09027811898068153,0.09919001202658011,0.05500695826230224,0.0945982058337329,0.14751045607683802,0.12449068867633248
2018-04-20,风险平价策略,-1.0,0.0,0.0,0.0,0.0,0.46448852807227947,0.0,0.06708128784281413,0.07045326135878009,0.09870134226191837,0.05526845920021642,0.1006839162565293,0.14332320500746218,0.12130228271809566
2018-04-23,风险平价策略,-1.0,0.0,0.0,0.0,0.0,0.4473421954009566,0.0,0.07103127008764411,0.07441315473852078,0.10425958003838984,0.05860396029861455,0.10064962666466382,0.14370021277121037,0.12425256980163843
2018-04-24,风险平价策略,-1.0,0.0,0.0,0.0,0.0,0.46082728894389824,0.0,0.07092660913157126,0.056952737281693505,0.10924474157777106,0.060253129548798245,0.09928139206362353,0.14251410145264407,0.12264451454856774
2018-04-25,风险平价策略,-1.0,0.0,0.0,0.0,0.0,0.43114655714783817,0.0,0.07625438852702075,0.06091878154439541,0.11384231058246144,0.05849568964111853,0.10714862529795491,0.15219364725921078,0.12734172714561207
2018-04-26,风险平价策略,-1.0,0.0,0.0,0.0,0.0,0.4336896777899091,0.0,0.07674847645187921,0.06085570587210832,0.11230565003442597,0.05879530315259132,0.10445598665467629,0.15314920004440982,0.12722642290881003
2018-04-27,风险平价策略,-1.0,0.0,0.0,0.0,0.0,0.42743820122761506,0.0,0.07794311820001883,0.0618748120604744,0.11424653275978612,0.059916077183007795,0.10537154081031275,0.15320971775878503,0.1282489004178959
2018-05-02,风险平价策略,-1.0,0.0,0.0,0.0,0.0,0.4244058096284719,0.0,0.07707829797162115,0.0622741806825602,0.11609774250121406,0.06061447630606096,0.10699717441457947,0.1525323184954921,0.12865847232115984
2018-05-03,风险平价策略,-1.0,0.0,0.0,0.0,0.0,0.42461714276192375,0.0,0.07693127374539162,0.06231965309957524,0.11586762914631905,0.06064942436091062,0.10697618985275838,0.1526386870331213,0.128646626664741
2018-05-04,风险平价策略,-1.0,0.0,0.0,0.0,0.0,0.42541643888016567,0.0,0.07705079829371651,0.062398773986004935,0.11564366218683086,0.060709072255722404,0.10588808240925045,0.1528931719883091,0.1286092071002811
2018-05-07,风险平价策略,-1.0,0.0,0.0,0.0,0.0,0.39998506458046224,0.0,0.0807587160157271,0.0664286598196129,0.12348695825560567,0.06507956311433878,0.10005640643795657,0.1642046317762967,0.13435247958250476
2018-05-08,风险平价策略,-1.0,0.0,0.0,0.0,0.0,0.37892218681365214,0.0,0.08603311630360634,0.07032668369037395,0.1312474430718677,0.06935884325268746,0.09061483676424557,0.17349689010356686,0.1393565758408063
2018-05-09,风险平价策略,-1.0,0.0,0.0,0.0,0.0,0.37398352715424404,0.0,0.08396442941538312,0.069762598711954,0.13329572280612603,0.07090755742249931,0.09274299461812753,0.17534316987166612,0.14044928079589436
2018-05-10,风险平价策略,-1.0,0.0,0.0,0.0,0.0,0.37399170245437297,0.0,0.08396159074590792,0.06975640569314209,0.13329882961902834,0.07090805354939982,0.09273681791258592,0.1753466000255629,0.1404488844984439
2018-05-11,风险平价策略,-1.0,0.0,0.0,0.0,0.0,0.37725972527865076,0.0,0.08448774787029445,0.07008802518025786,0.1343964289479238,0.06874471693680881,0.08821260341715915,0.17681075236890512,0.13998396826850465
2018-05-14,风险平价策略,-1.0,0.0,0.0,0.0,0.0,0.3824084154381802,0.0,0.08501973636805375,0.0697555949955739,0.13551070406632054,0.06624280383184344,0.08318312828954544,0.17787961701048285,0.13917887976217544
2018-05-15,风险平价策略,-1.0,0.0,0.0,0.0,0.0,0.38322459708695006,0.0,0.08392167985787571,0.07079303750079963,0.13754986576842215,0.06717094202411301,0.08406595540467596,0.1732739223571635,0.1386584207955234
2018-05-16,风险平价策略,-1.0,0.0,0.0,0.0,0.0,0.3995142949248051,0.0,0.08421929783941474,0.07288529264828539,0.14162850282011613,0.0694096911426684,0.07641894804670446,0.15592397257800572,0.13500571406413897
2018-05-17,风险平价策略,-1.0,0.0,0.0,0.0,0.0,0.39257454108197326,0.0,0.08657796678099196,0.07474557730186457,0.14263351224468743,0.07133129915608301,0.07868973265642783,0.1534473707779721,0.1358947724550176
2018-05-18,风险平价策略,-1.0,0.0,0.0,0.0,0.0,0.3932995250302306,0.0,0.0867462870783898,0.07450340725579539,0.14210485700245182,0.07145032874340732,0.07813820225928851,0.1537573926304366,0.1358644063377623
2018-05-21,风险平价策略,-1.0,0.0,0.0,0.0,0.0,0.39571938048067634,0.0,0.08735226457611578,0.07377124664479603,0.14309980393769003,0.0701684733343506,0.0781609006072884,0.15172793041908283,0.135098362040053
2018-05-22,风险平价策略,-1.0,0.0,0.0,0.0,0.0,0.4009072337121555,0.0,0.08945457819049879,0.07193293907925945,0.1323223405107647,0.07148832941989651,0.0792885901899336,0.15460598889749147,0.13481294052315107
2018-05-23,风险平价策略,-1.0,0.0,0.0,0.0,0.0,0.40113095098845464,0.0,0.08951845337856623,0.07194145129765744,0.13190074082697542,0.07146814172598524,0.07932119421232676,0.15471906757003426,0.13478788398302033
2018-05-24,风险平价策略,-1.0,0.0,0.0,0.0,0.0,0.3990280223112565,0.0,0.08849209362634405,0.0724325716209,0.13254624650143157,0.07190117592702257,0.0798373671440809,0.15576252286896447,0.13525724933127162
2018-05-25,风险平价策略,-1.0,0.0,0.0,0.0,0.0,0.40155238056357884,0.0,0.0888112086488873,0.072647081772237,0.13320118779690793,0.06875611049643185,0.07835849365810564,0.15667353706385148,0.13457348781923406
2018-05-28,风险平价策略,-1.0,0.0,0.0,0.0,0.0,0.4012483593188591,0.0,0.10177506775492685,0.08137085796938777,0.10633388517386969,0.05895385786383323,0.08921472280767105,0.16110324911145227,0.1329833758110502
2018-05-29,风险平价策略,-1.0,0.0,0.0,0.0,0.0,0.4013500428459944,0.0,0.10183797835555282,0.08106244959142185,0.10638478584695912,0.058967472243705306,0.08923561624961607,0.16116165486675044,0.13297871772977476
2018-05-30,风险平价策略,-1.0,0.0,0.0,0.0,0.0,0.41036522891937355,0.0,0.09072648058339114,0.08202694102578853,0.10673631521135682,0.05993428332416758,0.08517986440945866,0.16503088652646383,0.13250585303075688
2018-05-31,风险平价策略,-1.0,0.0,0.0,0.0,0.0,0.3868597980752626,0.0,0.09558023490085686,0.0826811692009892,0.11207402562921594,0.06306429116708036,0.08576122898520722,0.17397925204138792,0.13728962747827492
2018-06-01,风险平价策略,-1.0,0.0,0.0,0.0,0.0,0.38710127838852815,0.0,0.09566604078227281,0.08275726907861373,0.1121565835426102,0.06312508184475887,0.08585472010948787,0.1733390262537283,0.13718794789529898
2018-06-04,风险平价策略,-1.0,0.0,0.0,0.0,0.0,0.378707551151074,0.0,0.09867408471334092,0.08499317066664036,0.11608499693661682,0.06332819645407765,0.08891937187454803,0.1692926282037024,0.13781537622483148
2018-06-05,风险平价策略,-1.0,0.0,0.0,0.0,0.0,0.3793306473940207,0.0,0.10183018211782235,0.08758928943747549,0.11182850000941846,0.06255575993346739,0.08577570562958094,0.17108991547821453,0.13787508787975447
2018-06-06,风险平价策略,-1.0,0.0,0.0,0.0,0.0,0.3793183272813814,0.0,0.10184693447179001,0.08760644742745076,0.1117997981575449,0.06249847002578689,0.0857937706220148,0.17113625201403107,0.13787231612573814
2018-06-07,风险平价策略,-1.0,0.0,0.0,0.0,0.0,0.37899262639835385,0.0,0.1023890463625501,0.08799158273290511,0.11232041358341198,0.06283079840506685,0.0842521403954269,0.17122339212228535,0.1380313701596785
2018-06-08,风险平价策略,-1.0,0.0,0.0,0.0,0.0,0.39738880375910907,0.0,0.0991758429799343,0.08211202512952455,0.11122110013287372,0.06499987997446052,0.06732936342180501,0.1777729846022928,0.13717758053938367
2018-06-11,风险平价策略,-1.0,0.0,0.0,0.0,0.0,0.3973879835577518,0.0,0.0991739881742992,0.08211411458360057,0.1112207416401087,0.06498012448117174,0.06732909525767576,0.17779395230539236,0.1371770509720089
2018-06-12,风险平价策略,-1.0,0.0,0.0,0.0,0.0,0.3795148953869499,0.0,0.1007043502509616,0.08442502925918136,0.11524248411676188,0.06745429372199391,0.07000680127071149,0.18265214599343974,0.1405286544405398
2018-06-13,风险平价策略,-1.0,0.0,0.0,0.0,0.0,0.3935848719102022,0.0,0.09652296038517111,0.07763044549671641,0.11006605055524263,0.06278610298015172,0.07272352509981304,0.18668604357270288,0.13823309875022938
2018-06-14,风险平价策略,-1.0,0.0,0.0,0.0,0.0,0.39362048778482606,0.0,0.09654520176114938,0.07749811179754419,0.11008890413615524,0.06279601414571138,0.07273547143325786,0.18671580894135578,0.1382333183836888
2018-06-15,风险平价策略,-1.0,0.0,0.0,0.0,0.0,0.3960016412652114,0.0,0.09757626687026842,0.07397758740615015,0.10933199161061606,0.06287771519996295,0.07221878103009093,0.18801601661770007,0.138088891340518
2018-06-19,风险平价策略,-1.0,0.0,0.0,0.0,0.0,0.46969099202437387,0.0,0.06332845435190906,0.06758417601043214,0.08103974258032005,0.06392944946015552,0.08656082850396586,0.16786635706884345,0.12517796340927984
2018-06-20,风险平价策略,-1.0,0.0,0.0,0.0,0.0,0.4432955982882278,0.0,0.0675751006928954,0.07205611386471729,0.08645182765407425,0.0685808918429304,0.09140078358570738,0.17063968407144736,0.1297272937835013
2018-06-21,风险平价策略,-1.0,0.0,0.0,0.0,0.0,0.4489690972850335,0.0,0.06736505193367304,0.07261684487876424,0.08760856084681848,0.06698678008290385,0.08826018842686953,0.16819347654593741,0.1285185538209597
2018-06-22,风险平价策略,-1.0,0.0,0.0,0.0,0.0,0.4508612515913448,0.0,0.06753594580550705,0.07282915288242801,0.08777668659359167,0.06691463655782565,0.08541467843505414,0.16866764813424873,0.1283955171734147
2018-06-25,风险平价策略,-1.0,0.0,0.0,0.0,0.0,0.4402557058594678,0.0,0.06823011360902018,0.07325981125795449,0.08969641097838679,0.06839437218193029,0.08740480817665247,0.17275877793658814,0.1305144524749556
2018-06-26,风险平价策略,-1.0,0.0,0.0,0.0,0.0,0.44044212782510395,0.0,0.06824086148978217,0.07274239847763282,0.08979624098136058,0.06843903194821661,0.08745583657027546,0.17288350270762848,0.1305108654929464
2018-06-27,风险平价策略,-1.0,0.0,0.0,0.0,0.0,0.4404571248034194,0.0,0.06817899516703244,0.07275130948561136,0.08980605856360023,0.06844425757336672,0.08745991791355506,0.17290233649341485,0.13051191279071622
2018-06-28,风险平价策略,-1.0,0.0,0.0,0.0,0.0,0.4416587016260095,0.0,0.06840052314765517,0.07295939147377066,0.0894483648540142,0.0686619667706356,0.08732052246865146,0.17155052965926346,0.13022292149738263
2018-06-29,风险平价策略,-1.0,0.0,0.0,0.0,0.0,0.44165601845601726,0.0,0.06840030007002092,0.07295719235828875,0.08945438094491791,0.06866256417669793,0.08731844610842024,0.17155109788563697,0.13022356994918236
2018-07-02,风险平价策略,-1.0,0.0,0.0,0.0,0.0,0.44321740720009595,0.0,0.06715359500082176,0.07040472431379582,0.08964866885236637,0.06908781564386104,0.0877481423607682,0.17273964662829078,0.13021250054410033
2018-07-03,风险平价策略,-1.0,0.0,0.0,0.0,0.0,0.4314679505461648,0.0,0.0690898738927236,0.07249003597826434,0.0921417516853347,0.07124146154861963,0.08642014139821796,0.17714878495067515,0.13273712799303475
2018-07-04,风险平价策略,-1.0,0.0,0.0,0.0,0.0,0.4340040473730616,0.0,0.06005968670975407,0.073474932571198,0.09536860782762567,0.0672249200293225,0.08436662238304951,0.18550118310598868,0.13284827018883172
2018-07-05,风险平价策略,-1.0,0.0,0.0,0.0,0.0,0.4347626208230808,0.0,0.0583697173714063,0.07334870717638806,0.0951865291915492,0.06750566347962832,0.08460068789039465,0.18622607406755265,0.1328689258889346
2018-07-06,风险平价策略,-1.0,0.0,0.0,0.0,0.0,0.42358320390008164,0.0,0.05894183252974244,0.07564408677487401,0.09803723625416878,0.0684926892418506,0.08259794050825138,0.1927030107910311,0.13540189319440296
2018-07-09,风险平价策略,-1.0,0.0,0.0,0.0,0.0,0.4216309841136562,0.0,0.05916243990778122,0.07592364560454443,0.09839284050926798,0.06877083831189987,0.08296277734869852,0.1931564742041518,0.13575697326369035
2018-07-10,风险平价策略,-1.0,0.0,0.0,0.0,0.0,0.42766293767469565,0.0,0.058964696828978896,0.07682132188078936,0.09957480680675015,0.06962359621821466,0.08005903026080287,0.18729361032976818,0.134474489208646
2018-07-11,风险平价策略,-1.0,0.0,0.0,0.0,0.0,0.43231675304231953,0.0,0.05154522542632929,0.07318433467244617,0.09901278505446844,0.07119565503093442,0.08134931474165512,0.1913959320318471,0.13454570339635308
2018-07-12,风险平价策略,-1.0,0.0,0.0,0.0,0.0,0.43764796371669606,0.0,0.05368215242386919,0.07606720149144446,0.10267507048549253,0.06105645352251486,0.08098647808246973,0.18788468027751332,0.13182987545753086
2018-07-13,风险平价策略,-1.0,0.0,0.0,0.0,0.0,0.44247797064579386,0.0,0.05341768725837651,0.0749431437557091,0.10103863906674643,0.06111114747904396,0.07835254597846278,0.18865886581586724,0.1313421314686825
2018-07-16,风险平价策略,-1.0,0.0,0.0,0.0,0.0,0.4425135362167812,0.0,0.05343083355234116,0.07484206685624618,0.1010575194902949,0.061116826706461444,0.07835401328084687,0.1886852038970283,0.13134154414788932
2018-07-17,风险平价策略,-1.0,0.0,0.0,0.0,0.0,0.44720677934814784,0.0,0.05458766038353912,0.0764256168964188,0.09766802014926308,0.05575406081065759,0.07986339014397727,0.18849447226799634,0.12974784968703815
2018-07-18,风险平价策略,-1.0,0.0,0.0,0.0,0.0,0.46061256442248205,0.0,0.053584354199397985,0.07716498659037874,0.10118153237198374,0.05752969501428781,0.08049020383511933,0.16943666356635045,0.1259515638418793
2018-07-19,风险平价策略,-1.0,0.0,0.0,0.0,0.0,0.4606384648842377,0.0,0.05358264446087965,0.07716765696628586,0.10117061632678458,0.05752720794177072,0.08048256290762486,0.16943084651241658,0.1259470913688403
2018-07-20,风险平价策略,-1.0,0.0,0.0,0.0,0.0,0.39240793228450443,0.0,0.05950048960217071,0.08602668764809822,0.11316971826533266,0.06495544804204077,0.09193819243548831,0.19200153172236492,0.13883153604459092
2018-07-23,风险平价策略,-1.0,0.0,0.0,0.0,0.0,0.3925258747637803,0.0,0.05951659270642217,0.08604749438580366,0.113258345653627,0.06468312494560234,0.09187854460741499,0.19209002293734964,0.13878533676898183
2018-07-24,风险平价策略,-1.0,0.0,0.0,0.0,0.0,0.38168010609290026,0.0,0.06063563251448235,0.08765030544026216,0.11533765756968875,0.0659695022060893,0.0938556867460713,0.19487110943050573,0.14075054513540816
2018-07-25,风险平价策略,-1.0,0.0,0.0,0.0,0.0,0.3816977172913945,0.0,0.06064370914819254,0.08765210383935737,0.1152785932893178,0.06597470261805542,0.09386775684052573,0.19488541697315653,0.14074976384900678
2018-07-26,风险平价策略,-1.0,0.0,0.0,0.0,0.0,0.38176525407393214,0.0,0.060671890696925156,0.08742051494575484,0.11532853186555828,0.06598892987083615,0.09388926904717614,0.19493560949981717,0.1407487998665713
2018-07-27,风险平价策略,-1.0,0.0,0.0,0.0,0.0,0.3832136949440687,0.0,0.06078998409537825,0.08773458810396713,0.11575674922680534,0.06624505627215506,0.09290891020584738,0.19335101715177813,0.14043778243040156
2018-07-30,风险平价策略,-1.0,0.0,0.0,0.0,0.0,0.38284278056472365,0.0,0.059458780590643495,0.0881134901272831,0.1161486724399985,0.06638515154922305,0.09314029784397271,0.19391082688415573,0.14057442588681754
2018-07-31,风险平价策略,-1.0,0.0,0.0,0.0,0.0,0.3831465053445523,0.0,0.059551506357447874,0.08826325650178292,0.11512562148297346,0.06650521941041908,0.09322558731981435,0.19418230358300984,0.14057242190934896
2018-08-01,风险平价策略,-1.0,0.0,0.0,0.0,0.0,0.3918364308637051,0.0,0.061116789420971256,0.0848150508956301,0.1187905198476199,0.0608206291557928,0.08525955197463778,0.1973610278416431,0.13914682447856092
2018-08-02,风险平价策略,-1.0,0.0,0.0,0.0,0.0,0.3896424945201325,0.0,0.060341920587446925,0.08330567596589503,0.1219188084088886,0.0621577620039844,0.08723208910710799,0.1954012494065445,0.1393938805000806
2018-08-03,风险平价策略,-1.0,0.0,0.0,0.0,0.0,0.39222229067658426,0.0,0.06038394391035234,0.08390234755415384,0.1226404020919147,0.062645758544331,0.08470224816645304,0.19350300905621068,0.13897900978842492
2018-08-06,风险平价策略,-1.0,0.0,0.0,0.0,0.0,0.3914445522248922,0.0,0.06045535981153744,0.08400808351098368,0.12278622690837576,0.06272456546784946,0.08481725199313904,0.19376396008322241,0.13912593584377175
2018-08-07,风险平价策略,-1.0,0.0,0.0,0.0,0.0,0.3863530326249578,0.0,0.06421437790070382,0.08927939320144683,0.10135988222673444,0.06678959649032985,0.08877045607678667,0.2032332614790406,0.1412671525515321
2018-08-08,风险平价策略,-1.0,0.0,0.0,0.0,0.0,0.3724446148229431,0.0,0.06721297886997717,0.09309895446403811,0.10702379352522423,0.06057369193016913,0.09382794573083125,0.2058180206568168,0.14236532974987504
2018-08-09,风险平价策略,-1.0,0.0,0.0,0.0,0.0,0.36108792547738383,0.0,0.06986107329461252,0.09686269459880768,0.10118179057671761,0.060898396758508645,0.09529317588614723,0.21481494340782245,0.14492768938003603
2018-08-10,风险平价策略,-1.0,0.0,0.0,0.0,0.0,0.36560879093860255,0.0,0.06901341480262257,0.08982710901042495,0.1031758275371165,0.05840313751932515,0.09693638089586203,0.21703533929604638,0.14415522279040158
2018-08-13,风险平价策略,-1.0,0.0,0.0,0.0,0.0,0.35524809599931856,0.0,0.07141809737701559,0.09299664475032615,0.10671855902441485,0.06081823039702053,0.08668600493694678,0.2261143675149574,0.1473727534475459
2018-08-14,风险平价策略,-1.0,0.0,0.0,0.0,0.0,0.36421231426774836,0.0,0.07222060132333946,0.09561137554451858,0.10961533005009151,0.0625775179450841,0.08901445719530296,0.206748403673915,0.14407926847057906
2018-08-15,风险平价策略,-1.0,0.0,0.0,0.0,0.0,0.350615342509057,0.0,0.06673025602799383,0.09210285625483129,0.1173642359165255,0.061857257446179495,0.09478877187175194,0.2165412799736611,0.1468790227525181
2018-08-16,风险平价策略,-1.0,0.0,0.0,0.0,0.0,0.35041803453887693,0.0,0.06664087945673856,0.10454051485966435,0.1479541049784173,0.060598826926748166,0.09385549491796623,0.1759921443215885,0.14217231116636714
2018-08-17,风险平价策略,-1.0,0.0,0.0,0.0,0.0,0.34796695041107145,0.0,0.06903543810589821,0.1064147327297272,0.14235431575304622,0.062268184711334384,0.09440762431497164,0.17755275397395093,0.14288501615327429
2018-08-20,风险平价策略,-1.0,0.0,0.0,0.0,0.0,0.3500546809165458,0.0,0.06931845918690507,0.10687116499974067,0.14278668906387063,0.061129019069062006,0.09121671712218896,0.17862326964168695,0.14264941886129173
2018-08-21,风险平价策略,-1.0,0.0,0.0,0.0,0.0,0.3500627602305259,0.0,0.06931575222853371,0.10686520379148423,0.14278291800306003,0.06112881365930539,0.0912170378888668,0.1786275141982239,0.14264875730151932
2018-08-22,风险平价策略,-1.0,0.0,0.0,0.0,0.0,0.35060294761422334,0.0,0.068641752038276,0.10636242718783866,0.1430303115061953,0.061249805188427583,0.09135977153094581,0.1787529849340931,0.142608439063453
2018-08-23,风险平价策略,-1.0,0.0,0.0,0.0,0.0,0.36192704418972943,0.0,0.0681424191971284,0.10796120047334731,0.1358173591336581,0.06321882221897596,0.07906167896609084,0.18387147582106986,0.14230576091030492
2018-08-24,风险平价策略,-1.0,0.0,0.0,0.0,0.0,0.36269019289381904,0.0,0.06978898917460226,0.1107196917654669,0.12291509136071226,0.0648066509091417,0.08100036200013205,0.1880790218961257,0.14277451078593534
2018-08-27,风险平价策略,-1.0,0.0,0.0,0.0,0.0,0.3659121280070317,0.0,0.07078578335979918,0.10949027686725332,0.12432972593701365,0.06527972521566228,0.0734414584995461,0.1907609021136937,0.14297798051158367
2018-08-28,风险平价策略,-1.0,0.0,0.0,0.0,0.0,0.3659307229781323,0.0,0.07072724720792425,0.10949804164409205,0.12433436828518467,0.0652864129519268,0.07344526324958545,0.19077794368315462,0.1429785174976033
2018-08-29,风险平价策略,-1.0,0.0,0.0,0.0,0.0,0.37271169709034235,0.0,0.07230060627950434,0.10733438228931586,0.12296901358524301,0.06495762346711016,0.0747047203785022,0.18502195690998213,0.14126832400123665
2018-08-30,风险平价策略,-1.0,0.0,0.0,0.0,0.0,0.3727587966237704,0.0,0.07229432939683815,0.1073578570994343,0.12285931665538033,0.06496662095617077,0.07471595853365717,0.1850471207347487,0.14126499070749224
2018-08-31,风险平价策略,-1.0,0.0,0.0,0.0,0.0,0.37376390704130835,0.0,0.07190978841822146,0.10649060462094502,0.12245818129647254,0.06517342409984726,0.07455979744471225,0.18564429707849311,0.14123472394444148
2018-09-03,风险平价策略,-1.0,0.0,0.0,0.0,0.0,0.36860811543032024,0.0,0.07160835553853226,0.10800370658392945,0.12638102788320393,0.0660491111546222,0.07703612779985566,0.18231355560953633,0.14163611531962705
2018-09-04,风险平价策略,-1.0,0.0,0.0,0.0,0.0,0.3766776078032159,0.0,0.0725510227904063,0.10957065754669616,0.10789458873445879,0.07124437049188995,0.08006285301004183,0.18199889962329088,0.14106455047710648
2018-09-05,风险平价策略,-1.0,0.0,0.0,0.0,0.0,0.3759383928818408,0.0,0.072730426048303,0.10444392996189318,0.10712058909087156,0.07146076764854263,0.08143835826282794,0.18686753610572102,0.14173419926042874
2018-09-06,风险平价策略,-1.0,0.0,0.0,0.0,0.0,0.37595761298791086,0.0,0.07273282973760808,0.10444610281925562,0.10711812922388979,0.07141672330026065,0.08144603305887643,0.1868825688721985,0.14172610653981016
2018-09-07,风险平价策略,-1.0,0.0,0.0,0.0,0.0,0.3760814194042534,0.0,0.0734673068972841,0.10456578892764905,0.10419617265564463,0.07078403919080042,0.08216579746350243,0.18873947546086597,0.14178017950890914
2018-09-10,风险平价策略,-1.0,0.0,0.0,0.0,0.0,0.36820170131710517,0.0,0.07466958961867141,0.10655318808640846,0.10650990560445096,0.0724816818994453,0.08397712359915258,0.187606809874766,0.14294844195914388
2018-09-11,风险平价策略,-1.0,0.0,0.0,0.0,0.0,0.3575873462196277,0.0,0.07911748336472893,0.11334076302935109,0.0857725712033535,0.07654038490645095,0.0886619409079953,0.1989795103684927,0.14604757857439524
2018-09-12,风险平价策略,-1.0,0.0,0.0,0.0,0.0,0.35998282434211787,0.0,0.07908842340751245,0.10894925134036222,0.08637298500175164,0.07722110427630682,0.08895355941106677,0.19943185222088228,0.14588464073221458
2018-09-13,风险平价策略,-1.0,0.0,0.0,0.0,0.0,0.3675709098539186,0.0,0.08069644881718184,0.10812571004138553,0.085058047499384,0.07676216688375363,0.07841201325201712,0.20337470365235935,0.14556305838683803
2018-09-14,风险平价策略,-1.0,0.0,0.0,0.0,0.0,0.3740966137501595,0.0,0.0798713764833221,0.1097658496396511,0.07830385091567879,0.07253023464166403,0.07931613164775937,0.20611594292176516,0.14423926239673057
2018-09-17,风险平价策略,-1.0,0.0,0.0,0.0,0.0,0.38259807682162916,0.0,0.07812499496585196,0.10561775587346982,0.07970345599857662,0.07435791864604221,0.08097145013587301,0.19862634755855732,0.1424495793753833
2018-09-18,风险平价策略,-1.0,0.0,0.0,0.0,0.0,0.3779334932952384,0.0,0.07963419483860316,0.10761596172054028,0.07643707297204104,0.07329643763241617,0.0824939786776387,0.20258886086352218,0.1433066230993433
2018-09-19,风险平价策略,-1.0,0.0,0.0,0.0,0.0,0.374433911932137,0.0,0.08018365984752442,0.10833060379161055,0.07618599648671848,0.0738557654954995,0.08295268806997338,0.2040573743765366,0.1440285086163938
2018-09-20,风险平价策略,-1.0,0.0,0.0,0.0,0.0,0.3650285691042031,0.0,0.07998897775407816,0.11025054791658259,0.07760385086593256,0.075171814677119,0.08402431367359459,0.2079319260084901,0.14595577373874194
2018-09-21,风险平价策略,-1.0,0.0,0.0,0.0,0.0,0.36520276538688196,0.0,0.08002357449128057,0.11030200579654324,0.07764282340876817,0.07471270020568548,0.08406293290523278,0.20805319780560783,0.14587258268928427
2018-09-25,风险平价策略,-1.0,0.0,0.0,0.0,0.0,0.3719310699068022,0.0,0.08168839562371241,0.10804534126776028,0.07529959172977795,0.07609411118795871,0.08531245366339334,0.2016290366205953,0.14435347005452254
2018-09-26,风险平价策略,-1.0,0.0,0.0,0.0,0.0,0.37211645359200146,0.0,0.08178565032250053,0.10742419876570004,0.07535037425156264,0.07615039819859001,0.08536950992112649,0.20180341494851892,0.14435717071555834
2018-09-27,风险平价策略,-1.0,0.0,0.0,0.0,0.0,0.37917300547147914,0.0,0.08063242367305402,0.10126629055583403,0.07669607117895538,0.07779877612569958,0.08696875021537467,0.1974646827796031,0.14311310858034293
2018-09-28,风险平价策略,-1.0,0.0,0.0,0.0,0.0,0.38645259690422623,0.0,0.08257718067595866,0.10162566549415894,0.07796941633764062,0.07939163422834455,0.08847282491974781,0.18351068143992336,0.14067835208303942
2018-10-08,风险平价策略,-1.0,0.0,0.0,0.0,0.0,0.38480994343832975,0.0,0.08244429831793675,0.10196006453639982,0.07824457439445105,0.07964743422746319,0.08875278347761614,0.18414090160780328,0.14101101754477202
2018-10-09,风险平价策略,-1.0,0.0,0.0,0.0,0.0,0.3852542573139891,0.0,0.08256113811629953,0.1021108104840421,0.07832361561926407,0.0797525382637707,0.08884777012821313,0.1831498700744215,0.14084686884609163
2018-10-10,风险平价策略,-1.0,0.0,0.0,0.0,0.0,0.38610129393349313,0.0,0.08303581732218543,0.0992111808060161,0.07855987646582664,0.08001397174933522,0.08911245915867456,0.18396540056446897,0.14086663385650638
2018-10-11,风险平价策略,-1.0,0.0,0.0,0.0,0.0,0.4202362182952273,0.0,0.07406971070529793,0.08639952632291488,0.07126006834172684,0.05613636344129723,0.09050520255880899,0.20139291033472684,0.1344145225275721
2018-10-12,风险平价策略,-1.0,0.0,0.0,0.0,0.0,0.42095525178221704,0.0,0.07481430086970496,0.08727292333030304,0.07119007454354136,0.05652064792090572,0.08591262727420144,0.2033341742791264,0.13474896751745016
2018-10-15,风险平价策略,-1.0,0.0,0.0,0.0,0.0,0.41634197971605985,0.0,0.07501499864186642,0.08466378057763507,0.07210388778112381,0.05766909423443004,0.08662939560124745,0.20757686344763732,0.13605226843933102
2018-10-16,风险平价策略,-1.0,0.0,0.0,0.0,0.0,0.4242577144839796,0.0,0.07287892705000683,0.08671828110098875,0.06726478027104461,0.05290620089813254,0.08666888857341457,0.20930520762243318,0.13437940674856397
2018-10-17,风险平价策略,-1.0,0.0,0.0,0.0,0.0,0.424076239056597,0.0,0.0736151334339676,0.08755935259761827,0.06674011909002883,0.05342999124394937,0.08744440387657171,0.2071347607012673,0.13419874668514653
2018-10-18,风险平价策略,-1.0,0.0,0.0,0.0,0.0,0.43834365069289405,0.0,0.07478116526881141,0.08120332362820173,0.056359443586318815,0.0495409804836758,0.08677756245643758,0.2129938738836606,0.13226969646205677
2018-10-19,风险平价策略,-1.0,0.0,0.0,0.0,0.0,0.4322944097893244,0.0,0.07575474735544248,0.08220177771747596,0.05653255347880337,0.04967696850982701,0.08785774111655476,0.2156818020325721,0.1333999791852136
2018-10-22,风险平价策略,-1.0,0.0,0.0,0.0,0.0,0.4251221499280531,0.0,0.07872390327459215,0.08536129878978975,0.057116829859768486,0.05173785686454481,0.08061709583643836,0.2213208654468134,0.13559772613516216
2018-10-23,风险平价策略,-1.0,0.0,0.0,0.0,0.0,0.4260170786655279,0.0,0.07712550474597064,0.08574946476204617,0.0573064461267683,0.05109478029656868,0.08077771277572726,0.22192901262739106,0.13544407382088752
2018-10-24,风险平价策略,-1.0,0.0,0.0,0.0,0.0,0.42764879471702755,0.0,0.07779499322858616,0.08641365256432658,0.05711799457618773,0.04724775894026173,0.08115722311964563,0.22261958285396466,0.13467786733829143
2018-10-25,风险平价策略,-1.0,0.0,0.0,0.0,0.0,0.4336147726013484,0.0,0.07355334140434372,0.08791758605793547,0.052622372824833626,0.048149248360737,0.07932800132321771,0.22481467742758404,0.13429003041639778
2018-10-26,风险平价策略,-1.0,0.0,0.0,0.0,0.0,0.4342695392731396,0.0,0.07371105079825223,0.08709696873216465,0.05270602698848739,0.048233361474532645,0.07944293197592614,0.22454012075749738,0.13417953683555817
2018-10-29,风险平价策略,-1.0,0.0,0.0,0.0,0.0,0.43826482598241645,0.0,0.07430333812210739,0.08779165813999183,0.05312250948427257,0.04809676000270369,0.07610623973432457,0.2223146685341835,0.1334555282197214
2018-10-30,风险平价策略,-1.0,0.0,0.0,0.0,0.0,0.4428615065320312,0.0,0.07535889451172373,0.08551922268335392,0.054126865345703386,0.049022465888143116,0.07325394521779231,0.2198570998212522,0.1327837934357522
2018-10-31,风险平价策略,-1.0,0.0,0.0,0.0,0.0,0.4696235468990102,0.0,0.07180656480171588,0.08387274792418442,0.05737352318498825,0.04869090964349722,0.07706179942605469,0.1915709081205494,0.12564175693512736
2018-11-01,风险平价策略,-1.0,0.0,0.0,0.0,0.0,0.48227588182240216,0.0,0.07014356622894376,0.0814510655447643,0.05434319363192527,0.04437476831364954,0.07070612930115376,0.19670539515716137,0.12401961436030368
2018-11-02,风险平价策略,-1.0,0.0,0.0,0.0,0.0,0.42207669795841535,0.0,0.08552587888835886,0.09896636375668261,0.057639141363313086,0.04554689001989381,0.053463591624677384,0.2367814363886588,0.1376934042103288
2018-11-05,风险平价策略,-1.0,0.0,0.0,0.0,0.0,0.42241733397219383,0.0,0.08552790430642535,0.09816616142020848,0.05771146030666195,0.0455278634958643,0.05351185045338039,0.23713742604526558,0.1376863682879892
2018-11-06,风险平价策略,-1.0,0.0,0.0,0.0,0.0,0.4229709902109723,0.0,0.08527694935982404,0.09832834525878925,0.05709296414586834,0.0454272168738784,0.05359039038917419,0.23731314376149357,0.137608066202502
2018-11-07,风险平价策略,-1.0,0.0,0.0,0.0,0.0,0.42641826617853956,0.0,0.08440334863703296,0.0992869070604081,0.05372349050610963,0.04380004145126964,0.05409110748273537,0.23827683868390465,0.1369492630207479
2018-11-08,风险平价策略,-1.0,0.0,0.0,0.0,0.0,0.43176101339537504,0.0,0.084619550935713,0.10042803446662266,0.05421244426975505,0.044258583293565114,0.052725485187402145,0.23199488845156704,0.13559338301985835
2018-11-09,风险平价策略,-1.0,0.0,0.0,0.0,0.0,0.4333876075528128,0.0,0.08574601646192766,0.10165298630348134,0.05251643560369267,0.043351432705790886,0.05406615716235703,0.22927936420993758,0.13484560555965555
2018-11-12,风险平价策略,-1.0,0.0,0.0,0.0,0.0,0.44234405633206636,0.0,0.08642125151988657,0.10367189042355261,0.05412384221761266,0.04480918824349876,0.055524396986742976,0.21310537427664003,0.1319011739399015
2018-11-13,风险平价策略,-1.0,0.0,0.0,0.0,0.0,0.45151895878848636,0.0,0.08866591530037717,0.10403217147718598,0.054192378882297165,0.04158432794053498,0.05531199339395784,0.2046942542171605,0.12914430752710343
2018-11-14,风险平价策略,-1.0,0.0,0.0,0.0,0.0,0.46626449835090383,0.0,0.08676863996785616,0.0985047887731464,0.04870669592290248,0.0369516117828606,0.052694585434776904,0.21010917976755367,0.12708588157617784
2018-11-15,风险平价策略,-1.0,0.0,0.0,0.0,0.0,0.46668026806285956,0.0,0.08679894793727,0.09855178397889007,0.04875956765466378,0.03673654796672679,0.05231687621459394,0.21015600818499594,0.1270128218584986
2018-11-16,风险平价策略,-1.0,0.0,0.0,0.0,0.0,0.46670682439574684,0.0,0.08681946000486712,0.0984704119139354,0.048765572363193094,0.03673852725016174,0.05232002662824853,0.21017917744384726,0.1270122992846462
2018-11-19,风险平价策略,-1.0,0.0,0.0,0.0,0.0,0.4625613129794276,0.0,0.08762281138851441,0.09936062377119816,0.04930328001527873,0.037025154071200654,0.05191536670976622,0.2122114510646141,0.12787919332578285
2018-11-20,风险平价策略,-1.0,0.0,0.0,0.0,0.0,0.4608102813797078,0.0,0.08808430760360969,0.09565314221042949,0.04683216059840179,0.036498922657700376,0.05367511736065073,0.21844606818950008,0.128702035906876
2018-11-21,风险平价策略,-1.0,0.0,0.0,0.0,0.0,0.46766534624174916,0.0,0.08749999085957712,0.09788089690215655,0.04260391764175507,0.03312054648609923,0.05468706190277559,0.21654223996588742,0.12693496181038055
2018-11-22,风险平价策略,-1.0,0.0,0.0,0.0,0.0,0.45252051077273564,0.0,0.09057557249198296,0.10120464194647232,0.04248791996405525,0.033621798435820006,0.05596497644894858,0.2236245799399852,0.1298700982943822
2018-11-23,风险平价策略,-1.0,0.0,0.0,0.0,0.0,0.45904204825795075,0.0,0.0894007468184949,0.10075600270543636,0.03968741572734321,0.03213654374455052,0.05370914766397572,0.22526809508224854,0.1289889416215287
2018-11-26,风险平价策略,-1.0,0.0,0.0,0.0,0.0,0.44447337262966885,0.0,0.09282167447440308,0.10686686554569017,0.0405487602938309,0.030479348807711703,0.05013311543696185,0.2346768628117335,0.13193550818146607
2018-11-27,风险平价策略,-1.0,0.0,0.0,0.0,0.0,0.450607800842381,0.0,0.08981399353981925,0.10663422092731287,0.039664929392520025,0.03093616760864719,0.050656717004152405,0.2316861706851673,0.13079702196968285
2018-11-28,风险平价策略,-1.0,0.0,0.0,0.0,0.0,0.4566052297909204,0.0,0.09159176590089797,0.10498553770070786,0.0401889868188637,0.031376702268716736,0.051314190454891676,0.22393758706500172,0.12911354094356253
2018-11-29,风险平价策略,-1.0,0.0,0.0,0.0,0.0,0.4578794755478397,0.0,0.09203203672570676,0.1044421891512793,0.040064330908451004,0.029645959084245794,0.05157995679774492,0.22435605178473247,0.12870559507384102
2018-11-30,风险平价策略,-1.0,0.0,0.0,0.0,0.0,0.4512258690991645,0.0,0.09402295874181137,0.10283782750171618,0.0408947081891733,0.03024589096327814,0.05252466215872333,0.2282480833461333,0.13014682744440334
2018-12-03,风险平价策略,-1.0,0.0,0.0,0.0,0.0,0.45327697762339836,0.0,0.09456892022927521,0.10342598861013429,0.04105782961313215,0.030376159165931563,0.05274983644265535,0.2245442883154732,0.12944119128809875
2018-12-04,风险平价策略,-1.0,0.0,0.0,0.0,0.0,0.4572460751371245,0.0,0.08905201935214316,0.10406693355247613,0.0414622984772664,0.030662143213740545,0.05093704809994398,0.22657348216730516,0.12925305217253763
2018-12-05,风险平价策略,-1.0,0.0,0.0,0.0,0.0,0.45759844281347145,0.0,0.08741361289039645,0.1017227464234402,0.042078370099075925,0.030132639015730555,0.05153832282274984,0.22951586593513557,0.12946197039122279
2018-12-06,风险平价策略,-1.0,0.0,0.0,0.0,0.0,0.4616341856771014,0.0,0.0849613189159463,0.09711993753316071,0.04170132645440231,0.030156578770509965,0.05191104888455198,0.23251560376432734,0.12926599178659967
2018-12-07,风险平价策略,-1.0,0.0,0.0,0.0,0.0,0.46167594985228544,0.0,0.0851032650407961,0.0972704178802058,0.041830894598039965,0.02953711553732964,0.05187659534346878,0.23270576174787416,0.12918638775133542
2018-12-10,风险平价策略,-1.0,0.0,0.0,0.0,0.0,0.46575574782002804,0.0,0.08327007881674994,0.09783088188843002,0.03927328920137616,0.029913752036474825,0.05032922775254994,0.23362702248439124,0.12882727312769643
2018-12-11,风险平价策略,-1.0,0.0,0.0,0.0,0.0,0.4663390460463033,0.0,0.08440392053661362,0.09914871817122076,0.03861437513434183,0.02907142319902924,0.051044250271767254,0.23137826664072397,0.128315864735671
2018-12-12,风险平价策略,-1.0,0.0,0.0,0.0,0.0,0.47332740348505115,0.0,0.08598256774888847,0.09835797256075567,0.039162267495084786,0.029520788442633106,0.05175134006278224,0.22189766020480448,0.1262909283779833
2018-12-13,风险平价策略,-1.0,0.0,0.0,0.0,0.0,0.41293485611687775,0.0,0.09668620207368356,0.11078639369808636,0.04437817479685953,0.03260573292861359,0.05948305530017695,0.24312558508570237,0.13730507199204728
2018-12-14,风险平价策略,-1.0,0.0,0.0,0.0,0.0,0.41113512012868464,0.0,0.09328850048723199,0.11298978973046785,0.04616870097723912,0.03379264528304355,0.05759060520140113,0.24503463819193178,0.13804170746467673
2018-12-17,风险平价策略,-1.0,0.0,0.0,0.0,0.0,0.39801088612315016,0.0,0.09573984780295738,0.1159170032658367,0.04748014221779614,0.034135989646274394,0.058690084818355935,0.2500260461256292,0.1404475131294814
2018-12-18,风险平价策略,-1.0,0.0,0.0,0.0,0.0,0.399587977046618,0.0,0.0934566770686578,0.11674800936415529,0.04755423442375569,0.03255888513264324,0.05905145044174006,0.25104276652243,0.14009417553360648
2018-12-19,风险平价策略,-1.0,0.0,0.0,0.0,0.0,0.4075062904108599,0.0,0.08234190266378255,0.11367687939852979,0.04785009028828301,0.029572551639745752,0.060812008634052894,0.25824027696474605,0.139361232936524
2018-12-20,风险平价策略,-1.0,0.0,0.0,0.0,0.0,0.4091415288144557,0.0,0.08269655016681765,0.11415128685882292,0.04744238825051606,0.029608693123291664,0.06058344757280818,0.25637610521328785,0.13892533759069062
2018-12-21,风险平价策略,-1.0,0.0,0.0,0.0,0.0,0.4020940548454406,0.0,0.08458209468390868,0.11652403187775111,0.045922326092378854,0.029032930138807603,0.060810013443281526,0.2610345489184317,0.1403216401459119
2018-12-24,风险平价策略,-1.0,0.0,0.0,0.0,0.0,0.3992414213178497,0.0,0.08286963945460535,0.11898084078392551,0.04413684923041299,0.02902339830171727,0.05960652572446699,0.2661413251870222,0.14133628359337785
2018-12-25,风险平价策略,-1.0,0.0,0.0,0.0,0.0,0.40370428888318854,0.0,0.0832861733706961,0.12077102718235634,0.040446400740832014,0.024227499629544253,0.060636028911126225,0.26692858128225644,0.13999313383544193
2018-12-26,风险平价策略,-1.0,0.0,0.0,0.0,0.0,0.403696428609382,0.0,0.0832892500299925,0.12077507046725482,0.040448728434370404,0.024226553211463813,0.060637315140944247,0.2669266541065922,0.1399937969744741
2018-12-27,风险平价策略,-1.0,0.0,0.0,0.0,0.0,0.41543102754115263,0.0,0.08651391844243358,0.11405884930616611,0.041563420079754804,0.02491681410976687,0.06136923223733992,0.256146738283386,0.13721566736719076
2018-12-28,风险平价策略,-1.0,0.0,0.0,0.0,0.0,0.4171448152132909,0.0,0.08721272235226352,0.11178582840769374,0.03996977786284472,0.02479326853243404,0.061736887407908704,0.2573567002235644,0.1370827680946141
2019-01-02,风险平价策略,-1.0,0.0,0.0,0.0,0.0,0.4263152540307088,0.0,0.0800724052745056,0.09833741916588032,0.0399196500078142,0.024297549377927777,0.06365050311986853,0.26740721902329473,0.1369135962956002
2019-01-03,风险平价策略,-1.0,0.0,0.0,0.0,0.0,0.42769033360921677,0.0,0.07865450216372419,0.09603510058041838,0.04014566811962447,0.024441815237108304,0.06392442307041493,0.26910815721949294,0.136949198256116
2019-01-04,风险平价策略,-1.0,0.0,0.0,0.0,0.0,0.41972452578703107,0.0,0.07897739564522913,0.09777331043119461,0.04086880019828771,0.0248859305653256,0.06522799637251643,0.2725420410004153,0.1384758309400601
2019-01-07,风险平价策略,-1.0,0.0,0.0,0.0,0.0,0.4290601380545319,0.0,0.08089132913110558,0.10057120689894662,0.04171794475918019,0.02541228111411635,0.06666042008055238,0.25568667996156685,0.13524261478146005
2019-01-08,风险平价策略,-1.0,0.0,0.0,0.0,0.0,0.4412829106077569,0.0,0.08248144739686629,0.0996576828787433,0.04288661503835393,0.025818103975100704,0.06590834671448387,0.24196489338869512,0.1320451066595614
2019-01-09,风险平价策略,-1.0,0.0,0.0,0.0,0.0,0.43719860404230915,0.0,0.08453106094782509,0.1022906084912493,0.0439164738255598,0.026440393971045376,0.06746935923520928,0.23815349948680198,0.13220215538927108
2019-01-10,风险平价策略,-1.0,0.0,0.0,0.0,0.0,0.4216278369284152,0.0,0.08598909817288833,0.10229334135420437,0.04555029542762404,0.02742431425647522,0.0697281205731035,0.2473869932872892,0.1355182308272578
2019-01-11,风险平价策略,-1.0,0.0,0.0,0.0,0.0,0.4406187236795192,0.0,0.08669329725154071,0.10567849460602727,0.047331036120155726,0.028460798018830606,0.06586083836823038,0.2253568119556962,0.130610502631116
2019-01-14,风险平价策略,-1.0,0.0,0.0,0.0,0.0,0.42916987115749,0.0,0.08502934742446801,0.10317293769655435,0.051965033355234946,0.027685636246850845,0.05871689086804699,0.24426028325135493,0.13456114679090855
2019-01-15,风险平价策略,-1.0,0.0,0.0,0.0,0.0,0.4294750391361875,0.0,0.08545727529245377,0.10373578383614523,0.05219728787563111,0.02781113963515603,0.05904037445113162,0.24228309977329476,0.1342953856762574
2019-01-16,风险平价策略,-1.0,0.0,0.0,0.0,0.0,0.43065844790352775,0.0,0.08564041830423849,0.10387521054514146,0.051974037799465654,0.02787760590047798,0.057313481111467605,0.24266079843568106,0.1342411582340326
2019-01-17,风险平价策略,-1.0,0.0,0.0,0.0,0.0,0.43071062720436826,0.0,0.08565348905673957,0.10387420071282462,0.05187776119939592,0.02788528185122194,0.05731825078317391,0.24268038919227572,0.13423658721517762
2019-01-18,风险平价策略,-1.0,0.0,0.0,0.0,0.0640604353197034,0.40062718207223214,0.0,0.07709354266458998,0.09327741613428592,0.04732839161153688,0.02580751166242412,0.0547724091390431,0.23703311139618446,0.1911293829642736
2019-01-21,风险平价策略,-1.0,0.0,0.0,0.0,0.06593834532702543,0.4018019300783922,0.0,0.07905026349041716,0.09659182930684634,0.048705966573717195,0.02657421743254372,0.0567245205867092,0.22461292720434878,0.19113569961598317
2019-01-22,风险平价策略,-1.0,0.0,0.0,0.0,0.06603793092548349,0.40523798067217287,0.0,0.0778206382151658,0.09156128657421886,0.04913233620111507,0.02641921726763619,0.05688349506496718,0.2269071150792405,0.1910054816690556
2019-01-23,风险平价策略,-1.0,0.0,0.0,0.0,0.06738044475883948,0.3941858676245433,0.0,0.07937917017767077,0.09333118617597429,0.049306117708449976,0.026815123539845723,0.05818026502684335,0.2314218249878332,0.19419317345930634
2019-01-24,风险平价策略,-1.0,0.0,0.0,0.0,0.06761636591441263,0.39528805044798165,0.0,0.07860309426679024,0.09369814523370912,0.0495018106656424,0.026511419167613987,0.058367202503531564,0.23041391180031853,0.19406935907203607
2019-01-25,风险平价策略,1.0,0.3,0.15,0.15,0.04807715757188817,0.2731622625065982,0.0,0.0559649401132429,0.06594729678389157,0.03520396604546937,0.018858467581525064,0.04099952635292423,0.16178638304446047,0.17906168157024155
2019-01-28,风险平价策略,1.0,0.3,0.15,0.15,0.048479300322195364,0.274473298637475,0.0,0.056391998987164293,0.06531866331569987,0.03365631771149917,0.01841776284465766,0.0410325263300392,0.16223013185126958,0.1791887622190964
2019-01-29,风险平价策略,1.0,0.3,0.15,0.15,0.04867680545624253,0.27540408913561754,0.0,0.05668191624462799,0.06404733563797597,0.03379518889257239,0.01830546973523952,0.040308218676954805,0.1627809762207692,0.17930026218268308
2019-01-30,风险平价策略,1.0,0.3,0.15,0.15,0.048646192225099236,0.27546247502089194,0.0,0.05669141746280971,0.06404813505048965,0.03379829131800092,0.01830485934111334,0.04024215584092717,0.16280647374066795,0.17927163992267342
2019-01-31,风险平价策略,1.0,0.3,0.15,0.15,0.04865404998582212,0.27541619650993826,0.0,0.05669500142364647,0.06406416133249627,0.03379562157744984,0.01830649815530217,0.04024288832563841,0.16282558268970634,0.17928699465286735
2019-02-01,风险平价策略,1.0,0.3,0.15,0.15,0.049013471574822706,0.27272144625233125,0.0,0.0571362848374735,0.06453261758092463,0.03410350853176442,0.018059257558771556,0.04047018064104416,0.16396323302286775,0.18004591971702025
2019-02-11,风险平价策略,1.0,0.3,0.15,0.15,0.05017752519181089,0.2769979624566805,0.0,0.05792997981550553,0.05801364855480273,0.03417347668982106,0.018415326908412473,0.04122047998363053,0.1630716003993363,0.18037456095012494
2019-02-12,风险平价策略,1.0,0.3,0.15,0.15,0.050268049843155214,0.27649122042085855,0.0,0.05786735688750507,0.058109122056939175,0.03423671084538072,0.018399780354134077,0.041296839186076635,0.1633309204059505,0.1805459843496815
2019-02-13,风险平价策略,1.0,0.3,0.15,0.15,0.051906071964809654,0.2762145397477601,0.0,0.05964528586398505,0.059330962214384414,0.030127358871964802,0.019157869568108724,0.0426472095871996,0.16097070218178763,0.1817157382783081
2019-02-14,风险平价策略,1.0,0.3,0.15,0.15,0.05323880915792998,0.2688905972323363,0.0,0.06163804263972028,0.0612887767834331,0.031009039790754152,0.019791510230700707,0.04309944025624198,0.16104378390888344,0.18392937196249418
2019-02-15,风险平价策略,1.0,0.3,0.15,0.15,0.0477995268927925,0.273371342131511,0.0,0.0603233282138613,0.06257630460597563,0.03084560721864713,0.020280987839356432,0.041571676509892005,0.16323122658796402,0.17914048242393416
2019-02-18,风险平价策略,1.0,0.3,0.15,0.15,0.048176089363565405,0.26997480679790553,0.0,0.06080283258124689,0.06306888469830133,0.031101128888170553,0.02045083177387027,0.04172667455103772,0.16469875134590228,0.1801165104453558
2019-02-19,风险平价策略,1.0,0.3,0.15,0.15,0.04810592526019146,0.27007691412369544,0.0,0.060864110522100015,0.06288684646838306,0.031077094413707405,0.0204641618442595,0.04174611878944012,0.16477882857822293,0.18005470651678407
2019-02-20,风险平价策略,1.0,0.3,0.15,0.15,0.04831976901197678,0.27160937904887994,0.0,0.06116441433376562,0.06309154127930929,0.030921753513637358,0.020186332279315388,0.03941608341613209,0.1652907271169835,0.1801127752498426
2019-02-21,风险平价策略,1.0,0.3,0.15,0.15,0.047422729757799605,0.2793344799517656,0.0,0.06259470062273347,0.06506482887086644,0.03173043680703858,0.02066402481815623,0.04052321088463265,0.1526655882870074,0.1768526608099406
2019-02-22,风险平价策略,1.0,0.3,0.15,0.15,0.049559258746426124,0.2763921463812211,0.0,0.06552827902092166,0.06822659453694475,0.03277942765431997,0.02151671808838558,0.04257062026098974,0.14342695531079097,0.1780214227856832
2019-02-25,风险平价策略,1.0,0.3,0.15,0.15,0.05227844044634009,0.2580032928559234,0.0,0.06933553918758853,0.07195749054869022,0.03479605363572679,0.021581596935398645,0.04278363755591814,0.1492639488344142,0.18351262621884926
2019-02-26,风险平价策略,1.0,0.3,0.15,0.15,0.051988785229365404,0.24263609406595926,0.0,0.06929594111424946,0.07373917624741487,0.03613720559870196,0.020163044997813937,0.04756107852337628,0.15847867422311887,0.18609277470047267
2019-02-27,风险平价策略,1.0,0.3,0.15,0.15,0.052688704998611516,0.2462900954240151,0.0,0.06902173780230215,0.07464515603534448,0.035166506001072746,0.02047117898268964,0.04429541601808404,0.15742120473788024,0.1861980851018358
2019-02-28,风险平价策略,1.0,0.3,0.15,0.15,0.05338911555871899,0.24558802131869611,0.0,0.07162499260016222,0.07702775929043143,0.036350668273514936,0.021202891844834988,0.04600394470896739,0.14881260640467392,0.1859258379965006
2019-03-01,风险平价策略,1.0,0.3,0.15,0.15,0.054242534502880316,0.24246799165332236,0.0,0.07276960196053804,0.07829947605269826,0.036932685978145675,0.02155042443557507,0.046803577267495663,0.14693370814934453,0.1868758825385909
2019-03-04,风险平价策略,1.0,0.3,0.15,0.15,0.05972420035385121,0.271620784850397,0.0,0.06781559357805504,0.08662506388419286,0.04060070272156368,0.020299197665016547,0.04419661480139274,0.1091178421455309,0.18292164360947163
2019-03-05,风险平价策略,1.0,0.3,0.15,0.15,0.061044513382047264,0.2765091593636719,0.0,0.06822323276164977,0.08008053927749416,0.04135264423498542,0.020546431617748124,0.045034219326247384,0.10720926003615598,0.18316369485256484
2019-03-06,风险平价策略,1.0,0.3,0.15,0.15,0.06114115567583815,0.27680469029088783,0.0,0.06825097732708385,0.07938083019895677,0.04140696521860635,0.020575270574203303,0.045085689548017456,0.1073544211664062,0.183226010376021
2019-03-07,风险平价策略,1.0,0.3,0.15,0.15,0.060542816753050545,0.2806430727245944,0.0,0.06762968208782205,0.0795895018837435,0.041125356179953186,0.020914216758834387,0.04578782191736768,0.10376753169463426,0.18180514864379033
2019-03-08,风险平价策略,1.0,0.3,0.15,0.15,0.04422841585127338,0.2906317824784649,0.0,0.06821416410965137,0.0835303179044844,0.03805874703255143,0.02138111415976869,0.04710951841045532,0.10684594005335052,0.1671263716704538
2019-03-11,风险平价策略,1.0,0.3,0.15,0.15,0.044304311170371355,0.2898909929599391,0.0,0.06834375376637122,0.08368403874844903,0.038103630666636565,0.021422245535327393,0.047198295043359345,0.10705273210954605,0.16731931192768368
2019-03-12,风险平价策略,1.0,0.3,0.15,0.15,0.044342338145789466,0.29038865294765953,0.0,0.06846041919479869,0.0837662353600271,0.03814634854335345,0.021451858334743716,0.04687958161989113,0.10656456585373687,0.16724021716737333
2019-03-13,风险平价策略,1.0,0.3,0.15,0.15,0.04428053539493503,0.2909992201426737,0.0,0.06807107235485811,0.08402575626389439,0.0372887694783709,0.02154104678898012,0.047024580342704445,0.10676901923358316,0.16713175509125383
2019-03-14,风险平价策略,1.0,0.3,0.15,0.15,0.04362697740977368,0.2794581992802191,0.0,0.06845429370253642,0.0881903178411751,0.0388244742507472,0.022687766355486833,0.04943227983738625,0.10932569132267536,0.16857420604436513
2019-03-15,风险平价策略,1.0,0.3,0.15,0.15,0.04370737363291162,0.2797738845558477,0.0,0.06854253653140538,0.08828587348314838,0.03833401012519923,0.02272706662677102,0.04949298264701874,0.10913627239769784,0.16857595340645484
2019-03-18,风险平价策略,1.0,0.3,0.15,0.15,0.04559013106406633,0.27440098683892444,0.0,0.0714592014956719,0.08669907311718025,0.035826031868131665,0.023382375207556868,0.04936632957117101,0.11327587083729757,0.17146313183579193
2019-03-19,风险平价策略,1.0,0.3,0.15,0.15,0.045715041082740715,0.27233323427384387,0.0,0.0718304137130694,0.08722660620517105,0.03606817505639394,0.02354224459180769,0.049226555277513566,0.11405772979945976,0.17197321968539622
2019-03-20,风险平价策略,1.0,0.3,0.15,0.15,0.045783196281966,0.2726880324038246,0.0,0.07148064076636113,0.08737731573851244,0.03610992594634346,0.023582444638224984,0.04923290275797009,0.11374554146679725,0.17195176879719112
2019-03-21,风险平价策略,1.0,0.3,0.15,0.15,0.04576524625446934,0.2727065202838754,0.0,0.07148044537467031,0.0873763074606475,0.0361139496947355,0.023582107524827967,0.049232764802264024,0.11374265860450988,0.17193383940482415
2019-03-22,风险平价策略,1.0,0.3,0.15,0.15,0.04675044995479013,0.27783285544540526,0.0,0.06728867643560858,0.08611220411515545,0.03678805406623868,0.02368875843252968,0.05030983750297225,0.11122916404729995,0.17175922892734796
2019-03-25,风险平价策略,1.0,0.3,0.15,0.15,0.04618241287636219,0.28706792054624813,0.0,0.05746730660585608,0.08027499758383078,0.03838760334030305,0.022371831299368455,0.052075491756547077,0.11617243599148419,0.1703808541499844
2019-03-26,风险平价策略,1.0,0.3,0.15,0.15,0.044745804447580056,0.28788133832546875,0.0,0.05774482292203506,0.0801320070062954,0.03844359116830402,0.022448956567619492,0.052200427226863085,0.11640305233583405,0.1691011174880253
2019-03-27,风险平价策略,1.0,0.3,0.15,0.15,0.045172642438929565,0.28460252526460433,0.0,0.05825268947894831,0.08084448213183232,0.0384104764345278,0.02267179447719509,0.052663959777861716,0.11738142999610078,0.170041123424872
2019-03-28,风险平价策略,1.0,0.3,0.15,0.15,0.044434262433324136,0.2908423357810015,0.0,0.05928544098290973,0.08224179452662359,0.03924651142858069,0.02224093793282792,0.046745834064916655,0.11496288284981579,0.16840525121712574
2019-03-29,风险平价策略,1.0,0.3,0.15,0.15,0.04755347747570578,0.2952624164183233,0.0,0.0644315059539761,0.08860594969319331,0.042039113244076116,0.02409056503417048,0.04869315309236671,0.0893238190881881,0.1676174400988388
2019-04-01,风险平价策略,1.0,0.3,0.15,0.15,0.049751586466434496,0.2759078352352406,0.0,0.0673199301956909,0.09262859553772983,0.04410184200896329,0.025253571370156467,0.05109823122399426,0.09393840796179005,0.17276502673305713
2019-04-02,风险平价策略,1.0,0.3,0.15,0.15,0.05250200719838561,0.2697432379506845,0.0,0.06824374863740922,0.0890498872015373,0.04179388392000754,0.026711648997803566,0.05360623772805805,0.0983493483661141,0.17657188627424208
2019-04-03,风险平价策略,1.0,0.3,0.15,0.15,0.05487243381881777,0.250673712361658,0.0,0.07122424194443844,0.09314529152511208,0.042886434343324786,0.027962074043912547,0.05613777612034242,0.10309803584239384,0.18184232044691934
2019-04-04,风险平价策略,1.0,0.3,0.15,0.15,0.05559107210394165,0.2447321074411013,0.0,0.07219395045860634,0.09441517844152149,0.04354477429893819,0.028005064822384695,0.05693567350921706,0.10458217892428917,0.18341571544297142
2019-04-08,风险平价策略,1.0,0.3,0.15,0.15,0.055676003764384974,0.244937022997346,0.0,0.0715291601021913,0.09457999541163653,0.04358814285203583,0.0280528872104821,0.05693720436102961,0.10469958330089366,0.18348152230491552
2019-04-09,风险平价策略,1.0,0.3,0.15,0.15,0.05613973047827414,0.2419436527221835,0.0,0.07212988025151902,0.09536023366618893,0.04400820767709935,0.028322262401666687,0.056332166892107335,0.10576386591096092,0.18446832344784525
2019-04-10,风险平价策略,1.0,0.3,0.15,0.15,0.056310632215622956,0.24236967031938333,0.0,0.0709504256599621,0.09570961906534882,0.04397842253967824,0.02823161987468355,0.05646311123923129,0.10598649908608967,0.18456235552650652
2019-04-11,风险平价策略,1.0,0.3,0.15,0.15,0.05351183296786383,0.2443918468237439,0.0,0.0690140831716928,0.09589010322699207,0.04457267904250011,0.02863157699074926,0.05703621003402413,0.10695166774243388,0.18210693330881642
2019-04-12,风险平价策略,1.0,0.3,0.15,0.15,0.05450092608183341,0.24088586809393456,0.0,0.0734696847426861,0.10138322299602283,0.04728623876154792,0.028957078851142636,0.055688683702058185,0.09782829677077433,0.18243591582128837
2019-04-15,风险平价策略,1.0,0.3,0.15,0.15,0.05584292301616158,0.23351444660432938,0.0,0.07570858945258817,0.10402765983543807,0.04796497281816486,0.029213306503673146,0.057667470946150184,0.09606063082349463,0.18433463538119546
2019-04-16,风险平价策略,1.0,0.3,0.15,0.15,0.05638064869915354,0.2297018709963062,0.0,0.07650574261246675,0.10506636007915558,0.04850492768370234,0.02881923898162944,0.058329626767178344,0.09669158418040762,0.1852992211353189
2019-04-17,风险平价策略,1.0,0.3,0.15,0.15,0.05689423649023203,0.2323464700742421,0.0,0.0771671760197496,0.10594793454126976,0.04760335928459762,0.029143547212355857,0.05688918727525675,0.09400808910229627,0.185137681412613
2019-04-18,风险平价策略,1.0,0.3,0.15,0.15,0.05411906246069482,0.24464383805632658,0.0,0.08065641262156081,0.11136173318365648,0.03409134670994505,0.02933164760822801,0.05847437069572123,0.08732158866386698,0.18019143093258788
2019-04-19,风险平价策略,1.0,0.3,0.15,0.15,0.05417136045767388,0.24417004100379228,0.0,0.0807370555392094,0.11147527838420798,0.03412640828695476,0.029363270848255154,0.05853886231464602,0.08741772316526059,0.18031433557791637
2019-04-22,风险平价策略,1.0,0.3,0.15,0.15,0.04809859273143826,0.23953727270200215,0.0,0.07918062053338522,0.11600815833942972,0.035564534190551125,0.030574145734661853,0.060588874821371444,0.09044780094716022,0.17634886460810734
2019-04-23,风险平价策略,1.0,0.3,0.15,0.15,0.04691038087536278,0.24128799760174388,0.0,0.07905726059466298,0.11649087630586873,0.03585342145423237,0.030799094521459215,0.06106716721977444,0.08853380142689558,0.17490927075167934
2019-04-24,风险平价策略,1.0,0.3,0.15,0.15,0.04989302984663322,0.22557482588582628,0.0,0.08024055034525872,0.11795344541976609,0.037248444365513306,0.032522375399531414,0.06286158111207009,0.09370574762540085,0.18039245036585153
2019-04-25,风险平价策略,1.0,0.3,0.15,0.15,0.04322313278131903,0.23005555919862739,0.0,0.08252560518340066,0.12005985095623889,0.03720849974995137,0.033305174722668134,0.05759191465075137,0.09603026275704309,0.17474671808894232
2019-04-26,风险平价策略,1.0,0.3,0.15,0.15,0.04147256970444401,0.2361910622321992,0.0,0.08131440007498626,0.11626827110084616,0.03633520296825796,0.031858662872483415,0.057980072230190374,0.09857975881659257,0.17250207213075142
2019-04-29,风险平价策略,1.0,0.3,0.15,0.15,0.04220732032804167,0.23191998262696317,0.0,0.08145455110056252,0.11875448157337917,0.03705181818441734,0.02950420883553108,0.05916783328317007,0.09993980406793486,0.1734538845061012
2019-04-30,风险平价策略,1.0,0.3,0.15,0.15,0.04227544304260905,0.2323077992513392,0.0,0.08166755843279747,0.11772391918654118,0.03711947259822554,0.02956009577828672,0.05925768389968222,0.10008802781051857,0.1734834621276407
2019-05-06,风险平价策略,1.0,0.3,0.15,0.15,0.0326571322126009,0.2730866850912338,0.0,0.0644147409336407,0.08188067717113917,0.034328962596007734,0.026745083542344273,0.07054063292973982,0.11634608552329356,0.1610331028389064
2019-05-07,风险平价策略,1.0,0.3,0.15,0.15,0.03272592336787694,0.2726122358032157,0.0,0.06455888917760105,0.082056669599454,0.03440973599796893,0.026808595284691508,0.07073516486516682,0.116092785904025,0.16112967576364084
2019-05-08,风险平价策略,1.0,0.3,0.15,0.15,0.03222920051151123,0.27359899429396994,0.0,0.062471964288334805,0.08284530322520797,0.034605918335067105,0.026722460621438886,0.0710458699369243,0.11648028878754571,0.16060457563916214
2019-05-09,风险平价策略,1.0,0.3,0.15,0.15,0.03157848407343522,0.27462692997702787,0.0,0.06156243479465845,0.08229719684152748,0.034840871427386275,0.02685857371470466,0.07135999518368832,0.11687551398757165,0.15998133340641138
2019-05-10,风险平价策略,1.0,0.3,0.15,0.15,0.031696957729879904,0.2757056712015176,0.0,0.06172669788585194,0.08248274424824734,0.0349614208471201,0.02696234071533779,0.06893030121904918,0.11753386615299612,0.16010492250560754
2019-05-13,风险平价策略,1.0,0.3,0.15,0.15,0.0312906796644262,0.2763732962228299,0.0,0.06150365159679311,0.0830514258324321,0.033551245977568186,0.02712320230481001,0.06918551710983073,0.11792098129130966,0.1597239529982435
2019-05-14,风险平价策略,1.0,0.3,0.15,0.15,0.03163672027346185,0.2728749756564277,0.0,0.061688431410443695,0.08375034288789399,0.029721261253622004,0.028005486172779454,0.07105583121166077,0.12126695113371053,0.1609351729159666
2019-05-15,风险平价策略,1.0,0.3,0.15,0.15,0.03172393275277328,0.27395681880705286,0.0,0.061875855979445414,0.08398159980472454,0.02981887741498835,0.028101039871037056,0.07139042552176915,0.1191514498482093,0.16061474934302528
2019-05-16,风险平价策略,1.0,0.3,0.15,0.15,0.031721589940916894,0.27397483143997914,0.0,0.06187433778259218,0.08397616871816262,0.02981657823216876,0.028097775556239837,0.07138377323718247,0.11915494509275809,0.16061042339130857
2019-05-17,风险平价策略,1.0,0.3,0.15,0.15,0.029938876540826206,0.2782582823518472,0.0,0.06175968618812694,0.08315236260198464,0.02934678417415087,0.028734691414429078,0.07121571407955708,0.11759360264907796,0.15844956754034745
2019-05-20,风险平价策略,1.0,0.3,0.15,0.15,0.029491495146960353,0.28134653147285404,0.0,0.06295252098602923,0.08343251202490745,0.029946343750071543,0.029294329774150397,0.0728351782810443,0.11070108856398268,0.15687670565522277
2019-05-21,风险平价策略,1.0,0.3,0.15,0.15,0.030399169092366424,0.2725705847689674,0.0,0.06516113933539283,0.08425835168706124,0.030921102029983712,0.028357721977485904,0.0751638690280092,0.11316806208073321,0.15890997100932247
2019-05-22,风险平价策略,1.0,0.3,0.15,0.15,0.031660060013890254,0.2770356082856694,0.0,0.06082947023252199,0.07883646435823059,0.03090944127277082,0.02895430335482248,0.07506261461479836,0.11671203786729605,0.1598899923482333
2019-05-23,风险平价策略,1.0,0.3,0.15,0.15,0.030979284136801833,0.2829812450078041,0.0,0.05666788962524617,0.08094050977340815,0.02756454692256442,0.02670683102509394,0.07537534738080554,0.11878434612827578,0.15836173014606958
2019-05-24,风险平价策略,1.0,0.3,0.15,0.15,0.03121619411554712,0.28367148594255537,0.0,0.05728858108248935,0.08166465592614514,0.027039932428169773,0.024265981430701647,0.07561651209255639,0.11923665698183515,0.1581188122830521
2019-05-27,风险平价策略,1.0,0.3,0.15,0.15,0.03249503694706447,0.2653640438240634,0.0,0.059749314854292974,0.08524050152663269,0.028229386219583198,0.025058592615419623,0.0790289044012946,0.12483421961164899,0.1623725930213076
2019-05-28,风险平价策略,1.0,0.3,0.15,0.15,0.03258421651290008,0.2663570134195648,0.0,0.05951644848105335,0.08391226054926319,0.028372467348921983,0.02518471477045475,0.07934388068848051,0.12472899822936126,0.16231298746282574
2019-05-29,风险平价策略,1.0,0.3,0.15,0.15,0.032857987995078594,0.2676701995316754,0.0,0.05840962364896082,0.0823978125878637,0.028581167929189494,0.025107094786425612,0.07971199965629815,0.12526411386450814,0.16240851349826185
2019-05-30,风险平价策略,1.0,0.3,0.15,0.15,0.03461569036568105,0.2798051130901485,0.0,0.05764985193637375,0.08356695113698673,0.028507447960062594,0.026344541538049673,0.06828606244709569,0.12122434152560202,0.16230202987535
2019-05-31,风险平价策略,1.0,0.3,0.15,0.15,0.03521474505111245,0.28339876075843107,0.0,0.055119640953324,0.08531931950513137,0.02812072886768602,0.02199605585212354,0.06889850708489169,0.12193224192729982,0.1616870431842921
2019-06-03,风险平价策略,1.0,0.3,0.15,0.15,0.03576905826545624,0.28597901939773146,0.0,0.05581063177559432,0.08452296245246489,0.025717641949031596,0.020109562367356233,0.06944967544163227,0.12264144835073289,0.16154703126139577
2019-06-04,风险平价策略,1.0,0.3,0.15,0.15,0.03516202359719859,0.28787141194886545,0.0,0.05663088067770667,0.08133721501544378,0.025968681966738478,0.019737837693638866,0.06990566345405995,0.12338628564634814,0.16080038443313954
2019-06-05,风险平价策略,1.0,0.3,0.15,0.15,0.035279963942412805,0.2887398711634509,0.0,0.056819394403092735,0.0815627134176807,0.025865115035591316,0.019795611137683432,0.06789515907926831,0.12404217182081967,0.16092944188306643
2019-06-06,风险平价策略,1.0,0.3,0.15,0.15,0.03678458994901692,0.3019474252625865,0.0,0.05397920732527814,0.07390568780505005,0.02803161190898255,0.01945585061203807,0.05079370446795314,0.1351019226690946,0.1622178249499937
2019-06-10,风险平价策略,1.0,0.3,0.15,0.15,0.03706619502920432,0.3018576713826125,0.0,0.05440245823816532,0.07424633090430018,0.02824198648758017,0.019600155357231388,0.05077661178410518,0.13380859081680085,0.16233699545440472
2019-06-11,风险平价策略,1.0,0.3,0.15,0.15,0.03902783122621084,0.28919549365849717,0.0,0.05728077797387339,0.07817045647205824,0.029292900782212427,0.020252591223380835,0.0536446049998911,0.13313534366387594,0.16564223327935143
2019-06-12,风险平价策略,1.0,0.3,0.15,0.15,0.038972191401713374,0.2932859478034328,0.0,0.05500947808321686,0.07684640851776785,0.02711073939447062,0.019767465127782567,0.05400305606084355,0.13500471361077235,0.1651574135898331
2019-06-13,风险平价策略,1.0,0.3,0.15,0.15,0.038826951914368274,0.2934686293631525,0.0,0.05465331678772719,0.07697061989116695,0.02714257335312984,0.019789703571101946,0.05404850635627793,0.13509969876307543,0.1650246616098321
2019-06-14,风险平价策略,1.0,0.3,0.15,0.15,0.03831282528195674,0.2941693228222158,0.0,0.054964114681018035,0.0762277131673338,0.027258378054564762,0.019757926205324298,0.05382440458471913,0.1354853152028674,0.16454727231604457
2019-06-17,风险平价策略,1.0,0.3,0.15,0.15,0.0402081061442252,0.30915445494418337,0.0,0.055498844531448495,0.07323905926250228,0.028495694495590432,0.020612982702077454,0.05675329838045839,0.11603755953951433,0.16184390011430067
2019-06-18,风险平价策略,1.0,0.3,0.15,0.15,0.04155186901124912,0.3014880881401883,0.0,0.05774397462619279,0.07599989599082434,0.029641254167684622,0.019123707238672526,0.05433801563654603,0.12011319518864225,0.16434232672392898
2019-06-19,风险平价策略,1.0,0.3,0.15,0.15,0.04314336390515509,0.3009316369636339,0.0,0.06015380295594559,0.07934778067119537,0.03075838755837757,0.019939981022809857,0.05013309094478511,0.1155919559780975,0.1654796775185012
2019-06-20,风险平价策略,1.0,0.3,0.15,0.15,0.0431560941551246,0.3009326148665661,0.0,0.060190912010321056,0.07937995077434742,0.03076068275724678,0.019940324761613244,0.05001453009987348,0.11562489057490721,0.16549782583874148
2019-06-21,风险平价策略,1.0,0.3,0.15,0.15,0.043851238480146396,0.30338305552670314,0.0,0.060639511454236746,0.07459119050570662,0.02994249761092706,0.020218415860214455,0.05054137839993665,0.11683271216212888,0.165916383448419
2019-06-24,风险平价策略,1.0,0.3,0.15,0.15,0.0441754834030128,0.30006180785821507,0.0,0.06079606773285153,0.07528691060583918,0.03022337548322343,0.020423742467436015,0.051036269305511146,0.1179963431439108,0.1667975676453977
2019-06-25,风险平价策略,1.0,0.3,0.15,0.15,0.043333765245082735,0.3008201342783,0.0,0.061122154103950915,0.07560268564681806,0.030052452203800196,0.02003817583177836,0.05084290435962539,0.11818772833064428,0.16595351760231009
2019-06-26,风险平价策略,1.0,0.3,0.15,0.15,0.04521582798728364,0.30648448820824437,0.0,0.06525491055031765,0.08105444947495892,0.031982326226034086,0.021301176718789887,0.052204099023040254,0.09650272181133115,0.16434810478514053
2019-06-27,风险平价策略,1.0,0.3,0.15,0.15,0.04554333683084784,0.3061570325345583,0.0,0.06506172196986565,0.08139411131248296,0.03221133286768919,0.021328722382129895,0.05225796155309782,0.09604578054932837,0.16461766727489097
2019-06-28,风险平价策略,1.0,0.3,0.15,0.15,0.045379869533487105,0.3072092058391582,0.0,0.06508913918818933,0.07983748016788228,0.0324162143788588,0.02117328147248562,0.05251527404586565,0.09637953537407289,0.16434782082274185
2019-07-01,风险平价策略,1.0,0.3,0.15,0.15,0.04775914963508543,0.32860625198546967,0.0,0.0687038084756824,0.07715079732249942,0.033911542921477,0.022090129861260323,0.050815779986093386,0.07096253981243222,0.16062040926035884
2019-07-02,风险平价策略,1.0,0.3,0.15,0.15,0.04943254281387355,0.3364469489531843,0.0,0.060306345639988615,0.07733507930711529,0.03500207474572951,0.021658700590248194,0.0469762813527117,0.07284202659714879,0.1612501654479474
2019-07-03,风险平价策略,1.0,0.3,0.15,0.15,0.05036190257213952,0.34261385718330856,0.0,0.05787876437034799,0.07551878983967034,0.03252896175549721,0.01978822350094182,0.047600721146486835,0.07370877963160773,0.16095956473995454
2019-07-04,风险平价策略,1.0,0.3,0.15,0.15,0.05139226710213224,0.34793525499069644,0.0,0.05932038346191254,0.07779439585826528,0.027822190333024008,0.020361362371428143,0.047155416198065854,0.06821872968447548,0.16050586990100088
2019-07-05,风险平价策略,1.0,0.3,0.15,0.15,0.05299568668024367,0.33996770915344626,0.0,0.06051901532939317,0.08009898358872643,0.026507773497455624,0.021069747852567287,0.04852896397667861,0.07031211992148893,0.16323855893835307
2019-07-08,风险平价策略,1.0,0.3,0.15,0.15,0.04767346122839866,0.3412428447717921,0.0,0.0631890923520392,0.0821225440468461,0.027546632058881106,0.021845439903783837,0.046639455012186457,0.06974053062607243,0.15871834011762026
2019-07-09,风险平价策略,1.0,0.3,0.15,0.15,0.04815258586018794,0.34559615361395113,0.0,0.06212110637170338,0.08214785414903085,0.026978304076147794,0.02209671990406681,0.04634918524409231,0.06655809078081978,0.15819444494646223
2019-07-10,风险平价策略,1.0,0.3,0.15,0.15,0.047678341032458396,0.3448850625227547,0.0,0.062020598637584495,0.08267359562541579,0.027138429592928247,0.022226220042807728,0.04663006332286201,0.06674768922318863,0.15792872333656846
2019-07-11,风险平价策略,1.0,0.3,0.15,0.15,0.04767752360862583,0.3448929772920537,0.0,0.06202231400080099,0.08265696470116994,0.02713888391805377,0.022226820466763424,0.04663026280435749,0.06675425320817482,0.15792785051153138
2019-07-12,风险平价策略,1.0,0.3,0.15,0.15,0.04828118541343584,0.34873579293428586,0.0,0.06293484927621615,0.08170973142254315,0.024879100777383794,0.022090675391678378,0.04723347317575965,0.06413519160869718,0.15753938156937078
2019-07-15,风险平价策略,1.0,0.3,0.15,0.15,0.05037161033121204,0.33419215172890093,0.0,0.06564730833521118,0.08515539603729354,0.025544478191823476,0.022721279156488083,0.04935315880527117,0.06701461741379951,0.1616482209672706
2019-07-16,风险平价策略,1.0,0.3,0.15,0.15,0.05045290757482428,0.33569323199573303,0.0,0.0661076359853769,0.08560174796075048,0.025400445056222645,0.0225928838318469,0.04664418139663682,0.06750696619860883,0.1616322324090201
2019-07-17,风险平价策略,1.0,0.3,0.15,0.15,0.05069860211155578,0.33760652754891485,0.0,0.06618236530484949,0.08577417983949852,0.025607500409846176,0.02149163064847327,0.04699888846158275,0.06564030567527913,0.16117155048964354
2019-07-18,风险平价策略,1.0,0.3,0.15,0.15,0.049752975661885954,0.33851001398426084,0.0,0.06606988242768305,0.08569609157604278,0.0257115245716797,0.021295844985338236,0.04717667458590879,0.06578699220720059,0.1602372369387667
2019-07-19,风险平价策略,1.0,0.3,0.15,0.15,0.04997937284573085,0.33851463235517154,0.0,0.06647373655000445,0.08615996194263323,0.024448627287798237,0.020981267725558257,0.0473297854531215,0.06611261583998199,0.16039830726863727
2019-07-22,风险平价策略,1.0,0.3,0.15,0.15,0.05109967923732829,0.3582544688140692,0.0,0.05893422609773073,0.08316710509703613,0.0202040249892738,0.022813201706170922,0.042756494345892355,0.06277079971249856,0.15866133092745957
2019-07-23,风险平价策略,1.0,0.3,0.15,0.15,0.05195531762953189,0.3623462269193161,0.0,0.059136288881868684,0.07862969519344741,0.019831481659021048,0.023169960367476802,0.04352368529554664,0.061407344053791356,0.15869440537767418
2019-07-24,风险平价策略,1.0,0.3,0.15,0.15,0.05462104131360623,0.34896737104363273,0.0,0.060067296532587695,0.08268254470511013,0.019974380986673177,0.024454756500639965,0.04452695898569679,0.06470564993205333,0.16331245368478345
2019-07-25,风险平价策略,1.0,0.3,0.15,0.15,0.054638466072998694,0.34908646661551895,0.0,0.059953463691582,0.08273248104249376,0.01984590988505249,0.024467981746951917,0.04454486695693823,0.06473036398846387,0.16331427235649418
2019-07-26,风险平价策略,1.0,0.3,0.15,0.15,0.05480622528673074,0.35004398948841675,0.0,0.06017765326042559,0.08261119309351503,0.019913334511023947,0.02452954876187473,0.043712281907022976,0.0642057736909903,0.16329847619263593
2019-07-29,风险平价策略,1.0,0.3,0.15,0.15,0.05655116458944926,0.33963600280595174,0.0,0.06136014032195996,0.0864133397251693,0.01969272149840765,0.02480936676296192,0.04439587280060048,0.06714139149549969,0.16654363456883384
2019-07-30,风险平价策略,1.0,0.3,0.15,0.15,0.056555704069361716,0.3396253552549751,0.0,0.061362353860248305,0.08641418657739583,0.019693448696988074,0.02481041192130607,0.044398498509828306,0.06714004110989648,0.16654881883111378
2019-07-31,风险平价策略,1.0,0.3,0.15,0.15,0.05514488577383296,0.34269275206244987,0.0,0.058155500945184076,0.08599195303377635,0.019973072270643762,0.025170199436040323,0.045024373002030625,0.06784726347604197,0.16507608558112596
2019-08-01,风险平价策略,1.0,0.3,0.15,0.15,0.052574761174135086,0.354869091936855,0.0,0.05934183699949919,0.08620620543968159,0.02044755842890773,0.025130250607112183,0.04371830559272993,0.057711989821079314,0.1600946772669727
2019-08-02,风险平价策略,1.0,0.3,0.15,0.15,0.04852835628131691,0.36291639997397257,0.0,0.05916519362264182,0.08334498025792725,0.019379918814675292,0.022557590624318363,0.04497115461985525,0.05913640580529254,0.15532035302589706
2019-08-05,风险平价策略,1.0,0.3,0.15,0.15,0.04510189472683636,0.3661417367262016,0.0,0.05669619606305754,0.08492862928650423,0.01885360194779981,0.022927192188797307,0.04557314054186578,0.05977760851893737,0.15211946268820742
2019-08-06,风险平价策略,1.0,0.3,0.15,0.15,0.043040193247625806,0.3676755873678173,0.0,0.057244366674366276,0.0848969180092419,0.01883145303370688,0.022834964694977533,0.045342317124642255,0.060134199847621965,0.15021530138285918
2019-08-07,风险平价策略,1.0,0.3,0.15,0.15,0.04323802860531421,0.37050168723420335,0.0,0.056334237621209454,0.08268793263773262,0.0190761069411846,0.021743573778722262,0.04580142053760535,0.060617012644028044,0.1498719480270091
2019-08-08,风险平价策略,1.0,0.3,0.15,0.15,0.043304371405266225,0.37053294638177026,0.0,0.056429038778001886,0.08281700590436922,0.019108286667593448,0.021528126076169312,0.045574576741040616,0.06070564804578893,0.14990674772101112
2019-08-09,风险平价策略,1.0,0.3,0.15,0.15,0.04290682233632756,0.3707525377630425,0.0,0.05649680019501733,0.08289897123989956,0.019123124342410664,0.02149687105109546,0.04560118899897835,0.060723684073228514,0.14953967519492187
2019-08-12,风险平价策略,1.0,0.3,0.15,0.15,0.043231979219903946,0.36972513547191466,0.0,0.05693443993181351,0.0835920862412017,0.01928507042319474,0.021660640070814096,0.04534373168985797,0.060226916951299295,0.1499274404550332
2019-08-13,风险平价策略,1.0,0.3,0.15,0.15,0.04299193102647528,0.3700463256176441,0.0,0.05649975813927285,0.08375421846373123,0.01931778932846414,0.021696706713380077,0.04540827835288068,0.06028499235815154,0.1496935698036745
2019-08-14,风险平价策略,1.0,0.3,0.15,0.15,0.044991099986334465,0.3775474109044928,0.0,0.059164401029201355,0.08583486480831354,0.020364746683201894,0.02258420780380612,0.04147629807529172,0.048036970709358105,0.14916089177471964
2019-08-15,风险平价策略,1.0,0.3,0.15,0.15,0.046403711846373936,0.3730019749931172,0.0,0.05956141535905813,0.08865562450283138,0.020174925182031206,0.021841247736507363,0.04086203098552596,0.04949906939455477,0.15103422761432556
2019-08-16,风险平价策略,1.0,0.3,0.15,0.15,0.04683233686744044,0.3712350633792054,0.0,0.06015764258272468,0.08845979026881962,0.020372675610952806,0.021924424706923053,0.041043867725277565,0.04997419885865631,0.15169965195295487
2019-08-19,风险平价策略,1.0,0.3,0.15,0.15,0.046830957297117004,0.37135288495825,0.0,0.060165879103515785,0.08847670646963889,0.020369826007638134,0.021922412421167322,0.041056159160246235,0.049825174582426614,0.1516639850827615
2019-08-20,风险平价策略,1.0,0.3,0.15,0.15,0.04774843849686818,0.3685349454916029,0.0,0.06139710132937058,0.08729852230279823,0.020793849031954848,0.022368409437673275,0.0419735949137836,0.049885138995948326,0.15287036352845043
2019-08-21,风险平价策略,1.0,0.3,0.15,0.15,0.04982029930513737,0.355483137097835,0.0,0.0623519482119726,0.09160388776914814,0.020919052887959793,0.023462791045925014,0.0441165855222287,0.05224229815979338,0.15676764321784362
2019-08-22,风险平价策略,1.0,0.3,0.15,0.15,0.04988094369153079,0.3558574322512426,0.0,0.06198620867695538,0.09172720456781638,0.020678668292255096,0.023455898078360043,0.04415206838827144,0.05226157605356822,0.1567657967972083
2019-08-23,风险平价策略,1.0,0.3,0.15,0.15,0.0499865820206708,0.35633154394705596,0.0,0.06213167917856431,0.09077358603305408,0.020718101539547985,0.023503446453175526,0.04423453838970301,0.05232052243822836,0.1568031294533108
2019-08-26,风险平价策略,1.0,0.3,0.15,0.15,0.048414091679513924,0.36322889485599746,0.0,0.05893604389309074,0.08698223953487146,0.02063713021531151,0.02316602881468059,0.04529888855344652,0.053336682453087765,0.1545863073555012
2019-08-27,风险平价策略,1.0,0.3,0.15,0.15,0.04849792235732428,0.364048721101374,0.0,0.05907833972597315,0.08715896560800498,0.020678250156814678,0.023191951031320008,0.04371734030964274,0.053628509709546135,0.1546330730539025
2019-08-28,风险平价策略,1.0,0.3,0.15,0.15,0.04848854923414541,0.36347823612555513,0.0,0.059202704793871117,0.08732980471110117,0.020722776176790397,0.02323924270740931,0.04380764488597236,0.05373104136515505,0.15471982169192502
2019-08-29,风险平价策略,1.0,0.3,0.15,0.15,0.047178926277428083,0.36596534514528245,0.0,0.05995372361045443,0.08467382940548195,0.020361773121322105,0.023501046256257742,0.04416351522553239,0.054201840958240724,0.15336807706886382
2019-08-30,风险平价策略,1.0,0.3,0.15,0.15,0.052072946128442626,0.336153692812188,0.0,0.06870364656008517,0.09744975988585913,0.02356391779999979,0.026955817021886336,0.04324829269639023,0.05185192709514861,0.16183387859027434
2019-09-02,风险平价策略,1.0,0.3,0.15,0.15,0.053435079899491006,0.3288230317369256,0.0,0.07003742110735267,0.10005245747648915,0.024175377931207657,0.026395446647994786,0.044531694296321186,0.05254949090421787,0.16392937115369524
2019-09-03,风险平价策略,1.0,0.3,0.15,0.15,0.05377425370797577,0.3296387522070183,0.0,0.06859537444664418,0.09881568363517446,0.024518097969222073,0.02650755682849126,0.045045341785045684,0.05310493942042821,0.164176764115903
2019-09-04,风险平价策略,1.0,0.3,0.15,0.15,0.053791463806520015,0.32986770712594615,0.0,0.06862286110769962,0.09884277549922549,0.024525121363188313,0.02651631049589403,0.04466327241583826,0.053170488185688154,0.16418111043825645
2019-09-05,风险平价策略,1.0,0.3,0.15,0.15,0.053994103729397336,0.33143783855030723,0.0,0.06893247924653105,0.0979832734956099,0.024614399200803164,0.02661246856092973,0.0428066907049263,0.053618746511495334,0.16426512675039073
2019-09-06,风险平价策略,1.0,0.3,0.15,0.15,0.0546925269289924,0.34129488059158236,0.0,0.06955013826403433,0.10008671721609964,0.02495132282329268,0.026814686151967596,0.040165811491606855,0.04244391653242409,0.16229507239218044
2019-09-09,风险平价策略,1.0,0.3,0.15,0.15,0.05527887084886782,0.3387123860486814,0.0,0.07008081053306933,0.10116093696472689,0.02523594564993498,0.027122296237294903,0.039310976710536745,0.04309777700688787,0.16329241019045396
2019-09-10,风险平价策略,1.0,0.3,0.15,0.15,0.057521051543145664,0.32850956032553363,0.0,0.07495953893597695,0.10020575882273815,0.025996833698761237,0.028973636670370062,0.04259702792718069,0.041236592076293564,0.16653512306788196
2019-09-11,风险平价策略,1.0,0.3,0.15,0.15,0.058955971972901325,0.3237133741423735,0.0,0.074937924990135,0.10273896116766051,0.025672863861315485,0.02973731468846301,0.04183905198667057,0.04240453719048061,0.1686697828400415
2019-09-12,风险平价策略,1.0,0.3,0.15,0.15,0.0624362968733871,0.3043247947616007,0.0,0.07973487287100453,0.10893523369145407,0.02689085898142534,0.028306106464809844,0.04446529967196598,0.04490653668435243,0.17421535311697622
2019-09-16,风险平价策略,1.0,0.3,0.15,0.15,0.06364404603698999,0.308551875359563,0.0,0.08142845539828662,0.1001460620014866,0.027373939416246055,0.028786735315112767,0.044312893884300285,0.04575599258801452,0.1748474448361438
2019-09-17,风险平价策略,1.0,0.3,0.15,0.15,0.0598568307614744,0.30161263681121836,0.0,0.08183326712899605,0.10221066883685652,0.029282551315685343,0.03074522637755864,0.047180389170547635,0.04727842959766303,0.1730320934802934
2019-09-18,风险平价策略,1.0,0.3,0.15,0.15,0.06358921152459573,0.29124026933988667,0.0,0.08686577171271798,0.10490784849865904,0.027087093332999395,0.02682524280328654,0.04983288691974301,0.04965167586811156,0.17712362559821265
2019-09-19,风险平价策略,1.0,0.3,0.15,0.15,0.06570784970518259,0.3001906564683245,0.0,0.0838282413576798,0.09884863244665355,0.025571000548724836,0.024975439820457742,0.050859398882795,0.05001878077018199,0.17739710723182806
2019-09-20,风险平价策略,1.0,0.3,0.15,0.15,0.0657047689447785,0.3002025661480956,0.0,0.08381946679046727,0.09885331869071441,0.025569232092569068,0.02497312060198103,0.05085927120679546,0.05001825552459865,0.17739246362761166
2019-09-23,风险平价策略,1.0,0.3,0.15,0.15,0.06339427835664022,0.3003102538873828,0.0,0.08188551840752699,0.10033706435288402,0.0261023613079311,0.02546322007538344,0.05166504375947185,0.050842259852779535,0.17559556823947114
2019-09-24,风险平价策略,1.0,0.3,0.15,0.15,0.06473216987195471,0.29859004438838344,0.0,0.08384060631982954,0.09808638821630342,0.02615733150695707,0.025427440785226487,0.051149050534518924,0.05201696837682634,0.17710289522989958
2019-09-25,风险平价策略,1.0,0.3,0.15,0.15,0.06101299863957562,0.30355790983880077,0.0,0.0836319555085706,0.09638205026476676,0.02671851339065497,0.024321617355808265,0.05178802965680948,0.05258692534501349,0.17318603509153863
2019-09-26,风险平价策略,1.0,0.3,0.15,0.15,0.0661060181494991,0.28636047065539827,0.0,0.09064874679877317,0.09622466450424369,0.02895112377951301,0.025951419781173702,0.05362526012198715,0.052132296209411844,0.1799592478513532
2019-09-27,风险平价策略,1.0,0.3,0.15,0.15,0.06895423538282408,0.28174512923809814,0.0,0.09033949406380541,0.09524415481629801,0.029628776591004134,0.027094595708132038,0.055399275897550206,0.051594338302287907,0.18304673067298818
2019-09-30,风险平价策略,1.0,0.3,0.15,0.15,0.06829829816325635,0.28223670353797314,0.0,0.09053296411635368,0.09543563681909224,0.029672037538362988,0.02703528951116591,0.05549202506811756,0.05129704524567801,0.18238186685411695
2019-10-08,风险平价策略,1.0,0.3,0.15,0.15,0.07011065912415287,0.2877428385465745,0.0,0.0835152310792551,0.09365237038502205,0.030453042777013804,0.02639080827528367,0.056520880805685646,0.05161416900701231,0.1830728040689873
2019-10-09,风险平价策略,1.0,0.3,0.15,0.15,0.07059712325595151,0.2877524369005565,0.0,0.08282416997541137,0.09287108552825643,0.030648141735289403,0.026565076758961362,0.05684627498413922,0.05189569086143419,0.1835339929060588
2019-10-10,风险平价策略,1.0,0.3,0.15,0.15,0.07130974577839769,0.28456654834513095,0.0,0.08366394157676853,0.0937066572312141,0.03072274454134184,0.026862846921337974,0.05743502299092919,0.05173249261487972,0.18457383380414658
2019-10-11,风险平价策略,1.0,0.3,0.15,0.15,0.07487871192503165,0.27470874317022187,0.0,0.08812010383312671,0.0894784184410853,0.03112182274018651,0.028356482863745775,0.06060690483538418,0.05272881219121792,0.18916994349253244
2019-10-14,风险平价策略,1.0,0.3,0.15,0.15,0.07564072042937887,0.27876521577845864,0.0,0.08896935493347405,0.08740182783336682,0.031430524924320254,0.028573565760698753,0.05938630998952881,0.04983248035077359,0.18898928514394828
2019-10-15,风险平价策略,1.0,0.3,0.15,0.15,0.07293304628002631,0.2812629330988172,0.0,0.09047021232292513,0.08870019167461793,0.02964196054951295,0.02697185912688258,0.059868260771496366,0.05015153617572142,0.18612731649061978
2019-10-16,风险平价策略,1.0,0.3,0.15,0.15,0.07335920607575318,0.2815415814126506,0.0,0.08867449688930128,0.08966131185630742,0.02983599180784781,0.02690745248992831,0.06019803343652333,0.04982192603168801,0.1863898620500987
2019-10-17,风险平价策略,1.0,0.3,0.15,0.15,0.07248426526452395,0.2832498960701353,0.0,0.08806897553478654,0.09029662278557031,0.029696570181689926,0.025987568810708715,0.060239039252967676,0.04997706209961755,0.1852930998386272
2019-10-18,风险平价策略,1.0,0.3,0.15,0.15,0.06918812062197997,0.27041006865677675,0.0,0.09119205379572305,0.09540913037415442,0.03095863648067281,0.027458999235299337,0.06342031263868007,0.05196267819671348,0.18464860030069813
2019-10-21,风险平价策略,1.0,0.3,0.15,0.15,0.07267631234128992,0.25965380806451394,0.0,0.0959759441460899,0.09233791373271773,0.029745721786247886,0.028724269284590622,0.06651872023375646,0.05436731041079347,0.18941669422365365
2019-10-22,风险平价策略,1.0,0.3,0.15,0.15,0.0729711323282558,0.26001345918374447,0.0,0.09643174266499087,0.09280437243902737,0.029897268595921754,0.028425806943383036,0.06537296812151781,0.05408324972315893,0.18956983688596343
2019-10-23,风险平价策略,1.0,0.3,0.15,0.15,0.07190323338756686,0.2616044646263614,0.0,0.09486178119563374,0.09328315859321644,0.03010132974988622,0.028637234994533894,0.06517828115643205,0.054430516296369406,0.18854139773849304
2019-10-24,风险平价策略,1.0,0.3,0.15,0.15,0.07198678137259171,0.2613271708423871,0.0,0.09495422500218997,0.09338565559285951,0.03013077669247654,0.02866472776544317,0.06512516016902947,0.05442550256302256,0.1886546980011423
2019-10-25,风险平价策略,1.0,0.3,0.15,0.15,0.0726275473827236,0.2583690067187746,0.0,0.09576866100001116,0.09362645180793394,0.03009171828472879,0.0289457274125503,0.0656307684696858,0.0549401189235917,0.18968344868004902
2019-10-28,风险平价策略,1.0,0.3,0.15,0.15,0.07673692928748767,0.24610142680307406,0.0,0.10142622300808579,0.09986682780425095,0.028998914981291028,0.030790002367922373,0.05670294169230673,0.05937673405558127,0.19587583734765568
2019-10-29,风险平价策略,1.0,0.3,0.15,0.15,0.07448873045962504,0.2506088914043966,0.0,0.10133696708161923,0.09864387860475432,0.029485800351359014,0.030987236860143083,0.05779756782871019,0.05665092740939249,0.19305533340189376
2019-10-30,风险平价策略,1.0,0.3,0.15,0.15,0.07487107329470838,0.24079877132320437,0.0,0.10396292242132128,0.10137561401752157,0.0303195294062095,0.031396705408431105,0.059399850715097784,0.057875533413506014,0.1948736040865013
2019-10-31,风险平价策略,1.0,0.3,0.15,0.15,0.07150969656644242,0.24612071533141167,0.0,0.1016480540897282,0.10311646301339061,0.031033787808059456,0.03121133728800969,0.05613367330202903,0.05922627260092891,0.1915691429032838
2019-11-01,风险平价策略,1.0,0.3,0.15,0.15,0.07198121556254548,0.2471380665685684,0.0,0.09954747443989062,0.10374140097862859,0.03112663527585508,0.03068921495156723,0.0563586080727356,0.059417384150208925,0.19176145068663378
2019-11-04,风险平价策略,1.0,0.3,0.15,0.15,0.07222548959780926,0.2462698190798887,0.0,0.09930506447820463,0.10410652041768559,0.031222206286698074,0.030797467105077532,0.05658362829147615,0.05948980474316,0.1921040702064891
2019-11-05,风险平价策略,1.0,0.3,0.15,0.15,0.0723272582217401,0.24675969532039624,0.0,0.09942258216462892,0.10431829754330457,0.03126096859229538,0.030823989255388876,0.05634851076309792,0.058738698139147935,0.1920449744585982
2019-11-06,风险平价策略,1.0,0.3,0.15,0.15,0.06851166646430173,0.2572354796597582,0.0,0.10072156217283003,0.10696756365080479,0.030058786011777326,0.031555271178801525,0.05173632364766327,0.05321334721406312,0.1870059532809298
2019-11-07,风险平价策略,1.0,0.3,0.15,0.15,0.06878942110995379,0.25673187326718167,0.0,0.10070104809837326,0.10744475943664314,0.029809588638560435,0.03122935383497638,0.05192468704894512,0.053369268565366126,0.18726567495764906
2019-11-08,风险平价策略,1.0,0.3,0.15,0.15,0.06665349721958991,0.25173420193923435,0.0,0.10477369199994412,0.11241874013105929,0.029936339640023055,0.03167247553911706,0.05460960779426126,0.04820144573677098,0.18551766513990253
2019-11-11,风险平价策略,1.0,0.3,0.15,0.15,0.05828967818785774,0.27275878238062334,0.0,0.10739473605960065,0.09617717215230095,0.03057331996728,0.03420841553389684,0.04896639156837702,0.05163150415006338,0.17664676249246894
2019-11-12,风险平价策略,1.0,0.3,0.15,0.15,0.05975892224727408,0.2707082046961643,0.0,0.1098317062523156,0.09314343269919069,0.03134659190695026,0.03494422426989498,0.049755501003472695,0.050511416924737255,0.17812513385684503
2019-11-13,风险平价策略,1.0,0.3,0.15,0.15,0.05909867965088218,0.2738699551130497,0.0,0.10656791838013016,0.09382996899093603,0.03157522569847227,0.03374622535186584,0.050313841806884745,0.05099818500777904,0.17699596222648953
2019-11-14,风险平价策略,1.0,0.3,0.15,0.15,0.05947122811944037,0.2726272773006347,0.0,0.10752716006041245,0.09278438271963017,0.03188999251549341,0.03403175383765688,0.050147007879655495,0.05152119756707646,0.17759326319558377
2019-11-15,风险平价策略,1.0,0.3,0.15,0.15,0.05928210315793889,0.275852518946866,0.0,0.10658263472613848,0.09230379226168062,0.03183228208600482,0.03297148489651485,0.04978487662969549,0.05139030729516085,0.1768239275756726
2019-11-18,风险平价策略,1.0,0.3,0.15,0.15,0.05928073913690131,0.2758553652269647,0.0,0.10658574432042026,0.0923012521356201,0.03183158037882588,0.03297175537171024,0.049784103668260735,0.051389459761296725,0.17682235529392654
2019-11-19,风险平价策略,1.0,0.3,0.15,0.15,0.05975792948084476,0.27771080810479765,0.0,0.10590182071996956,0.09052178601173526,0.03189350678618434,0.032768010070449764,0.04973193027693139,0.05171420854908731,0.17698126546647827
2019-11-20,风险平价策略,1.0,0.3,0.15,0.15,0.05845845758818333,0.2777981045114356,0.0,0.10769814481283312,0.09166014198670522,0.031623690891061866,0.030849719898414084,0.04967276761413036,0.05223897269723639,0.1756330460529315
2019-11-21,风险平价策略,1.0,0.3,0.15,0.15,0.058271061499574735,0.27795251973341356,0.0,0.10776908062553305,0.09172737605123771,0.031643237313367246,0.030865406399880044,0.04956775314967189,0.05220356522732176,0.17545639412553488
2019-11-22,风险平价策略,1.0,0.3,0.15,0.15,0.05897665649895089,0.27949271028732864,0.0,0.10401305309606422,0.0926466950217587,0.03212428099632777,0.0313454002745694,0.04908723584215026,0.05231396798285004,0.17595044150690126
2019-11-25,风险平价策略,1.0,0.3,0.15,0.15,0.0610039370820119,0.27053482978553983,0.0,0.10731492598672882,0.0924635833814965,0.033298482656503606,0.032361208614940816,0.05090250210079889,0.052120530391979496,0.17895927191681124
2019-11-26,风险平价策略,1.0,0.3,0.15,0.15,0.06140734779334567,0.2723621681266081,0.0,0.10749991520352303,0.09057845963430561,0.032610912579841035,0.03206368224774203,0.0512121161581256,0.052265398256508895,0.1790050620407927
2019-11-27,风险平价策略,1.0,0.3,0.15,0.15,0.06098593401887806,0.2717402503153616,0.0,0.10834670624150465,0.0904646831600679,0.03267885217737777,0.03229050064382307,0.05079862280481485,0.05269445063817206,0.1788358948005054
2019-11-28,风险平价策略,1.0,0.3,0.15,0.15,0.06042665352260102,0.2724996898233437,0.0,0.10828231455094503,0.09074403608062424,0.03251174475060393,0.03220496262975067,0.050957143847302634,0.05237345479482871,0.17820494256105998
2019-11-29,风险平价策略,1.0,0.3,0.15,0.15,0.06039992170354724,0.27254701338480253,0.0,0.1082242076508797,0.09076366087913483,0.03251545901916273,0.03220981178641833,0.050962719950579854,0.052377205625474765,0.1781771949765895
2019-12-02,风险平价策略,1.0,0.3,0.15,0.15,0.065278397805622,0.24949955584221012,0.0,0.11590175347578066,0.0982839900126753,0.034386367128621274,0.029877857113942335,0.05007513221930505,0.056696946401843175,0.18557711452918313
2019-12-03,风险平价策略,1.0,0.3,0.15,0.15,0.06567566498506423,0.2505127977267718,0.0,0.1133942041134728,0.09864982184510077,0.03456888624991981,0.029951710437618365,0.050316479654085505,0.05693043498796661,0.18580845123579132
2019-12-04,风险平价策略,1.0,0.3,0.15,0.15,0.06529992387135296,0.2518779746602981,0.0,0.11219502801069378,0.09926459554308889,0.03451886334386761,0.029882862874654095,0.049731534011400166,0.05722921768464433,0.1853504162679949
2019-12-05,风险平价策略,1.0,0.3,0.15,0.15,0.06547214259207355,0.2526155087671082,0.0,0.11249943605207846,0.0982331630525711,0.03460737687132014,0.0299361990942637,0.04988571936912899,0.05675045420145576,0.1853428546406784
2019-12-06,风险平价策略,1.0,0.3,0.15,0.15,0.06822503858224757,0.24771124075952902,0.0,0.11690827832285754,0.09345008011769143,0.035182649322488845,0.03114155275289583,0.0513057773737562,0.05607538276853362,0.18839236245125113
2019-12-09,风险平价策略,1.0,0.3,0.15,0.15,0.06850261210934729,0.2469934414844817,0.0,0.11730217215338577,0.09391520149304064,0.03532675677081845,0.031250168440563754,0.05154912638103182,0.0551605211673305,0.18862416283829378
2019-12-10,风险平价策略,1.0,0.3,0.15,0.15,0.0684108177951867,0.24743064707539034,0.0,0.11746760144271708,0.0940715435719792,0.03463339544956601,0.03131709162909996,0.05144508188378859,0.055223821152272166,0.1885025242896898
2019-12-11,风险平价策略,1.0,0.3,0.15,0.15,0.06841477239995956,0.24743472691194973,0.0,0.11748505686245037,0.09407255401217074,0.034637672283182534,0.031293187093133536,0.05144579565174195,0.05521623478541161,0.18850058164528316
2019-12-12,风险平价策略,1.0,0.3,0.15,0.15,0.06869322269686852,0.24845036961012554,0.0,0.11793219394291672,0.09269968672924887,0.03478482094450817,0.03139224697846505,0.05056695936621789,0.05548049973164923,0.18867276608081346
2019-12-13,风险平价策略,1.0,0.3,0.15,0.15,0.071478078253459,0.2405673627664304,0.0,0.12108919025869312,0.09695010915579688,0.035731858849868264,0.032519116249756695,0.04943345090221501,0.05223083356378054,0.1919100654484844
2019-12-16,风险平价策略,1.0,0.3,0.15,0.15,0.07152063846719621,0.24072423942218976,0.0,0.1211692256066483,0.09659580720381766,0.03574680455712932,0.032529223790595564,0.0494590638544396,0.05225499709798349,0.1919285355786406
2019-12-17,风险平价策略,1.0,0.3,0.15,0.15,0.07261972409330333,0.2339748695231074,0.0,0.12296247988018953,0.09827734956856345,0.035911934921951424,0.03307914371942062,0.050054203470668655,0.053120294822795566,0.19393855247169753
2019-12-18,风险平价策略,1.0,0.3,0.15,0.15,0.07259779421080603,0.23327191338494493,0.0,0.12004951585957499,0.09966545169701661,0.03631519022138513,0.033578649831082066,0.0507338347595608,0.05378765003562937,0.19415867766678518
2019-12-19,风险平价策略,1.0,0.3,0.15,0.15,0.0728684317556889,0.23436687325461245,0.0,0.12040086981222384,0.10005057277812081,0.035574817145659944,0.033701008373297335,0.049370147058303504,0.05366727982209319,0.19427683346349225
2019-12-20,风险平价策略,1.0,0.3,0.15,0.15,0.07309621001464034,0.23494253757412029,0.0,0.11977535133488261,0.09956207690743063,0.0356745894732622,0.033802403888686654,0.04933903237281182,0.05380779843416536,0.19442546919762962
2019-12-23,风险平价策略,1.0,0.3,0.15,0.15,0.06700216567767528,0.23765101361832344,0.0,0.12196488287534753,0.10091897542764874,0.034766961362069124,0.033297734899417654,0.05001909403677115,0.05437917210274703,0.18889916735952758
2019-12-24,风险平价策略,1.0,0.3,0.15,0.15,0.06700108702160859,0.2376221606048706,0.0,0.12195778595800057,0.10092524409576377,0.03477099234953461,0.03330273250782751,0.050028269577107064,0.05439172788528713,0.18890422780016267
2019-12-25,风险平价策略,1.0,0.3,0.15,0.15,0.06661742544626532,0.23790364722156798,0.0,0.12214091971832533,0.10105430243833975,0.03476012427673958,0.033347328789217874,0.049709011694906685,0.054467240414637456,0.18856961734790276
2019-12-26,风险平价策略,1.0,0.3,0.15,0.15,0.06809317718816352,0.24345620652491265,0.0,0.12513707441994107,0.08781048672754113,0.035585718284211844,0.03398053611820676,0.050093980451338616,0.055842820285684366,0.1893227429396913
2019-12-27,风险平价策略,1.0,0.3,0.15,0.15,0.06813705088597102,0.24315415388799347,0.0,0.12521523373622828,0.08787051885264924,0.03561304546769647,0.03400677707455552,0.05011618253947328,0.0558870375554327,0.18940948578641012
2019-12-30,风险平价策略,1.0,0.3,0.15,0.15,0.06865622931629344,0.24441533048524378,0.0,0.1218352209054146,0.088441397451825,0.03583872095629629,0.03421474697831002,0.05041969403970891,0.05617865986690795,0.18973675809910884
2019-12-31,风险平价策略,1.0,0.3,0.15,0.15,0.0729904477051873,0.24839792810117278,0.0,0.1076369559655249,0.09306773557233235,0.03325480512584428,0.033448735488080764,0.05248940283778054,0.0587139892040771,0.1929335981274062
2020-01-02,风险平价策略,1.0,0.3,0.15,0.15,0.07400317831054229,0.24497665766586418,0.0,0.10911734603008187,0.09327715152561683,0.03320395814845417,0.03371134692744344,0.0532404976452047,0.05846986374679245,0.1942358448060983
2020-01-03,风险平价策略,1.0,0.3,0.15,0.15,0.07347161869205826,0.24904356484063583,0.0,0.09722195255751122,0.09633583706462863,0.03465780433216896,0.0352511072425447,0.05348290829787465,0.06053520697257775,0.19374177123774505
2020-01-06,风险平价策略,1.0,0.3,0.15,0.15,0.07364671057452003,0.25052577554770505,0.0,0.09568696020629146,0.0969477274812437,0.034886372094644146,0.03546546830043707,0.05192930950890967,0.06091167628624879,0.19381711770175558
2020-01-07,风险平价策略,1.0,0.3,0.15,0.15,0.07973723203424862,0.2433253095237614,0.0,0.10350329898857999,0.09821996162834232,0.03206068169029143,0.03008652560421718,0.05652318530986799,0.05654380522069111,0.19835437010382562
2020-01-08,风险平价策略,1.0,0.3,0.15,0.15,0.0704147124307903,0.24911408928742465,0.0,0.10217894666058278,0.10097841374991323,0.03301325879909865,0.030931504779856695,0.0553288551713961,0.05804021912093755,0.1901020903802002
2020-01-09,风险平价策略,1.0,0.3,0.15,0.15,0.07570880157493314,0.2857735358523882,0.0,0.10953618276494012,0.09172268368743963,0.027544488886834403,0.02011535287475351,0.055446220433210666,0.03415273392550026,0.18494480878976405
2020-01-10,风险平价策略,1.0,0.3,0.15,0.15,0.07512366711629019,0.2892015753309124,0.0,0.11097781947979288,0.0927337983940036,0.027846078340017455,0.01999717676385,0.04955185365484283,0.034568030920290545,0.18420128487441634
2020-01-13,风险平价策略,1.0,0.3,0.15,0.15,0.07780351894914504,0.29196536369095344,0.0,0.1121139909993714,0.08305638581894846,0.028940471381319516,0.02040138976361503,0.049757657302630404,0.03596122209401662,0.1863158758271978
2020-01-14,风险平价策略,1.0,0.3,0.15,0.15,0.07903752447301007,0.2909281145999948,0.0,0.11397259724180314,0.0828036851746329,0.028704664632314997,0.019412632662284275,0.050804159172604384,0.034336622043355455,0.18710556282864232
2020-01-15,风险平价策略,1.0,0.3,0.15,0.15,0.07710050339246793,0.2921451456133462,0.0,0.11388242522772635,0.0831664162071788,0.02874400636050323,0.019367647567730545,0.0511206101459488,0.034473245485098135,0.18531426302014656
2020-01-16,风险平价策略,1.0,0.3,0.15,0.15,0.0749132486777104,0.290460418302994,0.0,0.11459765809774886,0.08447918884646967,0.029222914805196953,0.01966468007581854,0.05168936961562067,0.03497252157844083,0.18379957187949975
2020-01-17,风险平价策略,1.0,0.3,0.15,0.15,0.07466937531129053,0.29089558274795174,0.0,0.11480547134024612,0.084185778646211,0.029265678053494875,0.019690940853906692,0.051494101320737236,0.03499307172616183,0.1835489244751879
2020-01-20,风险平价策略,1.0,0.3,0.15,0.15,0.07509014568456863,0.29366537929899816,0.0,0.11257059845213457,0.08198110708402694,0.029557138128212805,0.01988188474906902,0.05195164606039449,0.03530210054259532,0.18358527179410566
2020-01-21,风险平价策略,1.0,0.3,0.15,0.15,0.06103667774416529,0.3292185049840558,0.0,0.08322766618919096,0.07805760234495794,0.029144316074581286,0.020723401025848773,0.0594238445446096,0.039167987092590326,0.16735094157190547
2020-01-22,风险平价策略,1.0,0.3,0.15,0.15,0.0618290873285147,0.3301993423876107,0.0,0.08407786351713312,0.07920701486393379,0.02959186905730153,0.020920658208605614,0.055924003533842144,0.0382501611030584,0.16791504536392657
2020-01-23,风险平价策略,0.0,0.0,0.0,0.0,0.06113715850930698,0.5248510230074551,0.0,0.10342702240074401,0.11267581170678712,0.041241568458205105,0.0269905307211075,0.06865898424353885,0.061017900952855246,0.15049360422880714
2020-02-03,风险平价策略,0.0,0.0,0.0,0.0,0.02165425721915674,0.7082582917911797,0.0,0.033512308092825294,0.05201386216228302,0.023751574261351896,0.0196162521928962,0.056727925615009146,0.08446552866529784,0.09438484843714476
2020-02-04,风险平价策略,0.0,0.0,0.0,0.0,0.023622999843295717,0.6898392877261941,0.0,0.03656707961112663,0.056995020760655574,0.024271344050628082,0.019421511533090966,0.06230655348142485,0.08697620299358402,0.09863311906592037
2020-02-05,风险平价策略,0.0,0.0,0.0,0.0,0.023645641716759674,0.6911319620001946,0.0,0.0365974254275238,0.057063878036207695,0.024309235074089677,0.01940711506500105,0.06178422346983916,0.08606051921038439,0.09838149053434389
2020-02-06,风险平价策略,0.0,0.0,0.0,0.0,0.023645472099995964,0.6915352163176162,0.0,0.036595026667762244,0.057074178187106896,0.02431684697178022,0.019417764458389757,0.06180328347965221,0.08561221181769653,0.0982743200579126
2020-02-07,风险平价策略,0.0,0.0,0.0,0.0,0.023604831774445084,0.6917476524849507,0.0,0.03638624201573804,0.05715805274922837,0.024352032908412247,0.019340170477229558,0.06176796295804269,0.08564305463195332,0.0982042008775995
2020-02-10,风险平价策略,0.0,0.0,0.0,0.0,0.02402492693894232,0.6868848932644035,0.0,0.03663242203479915,0.05807827129028502,0.02474669461362828,0.019475924535411682,0.06288913612228252,0.08726773120024753,0.09940054657018046
2020-02-11,风险平价策略,0.0,0.0,0.0,0.0,0.026526700555973916,0.6529714992482838,0.0,0.04048691459822839,0.06438494726679275,0.02760034845097091,0.02154766992204045,0.0700276801427362,0.09645423981497353,0.10732858511405069
2020-02-12,风险平价策略,0.0,0.0,0.0,0.0,0.026616951633088883,0.6534025138134225,0.0,0.040619291209377024,0.06428130010896811,0.027640532848356877,0.021621447799626107,0.06943776221115058,0.09638020037600979,0.107367228162193
2020-02-13,风险平价策略,0.0,0.0,0.0,0.0,0.02659391400038272,0.653464285947809,0.0,0.04063581137515549,0.06417707163199433,0.027649572903078116,0.021627251214760432,0.06946028210370707,0.09639181082311277,0.10734127391642204
2020-02-14,风险平价策略,0.0,0.0,0.0,0.0,0.03042132980442774,0.6033265233858485,0.0,0.04652772555162482,0.07331189937049006,0.03191675888652861,0.02502431220608716,0.0769359797981595,0.11253547099683366,0.11962407104614425
2020-02-17,风险平价策略,0.0,0.0,0.0,0.0,0.030596244519414395,0.6011636613027992,0.0,0.04679938631009879,0.07348343198888857,0.032110960183337284,0.025176988764469107,0.0774209028449243,0.11324842408606835,0.12016036272955911
2020-02-18,风险平价策略,0.0,0.0,0.0,0.0,0.03057461274443891,0.6027867039069085,0.0,0.04668586590913116,0.07391852757178999,0.03191480940236795,0.025002099993261872,0.07549450026060306,0.11362288021149868,0.11999586438840339
2020-02-19,风险平价策略,0.0,0.0,0.0,0.0,0.03056658447921641,0.6027502517519622,0.0,0.0466992950628916,0.07389308433603634,0.031923113096476385,0.02500783268538713,0.07551499635398752,0.1136448422340423,0.11999706251411903
2020-02-20,风险平价策略,0.0,0.0,0.0,0.0,0.031271962103681446,0.5936657234455597,0.0,0.047785863174700065,0.07493714482884115,0.03270351123879204,0.02562701510386693,0.07742484521862043,0.11658393488593828,0.12221825986070248
2020-02-21,风险平价策略,0.0,0.0,0.0,0.0,0.031451993486843494,0.5947247342037169,0.0,0.04722176128538925,0.0739301839344877,0.03286407726268684,0.025486652897346068,0.07749728605356777,0.11682331087596201,0.12223221937115741
2020-02-24,风险平价策略,0.0,0.0,0.0,0.0,0.03111066041454313,0.600880058060946,0.0,0.04843863803978604,0.07369937846407859,0.0322315607189825,0.023883807950381454,0.07117015768357904,0.11858573866770326,0.1212530556988564
2020-02-25,风险平价策略,0.0,0.0,0.0,0.0,0.030758287588947164,0.6112445382974846,0.0,0.04892649664054139,0.07517657527107315,0.03280085719819332,0.024480322204529302,0.07277513756471875,0.1038377852345122,0.11784108913046171
2020-02-26,风险平价策略,0.0,0.0,0.0,0.0,0.031198391677399483,0.6120809099522049,0.0,0.04844743678119303,0.07486323228663389,0.031939367603963126,0.023120174032623,0.073630162857077,0.10472032480890561,0.11795188177808359
2020-02-27,风险平价策略,0.0,0.0,0.0,0.0,0.03145660960616707,0.6135352143199799,0.0,0.04828847670518582,0.07399885366639204,0.03126738449825528,0.02222709036674564,0.07408750860730168,0.10513886222997247,0.11785934464902255
2020-02-28,风险平价策略,0.0,0.0,0.0,0.0,0.030743174918307824,0.6523206259253399,0.0,0.04377441520912756,0.059661076689656235,0.03140572172238609,0.020934821177915917,0.06780326013424592,0.09335690422302062,0.11059334173988321
2020-03-02,风险平价策略,0.0,0.0,0.0,0.0,0.03240163812544178,0.6455845145876173,0.0,0.04610159447636559,0.06323196451268459,0.03337941112204349,0.022322542894968107,0.07208729651345389,0.0848910377674253,0.11199317316714552
2020-03-03,风险平价策略,0.0,0.0,0.0,0.0,0.032772245753734074,0.6416576982791582,0.0,0.04663032425408068,0.06398825211455553,0.03378968074474283,0.022600753416357165,0.07299337343119398,0.08556767200617758,0.11293723395732033
2020-03-04,风险平价策略,0.0,0.0,0.0,0.0,0.032883740142484526,0.6423607133573066,0.0,0.04629813404629938,0.06350841066492532,0.033889609871857664,0.022607473752153016,0.0727622845736353,0.08568963359133819,0.11295962480926519
2020-03-05,风险平价策略,0.0,0.0,0.0,0.0,0.03299101193195034,0.6413232530680899,0.0,0.046450515325375204,0.06371694346445447,0.03385726130510098,0.02264906435319536,0.0730115359743599,0.08600041457747389,0.1132259374382745
2020-03-06,风险平价策略,0.0,0.0,0.0,0.0,0.03226391063782358,0.6453866498347077,0.0,0.045741279025440534,0.06321223161881992,0.03334901200227497,0.02115950280053851,0.07195558358747202,0.08693183049292261,0.1119666499277217
2020-03-09,风险平价策略,0.0,0.0,0.0,0.0,0.031084020996877404,0.6793873884344677,0.0,0.04105249533190982,0.05440810531510099,0.027316566116271195,0.01900498181290277,0.06402545584138751,0.08372098615108266,0.10583299761283933
2020-03-10,风险平价策略,0.0,0.0,0.0,0.0,0.04477087873501605,0.5611151686488175,0.0,0.05930228031210195,0.07927039132009485,0.033463960525177194,0.02078329638126775,0.09420704729674743,0.10708697678077729,0.13554118319086858
2020-03-11,风险平价策略,0.0,0.0,0.0,0.0,0.044429879960878396,0.5664747294004868,0.0,0.05819196744946016,0.07907516387605203,0.03409840036525208,0.01838685026192059,0.09127933480010098,0.10806367388584892,0.13435915156593078
2020-03-12,风险平价策略,0.0,0.0,0.0,0.0,0.04555066907939579,0.5587968129636912,0.0,0.057122720368633466,0.08309060649407923,0.034765423000496024,0.01839134399420472,0.095784472999334,0.10649795110016545,0.1360214814877117
2020-03-13,风险平价策略,0.0,0.0,0.0,0.0,0.045862487959437814,0.5474084048567435,0.0,0.06143063874122127,0.0895091255028936,0.03767133521414513,0.02003597092084234,0.1033160406121654,0.09476599619255087,0.13647926225448476
2020-03-16,风险平价策略,0.0,0.0,0.0,0.0,0.04319892213612149,0.5734711574439079,0.0,0.056053561672777384,0.08807936203924115,0.03632474698309047,0.018241288767568975,0.1052287335916543,0.0794022273656384,0.1285217472881834
2020-03-17,风险平价策略,0.0,0.0,0.0,0.0,0.04857707464902844,0.5493970743656031,0.0,0.06291018906050691,0.09375657067636567,0.03837022990467674,0.02062950246276049,0.11810908957723948,0.06825026930381924,0.13496731998805706
2020-03-18,风险平价策略,0.0,0.0,0.0,0.0,0.049907187848948736,0.5739764142066188,0.0,0.04770469189780932,0.07575489666774986,0.03755938864453721,0.020783183986295785,0.12163112493212656,0.0726831118159138,0.13320916486942197
2020-03-19,风险平价策略,0.0,0.0,0.0,0.0,0.05552237554114284,0.5524419709206144,0.0,0.0431693429738858,0.06716488364447092,0.03981129394522034,0.024420018274183313,0.13423316495855223,0.08323694974193023,0.14232588426387366
2020-03-20,风险平价策略,0.0,0.0,0.0,0.0,0.0555229012827646,0.5524431463823108,0.0,0.04316743627545357,0.06716675929336609,0.039811124153922704,0.0244197077590866,0.13423387442801726,0.0832350504250782,0.14232586661707222
2020-03-23,风险平价策略,0.0,0.0,0.0,0.0,0.05173898367059572,0.5658374386536152,0.0,0.03981304432508946,0.054776598564624863,0.036889782133076233,0.024946189922990233,0.14101027516027193,0.08498768756973628,0.13740119452763175
2020-03-24,风险平价策略,0.0,0.0,0.0,0.0,0.05175126131464666,0.5659150821263498,0.0,0.03982279145249806,0.05479110517911646,0.036739406449975066,0.024950970807171045,0.14103160306643567,0.08499777960380725,0.1374008582713569
2020-03-25,风险平价策略,0.0,0.0,0.0,0.0,0.05175032738285506,0.5659147071963953,0.0,0.039822655622066015,0.05479102021923683,0.036740400461867884,0.024951018586434386,0.1410329325675234,0.08499693796362134,0.13740000108714195
2020-03-26,风险平价策略,0.0,0.0,0.0,0.0,0.05266219400304144,0.5793913006603669,0.0,0.040107000736717434,0.05577847534231062,0.03740922009446481,0.02512234839269281,0.12349433858859499,0.08603512218181093,0.13703146982134023
2020-03-27,风险平价策略,0.0,0.0,0.0,0.0,0.05337198212256461,0.5740894792696613,0.0,0.04066135955098334,0.056552039366505054,0.03742431187930223,0.0253284181215572,0.1251473200572754,0.08742508963215102,0.13849376645393208
2020-03-30,风险平价策略,0.0,0.0,0.0,0.0,0.05313880110239403,0.5799323981288486,0.0,0.040363975872818494,0.05453583573859229,0.034785718480681536,0.025202220065916315,0.12645033046126883,0.08559072014947985,0.13720330807806935
2020-03-31,风险平价策略,0.0,0.0,0.0,0.0,0.053099113403627066,0.5801153054507788,0.0,0.040387188740794014,0.05456356911463686,0.03480412779836265,0.025216724951038376,0.12619090768900182,0.08562306285176029,0.13715944660488252
2020-04-01,风险平价策略,0.0,0.0,0.0,0.0,0.05456269148169113,0.5998503065685982,0.0,0.041565251018376076,0.054655691862710694,0.03451307283643842,0.02578473202071602,0.10800984514656341,0.08105840906490608,0.13581027104293059
2020-04-02,风险平价策略,0.0,0.0,0.0,0.0,0.05550780806069094,0.593745653105867,0.0,0.042292451882997815,0.05560857649803471,0.03515294353276843,0.026271538980801565,0.1087074897133251,0.08271353822551443,0.13769027116960625
2020-04-03,风险平价策略,0.0,0.0,0.0,0.0,0.05825439223500588,0.5783198421260348,0.0,0.04469266585689365,0.05871942746324231,0.03725947032075841,0.027269236486547773,0.1074430008706692,0.08804196464084779,0.1429379290622271
2020-04-07,风险平价策略,0.0,0.0,0.0,0.0,0.058253283326444784,0.5783370068142937,0.0,0.044690216585028315,0.05871724963475759,0.0372587483438209,0.027268118554472316,0.10743988107132219,0.08803549566986034,0.14293381157468135
2020-04-08,风险平价策略,0.0,0.0,0.0,0.0,0.05816855053606925,0.5793815846918002,0.0,0.04472991331831238,0.058764543546061386,0.03724704745920572,0.027106474152576134,0.10756332879659544,0.08703855749937944,0.14257230189193706
2020-04-09,风险平价策略,0.0,0.0,0.0,0.0,0.058936779097535856,0.5734189501755442,0.0,0.04532301722654335,0.05956006530848689,0.037779164207269504,0.027503499667817517,0.1090593188376138,0.08841920547918883,0.1442122128495294
2020-04-10,风险平价策略,0.0,0.0,0.0,0.0,0.05933670996309855,0.5684487197729519,0.0,0.045977159587969975,0.06039260949296344,0.038182406079239437,0.02716638376945241,0.11066978074479346,0.08982623058953086,0.14528975891195897
2020-04-13,风险平价策略,0.0,0.0,0.0,0.0,0.059750596734113946,0.5709962563385851,0.0,0.04629444588590118,0.05992797871897412,0.03738263093653916,0.026966771553984737,0.1087007408559746,0.08998057897592716,0.1453311636603817
2020-04-14,风险平价策略,0.0,0.0,0.0,0.0,0.059768301813307986,0.5709367242457715,0.0,0.046301219252695494,0.059942623922494956,0.03739574634117894,0.026913737638716594,0.10873172175965931,0.0900099250261752,0.14534831058595724
2020-04-15,风险平价策略,0.0,0.0,0.0,0.0,0.05951469688190702,0.5716452443587094,0.0,0.046191437603554084,0.06003316355074551,0.03738609275099155,0.02667090730729164,0.10888900056120522,0.08966945698559559,0.14495510831048802
2020-04-16,风险平价策略,0.0,0.0,0.0,0.0,0.06011937295318752,0.5778479540946034,0.0,0.046799875842336754,0.06076521725346081,0.03691807892056787,0.025244368561456256,0.10161953519361787,0.09068559718076938,0.14473276484282852
2020-04-17,风险平价策略,0.0,0.0,0.0,0.0,0.06235034784867403,0.5684528001339664,0.0,0.048462796622423567,0.06294698098670988,0.03815142659617242,0.025720598892268357,0.10549507903395881,0.08841996988582652,0.1475755182788058
2020-04-20,风险平价策略,0.0,0.0,0.0,0.0,0.06476477746744835,0.5636006497027652,0.0,0.05028023195810528,0.06399551066837916,0.03876308753145387,0.025326195204340925,0.10273315372422093,0.09053639374328631,0.15053852010826013
2020-04-21,风险平价策略,0.0,0.0,0.0,0.0,0.06409037477665169,0.5701377903415747,0.0,0.0484419678527212,0.06099600532042442,0.037069092794019994,0.023741130964359203,0.10386046393974155,0.09166317401050722,0.14892035196158113
2020-04-22,风险平价策略,0.0,0.0,0.0,0.0,0.0648053787935229,0.5742949185024961,0.0,0.04789149499426492,0.06171155084811047,0.03366745908859999,0.021802415146940916,0.10488380491366342,0.09094297771240126,0.14849840838119704
2020-04-23,风险平价策略,0.0,0.0,0.0,0.0,0.06480771516547587,0.5743066254736628,0.0,0.04789166285196807,0.06170537323272844,0.033665133584239455,0.021801933500535376,0.10488013321776937,0.09094142297362051,0.14849861375628468
2020-04-24,风险平价策略,0.0,0.0,0.0,0.0,0.06446423036567338,0.5749774736854547,0.0,0.04784187791725219,0.06184328196899908,0.033728072890016926,0.02184351520483775,0.10423448816695312,0.091067059800813,0.14816125025239246
2020-04-27,风险平价策略,0.0,0.0,0.0,0.0,0.0662439230533312,0.5669401543859839,0.0,0.049154989886398735,0.06351318809299306,0.03389128235446702,0.021300215650213353,0.1072931422524028,0.09166310432421,0.15063570010160232
2020-04-28,风险平价策略,0.0,0.0,0.0,0.0,0.06691787257898318,0.5721935710017495,0.0,0.049142387516852015,0.06406499691953324,0.03419816837563374,0.02151797192786139,0.10169286498438763,0.09027216669499932,0.15053161212719215
2020-04-29,风险平价策略,0.0,0.0,0.0,0.0,0.06693674265030415,0.572292450765804,0.0,0.049153232255840285,0.0640799135866734,0.0342042490942575,0.021523705474018037,0.10152106896501187,0.0902886372080906,0.1505422227356779
2020-04-30,风险平价策略,0.0,0.0,0.0,0.0,0.07008125006615,0.5507348303994246,0.0,0.051489791154521215,0.06714292358552514,0.03591995779146225,0.022652579700058566,0.1065141789260768,0.09546448837678144,0.15676297351899915
2020-05-06,风险平价策略,0.0,0.0,0.0,0.0,0.07114859670581374,0.5426948857531458,0.0,0.052089577303419586,0.06841880882065846,0.03661692811430723,0.023105897655306837,0.10852169647064262,0.09740360917670572,0.15899690676928643
2020-05-07,风险平价策略,0.0,0.0,0.0,0.0,0.07620107818306682,0.5168080149650168,0.0,0.055845771215689045,0.07055462959761395,0.03929784339864619,0.024599038685813358,0.113856938147515,0.10283668580663881,0.16749334242958666
2020-05-08,风险平价策略,0.0,0.0,0.0,0.0,0.07620345259118542,0.516825844640783,0.0,0.05584760534110807,0.07053250064192136,0.039298176875258634,0.0246005359581218,0.11385631133130657,0.102835572620315,0.16749305804664072
2020-05-11,风险平价策略,0.0,0.0,0.0,0.0,0.08006111353841638,0.4963476458365223,0.0,0.05862844744961704,0.07420751475643173,0.04106193714497588,0.02560626342440681,0.11690806630161805,0.10717901154801175,0.17410626410040697
2020-05-12,风险平价策略,0.0,0.0,0.0,0.0,0.07929749714735437,0.4987329862213799,0.0,0.057984094639833846,0.07314124408521247,0.041015195876473245,0.025327814018287077,0.1176976330546216,0.10680353495683753,0.17302904186876392
2020-05-13,风险平价策略,0.0,0.0,0.0,0.0,0.08021013457349395,0.4939892970057328,0.0,0.05865714202536286,0.07400398080814974,0.041334411140164416,0.025547701017263117,0.11799483219839346,0.10826250123143964,0.17464058940194568
2020-05-14,风险平价策略,0.0,0.0,0.0,0.0,0.07850750801205236,0.4973054548186149,0.0,0.0588369072042201,0.07473912381227893,0.041753656280033025,0.025270792193880093,0.11447031672945972,0.10911624094946079,0.17293077305548363
2020-05-15,风险平价策略,1.0,0.3,0.15,0.15,0.054933513869904936,0.3481154354141546,0.0,0.04118932074762144,0.052322078909519225,0.0292294834631315,0.017690915259306935,0.08012575240508037,0.07639349993128096,0.16303485656553102
2020-05-18,风险平价策略,1.0,0.3,0.15,0.15,0.056372098520192,0.3380340748425873,0.0,0.04228545171875564,0.05376041759489781,0.030050175810991155,0.0182115568385157,0.08242951656669144,0.07885670810736894,0.16592223298136796
2020-05-19,风险平价策略,1.0,0.3,0.15,0.15,0.056659762913507626,0.3404274395691994,0.0,0.042450678037420975,0.053991722663390224,0.03022085000708916,0.018307281640660665,0.08202214616699455,0.07592011900173731,0.1655176199632797
2020-05-20,风险平价策略,1.0,0.3,0.15,0.15,0.05657816004065561,0.3404614200638673,0.0,0.042459237973054946,0.05400153886220909,0.03022419372215836,0.018309231502939054,0.08203927818328326,0.07592693965183223,0.1654451361159418
2020-05-21,风险平价策略,1.0,0.3,0.15,0.15,0.0569714500473674,0.34261863671127174,0.0,0.0427460972299831,0.053360666349302255,0.030282278389089465,0.01843074602492421,0.08114081825723599,0.07444930699082568,0.16535393652282768
2020-05-22,风险平价策略,1.0,0.3,0.15,0.15,0.05335033487458835,0.3469422036207611,0.0,0.04062607323080732,0.05510869353819537,0.028534161713789703,0.01756323165832368,0.08295358198637462,0.07492171937715973,0.16157454135398908
2020-05-25,风险平价策略,1.0,0.3,0.15,0.15,0.05494941102014263,0.3359823800531715,0.0,0.041851876818917826,0.05683680177162276,0.029444372755008986,0.018150599823630188,0.08567363799567307,0.07711091976183297,0.16468152488062232
2020-05-26,风险平价策略,1.0,0.3,0.15,0.15,0.05584942315920596,0.3294975511727342,0.0,0.04254858543320326,0.05781654291557921,0.029958210188547208,0.018482125478672038,0.08720176944969864,0.07864579220235941,0.16650951020467905
2020-05-27,风险平价策略,1.0,0.3,0.15,0.15,0.05607416753946103,0.3307887694425122,0.0,0.042354651185596524,0.05804741957535814,0.029817704886375307,0.018472845159378158,0.08753311743354299,0.07691132477777572,0.1663030145830992
2020-05-28,风险平价策略,1.0,0.3,0.15,0.15,0.056184738403234784,0.33134923661350785,0.0,0.042421698648215114,0.05814763546805751,0.02986601827249766,0.018510453785718636,0.08646435105063195,0.07705586775813647,0.16637613970379103
2020-05-29,风险平价策略,1.0,0.3,0.15,0.15,0.05644713400437482,0.3288567752918127,0.0,0.042773486512053184,0.0586383493968356,0.029703240962776094,0.018678565239168755,0.08716464830420592,0.07773780028877286,0.16701912733270147
2020-06-01,风险平价策略,1.0,0.3,0.15,0.15,0.057016757397168036,0.32681762857621877,0.0,0.04321090377762309,0.058717338917974676,0.030006029392419916,0.01887570989145637,0.08675989314349107,0.07859573890364802,0.16792256210652187
2020-06-02,风险平价策略,1.0,0.3,0.15,0.15,0.0595456399246878,0.31355983459848963,0.0,0.04507709184577407,0.05891971351656666,0.03126366318115411,0.01975511288439831,0.09042163575907404,0.08145730828985538,0.17222344248126736
2020-06-03,风险平价策略,1.0,0.3,0.15,0.15,0.059621666656973535,0.3142120612525464,0.0,0.04512281374650694,0.05899077097323514,0.03131269890858955,0.01978438786579618,0.0905729369643499,0.08038266363200232,0.17207093229728707
2020-06-04,风险平价策略,1.0,0.3,0.15,0.15,0.06150356392737093,0.3081498108801269,0.0,0.04611573017526139,0.06088610203198392,0.03096337697920505,0.019432466554211325,0.0934894637476298,0.07945948570421064,0.17421205202071668
2020-06-05,风险平价策略,1.0,0.3,0.15,0.15,0.06159499862845802,0.30531480704979136,0.0,0.04647720384128545,0.061390445070073615,0.031217029748916467,0.01959502989367328,0.09424958762591461,0.08016089814188722,0.17476149512490882
2020-06-08,风险平价策略,1.0,0.3,0.15,0.15,0.062233759503010716,0.3085579680777972,0.0,0.04688597537837136,0.06198681838362209,0.031530995023964684,0.019817223725483977,0.09076482356336947,0.07822243634438056,0.17477084569276807
2020-06-09,风险平价策略,1.0,0.3,0.15,0.15,0.06251018390314507,0.3072082947962646,0.0,0.047096212547559864,0.06225724711902002,0.03149133322333112,0.019669532550831308,0.09116337758731924,0.07860381827252884,0.17519503008659637
2020-06-10,风险平价策略,1.0,0.3,0.15,0.15,0.06252416982442875,0.30723827265723247,0.0,0.047106494205765403,0.06226487011960348,0.031443381021657474,0.01963463165166244,0.09117409091666674,0.07861408960298336,0.17519757874313435
2020-06-11,风险平价策略,1.0,0.3,0.15,0.15,0.06101116502016995,0.3104688754091281,0.0,0.048053916340809466,0.06065932004313463,0.031247213529842263,0.019534678713608405,0.08939740777093526,0.07962742317237183,0.17364746971374279
2020-06-12,风险平价策略,1.0,0.3,0.15,0.15,0.06115439892011274,0.3108065975384181,0.0,0.04795599591920852,0.060740274019555555,0.031182485661226167,0.018924532046328376,0.08954087866386137,0.0796948372312891,0.1736277085170719
2020-06-15,风险平价策略,1.0,0.3,0.15,0.15,0.05997489556874516,0.3159516035244394,0.0,0.046799832642254985,0.06193869551716569,0.031122727691302563,0.019049938382100454,0.08514118485033036,0.08002112182366143,0.1721329622933252
2020-06-16,风险平价策略,1.0,0.3,0.15,0.15,0.062102184951897677,0.3012521901457251,0.0,0.0484687809713919,0.06434049852542444,0.03232635226748532,0.019806960110537477,0.08838244295390607,0.08332059007363196,0.17633616435050065
2020-06-17,风险平价策略,1.0,0.3,0.15,0.15,0.06276351406631174,0.3007838927519259,0.0,0.04809728949815133,0.064559915215686,0.03263907827588963,0.019997471927734795,0.08704780696666169,0.08411103129763885,0.17712340213210515
2020-06-18,风险平价策略,1.0,0.3,0.15,0.15,0.06285889204718002,0.30111265801045006,0.0,0.04818388915775222,0.06406440024565632,0.032624898602150634,0.020020771781956288,0.08715434144782488,0.08398014870702952,0.17714382056076378
2020-06-19,风险平价策略,1.0,0.3,0.15,0.15,0.06286556038601587,0.3011434800493515,0.0,0.04818495904697201,0.06406385778932738,0.03262760495421255,0.020023438839146944,0.08710255983331781,0.08398853910165587,0.17714827507859568
2020-06-22,风险平价策略,1.0,0.3,0.15,0.15,0.062496717660140505,0.295790409097687,0.0,0.04857031775379447,0.06544474767581242,0.03290327599151966,0.020270096439817024,0.08882466695799837,0.0856997684232305,0.17775701799866392
2020-06-23,风险平价策略,1.0,0.3,0.15,0.15,0.062347523827673855,0.2961144425097199,0.0,0.04884939833258897,0.06535467480813585,0.033013808407642155,0.02037805109008058,0.08811931919126083,0.0858227818328978,0.17764225077913307
2020-06-24,风险平价策略,1.0,0.3,0.15,0.15,0.062356095702654483,0.2961536775844176,0.0,0.04886609615743415,0.06525039931650174,0.033021100316768956,0.020381662800371042,0.08813945422570237,0.08583151389614958,0.17764524900832732
2020-06-29,风险平价策略,1.0,0.3,0.15,0.15,0.061622196765785966,0.29845515912639475,0.0,0.049608766592884775,0.06604114769350486,0.03155057341549388,0.01933985920926043,0.08657601662902628,0.0868062805676491,0.17670055517808064
2020-06-30,风险平价策略,1.0,0.3,0.15,0.15,0.061623387121073715,0.29845661529509465,0.0,0.04960390001490289,0.06604039592526888,0.03155194477507432,0.019339368163585002,0.08658111176931622,0.08680327693568424,0.1767007803499911
2020-07-01,风险平价策略,1.0,0.3,0.15,0.15,0.061649836880393626,0.29826838296338026,0.0,0.04962619251091288,0.0660729069398386,0.03156277975912843,0.019348684949826226,0.0866207982743717,0.08685041772214823,0.17675447484746443
2020-07-02,风险平价策略,1.0,0.3,0.15,0.15,0.061941648120696434,0.299862404212621,0.0,0.04987243719357572,0.06552755031875468,0.03173217917863177,0.019439340146476743,0.08709764417181895,0.08452679665742462,0.17650746234164014
2020-07-03,风险平价策略,1.0,0.3,0.15,0.15,0.0631172230956206,0.29371593601450124,0.0,0.04936325860588684,0.06685614682304546,0.0323431036428819,0.01978171468298865,0.08868037071495063,0.0861422464201246,0.17853197987303707
2020-07-06,风险平价策略,1.0,0.3,0.15,0.15,0.0685987657373627,0.2573827818619794,0.0,0.053829617596009904,0.0730156280303218,0.03534429847922377,0.021655955482392315,0.09683464903966428,0.09333830377304582,0.18899024051156804
2020-07-07,风险平价策略,1.0,0.3,0.15,0.15,0.06879647165632295,0.2591834833175516,0.0,0.05452973156519751,0.07236378090057385,0.034292627274195665,0.021729579499927373,0.09482930511702176,0.09427502066920931,0.18908704826296663
2020-07-08,风险平价策略,1.0,0.3,0.15,0.15,0.07001937990409285,0.25290835463496225,0.0,0.055499759097815064,0.07367516457308516,0.03491237743489444,0.022136747565489827,0.0946524603702307,0.0961957564194297,0.19126857158777005
2020-07-09,风险平价策略,1.0,0.3,0.15,0.15,0.07008431623911582,0.2525422820211724,0.0,0.05554875475476799,0.07373959220518513,0.03488964710365079,0.022158838925809613,0.0947423520763281,0.09629421667397015,0.19138496370575164
2020-07-10,风险平价策略,1.0,0.3,0.15,0.15,0.06121125987345918,0.25903301723689637,0.0,0.056623383326550814,0.07701934136210743,0.03335483599456484,0.021880047831840065,0.09855907626976824,0.09231903810481303,0.18240386926424929
2020-07-13,风险平价策略,1.0,0.3,0.15,0.15,0.062464708681290684,0.25791692115373094,0.0,0.05776082410691921,0.07864533754419695,0.03403237317715074,0.022354147794388175,0.09245949768404163,0.09436618985828168,0.18411871616787667
2020-07-14,风险平价策略,1.0,0.3,0.15,0.15,0.06263218584433293,0.2634986426178696,0.0,0.05589671142833849,0.07207493621065744,0.035262201786610256,0.022520579672549064,0.09272926659922068,0.0953854758404215,0.1836590132241752
2020-07-15,风险平价策略,1.0,0.3,0.15,0.15,0.06173668485549017,0.26375172510318623,0.0,0.056036765494690145,0.07213989257557328,0.035347100053225215,0.02256597677873706,0.09288199826200742,0.0955398568770905,0.18289468255220243
2020-07-16,风险平价策略,1.0,0.3,0.15,0.15,0.05974011019007788,0.2789510260095144,0.0,0.04806706145028566,0.054827449578831684,0.03769611564308218,0.02270349208464175,0.10080623613974948,0.09720850890381699,0.17917365792262005
2020-07-17,风险平价策略,1.0,0.3,0.15,0.15,0.05960631456151472,0.2788128928804042,0.0,0.048467785858061385,0.05527716160545142,0.0375203019603778,0.022857899945188765,0.10166446622619545,0.0957931769628062,0.17890727795240266
2020-07-20,风险平价策略,1.0,0.3,0.15,0.15,0.05980296899840485,0.27907506970640295,0.0,0.04834600608034199,0.05540231315531415,0.03705736854382503,0.02245871809922297,0.10186478214335622,0.09599277327313183,0.17898651745808475
2020-07-21,风险平价策略,1.0,0.3,0.15,0.15,0.05973143690057637,0.27927375768282164,0.0,0.04838902206331039,0.05545243669049171,0.03709021096642727,0.022480386236741458,0.10151458834991887,0.09606816110971236,0.17892295529951407
2020-07-22,风险平价策略,1.0,0.3,0.15,0.15,0.05972630788339129,0.27927843331064767,0.0,0.04838903358783467,0.05544902867117988,0.037091055664902804,0.02247861634536517,0.10151358227001323,0.0960739422666652,0.17891846490091812
2020-07-23,风险平价策略,1.0,0.3,0.15,0.15,0.05875274331868732,0.27798207290252014,0.0,0.04790863984382499,0.056040753178153574,0.03744444673405165,0.02266355336528273,0.1023463740260843,0.0968614166313952,0.1783783163266278
2020-07-24,风险平价策略,1.0,0.3,0.15,0.15,0.05100553540946886,0.2811939660149001,0.0,0.04608498546559201,0.05778956115441944,0.03856390546938823,0.02233707627357837,0.10433205960505437,0.09869291060759865,0.17155622307516896
2020-07-27,风险平价策略,1.0,0.3,0.15,0.15,0.05060176115438194,0.2796322615333355,0.0,0.04641661178079495,0.058166207647296,0.03837987027105234,0.022435260544798295,0.10500548798644338,0.09936253908189752,0.17150190450279318
2020-07-28,风险平价策略,1.0,0.3,0.15,0.15,0.05451720509472062,0.2747493661071862,0.0,0.049449873059248056,0.06264207107102415,0.04158638330910123,0.02360785795481888,0.08593457273137424,0.10751267067252654,0.17721989225971918
2020-07-29,风险平价策略,1.0,0.3,0.15,0.15,0.05483111886907097,0.2721274577524768,0.0,0.04973791179652103,0.06299899926917409,0.041839471092405885,0.02370835253683073,0.0865394697780611,0.10821721890545938,0.1779225463455655
2020-07-30,风险平价策略,1.0,0.3,0.15,0.15,0.05544738132429264,0.2730779383531053,0.0,0.04974083240413338,0.06373172900347167,0.04234043870584726,0.02397093927258538,0.08541322439755931,0.106277516539005,0.17815993855816256
2020-07-31,风险平价策略,1.0,0.3,0.15,0.15,0.05624177262661927,0.2675428803043432,0.0,0.05048962809675381,0.06413092779638917,0.04301140672139011,0.023833909627569143,0.0868255252399905,0.10792394958694461,0.17971444796613242
2020-08-03,风险平价策略,1.0,0.3,0.15,0.15,0.057627588230479074,0.27085427316341393,0.0,0.04815257854252087,0.06356471317159439,0.04186318244207601,0.02321108568317541,0.08813537766742868,0.10659120109931161,0.18012113557216491
2020-08-04,风险平价策略,1.0,0.3,0.15,0.15,0.05771286253153653,0.271456538441314,0.0,0.048223771937376335,0.06365535763886426,0.04192789380830886,0.023253306554991013,0.08699562377013215,0.10677464531747687,0.1801750685487882
2020-08-05,风险平价策略,1.0,0.3,0.15,0.15,0.05767410419476964,0.269444309712373,0.0,0.048924940573281596,0.06470349232657373,0.043220156255589726,0.02376512210647459,0.08219591850838016,0.11007195632255748,0.18104864401548346
2020-08-06,风险平价策略,1.0,0.3,0.15,0.15,0.05791239797566153,0.26901464734548025,0.0,0.0496193204974257,0.06304645886730156,0.04369497691473243,0.02402958971165958,0.0814129151456975,0.11126969354204126,0.18152109680160272
2020-08-07,风险平价策略,1.0,0.3,0.15,0.15,0.05801231337236336,0.26843879924376535,0.0,0.04961034729658959,0.06315254758897833,0.04377102250625112,0.024029455929909887,0.0815264687104831,0.11145904535165925,0.18170281988960962
2020-08-10,风险平价策略,1.0,0.3,0.15,0.15,0.060355603469904054,0.2759754100561052,0.0,0.04597695242782922,0.06002918893336206,0.04517279629044494,0.02489756155990931,0.08163556052151381,0.10595692674093128,0.18214312876290148
2020-08-11,风险平价策略,1.0,0.3,0.15,0.15,0.06181700159397792,0.2849365951177628,0.0,0.04884195398616686,0.05929108619179434,0.04727354799816428,0.02628880754395326,0.08312666883671374,0.08842433873146668,0.18025590626773222
2020-08-12,风险平价策略,1.0,0.3,0.15,0.15,0.06255891140731874,0.30121394363173615,0.0,0.04859505180807691,0.06414128143256476,0.047849419817253255,0.02764332278548642,0.08824097593120164,0.05975709318636194,0.1753106509401411
2020-08-13,风险平价策略,1.0,0.3,0.15,0.15,0.06258726417089512,0.30128278798193614,0.0,0.04861440097635127,0.0641633334759559,0.04770991450399897,0.027639466386661073,0.08826459729615424,0.05973823520804725,0.17532018959897733
2020-08-14,风险平价策略,1.0,0.3,0.15,0.15,0.06262389550124216,0.30134134498827003,0.0,0.04842067975056111,0.06421336868551254,0.04773577942488659,0.027614460472734564,0.08829030349008975,0.05976016768670318,0.17534117313521505
2020-08-17,风险平价策略,1.0,0.3,0.15,0.15,0.06262914797852369,0.3013573179045196,0.0,0.04842490195477564,0.06421197407448866,0.04774926885150561,0.027554343471612827,0.08830750581491364,0.059765539949660315,0.1753340736483347
2020-08-18,风险平价策略,1.0,0.3,0.15,0.15,0.06331671762882045,0.29792207304281615,0.0,0.04893944004694481,0.06486943237006813,0.047989326238675925,0.027231503039101965,0.08936344878695433,0.06036805884661818,0.17636676029405762
2020-08-19,风险平价策略,1.0,0.3,0.15,0.15,0.06409192759182662,0.28980333439169204,0.0,0.051104102596994765,0.06768743205731234,0.04913784711497955,0.028501228672705742,0.09001278688880587,0.05966134068568306,0.17822432136865646
2020-08-20,风险平价策略,1.0,0.3,0.15,0.15,0.062154716440386434,0.28422315409407395,0.0,0.05260860083810943,0.07135604087697006,0.05053019694741958,0.03006771618503917,0.0948870753905245,0.05417249922747681,0.17681006021188655
2020-08-21,风险平价策略,1.0,0.3,0.15,0.15,0.06220275725812131,0.28545701545178903,0.0,0.05228057437784716,0.07170744584516955,0.05066026907721148,0.029881912510765416,0.09345104104696511,0.05435898443213097,0.17672087460377175
2020-08-24,风险平价策略,1.0,0.3,0.15,0.15,0.06260041844085609,0.28451194285654907,0.0,0.05202624423215482,0.07213915929606199,0.050963659604229015,0.030040127001494624,0.09397326193348875,0.053745186635165525,0.1771215206591816
2020-08-25,风险平价策略,1.0,0.3,0.15,0.15,0.06382171864926083,0.27435239621849206,0.0,0.052492031759981406,0.07038074907985649,0.05318702446458969,0.031362327161533615,0.09828619531789719,0.056117557348388566,0.17990803378864362
2020-08-26,风险平价策略,1.0,0.3,0.15,0.15,0.061747652426716385,0.2704292398114105,0.0,0.053443421933547494,0.07157066441969646,0.054112228763300914,0.03190298017037534,0.0999900902442678,0.0568037222306851,0.17882242373914858
2020-08-27,风险平价策略,1.0,0.3,0.15,0.15,0.06189089708605533,0.2721156274283317,0.0,0.05391229789373431,0.07028021475244225,0.053776537884556413,0.03214211858145068,0.09875268957491107,0.05712961679851822,0.17882622152991423
2020-08-28,风险平价策略,1.0,0.3,0.15,0.15,0.06206521592884019,0.27205707346014235,0.0,0.05406185385058284,0.07045910491806914,0.05299280014656459,0.032134858309368776,0.0989803986137694,0.05724869477266259,0.1789790132083776
2020-08-31,风险平价策略,1.0,0.3,0.15,0.15,0.06149263662005865,0.2725157673345157,0.0,0.05420056930758651,0.06999730842236852,0.0530987242437842,0.03219297794630896,0.09915187833317667,0.05735013779220076,0.17845351006960572
2020-09-01,风险平价策略,1.0,0.3,0.15,0.15,0.061159392013492755,0.2748620325588506,0.0,0.05531433148119435,0.07143721510746291,0.054272942203214374,0.03199564902326211,0.09253931327528274,0.058419124337240176,0.1781636636838535
2020-09-02,风险平价策略,1.0,0.3,0.15,0.15,0.06241674074909352,0.2670244010759839,0.0,0.052133076931240786,0.07365824693588438,0.057380559080098675,0.03279466086058536,0.09673263807717747,0.057859676289935776,0.18024390142495234
2020-09-03,风险平价策略,1.0,0.3,0.15,0.15,0.06370517740236885,0.2804319677098692,0.0,0.05324663008308392,0.06732917802707301,0.05295451907310409,0.03101792264722477,0.09826533833101554,0.053049266726260494,0.17856439804866528
2020-09-04,风险平价策略,1.0,0.3,0.15,0.15,0.06341540146015189,0.2780059706710396,0.0,0.053634532335602975,0.06751378844087455,0.05306248135447298,0.03117299932577289,0.09947659981471756,0.05371822659736754,0.17871832508884822
2020-09-07,风险平价策略,1.0,0.3,0.15,0.15,0.06076649777551978,0.2768153396191292,0.0,0.05478061096562361,0.06873439290256404,0.05446806978508435,0.0285655789351479,0.10133880926397497,0.0545307007529561,0.17629248042276416
2020-09-08,风险平价策略,1.0,0.3,0.15,0.15,0.06078249673454378,0.276852067255968,0.0,0.05479730067836582,0.0687420809385033,0.054493989718994294,0.028435348449745584,0.10136130122586356,0.05453541499801566,0.1762802745895963
2020-09-09,风险平价策略,1.0,0.3,0.15,0.15,0.0557585673273493,0.30029199327306155,0.0,0.051751574321758656,0.06747734102943746,0.04538498768404632,0.022162307007617187,0.09742074806214879,0.05975248129458073,0.16854527177465456
2020-09-10,风险平价策略,1.0,0.3,0.15,0.15,0.05553714061729991,0.3005219501999745,0.0,0.051652802421965384,0.06744941560956755,0.04546187060117569,0.022054002961597544,0.09752029799366634,0.05980251959475306,0.1683146874329631
2020-09-11,风险平价策略,1.0,0.3,0.15,0.15,0.05937826240761156,0.2813060732771699,0.0,0.05510656696302373,0.06823309787020808,0.046287521250836,0.02265867971306466,0.10419433793207884,0.06283546058600717,0.17440410962893296
2020-09-14,风险平价策略,1.0,0.3,0.15,0.15,0.059527554570014025,0.2802235956810552,0.0,0.05524054776384384,0.06841023232728936,0.046401393845982714,0.022715426833453716,0.1044801174799193,0.06300113149844186,0.1746971749090972
2020-09-15,风险平价策略,1.0,0.3,0.15,0.15,0.05953656408683506,0.28025362692140193,0.0,0.055243771652672885,0.06840966961070176,0.046405092163798976,0.02269944217253102,0.10444857694167976,0.06300325645037859,0.17469936933359018
2020-09-16,风险平价策略,1.0,0.3,0.15,0.15,0.061597915304065574,0.28456127874939496,0.0,0.054468115988937346,0.07020174058062646,0.04794372138787905,0.023487416072024897,0.0937536091946068,0.06398620272246475,0.17642963606050707
2020-09-17,风险平价策略,1.0,0.3,0.15,0.15,0.06249367670005595,0.28458143725790036,0.0,0.0537728466115215,0.07024831947603781,0.047180579310277,0.023741133812184415,0.09486288332022061,0.06311912351180232,0.1770749899230924
2020-09-18,风险平价策略,1.0,0.3,0.15,0.15,0.0624973925117581,0.28456561762722354,0.0,0.053775167532061637,0.07024958581600912,0.04718211743091396,0.023741584172575877,0.0948676014655014,0.06312093344395626,0.17708040994143262
2020-09-21,风险平价策略,1.0,0.3,0.15,0.15,0.06122376503692823,0.2874905847644652,0.0,0.05384076915326486,0.0712030917112492,0.04540566181422337,0.02397915377879447,0.0930146575321355,0.06384231620893914,0.1757780931296749
2020-09-22,风险平价策略,1.0,0.3,0.15,0.15,0.056498368351794837,0.3136803166466353,0.0,0.05537459621158623,0.06844396707938362,0.048701169646195,0.021530549046909646,0.08182969077808522,0.05394134223941002,0.16706175655756603
2020-09-23,风险平价策略,1.0,0.3,0.15,0.15,0.059233120168312045,0.3151154712868836,0.0,0.056044586343068414,0.06512104895225386,0.04655217065937408,0.022853880805166916,0.08379329708643324,0.05128642469850783,0.16897794700430122
2020-09-24,风险平价策略,1.0,0.3,0.15,0.15,0.05623017110069731,0.32347855432712913,0.0,0.05297353569230841,0.053996361225525494,0.05010907655546777,0.02340143031611835,0.08911173940293038,0.05069913137982314,0.1652196020900478
2020-09-25,风险平价策略,1.0,0.3,0.15,0.15,0.05646404454139792,0.31814388327945603,0.0,0.054171971002077636,0.055204535687161715,0.05056201054076252,0.023949970959495203,0.0896437848101936,0.051859799179455345,0.16635185098820338
2020-09-28,风险平价策略,1.0,0.3,0.15,0.15,0.05679521457432483,0.3192369099120686,0.0,0.0544635641823915,0.055471290936570605,0.048546111914268684,0.023640751709620673,0.09004219726928465,0.05180395950147034,0.16639418801908348
2020-09-29,风险平价策略,1.0,0.3,0.15,0.15,0.05800087182953013,0.31457706708840877,0.0,0.05469428682781242,0.05679898647955586,0.04966643424611485,0.024199494136440708,0.0890177815051177,0.05304507788701942,0.16831628758545056
2020-09-30,风险平价策略,1.0,0.3,0.15,0.15,0.05877083037874189,0.30449809383729753,0.0,0.05745256196870067,0.058083065524525156,0.049075432892468705,0.02305697633972619,0.0934397270036368,0.055623312054903014,0.17031173102986816
2020-10-09,风险平价策略,1.0,0.3,0.15,0.15,0.05958730528003877,0.2991614686982589,0.0,0.05823851036029069,0.058888342760484866,0.049757813830339406,0.023375243152866085,0.0947968245982224,0.05619449131949874,0.17180358942412274
2020-10-12,风险平价策略,1.0,0.3,0.15,0.15,0.059587494973141884,0.2991696909039371,0.0,0.05824145783988282,0.05889196783075017,0.049761839748168134,0.023356067346441953,0.09479681133887817,0.05619467001879975,0.17179963274040969
2020-10-13,风险平价策略,1.0,0.3,0.15,0.15,0.061100336566915533,0.3007108876272469,0.0,0.058784687487072336,0.060249083626771414,0.050957668031151857,0.02339249876474949,0.08815527340964506,0.05664956448644738,0.17313397890528648
2020-10-14,风险平价策略,1.0,0.3,0.15,0.15,0.06078027000851616,0.30155087283155796,0.0,0.059084352947885825,0.060547098830787856,0.05121085811983442,0.02329242630712984,0.08807153418662601,0.05546258676766191,0.17259832015175303
2020-10-15,风险平价策略,1.0,0.3,0.15,0.15,0.06121551280652427,0.2991265719049801,0.0,0.05887101881812739,0.06110524762115292,0.05165129186998182,0.02349238521152474,0.08870168518445234,0.05583628658325636,0.17335354193730904
2020-10-16,风险平价策略,1.0,0.3,0.15,0.15,0.06122013253126209,0.29913158698471776,0.0,0.05886808412808971,0.061105228628971026,0.05165564445951799,0.023478423772591937,0.08870419783318671,0.055836701661662824,0.1733545295959371
2020-10-19,风险平价策略,1.0,0.3,0.15,0.15,0.06090462812447421,0.30063980531599643,0.0,0.05824849288553543,0.06147378755729528,0.051516502140779075,0.023627694973432735,0.0874652200811029,0.05612386892138379,0.1729800177921888
2020-10-20,风险平价策略,1.0,0.3,0.15,0.15,0.0609543202759385,0.3008037286694312,0.0,0.058301363190036676,0.061282037393770195,0.051555172542935804,0.02360763054055804,0.08751326480632482,0.05598248258100459,0.17297839823886454
2020-10-21,风险平价策略,1.0,0.3,0.15,0.15,0.061028633817303134,0.30047703966193884,0.0,0.058374244660755845,0.061236259905111876,0.051617373193413446,0.023606187290912708,0.0876130524915487,0.05604720897901552,0.17309008925338848
2020-10-22,风险平价策略,1.0,0.3,0.15,0.15,0.06046730487152293,0.3027057002340802,0.0,0.05891128589980474,0.06173437070031221,0.04987189830181235,0.02345452253964975,0.08634493265871758,0.056509984794100125,0.172369559345371
2020-10-23,风险平价策略,1.0,0.3,0.15,0.15,0.06200038997275818,0.30132992585905866,0.0,0.05873377552445062,0.06507863583594917,0.048578601497466616,0.024457839077478456,0.08154577323364215,0.05827505899919606,0.1743464617364094
2020-10-26,风险平价策略,1.0,0.3,0.15,0.15,0.0616644258622378,0.3042987256003276,0.0,0.05864324653997429,0.06597988207663265,0.04637659275984135,0.02299160512234446,0.08255397801680647,0.057491544021835345,0.1732825784575251
2020-10-27,风险平价策略,1.0,0.3,0.15,0.15,0.06132310795451124,0.30494561691636257,0.0,0.05843684335655645,0.06591405550145958,0.04619767839554674,0.02306204137148298,0.08247926620068685,0.0576413903033936,0.17293824465185986
2020-10-28,风险平价策略,1.0,0.3,0.15,0.15,0.061715780150477025,0.30434996266590597,0.0,0.05949634268183158,0.06407158901414274,0.045396261487702844,0.022765276733442624,0.08364698928982921,0.05855779797666805,0.17336794333723654
2020-10-29,风险平价策略,1.0,0.3,0.15,0.15,0.06636544947294726,0.3080421514854218,0.0,0.05918564213021398,0.06825883774233323,0.04802500401440137,0.01983122241738944,0.07518347598452839,0.05510821675276456,0.17617201446446598
2020-10-30,风险平价策略,1.0,0.3,0.15,0.15,0.058981008408411736,0.32369744875855877,0.0,0.05655168070828027,0.06875496100749227,0.04322438392420951,0.017315221298569397,0.07657154583806534,0.05490375005641263,0.16733887435930117
2020-11-02,风险平价策略,1.0,0.3,0.15,0.15,0.059100835713643,0.32428420666237706,0.0,0.05666773314581989,0.06883719289146983,0.04313297571956831,0.017235078533252172,0.07572826512109666,0.055013712212773014,0.16738507393445512
2020-11-03,风险平价策略,1.0,0.3,0.15,0.15,0.05912629566037863,0.32439762375300935,0.0,0.05669959393154241,0.0686019959745859,0.04314983648240047,0.017240968004541606,0.07574652157153507,0.05503716462200645,0.16739452650110714
2020-11-04,风险平价策略,1.0,0.3,0.15,0.15,0.05917261539151345,0.3245477523392383,0.0,0.05651297817011565,0.06859694698991739,0.04305569733195887,0.017253498218074387,0.07578904352408504,0.05507146803509685,0.1674170719097747
2020-11-05,风险平价策略,1.0,0.3,0.15,0.15,0.060696314757627774,0.3204031142531006,0.0,0.05678134873323736,0.07019398368754667,0.04084805659799933,0.01722216485624533,0.07756904881654594,0.05628596829769702,0.16932175564644528
2020-11-06,风险平价策略,1.0,0.3,0.15,0.15,0.06288461466571788,0.31221247617121944,0.0,0.058813501706986286,0.07237975922505872,0.039259219372624145,0.017558249588911074,0.07865989828167738,0.05823228098780501,0.17250438093412668
2020-11-09,风险平价策略,1.0,0.3,0.15,0.15,0.06452230845223152,0.30851641382990325,0.0,0.060468487698577274,0.07414592247418891,0.04032818081395564,0.018062751310176033,0.07464014835214107,0.05931578706882626,0.17472103524830018
2020-11-10,风险平价策略,1.0,0.3,0.15,0.15,0.0651459806661939,0.31160495942709665,0.0,0.05985912079826936,0.07522757155416034,0.04075792701871036,0.018293909534634077,0.0756140221398041,0.053496508861131185,0.174141719431815
2020-11-11,风险平价策略,1.0,0.3,0.15,0.15,0.06515003233616128,0.3116056827285228,0.0,0.05986474889863841,0.07523992561582213,0.040763824663050466,0.01829593737810804,0.07561500877717342,0.05346483960252343,0.1741415787101403
2020-11-12,风险平价策略,1.0,0.3,0.15,0.15,0.06603174160579263,0.3112190535984763,0.0,0.0598594758610036,0.07612868299652997,0.04119229925905418,0.01810661982305111,0.07361218044841618,0.053849946407676,0.17501470103281885
2020-11-13,风险平价策略,1.0,0.3,0.15,0.15,0.060649724652673986,0.30495695981291615,0.0,0.06337400935333692,0.0802807274886318,0.042839022117844516,0.01857088321896831,0.07259343896933167,0.056735234386296726,0.17180673562699153
2020-11-16,风险平价策略,1.0,0.3,0.15,0.15,0.06107321460102225,0.30617504380649607,0.0,0.06388876919118948,0.0781008956081466,0.043095093500072505,0.018685368394785802,0.0719717389969516,0.05700987590133562,0.1720705121673999
2020-11-17,风险平价策略,1.0,0.3,0.15,0.15,0.06201314259494699,0.30435848139509963,0.0,0.06097118433297029,0.07940044523632109,0.04367344410900067,0.018870776813305665,0.07306071500368772,0.05765181051466791,0.17318509933428544
2020-11-18,风险平价策略,1.0,0.3,0.15,0.15,0.06344091162621303,0.29630572926518417,0.0,0.06239568253080564,0.08118880154687824,0.044700518186679125,0.019291438198580736,0.07490133438430317,0.05777558426135591,0.17550875768869242
2020-11-19,风险平价策略,1.0,0.3,0.15,0.15,0.06245985869146347,0.29563587904516325,0.0,0.06196221078153095,0.08155134304117631,0.045285010379523746,0.019551044875000978,0.07586301767419536,0.05769163551194593,0.17478356064473533
2020-11-20,风险平价策略,1.0,0.3,0.15,0.15,0.062462097456841184,0.2956330353360234,0.0,0.06196419257970011,0.08155162053865507,0.045285514404076854,0.019550599469081574,0.07586221762326198,0.057690722592359765,0.17478567333486256
2020-11-23,风险平价策略,1.0,0.3,0.15,0.15,0.0626196906429019,0.29617351358710814,0.0,0.06214028199219712,0.08054685625576172,0.0451238359787472,0.019596445220570972,0.07598651903867965,0.057812857284033244,0.17486173270378041
2020-11-24,风险平价策略,1.0,0.3,0.15,0.15,0.06171421241707732,0.2971921808049448,0.0,0.06499541245839173,0.08379989738491622,0.04689103329606049,0.020468626409702883,0.07342264396824083,0.051515993260665735,0.17344212445242313
2020-11-25,风险平价策略,1.0,0.3,0.15,0.15,0.05852779325505506,0.3000939303721365,0.0,0.06441054641914709,0.08480963477217662,0.04727188346881961,0.020712619191286346,0.07424819630352963,0.049925396217849194,0.17020100529633786
2020-11-26,风险平价策略,1.0,0.3,0.15,0.15,0.05914732257412033,0.29766326834441703,0.0,0.0651241708062006,0.0845338404371585,0.047537066283964695,0.02083611560558545,0.07472179091577641,0.05043642503277691,0.17111907617195804
2020-11-27,风险平价策略,1.0,0.3,0.15,0.15,0.05970596893966411,0.2954420870310851,0.0,0.06572088127998076,0.08526412517868356,0.04798107152235595,0.021037877706610388,0.07393057969940427,0.050917408642215896,0.17200637495448637
2020-11-30,风险平价策略,1.0,0.3,0.15,0.15,0.06130127199981899,0.3011246650447515,0.0,0.06734576558590286,0.08694944230936566,0.04324855942190974,0.02010043990350721,0.07555631927546104,0.044373536459282985,0.17154792947443687
2020-12-01,风险平价策略,1.0,0.3,0.15,0.15,0.0624508836940007,0.3001192058979483,0.0,0.06448916572694817,0.09287360542513527,0.04604858070741926,0.02159216826428916,0.06492929871842656,0.0474970915658325,0.17360965426244512
2020-12-02,风险平价策略,1.0,0.3,0.15,0.15,0.06465024837556352,0.29319023347924894,0.0,0.06682656243108256,0.0956483153989824,0.04687820797297241,0.021920643084455918,0.061823357643713536,0.049062431613980606,0.17673440315338368
2020-12-03,风险平价策略,1.0,0.3,0.15,0.15,0.06172230891951022,0.316235229945596,0.0,0.06983109937493312,0.061261197354693056,0.05125708910595305,0.024050920854429263,0.062132778171744826,0.05350937627314036,0.17207284348512583
2020-12-04,风险平价策略,1.0,0.3,0.15,0.15,0.06170120727824575,0.31623430462001906,0.0,0.06984127252534592,0.061263720914430185,0.051260012249861854,0.024053939611911233,0.06213379079399904,0.05351175200618695,0.17205600996735074
2020-12-07,风险平价策略,1.0,0.3,0.15,0.15,0.058621525558723714,0.3164745114438835,0.0,0.0693237394982925,0.0574572963461792,0.05412166930350984,0.02482977292194882,0.06369431981925218,0.05547716510821024,0.16977843300335824
2020-12-08,风险平价策略,1.0,0.3,0.15,0.15,0.058625468216882796,0.319959376019887,0.0,0.06938206179839768,0.057812445772863166,0.05188928365187528,0.023397637803446017,0.0627680592654703,0.05616566747117763,0.1691702307431441
2020-12-09,风险平价策略,1.0,0.3,0.15,0.15,0.05652261778944968,0.3218606889761,0.0,0.07073105564846709,0.056988832833657514,0.050470928688195506,0.023870363694770302,0.0637496110311149,0.05580590133824489,0.16713599323906536
2020-12-10,风险平价策略,1.0,0.3,0.15,0.15,0.0561655024774433,0.32296094508284307,0.0,0.07103401308368251,0.057178688137292724,0.05026241393807177,0.023769416464570776,0.06396783132589687,0.054661189490198915,0.16652533306762757
2020-12-11,风险平价策略,1.0,0.3,0.15,0.15,0.060617245744015155,0.3081370053412278,0.0,0.07673357744083477,0.05604023636000905,0.05368720314663315,0.025438106384147563,0.06136809718577245,0.057978528397360056,0.17304334024894696
2020-12-14,风险平价策略,1.0,0.3,0.15,0.15,0.059950660586242994,0.3084099092142118,0.0,0.07683040828728067,0.0561284079663604,0.05374309051530744,0.02546437879875142,0.061428173900666266,0.05804497073117895,0.1724574999322003
2020-12-15,风险平价策略,1.0,0.3,0.15,0.15,0.059761150199662647,0.3104430274140185,0.0,0.07644466580257005,0.055506866744483435,0.05275837332848579,0.025084446259722667,0.061523092252549025,0.058478377998507816,0.17200236519390907
2020-12-16,风险平价策略,1.0,0.3,0.15,0.15,0.05967203918209571,0.3104064931372202,0.0,0.07647732130139799,0.05553058831029218,0.052776296748891435,0.025094171854706318,0.06154446881188037,0.05849862065351579,0.17193596721774307
2020-12-17,风险平价策略,1.0,0.3,0.15,0.15,0.059848835780341086,0.3092180139758805,0.0,0.07670439787612204,0.05569685223478381,0.052932514278438925,0.02516631331733888,0.06176369211743371,0.058669380419661,0.17227194032913756
2020-12-18,风险平价策略,1.0,0.3,0.15,0.15,0.060469779135611836,0.3061181347572585,0.0,0.07750137666360994,0.05625370254064544,0.05241783589626049,0.025465826918331238,0.062477271842632846,0.05929607224564965,0.17330858746177863
2020-12-21,风险平价策略,1.0,0.3,0.15,0.15,0.0613456099623682,0.31181015036480225,0.0,0.07864931167675102,0.04809857763701867,0.0515787879118989,0.024391078018425116,0.06379611292792031,0.06033037150081547,0.17318006362346824
2020-12-22,风险平价策略,1.0,0.3,0.15,0.15,0.051479920146111455,0.3479812344071119,0.0,0.05862181571593541,0.04070959472474623,0.05187773684545298,0.02139371502016369,0.0723279082374794,0.055608074902999016,0.15871056979068976
2020-12-23,风险平价策略,1.0,0.3,0.15,0.15,0.05148713001625937,0.3481668308830332,0.0,0.05860808715790841,0.04074668794009951,0.051880880527387166,0.021262988939662664,0.07237656131013251,0.05547083322551716,0.15865275722782637
2020-12-24,风险平价策略,1.0,0.3,0.15,0.15,0.05109483940128768,0.3451428139610641,0.0,0.059491773397424286,0.041353115579623595,0.05262193791715986,0.021566334678941666,0.07246446346539578,0.05626472159910296,0.15888005082807075
2020-12-25,风险平价策略,1.0,0.3,0.15,0.15,0.051102365438840947,0.34519493233508614,0.0,0.0594999433453974,0.041320446509328014,0.05262642821254439,0.021568745214671316,0.07241851978211922,0.05626861916201261,0.15888161332584055
2020-12-28,风险平价策略,1.0,0.3,0.15,0.15,0.050420448590066606,0.3485592055272911,0.0,0.06055781484435745,0.03874512558120007,0.05006953198901915,0.02151996577684523,0.07310285884471349,0.057025048846506866,0.1578914940098965
2020-12-29,风险平价策略,1.0,0.3,0.15,0.15,0.05052687646800071,0.3562919338277372,0.0,0.05776231064876411,0.03746173403594695,0.05101018020385172,0.02170296533158366,0.06892649449211458,0.05631750499200097,0.15701604718574466
2020-12-30,风险平价策略,1.0,0.3,0.15,0.15,0.05052658733157351,0.35629393359295125,0.0,0.057761742571731924,0.037460964350829205,0.051009642833230326,0.02170358859520666,0.06892608882845606,0.05631745189602102,0.15701563448970754
2020-12-31,风险平价策略,1.0,0.3,0.15,0.15,0.05257452547493402,0.34716987391033727,0.0,0.05616581289292449,0.03866967196724978,0.05298893544124759,0.02203315560670676,0.07192909424720591,0.05846893045939416,0.16020826150024572
2021-01-04,风险平价策略,1.0,0.3,0.15,0.15,0.05242830665636473,0.34354540827481533,0.0,0.05690318875920309,0.03902412516553176,0.05365528495778594,0.02230494296469605,0.0729542805148255,0.05918446270677752,0.16067999830754406
2021-01-05,风险平价策略,1.0,0.3,0.15,0.15,0.052610057447197725,0.3446218669628723,0.0,0.05705022442459478,0.03886385457198026,0.05259214734411518,0.021551502944393935,0.07319531526051969,0.05951503104432627,0.1605886024277061
2021-01-06,风险平价策略,1.0,0.3,0.15,0.15,0.05261152308115019,0.34461827868255007,0.0,0.05705047150356223,0.03886396111231807,0.05259253793803434,0.021551741815658675,0.07319599561206176,0.059515490254664544,0.1605903947981055
2021-01-07,风险平价策略,1.0,0.3,0.15,0.15,0.05291149739009559,0.34644228650783787,0.0,0.05737743253274913,0.03858682577953034,0.0528418851076774,0.021660231246734687,0.07206763188699804,0.058112209548376904,0.1604814411688718
2021-01-08,风险平价策略,1.0,0.3,0.15,0.15,0.05463863889051872,0.33956564772062914,0.0,0.05921398518274628,0.039761308094522364,0.052208098433231966,0.022412105386030216,0.07454704339092318,0.057653172901398105,0.16284508151828803
2021-01-11,风险平价策略,1.0,0.3,0.15,0.15,0.05831566823064122,0.36010177586639636,0.0,0.04510437667749187,0.0378509943353596,0.04205179152839458,0.022018574901132012,0.0884755122133785,0.046081306247205855,0.16119040285450353
2021-01-12,风险平价策略,1.0,0.3,0.15,0.15,0.05831772834476288,0.3601064061119853,0.0,0.04510586687349515,0.037838288775502556,0.04205304136435734,0.022019216665678645,0.08847728712106398,0.0460821647431542,0.16119167322018155
2021-01-13,风险平价策略,1.0,0.3,0.15,0.15,0.05826210869840722,0.3602599987939503,0.0,0.04514835512981653,0.03756930744177635,0.04208442563776361,0.022036879273481684,0.0885264054005302,0.04611251962427408,0.16112952660251045
2021-01-14,风险平价策略,1.0,0.3,0.15,0.15,0.05838866115771869,0.36707107262359606,0.0,0.04576491317262878,0.03816412784124725,0.041468956868301286,0.021269217649698094,0.08261791244242422,0.04525513824438556,0.16026172417698648
2021-01-15,风险平价策略,1.0,0.3,0.15,0.15,0.06084374250456454,0.355822421052203,0.0,0.04751471414902974,0.03970873860589722,0.043215951244182614,0.021796460478307543,0.08396632046783647,0.047131651497978766,0.1641291186164802
2021-01-18,风险平价策略,1.0,0.3,0.15,0.15,0.06279494914483456,0.3564857507928189,0.0,0.04905201051527461,0.04092485019812103,0.041750381536113795,0.021543432602767885,0.07945572383888101,0.04799290137118814,0.16586211040581061
2021-01-19,风险平价策略,1.0,0.3,0.15,0.15,0.0631605482573063,0.35794500644232613,0.0,0.0484275136982916,0.03999189560223367,0.041885393132969434,0.02164884922544211,0.07872847721453717,0.048212316426893546,0.1660385781286148
2021-01-20,风险平价策略,1.0,0.3,0.15,0.15,0.0595615454736819,0.3752130656418202,0.0,0.0496887240091348,0.041181264729428645,0.042900369101296694,0.02236928557140183,0.05958979532551076,0.04949595014772505,0.161537843876646
2021-01-21,风险平价策略,1.0,0.3,0.15,0.15,0.059587889221016856,0.37534258499470174,0.0,0.04971691789032659,0.04120088937322687,0.0427188202797682,0.022303246860946892,0.059601824238925925,0.04952782714108692,0.16153357020168127
2021-01-22,风险平价策略,1.0,0.3,0.15,0.15,0.0525027920988814,0.3975581305974353,0.0,0.048155145867773565,0.04219804425285959,0.03889115104418271,0.021488992243447264,0.048919353677507355,0.05028639021791283,0.15282593421762433
2021-01-25,风险平价策略,1.0,0.3,0.15,0.15,0.0512003223489915,0.39995973267324436,0.0,0.04866006314371779,0.042604111969515385,0.03931015495610689,0.021701643517975232,0.04677793031754458,0.04978604107290426,0.15145005839392417
2021-01-26,风险平价策略,1.0,0.3,0.15,0.15,0.056718920741832164,0.3696030951614251,0.0,0.05126786325386403,0.04646591389369863,0.04225560247364662,0.02373730643975879,0.053181166281960894,0.05677013175381371,0.16118498145344332
2021-01-27,风险平价策略,1.0,0.3,0.15,0.15,0.056739938361132544,0.36970315452093405,0.0,0.051297185623310225,0.04648600053467847,0.04227706864231879,0.023747283935127955,0.05319707821877715,0.056552290163720674,0.16116432095215205
2021-01-28,风险平价策略,1.0,0.3,0.15,0.15,0.056892688239619606,0.35473821257818494,0.0,0.05026228826558541,0.05045842384873425,0.04520579724754157,0.026216747058001498,0.0551862482266924,0.06103959453564032,0.16421610082245722
2021-01-29,风险平价策略,1.0,0.3,0.15,0.15,0.0568528958219583,0.35481406817781896,0.0,0.05017237141511655,0.05047190240375693,0.04521569334930843,0.026221872808922173,0.055196151525345176,0.06105504449777345,0.1641749106633325
2021-02-01,风险平价策略,1.0,0.3,0.15,0.15,0.05685173018954806,0.3548144320535122,0.0,0.050173738093154854,0.050472389988792214,0.04521509910946021,0.026222057277542038,0.055197715969105415,0.06105283731888497,0.16417359418669059
2021-02-02,风险平价策略,1.0,0.3,0.15,0.15,0.05824899061032899,0.3611995268230946,0.0,0.04894874749695075,0.046243728909523565,0.04735063194375711,0.027471068015537062,0.05070524966002552,0.05983205654078233,0.1646947824885752
2021-02-03,风险平价策略,1.0,0.3,0.15,0.15,0.062050459926334206,0.34496926301645864,0.0,0.05136077505012317,0.04969498922073346,0.048550841490095024,0.029625031571344003,0.05382669476958551,0.0599219449553259,0.17035288184876635
2021-02-04,风险平价策略,1.0,0.3,0.15,0.15,0.062125655998745796,0.3408104785203073,0.0,0.05238783522469125,0.050572581680094555,0.049506213753601466,0.03015835269805038,0.05481166518733719,0.05962721693717208,0.1710074510847696
2021-02-05,风险平价策略,1.0,0.3,0.15,0.15,0.06226450102428446,0.34156367988616815,0.0,0.05252618903924441,0.05068193266749296,0.04933051660374394,0.03024241667422535,0.054902740540823225,0.05848802356401742,0.17089465652113714
2021-02-08,风险平价策略,1.0,0.3,0.15,0.15,0.06245932713436041,0.34222060756865413,0.0,0.05261342593440092,0.05077154100008863,0.049403615885929515,0.03029045588098535,0.053662673132436646,0.058578353463144314,0.1710260840925156
2021-02-09,风险平价策略,1.0,0.3,0.15,0.15,0.06245882108430412,0.3422181219888124,0.0,0.05261544053579096,0.050771579467165234,0.049403826693822726,0.03029092310777654,0.053662935036975015,0.05857835208535307,0.1710260634056414
2021-02-10,风险平价策略,1.0,0.3,0.15,0.15,0.06484660539785542,0.33590217788904486,0.0,0.054527218929720164,0.0524698432748795,0.04959919911138742,0.029817212260400416,0.052186136719106095,0.06065160641760611,0.174103709140495
2021-02-18,风险平价策略,1.0,0.3,0.15,0.15,0.06864468361565784,0.324133281078941,0.0,0.05799140904056008,0.05541874766475309,0.052785242788510954,0.031554191030581547,0.05510289829410338,0.05436954648689205,0.17835132291387765
2021-02-19,风险平价策略,1.0,0.3,0.15,0.15,0.06915380832746362,0.32585285316854656,0.0,0.05836336607303344,0.055458145391197936,0.05315937584707801,0.03018534156875698,0.053972901103923034,0.05385420852000039,0.1783036302160699
2021-02-22,风险平价策略,1.0,0.3,0.15,0.15,0.06921992710586489,0.3254621187732554,0.0,0.058431925548900976,0.05551265033624079,0.0532140933110517,0.030214985543884902,0.054030024208085614,0.053914275172715666,0.17842270364915244
2021-02-23,风险平价策略,1.0,0.3,0.15,0.15,0.06763245746411106,0.326282881595789,0.0,0.058654847198153885,0.0554333904245293,0.05338496186723702,0.030311588865333514,0.05423645213864399,0.05406342044620215,0.17700729598093246
2021-02-24,风险平价策略,1.0,0.3,0.15,0.15,0.06754907711885659,0.3269252967509228,0.0,0.058760986964619386,0.05515924646605198,0.053586314401634874,0.029764100490663605,0.05436861539651625,0.05388636241073443,0.1767397339683801
2021-02-25,风险平价策略,1.0,0.3,0.15,0.15,0.06795729033448841,0.3263596245091372,0.0,0.05910982148090552,0.055455200318668296,0.05391475238815247,0.02993679096843124,0.05414419446317226,0.053122325537044664,0.17710496188161748
2021-02-26,风险平价策略,1.0,0.3,0.15,0.15,0.06237236139112321,0.3439667164799763,0.0,0.04659436389761948,0.07095377837926638,0.05207300452912853,0.030465300356235903,0.04065867693616895,0.05291579803048124,0.1704825904016084
2021-03-01,风险平价策略,1.0,0.3,0.15,0.15,0.06376440606024465,0.34942164512896823,0.0,0.046215391064485245,0.06349204833073782,0.0520009925641881,0.031112629174023503,0.041087949361366234,0.05290493831598614,0.1710041637087578
2021-03-02,风险平价策略,1.0,0.3,0.15,0.15,0.06522562306732331,0.37591284443032424,0.0,0.04601668190933801,0.062407853377601956,0.03903492056966336,0.02519309536802887,0.037835644496463844,0.04837333678125634,0.1671322649218959
2021-03-03,风险平价策略,1.0,0.3,0.15,0.15,0.06529261143422312,0.3756349882666222,0.0,0.046062259091066766,0.062469937003011,0.03901704951748334,0.025219165894364026,0.03787539913182806,0.04842858966140147,0.16723547601243982
2021-03-04,风险平价策略,1.0,0.3,0.15,0.15,0.07007950825057661,0.37720612149942395,0.0,0.04369869101649451,0.05427511739838696,0.04164596430603558,0.02688759089495396,0.0373174501524296,0.048889556481698786,0.17140965798754607
2021-03-05,风险平价策略,1.0,0.3,0.15,0.15,0.06644597566114833,0.3808224337559513,0.0,0.04317181366370227,0.05477672164715367,0.04205821091371991,0.02715355445780946,0.03773791116243885,0.047833378738076145,0.16777660993439386
2021-03-08,风险平价策略,1.0,0.3,0.15,0.15,0.06609214227886238,0.38105479163390976,0.0,0.04314081681847523,0.05481194710149776,0.04208769914003799,0.027174480818450253,0.037769669704523195,0.047868452504243375,0.1674549207753925
2021-03-09,风险平价策略,1.0,0.3,0.15,0.15,0.06566002803454334,0.3878000732753871,0.0,0.047173265159639835,0.051745064221124494,0.03531240956518114,0.025371355866703534,0.03640200687071265,0.050535797006707815,0.16618619012584707
2021-03-10,风险平价策略,1.0,0.3,0.15,0.15,0.06359006368934678,0.39549556468558034,0.0,0.04553263952510067,0.05294786423182561,0.03231204046690555,0.024336262581742013,0.03398655555662665,0.05179900926287234,0.1634369591290916
2021-03-11,风险平价策略,1.0,0.3,0.15,0.15,0.06519862250716739,0.38922927393751383,0.0,0.046706990163945465,0.054189752177906454,0.03312226630382073,0.024939741390234967,0.03348501164274528,0.053128341876665854,0.1659133228858496
2021-03-12,风险平价策略,1.0,0.3,0.15,0.15,0.06640648688474991,0.38925458080631414,0.0,0.04666616282637557,0.05293391058317557,0.03370261524471266,0.025386701618630395,0.0340769081054761,0.051572633930565555,0.1667973878142691
2021-03-15,风险平价策略,1.0,0.3,0.15,0.15,0.06680104180440596,0.3874206601068672,0.0,0.04694865050608011,0.053235474844499836,0.033882754866776624,0.025531709356902063,0.03428139119399587,0.051898317320472405,0.16743434338968285
2021-03-16,风险平价策略,1.0,0.3,0.15,0.15,0.06747997646916112,0.38965719740504984,0.0,0.045485507617850064,0.05336801339145707,0.03246480484199308,0.024534624392825232,0.034651785456201165,0.052358090425462536,0.16757306382305506
2021-03-17,风险平价策略,1.0,0.3,0.15,0.15,0.06710488081967166,0.3898531769471682,0.0,0.045523998410743574,0.053397141628598044,0.03248690083215144,0.024555938409614477,0.03467761669350281,0.05240034625854971,0.16723945320473718
2021-03-18,风险平价策略,1.0,0.3,0.15,0.15,0.06837764138177727,0.38714170691305977,0.0,0.046433446282771317,0.05215062092345746,0.03317555396364841,0.024130896366005936,0.035116087487522055,0.05347404668175764,0.1687291902628125
2021-03-19,风险平价策略,1.0,0.3,0.15,0.15,0.0631595533663427,0.40230247504401817,0.0,0.044087071675219726,0.05328269134395603,0.02636446601830383,0.019118899961303802,0.03746445079274048,0.0542203917981152,0.16144837284276867
2021-03-22,风险平价策略,1.0,0.3,0.15,0.15,0.0631700759334901,0.40241882481682917,0.0,0.04411198238130902,0.053302496213030695,0.02636620323718046,0.019118326297796567,0.03746218049327859,0.05404991062708542,0.1614210405343309
2021-03-23,风险平价策略,1.0,0.3,0.15,0.15,0.0593989602379717,0.4083747713169591,0.0,0.04506378292139848,0.04856639162248925,0.026798436830667176,0.019444499208471834,0.03734373110319671,0.05500942675884588,0.15762445599173455
2021-03-24,风险平价策略,1.0,0.3,0.15,0.15,0.057513857896685845,0.4108239637349994,0.0,0.044281452874891915,0.04890033078251137,0.026845722894439976,0.018776935569954474,0.037699720732122105,0.055158015514395,0.15561114268889206
2021-03-25,风险平价策略,1.0,0.3,0.15,0.15,0.05748975732455525,0.4114948783557576,0.0,0.04340858780137054,0.04893530086298823,0.026776705176892235,0.018828256299322867,0.03778272341787765,0.05528379076123558,0.15552044882307164
2021-03-26,风险平价策略,1.0,0.3,0.15,0.15,0.05795806774122751,0.40929663575755826,0.0,0.04377790400302059,0.04934022220331901,0.02699006652735358,0.018977417881305313,0.0381139192661918,0.05554576662002387,0.15625809301806023
2021-03-29,风险平价策略,1.0,0.3,0.15,0.15,0.05808976227852526,0.4092657368583487,0.0,0.04387504720615566,0.04937733935513516,0.026903470345108874,0.019022201314172184,0.03780950139936954,0.05565694124318459,0.15640166065900385
2021-03-30,风险平价策略,1.0,0.3,0.15,0.15,0.058660635724747896,0.4082762669969634,0.0,0.043856886047205154,0.04989135663955135,0.02748347268948979,0.019434314087541288,0.038493369284838354,0.053903698529662605,0.15685560569011403
2021-03-31,风险平价策略,1.0,0.3,0.15,0.15,0.05880219160581725,0.4115742946294289,0.0,0.043650173358532864,0.048519274139766165,0.027496142942144242,0.01957327817876185,0.03830919212330116,0.052075453022247566,0.1563377757109076
2021-04-01,风险平价策略,1.0,0.3,0.15,0.15,0.059458665354002814,0.4094838701736837,0.0,0.04340320855478807,0.04902326448131395,0.02775725885329754,0.019466567875943926,0.0387375662042583,0.052669598502711704,0.15721540470679674
2021-04-02,风险平价策略,1.0,0.3,0.15,0.15,0.058659609940279384,0.41006714170282754,0.0,0.04349088602083509,0.04911166760398958,0.027810282176818926,0.019503201670850397,0.03860036886929492,0.05275684201510404,0.15648643328479084
2021-04-06,风险平价策略,1.0,0.3,0.15,0.15,0.05997827458759414,0.40775261578367505,0.0,0.04430700135766264,0.05008410639189975,0.02857861972139486,0.018310390044255505,0.03880211108319738,0.052186881030320716,0.15764895851822036
2021-04-07,风险平价策略,1.0,0.3,0.15,0.15,0.06087058318617617,0.40383641041731083,0.0,0.044844571594503065,0.05050705130719587,0.02899841026030439,0.01849812493267859,0.03941252522821827,0.05303232307361281,0.15904456157386962
2021-04-08,风险平价策略,1.0,0.3,0.15,0.15,0.06182510722223739,0.40137307258768007,0.0,0.04576493543005319,0.051495543799918504,0.027339563819013573,0.01881293870140791,0.0392183948965665,0.05417044354312297,0.1603550924760358
2021-04-09,风险平价策略,1.0,0.3,0.15,0.15,0.061863139736606954,0.4015154464044218,0.0,0.04570731097354106,0.05140915464118982,0.02723538839514895,0.01882845795936747,0.03924254529824232,0.05419855659148155,0.16037190970363369
2021-04-12,风险平价策略,1.0,0.3,0.15,0.15,0.06313544908687596,0.4084581714223062,0.0,0.04270727184172832,0.050765097178946395,0.02714996390671769,0.01870298403224343,0.03645057209606615,0.0526304904351159,0.16037804286452254
2021-04-13,风险平价策略,1.0,0.3,0.15,0.15,0.062317033249054576,0.4098319002445815,0.0,0.04287897424496427,0.05094201766187531,0.02723147014350485,0.018763889053068056,0.03637779689180638,0.051656918511145004,0.1594010346606965
2021-04-14,风险平价策略,1.0,0.3,0.15,0.15,0.06235517590297697,0.4097632504563956,0.0,0.042905857504564285,0.050971503046469406,0.027248374783604555,0.01877436940491653,0.03629344900112743,0.05168801989994522,0.15945045071746955
2021-04-15,风险平价策略,1.0,0.3,0.15,0.15,0.06258840918484097,0.40864274495991637,0.0,0.04307347932364546,0.05116507321792481,0.027349572572183137,0.018845461797165532,0.036437756414505376,0.051897502529818444,0.1598308303700891
2021-04-16,风险平价策略,1.0,0.3,0.15,0.15,0.06279795524306722,0.40960136269559794,0.0,0.043225287247004446,0.04947624936755276,0.02740828211803648,0.018886123806843583,0.036540052945273876,0.0520646865766237,0.1599015218713827
2021-04-19,风险平价策略,1.0,0.3,0.15,0.15,0.06260075279592077,0.40976440442167106,0.0,0.04324813547148357,0.04949031514875636,0.027431952496802112,0.018815410493151514,0.03655892203078495,0.052090107141429615,0.15970526815156813
2021-04-20,风险平价策略,1.0,0.3,0.15,0.15,0.0620857137457958,0.41206810009021094,0.0,0.04315408196001248,0.04861320005939225,0.027566457147341752,0.01891708705070338,0.036780022369505096,0.05081533757703818,0.15881964437203538
2021-04-21,风险平价策略,1.0,0.3,0.15,0.15,0.06258036022358256,0.41395122482156516,0.0,0.041786488831863866,0.048164420904465405,0.027082207701285055,0.018236285448618647,0.03704575534022153,0.05115325672839773,0.15889973313289096
2021-04-22,风险平价策略,1.0,0.3,0.15,0.15,0.06344135841419518,0.4109981573427414,0.0,0.04238491542286098,0.04876750729665077,0.026863333603988716,0.01814165178073882,0.037564669993171484,0.05183840614565271,0.16007095608529515
2021-04-23,风险平价策略,1.0,0.3,0.15,0.15,0.06242071357160898,0.4117742356641152,0.0,0.04249573285965241,0.048886401019491085,0.02692859572036358,0.018187305723011513,0.03766223280052928,0.051644782641227925,0.15909063939131293
2021-04-26,风险平价策略,1.0,0.3,0.15,0.15,0.06455851749773792,0.39834150541205693,0.0,0.0450280066583215,0.05167179331034838,0.02817711542847049,0.019020382978583227,0.039939191592183676,0.05326348712229797,0.16297152660524045
2021-04-27,风险平价策略,1.0,0.3,0.15,0.15,0.06453777528633474,0.3965103522684152,0.0,0.04537439265723198,0.05206056990039391,0.028391844308096128,0.01916564055784565,0.04025734272260006,0.05370208229908232,0.16326978421083327
2021-04-28,风险平价策略,1.0,0.3,0.15,0.15,0.06568991939992516,0.4022931698665756,0.0,0.04243900582915645,0.05096437563359602,0.028834068791140238,0.019456010986366273,0.03755880536657763,0.05276464412666262,0.16347624994388163
2021-04-29,风险平价策略,1.0,0.3,0.15,0.15,0.06572066373130327,0.40232005943630494,0.0,0.042465733601826615,0.05098827437139359,0.028848021753005878,0.019464473654000614,0.037401503179275326,0.05279127027288981,0.16350785284993227
2021-04-30,风险平价策略,1.0,0.3,0.15,0.15,0.06319837947021326,0.40609458699358414,0.0,0.04177787638245991,0.051540316584102484,0.02823421711697018,0.019724708156712206,0.03740526698204154,0.05202464831391627,0.16082296477529764
2021-05-06,风险平价策略,1.0,0.3,0.15,0.15,0.06319438067038931,0.4061175316684695,0.0,0.04177501998560295,0.05153591143343333,0.02823143205174497,0.019723628966169502,0.03740314934936016,0.0520189458748302,0.16081568696748702
2021-05-07,风险平价策略,1.0,0.3,0.15,0.15,0.06392930861542154,0.4027641522364784,0.0,0.04226033664650688,0.05211878645144002,0.028566778053881893,0.01985260402439819,0.03784642540216962,0.05266160856970353,0.16197354337577138
2021-05-10,风险平价策略,1.0,0.3,0.15,0.15,0.06393494365868982,0.4028780018350478,0.0,0.04226797710118061,0.05212536266791387,0.02854783616140016,0.019854828796230836,0.03772473920260951,0.05266631057692737,0.16196728848773193
2021-05-11,风险平价策略,1.0,0.3,0.15,0.15,0.06155047235937256,0.4194889631781026,0.0,0.03641300489862515,0.04309748872326203,0.026111426822691793,0.019092736196344468,0.03873004606105725,0.055515861760544113,0.1578873408419047
2021-05-12,风险平价策略,1.0,0.3,0.15,0.15,0.06154296120118096,0.4195243882315266,0.0,0.03640738592305453,0.04309170890092176,0.02610845485478838,0.01909066150414685,0.03872530632655689,0.055509133057823956,0.15787522216408945
2021-05-13,风险平价策略,1.0,0.3,0.15,0.15,0.06265948640659859,0.4350664949621131,0.0,0.034145343826389125,0.03916302194827511,0.021505675883420696,0.01947835135201558,0.03314394143007361,0.05483768419111412,0.15681778859684573
2021-05-14,风险平价策略,1.0,0.3,0.15,0.15,0.0633087602173493,0.4434814351832025,0.0,0.03137961206312458,0.03557599747956247,0.0208696835139206,0.01839840010767965,0.030406142130142595,0.056579969305018366,0.15633921773790696
2021-05-17,风险平价策略,1.0,0.3,0.15,0.15,0.06363383548850324,0.4421750464592785,0.0,0.031534837628220694,0.03574739628033324,0.020971616414042226,0.018492221773767206,0.030554060353303106,0.0568909856025517,0.1568375586479904
2021-05-18,风险平价策略,1.0,0.3,0.15,0.15,0.0637597381925544,0.44166209744811225,0.0,0.031595850491694,0.035816450765115,0.021011315143116695,0.01852739281484217,0.03061278876140556,0.05701436638315985,0.15703163323119346
2021-05-19,风险平价策略,1.0,0.3,0.15,0.15,0.06527858260159908,0.4508695754668135,0.0,0.027524816899979487,0.03167195688715372,0.019725995744444356,0.016786136273563946,0.029078606577085303,0.059064329549360486,0.15706501980714876
2021-05-20,风险平价策略,1.0,0.3,0.15,0.15,0.05943352495962753,0.45639254677556046,0.0,0.02715510648687924,0.03129329025594232,0.020156074415181448,0.016190797946015724,0.029480639065427954,0.05989802009536525,0.15140659880638177
2021-05-21,风险平价策略,1.0,0.3,0.15,0.15,0.06089312655075697,0.46098707733528155,0.0,0.02528205811703047,0.0285007905049346,0.019449616659716167,0.01542889436187809,0.0284648711394914,0.06099356533091076,0.15204537183239505
2021-05-24,风险平价策略,1.0,0.3,0.15,0.15,0.06383929003312726,0.4528944833050114,0.0,0.025979858205138408,0.02664246843693539,0.02043481543951814,0.01621487791774454,0.02994555827798365,0.06404864838454118,0.1560704480606901
2021-05-25,风险平价策略,1.0,0.3,0.15,0.15,0.06399051945999909,0.4527718232214553,0.0,0.026032956674683666,0.026693515995630558,0.020475574335669877,0.016247338991558155,0.03001129947591806,0.06377697184508524,0.15618506783064146
2021-05-26,风险平价策略,1.0,0.3,0.15,0.15,0.06409371805245305,0.45331186855226163,0.0,0.025867949080186317,0.026426691767419765,0.020481095773409393,0.01628640318945588,0.029659570808180616,0.0638727027766333,0.15622719358650286
2021-05-27,风险平价策略,1.0,0.3,0.15,0.15,0.06969905877009722,0.4378877360743645,0.0,0.028136459367721172,0.028720315763660884,0.0212456553676197,0.017234453272961244,0.03074957330892189,0.0663267480746534,0.1634390566438832
2021-05-28,风险平价策略,1.0,0.3,0.15,0.15,0.07088920044582869,0.4354518920397861,0.0,0.028582640161812896,0.029172694342119772,0.021585850299879732,0.01751158539431284,0.03127301583646954,0.0655331214797904,0.1647044192176946
2021-05-31,风险平价策略,1.0,0.3,0.15,0.15,0.07089229338787263,0.43548306056419894,0.0,0.028583964293504092,0.02917383018187671,0.02158867114893136,0.017503988406155396,0.031240469384589537,0.06553372263287127,0.1647026707605272
2021-06-01,风险平价策略,1.0,0.3,0.15,0.15,0.0708903872632999,0.4354804154282549,0.0,0.02858478113988257,0.029175337146055563,0.021589096147316973,0.01750456269036386,0.03124044871534812,0.06553497146947809,0.16470167332516583
2021-06-02,风险平价策略,1.0,0.3,0.15,0.15,0.07956299584495813,0.42168076051818176,0.0,0.03080031832359262,0.030020377160594913,0.023172751626625465,0.019430619772794495,0.03519641645264476,0.06013576030060784,0.17340703926221726
2021-06-03,风险平价策略,1.0,0.3,0.15,0.15,0.07881439515250357,0.4242779191580071,0.0,0.030314969337595945,0.029543129469263414,0.02330921368050233,0.019544946856789605,0.035411031534303354,0.058784394811034583,0.17227865290695846
2021-06-04,风险平价策略,1.0,0.3,0.15,0.15,0.09206130236000377,0.397895416199362,0.0,0.02947570728181714,0.03422664932533462,0.02615468874273197,0.02312309524230722,0.03648285550894439,0.060580285339498954,0.18775200349715734
2021-06-07,风险平价策略,1.0,0.3,0.15,0.15,0.08868112565478202,0.3880186010203477,0.0,0.03155646214965784,0.03657593410715772,0.026475920246483365,0.02444535042559489,0.0390829925564385,0.06516361383953814,0.18693279356688144
2021-06-08,风险平价策略,1.0,0.3,0.15,0.15,0.08874105854659313,0.3882583429549109,0.0,0.03159964631613872,0.036273015568259286,0.026407804011516666,0.024471314983683247,0.03904082283219592,0.0652079947867021,0.18696083600716812
2021-06-09,风险平价策略,1.0,0.3,0.15,0.15,0.08906538888403474,0.38715002567372325,0.0,0.03171464356681238,0.03639909615009493,0.026503025655434508,0.024556016857256856,0.03918221999560283,0.0654295832170404,0.18741974953652873
2021-06-10,风险平价策略,1.0,0.3,0.15,0.15,0.08931459072718846,0.38803624350879934,0.0,0.03164616323337591,0.03650184809606796,0.026147806615692205,0.0241725518521152,0.03930680042680398,0.06487399553995687,0.18737412515163646
2021-06-11,风险平价策略,1.0,0.3,0.15,0.15,0.09017513695228324,0.38237683170272074,0.0,0.03230456044822977,0.03725396831470147,0.026699466107443937,0.02466738168696047,0.04013370319191959,0.06638895159574079,0.18910268158677004
2021-06-15,风险平价策略,1.0,0.3,0.15,0.15,0.0785431760480662,0.41319570721211424,0.0,0.03003909693150669,0.036195426102543865,0.02897642175449545,0.026604859361474838,0.030983053944662813,0.055462258645135945,0.17446736854119754
2021-06-16,风险平价策略,1.0,0.3,0.15,0.15,0.07883654755322937,0.41559358180906547,0.0,0.02835781631813576,0.034541638434682054,0.029251578656751674,0.026852039590040244,0.030855643778728632,0.05571115385936672,0.17446607767122493
2021-06-17,风险平价策略,1.0,0.3,0.15,0.15,0.0807378009588941,0.41387149865563866,0.0,0.029181952630220886,0.035472474440474036,0.03004566671004305,0.027003578437188574,0.031123458918518074,0.05256356924902259,0.1759420542463376
2021-06-18,风险平价策略,1.0,0.3,0.15,0.15,0.07893476686335134,0.4346042908283986,0.0,0.026924874914444882,0.03321981033274181,0.025412537630300075,0.02368322541692708,0.02838782621938364,0.04883266779445245,0.17068535169514543
2021-06-21,风险平价策略,1.0,0.3,0.15,0.15,0.07860200871190316,0.4351842900087436,0.0,0.026582655857150826,0.03303371616267552,0.025469670343994572,0.02373538637209654,0.02846277736091795,0.04892949518251777,0.17034582279086824
2021-06-22,风险平价策略,1.0,0.3,0.15,0.15,0.07860353247908419,0.43517723072806275,0.0,0.026584425845498923,0.033036169133507994,0.025470528646307052,0.023735107553574417,0.028464321025911614,0.048928684588053065,0.17034787614896627
2021-06-23,风险平价策略,1.0,0.3,0.15,0.15,0.0786022422975676,0.4352026056977056,0.0,0.02658182169970258,0.033031814465562304,0.025468149891964786,0.023734075298943638,0.028451462336178554,0.04892782831237494,0.1703434608349168
2021-06-24,风险平价策略,1.0,0.3,0.15,0.15,0.07871230252124621,0.4353718398882333,0.0,0.026587617590690036,0.0329737097560852,0.02550169294107571,0.023746122613015095,0.02849839094316937,0.0486083237464851,0.17037557940171164
2021-06-25,风险平价策略,1.0,0.3,0.15,0.15,0.07883037676290618,0.43502101135512644,0.0,0.02662693267456823,0.033022692573341346,0.025539061179262485,0.023780109650436452,0.02854073649520867,0.04863907930915024,0.17053035552600335
2021-06-28,风险平价策略,1.0,0.3,0.15,0.15,0.07377167972669567,0.4322007845416183,0.0,0.027737833649797542,0.03423601801976909,0.026705321541985325,0.0245222360045289,0.02985111231075459,0.05097501420485061,0.16703318436870981
2021-06-29,风险平价策略,1.0,0.3,0.15,0.15,0.07300385929613931,0.43597381806582536,0.0,0.02749185320588157,0.03416428754048816,0.024844027416649716,0.023852008106573584,0.030265485321770393,0.05040466104667184,0.16567213270703637
2021-06-30,风险平价策略,1.0,0.3,0.15,0.15,0.07306416116754866,0.43645473583242606,0.0,0.027518101361029647,0.03415162884483981,0.02486023829521042,0.02386681223665347,0.03030289938356235,0.04978142287872953,0.1655844821481207
2021-07-01,风险平价策略,1.0,0.3,0.15,0.15,0.07426018739108609,0.43299243696586415,0.0,0.027890529859134996,0.03402501845676274,0.025158817804810694,0.0242525693351661,0.03079234244020975,0.05062809774696549,0.1672081791462249
2021-07-02,风险平价策略,1.0,0.3,0.15,0.15,0.07128330587174853,0.4350966691008055,0.0,0.02801418291217224,0.03416433726531877,0.02526639314975383,0.02437326852779037,0.03094313204955819,0.05085871112285247,0.16446706487285956
2021-07-05,风险平价策略,1.0,0.3,0.15,0.15,0.07064983108660354,0.43577324769936987,0.0,0.028075577966013534,0.03422484411765722,0.02531017956139149,0.02441510203728662,0.03058767751804829,0.050963540013629474,0.1638739822710059
2021-07-06,风险平价策略,1.0,0.3,0.15,0.15,0.07193853427070343,0.431744768668358,0.0,0.028598566344567887,0.034370462484789956,0.025763913779890787,0.02484112855534371,0.03079167904950085,0.051950946846845314,0.16568540797395287
2021-07-07,风险平价策略,1.0,0.3,0.15,0.15,0.07192557374252527,0.4439397085353043,0.0,0.02752236853226435,0.03333399609894318,0.02061047085269088,0.02023631863070995,0.02853971717837346,0.05389184642918847,0.16354036703704705
2021-07-08,风险平价策略,1.0,0.3,0.15,0.15,0.06211829098616198,0.45512239643099944,0.0,0.02776415334548929,0.03257159895993619,0.01927271310561339,0.0191438991292222,0.02960137878529717,0.05440556925728036,0.15363421884923756
2021-07-09,风险平价策略,1.0,0.3,0.15,0.15,0.062321505084489075,0.4543595839749519,0.0,0.027851517271529663,0.032671081503929854,0.01933123334050891,0.019201753761240184,0.029672083025148302,0.05459124203820215,0.15393789992338566
2021-07-12,风险平价策略,1.0,0.3,0.15,0.15,0.061983193256980255,0.4547032805391519,0.0,0.027872354525319158,0.03270010690490876,0.01934740051562372,0.019218323223997465,0.029696415247533588,0.054478925786485125,0.15359592382102594
2021-07-13,风险平价策略,1.0,0.3,0.15,0.15,0.06198229804340414,0.45470252922631244,0.0,0.027874198354557716,0.032699167612507164,0.019346827739603063,0.019218419011503275,0.029697497083744227,0.054479062928368,0.15359526686903568
2021-07-14,风险平价策略,1.0,0.3,0.15,0.15,0.061985771723556446,0.4547271572508432,0.0,0.027834309406859714,0.03270221750499305,0.019348728272263943,0.019219622826825034,0.029699960977572774,0.05448223203708587,0.15359537796906136
2021-07-15,风险平价策略,1.0,0.3,0.15,0.15,0.07437263665768114,0.410238176456167,0.0,0.03371216265724058,0.03817294724693445,0.021399620951267975,0.01933446591855706,0.03609753562492295,0.06667245448722876,0.17131614019707117
2021-07-16,风险平价策略,1.0,0.3,0.15,0.15,0.07441890620902794,0.4105468075229704,0.0,0.03373339842360553,0.03819486198589533,0.021420516677849565,0.019178747920463583,0.03612072277394628,0.06638603848624137,0.17125356996916571
2021-07-19,风险平价策略,1.0,0.3,0.15,0.15,0.0755637137493465,0.41192270143421067,0.0,0.03339815663206446,0.037484942503728566,0.021760655849907395,0.019230015263910504,0.0368034455648764,0.06383636900195548,0.17171462476984575
2021-07-20,风险平价策略,1.0,0.3,0.15,0.15,0.07421692690102935,0.4182523452288911,0.0,0.03258735713217263,0.036055794355118145,0.019828296426469338,0.017210548163919717,0.03726840978334502,0.06458032200905463,0.1694617090090424
2021-07-21,风险平价策略,1.0,0.3,0.15,0.15,0.07364194191879196,0.42041464019206687,0.0,0.03273917120272565,0.03525213235033174,0.0199616947352866,0.017235551770325694,0.03682075250844626,0.06393411532202525,0.16862803127985085
2021-07-22,风险平价策略,1.0,0.3,0.15,0.15,0.07552722694487747,0.4176423086482662,0.0,0.03365008304257803,0.03618968069454046,0.020450031063173002,0.017655322831583747,0.03592513155054238,0.06296021522443868,0.17056798281028263
2021-07-23,风险平价策略,1.0,0.3,0.15,0.15,0.07454079219655713,0.41864491969601025,0.0,0.033786220454685684,0.03631598515987821,0.02052021758764696,0.017710170152577264,0.035270730553248204,0.06321096419939617,0.16966322447376553
2021-07-26,风险平价策略,1.0,0.3,0.15,0.15,0.06240348459679469,0.4283377778366692,0.0,0.034885683303233155,0.037402867830843387,0.020748177384933703,0.018250191944105543,0.03278655834956167,0.06518525875385871,0.15855947383823962
2021-07-27,风险平价策略,1.0,0.3,0.15,0.15,0.055529059567809104,0.4032929460423802,0.0,0.041164635243521264,0.04411401353908111,0.024605089821300948,0.02169178234120737,0.03939870046057885,0.07020377298412116,0.1571590901383217
2021-07-28,风险平价策略,1.0,0.3,0.15,0.15,0.055468616492880034,0.40353800955977626,0.0,0.04121512307173709,0.04374872489000613,0.02462863013802874,0.02171052915543107,0.039433300424893146,0.0702570662672475,0.1570838264690216
2021-07-29,风险平价策略,1.0,0.3,0.15,0.15,0.055465540126862306,0.40357256109789236,0.0,0.04117334887161132,0.043750701600253246,0.024629278814901172,0.0217117305368866,0.03943872938857555,0.07025810956301745,0.15707673889830456
2021-07-30,风险平价策略,1.0,0.3,0.15,0.15,0.055466280335360864,0.4035775207397817,0.0,0.041173961758572415,0.04375096270234921,0.024628055994956394,0.021709863260726322,0.03943616935921664,0.07025718584903634,0.15707634608460622
2021-08-02,风险平价策略,1.0,0.3,0.15,0.15,0.055299873839080166,0.40909869880129235,0.0,0.04100435045793425,0.04312549110712724,0.024786372375534053,0.021638352383915534,0.039382158385926055,0.06566470264919037,0.15563186935815976
2021-08-03,风险平价策略,1.0,0.3,0.15,0.15,0.05622200446743097,0.39962823710619705,0.0,0.04040404213381274,0.04358503749336817,0.024509258300755586,0.021190456153667284,0.042361891725239485,0.0720990726195287,0.158293269273486
2021-08-04,风险平价策略,1.0,0.3,0.15,0.15,0.05646159783937514,0.3992849263936412,0.0,0.040284703408447954,0.04378302834009556,0.024612399742808926,0.021275100276308165,0.04185747390405988,0.07244077009526315,0.15861158535788072
2021-08-05,风险平价策略,1.0,0.3,0.15,0.15,0.0572098122282486,0.4041876486722226,0.0,0.03845659260024749,0.0446430120171332,0.02266669847927879,0.019858159936477358,0.04075541548957065,0.07222266057682133,0.15833893908013938
2021-08-06,风险平价策略,1.0,0.3,0.15,0.15,0.05759735882211523,0.40331988105993616,0.0,0.038693095752353926,0.04492421269191877,0.022794740540408632,0.019974897973233454,0.04101440984414793,0.07168140331588582,0.1587288646511887
2021-08-09,风险平价策略,1.0,0.3,0.15,0.15,0.07819571748240188,0.3477983018216806,0.0,0.04600299346559477,0.060300742226936196,0.026245200824257683,0.022794687789602773,0.05504000135363194,0.06362235503589402,0.182624716557568
2021-08-10,风险平价策略,1.0,0.3,0.15,0.15,0.07822103805928776,0.3479015170412396,0.0,0.04602058624698989,0.060318357376878205,0.026252216660818152,0.022802707583406412,0.05505873813975323,0.06342483889162669,0.1826091410719902
2021-08-11,风险平价策略,1.0,0.3,0.15,0.15,0.07863875964881753,0.3462662000922195,0.0,0.04626286251551325,0.060621258273632087,0.026353145730473204,0.02292685448905921,0.055227318338954064,0.06370360091133116,0.18323006182730242
2021-08-12,风险平价策略,1.0,0.3,0.15,0.15,0.07902958887893337,0.347038665693051,0.0,0.04652576373726114,0.060764811297627126,0.02647770381663459,0.022870994291591173,0.05332183263291581,0.06397063965198588,0.18353559269381392
2021-08-13,风险平价策略,1.0,0.3,0.15,0.15,0.0793983792850186,0.34498442602350304,0.0,0.0463778301301767,0.061284060961374766,0.02663242842208595,0.022982515947644097,0.05374772082750856,0.0645926384026882,0.18420395290558395
2021-08-16,风险平价策略,1.0,0.3,0.15,0.15,0.08015821281627059,0.34298993870091476,0.0,0.04636190254844993,0.06196541760426787,0.026044679073500974,0.022894719117276623,0.054270001597138684,0.06531512854218054,0.18516257426769056
2021-08-17,风险平价策略,1.0,0.3,0.15,0.15,0.07597228992475913,0.34572565184824444,0.0,0.0466379753482849,0.06238532864328526,0.02623328935012732,0.022710783675777033,0.05463608514348596,0.06569859606603601,0.18128456779253002
2021-08-18,风险平价策略,1.0,0.3,0.15,0.15,0.07717200163520976,0.35026765833012885,0.0,0.04477023416604981,0.058254191316688915,0.025787495169724804,0.02324384127329788,0.05366001220519859,0.06684456590370132,0.1819267845967219
2021-08-19,风险平价策略,1.0,0.3,0.15,0.15,0.07097641405142482,0.3719039149932593,0.0,0.03797940136133882,0.055557757476282076,0.024767970940030703,0.020964177632886764,0.04953256365305708,0.06831779989172039,0.17372726648718378
2021-08-20,风险平价策略,1.0,0.3,0.15,0.15,0.07164509198013144,0.36929172768896157,0.0,0.03833101023990459,0.05605321523409067,0.024938896204368143,0.021140104246548806,0.04956063514915779,0.06903931925683694,0.1747571989231378
2021-08-23,风险平价策略,1.0,0.3,0.15,0.15,0.07305495051076598,0.36516485415848937,0.0,0.03908850097103723,0.05711206033316432,0.025358559537035637,0.02154768206206851,0.048582637456859805,0.07009075497057914,0.1767235293157124
2021-08-24,风险平价策略,1.0,0.3,0.15,0.15,0.07306526642148659,0.3651540745910304,0.0,0.039088385481439294,0.057116207575241766,0.025361155487147444,0.02154773253255855,0.04858415299975626,0.07008302491133965,0.17673271088370854
2021-08-25,风险平价策略,1.0,0.3,0.15,0.15,0.07308319859692809,0.36548891044346044,0.0,0.039105814843795036,0.05713544230059872,0.0253675812992916,0.021555198787447646,0.04860203501398622,0.06966181871449229,0.17665274872585648
2021-08-26,风险平价策略,1.0,0.3,0.15,0.15,0.07902341752618938,0.3447791364911349,0.0,0.04098961768292758,0.05838644379010198,0.027023832995094612,0.023428083072613324,0.05251012745224836,0.07385934098968973,0.18514103601246024
2021-08-27,风险平价策略,1.0,0.3,0.15,0.15,0.07903451802992885,0.3448043188097314,0.0,0.04099300103470287,0.05839042334143736,0.027024104880501082,0.02342914820007359,0.052464205819053165,0.07386027988457158,0.18514862427822026
2021-08-30,风险平价策略,1.0,0.3,0.15,0.15,0.07904131456459705,0.34486479070632664,0.0,0.04100209068313258,0.058401702309094444,0.026910526857623743,0.023440032652458694,0.052472444588499846,0.07386709763826695,0.1851473463608141
2021-08-31,风险平价策略,1.0,0.3,0.15,0.15,0.07981238989897801,0.34280779578547893,0.0,0.04142710791340331,0.058180350139992544,0.026822074085535306,0.023701292691733617,0.05270411265035517,0.07454487683452302,0.1861880444962667
2021-09-01,风险平价策略,1.0,0.3,0.15,0.15,0.07710767096365179,0.34880394901730727,0.0,0.039420604663663365,0.05479316758167322,0.027496123275651818,0.024287293880631812,0.05205043740212726,0.07604075321529342,0.18340621600956003
2021-09-02,风险平价策略,1.0,0.3,0.15,0.15,0.07785142870630322,0.3461191395127773,0.0,0.03984242765940364,0.05535418027252585,0.027046746315243186,0.024472655711667766,0.05255182937406942,0.07676159244800956,0.1844900448686281
2021-09-03,风险平价策略,1.0,0.3,0.15,0.15,0.07794185670815044,0.34556100059951583,0.0,0.04035326858263083,0.05434707682615706,0.02734722415378875,0.02473744116676246,0.05241824461521376,0.07729388734778082,0.1847546065254089
2021-09-06,风险平价策略,1.0,0.3,0.15,0.15,0.07834986685551834,0.3441980248999141,0.0,0.04058911035422743,0.05464144508840387,0.02737784943038701,0.024431493473975382,0.052649765655020817,0.07776244424255305,0.18528197258674267
2021-09-07,风险平价策略,1.0,0.3,0.15,0.15,0.08029472752562013,0.33710501271319876,0.0,0.04089979415635197,0.056038398406707414,0.02810126256299974,0.025067189170016796,0.05393164832438304,0.07856196714072217,0.18803964390522693
2021-09-08,风险平价策略,1.0,0.3,0.15,0.15,0.08167955284290368,0.345241650068754,0.0,0.040710284392405226,0.05725508960220032,0.026015242332558752,0.025202455526496727,0.05154523964509839,0.07235048558958276,0.18743144801771933
2021-09-09,风险平价策略,1.0,0.3,0.15,0.15,0.08223189723917147,0.34425511106241385,0.0,0.04099947843206153,0.057638311455307865,0.026200567066930143,0.025373236456063257,0.05134537601667452,0.07195602227137735,0.18801643858318265
2021-09-10,风险平价策略,1.0,0.3,0.15,0.15,0.08014080154105888,0.34556368151495015,0.0,0.04118844711738221,0.0578971977182755,0.02620398409037656,0.025211723081659927,0.05159302425067525,0.07220114068562154,0.18607943797869486
2021-09-13,风险平价策略,1.0,0.3,0.15,0.15,0.08376236961056992,0.3312726943892565,0.0,0.043076049956387044,0.06050003692779226,0.027446898499839386,0.026392455802554216,0.053858536506474715,0.07369095830712585,0.191362997545397
2021-09-14,风险平价策略,1.0,0.3,0.15,0.15,0.06945374289935172,0.3544891818298048,0.0,0.03950727231956289,0.03910876448342953,0.029886446111298967,0.02891992120692949,0.05975146926010001,0.07888320188952257,0.17708459649159322
2021-09-15,风险平价策略,1.0,0.3,0.15,0.15,0.06940289515325516,0.35034270683335506,0.0,0.04013756494313316,0.03978037503590158,0.03038526553499776,0.029405780559599203,0.06016856204656746,0.0803768498931906,0.1778511091769031
2021-09-16,风险平价策略,1.0,0.3,0.15,0.15,0.06852448776854794,0.352560703743027,0.0,0.04013746464318365,0.039939797560743735,0.03051530703412317,0.0295304148170528,0.06047235876360763,0.07831946566971404,0.17657905927879877
2021-09-17,风险平价策略,1.0,0.3,0.15,0.15,0.06113633845398072,0.3612852871462214,0.0,0.040125620060664086,0.041125396120710526,0.030575148327785087,0.030190354504175794,0.06196321227607578,0.07359864311038652,0.168690159545514
2021-09-22,风险平价策略,1.0,0.3,0.15,0.15,0.06142401569598136,0.36263614552150053,0.0,0.0396993775571985,0.04134984814552852,0.03014587231159358,0.030336277667631268,0.06040976815143737,0.07399869494912875,0.16886310703851104
2021-09-23,风险平价策略,1.0,0.3,0.15,0.15,0.061486743198262105,0.363758794639162,0.0,0.039672411165576016,0.04140196979906057,0.0302063075945523,0.030393528484443523,0.06050770047491834,0.07257254464402511,0.16859992898674525
2021-09-24,风险平价策略,1.0,0.3,0.15,0.15,0.04871922357648521,0.36227650228608893,0.0,0.044647079377123484,0.04123872216648062,0.03321852564565617,0.03345675284498153,0.062056524041756295,0.0743866700614277,0.1587667903933978
2021-09-27,风险平价策略,1.0,0.3,0.15,0.15,0.04626625752905609,0.35994617050983757,0.0,0.0458395872470131,0.04021897561231944,0.033865451280880046,0.03413869431679232,0.06347554403723987,0.07624931946686156,0.15731742092398082
2021-09-28,风险平价策略,1.0,0.3,0.15,0.15,0.0474537184880962,0.36038369261567255,0.0,0.046935721266412204,0.04082359128246846,0.03475316574273543,0.03495729101454633,0.06090816740478584,0.07378465218528302,0.15817693648673017
2021-09-29,风险平价策略,1.0,0.3,0.15,0.15,0.040731294718138,0.37253572608282126,0.0,0.04454605150862695,0.04281489207794365,0.03134656061505632,0.030273198744798526,0.06126221076322305,0.07649006548939226,0.15042008348320376
2021-09-30,风险平价策略,1.0,0.3,0.15,0.15,0.041548797125832176,0.37167729436286334,0.0,0.04454856137553067,0.042213864456025214,0.03176915964866154,0.030810447220848296,0.06136665992766152,0.07606521588257711,0.15125874410661422
2021-10-08,风险平价策略,1.0,0.3,0.15,0.15,0.04371267719107769,0.3514221748186555,0.0,0.049520017271470346,0.046859919965199684,0.03533214263937121,0.03414357500737273,0.05324006905827313,0.08576942404857962,0.15778807748164148
2021-10-11,风险平价策略,1.0,0.3,0.15,0.15,0.04624457313634239,0.33480460168040516,0.0,0.052210886814356525,0.04941387851895693,0.03730493271364574,0.03601796208142861,0.054907727264295776,0.08909543779056889,0.16282696418477735
2021-10-12,风险平价策略,1.0,0.3,0.15,0.15,0.04567441491509027,0.3376781264029534,0.0,0.051169796476481795,0.0499551160750347,0.03511443554165483,0.03657653382215641,0.05384387520928606,0.08998770155734247,0.1621665591618412
2021-10-13,风险平价策略,1.0,0.3,0.15,0.15,0.04326966696716847,0.34259160403408967,0.0,0.051992018654307665,0.05059408275787488,0.03464489403805177,0.03591510949301309,0.05013343191589678,0.09085919213959764,0.15958862026635684
2021-10-14,风险平价策略,1.0,0.3,0.15,0.15,0.04306546169244109,0.342695609999146,0.0,0.05201162593914063,0.05062421695932276,0.03462234487847118,0.035932980411411616,0.05015967574426518,0.09088808437580155,0.15940836063914463
2021-10-15,风险平价策略,1.0,0.3,0.15,0.15,0.043095231916837416,0.3426118257809133,0.0,0.05204553244854937,0.05065540026089773,0.0346470962519202,0.035957272563083044,0.05017965186059119,0.09080798891720775,0.15943860201657983
2021-10-18,风险平价策略,1.0,0.3,0.15,0.15,0.04732475665593469,0.3221522236292697,0.0,0.05693455472170476,0.055302305367197394,0.037947288490671464,0.03930819091336248,0.052450408607458816,0.08858027161440066,0.16598714916758275
2021-10-19,风险平价策略,1.0,0.3,0.15,0.15,0.04811658243475572,0.32504785090443117,0.0,0.056544621597614975,0.05276132335681298,0.0381779777197627,0.037213869937961296,0.052649894259013647,0.08948787978964737,0.16603151708735528
2021-10-20,风险平价策略,1.0,0.3,0.15,0.15,0.04590007538049608,0.3441289198043645,0.0,0.04637032903455283,0.035132043267604905,0.0372206897331396,0.03893013184910992,0.05866711253565976,0.0936506983950724,0.1621777575705554
2021-10-21,风险平价策略,1.0,0.3,0.15,0.15,0.04593690005093094,0.3442705500559388,0.0,0.04613911993727767,0.03517444403557655,0.03707491745706406,0.038979346241592314,0.058710858311866024,0.09371386390975346,0.1622022542782701
2021-10-22,风险平价策略,1.0,0.3,0.15,0.15,0.048117974283889794,0.3392833359168354,0.0,0.048059798276322986,0.03036130385677989,0.03864642818418218,0.037722394033130366,0.06065457528197833,0.09715419016688111,0.16487676093840373
2021-10-25,风险平价策略,1.0,0.3,0.15,0.15,0.04814266966298565,0.33953561806043137,0.0,0.04795303052595412,0.030377018032980305,0.03866928252520155,0.03774015294389255,0.06068894944932127,0.09689327879923315,0.16483417634745287
2021-10-26,风险平价策略,1.0,0.3,0.15,0.15,0.047729938046019896,0.3408100212126002,0.0,0.04807538291341088,0.02973286865627275,0.03883335876560076,0.03769917635922696,0.05993535107149001,0.09718390297537847,0.16436800472498872
2021-10-27,风险平价策略,1.0,0.3,0.15,0.15,0.044694125963341096,0.36125639000485443,0.0,0.044485220003515936,0.024929977638112204,0.03269332830398559,0.039513724980183074,0.06116829556791755,0.09125893753809003,0.15853860607595358
2021-10-28,风险平价策略,1.0,0.3,0.15,0.15,0.040693404756407356,0.3647003933911854,0.0,0.04544204714482726,0.024834835252051286,0.03237244316286292,0.03754985979152101,0.06206237307712902,0.09234464342401562,0.15449909490441213
2021-10-29,风险平价策略,1.0,0.3,0.15,0.15,0.040935490008532145,0.3655153221561559,0.0,0.045152264020968516,0.02527381872770443,0.032349171591710815,0.038405199074927336,0.06130315157774911,0.09106558284225175,0.15459834207772918
2021-11-01,风险平价策略,1.0,0.3,0.15,0.15,0.04151650582927984,0.37220116237626844,0.0,0.04477377007398113,0.02552477202636185,0.032874543290625544,0.037715776552784235,0.05600617036938297,0.08938729948131606,0.154036268483827
2021-11-02,风险平价策略,0.0,0.0,0.0,0.0,0.05668224093631814,0.5340520072899761,0.0,0.06326352208868359,0.03675373689827049,0.04729965333336991,0.05424057791702467,0.07931888512065516,0.12838937641570183,0.15769470901868265
2021-11-03,风险平价策略,0.0,0.0,0.0,0.0,0.05776279024538887,0.542093682181527,0.0,0.06471033574657103,0.03738664088420358,0.04482489129046973,0.05185192440326828,0.07926810352793667,0.12210163172063486,0.15635680622968623
2021-11-04,风险平价策略,0.0,0.0,0.0,0.0,0.058531436368266784,0.5524871432484147,0.0,0.0610637349179475,0.03536260774356615,0.043604584524187584,0.04770687031879501,0.08114322727934105,0.12010039559948112,0.15462753796061468
2021-11-05,风险平价策略,0.0,0.0,0.0,0.0,0.05454081352473978,0.5691768437213547,0.0,0.0608535865341868,0.03035461175695275,0.043903320121280655,0.048731619127171596,0.06849949652259804,0.12393970869171557,0.1500292818672867
2021-11-08,风险平价策略,0.0,0.0,0.0,0.0,0.05456061006009559,0.5689880303165938,0.0,0.06087534004938665,0.030366381409617272,0.04392400082946694,0.04875406078458611,0.06852956952512773,0.12400200702512575,0.15008177184882981
2021-11-09,风险平价策略,0.0,0.0,0.0,0.0,0.0545632848348449,0.569422883628373,0.0,0.06101156553449916,0.03041743287174827,0.0436076544047429,0.04817238485907511,0.06861386260990449,0.1241909312568122,0.14994922396545915
2021-11-10,风险平价策略,0.0,0.0,0.0,0.0,0.05471678700529124,0.5673994799597833,0.0,0.06110932340141694,0.030486654760509636,0.043850816724425805,0.048443296793724985,0.06902349759766574,0.12497014375718218,0.15047831926704602
2021-11-11,风险平价策略,0.0,0.0,0.0,0.0,0.05823351427542303,0.5488088379874558,0.0,0.06534332545108612,0.03242397978304491,0.04199516621166763,0.04555665175584706,0.07349860594493964,0.1341399185905358,0.15642780685861712
2021-11-12,风险平价策略,0.0,0.0,0.0,0.0,0.05807553380979222,0.5478874273909917,0.0,0.06566965750579681,0.03250629893185447,0.04207503584903287,0.04533162411358791,0.07367872532955483,0.13477569706938922,0.15645517780754606
2021-11-15,风险平价策略,0.0,0.0,0.0,0.0,0.057993300430088844,0.5503165435467922,0.0,0.06602909939823129,0.0324060627723451,0.041649006066434686,0.04463908814625018,0.07395433701634423,0.13301256262351344,0.15572326055085334
2021-11-16,风险平价策略,0.0,0.0,0.0,0.0,0.05768789761211833,0.5497196784832027,0.0,0.0655480663675639,0.03166340000961581,0.041971395687510585,0.04497057179935706,0.07452428765111445,0.13391470238951717,0.1556947185009279
2021-11-17,风险平价策略,0.0,0.0,0.0,0.0,0.05829490608765787,0.5494287058978261,0.0,0.06589507084036333,0.031960084693087615,0.042102851246434425,0.04464852438563246,0.07529399942128756,0.13237585742771069,0.1559859211402783
2021-11-18,风险平价策略,0.0,0.0,0.0,0.0,0.0589079440456972,0.5574008780001032,0.0,0.06118635571871673,0.0320286746870451,0.039186178130700834,0.03961802938894975,0.076560372339187,0.13511156768960011,0.15488087790448707
2021-11-19,风险平价策略,0.0,0.0,0.0,0.0,0.061043856746891466,0.5418145183306218,0.0,0.06334522506052911,0.03317466712270829,0.04063683557307199,0.04110518665104464,0.07959232835203066,0.1392873821631021,0.1594417939216641
2021-11-22,风险平价策略,0.0,0.0,0.0,0.0,0.06255644290141642,0.5566642086651382,0.0,0.06368453818318594,0.033411142240169264,0.03921356202544258,0.037304267544040565,0.07879222443384265,0.12837361400676447,0.15679962924249352
2021-11-23,风险平价策略,0.0,0.0,0.0,0.0,0.06376890336709082,0.5632945121728938,0.0,0.06510405528203186,0.03404052243544111,0.0396555916931245,0.03820061174694917,0.08069511038198546,0.11524069292048329,0.15543780332045717
2021-11-24,风险平价策略,0.0,0.0,0.0,0.0,0.06380369141955801,0.5639852796931587,0.0,0.06514927372554638,0.03405790640128814,0.03969000325129331,0.03823011978607473,0.08075827945348311,0.11432544626959759,0.15526711240088442
2021-11-25,风险平价策略,0.0,0.0,0.0,0.0,0.06396616520919693,0.5627208060684039,0.0,0.06561597156986498,0.03430180353228574,0.03999586221853435,0.03812294787982308,0.08006164926008563,0.1152147942618053,0.15568782607306197
2021-11-26,风险平价策略,0.0,0.0,0.0,0.0,0.06052663818206691,0.5753472958844911,0.0,0.05979326197873537,0.03211007262334357,0.03617060884921002,0.03602316223314047,0.08109916661247071,0.11892979363654181,0.15113450341233536
2021-11-29,风险平价策略,0.0,0.0,0.0,0.0,0.05985753561297579,0.5748540123552198,0.0,0.06114964705574446,0.03355560708507595,0.03393745082020514,0.03262907166396003,0.08432189087657975,0.11969478453023903,0.15006878163871193
2021-11-30,风险平价策略,0.0,0.0,0.0,0.0,0.06280833053521492,0.5830878138536449,0.0,0.06001210564182973,0.03465347360076338,0.030338332108048118,0.02855250593387108,0.07945195901033429,0.12109547931629347,0.1510618257974835
2021-12-01,风险平价策略,0.0,0.0,0.0,0.0,0.06350221582910778,0.5796332321189108,0.0,0.06066750158053218,0.035026499806806735,0.030685961069525678,0.02888227178552974,0.08041416004564325,0.12118815776394391,0.1521495521870816
2021-12-02,风险平价策略,0.0,0.0,0.0,0.0,0.06714860915599023,0.5698216132404347,0.0,0.05964225658651462,0.0351094017116788,0.03169630104521008,0.028945465632561704,0.08494835291737991,0.12268799971022987,0.15660126079294126
2021-12-03,风险平价策略,0.0,0.0,0.0,0.0,0.06807063016696695,0.5646636131095808,0.0,0.06045923052460088,0.03558805153795326,0.03214414262682626,0.029361731802322922,0.0862105790203354,0.12350202121141363,0.15820298525985835
2021-12-06,风险平价策略,0.0,0.0,0.0,0.0,0.06784306546037044,0.5666432511390337,0.0,0.06004053096243171,0.0351591008686218,0.032294310415090594,0.029486684884502214,0.08458432381877176,0.12394873245117781,0.15786846694819107
2021-12-07,风险平价策略,0.0,0.0,0.0,0.0,0.07310061942297064,0.539514068131753,0.0,0.06457593955601888,0.03783184141828879,0.03478391443159309,0.03179494770190038,0.08580431214710542,0.13259435719036983,0.1673423453925599
2021-12-08,风险平价策略,0.0,0.0,0.0,0.0,0.07320519976043299,0.5390743581522811,0.0,0.06467831774794908,0.037884720215547535,0.03472771811478238,0.03184884141766163,0.08577530424838031,0.1328055403429649,0.16752382696988383
2021-12-09,风险平价策略,0.0,0.0,0.0,0.0,0.07327572168433037,0.5397773420329067,0.0,0.06474591529889015,0.0378017363453079,0.034762196346030894,0.03187839818396939,0.08585463535729185,0.13190405475127287,0.16738267822272454
2021-12-10,风险平价策略,0.0,0.0,0.0,0.0,0.07281693919815242,0.5420759319582354,0.0,0.06472325496840729,0.03800224667212822,0.03435861369437896,0.03119180288529185,0.08624435482409898,0.13058685579930673,0.16640334476187058
2021-12-13,风险平价策略,0.0,0.0,0.0,0.0,0.07257517660377906,0.5397312874319095,0.0,0.06512956976664129,0.03825699766352121,0.03457642116447654,0.031388758292977534,0.08685931252723411,0.13148247654946088,0.1666395078925061
2021-12-14,风险平价策略,0.0,0.0,0.0,0.0,0.06895708241651326,0.5508563436708178,0.0,0.06336684284450456,0.03935593448597018,0.033704635923041175,0.030157069954661306,0.07929485746607794,0.13430723323841381,0.16245854265091428
2021-12-15,风险平价策略,-1.0,0.0,0.0,0.0,0.07029409404448735,0.5619293563605054,0.0,0.06082425908062567,0.0387299358063238,0.034196789773582204,0.029513626876160885,0.08072835925597262,0.12378357880234192,0.16068290276522454
2021-12-16,风险平价策略,-1.0,0.0,0.0,0.0,0.07092951132199539,0.5577841403721734,0.0,0.061358910702484636,0.03907475551001523,0.03450547280465361,0.02978303864103633,0.08152106543061598,0.12504310521702544,0.16194981213396964
2021-12-17,风险平价策略,-1.0,0.0,0.0,0.0,0.0709299107425196,0.5577881455640036,0.0,0.061361278190779515,0.03907326522657113,0.034504761369366574,0.029778004595270226,0.08152609551631894,0.12503853879517043,0.16194809551144376
2021-12-20,风险平价策略,-1.0,0.0,0.0,0.0,0.07071574168289609,0.562385593378002,0.0,0.059719639934784845,0.039238135014730995,0.03268534640127886,0.027691861573087846,0.08091182987460271,0.1266518521406167,0.1610075865839452
2021-12-21,风险平价策略,-1.0,0.0,0.0,0.0,0.07083504801413963,0.5641848118749673,0.0,0.05985959428803343,0.03931671033849174,0.03276107015095645,0.027757773816563667,0.08079269608804718,0.12449229542880061,0.16062063980973112
2021-12-22,风险平价策略,-1.0,0.0,0.0,0.0,0.07063596586693337,0.5645551940268541,0.0,0.05990062802073901,0.03934720070172906,0.032783199776064476,0.02777601182008101,0.08084884578066273,0.12415295400693632,0.16036414313098482
2021-12-23,风险平价策略,-1.0,0.0,0.0,0.0,0.07064589963800386,0.564526124578508,0.0,0.059904462129287024,0.03934961811988707,0.03278227469659887,0.02777838089320529,0.08084331231917642,0.12416992762533335,0.16037898451316818
2021-12-24,风险平价策略,-1.0,0.0,0.0,0.0,0.07022853511419001,0.5600830110949692,0.0,0.05990227838201615,0.03963100377039237,0.03334009290034315,0.02824305119951938,0.08229552721576852,0.12627650032280135,0.16091736634128842
2021-12-27,风险平价策略,-1.0,0.0,0.0,0.0,0.071140265631189,0.5640680371556861,0.0,0.059966196240812314,0.03760665959103387,0.03340716625716256,0.02790104531712985,0.07899543152306113,0.12691519828392514,0.1612668378758727
2021-12-28,风险平价策略,-1.0,0.0,0.0,0.0,0.07067637414679363,0.5643118915093186,0.0,0.060009400109418895,0.03763762383364825,0.03342975913822979,0.027916590802124146,0.07905486632388053,0.12696349413658625,0.16085097435594475
2021-12-29,风险平价策略,-1.0,0.0,0.0,0.0,0.07029922507417151,0.5688344646382026,0.0,0.05979367612158018,0.03793397108551584,0.03368883890334648,0.028077428993745875,0.07688294535400048,0.12448944982943706,0.15972021898309197
2021-12-30,风险平价策略,-1.0,0.0,0.0,0.0,0.07038193844925729,0.5698508745936972,0.0,0.05967452919948226,0.03799060807286486,0.03374241083524793,0.028121671111570167,0.07699277676817777,0.12324519096970248,0.15950749132674966
2021-12-31,风险平价策略,-1.0,0.0,0.0,0.0,0.07191740147594669,0.5650648924579795,0.0,0.0608867723967847,0.03846733441738653,0.034420975503885926,0.02869001029966314,0.07462656484975931,0.1259260485985942,0.1619337970472915
2022-01-04,风险平价策略,-1.0,0.0,0.0,0.0,0.07261894962224585,0.5705769601295113,0.0,0.05949595372152967,0.03816147183064221,0.03485369176596049,0.028512538097891994,0.07531752452255024,0.12046291030966817,0.16107859458000848
2022-01-05,风险平价策略,-1.0,0.0,0.0,0.0,0.07330906829906572,0.5662916312292301,0.0,0.060056739438376416,0.03852307716128771,0.03518830383663328,0.028784761165846124,0.07611773870769044,0.12172868016187023,0.16241160143836458
2022-01-06,风险平价策略,-1.0,0.0,0.0,0.0,0.08075690710924752,0.5555406971497707,0.0,0.06165405517316336,0.04242141139874475,0.037948011274828865,0.03134047195010872,0.06877126282467987,0.1215671831194562,0.1707566875709089
2022-01-07,风险平价策略,-1.0,0.0,0.0,0.0,0.08084060417590871,0.5564379436625314,0.0,0.06175528282420439,0.042471149075674626,0.0379977284877287,0.03138494263381332,0.06888016759560792,0.12023218154453083,0.17055000997708444
2022-01-10,风险平价策略,-1.0,0.0,0.0,0.0,0.08096111677067165,0.5567984126102168,0.0,0.06189329958836744,0.04252464767839409,0.03742162339879881,0.03107560575582205,0.06894584770860193,0.12037944648912728,0.17056302368734166
2022-01-11,风险平价策略,-1.0,0.0,0.0,0.0,0.0809707467137157,0.5568395604800752,0.0,0.061874665519069914,0.042530210431007756,0.037432765082426475,0.031023993436186056,0.06893238891692699,0.12039566942059188,0.17055976183828828
2022-01-12,风险平价策略,-1.0,0.0,0.0,0.0,0.0804756396961144,0.5557232248098891,0.0,0.06215311956237785,0.042723193316529504,0.037592575677793075,0.031154453801122174,0.06924223780729608,0.1209355553288778,0.170372539865605
2022-01-13,风险平价策略,-1.0,0.0,0.0,0.0,0.08055306671229409,0.5557858765363397,0.0,0.06222368613277796,0.04244434114446808,0.037615251499037265,0.031174590188846982,0.06919642595314905,0.12100676183308684,0.17044248829250302
2022-01-14,风险平价策略,-1.0,0.0,0.0,0.0,0.0660253283906415,0.571112613571475,0.0,0.0644662871338728,0.042097263158846904,0.038748441751384324,0.03201552143455219,0.06311016884601901,0.12242437571320816,0.15666866088323633
2022-01-17,风险平价策略,-1.0,0.0,0.0,0.0,0.06683784705752886,0.5779451489349398,0.0,0.059773918807849866,0.04266777877668019,0.03817172649919522,0.032598966693034505,0.062458548658320956,0.11954606457245061,0.1561905196469293
2022-01-18,风险平价策略,-1.0,0.0,0.0,0.0,0.06689082095606262,0.5785158028977857,0.0,0.05973812096783446,0.0426980241522557,0.03819928769301926,0.03262321136514459,0.062192816443143124,0.1191419155247546,0.15612160827692112
2022-01-19,风险平价策略,-1.0,0.0,0.0,0.0,0.06689994188998992,0.578581309027408,0.0,0.059720189483255776,0.04270131102479445,0.03820216371490457,0.032628541230733776,0.062201188778713654,0.11906535485019991,0.1561118696216205
2022-01-20,风险平价策略,-1.0,0.0,0.0,0.0,0.06628894074929215,0.5776120939074346,0.0,0.06005518120731039,0.042765399292271494,0.038203273772814385,0.03280984706557414,0.0625943623081299,0.11967090169717283,0.15581936315453856
2022-01-21,风险平价策略,-1.0,0.0,0.0,0.0,0.06410745394253076,0.5805997727920862,0.0,0.060789000915511905,0.042883373780660504,0.03642191335023274,0.03201536936116772,0.0631721751155148,0.12001094074229546,0.1534621178516934
2022-01-24,风险平价策略,-1.0,0.0,0.0,0.0,0.06485789258885209,0.5853635070275919,0.0,0.05855668447107778,0.04104842629166268,0.03681398196053779,0.0323550020157551,0.06236275447538972,0.11864175116913314,0.15336762397407136
2022-01-25,风险平价策略,-1.0,0.0,0.0,0.0,0.05558853874607363,0.59471182555477,0.0,0.05503226141694016,0.04256343790590894,0.036121951360107526,0.031176147501850254,0.06361190608768759,0.12119393142666189,0.14439259379927383
2022-01-26,风险平价策略,-1.0,0.0,0.0,0.0,0.05786553674204777,0.5770356920042212,0.0,0.057291455389500284,0.044314614071522825,0.037628238846689026,0.03247972318472092,0.06657738621874304,0.1268073535425549,0.1494998313793168
2022-01-27,风险平价策略,-1.0,0.0,0.0,0.0,0.057674969374580415,0.5813561564217357,0.0,0.05661576976518376,0.048383525643361874,0.041076298058456376,0.035455123970676294,0.07323674833804927,0.10620140842795633,0.1465945425348193
2022-01-28,风险平价策略,-1.0,0.0,0.0,0.0,0.05682569319961683,0.5835397870822688,0.0,0.056963278252617475,0.04858707063927985,0.04109680174761542,0.03476154812988329,0.07355349198192648,0.10467232896679174,0.14528260146638652
2022-02-07,风险平价策略,-1.0,0.0,0.0,0.0,0.05841812582430067,0.5712111344617724,0.0,0.05858227966345484,0.04993279045744044,0.04225102673952635,0.03573755894721221,0.07585478877298174,0.10801229513331134,0.1487840739918304
2022-02-08,风险平价策略,-1.0,0.0,0.0,0.0,0.05845092652804419,0.5713082354421183,0.0,0.05861547564586952,0.0499553729564975,0.04230822931925073,0.03543814204825788,0.07587602927252851,0.10804758878743351,0.14875478129610112
2022-02-09,风险平价策略,-1.0,0.0,0.0,0.0,0.059749572521017896,0.5670477143965598,0.0,0.059502944934737984,0.051009549508822215,0.04066699202991942,0.034195705460641795,0.07746791073258698,0.11035961041571389,0.1504352981960294
2022-02-10,风险平价策略,-1.0,0.0,0.0,0.0,0.059789367197328545,0.5667626945156514,0.0,0.05954491297517921,0.05104483802227759,0.04068662999587624,0.03421782776048999,0.07752076771650637,0.11043296181669061,0.15051815581428787
2022-02-11,风险平价策略,-1.0,0.0,0.0,0.0,0.08096726565687803,0.5014865368051881,0.0,0.06200647572938526,0.052745440585580165,0.04593497321309075,0.04403098558774137,0.08006627247419318,0.13276204994794313,0.18134558592877406
2022-02-14,风险平价策略,-1.0,0.0,0.0,0.0,0.07641837961153632,0.4976972933815238,0.0,0.06321421863805259,0.05413318621817053,0.047080366472317316,0.0451134561868011,0.08023508347442651,0.13610801601717182,0.17861717033962396
2022-02-15,风险平价策略,-1.0,0.0,0.0,0.0,0.0750438797168212,0.5003831723729676,0.0,0.06288533705848223,0.05437158400305658,0.046892521620778664,0.04541288204801851,0.07811914440056127,0.13689147877931396,0.17730352015717077
2022-02-16,风险平价策略,-1.0,0.0,0.0,0.0,0.07766502835539808,0.5193909567074169,0.0,0.06608458718083603,0.05529664960531229,0.04066551087583842,0.042433392200736476,0.08075061198370541,0.11771326309075651,0.17401991573528897
2022-02-17,风险平价策略,-1.0,0.0,0.0,0.0,0.0769982249674583,0.5205770288620575,0.0,0.06556333879567558,0.05535294970231509,0.039700805963348754,0.042677436932685185,0.08101015070917483,0.11812006406728491,0.17337011121194928
2022-02-18,风险平价策略,-1.0,0.0,0.0,0.0,0.07759143854088706,0.5166370007066431,0.0,0.06611103201621367,0.055807194113802805,0.04001195350530125,0.042999849558377976,0.0817217170782745,0.11911981448049966,0.17455363496865353
2022-02-21,风险平价策略,-1.0,0.0,0.0,0.0,0.08339113104832745,0.48415043053755463,0.0,0.06949789560483241,0.057826438335123305,0.042921225539568904,0.046248980897621424,0.08884791095773495,0.12711598707923702,0.18510577227781672
2022-02-22,风险平价策略,-1.0,0.0,0.0,0.0,0.08241301897724472,0.4848895155133678,0.0,0.06895573668255336,0.05796765787488161,0.04300940692222774,0.04634393195101329,0.08907436281367907,0.12734636926503246,0.18422130795535885
2022-02-23,风险平价策略,-1.0,0.0,0.0,0.0,0.08126867042380906,0.49056834653566644,0.0,0.07009980753348843,0.05761366703511241,0.0424893400853736,0.04569552950109692,0.0902482367605528,0.12201640212490032,0.18170965564688535
2022-02-24,风险平价策略,-1.0,0.0,0.0,0.0,0.07646680724952981,0.4932109085011975,0.0,0.06938851946541842,0.058102356277688616,0.04280901227739784,0.046058077502172966,0.09113321035173068,0.12283110837486412,0.1774517646594968
2022-02-25,风险平价策略,-1.0,0.0,0.0,0.0,0.07911360499319087,0.531695692757961,0.0,0.07254457342142272,0.053834954316798314,0.042217902602030594,0.04535524866131427,0.0660451091450095,0.10919291410227276,0.17347732490170864
2022-02-28,风险平价策略,-1.0,0.0,0.0,0.0,0.07961011956991765,0.5351095577053788,0.0,0.0731068410308658,0.054268819525692576,0.04141851794521734,0.04577723052866609,0.06382082605056613,0.10688808764369571,0.17328319794826996
2022-03-01,风险平价策略,-1.0,0.0,0.0,0.0,0.08120454153939485,0.5257659963628395,0.0,0.07478093430137646,0.054891875507667935,0.0422701297946757,0.046694603220649965,0.06521329054582453,0.10917862872757095,0.17627227992829286
2022-03-02,风险平价策略,-1.0,0.0,0.0,0.0,0.08137051160001127,0.5248319567321345,0.0,0.0749515443257073,0.05501939775466234,0.04235792854180868,0.04678846544553591,0.06525825339910085,0.10942194220103908,0.1765815348040268
2022-03-03,风险平价策略,-1.0,0.0,0.0,0.0,0.0842712053549041,0.5089163330323013,0.0,0.07797501067635416,0.05720858058916666,0.04394926522922224,0.04849383395974212,0.06739959277403473,0.11178617838427456,0.18167496724750162
2022-03-04,风险平价策略,-1.0,0.0,0.0,0.0,0.08149483211136796,0.5165447252640512,0.0,0.07951579915962945,0.05603623387800938,0.0391824989193146,0.042876160527245084,0.06911874716873023,0.1152310029716522,0.1777282896779909
2022-03-07,风险平价策略,-1.0,0.0,0.0,0.0,0.08127072731724623,0.5166268540359917,0.0,0.0795568067774276,0.05605534067116787,0.039193154359852315,0.042886938074027055,0.0691416658250777,0.11526851293920956,0.17753459886502362
2022-03-08,风险平价策略,-1.0,0.0,0.0,0.0,0.0649015321646174,0.5389326313168417,0.0,0.07439532593240994,0.04573851177669265,0.03536106473921676,0.04611656171248529,0.07347525343757233,0.12107911892016397,0.16181887897918731
2022-03-09,风险平价策略,-1.0,0.0,0.0,0.0,0.06605427563664074,0.5208229698599091,0.0,0.0715209179651198,0.038608962248045484,0.039087654704038036,0.05029951349643851,0.08106592860953538,0.13253977748027287,0.1670860847495077
2022-03-10,风险平价策略,-1.0,0.0,0.0,0.0,0.08252869926556326,0.5789477552332819,0.0,0.07688391887411483,0.04627866501384912,0.029360991795850243,0.02491025372682377,0.07473641458872289,0.0863533015017939,0.16356571468338396
2022-03-11,风险平价策略,-1.0,0.0,0.0,0.0,0.08253452797946755,0.5789605518011203,0.0,0.07690129944042519,0.04627671680801577,0.029385931570118127,0.02476082940973967,0.07476834790101114,0.08641179509010219,0.16355128600464294
2022-03-14,风险平价策略,-1.0,0.0,0.0,0.0,0.07795882463072057,0.5849823423089506,0.0,0.07647649731847216,0.04611925226856217,0.028541404069671237,0.025139944502303963,0.07578682653578554,0.08499490836553394,0.15874638584695283
2022-03-15,风险平价策略,-1.0,0.0,0.0,0.0,0.05800534987706287,0.5425872640194104,0.0,0.10485687549971295,0.06120678966397423,0.03504927369155177,0.025517739060985138,0.08110254504168656,0.09167416314561609,0.1484763674670089
2022-03-16,风险平价策略,-1.0,0.0,0.0,0.0,0.05803711441282221,0.5429238019930313,0.0,0.10491240851529125,0.06123326304104067,0.03508047614621513,0.025543283639722476,0.08116263281274139,0.0911070194391356,0.1483921563298432
2022-03-17,风险平价策略,-1.0,0.0,0.0,0.0,0.05808213934339649,0.5432650756557186,0.0,0.10498600576538676,0.061253599981539064,0.03493719243650691,0.0253762990250577,0.08085205419979463,0.0912476335925999,0.1483819460084235
2022-03-18,风险平价策略,-1.0,0.0,0.0,0.0,0.058082220625879,0.5432628474457588,0.0,0.10498694407228139,0.06125393464527955,0.03493728354338373,0.025376079516222973,0.0808521688102095,0.09124852134098507,0.14838238397520237
2022-03-21,风险平价策略,-1.0,0.0,0.0,0.0,0.05828366871039513,0.5402030101310117,0.0,0.10587724859537571,0.06176971157391512,0.03514232548321922,0.025596912099358497,0.08154769787189216,0.09157942553483246,0.14902090466779802
2022-03-22,风险平价策略,-1.0,0.0,0.0,0.0,0.05968572972448356,0.5300795376542976,0.0,0.10842352501568293,0.06259914080779014,0.03591231159812815,0.026167141682981853,0.08344678728206323,0.0936858262345726,0.15186003670018122
2022-03-23,风险平价策略,-1.0,0.0,0.0,0.0,0.059732415841083325,0.5304992069113375,0.0,0.10850878633429951,0.06262004639331725,0.03596916624891037,0.026025472780914435,0.08355378006249758,0.09309112542764013,0.15174592533035675
2022-03-24,风险平价策略,-1.0,0.0,0.0,0.0,0.05969382759852868,0.5306216888993605,0.0,0.10853097813903612,0.0626354412248826,0.03597732944539337,0.026032748879158112,0.08339043735994511,0.09311754845369548,0.15170629299011476
2022-03-25,风险平价策略,-1.0,0.0,0.0,0.0,0.059765971012463524,0.5312094030597321,0.0,0.10862066843012194,0.062479098008946125,0.036019272582228645,0.026058668884327688,0.0826058530478974,0.09324106497428254,0.15173047819019722
2022-03-28,风险平价策略,-1.0,0.0,0.0,0.0,0.061431711431248474,0.543594036322879,0.0,0.10483945238612627,0.06341477405731336,0.03403174769533253,0.025862935710138684,0.0762856166442332,0.09053972575272848,0.151272028480236
2022-03-29,风险平价策略,-1.0,0.0,0.0,0.0,0.061159478450460214,0.5479511826547175,0.0,0.10577586396706656,0.06326879301817205,0.03418071072029348,0.02502778255663642,0.07292393322721576,0.08971225540543808,0.1503245572081006
2022-03-30,风险平价策略,-1.0,0.0,0.0,0.0,0.06129550709616782,0.5491321950650513,0.0,0.10602458225504828,0.06330016588366935,0.03427900315151374,0.02510659659829067,0.07120513923675759,0.08965681071350133,0.15033788822275815
2022-03-31,风险平价策略,-1.0,0.0,0.0,0.0,0.06389854397161515,0.5401525464006813,0.0,0.103685120910188,0.06435356807526962,0.035594317280440164,0.025326184576031252,0.07407752409090626,0.09291219469486835,0.15408945351769118
2022-04-01,风险平价策略,-1.0,0.0,0.0,0.0,0.06546307874892328,0.5515282356572254,0.0,0.10449008524593248,0.06449910468044068,0.03504052800739958,0.024346806983980236,0.05801347370550814,0.09661868697059016,0.15463240695818653
2022-04-06,风险平价策略,-1.0,0.0,0.0,0.0,0.06550564718781242,0.5518558982230295,0.0,0.10455978823855776,0.06435468249700506,0.03506559183601558,0.024362861909659604,0.05804617822984907,0.09624935187807113,0.15458144808003224
2022-04-07,风险平价策略,-1.0,0.0,0.0,0.0,0.06087054095126963,0.5659289815945154,0.0,0.10423828257090309,0.05625174404828301,0.03448576846662535,0.021588687451111848,0.05763811389750086,0.09899788101979083,0.14868049186610094
2022-04-08,风险平价策略,-1.0,0.0,0.0,0.0,0.061041582050261944,0.5648103602341803,0.0,0.10452799599250898,0.05640896287564439,0.034510643666684576,0.021623438078930902,0.05779536194569104,0.09928165515609803,0.14901032458026253
2022-04-11,风险平价策略,-1.0,0.0,0.0,0.0,0.06234625076695006,0.5590891249314739,0.0,0.10516300826982115,0.051830012774717285,0.03443846904497794,0.022656358161815035,0.06047699080140885,0.10399978524883592,0.15152888528064734
2022-04-12,风险平价策略,-1.0,0.0,0.0,0.0,0.062072316503071066,0.5571379667874146,0.0,0.10587072187138172,0.0521896376714007,0.03465840182991676,0.0228052656996623,0.06057539764131876,0.104690291995834,0.15166811998678437
2022-04-13,风险平价策略,-1.0,0.0,0.0,0.0,0.062009719647924254,0.5572624707083421,0.0,0.10590852023695062,0.052200328708652696,0.03462267379583691,0.02281346489066189,0.06046290414281145,0.10471991786882004,0.15160661509906853
2022-04-14,风险平价策略,-1.0,0.0,0.0,0.0,0.06200856352988363,0.5572565116399335,0.0,0.10590807271334156,0.052201666812153553,0.03462424457885406,0.022813829646182237,0.06046362866689438,0.10472348241275715,0.15160692851241298
2022-04-15,风险平价策略,-1.0,0.0,0.0,0.0,0.061923218083893616,0.556991733756386,0.0,0.1060158612820883,0.05226305263290181,0.03465793180573709,0.02283776841537275,0.06048535319875144,0.10482508082486897,0.15158669050089726
2022-04-18,风险平价策略,-1.0,0.0,0.0,0.0,0.06279440211183276,0.5325562959865471,0.0,0.11149153412466348,0.055909047217105844,0.036873174986740864,0.024306814619958823,0.06428125346143068,0.11178747749172037,0.15659607959998
2022-04-19,风险平价策略,-1.0,0.0,0.0,0.0,0.06299826665180841,0.5324282296502652,0.0,0.11186847016935135,0.05606559246854056,0.03701356902983378,0.024375778245062825,0.0644994606854171,0.1107506330997207,0.1566660853456456
2022-04-20,风险平价策略,-1.0,0.0,0.0,0.0,0.05924464363174293,0.5439829788664468,0.0,0.10856700951136837,0.056538282972534826,0.03765203698675983,0.023961140505891484,0.06624579908705427,0.10380810843820136,0.1510077003944765
2022-04-21,风险平价策略,-1.0,0.0,0.0,0.0,0.05813609589365203,0.5447778184141409,0.0,0.10869311408603878,0.056552719588119554,0.03768170584582937,0.023984810068905273,0.06627418992678125,0.10389954617653273,0.1499834215776223
2022-04-22,风险平价策略,-1.0,0.0,0.0,0.0,0.05903090974273564,0.5397719958478139,0.0,0.11037740812422638,0.0574018825308098,0.037800978577587685,0.024127464829903366,0.06589513054694524,0.10559422979997805,0.1516496025625925
2022-04-25,风险平价策略,-1.0,0.0,0.0,0.0,0.046820994752679916,0.6013409508755982,0.0,0.0922691944531712,0.041303398194986116,0.033949235465047065,0.021844805335776256,0.055273004692548734,0.1071984162301924,0.13318888823926667
2022-04-26,风险平价策略,-1.0,0.0,0.0,0.0,0.04706640956106992,0.6011374849725342,0.0,0.0925666250248161,0.04149484382599513,0.03414094670937707,0.021968591191326933,0.05555126914167902,0.10607382957320172,0.13330092909224656
2022-04-27,风险平价策略,-1.0,0.0,0.0,0.0,0.04719346434870286,0.6001858445271571,0.0,0.09281794114515639,0.041603822886294786,0.03422941878891282,0.02202621006299291,0.05569302312334999,0.1062502751174332,0.1335631511601037
2022-04-28,风险平价策略,-1.0,0.0,0.0,0.0,0.047512061840946564,0.5977110957273145,0.0,0.09343734314622822,0.041873401017566786,0.0344580311737135,0.02200419913349798,0.05605884887600748,0.10694501908472494,0.13423602302019125
2022-04-29,风险平价策略,-1.0,0.0,0.0,0.0,0.04751310841821701,0.5977049293499098,0.0,0.09344220695114978,0.041870768457880854,0.03445752297187812,0.022004003478573838,0.056060530976828955,0.10694692939556164,0.13423787699351758
2022-05-05,风险平价策略,-1.0,0.0,0.0,0.0,0.047965519942453766,0.6018759459829999,0.0,0.09017513512171325,0.04102589543847592,0.03478339692910161,0.0221916701411329,0.055784388753790236,0.10619804769033239,0.13400651929605464
2022-05-06,风险平价策略,-1.0,0.0,0.0,0.0,0.04476814632587571,0.6120346208392042,0.0,0.08658022943593642,0.039072796540514536,0.03560554973564082,0.0226962643403955,0.05309369491279066,0.10614869786964219,0.13011305978923607
2022-05-09,风险平价策略,-1.0,0.0,0.0,0.0,0.045176062829210606,0.6152818143062181,0.0,0.08448213023390685,0.03865532186804621,0.0354232504464305,0.022899807553474476,0.05114389784462677,0.10693771491808665,0.1302012584130493
2022-05-10,风险平价策略,-1.0,0.0,0.0,0.0,0.045660072438229886,0.6196573191541045,0.0,0.08537159832169505,0.03899489072744215,0.03354857946665833,0.02128284827890547,0.05183323976232134,0.10365145185064334,0.12932464131080804
2022-05-11,风险平价策略,-1.0,0.0,0.0,0.0,0.046371744605167665,0.6161370967081298,0.0,0.08624263832441212,0.039572779091236056,0.034071392032829544,0.02161748865750268,0.05260121022377575,0.10338565035694658,0.1304015112543924
2022-05-12,风险平价策略,-1.0,0.0,0.0,0.0,0.04639381303684723,0.6175269497627632,0.0,0.08460389900982054,0.0392876258188522,0.03416284673810125,0.021663848542484185,0.05275637958098293,0.10360463751014849,0.13026237408094546
2022-05-13,风险平价策略,-1.0,0.0,0.0,0.0,0.04719397842964167,0.6151367121980424,0.0,0.08607415872997541,0.03990239777035436,0.03478939139491897,0.022069265990209124,0.05363284107225156,0.10120125441460631,0.13101362750413112
2022-05-16,风险平价策略,-1.0,0.0,0.0,0.0,0.04726206396266796,0.6162602127426667,0.0,0.08622206368403777,0.03994398620162372,0.034870018796310964,0.022120794783907525,0.0537224377258598,0.09959842210292538,0.13073316988234462
2022-05-17,风险平价策略,-1.0,0.0,0.0,0.0,0.046874591957847295,0.6168054188472468,0.0,0.08640607290575851,0.03957260917828082,0.03491346796224968,0.022146140940838076,0.05361664083659838,0.09966505737118042,0.1303497505898137
2022-05-18,风险平价策略,-1.0,0.0,0.0,0.0,0.04682596830877504,0.6244951372928894,0.0,0.08447310402084035,0.040135298837121004,0.03371648856132794,0.021721641424048546,0.05446156016458127,0.09417080139041643,0.12850624672020455
2022-05-19,风险平价策略,-1.0,0.0,0.0,0.0,0.04684312222697049,0.6245766462966839,0.0,0.08450169370931439,0.04014897266165982,0.03373753070329681,0.021653734446023302,0.05432974678181876,0.09420855317423252,0.12850748221645292
2022-05-20,风险平价策略,-1.0,0.0,0.0,0.0,0.047077101010942216,0.6227388088057458,0.0,0.08492709719182971,0.04034206737901761,0.03389632428436092,0.02175675726524759,0.054586262902870185,0.09467558115998591,0.1290185519178112
2022-05-23,风险平价策略,-1.0,0.0,0.0,0.0,0.0469255965957645,0.6228584326062792,0.0,0.0849602981734908,0.04035789526728219,0.03387853631980681,0.02176356510665536,0.05459961263506696,0.09465606329565433,0.12887330773528394
2022-05-24,风险平价策略,-1.0,0.0,0.0,0.0,0.04448761841929999,0.6312377515070664,0.0,0.08457428062505719,0.0386233657618354,0.033035141336189865,0.02102410582255,0.05041178485435827,0.0966059516736429,0.12592707201893433
2022-05-25,风险平价策略,-1.0,0.0,0.0,0.0,0.04448640415902935,0.6312426488440837,0.0,0.08457257275752815,0.038624520767691156,0.033035281216255215,0.021023133736887308,0.050410944197565276,0.09660449432095995,0.12592508710228614
2022-05-26,风险平价策略,-1.0,0.0,0.0,0.0,0.044518346669069384,0.6315916485746699,0.0,0.08402706975834585,0.03866383809264638,0.03305727985895144,0.021034463318352622,0.05044339149473444,0.09666396223322998,0.12591299929710936
2022-05-27,风险平价策略,-1.0,0.0,0.0,0.0,0.044516237598278253,0.6316161703482078,0.0,0.08402838167220907,0.038661473426808646,0.033042524823850714,0.021032632144299318,0.050439108478514585,0.09666347150783164,0.12590754630345644
2022-05-30,风险平价策略,-1.0,0.0,0.0,0.0,0.04633050786618285,0.6209663858161637,0.0,0.08747832119528647,0.04010731596798475,0.03439886304595921,0.021902969053350048,0.052155861071566445,0.09665977598350642,0.12897012548728085
2022-05-31,风险平价策略,-1.0,0.0,0.0,0.0,0.047723153980848275,0.6088256673569724,0.0,0.09053590480385526,0.04147540662136749,0.03555778640977685,0.022648256888172513,0.05389220582319935,0.09934161811580781,0.13217951121612762
2022-06-01,风险平价策略,-1.0,0.0,0.0,0.0,0.051169785497825124,0.6141285571346736,0.0,0.08965121390074544,0.0391924568875555,0.03464741023829584,0.022396933456313436,0.0511702818315125,0.09764336105307841,0.13418734293180928
2022-06-02,风险平价策略,-1.0,0.0,0.0,0.0,0.050978876683367445,0.6120779515450971,0.0,0.09034544676453961,0.03949990907589379,0.03494100464591026,0.022110212217248813,0.05156735251357188,0.098479246554371,0.1343492659677768
2022-06-06,风险平价策略,-1.0,0.0,0.0,0.0,0.05139160501103926,0.6089644388609488,0.0,0.09124284377863844,0.039865455984798306,0.03526956790582444,0.022320061994805396,0.05204588347920592,0.09890014298473955,0.1351892952150646
2022-06-07,风险平价策略,-1.0,0.0,0.0,0.0,0.051608692728537825,0.6109483310747482,0.0,0.09077098168508314,0.03942582670224845,0.03543520156026967,0.022415425091324822,0.05173987545906725,0.09765566569872064,0.1349805808471699
2022-06-08,风险平价策略,-1.0,0.0,0.0,0.0,0.051670416166053196,0.6105018575484993,0.0,0.0908721432363278,0.039471102057721266,0.03547479933259895,0.02244015176693585,0.051797381513703375,0.09777214837816033,0.13510930744644115
2022-06-09,风险平价策略,-1.0,0.0,0.0,0.0,0.05167168074889811,0.6105090210174793,0.0,0.09087381750866727,0.039472499774977694,0.03547331596670876,0.022440728515327062,0.051785036917901345,0.09777389955004043,0.13511006055230193
2022-06-10,风险平价策略,-1.0,0.0,0.0,0.0,0.052321010815509036,0.6084061930680766,0.0,0.0912999174455438,0.03921366213150921,0.03580825887631467,0.022650238328456283,0.05241137519465956,0.09788934413993071,0.13597131378310529
2022-06-13,风险平价策略,-1.0,0.0,0.0,0.0,0.050411485749158415,0.6178206265217389,0.0,0.08423490285311873,0.036386509772608544,0.03426401990817871,0.02312012066792021,0.04810330415223916,0.10565903037503738,0.13421770747524467
2022-06-14,风险平价策略,-1.0,0.0,0.0,0.0,0.05104370523885695,0.626579637592048,0.0,0.08446748982045045,0.03682447696086016,0.034361821165183576,0.023564901743156712,0.04777142643256399,0.09538654104688021,0.132415705948919
2022-06-15,风险平价策略,-1.0,0.0,0.0,0.0,0.054761343369139015,0.622013612410464,0.0,0.08088099073439974,0.038002553050886644,0.034672727640054996,0.02392596353862877,0.04912851791986132,0.09661429133656539,0.13632243162003727
2022-06-16,风险平价策略,-1.0,0.0,0.0,0.0,0.052992571872105425,0.623953863701458,0.0,0.08073658424497339,0.038244202164689135,0.03398639723405469,0.02362488302764813,0.049416353366590546,0.09704514438848068,0.13456276075525594
2022-06-17,风险平价策略,-1.0,0.0,0.0,0.0,0.05290581688120912,0.6271786574884607,0.0,0.0775234032979999,0.03783119482813765,0.03355553830932643,0.02350824327021668,0.04984574261508744,0.09765140330956205,0.13409143784429622
2022-06-20,风险平价策略,-1.0,0.0,0.0,0.0,0.06017064618918528,0.6101398939820167,0.0,0.06834715621470742,0.04077192779253163,0.038211155502247164,0.02203469189711043,0.05234361984618889,0.10798090857601259,0.1434695198036394
2022-06-21,风险平价策略,-1.0,0.0,0.0,0.0,0.060228702548632496,0.6106713066700763,0.0,0.06842432492639378,0.04081798924494408,0.0381318853535502,0.022063694905999673,0.05196900450341449,0.10769309184698904,0.14342709466542272
2022-06-22,风险平价策略,-1.0,0.0,0.0,0.0,0.05732832948039311,0.6236461450604618,0.0,0.06372929973962765,0.03918361701383934,0.03628926478088404,0.02101860986238973,0.049018469007267904,0.10978626505513661,0.13939323514255747
2022-06-23,风险平价策略,-1.0,0.0,0.0,0.0,0.06037994559193819,0.6143256951314019,0.0,0.0639040245145138,0.04146418192185508,0.03824364362096969,0.02218753804823184,0.0440130292381904,0.11548194193289903,0.14425507013321778
2022-06-24,风险平价策略,-1.0,0.0,0.0,0.0,0.06642308552624922,0.6333611526052152,0.0,0.048736154976013024,0.03942099781331557,0.031092191214118853,0.023047718742069075,0.04441810164729136,0.1135005974757277,0.14657772179888612
2022-06-27,风险平价策略,-1.0,0.0,0.0,0.0,0.06954575324912887,0.6157887533768509,0.0,0.05109164358158085,0.04127220075892681,0.03251234285803357,0.024144284394199775,0.04656050124886185,0.11908452053241739,0.1523684873814699
2022-06-28,风险平价策略,-1.0,0.0,0.0,0.0,0.07018503718290635,0.6140643664823967,0.0,0.05158712875923399,0.041650988358846945,0.032830441954791,0.024384288498054456,0.04700511252784306,0.11829263623592735,0.15307149531023037
2022-06-29,风险平价策略,-1.0,0.0,0.0,0.0,0.07079604778072857,0.6179239507366033,0.0,0.04893779397647651,0.041310635972812516,0.031026581656539674,0.02467475594742929,0.0469978396538483,0.11833239427556187,0.15309712567797662
2022-06-30,风险平价策略,-1.0,0.0,0.0,0.0,0.07088073607009156,0.6183529981664756,0.0,0.04899575469987588,0.040990176142720006,0.031060640301020858,0.024591387084182015,0.04704593827526771,0.1180823692603662,0.15306589804586793
2022-07-01,风险平价策略,-1.0,0.0,0.0,0.0,0.07391844956016434,0.6289723732883021,0.0,0.04323627894238871,0.04154273685483964,0.02982785547265722,0.023700848926317044,0.04724146622508988,0.11155999073024112,0.15324059652043082
2022-07-04,风险平价策略,-1.0,0.0,0.0,0.0,0.07631662879619494,0.6177241449679982,0.0,0.04336079916206445,0.043154277136170156,0.030959761153381178,0.024608811576210525,0.047996360391861816,0.1158792168161189,0.15742583128802992
2022-07-05,风险平价策略,-1.0,0.0,0.0,0.0,0.07677288493333659,0.6195982654771693,0.0,0.04292421754643698,0.04136496301450896,0.030434173222870682,0.024757517682537585,0.04822449086934556,0.11592348725379434,0.15757308581039456
2022-07-06,风险平价策略,-1.0,0.0,0.0,0.0,0.06570345615725365,0.6642281736791751,0.0,0.03579969162634525,0.043017986447507914,0.02913459732736905,0.021333898216099295,0.049031971268126535,0.09175022527812321,0.138763937308585
2022-07-07,风险平价策略,-1.0,0.0,0.0,0.0,0.06650271152964052,0.6693203154311179,0.0,0.03635584587830943,0.04346780217681215,0.02824276716518803,0.020279900898357406,0.049551540120179566,0.08627911680039503,0.13789819472952822
2022-07-08,风险平价策略,-1.0,0.0,0.0,0.0,0.06656494367193856,0.6690649917640366,0.0,0.03639003902328338,0.04350656390172145,0.028268843833178674,0.020299592783276935,0.049599675153649325,0.08630534986891504,0.13799005380959986
2022-07-11,风险平价策略,-1.0,0.0,0.0,0.0,0.06600239322009398,0.6699990205254106,0.0,0.03616581876809506,0.04310328703779678,0.028170694490261165,0.02035256414601904,0.049724466137580886,0.08648175567474237,0.13741633643905582
2022-07-12,风险平价策略,-1.0,0.0,0.0,0.0,0.06717977391083482,0.6757985927926736,0.0,0.03477696139378247,0.039291350084111984,0.02608307252116765,0.02046864429876721,0.049158969440748795,0.0872426355579134,0.13772836105483188
2022-07-13,风险平价策略,-1.0,0.0,0.0,0.0,0.06892777384520339,0.6856363437868673,0.0,0.03307884380943581,0.03727228317997515,0.023519914927067714,0.019567292352372197,0.04755225990705078,0.08444528819202779,0.13741125633022583
2022-07-14,风险平价策略,-1.0,0.0,0.0,0.0,0.06542203162128722,0.688701311775633,0.0,0.03271680975589941,0.03766329525642189,0.023003951173335802,0.019310348718781446,0.04795342250369893,0.08522882919494242,0.13408838160719133
2022-07-15,风险平价策略,-1.0,0.0,0.0,0.0,0.06089158136088157,0.7025530623505787,0.0,0.029686454263181207,0.03816511654167581,0.021454947590228233,0.01908943330824422,0.04583341462554613,0.08232598995966409,0.12807724008742705
2022-07-18,风险平价策略,-1.0,0.0,0.0,0.0,0.0609213819728201,0.702404278813016,0.0,0.029702313300904455,0.038185625864372075,0.021467176568978626,0.01910098277696203,0.045855532621051735,0.08236270808189489,0.12812807121861125
2022-07-19,风险平价策略,-1.0,0.0,0.0,0.0,0.06118465016658519,0.7044015277416856,0.0,0.029610464133521024,0.0384105821237771,0.020918020331233692,0.019211927490030527,0.04445556011751525,0.08180726789565168,0.128067193840474
2022-07-20,风险平价策略,-1.0,0.0,0.0,0.0,0.06128979962329437,0.7055825929422541,0.0,0.0296803220737268,0.038354414991528786,0.020968055895842302,0.019232578257903813,0.04314896729294306,0.08174326892250676,0.12803139796849852
2022-07-21,风险平价策略,-1.0,0.0,0.0,0.0,0.058734459440054856,0.7098850256634157,0.0,0.029361891835889886,0.03868592128487948,0.021114060714648407,0.01937200521593741,0.04350015739354565,0.07934647845162847,0.12502970159917046
2022-07-22,风险平价策略,-1.0,0.0,0.0,0.0,0.05938198464136046,0.7056992846991973,0.0,0.02998571995013013,0.03951550211117477,0.0215448717591065,0.019777882358450828,0.04310418325010193,0.08099057123047804,0.12641711660944865
2022-07-25,风险平价策略,-1.0,0.0,0.0,0.0,0.059495036090792756,0.7061579782620444,0.0,0.03005564840235717,0.03904515626618493,0.02149422299309556,0.019414684413025154,0.043180099982984846,0.08115717358951524,0.1264092528181572
2022-07-26,风险平价策略,-1.0,0.0,0.0,0.0,0.05949963783045632,0.7061482864911752,0.0,0.03005560402124082,0.03904522317716076,0.021494245881458568,0.019415026176249597,0.043180957970957244,0.08116101845130134,0.1264149172233166
2022-07-27,风险平价策略,-1.0,0.0,0.0,0.0,0.060418352780239,0.7008003084986617,0.0,0.030434856426991255,0.040179713985561194,0.021669487677004242,0.0193184245908563,0.044448807419501656,0.08273004862118467,0.1280451591113456
2022-07-28,风险平价策略,-1.0,0.0,0.0,0.0,0.06127082859445047,0.6965608384604,0.0,0.03086468019589078,0.04074198044703178,0.021963094633134363,0.019591121694557224,0.04509994638406627,0.08390750959046925,0.12950189600397924
2022-07-29,风险平价策略,-1.0,0.0,0.0,0.0,0.060505568804097395,0.6971421084870401,0.0,0.03093310934176698,0.04082654235588147,0.021774159485237473,0.019565830344940468,0.045177070073049504,0.08407561110798667,0.12879252883050119
2022-08-01,风险平价策略,-1.0,0.0,0.0,0.0,0.06068147495271609,0.6982193629032185,0.0,0.031042260026406872,0.03924840779502861,0.02186092314374561,0.019619992518112958,0.04531946662247715,0.08400811203829418,0.12879202244860355
2022-08-02,风险平价策略,-1.0,0.0,0.0,0.0,0.056208050776870834,0.7038632089205836,0.0,0.030681311609572003,0.03886859114051831,0.022171885080168704,0.0193724119560034,0.04382181211029391,0.08501272840598914,0.1244014072574648
2022-08-03,风险平价策略,-1.0,0.0,0.0,0.0,0.05457563985925729,0.7062583994965225,0.0,0.03049315370075541,0.03905588391936684,0.02229824061616743,0.019409638657471973,0.044035642628818907,0.08387340112163963,0.12257091699683496
2022-08-04,风险平价策略,-1.0,0.0,0.0,0.0,0.05614440203964267,0.7018716204539587,0.0,0.03009990511136796,0.03983591915909232,0.022066793005124347,0.019079829314466792,0.044421950622162795,0.08647958029418432,0.12472696068901856
2022-08-05,风险平价策略,-1.0,0.0,0.0,0.0,0.05686986799876669,0.6985483169542888,0.0,0.03054487494199496,0.040396789316334974,0.021638689441125177,0.019236923991118777,0.045050961891193626,0.08771357546517697,0.1259350612622107
2022-08-08,风险平价策略,-1.0,0.0,0.0,0.0,0.05748931914702789,0.6989883022873928,0.0,0.030904563873283594,0.040402805522247634,0.021889281346418252,0.019462993264395354,0.044461969874027105,0.0864007646852074,0.1262948116764769
2022-08-09,风险平价策略,-1.0,0.0,0.0,0.0,0.05749948229134771,0.6990696682686233,0.0,0.030908887048287897,0.04040922486951734,0.02188694960212368,0.019464669705331426,0.0443554869355345,0.08640563127923438,0.1262963877027843
2022-08-10,风险平价策略,-1.0,0.0,0.0,0.0,0.05772466556380212,0.6962577018446111,0.0,0.031161468835239067,0.04086172787024807,0.022019035053588924,0.019689974158156792,0.044869635937856936,0.0874157907364971,0.12700832135065623
2022-08-11,风险平价策略,-1.0,0.0,0.0,0.0,0.0577526530313184,0.6965081196935049,0.0,0.03117751645643273,0.04087543793181374,0.022029904777969143,0.0197013538014487,0.0448861459663081,0.08706886834120425,0.12695782786565105
2022-08-12,风险平价策略,-1.0,0.0,0.0,0.0,0.058044623413395724,0.6949780493743806,0.0,0.03133918133650517,0.04104931089400415,0.02214118281072944,0.019802856633071658,0.04512663986252987,0.08751815567538349,0.12747369537627992
2022-08-15,风险平价策略,-1.0,0.0,0.0,0.0,0.05917228872107537,0.7030795773162027,0.0,0.02940982607051692,0.0354944409224679,0.022716050234482896,0.019542639173507115,0.041737479003234,0.08884769855851302,0.12755256181504646
2022-08-16,风险平价策略,-1.0,0.0,0.0,0.0,0.05927188107095126,0.7037242023972149,0.0,0.029490711195415492,0.035565232376657735,0.022215455077558295,0.01943700239763581,0.041605792230929764,0.08868972325363675,0.12751228073388088
2022-08-17,风险平价策略,-1.0,0.0,0.0,0.0,0.05939918115781772,0.7048835151274049,0.0,0.02953096723564322,0.03564475375043918,0.021979468329620666,0.0194969892111139,0.04134418836639966,0.08772093682156082,0.12736153735503697
2022-08-18,风险平价策略,-1.0,0.0,0.0,0.0,0.05810676112004498,0.7100263996001895,0.0,0.02898312285940178,0.03431622556302477,0.02225995702863119,0.019755375051363714,0.04125616630622628,0.08529599247111783,0.12533740908066407
2022-08-19,风险平价策略,-1.0,0.0,0.0,0.0,0.05876980140325745,0.7073220411399621,0.0,0.029346820152750037,0.034713073681103185,0.021899147793824066,0.020009418135814472,0.04175630493144756,0.08618339276184121,0.12638797398798746
2022-08-22,风险平价策略,-1.0,0.0,0.0,0.0,0.059171291963624396,0.7059966222762087,0.0,0.029551123536541886,0.03493828752819675,0.022050802811147643,0.02015183323475269,0.042042151339317595,0.08609788731021023,0.12690962452487392
2022-08-23,风险平价策略,-1.0,0.0,0.0,0.0,0.059900570111514125,0.702305646016363,0.0,0.029919833346714737,0.03536614991928183,0.022328222692778187,0.020405391654559967,0.042585839389882155,0.08718834686890581,0.12817838801569245
2022-08-24,风险平价策略,-1.0,0.0,0.0,0.0,0.05935082262410574,0.70266190971482,0.0,0.029946248464420254,0.035392041893608325,0.022343160439326604,0.02042426313482185,0.0426176325369436,0.08726392119195377,0.12767978846563904
2022-08-25,风险平价策略,-1.0,0.0,0.0,0.0,0.0647571540181227,0.6794222035383124,0.0,0.03224056368183066,0.03741719148304607,0.024340456026864972,0.022328524073364813,0.044199441865355196,0.09529446531310319,0.13659933289116963
2022-08-26,风险平价策略,-1.0,0.0,0.0,0.0,0.06485227610881285,0.6804642223266715,0.0,0.03232087932969201,0.03736458650521788,0.024248775980364595,0.022222817839881056,0.04308921597686002,0.09543722593250006,0.13657117116408096
2022-08-29,风险平价策略,-1.0,0.0,0.0,0.0,0.06580673326130027,0.6866641368202838,0.0,0.031091156775030465,0.03690984258001266,0.023707447558349824,0.021955674202822854,0.04369820023250096,0.09016680856969914,0.13583705083817793
2022-08-30,风险平价策略,-1.0,0.0,0.0,0.0,0.06594526072188221,0.6877324162883919,0.0,0.03094249622805896,0.03604055345957395,0.02376822232066921,0.02200728502239964,0.0432503835182725,0.09031338244075161,0.1358490850215808
2022-08-31,风险平价策略,-1.0,0.0,0.0,0.0,0.06565579153873882,0.6870164550562708,0.0,0.03155138301252742,0.03685287390100846,0.024388232416182685,0.021496509634206278,0.044269639352858,0.08876911508820758,0.13541117195557806
2022-09-01,风险平价策略,-1.0,0.0,0.0,0.0,0.0671705059996983,0.6965506677114104,0.0,0.029667604854691984,0.033461482499584534,0.025076591621590413,0.020618492936675368,0.04434591775606717,0.08310873662028186,0.13458128054654195
2022-09-02,风险平价策略,-1.0,0.0,0.0,0.0,0.06956912746124698,0.6901992479953939,0.0,0.02917977515005953,0.03472059683372278,0.023850080556350052,0.0212376304952968,0.046048178656905886,0.08519536285102401,0.13773968845529597
2022-09-05,风险平价策略,-1.0,0.0,0.0,0.0,0.06956827736006312,0.690205627637396,0.0,0.029177903426119912,0.03472013653994942,0.023850061785406815,0.021236934550988566,0.046047634717321824,0.08519342398275442,0.13773778523382768
2022-09-06,风险平价策略,-1.0,0.0,0.0,0.0,0.06963997111895212,0.6910940529910868,0.0,0.029229082533917657,0.034787598949044256,0.023666098503142368,0.021256467993527452,0.04505480179863622,0.0852719261116931,0.13771856152956297
2022-09-07,风险平价策略,-1.0,0.0,0.0,0.0,0.07776020734104774,0.6719794338586434,0.0,0.03028895191793341,0.03661510583094974,0.023340019013993463,0.021759792049340834,0.05060050016860561,0.08765598981948576,0.14731702128687785
2022-09-08,风险平价策略,-1.0,0.0,0.0,0.0,0.07805016088538157,0.6712252321135247,0.0,0.030416609185230533,0.03675063316415612,0.02338729201127823,0.021388291650249906,0.050739330745554236,0.08804245024462476,0.1476456424995358
2022-09-09,风险平价策略,-1.0,0.0,0.0,0.0,0.08285258265572754,0.6504075665715785,0.0,0.032353163961025964,0.03903347885916,0.02490916108573861,0.022754989371038797,0.054031487524305304,0.09365756997142535,0.15529900162471352
2022-09-13,风险平价策略,-1.0,0.0,0.0,0.0,0.08192549845861864,0.6512324993078936,0.0,0.032437042209205603,0.0386196243612702,0.024954985957418515,0.02280932825158087,0.05416683796601915,0.09385418348799332,0.15443757055807977
2022-09-14,风险平价策略,-1.0,0.0,0.0,0.0,0.0800309720971979,0.6463073874713814,0.0,0.032884622200777106,0.04003041385458116,0.026115779573846313,0.02429112281898565,0.0564968853712497,0.09384281661198075,0.1536884881320861
2022-09-15,风险平价策略,-1.0,0.0,0.0,0.0,0.08053842884539585,0.6483151248829062,0.0,0.03306538458791283,0.040330535556502387,0.026238408833324366,0.02445547898343582,0.054810592376611164,0.09224604593391145,0.1537302068373942
2022-09-16,风险平价策略,-1.0,0.0,0.0,0.0,0.0637612284304895,0.6635500807824235,0.0,0.0337866933731625,0.040215312006317554,0.026499331906203977,0.024064620910060657,0.05674471578141392,0.09137801680992846,0.13735852418440475
2022-09-19,风险平价策略,-1.0,0.0,0.0,0.0,0.06373548446347113,0.6653128963671737,0.0,0.03404260743604525,0.04023757731781412,0.025163247211780843,0.022518230461347863,0.0569382890170022,0.09205166772536492,0.13691316674221451
2022-09-20,风险平价策略,-1.0,0.0,0.0,0.0,0.06338449924728765,0.6655766490847328,0.0,0.03406610965457171,0.040169580389497035,0.02517810370501522,0.022535362909440342,0.05697385360210728,0.09211584140734795,0.13659225620466184
2022-09-21,风险平价策略,-1.0,0.0,0.0,0.0,0.06338334103645406,0.6655854497597031,0.0,0.03406433144962701,0.04016759637876536,0.025176700085199698,0.02253466463727392,0.05697111158374906,0.09211680506922763,0.13659016735667215
2022-09-22,风险平价策略,-1.0,0.0,0.0,0.0,0.06337240651428412,0.6634648538949435,0.0,0.03423446109373482,0.04077136700201813,0.025410584532399354,0.022540344210293297,0.057797991176927924,0.09240799157539893,0.13688064636889227
2022-09-23,风险平价策略,-1.0,0.0,0.0,0.0,0.0646121511177502,0.6442577726009026,0.0,0.0365451523416374,0.04355530159080506,0.026626970641849365,0.024322975219758517,0.05996419358897055,0.10011548289832627,0.1416722855194982
2022-09-26,风险平价策略,-1.0,0.0,0.0,0.0,0.07385025623862099,0.5805405603221935,0.0,0.04380944500679755,0.04674079394413331,0.030636462599346714,0.02490321369011788,0.07877530486678391,0.1207439633320061,0.16007813486719505
2022-09-27,风险平价策略,-1.0,0.0,0.0,0.0,0.07385027814892627,0.5805317788529678,0.0,0.04381147135459397,0.04674384766477136,0.030638904023584452,0.024902632081932528,0.07878120605291336,0.12073988182031027,0.1600786033101423
2022-09-28,风险平价策略,-1.0,0.0,0.0,0.0,0.07503837827714169,0.5682837380731942,0.0,0.04486971002273841,0.046391409034749996,0.03054783817665919,0.02609867504647913,0.08240006391531479,0.1263701874537227,0.16348762007910836
2022-09-29,风险平价策略,-1.0,0.0,0.0,0.0,0.07513657153124015,0.5581582905444987,0.0,0.04613259965642802,0.04771666846138778,0.031423224190656865,0.026846600568524254,0.08466892628479139,0.12991711876247286,0.16542302565855785
2022-09-30,风险平价策略,-1.0,0.0,0.0,0.0,0.07553539166292114,0.5573292873827044,0.0,0.04639244116661021,0.04799433273078897,0.031593634354541926,0.02698851756851694,0.08356441059682237,0.13060198453709393,0.16600968018124337
2022-10-10,风险平价策略,-1.0,0.0,0.0,0.0,0.0755371737347797,0.5573758707193812,0.0,0.04638338038718925,0.0479937503698584,0.03159180913415154,0.026987090148158668,0.08353623604027932,0.13059468946620198,0.16600461155988125
2022-10-11,风险平价策略,-1.0,0.0,0.0,0.0,0.07500554035838815,0.560498899572336,0.0,0.04708730162495398,0.04796100870196661,0.031047098355921038,0.026962532967586605,0.08038724625198419,0.13105037216686338,0.16527620598961784
2022-10-12,风险平价策略,-1.0,0.0,0.0,0.0,0.07503424835923748,0.5609018997980396,0.0,0.04713626388708391,0.04766628377112613,0.030782976583243474,0.02688925542155305,0.08044193212465853,0.13114714005505776,0.16524152162517222
2022-10-13,风险平价策略,-1.0,0.0,0.0,0.0,0.07509955000367038,0.5613769922688182,0.0,0.04685080546444487,0.04772331724828174,0.030483374981642886,0.026691583909971797,0.0805000840614759,0.1312742920616942,0.16521112774776361
2022-10-14,风险平价策略,-1.0,0.0,0.0,0.0,0.07511282335998871,0.5614243927096301,0.0,0.04685614099763749,0.04772925582948071,0.030487864857426203,0.02669634104204394,0.08051648652150609,0.13117669468228663,0.16520448058812096
2022-10-17,风险平价策略,-1.0,0.0,0.0,0.0,0.07704500498270882,0.5756052690925068,0.0,0.04774108589163712,0.045323942686078394,0.030776634959202336,0.026904812830287214,0.06793583034058961,0.12866741921698982,0.16502564465624608
2022-10-18,风险平价策略,-1.0,0.0,0.0,0.0,0.07678409504431315,0.5776082407421756,0.0,0.04732337477103143,0.045028966444333136,0.030894957819752412,0.02700331526885895,0.06616358196159637,0.12919346794793904,0.1646693160531491
2022-10-19,风险平价策略,-1.0,0.0,0.0,0.0,0.07527922757939728,0.5822585356858698,0.0,0.046558638827827376,0.04537685473983157,0.0296470787788376,0.026382680345456242,0.06565317535169776,0.1288438086910825,0.16263901027454167
2022-10-20,风险平价策略,-1.0,0.0,0.0,0.0,0.0756805196592888,0.5757102070068968,0.0,0.04804720972728332,0.04679707169532183,0.030581635765528758,0.027235768070206234,0.06764186011932548,0.1283057279561488,0.16388172936791792
2022-10-21,风险平价策略,-1.0,0.0,0.0,0.0,0.07662492759207613,0.5726393370726316,0.0,0.048672862303456486,0.04738957720526659,0.030421130737128932,0.027219046020070647,0.06818090059084546,0.12885221847852418,0.16513472654281883
2022-10-24,风险平价策略,-1.0,0.0,0.0,0.0,0.07219296712348205,0.5756776489714357,0.0,0.04888053286749179,0.04759949936876073,0.030390820517224564,0.027356402190003373,0.06841035878067249,0.12949177018092925,0.16109324398644523
2022-10-25,风险平价策略,-1.0,0.0,0.0,0.0,0.07203232374344436,0.5697666464255904,0.0,0.04996007988027123,0.04837679328033574,0.030568557775149986,0.027966427304214902,0.06900269643238056,0.1323264751586129,0.1621780647495266
2022-10-26,风险平价策略,-1.0,0.0,0.0,0.0,0.07105404344390163,0.5709967217634353,0.0,0.049671233296623936,0.04848691793895493,0.030496129049990058,0.02779557915036398,0.06912117087335483,0.1323782044833753,0.16116484242117615
2022-10-27,风险平价策略,-1.0,0.0,0.0,0.0,0.07122149325412525,0.5724207480493441,0.0,0.0498332331791493,0.048189429811708734,0.030544601197519092,0.02787385177108844,0.06839115380649023,0.131525488930575,0.1610458396996274
2022-10-28,风险平价策略,-1.0,0.0,0.0,0.0,0.06440044405736706,0.5852533442705551,0.0,0.04851060239293827,0.04396619666086193,0.028181043630538326,0.028628963325464118,0.06640635035499097,0.13465305530728414,0.1541157922262674
2022-10-31,风险平价策略,-1.0,0.0,0.0,0.0,0.05622519664800721,0.5998993502055487,0.0,0.0467733278406479,0.03929329604278946,0.028180755136989668,0.02879676314323798,0.06826711308949579,0.13256419789328328,0.14499173291537407
2022-11-01,风险平价策略,-1.0,0.0,0.0,0.0,0.0572421188705086,0.5928771821742959,0.0,0.04762241670422318,0.03999804930668697,0.028700769392147857,0.029329253223972673,0.06950132837557707,0.13472888195258786,0.14710707445049764
2022-11-02,风险平价策略,-1.0,0.0,0.0,0.0,0.05764074216294442,0.591124470096481,0.0,0.04796618608305723,0.040170368733599505,0.02888862644169324,0.029536534445955536,0.06898398758594051,0.13568908445032865,0.14784432223607943
2022-11-03,风险平价策略,-1.0,0.0,0.0,0.0,0.05710116761605312,0.5925939601727536,0.0,0.04786446943291783,0.04029328022151543,0.02896865297202345,0.029623621268042796,0.06914434777981435,0.13441050053687945,0.14704919173780107
2022-11-04,风险平价策略,-1.0,0.0,0.0,0.0,0.05811965978179732,0.586477075177735,0.0,0.04872808127777105,0.041023631957242505,0.02950146049189386,0.030167304209576796,0.06952437129791594,0.13645841580606763,0.14905717110395741
2022-11-07,风险平价策略,-1.0,0.0,0.0,0.0,0.0581589379133176,0.5867246547286235,0.0,0.04877487182719061,0.040843868720613075,0.029223346559796748,0.030190115824772486,0.06957009860295528,0.13651410582273074,0.14906292119702322
2022-11-08,风险平价策略,-1.0,0.0,0.0,0.0,0.0580862958668677,0.5867983118264434,0.0,0.048785514039196363,0.04085062969177256,0.029175604951181162,0.03019403263787744,0.06957697274114313,0.13653263824551812,0.14899412511039908
2022-11-09,风险平价策略,-1.0,0.0,0.0,0.0,0.05825322370241649,0.5864300709932847,0.0,0.048968735513574294,0.04097321909042138,0.029301786390477643,0.02919445635878802,0.06977259267780385,0.13710591527323365,0.1490883112597012
2022-11-10,风险平价策略,-1.0,0.0,0.0,0.0,0.058447827188293035,0.5860852438410131,0.0,0.04917234228934191,0.04090234833628752,0.029280339465623768,0.028435670334145225,0.06999666692531745,0.13767956161997807,0.14923882495438673
2022-11-11,风险平价策略,-1.0,0.0,0.0,0.0,0.065016395605572,0.5450772856631197,0.0,0.05478456293101088,0.04559848523911435,0.03267510619134298,0.03169820566749698,0.07150155054814207,0.15364840815420094,0.1627195651749321
2022-11-14,风险平价策略,-1.0,0.0,0.0,0.0,0.0818205096149449,0.45145951321930844,0.0,0.06881856765112591,0.06269712215846548,0.042842367557314805,0.039575167742512345,0.081964033878262,0.17082271817806613,0.1925824494713423
2022-11-15,风险平价策略,-1.0,0.0,0.0,0.0,0.08186947170476083,0.45187974694109967,0.0,0.06888870086470607,0.06274773481075953,0.04289389491185103,0.03907208996139679,0.08162911811197912,0.17101924269344704,0.19252049931774692
2022-11-16,风险平价策略,-1.0,0.0,0.0,0.0,0.08246282231152037,0.4443236855254657,0.0,0.06879574564534274,0.06364661440761087,0.04371598492812565,0.03925970380155724,0.08328109852152589,0.17451434485885167,0.1944470740806861
2022-11-17,风险平价策略,-1.0,0.0,0.0,0.0,0.08221258938091777,0.44668432679140274,0.0,0.0686382519023763,0.06409068741593113,0.042456555925987245,0.03838306867177626,0.08191016116015643,0.17562435875145208,0.19393966572524518
2022-11-18,风险平价策略,-1.0,0.0,0.0,0.0,0.08393968608727335,0.434561533025402,0.0,0.0678129463773222,0.06675864675243869,0.044294487136356385,0.038346510639918376,0.08201887260370976,0.18226731737757923,0.19783342783582908
2022-11-21,风险平价策略,-1.0,0.0,0.0,0.0,0.0830636051432774,0.45083958423977244,0.0,0.06641644441835785,0.06447227880330922,0.0398947877399623,0.03626121567870614,0.08560606392619696,0.17344602005041765,0.19335616732224056
2022-11-22,风险平价策略,-1.0,0.0,0.0,0.0,0.08340758610157789,0.4520889979279694,0.0,0.06535331645288822,0.06427828086777058,0.03961843649525113,0.035964036201419226,0.08589343530115065,0.17339591065197288,0.19341149398143137
2022-11-23,风险平价策略,-1.0,0.0,0.0,0.0,0.08340735398010951,0.4521011399878345,0.0,0.06535427012698708,0.06428230877073238,0.03961581036644843,0.03596985435588081,0.085896443988608,0.1733728184233992,0.1934077031366894
2022-11-24,风险平价策略,-1.0,0.0,0.0,0.0,0.08351014240305488,0.45267138426102377,0.0,0.06550948956894591,0.06437517092990301,0.039740140117516906,0.03439505869655948,0.08598895650149567,0.17380965752150027,0.19321598374348772
2022-11-25,风险平价策略,-1.0,0.0,0.0,0.0,0.08568182031340614,0.4393518083382598,0.0,0.06723213480804376,0.06479477966196596,0.04069501316131538,0.03527204881603788,0.0884895227911336,0.1784828721098374,0.19747397184922177
2022-11-28,风险平价策略,-1.0,0.0,0.0,0.0,0.0844326777928574,0.4320201429904323,0.0,0.06493290248301509,0.06572751413044732,0.04164608001660919,0.03244502957251076,0.07986918030961535,0.1989264727045126,0.19968349688931272
2022-11-29,风险平价策略,-1.0,0.0,0.0,0.0,0.08654953150071945,0.4226708754378704,0.0,0.06659162259478124,0.06728582157057335,0.042651186705221056,0.03326735820349467,0.08204180439900266,0.19894179958833724,0.2028020892747336
2022-11-30,风险平价策略,-1.0,0.0,0.0,0.0,0.08695201495178506,0.4238880283213628,0.0,0.06610750940649933,0.06602180947820761,0.0428626276716243,0.033241592703779674,0.0823800363053245,0.1985463811614169,0.2029162544956468
2022-12-01,风险平价策略,-1.0,0.0,0.0,0.0,0.08614427512581554,0.4245646599892263,0.0,0.06621849070284229,0.066137976622277,0.04293198714647556,0.033293718345556514,0.08187954390485103,0.19882934816295567,0.20220441227630245
2022-12-02,风险平价策略,-1.0,0.0,0.0,0.0,0.08545880641471315,0.42484042936223093,0.0,0.06627842300607281,0.06620245036172327,0.04296875217684855,0.03331744754714912,0.08193946554956606,0.1989942255816961,0.20161354165708678
2022-12-05,风险平价策略,1.0,0.3,0.15,0.15,0.06205514546886075,0.30710396480360347,0.0,0.048393626388282845,0.04812656136744495,0.029154467747398997,0.02282753109229401,0.05676224046283982,0.12557646266927514,0.18197754490402543
2022-12-06,风险平价策略,1.0,0.3,0.15,0.15,0.0646101435931165,0.30362889875986865,0.0,0.05050918244046186,0.0502145737202744,0.02910170663269448,0.023055892362341773,0.06253132852458478,0.11634827396665755,0.18334843215019858
2022-12-07,风险平价策略,1.0,0.3,0.15,0.15,0.0634536801773559,0.306757368521866,0.0,0.050155845045930784,0.050410492273129555,0.028704703529784076,0.02112474023505318,0.06327717686526974,0.11611599335161066,0.18159145596766857
2022-12-08,风险平价策略,1.0,0.3,0.15,0.15,0.06344802438197764,0.30677445827542754,0.0,0.05015493850389868,0.05040580440373445,0.02870522302940939,0.021111454448271668,0.06327878209581926,0.11612131486146138,0.18158286787619685
2022-12-09,风险平价策略,1.0,0.3,0.15,0.15,0.06308718473290718,0.30603388025687717,0.0,0.05037757269853941,0.0506148267879667,0.028831523248263588,0.02088281728558352,0.0635423696438663,0.11662982534599621,0.1813975352913432
2022-12-12,风险平价策略,1.0,0.3,0.15,0.15,0.056074078141069114,0.3197273485018641,0.0,0.04723510666643086,0.04490039131197758,0.030455770290079846,0.02188398104235415,0.05848224632455483,0.1212410777216695,0.17453949019728757
2022-12-13,风险平价策略,1.0,0.3,0.15,0.15,0.05626591091801145,0.31860668480937127,0.0,0.04740073989025576,0.04496831377557998,0.03055592180026306,0.021958537432528107,0.05857046392130788,0.1216734274526825,0.1749140853057543
2022-12-14,风险平价策略,1.0,0.3,0.15,0.15,0.05582711358964323,0.32045096851505683,0.0,0.04767773608805159,0.045247381438878534,0.03067856055631176,0.022049084521574037,0.055929824981751954,0.12213933030873206,0.1744473586823779
2022-12-15,风险平价策略,1.0,0.3,0.15,0.15,0.055377576170255564,0.3215964789864865,0.0,0.04760538004052286,0.04667961213269348,0.03169379836560691,0.02276000177200462,0.057653368201577446,0.11663378433085261,0.1733266306606708
2022-12-16,风险平价策略,1.0,0.3,0.15,0.15,0.05576857361065792,0.3237085995288454,0.0,0.04669885009419529,0.046667118780657345,0.03193235282936824,0.02288335067892229,0.05800146318044297,0.1143396912969105,0.17310631959369574
2022-12-19,风险平价策略,1.0,0.3,0.15,0.15,0.05274305819266401,0.3287188975756757,0.0,0.047215054272822264,0.04546871622554285,0.03152122901905675,0.023018320064999858,0.05517713769152157,0.11613758695771703,0.17020645751389252
2022-12-20,风险平价策略,1.0,0.3,0.15,0.15,0.05220167354977838,0.3253616682776344,0.0,0.047723496698341604,0.046033258899333955,0.031888292885165044,0.023292146803070908,0.05589661495449484,0.11760284793218083,0.17040665028490304
2022-12-21,风险平价策略,1.0,0.3,0.15,0.15,0.052203096216930325,0.32535438860204724,0.0,0.04772476102085822,0.046034375663035115,0.031890420391059285,0.023294296103387707,0.055897796233842265,0.1176008657688397,0.1704089199466432
2022-12-22,风险平价策略,1.0,0.3,0.15,0.15,0.05204028743127381,0.32528786979340685,0.0,0.04776590873551513,0.0460408591841403,0.03191463274114493,0.023311129765120762,0.05594757040464454,0.1176917419447536,0.17029348803122193
2022-12-23,风险平价策略,1.0,0.3,0.15,0.15,0.051529234040563386,0.3299432415572478,0.0,0.047304417961389636,0.0467065077764605,0.03210500337132072,0.02351418511944017,0.056644892940192045,0.11225251723338571,0.16859649391646894
2022-12-26,风险平价策略,1.0,0.3,0.15,0.15,0.05199201961548297,0.3265704245033761,0.0,0.047727182486051706,0.04710199549587492,0.03238245212980675,0.02372513718649808,0.05718079703919395,0.11331999154371553,0.16958911071425772
2022-12-27,风险平价策略,1.0,0.3,0.15,0.15,0.052744643305323385,0.32101967795346026,0.0,0.048427414702174564,0.0477480239031889,0.032841617710606785,0.02407478005471919,0.05806490409823131,0.1150789382722956,0.17121575030834418
2022-12-28,风险平价策略,1.0,0.3,0.15,0.15,0.05324966177874647,0.32414165693790503,0.0,0.04915470719042038,0.045269856838073885,0.03319654211872271,0.02375980835025732,0.05514448785385818,0.11608327893201599,0.17137978580098442
2022-12-29,风险平价策略,1.0,0.3,0.15,0.15,0.05282391385969511,0.3249307274796286,0.0,0.049346067543368635,0.04494176265199383,0.033287249709457845,0.023506866072203213,0.05532686467639699,0.11583654800725576,0.17084099032161992
2022-12-30,风险平价策略,1.0,0.3,0.15,0.15,0.05282944252143218,0.3249422691330326,0.0,0.049300652166314185,0.044946808506964024,0.033290522973469766,0.02350989792813236,0.055331764774056,0.11584864199659885,0.1708458983796497
2023-01-03,风险平价策略,1.0,0.3,0.15,0.15,0.0534152486110321,0.3266482351860541,0.0,0.048538414892107,0.04223565213045071,0.03345430906515729,0.023700935678356436,0.055906539078672296,0.11610066535817001,0.1711528735529585
2023-01-04,风险平价策略,1.0,0.3,0.15,0.15,0.05690003004927262,0.3404919314517744,0.0,0.042757961829882285,0.03755883560073958,0.03184216236547956,0.01991645539617215,0.04818091377915883,0.12235170952752057,0.17257144671236951
2023-01-05,风险平价策略,1.0,0.3,0.15,0.15,0.058443160180039165,0.3393659469525536,0.0,0.043338006301535496,0.039060405623168835,0.029775964252403187,0.019066740060333324,0.047302090745566926,0.12364768588439946,0.17404494934857645
2023-01-06,风险平价策略,1.0,0.3,0.15,0.15,0.05990580766458582,0.3409580250958809,0.0,0.044465350483788905,0.03955788453516299,0.03054016792792599,0.019539721744829697,0.04676115776239083,0.11827188478543482,0.17451309365014064
2023-01-09,风险平价策略,1.0,0.3,0.15,0.15,0.059843697030554706,0.3410464765890231,0.0,0.04448759519443059,0.03957149382552653,0.030425407195281477,0.01951533651919616,0.046782250642869797,0.11832774300311757,0.17445000072226005
2023-01-10,风险平价策略,1.0,0.3,0.15,0.15,0.06026850226657885,0.32870466082807487,0.0,0.04678340576884032,0.041547703846085,0.03196337001366875,0.020167168520971022,0.04701843086094319,0.12354675789483799,0.17721185137718046
2023-01-11,风险平价策略,1.0,0.3,0.15,0.15,0.06027203008218142,0.3286927171289778,0.0,0.04678667440907703,0.04155495140144606,0.03196724970772866,0.020160902581226867,0.047023748542395556,0.12354172614696658,0.1772147000480581
2023-01-12,风险平价策略,1.0,0.3,0.15,0.15,0.06019042447636382,0.32879676117125806,0.0,0.04679389948977766,0.04155862386819582,0.03197267701526462,0.02016369637956563,0.047030424252360974,0.12349349334721332,0.17712661846700367
2023-01-13,风险平价策略,1.0,0.3,0.15,0.15,0.06058221922663403,0.32643644770120145,0.0,0.04705285052265262,0.041798891455381494,0.03216792574357699,0.020290307379861653,0.04734111276435275,0.12433024520633902,0.17788766819075413
2023-01-16,风险平价策略,1.0,0.3,0.15,0.15,0.06199735588554598,0.31936866496889693,0.0,0.04813041974464691,0.04259827255549379,0.03202004654485652,0.020775277050978532,0.047786488697484274,0.12732347455209705,0.1804524762519898
2023-01-17,风险平价策略,1.0,0.3,0.15,0.15,0.06182836126963268,0.31966184769714406,0.0,0.047960438315387134,0.04265645293564614,0.032051356844598866,0.020797210604068153,0.04760647020945968,0.12743786212406324,0.1802938906410777
2023-01-18,风险平价策略,1.0,0.3,0.15,0.15,0.06192315369675985,0.3194591248310654,0.0,0.04803617612596276,0.04271417723297312,0.03210144179545098,0.020828034406603028,0.047678339309910785,0.12725955260127403,0.180382763308951
2023-01-19,风险平价策略,1.0,0.3,0.15,0.15,0.06247922011533124,0.3220702801825524,0.0,0.04661712758542707,0.04327154675123299,0.03244492225124531,0.020065661980466387,0.044808988151294714,0.12824225298244982,0.18058281292497588
2023-01-20,风险平价策略,1.0,0.3,0.15,0.15,0.06330207989203633,0.31845292739631126,0.0,0.04722622878930783,0.04381707623504884,0.0328554903355443,0.020334292523318614,0.044117142270031974,0.12989476255840068,0.18202850085680203
2023-01-30,风险平价策略,1.0,0.3,0.15,0.15,0.06219409661414847,0.32670753489737475,0.0,0.04386976207353408,0.038975192555666026,0.033044076546130195,0.019798745697052495,0.04598563180143484,0.12942495981465912,0.17978719024544487
2023-01-31,风险平价策略,1.0,0.3,0.15,0.15,0.06359227595166751,0.3337042047166708,0.0,0.04472712066484365,0.039158057179069415,0.0325201380624848,0.01935843849688199,0.04694399060596884,0.11999577432241298,0.17878116890328663
2023-02-01,风险平价策略,1.0,0.3,0.15,0.15,0.06385336965478183,0.3324740410702951,0.0,0.04490471775618409,0.03930330724022242,0.03264742902470708,0.01943577876274444,0.04689169280646222,0.12048966368460277,0.17924104271577154
2023-02-02,风险平价策略,1.0,0.3,0.15,0.15,0.06418582188903947,0.3359071652983073,0.0,0.043327314133065044,0.039518062477413206,0.029331721720477225,0.018361650478421695,0.046672365814974706,0.12269589818830129,0.17912314117342082
2023-02-03,风险平价策略,1.0,0.3,0.15,0.15,0.0634990050182505,0.34710626289358415,0.0,0.044189655849588644,0.04075774380215334,0.030359685600415822,0.018777473775643497,0.0479558761438316,0.10735429691653234,0.1752316507304726
2023-02-06,风险平价策略,1.0,0.3,0.15,0.15,0.06525119816690272,0.35193913126998183,0.0,0.044353789401219174,0.04263993232199483,0.032352618714844864,0.018510586549730788,0.05070345919007937,0.09424928438524635,0.1743732541243833
2023-02-07,风险平价策略,1.0,0.3,0.15,0.15,0.06556200182549474,0.35386692038771445,0.0,0.04443975273651082,0.04284811208651905,0.0324965290543112,0.01861107785037805,0.04895608949918138,0.09321951655989041,0.17432044432988916
2023-02-08,风险平价策略,1.0,0.3,0.15,0.15,0.06530383118259146,0.35289347825826195,0.0,0.04469379504877958,0.04308459364493939,0.03234782899258862,0.018719701799830006,0.04921046087450523,0.09374631019850377,0.17430647260399545
2023-02-09,风险平价策略,1.0,0.3,0.15,0.15,0.06572081775085098,0.35452041987077165,0.0,0.04504871286801764,0.04175069013184723,0.032476302249932545,0.018838401016849915,0.04760767575888591,0.0940369803528441,0.17454034478293068
2023-02-10,风险平价策略,1.0,0.3,0.15,0.15,0.06878105099456343,0.35717700853691825,0.0,0.04629296360559285,0.03942738285721717,0.02960323132202741,0.019405108507213862,0.049643329535699526,0.08966992464076742,0.1762291274281449
2023-02-13,风险平价策略,1.0,0.3,0.15,0.15,0.06881141460098782,0.35730808040953393,0.0,0.04614160142675872,0.03931709473809132,0.02962242487444433,0.019416742818566902,0.04967490113865386,0.08970773999296298,0.17624258227425377
2023-02-14,风险平价策略,1.0,0.3,0.15,0.15,0.0688175098162818,0.35735251958584924,0.0,0.04614274489548682,0.0393194464296844,0.02961345430482844,0.019417131318851946,0.049673043085443215,0.08966415056357413,0.17623650043071726
2023-02-15,风险平价策略,1.0,0.3,0.15,0.15,0.06865904510931821,0.36152528356324237,0.0,0.04683349947975457,0.037486760784773254,0.029980821965722656,0.019363829135053957,0.04762749292046334,0.08852326704167171,0.17545967274944216
2023-02-16,风险平价策略,1.0,0.3,0.15,0.15,0.06831192558306207,0.36185518171378384,0.0,0.04676729507545655,0.037525485195943876,0.03000658665963299,0.019381323081580585,0.047627282930422336,0.08852491976011771,0.175126817401362
2023-02-17,风险平价策略,1.0,0.3,0.15,0.15,0.06783439254895639,0.36202376619558724,0.0,0.04768579503238429,0.0381880685414371,0.02926532873017425,0.01908418795163621,0.04800479934172726,0.0879136616580972,0.17456330008300247
2023-02-20,风险平价策略,1.0,0.3,0.15,0.15,0.0700155239335279,0.3516156270733179,0.0,0.04917715717804312,0.03930336380263304,0.030213112520409945,0.019277814201834935,0.04960848971432709,0.09078891157590607,0.17813792654444213
2023-02-21,风险平价策略,1.0,0.3,0.15,0.15,0.07013976623419924,0.3518115631882671,0.0,0.049284159364061206,0.03937275726061922,0.030283166927841575,0.01909061241901105,0.0494878569296435,0.09053011767635703,0.17815915067590501
2023-02-22,风险平价策略,1.0,0.3,0.15,0.15,0.07013817546913928,0.35185193481266064,0.0,0.04927210962764572,0.03935859715424185,0.030285130358678882,0.01907684462809906,0.049492180826856226,0.09052502712267832,0.17814944046836617
2023-02-23,风险平价策略,1.0,0.3,0.15,0.15,0.06856124407104265,0.35682862872664173,0.0,0.049377532985210595,0.03921000079236805,0.030242191559240558,0.01847842087584206,0.04775027867509715,0.08955170231455716,0.17599224531480026
2023-02-24,风险平价策略,1.0,0.3,0.15,0.15,0.06862787727798349,0.3569986992664221,0.0,0.04903582700901298,0.0391552644153323,0.030271564761142598,0.018497598476784997,0.0477903713345025,0.08962279745881904,0.1760359484714594
2023-02-27,风险平价策略,1.0,0.3,0.15,0.15,0.06757180347103185,0.369216744734316,0.0,0.04272479149681921,0.03703524402746753,0.0285904129269304,0.018978650091842707,0.046015664875782104,0.0898666883758102,0.173642075179322
2023-02-28,风险平价策略,1.0,0.3,0.15,0.15,0.06768630831024411,0.36985120155534634,0.0,0.04280941735536895,0.03712240421203197,0.028630152145881733,0.01901627116383387,0.04493422224639166,0.08995002301090141,0.17370146777222198
2023-03-01,风险平价策略,1.0,0.3,0.15,0.15,0.06772648966304629,0.37008172119797406,0.0,0.042837277750904755,0.037152729375350205,0.028644342982794103,0.019028976053595555,0.04454656327151789,0.08998189970481718,0.17372172962006815
2023-03-02,风险平价策略,1.0,0.3,0.15,0.15,0.06927661733736065,0.3648292847305179,0.0,0.043097039253389806,0.03780648065968832,0.029021542408874904,0.019472179089585373,0.045174718647797284,0.0913221378727857,0.1759495841884858
2023-03-03,风险平价策略,1.0,0.3,0.15,0.15,0.0692830036662175,0.36482193998018664,0.0,0.04309847730336196,0.037806622044839415,0.02902087479638519,0.019471310824141767,0.04517171311390058,0.09132605827096686,0.17595635526122302
2023-03-06,风险平价策略,1.0,0.3,0.15,0.15,0.06950903452722096,0.3653125301172473,0.0,0.04248207076349329,0.037176292822849975,0.029123424935557116,0.019530903953249915,0.045321791439027405,0.09154395144135388,0.1761121967487044
2023-03-07,风险平价策略,1.0,0.3,0.15,0.15,0.06923805746560563,0.36545337266999994,0.0,0.04250619023511869,0.03719460622971014,0.029136068940263157,0.01953886125034463,0.045339747367450806,0.091593095841507,0.17587232053007384
2023-03-08,风险平价策略,1.0,0.3,0.15,0.15,0.07109124000316287,0.373368115356054,0.0,0.0411594644239037,0.038225392352493275,0.031023555548116876,0.018328908311104435,0.047110445225245164,0.0796928787799196,0.1747046390116804
2023-03-09,风险平价策略,1.0,0.3,0.15,0.15,0.07096968993579827,0.37375645460316725,0.0,0.04125396880171965,0.03813530262088481,0.030691756315018876,0.018245986314701475,0.04718103667998716,0.07976580472872234,0.17454015901519243
2023-03-10,风险平价策略,1.0,0.3,0.15,0.15,0.05565491531644008,0.3880600142230969,0.0,0.04084445519264631,0.03627199850428275,0.03138390028906429,0.017140402953578635,0.04688366698785452,0.0837606465330365,0.16006309799548357
2023-03-13,风险平价策略,1.0,0.3,0.15,0.15,0.05587158974704403,0.3866696862754724,0.0,0.041001187440202716,0.03640342041881832,0.03154233163999623,0.017225050567949075,0.04709323151094349,0.0841935023995737,0.16049358249022055
2023-03-14,风险平价策略,1.0,0.3,0.15,0.15,0.05496991486108842,0.39873398021564427,0.0,0.03874896775423802,0.035451185741041766,0.02581707386678688,0.015122935517579457,0.04323026008962082,0.08792568195400029,0.15827765560747428
2023-03-15,风险平价策略,1.0,0.3,0.15,0.15,0.055439929879061836,0.39632552883110195,0.0,0.03906802849024346,0.03572867791777575,0.026039313318678214,0.015093645387598597,0.043600745654279835,0.08870413052126028,0.15907744439433857
2023-03-16,风险平价策略,1.0,0.3,0.15,0.15,0.05249212803074089,0.4095279049013421,0.0,0.029676935845704345,0.03373569649479344,0.024676255202353715,0.012962746397185946,0.04318123779326525,0.09374709533461423,0.15508213666607018
2023-03-17,风险平价策略,1.0,0.3,0.15,0.15,0.052879556969041765,0.4087402677623076,0.0,0.029891339422631884,0.033993671970943884,0.024861774540990526,0.013060611334479399,0.042201652170115185,0.09437112582948974,0.15563569279944547
2023-03-20,风险平价策略,1.0,0.3,0.15,0.15,0.050832879685605965,0.417666951588591,0.0,0.029842431480678628,0.0327247761535784,0.025843649971303388,0.011960965848818748,0.034685242007619424,0.09644310326380444,0.15301938663840123
2023-03-21,风险平价策略,1.0,0.3,0.15,0.15,0.0520077874291807,0.41540944373473326,0.0,0.03096103801390265,0.03390994049058344,0.026724191758609434,0.012422529903874045,0.035925801399186386,0.09263926726993002,0.15390005126894474
2023-03-22,风险平价策略,1.0,0.3,0.15,0.15,0.053007731679004855,0.425126208466702,0.0,0.03154160549454771,0.034535369960255476,0.027197154672700154,0.01268513936889549,0.034689051461420366,0.08121773889647395,0.15214150743684385
2023-03-23,风险平价策略,1.0,0.3,0.15,0.15,0.05384381121336058,0.42271069982543164,0.0,0.032024777940542995,0.03509460817353336,0.027343681441564842,0.012901195817878908,0.03361405579876413,0.08246716978892348,0.15338812378877378
2023-03-24,风险平价策略,1.0,0.3,0.15,0.15,0.05298138750021148,0.41821042408469566,0.0,0.03296126726063122,0.036160956164677384,0.028128088552003647,0.013296555900592841,0.0333651674861806,0.0848961530510072,0.1536412714198941
2023-03-27,风险平价策略,1.0,0.3,0.15,0.15,0.05093951569667638,0.423907606214842,0.0,0.0323920653046869,0.03679791142514145,0.02808550388618234,0.013518765252356749,0.03298947931741302,0.08136915290270114,0.15078013779424515
2023-03-28,风险平价策略,1.0,0.3,0.15,0.15,0.051020016347089706,0.42439213569416545,0.0,0.03244161501507988,0.036844321504734545,0.02812836290617848,0.01353932502918976,0.03304121590861789,0.08059300759494427,0.15069137548070993
2023-03-29,风险平价策略,1.0,0.3,0.15,0.15,0.05062506762770641,0.4246260096068507,0.0,0.03244997827783017,0.03688073139805548,0.028150788322906684,0.013550967044008105,0.033070159413963254,0.08064629830867921,0.15033565913524152
2023-03-30,风险平价策略,1.0,0.3,0.15,0.15,0.05117549333282615,0.4217311334574945,0.0,0.03279021073290393,0.03725928459491831,0.028456347508097477,0.01364051718436604,0.03339663741089074,0.08155037577850281,0.15130490357848536
2023-03-31,风险平价策略,1.0,0.3,0.15,0.15,0.051309060330941264,0.4223389559750454,0.0,0.03240929102418286,0.03738735871552004,0.028122423900247565,0.013689471177539747,0.03305475040101153,0.08168868847551167,0.15136639135379942
2023-04-03,风险平价策略,1.0,0.3,0.15,0.15,0.05527076405058865,0.4146133776842194,0.0,0.034667244965445425,0.03902343936999199,0.03022495558197975,0.01472036845799331,0.03563294399558278,0.07584690589419858,0.1551447847116599
2023-04-04,风险平价策略,1.0,0.3,0.15,0.15,0.055264250106312585,0.4146481729353583,0.0,0.03465708039447974,0.039016784775689345,0.030221041813731184,0.014718916559864917,0.03562670509764772,0.07584704831691617,0.1551345484558454
2023-04-06,风险平价策略,1.0,0.3,0.15,0.15,0.05333224135751145,0.41977788926130927,0.0,0.03396800798803439,0.03894860227525206,0.028575704755720327,0.015300767958818953,0.03253495792225191,0.07756182848110148,0.1531943182910657
2023-04-07,风险平价策略,1.0,0.3,0.15,0.15,0.052901080607882706,0.4204989126678883,0.0,0.034064202158711324,0.03906473911357353,0.028348605449428174,0.01534513211362295,0.03210798037377146,0.07766934751512153,0.15276534398373195
2023-04-10,风险平价策略,1.0,0.3,0.15,0.15,0.05326641512281268,0.427475296687827,0.0,0.033844081476774535,0.03876401149704011,0.028273800241680823,0.015347851111679203,0.0317199507843965,0.07130859307778906,0.15137845047639428
2023-04-11,风险平价策略,1.0,0.3,0.15,0.15,0.05330666581071662,0.42759616792646393,0.0,0.03387317784824639,0.03848916715198766,0.028295089339963185,0.01535904624724617,0.03174270944961116,0.07133797622576486,0.1514007907674918
2023-04-12,风险平价策略,1.0,0.3,0.15,0.15,0.05367999114667142,0.42913041172495026,0.0,0.034112057958357284,0.03818177062632918,0.0270719848942721,0.015482121170967691,0.03076014035938076,0.07158152211907125,0.15157342466014037
2023-04-13,风险平价策略,1.0,0.3,0.15,0.15,0.05398028821534881,0.4277010239220899,0.0,0.0342972291894723,0.038387288148434916,0.02713119135004906,0.015567932434998683,0.030935418935326524,0.07199962780427974,0.1520778777429649
2023-04-14,风险平价策略,1.0,0.3,0.15,0.15,0.05339710216054671,0.42715551627428966,0.0,0.034771069359934424,0.03893477761159986,0.027516222749236426,0.015548766201171505,0.029820478226862065,0.07285606741635922,0.15179864968066717
2023-04-17,风险平价策略,1.0,0.3,0.15,0.15,0.05644300673173286,0.41885550183740206,0.0,0.03670224858217206,0.0410672349088473,0.029036325803985866,0.016428383426713086,0.03152878474313928,0.06993851396600743,0.155232295646547
2023-04-18,风险平价策略,1.0,0.3,0.15,0.15,0.05670595117177891,0.42071180429667326,0.0,0.03619666195356977,0.04131857404921617,0.02854014668073761,0.01625855611075476,0.0316789916119869,0.06858931412528264,0.15500402379544584
2023-04-19,风险平价策略,1.0,0.3,0.15,0.15,0.05769333008345082,0.42441595114408875,0.0,0.0357632706736027,0.04203942773287461,0.027523364385980218,0.01605390709188391,0.02786897141680804,0.06864177747131094,0.155411046798261
2023-04-20,风险平价策略,1.0,0.3,0.15,0.15,0.058481129276024175,0.4248642176102089,0.0,0.03603019373743649,0.042669813076837586,0.026294444951507873,0.01543111800431914,0.02695129365779991,0.06927778968586587,0.15600419849725816
2023-04-21,风险平价策略,1.0,0.3,0.15,0.15,0.049504714892848266,0.4446623860783886,0.0,0.0348180051606926,0.037222180106263304,0.026140081420356957,0.01488255333726978,0.026199077828428122,0.06657100117575226,0.14539969554381424
2023-04-24,风险平价策略,1.0,0.3,0.15,0.15,0.034765749268198975,0.2604658290932599,0.26178369782309185,0.024496873244318366,0.02641292734512895,0.018046917437440513,0.010527763584181856,0.01831504756910873,0.04518519463527086,0.1259818189741597
2023-04-25,风险平价策略,1.0,0.3,0.15,0.15,0.03478477474871857,0.2604702519008338,0.2618174785322555,0.024453526729206955,0.026379559160383207,0.01805654931644851,0.01053374229493527,0.01830246258383879,0.04520165473337933,0.1259968930946074
2023-04-26,风险平价策略,1.0,0.3,0.15,0.15,0.035063539727711965,0.2608696523287691,0.26224728652502566,0.02375078219161695,0.02608271675621541,0.017899498185775672,0.010277497696935272,0.018424138268908076,0.04538488831904193,0.1261056258527266
2023-04-27,风险平价策略,1.0,0.3,0.15,0.15,0.03633116406185776,0.26289793889131,0.26438881931261937,0.022201037177562315,0.023683799026198143,0.01725229181748163,0.00877310066432119,0.0182628831620196,0.046208965886629885,0.12651759437324672
2023-04-28,风险平价策略,1.0,0.3,0.15,0.15,0.03755494481731575,0.26964883301545733,0.2547562511934244,0.022907835243160396,0.024422440032194424,0.0178061746581558,0.009050609560483635,0.01886407811660952,0.04498883336319875,0.1275792704945263
2023-05-04,风险平价策略,-1.0,0.0,0.0,0.0,0.055275821607456595,0.38831412411605454,0.36682436512412964,0.032191910694968386,0.03547002264355871,0.019352048647916953,0.010848594279361948,0.026505504902832048,0.06521760798372106,0.12261884661308055
2023-05-05,风险平价策略,-1.0,0.0,0.0,0.0,0.05444069791060901,0.38877402899901237,0.3672791348059448,0.03218675393288188,0.03514961530023502,0.019397036192524985,0.010849137212755593,0.026582470585789726,0.0653411250602467,0.12181828070701305
2023-05-08,风险平价策略,-1.0,0.0,0.0,0.0,0.0645630011799665,0.3988353959743935,0.32577444830941127,0.037823270990841304,0.04123788397101576,0.02274593496826909,0.01272342687356642,0.03146645446396521,0.064830183268571,0.13365378922835638
2023-05-09,风险平价策略,-1.0,0.0,0.0,0.0,0.05831782491875569,0.40298020551926444,0.32888530813448646,0.03741397638692106,0.03962968235745981,0.022544096383630797,0.013038281461219681,0.03145352983388386,0.0657370950043781,0.12766367279500088
2023-05-10,风险平价策略,-1.0,0.0,0.0,0.0,0.04771826777751139,0.4079239545919582,0.3325277703195198,0.03844260323887749,0.04094464192665798,0.022338591059092423,0.013308943718033227,0.03017135403410066,0.06662387333424885,0.11787809741261113
2023-05-11,风险平价策略,-1.0,0.0,0.0,0.0,0.04873666817512533,0.410794000183387,0.33475443367722646,0.032998975199778686,0.03826162330709801,0.022926322712946857,0.013332177621742927,0.030777548263287092,0.06741825085940759,0.11818789883969175
2023-05-12,风险平价策略,-1.0,0.0,0.0,0.0,0.04229699322718762,0.41569020025300135,0.336253061889176,0.033291938430713194,0.03884888256444681,0.02069339504149487,0.012919455352443723,0.03520217601797803,0.06480389722355838,0.11141790966196666
2023-05-15,风险平价策略,-1.0,0.0,0.0,0.0,0.042529525071161055,0.41770373246689396,0.3303923251301435,0.03404787516271625,0.03975500082939085,0.020871533534280437,0.01321860821094793,0.03490472792424258,0.0665766716702235,0.11225739282422284
2023-05-16,风险平价策略,-1.0,0.0,0.0,0.0,0.040826622259561574,0.4191392756683439,0.33150328858824324,0.033219562132568686,0.04007365746775237,0.020971817215666176,0.013290226605237668,0.035096851595214196,0.06587869846741218,0.11043389143532627
2023-05-17,风险平价策略,-1.0,0.0,0.0,0.0,0.04201880119729072,0.4154672169850574,0.3334535179601785,0.03428242383865301,0.041392282500622976,0.02173251972540712,0.013498807883362772,0.03274810784258803,0.06540632206683948,0.11177128160845703
2023-05-18,风险平价策略,-1.0,0.0,0.0,0.0,0.04202561646369323,0.4155040993557313,0.3334826061896398,0.0342813230256675,0.041397781051316376,0.02173296222650147,0.013499666166749538,0.0327486134220489,0.06532733209865169,0.11175947539373986
2023-05-19,风险平价策略,-1.0,0.0,0.0,0.0,0.03926544083726851,0.41831861303600715,0.3356651008122872,0.03443586270717814,0.0412663516821803,0.021934455347978197,0.013604394198810942,0.03175377504927739,0.06375600632901222,0.10868095158738568
2023-05-22,风险平价策略,-1.0,0.0,0.0,0.0,0.03968126966306535,0.4231201670113399,0.33673362361084225,0.03324827525803348,0.03750832149168489,0.02009201823408345,0.012921238338994999,0.03184477188679168,0.064850314505164,0.10826535827384733
2023-05-23,风险平价策略,-1.0,0.0,0.0,0.0,0.03765078797723722,0.425382085493875,0.3385305580605916,0.03224884274044881,0.03752615513555303,0.020246497099292368,0.01302066139349353,0.032105478981224414,0.06328893311828418,0.10587899737125035
2023-05-24,风险平价策略,-1.0,0.0,0.0,0.0,0.03525070469490052,0.42825389188060975,0.3421506685196467,0.032154843969914464,0.032936889809574786,0.020773638496679066,0.013377236701174241,0.03070715238859719,0.06439497353890325,0.10331401951283813
2023-05-25,风险平价策略,-1.0,0.0,0.0,0.0,0.03587612534100922,0.4267899733859557,0.33595336899207623,0.03276388872223513,0.03482923904864252,0.021943008875438503,0.014129283124389882,0.03193215213069266,0.06578296037956005,0.10498053436049852
2023-05-26,风险平价策略,-1.0,0.0,0.0,0.0,0.038345065021563214,0.4313801651674051,0.31951761232635434,0.03503847202283435,0.037111800779561034,0.023025407249082884,0.014410811227783581,0.034208404296720084,0.06696226190869538,0.10837179813369248
2023-05-29,风险平价策略,-1.0,0.0,0.0,0.0,0.038451840616376416,0.43173134334010754,0.31978236593761894,0.035129638402494806,0.03655291942157623,0.02307228916174018,0.014443189651382405,0.033815063895591836,0.06702134957311187,0.10840949778144789
2023-05-30,风险平价策略,-1.0,0.0,0.0,0.0,0.039561318119854146,0.4330147465873853,0.31480577253560604,0.03512365952386544,0.03696374019631777,0.023433413933756735,0.014754598668199682,0.03443769979023604,0.06790505064477893,0.10985642646237972
2023-05-31,风险平价策略,-1.0,0.0,0.0,0.0,0.038034876554321716,0.43503520794349915,0.3161508550056251,0.03567546023911296,0.037554623106589975,0.022699865828387646,0.013432245734516957,0.0330682043276653,0.06834866126028115,0.10802890037984945
2023-06-01,风险平价策略,-1.0,0.0,0.0,0.0,0.03803117198433881,0.43503512651981735,0.3161787056513886,0.035672464934298743,0.03754795147243146,0.02269810685501063,0.013430904647806427,0.03306484189678346,0.06834072603812442,0.10802165244488707
2023-06-02,风险平价策略,-1.0,0.0,0.0,0.0,0.047506973251311875,0.40211780746434356,0.28775402759086727,0.04423550340392546,0.046435554032300416,0.028319109853942707,0.016771690478952172,0.037127801958360164,0.08973153196599651,0.12658762184076078
2023-06-05,风险平价策略,-1.0,0.0,0.0,0.0,0.048834375671249104,0.40947334369914506,0.2928744789278098,0.04355142027729731,0.04137966810930685,0.028565611144703792,0.017184959472928106,0.03785946123928434,0.08027668145827567,0.12505844904733568
2023-06-06,风险平价策略,-1.0,0.0,0.0,0.0,0.04789850146220983,0.4099183131725986,0.2932211859782125,0.04371127484737069,0.04151634012690164,0.02811886081991952,0.017168695554262214,0.0379967357093484,0.08045009232917658,0.12418372739745395
2023-06-07,风险平价策略,-1.0,0.0,0.0,0.0,0.04792070481136363,0.4100395464929584,0.29328864029840973,0.04372058418200189,0.04153081455145649,0.028130145728706347,0.017156991337389817,0.03775696330776495,0.0804556092899487,0.12418468711900132
2023-06-08,风险平价策略,-1.0,0.0,0.0,0.0,0.04874449840107877,0.4082094927884905,0.29379251566917164,0.04448445795485785,0.04224270148826624,0.027831049323416155,0.017474004197851542,0.03843320589703549,0.07878807427983177,0.12489564430841023
2023-06-09,风险平价策略,-1.0,0.0,0.0,0.0,0.048752880901045896,0.40820351211327766,0.2938220401473939,0.044508085701224886,0.042259355227739874,0.027856753614619572,0.017345055531542614,0.03844795709003588,0.07880435967311983,0.12488138227463907
2023-06-12,风险平价策略,-1.0,0.0,0.0,0.0,0.04672120839445431,0.40921235083657,0.2964032158880267,0.04462569295548738,0.04006491257345036,0.026720721240846866,0.016872825824771346,0.0392675513224654,0.08011152096392753,0.12280000926109094
2023-06-13,风险平价策略,-1.0,0.0,0.0,0.0,0.04663025381687672,0.4092448031644176,0.29644844061231607,0.044647613542768624,0.04008173944293367,0.02674201558645699,0.016792142147948993,0.03928820360719194,0.08012478807908957,0.12270252767243674
2023-06-14,风险平价策略,-1.0,0.0,0.0,0.0,0.04577267779179995,0.4107546107292554,0.2974391304718248,0.04482518137559465,0.04026302774708524,0.026828524511745253,0.016836965561015226,0.03929813768194027,0.07798174412973925,0.12141993744475216
2023-06-15,风险平价策略,-1.0,0.0,0.0,0.0,0.05618072058695677,0.39037217492556214,0.26379348888940374,0.055156989466678304,0.04788015387122344,0.03311621378627736,0.01920952307338817,0.04940523963014437,0.08488549577036567,0.1375830660334028
2023-06-16,风险平价策略,-1.0,0.0,0.0,0.0,0.05897001170790321,0.3794032528133808,0.2558103482816885,0.057883794167028796,0.050235171631911026,0.03474122734889525,0.020242951413633005,0.05220876865026851,0.09050447398529081,0.14305679071224361
2023-06-19,风险平价策略,-1.0,0.0,0.0,0.0,0.054577900434818895,0.3759098861746158,0.24988412627844733,0.06095245839398893,0.04920138439138092,0.033476247913127935,0.021736971000831377,0.056419285527703464,0.09784173988508538,0.141471455900689
2023-06-20,风险平价策略,-1.0,0.0,0.0,0.0,0.0542699494144607,0.3760043019265026,0.24993250905045283,0.0609830498447275,0.04922739579012069,0.03349345968227045,0.021745874071810257,0.056447775589153426,0.09789568463050162,0.14120192408881727
2023-06-21,风险平价策略,-1.0,0.0,0.0,0.0,0.053458028928891364,0.3775769216320765,0.2509387074367375,0.06139456972821468,0.048308870903337485,0.03365993879772919,0.021841563786344626,0.0567037818710375,0.09611761691563103,0.1399928522294343
2023-06-26,风险平价策略,-1.0,0.0,0.0,0.0,0.04666310442199419,0.3856730569285754,0.2561623707724382,0.060192830498538075,0.04609844689458981,0.03225297806312035,0.021612433659222854,0.05468335858489069,0.09666142017663046,0.13269267307390503
2023-06-27,风险平价策略,-1.0,0.0,0.0,0.0,0.04732592502074262,0.38425446907143096,0.25470470887349084,0.06096004373272083,0.04671001925919649,0.03269416651045864,0.02191386368181771,0.0536781491962317,0.0977586546539103,0.13381575965347436
2023-06-28,风险平价策略,-1.0,0.0,0.0,0.0,0.0477834506368338,0.3867736285183621,0.25632755827046005,0.05943953109362505,0.046925319171557685,0.03237337277594483,0.02145900795246849,0.05341888466380986,0.09549924691693815,0.1333421453654836
2023-06-29,风险平价策略,-1.0,0.0,0.0,0.0,0.04761813283860445,0.3872608061870398,0.2566483730708415,0.05858610682115218,0.04661967134852212,0.03249527035865751,0.02153387726654191,0.053455235367641095,0.09578252674099945,0.1331483209255088
2023-06-30,风险平价策略,-1.0,0.0,0.0,0.0,0.047615511290895876,0.3872802221234873,0.2566480175795833,0.058598335215292875,0.04661865916193473,0.03249723660318472,0.021532884358776098,0.05344907276477275,0.09576006090207251,0.13314088655266915
2023-07-03,风险平价策略,-1.0,0.0,0.0,0.0,0.048107153116837525,0.38531947868396454,0.25463061337023224,0.059192631379239545,0.047092158938690724,0.03283888758581837,0.021763007915719113,0.05405508674187375,0.09700098226762432,0.13421144693731474
2023-07-04,风险平价策略,-1.0,0.0,0.0,0.0,0.04932353138156971,0.38094681870203556,0.2508688036783729,0.060209616884497004,0.046754178677159974,0.033522147784863024,0.022286991229951404,0.055745666434644944,0.10034224522690553,0.1366782169399529
2023-07-05,风险平价策略,-1.0,0.0,0.0,0.0,0.04925592740456032,0.3815005795882563,0.25124393400839545,0.05955014248566389,0.04597649263502707,0.03358319395990425,0.022365543319812786,0.055904689599738516,0.10061949699864144,0.13654708585710648
2023-07-06,风险平价策略,-1.0,0.0,0.0,0.0,0.04918509424253274,0.38041977246964104,0.25102259747462,0.05982972336717883,0.046210041716888375,0.03375261998290216,0.022471465727436576,0.056022210209641925,0.10108647480915846,0.13672899554514642
2023-07-07,风险平价策略,-1.0,0.0,0.0,0.0,0.04928801166752852,0.3810434950868291,0.25142718155044036,0.05956856884037477,0.04619943101808358,0.03381067298917115,0.02252103409739958,0.05556592527811009,0.10057567947206285,0.13664764395723347
2023-07-10,风险平价策略,-1.0,0.0,0.0,0.0,0.049292125739555055,0.381016910518318,0.25143399041042624,0.05956709608825126,0.046201480830553796,0.03381598137658797,0.02252397310279311,0.055566792475988745,0.10058164945752586,0.13665515342694265
2023-07-11,风险平价策略,-1.0,0.0,0.0,0.0,0.049289940195278464,0.38102620505893176,0.25142627615062507,0.0595657427538139,0.04620122220936903,0.03381471993149246,0.02252414680674907,0.055568292880209466,0.10058345401353078,0.13665309808812157
2023-07-12,风险平价策略,-1.0,0.0,0.0,0.0,0.049351287867371744,0.38123568455230195,0.25156593669654725,0.05905887021218551,0.04613231087930611,0.03385710411195411,0.0225523267483018,0.05561803743371662,0.10062844149831486,0.13666982653504542
2023-07-13,风险平价策略,-1.0,0.0,0.0,0.0,0.0497319929527346,0.3808365247630455,0.250565765144302,0.05947251474233741,0.04647054491806195,0.03403874148945208,0.022727938552251976,0.054739630505125515,0.10141634693268896,0.13730433937143646
2023-07-14,风险平价策略,-1.0,0.0,0.0,0.0,0.04995265991769481,0.380763744445233,0.25127576745093744,0.0597625109918256,0.046671101628752085,0.034196447265862344,0.02283083567220864,0.054984478971252373,0.09956245365623374,0.13720965266097657
2023-07-17,风险平价策略,-1.0,0.0,0.0,0.0,0.04838134296033593,0.3843060986634281,0.25363400258280633,0.05709610171451915,0.04651352031345157,0.03074268100727532,0.02190980512801717,0.05625497107893666,0.10116147655122985,0.1351239881673457
2023-07-18,风险平价策略,-1.0,0.0,0.0,0.0,0.048310268714732596,0.38436640582657167,0.25366312093997445,0.05690050298232901,0.04655239115568513,0.030767930077924503,0.02192752143701981,0.05628544524833693,0.1012264136174258,0.1350629066377344
2023-07-19,风险平价策略,-1.0,0.0,0.0,0.0,0.04840144202986836,0.3836639647817665,0.2536551412554022,0.05700293942403228,0.04664257825966476,0.03082586192990354,0.02196740981583356,0.056397770976972156,0.10144289152655658,0.13526476856516673
2023-07-20,风险平价策略,-1.0,0.0,0.0,0.0,0.047787400821184475,0.3842615010171893,0.2540186529740056,0.0565401817698626,0.04679745022377265,0.030917724185509445,0.022008555279814657,0.05653519283395042,0.10113334089471086,0.134594553434306
2023-07-21,风险平价策略,-1.0,0.0,0.0,0.0,0.04789209492678242,0.3869119841765756,0.2556714604572008,0.056869844505960096,0.04708756596489751,0.031072256099236036,0.02213468543471997,0.05500724713217779,0.09735286130244987,0.13375677939724365
2023-07-24,风险平价策略,-1.0,0.0,0.0,0.0,0.048136104345119855,0.3875647654348541,0.25613479298262526,0.05577606825767566,0.04718303748911664,0.030369051340933772,0.022276441560753413,0.05518864028690553,0.09737109830201575,0.1338350508388712
2023-07-25,风险平价策略,-1.0,0.0,0.0,0.0,0.06259128391105043,0.33119442923913256,0.21406497696862026,0.07186141957484435,0.0614991981989682,0.03938358375788544,0.029056184542158615,0.07327644816168385,0.11707247564565623,0.1612115120684037
2023-07-26,风险平价策略,-1.0,0.0,0.0,0.0,0.06247731900367232,0.3313247488008903,0.21410519311084888,0.07190917464448744,0.061262260872238565,0.039412456691526127,0.02907239550304703,0.07331235014779282,0.11712410122549646,0.16110176512279975
2023-07-27,风险平价策略,-1.0,0.0,0.0,0.0,0.062483499872301514,0.3313363271210541,0.21411134373603904,0.07185676706767076,0.06127380730617046,0.0394157221697037,0.029076366846061078,0.07331819221782808,0.11712797366317126,0.1611056749105392
2023-07-28,风险平价策略,-1.0,0.0,0.0,0.0,0.06465740101977838,0.33183630597958175,0.21516836860242583,0.07420442810375331,0.06254083829903267,0.04063825365890072,0.03004554343868001,0.07069301322891686,0.11021584766893036,0.1621645758132854
2023-07-31,风险平价策略,-1.0,0.0,0.0,0.0,0.06557461773270487,0.3311254636431531,0.21409942116884131,0.07519683153145332,0.06319007961593541,0.03939522554290979,0.03052662806587149,0.06979463170255128,0.11109710099657955,0.16334583088955545
2023-08-01,风险平价策略,-1.0,0.0,0.0,0.0,0.06557536153775188,0.33112626692033076,0.21410097086443147,0.07519338621554476,0.06319109093227966,0.039399096921833666,0.030526303433998557,0.06979720674009969,0.1110903164337295,0.16334527215088213
2023-08-02,风险平价策略,-1.0,0.0,0.0,0.0,0.06205860048163187,0.3360940382749567,0.21728494897374395,0.06609545224239738,0.06440044153397907,0.03864575062923698,0.031626450778054156,0.07160586425137794,0.11218845283462202,0.15961631289373415
2023-08-03,风险平价策略,-1.0,0.0,0.0,0.0,0.06649896450392871,0.3490328663163254,0.22542262766836027,0.06313319299807457,0.06560940776385979,0.033393926357167765,0.027860915566225063,0.06326458052046122,0.10578351830559708,0.15953097472230204
2023-08-04,风险平价策略,-1.0,0.0,0.0,0.0,0.06650959818614952,0.3490581226031513,0.22545796259880263,0.0631399035800274,0.06561704047516524,0.03339819445221705,0.027863164796701787,0.0632744183053926,0.10568159500239249,0.15952048720219167
2023-08-07,风险平价策略,-1.0,0.0,0.0,0.0,0.06348330348087994,0.3520587643779761,0.22729495740022124,0.06229047811080373,0.06648883666692193,0.03304309593660514,0.028394044994664632,0.05982704665234862,0.10711947237957863,0.1567285998633794
2023-08-08,风险平价策略,-1.0,0.0,0.0,0.0,0.06380021671944691,0.3535906384036905,0.22616098865126635,0.06159512111272232,0.06662652105313574,0.033264548781034686,0.027988062724427883,0.05935029547655882,0.1076236070777169,0.15692479661694597
2023-08-09,风险平价策略,-1.0,0.0,0.0,0.0,0.06278624729820785,0.35355708842057587,0.2267135197131319,0.0614968208556777,0.0668812362738797,0.03337239035513978,0.028060640626894683,0.05953014804282706,0.10760190841366546,0.15602150459748193
2023-08-10,风险平价策略,-1.0,0.0,0.0,0.0,0.06311241108556939,0.3543590760574296,0.22608897155559296,0.061793765498459274,0.06693006863803001,0.0335413148358724,0.028206830847735866,0.059874268458287666,0.10609329302302282,0.15608963636602063
2023-08-11,风险平价策略,-1.0,0.0,0.0,0.0,0.060592161377813085,0.35589617565749465,0.22705138404220152,0.060743408441242354,0.06614168917117487,0.033894136705656226,0.02844752036557316,0.06039430426447006,0.10683921997437398,0.15377520149349808
2023-08-14,风险平价策略,-1.0,0.0,0.0,0.0,0.060854647099592915,0.35801145796785117,0.22841274731538033,0.06036724652316365,0.06211558231703149,0.032052537955767624,0.028985803361667263,0.06120603313635663,0.10799394432318885,0.1537423007754227
2023-08-15,风险平价策略,-1.0,0.0,0.0,0.0,0.06085810795392294,0.3579950218226608,0.22842082069125041,0.06036815519554904,0.062111646650012495,0.03205095952659807,0.028987016807683667,0.06120840039482881,0.10799987095749379,0.1537473572467483
2023-08-16,风险平价策略,-1.0,0.0,0.0,0.0,0.059758878734268675,0.361089578898149,0.23039765516493882,0.055103252064240396,0.06326934984970431,0.03168336355220073,0.028215305814962746,0.060715482478330585,0.10976713344320478,0.152288497022143
2023-08-17,风险平价策略,-1.0,0.0,0.0,0.0,0.06051518893065351,0.36303422793904566,0.2211622753726556,0.05609623654994421,0.06447337012466388,0.0322124944516358,0.028617116838937518,0.06194766741178669,0.11194142238067703,0.15397069194105967
2023-08-18,风险平价策略,-1.0,0.0,0.0,0.0,0.060328708397199136,0.36436462521333457,0.22194823612848755,0.05632923192555569,0.06393816477025552,0.032330105874300095,0.028715499316153803,0.06217915860493991,0.10986626976977373,0.15330894323926575
2023-08-21,风险平价策略,-1.0,0.0,0.0,0.0,0.05956317516456875,0.3645739877856265,0.22206362221472098,0.0564250621683273,0.06404898402842082,0.03237091579148757,0.02873868640713408,0.06225882340446317,0.10995674303525069,0.15263752378871137
2023-08-22,风险平价策略,-1.0,0.0,0.0,0.0,0.06191086871566262,0.3612630670604632,0.22859672059620545,0.05871087346518504,0.06641091360606968,0.033953406720337545,0.027322602557953015,0.04972503577753519,0.11210651150058826,0.15476115718563188
2023-08-23,风险平价策略,-1.0,0.0,0.0,0.0,0.06149144126792881,0.360873484850432,0.2290317529873401,0.05891949883684664,0.06661444568643406,0.03384369309450437,0.02699565730505262,0.049882766705728034,0.11234725926573333,0.1543843275921141
2023-08-24,风险平价策略,-1.0,0.0,0.0,0.0,0.06066055076334529,0.3618505059725151,0.2296085422574252,0.05917696355583392,0.06529255381136338,0.03411300590107617,0.026236386919714198,0.05020169655560832,0.11285979426311843,0.15342418106767475
2023-08-25,风险平价策略,-1.0,0.0,0.0,0.0,0.062137762629339975,0.35589241763334356,0.22658968946242056,0.0610207232879222,0.06745223004968826,0.03519362740305272,0.0270884447108796,0.051961313544960426,0.11266379127839277,0.15587228136210754
2023-08-28,风险平价策略,-1.0,0.0,0.0,0.0,0.06246751908095494,0.3547379848784112,0.22608663870147222,0.06127425143799511,0.0678328895078416,0.034765305306878366,0.027249784768444738,0.05224293180679659,0.1133426945112053,0.15645501181541538
2023-08-29,风险平价策略,-1.0,0.0,0.0,0.0,0.06409251204034928,0.34884081503337744,0.22153885036360366,0.0628817056595245,0.06964213186425552,0.03466141600377897,0.02754292464707085,0.05371936414627498,0.11708028024176487,0.15956646135258373
2023-08-30,风险平价策略,-1.0,0.0,0.0,0.0,0.06234480736145812,0.3493982209334396,0.22186094355468783,0.06314674569948639,0.06991820513186082,0.0347706110736429,0.02761866159710396,0.053586211580955084,0.11735559306736515,0.15803795135352303
2023-08-31,风险平价策略,-1.0,0.0,0.0,0.0,0.0616562192223195,0.34961051603527976,0.2220083494882086,0.06329275053488075,0.07006747349407746,0.034621372852468336,0.02760912012537188,0.053666697259678584,0.11746750098771518,0.15742265818760234
2023-09-01,风险平价策略,-1.0,0.0,0.0,0.0,0.06698859671703282,0.3299257850592479,0.20933626341750297,0.06850505171047926,0.07606249390210594,0.037735206897225045,0.030185145582780806,0.05459560410813135,0.1266658526054937,0.16747246083501624
2023-09-04,风险平价策略,-1.0,0.0,0.0,0.0,0.07838421820413356,0.3423647424160531,0.17540537829462188,0.07147528140124575,0.06065671851831885,0.03745395767077281,0.03566628646277585,0.04889508851463437,0.14969832851744377,0.1829070036303027
2023-09-05,风险平价策略,-1.0,0.0,0.0,0.0,0.07496302968457155,0.3438821972016127,0.1728812360959256,0.0708177230498737,0.061783440793114305,0.03775560649871763,0.03622984820140172,0.04965396318979383,0.15203295528498909,0.1804565798579869
2023-09-06,风险平价策略,-1.0,0.0,0.0,0.0,0.0752272209748458,0.33349583076062417,0.16995276291556585,0.07349280496542465,0.0642986495709449,0.03922116549737487,0.037527528217774435,0.051771894016104096,0.1550121430813412,0.18291904106456944
2023-09-07,风险平价策略,-1.0,0.0,0.0,0.0,0.0760763074285065,0.3322082416746765,0.16647664407927049,0.07291399941938845,0.06561528515051106,0.0383813918259376,0.03821927652554932,0.05274801484693499,0.1573608390492251,0.1845433131679906
2023-09-08,风险平价策略,-1.0,0.0,0.0,0.0,0.07484580849277644,0.3388373233751268,0.17073107037462065,0.06991300839218889,0.06085604349104599,0.03751006280627087,0.03927363966443304,0.04710534227977673,0.1609277011237606,0.1829040695779118
2023-09-11,风险平价策略,-1.0,0.0,0.0,0.0,0.07494372016856035,0.33963359688522193,0.16995175695210604,0.07001308519171508,0.06093019775330885,0.03757207623752301,0.039047611526735485,0.047183075325180436,0.16072487995964885,0.18290232803940942
2023-09-12,风险平价策略,-1.0,0.0,0.0,0.0,0.07460175453247458,0.3400101695917482,0.1701688034338373,0.07015814533171852,0.06108694541257803,0.03764755275173781,0.03913346176478434,0.04627335455285887,0.1609198126282623,0.18260553882335911
2023-09-13,风险平价策略,-1.0,0.0,0.0,0.0,0.0751108412927977,0.3416697470535894,0.1712207205206067,0.07000059794190913,0.05957847492173871,0.03732539797441417,0.03945639436495274,0.043980156393598015,0.1616576695363934,0.18289920430714462
2023-09-14,风险平价策略,-1.0,0.0,0.0,0.0,0.07511044671275113,0.34169055398374343,0.17122982233425632,0.07000509538594396,0.05959924574821144,0.03733054459888542,0.039461061012849435,0.04390152781725658,0.1616717024061023,0.18289990365639675
2023-09-15,风险平价策略,-1.0,0.0,0.0,0.0,0.08090671135391259,0.33380803588914926,0.15728662960266449,0.07528046327110208,0.06450387103707887,0.04033657131777826,0.04244726334603602,0.04764740716786506,0.15778304701441326,0.1902954947111955
2023-09-18,风险平价策略,-1.0,0.0,0.0,0.0,0.08580197221525819,0.33769160823057914,0.15897829925556914,0.07507243894755118,0.06329407297926071,0.03969102427582975,0.0448441529314045,0.04742080247636428,0.1472056286881831,0.19281170271165016
2023-09-19,风险平价策略,-1.0,0.0,0.0,0.0,0.0871421574944634,0.3406797808549151,0.16044704884922903,0.07046123292934768,0.06458984379278455,0.04047592396610159,0.04412167175108106,0.04320827722462715,0.14887406313745036,0.19359133248610974
2023-09-20,风险平价策略,-1.0,0.0,0.0,0.0,0.08752029582755186,0.34084635179996337,0.15982729840519294,0.07063136418566271,0.06488263450747778,0.040295548718529,0.04303781482660683,0.04342676450023145,0.14953192722878406,0.19385182236946683
2023-09-21,风险平价策略,-1.0,0.0,0.0,0.0,0.0819222267174771,0.3464671618790447,0.16247281486006512,0.07048061531193674,0.06678075948001058,0.03838677525194204,0.04233199960158096,0.041997295158635296,0.1491603517393074,0.18796590499713278
2023-09-22,风险平价策略,-1.0,0.0,0.0,0.0,0.08581853969726945,0.3338117292884854,0.15426210484272385,0.07086820085733576,0.07027898235680523,0.04035170696732019,0.04429477814135332,0.04417822768337056,0.15613573016533625,0.19495578072069014
2023-09-25,风险平价策略,-1.0,0.0,0.0,0.0,0.08766546380533842,0.3350154462960596,0.15089776116994172,0.06955998372039776,0.06883015348593868,0.04024224561836914,0.04417437542943441,0.04406602239895114,0.1595485480755692,0.19710731823981562
2023-09-26,风险平价策略,-1.0,0.0,0.0,0.0,0.08783875779592694,0.33990818015226676,0.1531661467742483,0.0669254202932974,0.07047376230346673,0.03788533263803745,0.0420559582050585,0.04508705935718287,0.156659382480515,0.19560299683899135
2023-09-27,风险平价策略,-1.0,0.0,0.0,0.0,0.08729519955401101,0.3471478798149152,0.1561417093940441,0.06687954161008472,0.07172853545530407,0.03856979930367359,0.0428405184780817,0.045812741011045995,0.14358407537883958,0.19238330358167002
2023-09-28,风险平价策略,-1.0,0.0,0.0,0.0,0.08890497339543973,0.3601717789617069,0.1614391973195708,0.06880654556802461,0.0736549411715118,0.039606687403772926,0.04404225152583098,0.04637133442888438,0.1170022902252578,0.18839063769952125
2023-10-09,风险平价策略,-1.0,0.0,0.0,0.0,0.0949206934475768,0.40037128788477033,0.17981342910675613,0.08490769460346186,0.06153285746098508,0.02868688717138154,0.021036602874411628,0.03483415947482663,0.09389638797583008,0.17977904853425183
2023-10-10,风险平价策略,-1.0,0.0,0.0,0.0,0.08214191319450036,0.413015153546992,0.19100255403871386,0.07465245218107541,0.06303841271599553,0.030922807956336937,0.024202974177818293,0.033882456646572114,0.0871412755419956,0.1658540637239345
2023-10-11,风险平价策略,-1.0,0.0,0.0,0.0,0.08440399306163326,0.4031007391038608,0.190262680884732,0.07681204704078996,0.06485403340000297,0.03152859491736332,0.024835461724615315,0.034645158996356194,0.08955729087064628,0.16954833945512918
2023-10-12,风险平价策略,-1.0,0.0,0.0,0.0,0.08453005900079344,0.40322951216545583,0.1903397825502517,0.07692397109080283,0.06500839956482678,0.031059437551189735,0.02436995530724623,0.03476509553578552,0.08977378723364787,0.16957157816443774
2023-10-13,风险平价策略,-1.0,0.0,0.0,0.0,0.08474636359396187,0.4048051580203434,0.19123743068414625,0.07505158126744005,0.06324521465525015,0.031152985694079437,0.0245071456963172,0.03501275580549715,0.09024136458296442,0.16951338595506787
2023-10-16,风险平价策略,-1.0,0.0,0.0,0.0,0.08475240437364623,0.40480350968535794,0.1912254894950018,0.07504539743112763,0.0632493952227022,0.031152602750048584,0.024506864399236584,0.035012790017159796,0.09025154662571927,0.1695211682478392
2023-10-17,风险平价策略,-1.0,0.0,0.0,0.0,0.0895276529643852,0.3962619682414545,0.19337021536140578,0.07082550752129882,0.06081055128836445,0.03213565893129003,0.025148701406380963,0.03693890965727501,0.09498083462814529,0.17507182076772562
2023-10-18,风险平价策略,-1.0,0.0,0.0,0.0,0.08826962082669368,0.39619031283700057,0.19205819831706888,0.07147563558014186,0.061310144550250564,0.03236846282416113,0.02531427821582224,0.03723447104089809,0.09577887580796295,0.1742847875550518
2023-10-19,风险平价策略,-1.0,0.0,0.0,0.0,0.0743151376139685,0.3740471459493089,0.19150798918779094,0.0778962787148344,0.06903249432590632,0.035398943073361375,0.027954269799979933,0.04176355912004868,0.10808418221480108,0.16740633977282493
2023-10-20,风险平价策略,-1.0,0.0,0.0,0.0,0.07440552205295822,0.37434238156597294,0.1916757172253588,0.07733011274217497,0.06884360712606882,0.035413172575633305,0.02798163740373661,0.04181577035163155,0.10819207895646481,0.16743985819287013
2023-10-23,风险平价策略,-1.0,0.0,0.0,0.0,0.06296992888166723,0.3848110977859943,0.19657262862258318,0.07491893307883478,0.06837010666053141,0.03425041875299395,0.02729890763518967,0.04154468775389699,0.10926329082830848,0.1558978365869475
2023-10-24,风险平价策略,-1.0,0.0,0.0,0.0,0.06438855966102632,0.3833998141863956,0.19170495568674986,0.07657510593468696,0.06996006641638607,0.03507363058729326,0.027137072567234036,0.04148794524321411,0.11027284971701379,0.15792064159993183
2023-10-25,风险平价策略,-1.0,0.0,0.0,0.0,0.0645101248557435,0.38392752134308844,0.19194513649749398,0.07670930719634089,0.07015653232101193,0.03522816080622496,0.026540061060760546,0.04165148022496227,0.10933167569437353,0.15771327253714318
2023-10-26,风险平价策略,-1.0,0.0,0.0,0.0,0.06492121676108067,0.38366846446488645,0.1916186765640876,0.07578392383865211,0.07009246680325903,0.03543290593521826,0.02666545267155322,0.04189008809146271,0.10992680486979997,0.1582158403829313
2023-10-27,风险平价策略,-1.0,0.0,0.0,0.0,0.06504637656912955,0.3849884973208853,0.19021894445764242,0.07596784391067127,0.0694470996597186,0.035494461594938284,0.026714517724971566,0.041980768936444014,0.11014148982559899,0.15832824845233204
2023-10-30,风险平价策略,-1.0,0.0,0.0,0.0,0.061646410029697694,0.3864647300436469,0.19080217531043572,0.07642744620404418,0.06969412093215359,0.035675265247668515,0.0266232790291636,0.04214200619472039,0.11052456700846952,0.15523717173722343
2023-10-31,风险平价策略,-1.0,0.0,0.0,0.0,0.06182753453239024,0.38708027920366517,0.19109259448993238,0.07662943829559819,0.07010632609489849,0.03595685137816553,0.025916277246259868,0.04024054344515006,0.11115015531394021,0.15529608112832202
2023-11-01,风险平价策略,-1.0,0.0,0.0,0.0,0.062012764888711935,0.3879123850200902,0.1915212158579218,0.07673332451678504,0.07038502927282217,0.03583781284201127,0.025687383367475683,0.04041359316940966,0.10949649106477219,0.15505074738434105
2023-11-02,风险平价策略,-1.0,0.0,0.0,0.0,0.06202610639502472,0.38799919114597087,0.19152944359808713,0.0767497740002813,0.07030328835687988,0.03576788388877055,0.025696746416710027,0.04042699710501467,0.10950056909326088,0.1550502164149273
2023-11-03,风险平价策略,-1.0,0.0,0.0,0.0,0.06133818893026525,0.3873840617633174,0.19201877253470276,0.07710309999330975,0.07045521830314304,0.03590954370797457,0.025789206488455813,0.040582701493168435,0.10941920678566314,0.1545033576292749
2023-11-06,风险平价策略,-1.0,0.0,0.0,0.0,0.06124956338425158,0.39004649231614225,0.19331213326497027,0.07666108053853163,0.07127465935408782,0.035157297771722364,0.02517429354630907,0.04111744053229935,0.10600703929168574,0.1533958035651054
2023-11-07,风险平价策略,-1.0,0.0,0.0,0.0,0.06296626058187418,0.38986458194581397,0.19547440416961975,0.07674084622577804,0.07128119990153359,0.03523166527648193,0.023205373972122537,0.04164024077227903,0.10359542715449688,0.15400517639110692
2023-11-08,风险平价策略,-1.0,0.0,0.0,0.0,0.0631559601739955,0.39090547055142955,0.19594707416999127,0.07698102473851245,0.07158213951183684,0.03546064261724573,0.022603082336573037,0.041882282623519555,0.10148232327689616,0.1536170997775603
2023-11-09,风险平价策略,-1.0,0.0,0.0,0.0,0.06484332893905975,0.3929350248685525,0.20042450041113355,0.07495880457190085,0.06958768475541775,0.03605006560387265,0.02188972640580681,0.04270956675541176,0.0966012976888444,0.1535491985072977
2023-11-10,风险平价策略,-1.0,0.0,0.0,0.0,0.06352478228382853,0.39484207778666147,0.20138894173498795,0.07557221299717311,0.06908301208400798,0.036379075020093375,0.022088753345041692,0.03989331722323523,0.09722782752497061,0.15227288409807502
2023-11-13,风险平价策略,-1.0,0.0,0.0,0.0,0.06394098603099982,0.397159535471488,0.20262793624153153,0.07622410119684862,0.06545161304726277,0.036199000930349584,0.022198039775085072,0.04028484169161655,0.09591394561481806,0.15201962258716728
2023-11-14,风险平价策略,-1.0,0.0,0.0,0.0,0.06460792639103578,0.39428037811977795,0.2014604063011298,0.0770193691620794,0.06610476560610941,0.03654235997087857,0.02239731853404017,0.040674123311108215,0.09691335260384067,0.1532405356074586
2023-11-15,风险平价策略,-1.0,0.0,0.0,0.0,0.06459991113116245,0.39427264918836724,0.20151662273828141,0.07701857389115489,0.06608644677039448,0.03652817025872315,0.022386993557839786,0.040667725065568545,0.09692290739850822,0.1532282070162315
2023-11-16,风险平价策略,-1.0,0.0,0.0,0.0,0.06449109540172704,0.3952031349992012,0.20193047187448004,0.07728791956757758,0.0659204382052079,0.036764084211320706,0.021797221595151597,0.040574010259657234,0.09603162388567667,0.1527695158621947
2023-11-17,风险平价策略,-1.0,0.0,0.0,0.0,0.06414808528878191,0.398060092711931,0.20343794922362,0.07863920560898112,0.06396748432877664,0.037209329039521885,0.01951546270684959,0.03670772605556549,0.09831466503597237,0.1519592000580088
2023-11-20,风险平价策略,-1.0,0.0,0.0,0.0,0.06498276936620609,0.4030405113732138,0.20435121260944195,0.07980588780036392,0.06502405299480414,0.037844584535880584,0.01992835521643241,0.03559443628068682,0.0894281898229702,0.15092695621551444
2023-11-21,风险平价策略,-1.0,0.0,0.0,0.0,0.06719860552093226,0.39636933830929466,0.20690240046074865,0.08278667166659096,0.06606367771777844,0.032913234523160424,0.020743802210207402,0.03683089324856969,0.09019137634271748,0.15354388297767976
2023-11-22,风险平价策略,-1.0,0.0,0.0,0.0,0.06780813952429676,0.3936133178458132,0.2038144676140195,0.08468585480199954,0.06547272691032915,0.03333454282309491,0.021833513903037505,0.036986301924528064,0.09245113465288139,0.15521270260700923
2023-11-23,风险平价策略,-1.0,0.0,0.0,0.0,0.07601103974149956,0.36917239339888364,0.19207967579300825,0.09190857251185765,0.07147799588957285,0.037261582553741075,0.02229491372081452,0.03847295087327666,0.10132087551734588,0.1678263544935304
2023-11-24,风险平价策略,-1.0,0.0,0.0,0.0,0.07602510517475103,0.36915149571877265,0.19206494396023516,0.09192206669672881,0.07148607784677606,0.03725453029373491,0.022296126558894912,0.038477070823875345,0.10132258292623114,0.16784281596792272
2023-11-27,风险平价策略,-1.0,0.0,0.0,0.0,0.07316414657087374,0.36432903879766637,0.1904317974410136,0.09648484280951201,0.07524498744474735,0.035718932348328354,0.02180368188869741,0.03646911497692861,0.10635345772223259,0.1668400850663724
2023-11-28,风险平价策略,-1.0,0.0,0.0,0.0,0.07368828672577987,0.36628398286995373,0.19147273510287705,0.09365850078143581,0.07396615575318653,0.035335936452298426,0.02193337572772127,0.03663876031254249,0.10702226627420476,0.16699403092538154
2023-11-29,风险平价策略,-1.0,0.0,0.0,0.0,0.07069901222474119,0.3704700108724264,0.19375739654226729,0.09567223641096091,0.06664222745588952,0.03529524612619149,0.02229056784725596,0.03668615878545282,0.1084871437348144,0.16389772098279265
2023-11-30,风险平价策略,-1.0,0.0,0.0,0.0,0.0706918176164815,0.3705207931523926,0.19374937553474514,0.09566332550424379,0.06663963821213913,0.035292424221142614,0.02228899731968491,0.036682033352448525,0.10847159508672177,0.16388368263664366
2023-12-01,风险平价策略,0.0,0.0,0.0,0.0,0.07117641373559616,0.37230295790991624,0.19416232918498297,0.09636730152737916,0.06559160463575305,0.03371496216108797,0.02092176396490844,0.03623242870089311,0.10953023817948276,0.1639107195862213
2023-12-04,风险平价策略,0.0,0.0,0.0,0.0,0.07030343643474721,0.36889342246594936,0.19439366252491597,0.09788647190966338,0.06669196422596001,0.03398674360699624,0.020085025277108166,0.03639837356040645,0.1113608999942532,0.1636957999674492
2023-12-05,风险平价策略,0.0,0.0,0.0,0.0,0.06331104397777369,0.3914557894360827,0.2061146914804007,0.08750186311343768,0.06435518308020845,0.036528714749654405,0.021415346019724855,0.039052586020878674,0.0902647821218388,0.15111406808926148
2023-12-06,风险平价策略,0.0,0.0,0.0,0.0,0.06303514852833622,0.39183384574360486,0.20510825086645618,0.08796426300117263,0.06465486785942591,0.036697867680138385,0.021473629233850735,0.03924251232475908,0.089989614762256,0.15091428574905105
2023-12-07,风险平价策略,0.0,0.0,0.0,0.0,0.06341426361211122,0.3955449193804316,0.2069328936617319,0.08204933308188007,0.06456219088356797,0.036460964789113266,0.020087747596905525,0.03956732358044908,0.09138036341380927,0.1504640721806643
2023-12-08,风险平价策略,0.0,0.0,0.0,0.0,0.06339576836794819,0.395530366414808,0.20693705686767822,0.0820643456913523,0.06456012643936856,0.03646177106569508,0.020090849777002526,0.039569105151276894,0.09139061022487019,0.15045172345505625
2023-12-11,风险平价策略,0.0,0.0,0.0,0.0,0.0639114547667055,0.39741995769904376,0.2080247231638191,0.08281170510713441,0.06329177010587007,0.03655482409061148,0.02023158437861684,0.03985068260427105,0.08790329808392779,0.15010668520006962
2023-12-12,风险平价策略,0.0,0.0,0.0,0.0,0.06445186481965695,0.39801443104787076,0.2069931987245152,0.08239601425234533,0.06384326193801296,0.03683648385424246,0.020314669951981588,0.04016638371753291,0.08698369169384182,0.15049012991994712
2023-12-13,风险平价策略,0.0,0.0,0.0,0.0,0.061266446832560266,0.410235480432984,0.21266619936767925,0.07828497151605679,0.061965380863746984,0.03063682119979879,0.016543538399308413,0.0407985438009007,0.08760261758696497,0.14493043570274922
2023-12-14,风险平价策略,0.0,0.0,0.0,0.0,0.06252935161162915,0.40280888613122323,0.21346517434517592,0.08035803308799995,0.06369581765513645,0.030929005927014162,0.017044001565883857,0.03924872045648622,0.0899210092194511,0.1473136763505351
2023-12-15,风险平价策略,0.0,0.0,0.0,0.0,0.06186221895981052,0.4033059977036773,0.2137170250697348,0.08047836548664725,0.063775690385387,0.03096433536506816,0.017061673761417123,0.039212672924124066,0.08962202034413384,0.14662685488762334
2023-12-18,风险平价策略,0.0,0.0,0.0,0.0,0.061988524920556495,0.4011493849669082,0.21510415300435679,0.08090077484150765,0.06412646735742542,0.031126497464806474,0.01715781033018129,0.03881348556392779,0.08963290155032981,0.14690179537885442
2023-12-19,风险平价策略,0.0,0.0,0.0,0.0,0.06194147634776527,0.401245146532022,0.21519147459729995,0.08063072004544607,0.06416532016105857,0.031145344311787282,0.017164828544098235,0.03882285153771121,0.08969283792281144,0.14684796415937648
2023-12-20,风险平价策略,0.0,0.0,0.0,0.0,0.06163543363316396,0.3993392527195476,0.21648055701126737,0.08099709715497157,0.06446587241499037,0.03129049940450158,0.017248010013232257,0.03847012146495371,0.09007315618337158,0.14677736555769755
2023-12-21,风险平价策略,0.0,0.0,0.0,0.0,0.06151319863035285,0.3993843048551912,0.21652999171691292,0.08102063872665816,0.06439830758005383,0.031302192345980286,0.01725331923712837,0.03848464233324369,0.09011340457447876,0.14666852888552567
2023-12-22,风险平价策略,0.0,0.0,0.0,0.0,0.06152968003684727,0.39960898872212935,0.21660263168287686,0.08102716744259933,0.06441629763216816,0.0313190733797752,0.017265296512812982,0.038079639077829595,0.09015122551296133,0.1466628243334161
2023-12-25,风险平价策略,0.0,0.0,0.0,0.0,0.06141234973388253,0.40000979679066256,0.2168028328616824,0.08125330037826131,0.06386206070463232,0.03122007775721235,0.01691454718195573,0.038192525054413826,0.090332509537297,0.1464493933144651
2023-12-26,风险平价策略,0.0,0.0,0.0,0.0,0.06173549295838588,0.4068437131166514,0.2065790575296201,0.08212969606382384,0.06453029140057212,0.031400882992821316,0.01708473552778665,0.03842698953629509,0.09126914087404357,0.14705727021920845
2023-12-27,风险平价策略,0.0,0.0,0.0,0.0,0.0617320294303387,0.40681965074571647,0.20666518565798372,0.08206720667549644,0.06452294388485003,0.03140571187412016,0.017084611745309744,0.03842601255031808,0.09127664743586665,0.1470490937622198
2023-12-28,风险平价策略,0.0,0.0,0.0,0.0,0.06230005079394705,0.39852357694083235,0.20763795893761325,0.08395344235752267,0.06596711011710824,0.032180133782595474,0.01692500072787349,0.03922029595476151,0.09329243038774584,0.14873946851893804
2023-12-29,风险平价策略,0.0,0.0,0.0,0.0,0.06424309031807664,0.40828629459114407,0.20851554697035196,0.07828340202410171,0.06768671215621368,0.031495619691069184,0.015470183992308458,0.036394418712717064,0.08962473154401719,0.1483621567902218
2024-01-02,风险平价策略,0.0,0.0,0.0,0.0,0.06578667200343988,0.3987581307696383,0.21182518465031705,0.08003220724848065,0.06923063824336487,0.03226592945973594,0.01586808545717106,0.03456109511426077,0.09167205705359141,0.15095305347820132
2024-01-03,风险平价策略,0.0,0.0,0.0,0.0,0.06850230563285326,0.4073429460823892,0.21685899801619937,0.07695921513344897,0.0545495240706696,0.03148603342628767,0.014973033813292128,0.035644617827083794,0.09368332599777603,0.1515793555580025
2024-01-04,风险平价策略,0.0,0.0,0.0,0.0,0.06902677481552168,0.4091307478964101,0.21793985434111077,0.07606152770749039,0.05346088249915875,0.03172945512366031,0.015087194173901768,0.035858077358842506,0.0917054860839038,0.15143661752986476
2024-01-05,风险平价策略,0.0,0.0,0.0,0.0,0.06912767952762222,0.41004953498178837,0.21820574442748536,0.07620580780364374,0.05333919933033498,0.03183378285311092,0.014918130433973237,0.03447182749376293,0.09184829314827829,0.1514008107445852
2024-01-08,风险平价策略,0.0,0.0,0.0,0.0,0.061078848863036175,0.41494959153652733,0.22422350026333088,0.07731944007486513,0.05336810900118058,0.028700158536262937,0.015388859743415029,0.03212966031131903,0.09284183167006292,0.14354980229392983
2024-01-09,风险平价策略,0.0,0.0,0.0,0.0,0.06156811170866983,0.4166381095103979,0.22516063460585398,0.07758836031084543,0.05128004587892608,0.028009045110245875,0.015070690987698657,0.0323994044530436,0.09228559743431858,0.14349708981239617
2024-01-10,风险平价策略,0.0,0.0,0.0,0.0,0.06222853561269858,0.40590803715120194,0.22636420339248617,0.07598918199764768,0.05486448535166067,0.02999101280629671,0.016107873650900727,0.033580609611536125,0.09496606042557144,0.14584000140101067
2024-01-11,风险平价策略,0.0,0.0,0.0,0.0,0.06010839789490218,0.40898747433776905,0.2241153597462182,0.07645036239296644,0.055129144461039684,0.030048443659877567,0.016130613611932475,0.033534253626738016,0.09549595026855637,0.1439599246619676
2024-01-12,风险平价策略,0.0,0.0,0.0,0.0,0.06650962624671981,0.39164087459460956,0.2102685966354274,0.08356640407053507,0.05929845181876779,0.0330260711545898,0.017731036917184365,0.032991725545043274,0.10496721301712292,0.15464056276107419
2024-01-15,风险平价策略,0.0,0.0,0.0,0.0,0.06734074920725741,0.39478032708229327,0.21191319569428052,0.07879790049404328,0.05713421713242743,0.033287763602285546,0.01706420249005433,0.033115523248327346,0.10656612104903103,0.15481805251448127
2024-01-16,风险平价策略,0.0,0.0,0.0,0.0,0.06758087649510162,0.3931713316822985,0.21281441195888604,0.07911147141802559,0.05679957663192761,0.03341155260475492,0.017126911399363044,0.03323690886814696,0.10674695894149573,0.15516717032017832
2024-01-17,风险平价策略,0.0,0.0,0.0,0.0,0.05994238788693573,0.40315873430487015,0.21790142719724098,0.08030344419435656,0.05850503560974283,0.03401599590705761,0.01724548331531106,0.032378976915977506,0.09654851466850745,0.14566990944443395
2024-01-18,风险平价策略,0.0,0.0,0.0,0.0,0.058769500132453814,0.3974525966928609,0.22249717188814858,0.0817601765088657,0.058775847984479226,0.03462401944682224,0.017530921647056073,0.03207039617892391,0.09651936952038966,0.1450069907651049
2024-01-19,风险平价策略,0.0,0.0,0.0,0.0,0.057431015099453135,0.3987764634740511,0.223207900125902,0.08152848297513601,0.057263237692751066,0.034839012239903135,0.017625156517736877,0.03221491042680593,0.0971138214482608,0.14370998752691858
2024-01-22,风险平价策略,0.0,0.0,0.0,0.0,0.04784210530322569,0.40404574350286715,0.22563848368712805,0.08319652280228322,0.05820550111205875,0.03554889945616223,0.017324876112556686,0.032865894894267805,0.09533197312945035,0.13440228897751513
2024-01-23,风险平价策略,0.0,0.0,0.0,0.0,0.04840175155888076,0.3997464012132626,0.2257303588160617,0.08420907321387512,0.058641683155300176,0.035961998979051446,0.017522987071964657,0.033324206648365134,0.09646153934323846,0.13560032411894513
2024-01-24,风险平价策略,0.0,0.0,0.0,0.0,0.04841369699878819,0.39986119808208365,0.22571731388821714,0.08421823782911285,0.05865650560296483,0.035968157725050874,0.01751662875930775,0.033330200467384635,0.09631806064709021,0.13557794265256595
2024-01-25,风险平价策略,0.0,0.0,0.0,0.0,0.04916352622372443,0.40703994582735076,0.22157143751072414,0.0857823032230926,0.05606041513353389,0.03617735234589441,0.017817234532061202,0.032833714431515865,0.09355407077210275,0.1354281193233521
2024-01-26,风险平价策略,0.0,0.0,0.0,0.0,0.04943275030831265,0.40434394738505874,0.22332701623008144,0.0861310179088008,0.05633176671084057,0.03637626501916025,0.017916814795297026,0.03209599560029319,0.09404442604215543,0.13592400985117975
2024-01-29,风险平价策略,0.0,0.0,0.0,0.0,0.04954699532490235,0.4059000799030332,0.22390990396333044,0.08554673830157371,0.055818134229813965,0.036290867879526297,0.017994531826380295,0.03065893568808705,0.09433381288335269,0.13583519909641797
2024-01-30,风险平价策略,0.0,0.0,0.0,0.0,0.04822067959295345,0.406781324733842,0.22447129820159661,0.08603053831854314,0.055243938902627784,0.03624436630936141,0.01756091645498594,0.030557039279398505,0.0948898982066911,0.13454031611914893
2024-01-31,风险平价策略,0.0,0.0,0.0,0.0,0.04752690055564309,0.4072502292510452,0.22461539728640798,0.08621602257722318,0.055364351177712656,0.035722626225799504,0.01758389581936656,0.03061255996485609,0.09510801714194576,0.13390135666778868
2024-02-01,风险平价策略,0.0,0.0,0.0,0.0,0.045611484800818704,0.41550871086223407,0.2092022060630232,0.08404939851392257,0.05573531801626183,0.033891072954384205,0.017876784074799004,0.03369421007231453,0.10443081464224192,0.13392779623576484
2024-02-02,风险平价策略,0.0,0.0,0.0,0.0,0.04616191346955203,0.4198444010593922,0.21125761440983684,0.07963247255352504,0.0544729169197144,0.03353945892096264,0.017105979551513214,0.032143866197603344,0.10584137691790003,0.13366767614799532
2024-02-05,风险平价策略,0.0,0.0,0.0,0.0,0.046702665543938454,0.42282908064019514,0.21278232032226677,0.07966059698432344,0.055083174317967984,0.03387080380941754,0.016919986019074844,0.03232181536340655,0.09982955699940921,0.13279805611520568
2024-02-06,风险平价策略,0.0,0.0,0.0,0.0,0.058946957279779465,0.3911579596213416,0.1705182233588928,0.08547431034059849,0.0693033813630391,0.042621163634882636,0.021115790380668648,0.041556312024889214,0.11930590199590811,0.15482687197267356
2024-02-07,风险平价策略,0.0,0.0,0.0,0.0,0.058952173263687645,0.39119853188449166,0.170544812006524,0.08550181849811725,0.06931369101339895,0.04263233086626246,0.02112332110147364,0.04136074153651561,0.11937257982952885,0.15483803643472002
2024-02-08,风险平价策略,0.0,0.0,0.0,0.0,0.0603279754348458,0.3837890090286645,0.16700251594103618,0.08633720911220104,0.07132276855220415,0.04388078145031274,0.021718072326167386,0.0426718523544998,0.12294981580006847,0.15788122810494992
2024-02-19,风险平价策略,0.0,0.0,0.0,0.0,0.06097671785141345,0.38653553311021466,0.16823914729126224,0.08732624611469929,0.06961645163146864,0.044324523144743,0.02195107552065747,0.0430786442610839,0.11795166107445738,0.15734909713912448
2024-02-20,风险平价策略,0.0,0.0,0.0,0.0,0.06127852133335411,0.3878850681400983,0.16875346201744632,0.08771056253943149,0.0684877010470835,0.04320803139319437,0.022118634720481298,0.04262179832666828,0.11793622048224224,0.15739134727646303
2024-02-21,风险平价策略,0.0,0.0,0.0,0.0,0.061357786717876665,0.38815828983490736,0.16878359966026277,0.08784540571224446,0.06859639919312102,0.043301358368674554,0.021848621990491864,0.04203687879454142,0.11807165972787986,0.15740926165834979
2024-02-22,风险平价策略,0.0,0.0,0.0,0.0,0.06154760356528216,0.38902200545715326,0.16914653731093712,0.0882007604434349,0.06685720571095834,0.043501484598765565,0.021944971502000962,0.04179599425510504,0.11798343715636264,0.15742624007133643
2024-02-23,风险平价策略,0.0,0.0,0.0,0.0,0.06170907484594882,0.3895991404872546,0.16940094771929953,0.08840639193449816,0.06704877985748738,0.043009799667218705,0.022007359519947846,0.04189216628205443,0.11692633968629049,0.15733130594945174
2024-02-26,风险平价策略,0.0,0.0,0.0,0.0,0.048490406377170274,0.39958470294275306,0.17355834817100194,0.08419131866635304,0.06702597884047064,0.04142844213795323,0.02128087352507106,0.042569033896869675,0.12187089544235713,0.14486324878230883
2024-02-27,风险平价策略,0.0,0.0,0.0,0.0,0.048525721771005635,0.39914164415432674,0.17377250273168496,0.08418763646837184,0.06707439851851286,0.04145820657676703,0.021299263859826723,0.04260428691730836,0.12193633900219579,0.14493920538240945
2024-02-28,风险平价策略,0.0,0.0,0.0,0.0,0.04737703041187449,0.40104411871028534,0.17456747574517847,0.08259285990661551,0.06662288340936372,0.041675984272485166,0.021459717402602285,0.04230215528004418,0.1223577748615508,0.14371751014024242
2024-02-29,风险平价策略,0.0,0.0,0.0,0.0,0.04737694364451768,0.4010044385822993,0.17457042238386694,0.0826101937216954,0.06662533194400296,0.041673850744993295,0.021457705046306955,0.04229987337235781,0.12238124055995972,0.14372501097144258
2024-03-01,风险平价策略,0.0,0.0,0.0,0.0,0.056431492704731544,0.34875412897316616,0.14622169501072146,0.0996111272296138,0.0791349877443571,0.04685274422462218,0.025460459000673476,0.05125263953853644,0.146280725573578,0.16479456877444498
2024-03-04,风险平价策略,0.0,0.0,0.0,0.0,0.056420314788295574,0.3488093093366272,0.14620118037058705,0.0996064808900819,0.07913047829768155,0.046846042864237054,0.025458555279003817,0.05124628880176223,0.14628134937172374,0.16477988035479602
2024-03-05,风险平价策略,0.0,0.0,0.0,0.0,0.05726212175171282,0.3566290928682869,0.13909782879096477,0.09908677796739218,0.08045397423127694,0.04333442056441758,0.024790760474425015,0.05139522879467969,0.14794979455684412,0.165266477931747
2024-03-06,风险平价策略,0.0,0.0,0.0,0.0,0.05726924866682527,0.35668105405505657,0.1391315781073927,0.09909424330086819,0.08045110602693116,0.04333806631570312,0.024781221671672023,0.05132219776476475,0.14793128409078635,0.16526021727946338
2024-03-07,风险平价策略,0.0,0.0,0.0,0.0,0.05748055147696118,0.35500541497167637,0.13929272447666502,0.0995237636276192,0.08074816534668085,0.043082400917716174,0.024882442574274924,0.05152903020016948,0.14845550640823663,0.16571653721108237
2024-03-08,风险平价策略,0.0,0.0,0.0,0.0,0.05771831493845102,0.35416581748237913,0.13790144082652356,0.10005320162496531,0.081079578145492,0.043263340417847,0.024983907075442353,0.051760325658785286,0.1490740738301142,0.16626797832335946
2024-03-11,风险平价策略,0.0,0.0,0.0,0.0,0.05657299847584176,0.36587545689427736,0.12411938598453372,0.09161113011321212,0.08464547250022439,0.043669250410973096,0.024524003671757763,0.05136418545270166,0.15761811649647817,0.16620878108826825
2024-03-12,风险平价策略,0.0,0.0,0.0,0.0,0.04734068241946693,0.3625666402905313,0.10450577986582114,0.10328487647166983,0.09270465490210113,0.04858792415580494,0.027007747504023075,0.05671737125373081,0.1572843231368509,0.1613037574889021
2024-03-13,风险平价策略,0.0,0.0,0.0,0.0,0.04729361026293627,0.3632671571675244,0.10470147674710417,0.10350325552462741,0.09291386449099717,0.04868104088255034,0.02706224159115009,0.05663681521688779,0.15594053811622244,0.16099893314191882
2024-03-14,风险平价策略,0.0,0.0,0.0,0.0,0.04806662052322483,0.35538218259194904,0.10629413974984929,0.10533961222692295,0.0918302382217921,0.04950122843126076,0.02749071865613265,0.05757694694155199,0.1585183126573163,0.16289542759703754
2024-03-15,风险平价策略,0.0,0.0,0.0,0.0,0.04806625353517386,0.35537440476522236,0.10628678688284787,0.10534955491078248,0.09183116064949752,0.049506452488695195,0.027493415744086633,0.057583620446306494,0.15850835057738757,0.16289606626896588
2024-03-18,风险平价策略,0.0,0.0,0.0,0.0,0.05051349458203179,0.3691775922994506,0.11048671931978359,0.1028335795179666,0.0952160712472306,0.05194446510230876,0.026360465513734013,0.05630645187065316,0.13716116054684108,0.15994608620602657
2024-03-19,风险平价策略,0.0,0.0,0.0,0.0,0.050271548990166615,0.3694722484237798,0.11060073471781723,0.10297474919586119,0.09456339382459666,0.05201789676848817,0.026396925523777464,0.05636426478297558,0.13733823777253723,0.15971661443627427
2024-03-20,风险平价策略,0.0,0.0,0.0,0.0,0.0521957013301882,0.3599254189229984,0.10928525364662864,0.10144345774543848,0.09781769635901455,0.051799447815159536,0.027335445548378304,0.058329521240095605,0.1418680573920983,0.1633990266773652
2024-03-21,风险平价策略,0.0,0.0,0.0,0.0,0.052459358204490394,0.361683552026351,0.10839733178133892,0.1020714560635641,0.09840626582241148,0.04891560803991213,0.027193761415763205,0.05863287510627191,0.14223979153989671,0.16346482151078792
2024-03-22,风险平价策略,0.0,0.0,0.0,0.0,0.061238330795560625,0.35462866442074914,0.10470527334040282,0.0867525623314625,0.10834080168813982,0.0620692107533093,0.03180679103136776,0.05210082518702208,0.1383575404519859,0.17279740687520506
2024-03-25,风险平价策略,0.0,0.0,0.0,0.0,0.06138355826785555,0.3549868299544135,0.1050457279449669,0.08715278229486036,0.10873468597688052,0.062233573750759136,0.031946504929129864,0.04951363499631997,0.13900270188481406,0.17301262852966293
2024-03-26,风险平价策略,0.0,0.0,0.0,0.0,0.06158382028539537,0.35506975778660105,0.10472485108162954,0.08618429191599666,0.10908040289506814,0.06217534180034034,0.032052031763456036,0.049676960830882286,0.13945254164063056,0.1732703327916673
2024-03-27,风险平价策略,0.0,0.0,0.0,0.0,0.06061193506092195,0.3562383102069533,0.10513175559465171,0.08667367140368969,0.10705456579520084,0.06260381024597161,0.03151279399989694,0.04993062034644756,0.14024253734626657,0.17225663147142586
2024-03-28,风险平价策略,0.0,0.0,0.0,0.0,0.06065837359016022,0.3563231045334419,0.10523953826339306,0.08680149858236359,0.10717777772362151,0.06265550756843351,0.03155451371685594,0.04912001606735043,0.14046966995437976,0.17233110267763302
2024-03-29,风险平价策略,-1.0,0.0,0.0,0.0,0.06066048456076841,0.3563146036418307,0.10524864189639999,0.08680725830065197,0.10716767650538642,0.06265397288090076,0.031556309805102566,0.04912016626474787,0.1404708861442113,0.17233343557778266
2024-04-01,风险平价策略,-1.0,0.0,0.0,0.0,0.06333094762504193,0.3365580058885442,0.10248612203626319,0.09095131397895113,0.11121177261015999,0.06519487348746376,0.03270672086849199,0.051226346572224,0.14633389693285972,0.1783974930947026
2024-04-02,风险平价策略,-1.0,0.0,0.0,0.0,0.0633652554010987,0.3367681451302626,0.10251840818570694,0.09105133087738218,0.11131674316723252,0.0652327920112045,0.032734682381791266,0.05054595983784374,0.14646668300747762,0.17843559031087036
2024-04-03,风险平价策略,-1.0,0.0,0.0,0.0,0.06339805561362155,0.3368668090241209,0.10255780773096876,0.09110801367928954,0.1113839669535075,0.06520405279859365,0.03275656323587196,0.050169845157473164,0.1465548858065529,0.1784705702345668
2024-04-08,风险平价策略,-1.0,0.0,0.0,0.0,0.06342856186483893,0.33707653587936737,0.10260907540349572,0.09116865355570189,0.11147930341296725,0.06463068266233128,0.03278584970735494,0.05019537753880329,0.14662595997513947,0.17846895797901835
2024-04-09,风险平价策略,-1.0,0.0,0.0,0.0,0.06239914785534006,0.33768803022060284,0.10288232010117407,0.09138884870662174,0.11178192588706218,0.06374946484949681,0.032902109357207866,0.050291050695525995,0.1469171023269686,0.17753349781159383
2024-04-10,风险平价策略,-1.0,0.0,0.0,0.0,0.06309967957248325,0.3347138120034476,0.1010382445553061,0.09256703400456048,0.11291728555546006,0.06436647507617506,0.03264018522624233,0.05009703359541568,0.14856025041090942,0.178893572747744
2024-04-11,风险平价策略,-1.0,0.0,0.0,0.0,0.06645678786421523,0.3557877521074385,0.0959611121228438,0.08714516841707869,0.11400237154545578,0.06414478127038409,0.03459052773168625,0.0484183819291402,0.13349311701175742,0.17797918777123412
2024-04-12,风险平价策略,-1.0,0.0,0.0,0.0,0.06616893550378797,0.35606109393266805,0.09606601961834058,0.08723301315208588,0.11415224638141228,0.06360818822785133,0.034648655147461176,0.048460136014664826,0.13360171202172796,0.17770466405229396
2024-04-15,风险平价策略,-1.0,0.0,0.0,0.0,0.06798551767115722,0.3639087232771567,0.09856470745836728,0.09027912601704087,0.11405608674722698,0.06524717386185098,0.034317507351370076,0.05004299145710479,0.11559816615872504,0.1756518024911071
2024-04-16,风险平价策略,-1.0,0.0,0.0,0.0,0.06960392222307091,0.3770180320676259,0.10195203250210655,0.090620677748675,0.08212842203258373,0.06851363163097675,0.03622190569077861,0.052334936780456795,0.12160643932372571,0.17585850260528607
2024-04-17,风险平价策略,-1.0,0.0,0.0,0.0,0.06995727724116337,0.3795474603925045,0.10262465341152283,0.09165037828888073,0.08258632809014747,0.06905973145664264,0.03566346505843899,0.04607809346183411,0.12283261259886533,0.17599081628624708
2024-04-18,风险平价策略,-1.0,0.0,0.0,0.0,0.07182459413812103,0.38538563753846,0.10463929546012106,0.09424755625936429,0.08457215892125672,0.0622402807866128,0.0319445272231364,0.04729640457225105,0.11784954510067666,0.17525185594619788
2024-04-19,风险平价策略,-1.0,0.0,0.0,0.0,0.07203537753148645,0.384658955376777,0.10497589004688108,0.09460475187899596,0.08362588479807387,0.062422293370535765,0.03203972849507285,0.047425589218947135,0.11821152928322991,0.17554660557576302
2024-04-22,风险平价策略,-1.0,0.0,0.0,0.0,0.05767658902280313,0.40744888843066723,0.11289041817983349,0.10311125147609504,0.08978369120291219,0.06659216505785687,0.028537507706882993,0.048802991345688516,0.08515649757726046,0.1550114016938133
2024-04-23,风险平价策略,-1.0,0.0,0.0,0.0,0.05281319735241958,0.45272485320284583,0.12761029953051886,0.07190174582934332,0.07437554199253223,0.0724450916612907,0.03337908397690932,0.0552678521514517,0.059482334302688435,0.14075304654998866
2024-04-24,风险平价策略,-1.0,0.0,0.0,0.0,0.05719213610535387,0.4186934508495356,0.11863232264788168,0.08011456849879246,0.08161934678241002,0.08021581016286963,0.03670100651520527,0.06147651930127165,0.06535483913667987,0.15114082723396793
2024-04-25,风险平价策略,-1.0,0.0,0.0,0.0,0.05770601669074999,0.4226154988142531,0.11644788921570987,0.08085560452477004,0.08222080089654481,0.07717434109730503,0.037051022950579826,0.06055872913875219,0.06537009667133531,0.15133825067604126
2024-04-26,风险平价策略,-1.0,0.0,0.0,0.0,0.056286234557582505,0.4023765505141722,0.11787707812744126,0.08515739330465735,0.08611979218109561,0.08098520187384384,0.03886987801284577,0.06360379064029933,0.06872408078806212,0.15336093259108977
2024-04-29,风险平价策略,-1.0,0.0,0.0,0.0,0.06227791386577753,0.3628386778351529,0.11707371094211688,0.09383562733534288,0.09072672335668401,0.09065171153373391,0.04116792608639444,0.0693451428350376,0.07208256620975975,0.1645150568851551
2024-04-30,风险平价策略,-1.0,0.0,0.0,0.0,0.0624236012377959,0.36328353746171993,0.11725815006348617,0.0940488294414948,0.09090727592428977,0.08983889077637368,0.04112626373263686,0.06947494082922968,0.07163851053297329,0.16448511511949845
2024-05-06,风险平价策略,-1.0,0.0,0.0,0.0,0.06583918843159324,0.3781508474536348,0.11395421396275308,0.0841720442064366,0.09541928204675919,0.08494730289522269,0.034026923565863704,0.07289122409060114,0.07059897334713558,0.16429851121882344
2024-05-07,风险平价策略,-1.0,0.0,0.0,0.0,0.06630590160427388,0.38003234179919404,0.11461146824042319,0.08097845108604687,0.09384286372163256,0.08551174753956024,0.03408223990576303,0.07331272558094386,0.07132226052216235,0.16445289505380117
2024-05-08,风险平价策略,-1.0,0.0,0.0,0.0,0.06810544192131646,0.38681156089821356,0.11705071537129101,0.07515126098153273,0.08754361499377118,0.08373019120534286,0.03370825661568855,0.07497506743079657,0.07292389058204717,0.16484566961929037
2024-05-09,风险平价策略,-1.0,0.0,0.0,0.0,0.07017190441294395,0.377952086882726,0.11590109748860301,0.07728260446277067,0.08982911190308916,0.08544352833853591,0.03466673321253869,0.07462686760896617,0.07412606568982631,0.1682291817058603
2024-05-10,风险平价策略,-1.0,0.0,0.0,0.0,0.07039727445555849,0.37988838818090254,0.11546008730231076,0.0775497498247733,0.0900778307430523,0.08553638147828546,0.03482357520322976,0.07189902422179495,0.07436768859009234,0.16834245628644995
2024-05-13,风险平价策略,-1.0,0.0,0.0,0.0,0.07167232773266478,0.3835639856714904,0.11679754059466585,0.07936789105889475,0.08667068232729136,0.08290229249445599,0.03385437617341841,0.07286943734129855,0.07230146660581992,0.16831170374952492
2024-05-14,风险平价策略,-1.0,0.0,0.0,0.0,0.0710841497936551,0.3853374990084461,0.11739357274178243,0.0798849510136561,0.08678388515755889,0.08268623578463631,0.034092986884363866,0.07158921295900211,0.07114750665689908,0.1674485951283364
2024-05-15,风险平价策略,-1.0,0.0,0.0,0.0,0.07105184389820882,0.386278646034931,0.11671664337549308,0.07845181374698283,0.08656721203177778,0.08332274541400563,0.03383006388364169,0.07202107774342414,0.07175995387153507,0.1673937006962797
2024-05-16,风险平价策略,-1.0,0.0,0.0,0.0,0.07227179291567785,0.38041168127326047,0.11593498575115357,0.07970057784941771,0.08783335126030979,0.0846346062272999,0.03428096074963649,0.07207672657020586,0.07285531740303847,0.16951151671812564
2024-05-17,风险平价策略,-1.0,0.0,0.0,0.0,0.07233507925426924,0.38060996395908836,0.11536771302709521,0.07975893779440317,0.08788386722410489,0.08469716011786119,0.03430450088283655,0.0721359444689243,0.0729068332714171,0.16960910640706356
2024-05-20,风险平价策略,-1.0,0.0,0.0,0.0,0.07237403419754468,0.3807666907739222,0.11542125841815422,0.07982721680593763,0.08762012786738661,0.08474142480114105,0.034322017719673636,0.071981318680582,0.07294591073565804,0.16962735385648178
2024-05-21,风险平价策略,-1.0,0.0,0.0,0.0,0.07465548468292697,0.3786689234564018,0.11761783243274035,0.07758272933237442,0.09037410887691279,0.08597659542251193,0.03323588851850531,0.07334410788746461,0.06854432939016186,0.17085484530682443
2024-05-22,风险平价策略,-1.0,0.0,0.0,0.0,0.07482806873162766,0.3804962491869847,0.11838255034459831,0.0740863187397858,0.0912970136893395,0.0851473420650754,0.03269511805955052,0.07378666828002871,0.06928067090300938,0.17064927632655758
2024-05-23,风险平价策略,-1.0,0.0,0.0,0.0,0.07088542892184829,0.4202388361350672,0.13143347319118598,0.0479421629327647,0.062459289208933434,0.09335836551031997,0.03658861081319551,0.08199523913788978,0.05509859414879515,0.15929357087402124
2024-05-24,风险平价策略,-1.0,0.0,0.0,0.0,0.07204118707948025,0.4202856729979863,0.1315263016352799,0.04870092195596591,0.06337177039300043,0.09479799362094926,0.03655408230513764,0.07918880484888943,0.053533265163310854,0.1601530988913166
2024-05-27,风险平价策略,-1.0,0.0,0.0,0.0,0.07206698090863649,0.4203452288442365,0.13154604606551495,0.04850077751429275,0.06342060829211935,0.09481938876851105,0.036566648602226255,0.07917334476412285,0.05356097624033969,0.16017056747203445
2024-05-28,风险平价策略,-1.0,0.0,0.0,0.0,0.07106645398165601,0.4228130192599743,0.13242830823468088,0.0487589066052788,0.06376041397829242,0.09319912213356295,0.036879020007405304,0.07718322981308402,0.05391152598606531,0.15903547048513542
2024-05-29,风险平价策略,-1.0,0.0,0.0,0.0,0.07127778110823009,0.42431138797950174,0.13297471349889645,0.048866138111795084,0.06389463849342025,0.09354987835752157,0.03702513407814983,0.07401696042171893,0.05408336795076597,0.15909309584632145
2024-05-30,风险平价策略,-1.0,0.0,0.0,0.0,0.06780767303159685,0.4358103943864447,0.13215147430601598,0.04015729810575433,0.06810765509202506,0.09772210626817089,0.03567602937212258,0.07032484211504941,0.052242527322820365,0.15443212370821788
2024-05-31,风险平价策略,-1.0,0.0,0.0,0.0,0.07045944340430058,0.42971266422331167,0.13046806147896378,0.04079851612900879,0.06989303379031671,0.0962227208146723,0.03516240629518042,0.07304047910264724,0.05424267476159859,0.1577293548404674
2024-06-03,风险平价策略,-1.0,0.0,0.0,0.0,0.06359777258503382,0.4589877670569005,0.140826566346017,0.040739729052341994,0.060213055468583965,0.08106290971499218,0.035741666776198305,0.06497616132507689,0.05385437167485552,0.14701039366325702
2024-06-04,风险平价策略,-1.0,0.0,0.0,0.0,0.06437098319286415,0.4620746857359837,0.14228861543772914,0.041250965458729937,0.06086841279153701,0.07674035495963503,0.03202415767077508,0.0658048987455066,0.05457692600723947,0.1465061485449218
2024-06-05,风险平价策略,-1.0,0.0,0.0,0.0,0.058880016237926235,0.4684669839242516,0.1445006435880945,0.03783013329146175,0.05721196414989785,0.07859066412041167,0.03237038778991859,0.06719718153098646,0.05495202536705131,0.14086459630110132
2024-06-06,风险平价策略,-1.0,0.0,0.0,0.0,0.05887994998449813,0.46845958637112195,0.14450042341319197,0.037830801487721416,0.05721639077384721,0.07859159453572025,0.032369195900706325,0.06719820647187255,0.05495385106132008,0.14086557047409828
2024-06-07,风险平价策略,-1.0,0.0,0.0,0.0,0.058905879544645955,0.46851490740223006,0.14452999082458012,0.03784455258477927,0.05713206723902081,0.07861644179273512,0.03237803338497573,0.06709913411910876,0.05497899310792411,0.14088428223639882
2024-06-11,风险平价策略,-1.0,0.0,0.0,0.0,0.05157918783286055,0.4840927353676603,0.14970124151373954,0.035515548719315324,0.05256881945586517,0.0826607010057927,0.03417472134463609,0.06650099612694323,0.04320604863318713,0.13099112031583124
2024-06-12,风险平价策略,-1.0,0.0,0.0,0.0,0.05190636290773967,0.4825160372409243,0.1496843738015911,0.03574243127015207,0.052278256144601784,0.08313709816549142,0.03436821189819165,0.06689191820644828,0.04347531036485961,0.13153696327975678
2024-06-13,风险平价策略,-1.0,0.0,0.0,0.0,0.0497717856560172,0.489077388843645,0.1519525507849988,0.036562500528329586,0.05077325036731034,0.08275872564228247,0.034834850206454354,0.059728309103022334,0.04454063886793992,0.12902226255133015
2024-06-14,风险平价策略,-1.0,0.0,0.0,0.0,0.0498449670432056,0.48932875275651694,0.15205322561464424,0.03638923186951139,0.05058893060800081,0.08260702014239006,0.03478543126939429,0.05978765847350503,0.0446147822228316,0.12903641919361367
2024-06-17,风险平价策略,-1.0,0.0,0.0,0.0,0.04673794449169841,0.5049322575825608,0.1578749000330451,0.03401760546655032,0.04655482590707781,0.07219759293403843,0.036703733316495006,0.05320753909044721,0.04777360117808685,0.12445895882438257
2024-06-18,风险平价策略,-1.0,0.0,0.0,0.0,0.04680131301834155,0.5052722590677138,0.15799869135992056,0.03404762971980903,0.04660895831890472,0.07229895823018286,0.03673151869277217,0.05243320749813982,0.047807464094215386,0.12448542395118128
2024-06-19,风险平价策略,-1.0,0.0,0.0,0.0,0.046805436689094114,0.5052455733422292,0.1580048835263029,0.03404846685101897,0.046611485636142605,0.07230657134769036,0.03673247441006331,0.05243799757627004,0.04780711062118847,0.12449185219608634
2024-06-20,风险平价策略,-1.0,0.0,0.0,0.0,0.04679347909353354,0.5053075462989833,0.1579857009576254,0.03404658592841383,0.046608422194221594,0.07229923141564631,0.036729178990624854,0.0524267596428205,0.04780309547813074,0.12447480620361416
2024-06-21,风险平价策略,-1.0,0.0,0.0,0.0,0.0492032711161033,0.5033068344836994,0.15368640475158704,0.03503557125995937,0.04690303953270817,0.07301077294351963,0.0384368568824724,0.050434638481596385,0.04998261054835444,0.12784369950153823
2024-06-24,风险平价策略,-1.0,0.0,0.0,0.0,0.04683310291909557,0.5064167877401787,0.15466673519547763,0.03471939391537283,0.04660968150974604,0.07373420116341654,0.03879332605159337,0.051018910825409984,0.047207860679709245,0.12503884937230553
2024-06-25,风险平价策略,-1.0,0.0,0.0,0.0,0.046834715508898304,0.506423386757319,0.15466886512297479,0.03472164130685648,0.046594020605661764,0.07373623844861027,0.038792650959826806,0.05101851710285837,0.04720996418699426,0.12503925537912125
2024-06-26,风险平价策略,-1.0,0.0,0.0,0.0,0.047107984998242376,0.506860054808547,0.15472368876990925,0.034752171207668145,0.046834145429176216,0.07294936850331289,0.038815422630786516,0.05126960050128283,0.04668756315107488,0.12512937510372923
2024-06-27,风险平价策略,-1.0,0.0,0.0,0.0,0.04736799941108885,0.5081208930364768,0.15520410698458725,0.03397426343681461,0.046101268338065965,0.0728720819380788,0.03869576680788767,0.05153628325424345,0.04612733679275678,0.12502958260323202
2024-06-28,风险平价策略,-1.0,0.0,0.0,0.0,0.04737032048474146,0.5081280456904482,0.155195823316067,0.03397468709602658,0.04610095743486337,0.07286794430674334,0.03869504637693419,0.05153876305626476,0.04612841223791117,0.12503137591444327
2024-07-01,风险平价策略,-1.0,0.0,0.0,0.0,0.05484746045278806,0.46949719301983006,0.1464080514967486,0.03815148209695907,0.05313078676674659,0.08156785264984025,0.04439308599651808,0.05893164153327244,0.05307244598729688,0.1391041766164413
2024-07-02,风险平价策略,-1.0,0.0,0.0,0.0,0.05484254414535604,0.4695614409200699,0.1463915314705682,0.03814646457882376,0.05312536288422772,0.0815486626067039,0.04438826396281773,0.058925848545184706,0.05306988088624805,0.13909209320623925
2024-07-03,风险平价策略,-1.0,0.0,0.0,0.0,0.053615125443673625,0.4701586633852813,0.1466057061181741,0.038262085524803445,0.053304059440000155,0.08173968460813119,0.04445743668269985,0.0586105963460239,0.053246642451212384,0.13800052406175178
2024-07-04,风险平价策略,-1.0,0.0,0.0,0.0,0.05545176734542796,0.46964894195568063,0.1500983605440047,0.04089102953383243,0.0553454307274096,0.07398253850899703,0.04632958592620413,0.051779509813352886,0.05647283564509077,0.14004197186259504
2024-07-05,风险平价策略,-1.0,0.0,0.0,0.0,0.05538910636611983,0.46308925605083484,0.14961771186166153,0.04259863460620032,0.055519228680624255,0.07266595697579725,0.04827524321443322,0.05412958287170464,0.05871527937262403,0.14142449599852622
2024-07-08,风险平价策略,-1.0,0.0,0.0,0.0,0.05792109579206877,0.4358698921566916,0.15668342280422712,0.04465827709671933,0.06047716949748669,0.07595356989211885,0.048718083109384504,0.05592378328192122,0.063794706369382,0.14710818877801035
2024-07-09,风险平价策略,-1.0,0.0,0.0,0.0,0.058382086233663665,0.4383221198600387,0.15759004867373166,0.04494003250753028,0.060946814963067225,0.07495014036330125,0.0486451438503837,0.05312795906441258,0.06309565448387094,0.14704292508688832
2024-07-10,风险平价策略,-1.0,0.0,0.0,0.0,0.050656816227185056,0.4520170515732418,0.16256188542773428,0.04363074749957885,0.053666026663512986,0.07533198903000174,0.04384755409575298,0.05096870462276514,0.0673192248602272,0.13796579066156184
2024-07-11,风险平价策略,-1.0,0.0,0.0,0.0,0.050706297928384464,0.4523791713747119,0.1626857392783988,0.04365574696318148,0.053718814493046704,0.07544208824631687,0.043881549417889895,0.05018430897180845,0.06734628332626154,0.13797816432295568
2024-07-12,风险平价策略,-1.0,0.0,0.0,0.0,0.05117321132566592,0.4539422378557475,0.16329051174526465,0.0424132717528438,0.052362281513315886,0.07561263451155462,0.043751025272659054,0.049522331746722124,0.06793249427622634,0.13816385886054083
2024-07-15,风险平价策略,-1.0,0.0,0.0,0.0,0.051947857587502616,0.4588128182165475,0.16509577689987245,0.04295555840267212,0.05200795844809753,0.07147937424727882,0.04321683540636486,0.046088476168307434,0.06839534462335668,0.13799020893252706
2024-07-16,风险平价策略,-1.0,0.0,0.0,0.0,0.051610258167514626,0.461444347841271,0.165860198803287,0.042953601055671815,0.051299468326766996,0.07020746393758168,0.04220983206586039,0.04545356526316451,0.0689612645388821,0.13718040059046355
2024-07-17,风险平价策略,-1.0,0.0,0.0,0.0,0.0509402369597055,0.4628486831846433,0.1663797517556663,0.0420163268474166,0.05059825452320239,0.07070304648361693,0.0412421670828477,0.04570962361284207,0.0695619095500592,0.13628537175881614
2024-07-18,风险平价策略,-1.0,0.0,0.0,0.0,0.051656357820836656,0.4579006063449226,0.16626209588826946,0.04245189625379532,0.051275038376244635,0.0717660043263558,0.04183915902983406,0.046379201439786744,0.07046964051995472,0.13776283447246657
2024-07-19,风险平价策略,-1.0,0.0,0.0,0.0,0.05151580277571006,0.47147295021305163,0.1717055744922247,0.03817152149057658,0.05126772376754802,0.07171942485777176,0.04033414637662263,0.04856319357573815,0.055249662450756375,0.1330805342143457
2024-07-22,风险平价策略,-1.0,0.0,0.0,0.0,0.049617266826510804,0.4757358274664529,0.1733559272642574,0.03681550783582645,0.04979541024427102,0.07195826660270234,0.03706843423765479,0.04939588078889729,0.05625747873342703,0.13030456859562572
2024-07-23,风险平价策略,-1.0,0.0,0.0,0.0,0.04950268367661507,0.47894678792616285,0.17461451658322888,0.03552823139915778,0.04857693389633666,0.07113148608792577,0.036647382320149,0.04934465480547434,0.05570732330494958,0.1294962762787023
2024-07-24,风险平价策略,-1.0,0.0,0.0,0.0,0.049552734163226406,0.47877642603455844,0.17477621765846602,0.035567757839663226,0.04862701419575933,0.07107709583638708,0.036478094248531344,0.049392330373525306,0.055752329649882755,0.12951987092492256
2024-07-25,风险平价策略,-1.0,0.0,0.0,0.0,0.05098535157847984,0.4871944592741755,0.1829001637167969,0.03189715793214315,0.04889502073366485,0.06395240029881104,0.03767333431686395,0.049803121099903015,0.04669899104916179,0.12771446810165038
2024-07-26,风险平价策略,-1.0,0.0,0.0,0.0,0.05057823677993262,0.4874034037386818,0.18295122205299671,0.03191683103020959,0.04893400193812302,0.06397296905156971,0.0376921592893646,0.04982354835282828,0.04672762776629369,0.12734470902277614
2024-07-29,风险平价策略,-1.0,0.0,0.0,0.0,0.05111255984415124,0.490538774197803,0.18415200454693548,0.03204714328264082,0.04879683816048238,0.06315739050168907,0.036728055673236636,0.04640514786170319,0.047062085931358105,0.12721845394086734
2024-07-30,风险平价策略,-1.0,0.0,0.0,0.0,0.04964581194472779,0.49892565794843474,0.18738292848908553,0.031778836934529535,0.04575553115385014,0.05791961882193269,0.033648619366233874,0.046246819180689056,0.048696176160516705,0.12415450792739134
2024-07-31,风险平价策略,-1.0,0.0,0.0,0.0,0.049687166350805,0.5004628802362955,0.18559867662990387,0.03180403959884467,0.04578555168442819,0.05797251667124245,0.03367810408539687,0.04628945377233512,0.04872161097074838,0.12418500799718257
2024-08-01,风险平价策略,-1.0,0.0,0.0,0.0,0.04970171020293007,0.5005773723248578,0.18563509688810706,0.03180909776826344,0.0458010119610587,0.0580044622295704,0.0336871605759456,0.046057074179065856,0.048727013870201216,0.12418715040241288
2024-08-02,风险平价策略,-1.0,0.0,0.0,0.0,0.049724700844003274,0.5023234482209921,0.18631331969390344,0.030756518458896286,0.046148269837082936,0.05699038382466875,0.03213736837641607,0.046413197856074784,0.04919279288796238,0.12368324002214594
2024-08-05,风险平价策略,-1.0,0.0,0.0,0.0,0.04881062892709789,0.5311064413266436,0.19695263941366054,0.02925666278006367,0.041489615853557364,0.04600930258963717,0.021561504216683687,0.04550429361382372,0.039308911278832244,0.11489864262977359
2024-08-06,风险平价策略,-1.0,0.0,0.0,0.0,0.05594757048449124,0.5243142847755853,0.17031854569971344,0.031112366050108718,0.048265898506308656,0.04973540040797125,0.02678630148417725,0.050100808229933035,0.04341882436171112,0.12596888765335557
2024-08-07,风险平价策略,-1.0,0.0,0.0,0.0,0.05605134152364523,0.5249792326415267,0.17055269888250796,0.031152282727728284,0.048364303934763514,0.04987394323158973,0.026679306312258018,0.04887777291207719,0.04346911783390331,0.12596752299116326
2024-08-08,风险平价策略,-1.0,0.0,0.0,0.0,0.06210533588626195,0.4939756972557186,0.1717987413095999,0.03310889764138333,0.0533881352281257,0.053693500359960074,0.029409830568766775,0.054411292594040185,0.048108569156143546,0.13596709888640035
2024-08-09,风险平价策略,-1.0,0.0,0.0,0.0,0.06484847711445892,0.4783087041363588,0.174804718321713,0.034643780534247444,0.05568061450276053,0.05466179464531635,0.03067875437941413,0.05619320443684519,0.05017995192888577,0.14046354344786902
2024-08-12,风险平价策略,-1.0,0.0,0.0,0.0,0.07774441027936019,0.41748801376134415,0.16911336911948557,0.04190354760256474,0.06622797282753456,0.06674231485299552,0.03638307922344898,0.06458367314011224,0.05981361919315415,0.16207079210699463
2024-08-13,风险平价策略,-1.0,0.0,0.0,0.0,0.07895120554104654,0.4217727416829282,0.17096595535684087,0.042419849189207284,0.06408766286561114,0.06795567357302527,0.03690555154184526,0.05647168029847876,0.060469679951016576,0.1627200936056244
2024-08-14,风险平价策略,-1.0,0.0,0.0,0.0,0.078550765761863,0.4233319770562274,0.17166099641752205,0.042361232187916084,0.06461360234921429,0.06660480047400118,0.036567578017211076,0.0558195669608629,0.06048948077518195,0.16205112790313653
2024-08-15,风险平价策略,-1.0,0.0,0.0,0.0,0.08020801550614581,0.4209046344501802,0.1689372596907807,0.0433223658445097,0.06595276979212486,0.06601495347163569,0.036375362450705995,0.05706048574481348,0.06122415304910355,0.16408480012877963
2024-08-16,风险平价策略,-1.0,0.0,0.0,0.0,0.08021892273238199,0.4209246578775263,0.16895893033381496,0.04332880063218937,0.0659623687588915,0.06602187328764664,0.03637967857315811,0.056975277891926995,0.06122948991246422,0.16409283170233485
2024-08-19,风险平价策略,-1.0,0.0,0.0,0.0,0.08163230880583526,0.42562846569323987,0.17103996206256752,0.044064280573107906,0.0673204233329743,0.05671665158220898,0.03485583951031679,0.05636392130994686,0.06237814712980244,0.16423546155518248
2024-08-20,风险平价策略,-1.0,0.0,0.0,0.0,0.0795614150416584,0.4265927873859694,0.1714591546038288,0.04417966185677949,0.06780143702782748,0.057094926156502177,0.03392037406233998,0.05661341445587123,0.06277682940922313,0.16221408153843608
2024-08-21,风险平价策略,-1.0,0.0,0.0,0.0,0.0774870430956819,0.41533356848652475,0.17065628184813153,0.046221441037409806,0.07076288936191778,0.059607399317270354,0.03529815565367573,0.05914299621408064,0.06549022498530767,0.16257520946097284
2024-08-22,风险平价策略,-1.0,0.0,0.0,0.0,0.07812794543843118,0.4172685320869309,0.17154835431500215,0.046618134402150575,0.071473222716974,0.05670203929245722,0.0344012804837754,0.05860460087784662,0.06525589038643202,0.16256969745226138
2024-08-23,风险平价策略,-1.0,0.0,0.0,0.0,0.07819020387484454,0.4179396739662198,0.17185930174027148,0.046333010067077296,0.07106899745193432,0.056865829595627644,0.03451175712320691,0.0582201981422606,0.0650110280385573,0.1624986489340283
2024-08-26,风险平价策略,-1.0,0.0,0.0,0.0,0.07819390468551926,0.41796224075039384,0.17184125041592244,0.046333384589481004,0.07106847679968607,0.05686739054903932,0.0345097809526152,0.05821613640753775,0.06500743484980509,0.16250008683644085
2024-08-27,风险平价策略,-1.0,0.0,0.0,0.0,0.08068143506423615,0.40973204211303466,0.16846845698139806,0.04744191564316859,0.0726026592721615,0.05863764920958444,0.03547870559398469,0.06007863623830922,0.06687849988412277,0.16641307978682376
2024-08-28,风险平价策略,-1.0,0.0,0.0,0.0,0.079004653554111,0.41191398103577265,0.16944472019077503,0.047101477702067955,0.07351318309347157,0.0567383222657651,0.03435205066699622,0.06065175721553192,0.06727985427550856,0.1644343434506108
2024-08-29,风险平价策略,-1.0,0.0,0.0,0.0,0.06821550307540664,0.4149800798211336,0.17194437431751314,0.04811366691808614,0.07103383702317038,0.05874442188255503,0.03372101106010418,0.06268158893979599,0.07056551696223495,0.15493505098827864
2024-08-30,风险平价策略,-1.0,0.0,0.0,0.0,0.06784704322126649,0.41361628616001395,0.17250322030334247,0.048353027164860236,0.07137675116954763,0.05885099615067142,0.0338818501720409,0.06295561188295047,0.07061521377530637,0.1547727267264758
2024-09-02,风险平价策略,-1.0,0.0,0.0,0.0,0.07215056509915725,0.4254820385146946,0.1780103459315881,0.04846525365187689,0.06411795135589037,0.04293225513955809,0.031048742757105976,0.0669083611590931,0.07088448639103564,0.15548127035601766
2024-09-03,风险平价策略,-1.0,0.0,0.0,0.0,0.07009726490370238,0.4268146712689046,0.17857598667198274,0.04767125892009746,0.06404180783124705,0.04308068121005447,0.031223342411136182,0.06715928894840686,0.07133569783446836,0.15359041003345614
2024-09-04,风险平价策略,-1.0,0.0,0.0,0.0,0.07205672323024011,0.43562099938252374,0.18269010961167292,0.04467964427052859,0.0629536255268076,0.04198181403649165,0.02654223936334452,0.06344934290237575,0.07002550167601522,0.15278905689202757
2024-09-05,风险平价策略,-1.0,0.0,0.0,0.0,0.07166621820414576,0.43689373920947794,0.18328503309824826,0.04471311410306347,0.06168779852261882,0.040718629128811676,0.02668165442634341,0.06383348703553567,0.07052032627175504,0.1522813003984432
2024-09-06,风险平价策略,-1.0,0.0,0.0,0.0,0.0709529234226696,0.4372098430384451,0.18338592909140927,0.04476843794682696,0.06176900447687009,0.04074066373252294,0.026707140507704636,0.0638789686825275,0.0705870891010238,0.15163930541500234
2024-09-09,风险平价策略,-1.0,0.0,0.0,0.0,0.06346653070469062,0.44775683510073316,0.1880278706006326,0.04443419095358249,0.0624424526251591,0.03767495537602939,0.02664427853581183,0.06114324554373425,0.06840964055962657,0.1431963409076049
2024-09-10,风险平价策略,-1.0,0.0,0.0,0.0,0.0641165310935151,0.4505508341970774,0.189320833299709,0.04497471336020948,0.06351248447023168,0.034294001899890965,0.026651629528278046,0.05734606903522979,0.06923290311585856,0.14340299888534877
2024-09-11,风险平价策略,-1.0,0.0,0.0,0.0,0.05911249173286111,0.45269937160962687,0.19014521566703785,0.04542926024434879,0.06419575202102808,0.03452838543875594,0.026343686497690328,0.057710870388314246,0.06983496640033687,0.13883324771533856
2024-09-12,风险平价策略,-1.0,0.0,0.0,0.0,0.05927093891067848,0.45141306926682356,0.1908975631326014,0.045554864991652885,0.06437503334238831,0.034624672018571785,0.026414594997702094,0.0576002684450935,0.06984899489448793,0.13907454564316638
2024-09-13,风险平价策略,-1.0,0.0,0.0,0.0,0.05920260569726248,0.45144758102846705,0.19090875830959314,0.045559250347831134,0.0643813869657197,0.034626160657777856,0.026417158418506573,0.057603814191587506,0.06985328438325464,0.13901208858658395
2024-09-18,风险平价策略,-1.0,0.0,0.0,0.0,0.05926655030898331,0.45171195840540024,0.19105494222314884,0.04563842803768103,0.06453767537362856,0.033753289381171794,0.026504230688938472,0.057744597667391616,0.06978832791365609,0.13900721545392944
2024-09-19,风险平价策略,-1.0,0.0,0.0,0.0,0.061171990923380125,0.4516915237611334,0.18673347867454612,0.04716859023401259,0.06673918574573721,0.03496580309538623,0.027363056166132067,0.05298324470368558,0.07118312669598648,0.141545658893629
2024-09-20,风险平价策略,-1.0,0.0,0.0,0.0,0.06107533596283255,0.45183037038682844,0.1867898137670696,0.047202602440493346,0.06654766688409083,0.03491976789198676,0.027384068611922052,0.053015866744877405,0.07123450730989896,0.1414476162238488
2024-09-23,风险平价策略,-1.0,0.0,0.0,0.0,0.06218492314648299,0.45159400701157193,0.18933595226273048,0.04677546058756553,0.061844448991800055,0.03436001801798412,0.027959466402824488,0.053279539102376726,0.07266618447666366,0.14238186051634324
2024-09-24,风险平价策略,1.0,0.3,0.15,0.15,0.04642853823166702,0.3135580444301552,0.11932217285912883,0.03496657676783311,0.04595217870383756,0.025559897301669715,0.020750798668406983,0.04004331024670297,0.053418482790598486,0.1463288424894577
2024-09-25,风险平价策略,1.0,0.3,0.15,0.15,0.04648931064380212,0.31404450275956786,0.11951312018457914,0.035014747756255626,0.04604490224576405,0.02562026560680181,0.020789063983300406,0.03898955296733231,0.05349453385259667,0.14634068021463614
2024-09-26,风险平价策略,1.0,0.3,0.15,0.15,0.05132940107585043,0.30122003797107355,0.10787248488088658,0.038736447973130736,0.05063251929585669,0.027198936243285097,0.020675575792948465,0.043343610112087205,0.058990986654881304,0.15394471002524968
2024-09-27,风险平价策略,1.0,0.3,0.15,0.15,0.06567602031763162,0.24194863899548585,0.09130497285321779,0.04960377601305871,0.0640951293225075,0.03489389879377293,0.026705905373738424,0.0516203200367671,0.0741513382938202,0.17843267863045734
2024-09-30,风险平价策略,1.0,0.3,0.15,0.15,0.0667091657590519,0.23850723498036233,0.09046810191320682,0.05044261301391929,0.06507737675011971,0.03543135372204144,0.02714075190999886,0.052539270776873544,0.07368413117442603,0.1798484827652471
2024-10-08,风险平价策略,1.0,0.3,0.15,0.15,0.0684911206931944,0.24276757109047326,0.0926623398196071,0.04590816379353693,0.067370898509916,0.03655157773447947,0.02793778478797202,0.042831781069476146,0.0754787625013446,0.18117412131641
2024-10-09,风险平价策略,1.0,0.3,0.15,0.15,0.0340367434326004,0.26178118722472565,0.09983514534933402,0.05315076922037171,0.07109128872279706,0.03681195419132322,0.02654429318069377,0.0469035375401917,0.06984508113796248,0.14785804828079363
2024-10-10,风险平价策略,1.0,0.3,0.15,0.15,0.03409902310999404,0.2620659998568378,0.09995015609788947,0.05237628541477894,0.07133275601397909,0.03678688935120792,0.02637780887143446,0.04694365075849032,0.07006743052538791,0.14785785271418747
2024-10-11,风险平价策略,1.0,0.3,0.15,0.15,0.03318316095643968,0.2628863668833721,0.10023754519041174,0.052668126658083354,0.07168119396485004,0.036956332484652604,0.026517477615622103,0.045437179822052434,0.07043261642451586,0.1470592240228352
2024-10-14,风险平价策略,1.0,0.3,0.15,0.15,0.03321544170526995,0.26328156497219013,0.0998949086902589,0.05271888522808007,0.07177249743452056,0.03671281279825046,0.02641884953858384,0.04547391241363349,0.07051112721921267,0.14706078175330506
2024-10-15,风险平价策略,1.0,0.3,0.15,0.15,0.03143226516143482,0.2697422025520706,0.10241896437966704,0.0494684113658046,0.06607477110939175,0.0337204888122719,0.024142782606709812,0.047566387112912764,0.07543372689973667,0.14454692502908964
2024-10-16,风险平价策略,1.0,0.3,0.15,0.15,0.0316709382899461,0.26978316137993286,0.1008586847883607,0.04984445603215613,0.06663207881697254,0.03317708177286402,0.02408608356902134,0.04793631541206093,0.07601119993868541,0.1449572047695966
2024-10-17,风险平价策略,1.0,0.3,0.15,0.15,0.031231741622554685,0.2741947021864257,0.10248143835394825,0.04870448893146352,0.06328515958810917,0.031863010941682486,0.02450985345097547,0.04531217895582593,0.07841742596901466,0.14423635235802404
2024-10-18,风险平价策略,1.0,0.3,0.15,0.15,0.03141219393544411,0.27237818589190893,0.10231751938465794,0.04899949273953703,0.06365368915848076,0.03205671952426969,0.024662144244788197,0.04561669398343773,0.07890336113747555,0.14472667346945572
2024-10-21,风险平价策略,0.0,0.0,0.0,0.0,0.04446266504278958,0.3895414271464042,0.14635261980654368,0.07022884606926438,0.09129055186997495,0.045554679750821676,0.03460095489119003,0.0648650920850531,0.1131031633379585,0.14627988421056096
2024-10-22,风险平价策略,0.0,0.0,0.0,0.0,0.045450176971554034,0.3853348323570107,0.1442071352033576,0.06985807769177388,0.09098266844586975,0.0466935613298594,0.03546259354835357,0.06603686752081621,0.11597408693140497,0.14837189640271892
2024-10-23,风险平价策略,0.0,0.0,0.0,0.0,0.04574766221395236,0.38266720337769566,0.14375383035222025,0.06935519029733482,0.09182642218647566,0.04710069313859553,0.03578329539156264,0.06669458947864872,0.11707111356351431,0.14919907260228507
2024-10-24,风险平价策略,0.0,0.0,0.0,0.0,0.04594108893969259,0.38117702536929265,0.1451859512943576,0.07046391258097179,0.09322944991526061,0.04724068185362651,0.03621987795560183,0.06729429804302463,0.11324771404817188,0.1489996456780304
2024-10-25,风险平价策略,0.0,0.0,0.0,0.0,0.046737534233618275,0.3891933332137267,0.14416816856774423,0.06945426289725923,0.08467373642364794,0.048693739402727955,0.03590157761389873,0.06501153978943779,0.11616610785793925,0.14908070679145505
2024-10-28,风险平价策略,0.0,0.0,0.0,0.0,0.04693943623560274,0.39121910563301365,0.14215322082404327,0.06971909271797197,0.08503315686989353,0.04839880710952724,0.034780639376331114,0.06518119891762975,0.11657534231598661,0.14906018836850243
2024-10-29,风险平价策略,0.0,0.0,0.0,0.0,0.045523575583427005,0.39398730724414843,0.1433876794651027,0.06914743593815106,0.08406621325741188,0.04516067622361927,0.03350659864900037,0.0661766708938223,0.11904384274531703,0.147391495819657
2024-10-30,风险平价策略,0.0,0.0,0.0,0.0,0.04540003294683545,0.3939383727073505,0.14331226732129895,0.06918477274725228,0.0841151631563284,0.04518667601968723,0.033528928841821855,0.06620899219075112,0.11912479406867416,0.1473151988519133
2024-10-31,风险平价策略,0.0,0.0,0.0,0.0,0.045562904698447204,0.3963344873265541,0.14418922565187303,0.06960710113624706,0.0823649778560845,0.045618186345309876,0.033847900383952745,0.06532870317177153,0.11714651342975986,0.14687643577720838
2024-11-01,风险平价策略,0.0,0.0,0.0,0.0,0.04596034055750243,0.3987813187093138,0.1450170813358976,0.07026261647757023,0.08307093238634375,0.045947917840243636,0.03410331190821355,0.06415248536923655,0.11270399541567837,0.14633524306811685
2024-11-04,风险平价策略,0.0,0.0,0.0,0.0,0.04622084295865298,0.39862056714104405,0.1453608590538951,0.07065768108723566,0.08349116922368706,0.046169987938679755,0.034228533235632436,0.06446478749862454,0.11078557186254843,0.14632062722093417
2024-11-05,风险平价策略,0.0,0.0,0.0,0.0,0.04624935579717226,0.39886721547470316,0.14546628051059438,0.0707520542167008,0.08357063911490936,0.04620605608127062,0.03425008973871933,0.0638891583862429,0.11074915067968706,0.14631639217335735
2024-11-06,风险平价策略,0.0,0.0,0.0,0.0,0.046583757685171465,0.4026550424850166,0.14511378477164644,0.06779093734079028,0.08402666609582336,0.043299619636110655,0.03444113526346001,0.0648802815746539,0.11120877514732724,0.14615163180414004
2024-11-07,风险平价策略,0.0,0.0,0.0,0.0,0.047543297333865225,0.4079771557301416,0.1468643545598075,0.06800456803328656,0.08555267303608488,0.043985318200650166,0.035055693815281654,0.06591245980719819,0.09910447948368409,0.14466830267157654
2024-11-08,风险平价策略,0.0,0.0,0.0,0.0,0.046456637621473396,0.40909261992040863,0.14726992072973605,0.06837699813622329,0.08607444014287098,0.044236904108555436,0.03474261543628998,0.06417301452877773,0.09957684937566467,0.14362159963261995
2024-11-11,风险平价策略,0.0,0.0,0.0,0.0,0.04590663701243949,0.41265013079304247,0.14875205636118397,0.06725893578707573,0.080133158324058,0.043939127098100335,0.03468062089559992,0.06530016298105848,0.10137917074744161,0.14268586744819645
2024-11-12,风险平价策略,0.0,0.0,0.0,0.0,0.04713201490854892,0.4320595231835373,0.15619893177782515,0.06221895618699795,0.06695012845560515,0.044416454029202225,0.033607890987861794,0.07039358251087485,0.08702251795954657,0.13823329617601204
2024-11-13,风险平价策略,0.0,0.0,0.0,0.0,0.047832267948218266,0.43264617781911796,0.15486862733658302,0.05970260406441655,0.06633323057788519,0.04518977132485212,0.03420359092268991,0.07158298731681094,0.08764074268942604,0.139030193828004
2024-11-14,风险平价策略,0.0,0.0,0.0,0.0,0.04828303124553436,0.4508406741105624,0.15412261560149862,0.056792000246368685,0.0646746664504192,0.04367718151914964,0.035888306318918706,0.06999788152569857,0.07572364298184983,0.1359065690634276
2024-11-15,风险平价策略,0.0,0.0,0.0,0.0,0.04872187555286292,0.4567915299673497,0.154363253126555,0.05798381864183022,0.0658379514113387,0.04242185936935138,0.0357967042053623,0.06122385974777848,0.07685914797757121,0.13581763430631824
2024-11-18,风险平价策略,0.0,0.0,0.0,0.0,0.050492042921107726,0.46029578182919645,0.1419076912045031,0.060058901807252804,0.06287538536184412,0.04411396195586977,0.03672868016554689,0.06361501354362148,0.07991254121105765,0.1386623224593581
2024-11-19,风险平价策略,0.0,0.0,0.0,0.0,0.05048996472767686,0.4603179001471678,0.1418924867013375,0.060060990732588165,0.06287741195365974,0.044116455451686964,0.03672984320072695,0.06361468553566081,0.07990026154949513,0.13865801060073654
2024-11-20,风险平价策略,0.0,0.0,0.0,0.0,0.05065240613596348,0.4592290955705959,0.14188903197635738,0.060266652750855965,0.06309724143634092,0.04426447014961365,0.03685019460040467,0.06358566579902808,0.08016524158083993,0.1389952345880704
2024-11-21,风险平价策略,0.0,0.0,0.0,0.0,0.050649929453584396,0.4593810266103371,0.1419631264162459,0.06018476825312701,0.06288743598232756,0.0442876474806803,0.03688001480105033,0.06352751791845555,0.08023853308419186,0.13898003551835256
2024-11-22,风险平价策略,0.0,0.0,0.0,0.0,0.045487054386558416,0.46591848923979556,0.14550849030342672,0.05857574653364247,0.058713930099451674,0.04583709982037211,0.038495560314444364,0.05801619242858415,0.08344743687372458,0.134195063004464
2024-11-25,风险平价策略,0.0,0.0,0.0,0.0,0.04574612139097476,0.46739166440269664,0.14600592027146256,0.05901544866103036,0.0590801243087979,0.045577371668941054,0.038734314745091813,0.058261549367237785,0.08018748518376716,0.1337961318611329
2024-11-26,风险平价策略,0.0,0.0,0.0,0.0,0.04704451934253345,0.4666966234634349,0.1494610218191362,0.059030179653574266,0.05988762953960813,0.045443727322879955,0.037343007349255344,0.05955847815430713,0.07553481335527072,0.13377938138717235
2024-11-27,风险平价策略,0.0,0.0,0.0,0.0,0.047100921035898996,0.4670795389561483,0.14863120294062052,0.05910953071965682,0.05997660530252529,0.04550404407401012,0.037392906642486,0.05957851661259903,0.07562673371605497,0.13388536163869338
2024-11-28,风险平价策略,0.0,0.0,0.0,0.0,0.04763383745982893,0.47077976287611484,0.15016197048555863,0.0589489161048142,0.05608705730655726,0.04430272780214964,0.037409907727785525,0.060054756536806926,0.074621063700384,0.1335208361869784
2024-11-29,风险平价策略,0.0,0.0,0.0,0.0,0.047708249658465256,0.4698118260498896,0.15052439816102497,0.059042071789026956,0.056173206925267886,0.044370303917510436,0.03747084224607196,0.06015443191163642,0.07474466934110666,0.13369641456079331
2024-12-02,风险平价策略,0.0,0.0,0.0,0.0,0.0478805012655797,0.47094216715502446,0.15086075698785995,0.059112775567084705,0.05640566387647115,0.04448147260942201,0.03761069717382597,0.05952549782864071,0.07318046753609128,0.13350616267187215
2024-12-03,风险平价策略,0.0,0.0,0.0,0.0,0.04920245601803096,0.4626493051903784,0.1506622869591187,0.060857775587513305,0.05797916500711713,0.045609864306832185,0.038659790625101914,0.05918832593750019,0.07519103036840709,0.1361884942981103
2024-12-04,风险平价策略,0.0,0.0,0.0,0.0,0.049370320905504264,0.4637910547032625,0.15101461692224435,0.061098599357529565,0.05816107012808426,0.04575577413034384,0.038743892213458385,0.057085337814009575,0.07497933382556317,0.13618920973434034
2024-12-05,风险平价策略,0.0,0.0,0.0,0.0,0.05066416136819399,0.4680939149665863,0.1519458805859403,0.06153708260112508,0.05829790989802887,0.04293971201286246,0.036583137326831945,0.05326229068640167,0.07667591055402936,0.13653710980265357
2024-12-06,风险平价策略,0.0,0.0,0.0,0.0,0.05108192906053931,0.4714800463698325,0.14940517695695343,0.06218756076504098,0.05684369722881867,0.04323998945125352,0.03635108292298657,0.05341461666357474,0.0759959005810002,0.1365900874176639
2024-12-09,风险平价策略,0.0,0.0,0.0,0.0,0.051160060564036054,0.47088354275035876,0.14969259662256126,0.062290168837404694,0.05693630283017043,0.043003800746510605,0.03642162964917685,0.05350539966776122,0.07610649833202011,0.1367241035351531
2024-12-10,风险平价策略,0.0,0.0,0.0,0.0,0.05117508576461496,0.4709271011988474,0.14971796126671394,0.06231457752570789,0.056855706322982875,0.043019115009968766,0.036433185677401725,0.05343175093140718,0.0761255163023553,0.13673454792791803
2024-12-11,风险平价策略,0.0,0.0,0.0,0.0,0.0514793185813635,0.46806041984154817,0.15103158111615303,0.06270132056114709,0.05719631301904607,0.04328435693820409,0.03664640547936422,0.05303707444626465,0.07656321001690915,0.13733373842168098
2024-12-12,风险平价策略,0.0,0.0,0.0,0.0,0.05148124738650799,0.46808104711164583,0.15103166457082862,0.06268805544440031,0.057196425580208723,0.04328461148747255,0.03664688745145653,0.05302138853143437,0.07656867243604508,0.13733377048529352
2024-12-13,风险平价策略,0.0,0.0,0.0,0.0,0.048427071190300805,0.47364345632636123,0.15302987795677825,0.0607734667823718,0.05519627566558616,0.04436634692709771,0.03764292358249401,0.05367347091758923,0.07324711065142095,0.1335495670136612
2024-12-16,风险平价策略,0.0,0.0,0.0,0.0,0.048764620634451146,0.4752682626448691,0.15363752464055178,0.06016150450139229,0.05447887253672682,0.044664761010426275,0.037903272790040736,0.053941705843279834,0.07117947539826211,0.13333539529442479
2024-12-17,风险平价策略,0.0,0.0,0.0,0.0,0.04870205964501478,0.46995253174784624,0.15728002921462714,0.06214257128642419,0.05184884023310544,0.04604736024196583,0.03912971894304452,0.051954849004294326,0.07294203968367757,0.13408096302746345
2024-12-18,风险平价策略,0.0,0.0,0.0,0.0,0.05160804067168376,0.4676500507754757,0.15097150840177923,0.06278193295299321,0.05531679327989141,0.04724314318662997,0.03883639197437204,0.04912675648555996,0.07646538227161472,0.13799942871112222
2024-12-19,风险平价策略,0.0,0.0,0.0,0.0,0.04965501202486454,0.47589988808043027,0.14582983673292105,0.06355739174153115,0.05527165006054239,0.046665111025930496,0.03955655138730787,0.04981662239563357,0.07374793655083872,0.13557339621586703
2024-12-20,风险平价策略,0.0,0.0,0.0,0.0,0.04924583575777652,0.47628005908286375,0.14599094278775435,0.06363905437691907,0.05540319365903129,0.046580075511910124,0.03905997194329564,0.04990462619795475,0.07389624068249448,0.1350954967156998
2024-12-23,风险平价策略,0.0,0.0,0.0,0.0,0.05006404396815636,0.4708693792909101,0.14629831854040298,0.06477648546024496,0.055795721649163424,0.047383429469245494,0.039734771891959335,0.04994871965044852,0.07512913007946884,0.13674204750696292
2024-12-24,风险平价策略,0.0,0.0,0.0,0.0,0.05074551362946278,0.47400434029383925,0.14088133071776654,0.06535664268861097,0.056246174358613114,0.04748019856285048,0.03999549292552727,0.050705800174891694,0.07458450664843784,0.13744174677640478
2024-12-25,风险平价策略,0.0,0.0,0.0,0.0,0.051015037595810664,0.47148628795266984,0.14137179653969428,0.0657293904287426,0.05656277167692566,0.04758116954405243,0.04022758590203211,0.05102002472747835,0.07500593563259418,0.1380334220613568
2024-12-26,风险平价策略,0.0,0.0,0.0,0.0,0.05158767898999553,0.46657823838805407,0.1429818008243932,0.0667846751475449,0.05604920240882555,0.04607734306081704,0.04107674334258222,0.05218798342993961,0.07667633440784792,0.1392861630699906
2024-12-27,风险平价策略,0.0,0.0,0.0,0.0,0.051628273904427514,0.4667672186806089,0.14305164877256693,0.06684810899737174,0.056101891671180425,0.045640023917667964,0.04099027927729173,0.05223452912650052,0.07673802565238427,0.139274866320889
2024-12-30,风险平价策略,0.0,0.0,0.0,0.0,0.05377575129169009,0.4504967887011175,0.14420290169795155,0.06982817487639385,0.058611705417222444,0.04762578548022008,0.04278089247522159,0.0546843460074619,0.077993654052721,0.14353215418053447
2024-12-31,风险平价策略,0.0,0.0,0.0,0.0,0.05330351915980919,0.45113323636063735,0.14441587903159578,0.06879268170556532,0.0586569490800346,0.04775410055034982,0.04290606465263088,0.05481440139425447,0.07822316806512251,0.14307108196798965
2025-01-02,风险平价策略,0.0,0.0,0.0,0.0,0.050393283161207086,0.4526336598046018,0.14493389126275102,0.0673035299897106,0.059250835581121895,0.048107388578869974,0.04328494274974912,0.05518074750332066,0.0789117213686679,0.1405027346077792
2025-01-03,风险平价策略,0.0,0.0,0.0,0.0,0.048411180858783716,0.45544974084758916,0.14584523870385951,0.06628947528474301,0.05846047488332785,0.0486110579169375,0.0437673371359796,0.05343098054847401,0.07973451382030565,0.13859079741243782
2025-01-06,风险平价策略,0.0,0.0,0.0,0.0,0.04869414177722356,0.4568002131160072,0.14638449865841668,0.06678004952957123,0.05625322463786056,0.048772452046881604,0.04399546603060782,0.05366409673046564,0.07865585747296573,0.13848853454998897
2025-01-07,风险平价策略,0.0,0.0,0.0,0.0,0.050082868305759,0.456453053872097,0.14398840159604803,0.06894676592499237,0.05806441603067949,0.04599466107387457,0.04559677875505303,0.050029995264374225,0.08084305917712226,0.14056542138340986
2025-01-08,风险平价策略,0.0,0.0,0.0,0.0,0.050081810522065985,0.45644213359483066,0.1439910639347569,0.06894366988616431,0.05806409604761942,0.045997355203593264,0.04559599363551998,0.050033528702000556,0.08085034847344887,0.140566384259883
2025-01-09,风险平价策略,0.0,0.0,0.0,0.0,0.05025776958748832,0.43855277507523355,0.14158523748944085,0.07468214254122348,0.06285001838554011,0.050100362750545975,0.044636232578999825,0.050190258468302135,0.08714520312322566,0.1440320431553786
2025-01-10,风险平价策略,0.0,0.0,0.0,0.0,0.049220231696723966,0.4378463196019808,0.1421240104954396,0.0750263822122643,0.06313553435580936,0.049887375953808294,0.04485738743124831,0.05040564581626228,0.087497112436463,0.14326564019090787
2025-01-13,风险平价策略,0.0,0.0,0.0,0.0,0.048605162661846515,0.4305548066408636,0.14476176964976523,0.07609482522750359,0.06403561297469196,0.0505691740503218,0.045513354557777407,0.051168424496371996,0.088696869740858,0.14367604318171973
2025-01-14,风险平价策略,0.0,0.0,0.0,0.0,0.04887093472043606,0.43201035947481664,0.14534147047494028,0.07623945465309565,0.06444672388078894,0.050882897399091874,0.044739070740383725,0.051360138523457124,0.08610895013298987,0.14320197503653004
2025-01-15,风险平价策略,0.0,0.0,0.0,0.0,0.048961526205702904,0.432401579008386,0.14549542180012293,0.07575576842450295,0.06388397974877678,0.05096799675697904,0.0448104958841686,0.05143372652459209,0.08628950564676885,0.1432400606395561
2025-01-16,风险平价策略,0.0,0.0,0.0,0.0,0.04897905101443121,0.43238983425684857,0.1454762947802497,0.0757813607474281,0.06391459095358902,0.050990545769013323,0.044830801996433245,0.05132156635537814,0.0863159541266287,0.14326848408327375
2025-01-17,风险平价策略,0.0,0.0,0.0,0.0,0.05086809786672441,0.41359362680113526,0.14465019557185121,0.07978219025158388,0.06733366806262446,0.05179142998361197,0.04664057198593591,0.05445769405551628,0.09088252542101652,0.14823511912343396
2025-01-20,风险平价策略,0.0,0.0,0.0,0.0,0.052500746082430313,0.4228095305145167,0.1442426854211239,0.07080403485243368,0.06787037614515444,0.049060429831609596,0.04397404166580068,0.0560793754643454,0.09265878002258535,0.14811776799708218
2025-01-21,风险平价策略,0.0,0.0,0.0,0.0,0.05203348828359857,0.42303539586178407,0.14429712734521769,0.07086854455067494,0.06793217025430312,0.049094526518978256,0.04391198701218652,0.05611759267908375,0.09270916749417304,0.14768410321497588
2025-01-22,风险平价策略,0.0,0.0,0.0,0.0,0.049835486986282276,0.41886191819891355,0.1468928354787022,0.07211545627553596,0.06743980846316,0.04818973740878845,0.0444019280876419,0.057105703388167894,0.09515712571280784,0.14644912806096905
2025-01-23,风险平价策略,0.0,0.0,0.0,0.0,0.051617139264612595,0.42146283598212547,0.1482704889541811,0.06981141796726219,0.06446420489358408,0.045620496109690795,0.04223140381361954,0.05787872289886665,0.09864329011605752,0.14746522303796464
2025-01-24,风险平价策略,0.0,0.0,0.0,0.0,0.05166215183168335,0.4217315045504851,0.1483897144614313,0.06991680492527348,0.06454368233016947,0.04510623518841862,0.04198431433729869,0.05793665136046774,0.09872894101477223,0.1474175118603517
2025-01-27,风险平价策略,0.0,0.0,0.0,0.0,0.05228305425984918,0.42499557164537505,0.14976817376610702,0.0690346344958961,0.06254764516688653,0.04457381809515012,0.04173724369049921,0.056811915234480204,0.09824794364575659,0.14727795724376366
2025-02-05,风险平价策略,0.0,0.0,0.0,0.0,0.049860563534338084,0.4264388319398263,0.15010509811179695,0.06843266225860167,0.06263339809084785,0.04472826357512144,0.04197303297522578,0.057073033421700975,0.09875511609254099,0.145103461104911
2025-02-06,风险平价策略,0.0,0.0,0.0,0.0,0.0501310863294745,0.4283581712684646,0.15089647455626076,0.06890049878121425,0.06303312141392375,0.04506152530277788,0.04096634403130583,0.05533336607963649,0.09731941223694197,0.14470670597840785
2025-02-07,风险平价策略,0.0,0.0,0.0,0.0,0.05060279446455395,0.4246930981954505,0.15058870971658678,0.06952924428461961,0.06361592872327279,0.045498414190132265,0.04136159523594953,0.055910254701651924,0.09819996048778261,0.14578754802215255
2025-02-10,风险平价策略,1.0,0.3,0.15,0.15,0.03636816243849567,0.29164748172945343,0.10421723783920715,0.04994181457653803,0.04511247574122243,0.03273894281060625,0.029751926161891554,0.03969532996099399,0.07052662874159138,0.1460729834167172
2025-02-11,风险平价策略,1.0,0.3,0.15,0.15,0.03637777675841354,0.2916761142643202,0.10423555812128295,0.04984245098161925,0.04512468087629239,0.032748528213330234,0.029758405504316198,0.039701868212264776,0.07053461706816036,0.1460770738226782
2025-02-12,风险平价策略,1.0,0.3,0.15,0.15,0.03839136122205633,0.28468303347435886,0.1079735663096089,0.05167977328787668,0.04567827367125744,0.03454744070595059,0.031487204570011786,0.037323783811199655,0.0682355629476797,0.14839142279107886
2025-02-13,风险平价策略,1.0,0.3,0.15,0.15,0.03941938870660151,0.28566717800014224,0.11081080696602723,0.05363769457825065,0.046645282492727716,0.031361052341962736,0.02496395510576227,0.037475678779914,0.0700189630286117,0.14794387725764066
2025-02-14,风险平价策略,1.0,0.3,0.15,0.15,0.040775892521144504,0.2770718086922274,0.10873746503009693,0.055431259924480336,0.04827535547930905,0.0324667254217617,0.025829142850080908,0.03896764211290069,0.07244470796799846,0.1508676001940034
2025-02-17,风险平价策略,1.0,0.3,0.15,0.15,0.04713554685765738,0.28918288193513514,0.09594643427140345,0.050644291826382096,0.053817628278879925,0.03873974909892024,0.02595350514363403,0.03942692748896673,0.059153035099021,0.15445557723051875
2025-02-18,风险平价策略,1.0,0.3,0.15,0.15,0.04734201620906208,0.2877399412519781,0.09618758145847989,0.05062462835034906,0.054069587392441186,0.038911563340295295,0.026070212577307086,0.03961900032252581,0.05943546909756142,0.15484580351396598
2025-02-19,风险平价策略,1.0,0.3,0.15,0.15,0.04733631923044889,0.2877450844704251,0.09618790916723016,0.050625256076876984,0.05406850172506615,0.038912241807453396,0.026069627651160346,0.0396197045743051,0.059435355297033816,0.15484016608234946
2025-02-20,风险平价策略,1.0,0.3,0.15,0.15,0.048594431068636736,0.27499109105234043,0.09394446143630618,0.05322894826168517,0.05678547108823954,0.040851977622708105,0.027142494610205802,0.04185637359752648,0.06260475126235147,0.1583698319050116
2025-02-21,风险平价策略,1.0,0.3,0.15,0.15,0.04965749026381925,0.26729688033352,0.08685037665125715,0.05293367938220388,0.06329235096516869,0.04150179568415985,0.029637811052555477,0.04684702428128217,0.061982591386033487,0.16126323950808072
2025-02-24,风险平价策略,1.0,0.3,0.15,0.15,0.053695211818187004,0.2563972634680591,0.08085821208988694,0.05998100798812774,0.06389597875396351,0.04260619117620825,0.027177926439291514,0.04536580417245127,0.07002240409382456,0.16741218853733567
2025-02-25,风险平价策略,1.0,0.3,0.15,0.15,0.0526530912209467,0.2582596913329415,0.08146154588287206,0.05918686808557147,0.06199572133005911,0.04272513187390491,0.027426749015009456,0.04577289684593378,0.07051830441276101,0.16630730903382607
2025-02-26,风险平价策略,1.0,0.3,0.15,0.15,0.053502675852933425,0.2629268753356453,0.08313113088319674,0.060641502555641075,0.06341042449918025,0.04042508135123596,0.025789046538362243,0.04422329518150635,0.06594996780229873,0.1654204906894813
2025-02-27,风险平价策略,1.0,0.3,0.15,0.15,0.053953727627334365,0.26131934519429023,0.08278943009089122,0.0610316414781251,0.06395981273606008,0.040784942048632186,0.025878790312432516,0.04464518225019661,0.06563712826203763,0.16602173809014778
2025-02-28,风险平价策略,1.0,0.3,0.15,0.15,0.05342232799209648,0.26265941977255786,0.08326319188481462,0.06071085995370381,0.06440688068652371,0.041010945225823714,0.026027599300745146,0.044574447081729605,0.06392432810200495,0.16516499403690227
2025-03-03,风险平价策略,1.0,0.3,0.15,0.15,0.05340475873494593,0.26268372316359456,0.08326877819143344,0.06071142162561388,0.06440696474312102,0.04101451891372787,0.026013347622413845,0.04457359079142107,0.0639228962137284,0.16514394973983992
2025-03-04,风险平价策略,1.0,0.3,0.15,0.15,0.05494864597425411,0.2645655428182943,0.08550684297120992,0.06177947053026995,0.06530194168580557,0.035792472805713446,0.023529631680639967,0.042499132379951836,0.06607631915386082,0.1658116117350949
2025-03-05,风险平价策略,1.0,0.3,0.15,0.15,0.055258579039392054,0.26693202788760967,0.08622824922496715,0.06222372099463881,0.06569377831032497,0.03589488802833329,0.023504754723543252,0.037633689692578,0.06663031209861274,0.16588261161062207
2025-03-06,风险平价策略,1.0,0.3,0.15,0.15,0.05628699646232384,0.2569342387615812,0.08448385499335881,0.06544637985489231,0.06896971423094736,0.03648543514999652,0.023274622976828186,0.039633234253996445,0.06848552331607524,0.1684197905443707
2025-03-07,风险平价策略,1.0,0.3,0.15,0.15,0.06127134477392216,0.22821930211937574,0.0789560641950033,0.0725972302717887,0.07482801319147693,0.04040306869569729,0.025939241276989208,0.043187825887113,0.07459790958863358,0.1781835804278264
2025-03-10,风险平价策略,1.0,0.3,0.15,0.15,0.06060851719947045,0.22862747852475027,0.07908925717740227,0.07263732574303129,0.0750386550048747,0.039945955602543194,0.026022050708773527,0.043280516917657504,0.07475024312149679,0.17758122789367872
2025-03-11,风险平价策略,1.0,0.3,0.15,0.15,0.06798801068786944,0.21225524359251816,0.07551547352041987,0.07777637435896397,0.08129617157826957,0.04233439453345604,0.028254321763892434,0.037911775322278955,0.07666823464233163,0.187155639330543
2025-03-12,风险平价策略,1.0,0.3,0.15,0.15,0.06812803241966514,0.2127710761014616,0.07568860438185843,0.07798679233951471,0.08153937564384996,0.04113190333313672,0.028301577561393235,0.037611376017902015,0.07684126220121806,0.18720988710358036
2025-03-13,风险平价策略,1.0,0.3,0.15,0.15,0.06826294087764798,0.21264554311248984,0.07547368338049007,0.07796117760483708,0.08142220440303115,0.0412035679059686,0.0283522101138446,0.03768480012036392,0.07699387248132673,0.18738872683660737
2025-03-14,风险平价策略,1.0,0.3,0.15,0.15,0.06834002894247433,0.21274443409782967,0.07485340747809562,0.07805762701462879,0.08153144350745965,0.04125377116812804,0.028369988269212974,0.03774417050801319,0.07710512901415768,0.1875232770870948
2025-03-17,风险平价策略,1.0,0.3,0.15,0.15,0.07170278370741459,0.20035053090540664,0.06914179783521307,0.082037550230243,0.08273225229087293,0.04329752828438301,0.029859727337792817,0.03953228791120219,0.0813455414974717,0.19336344687937615
2025-03-18,风险平价策略,1.0,0.3,0.15,0.15,0.07190995856951946,0.20188616885537747,0.06970424880090084,0.08151514458636601,0.07909885547348275,0.04370452589245611,0.030120352475882392,0.039871649418513594,0.08218909592750141,0.1934051087186318
2025-03-19,风险平价策略,1.0,0.3,0.15,0.15,0.07208924234441617,0.2019707793418259,0.0698933109956264,0.08176619898529508,0.079172464420901,0.043290598080149345,0.029345723611460612,0.040032864612160775,0.0824388176081647,0.19342053808189433
2025-03-20,风险平价策略,1.0,0.3,0.15,0.15,0.07155958919716589,0.20266745000390265,0.07010729268386079,0.08200397496515421,0.07942268184181958,0.04345393734412518,0.029449061828848728,0.038622088469518895,0.0827139236656041,0.19295154443171178
2025-03-21,风险平价策略,1.0,0.3,0.15,0.15,0.0740970480820497,0.20517323136910046,0.07211168130674207,0.07412599285043228,0.07531842599623674,0.04555590231139104,0.03085219255530529,0.04046454755252517,0.0823009779762172,0.19466493997288462
2025-03-24,风险平价策略,0.0,0.0,0.0,0.0,0.10584481553971298,0.29310762607278784,0.10303162465175981,0.10591459579992567,0.10759613502333876,0.06507317256880786,0.044073610868843344,0.05780010797195797,0.1175583115028658,0.21808214042772714
2025-03-25,风险平价策略,0.0,0.0,0.0,0.0,0.1059012120148659,0.2932282484189686,0.10306592710131167,0.10597291752017061,0.10734349350615413,0.06502339260465714,0.04410030867482169,0.05783390814271814,0.11753059201633217,0.21810888968647868
2025-03-26,风险平价策略,0.0,0.0,0.0,0.0,0.1051426399703565,0.2941566237559403,0.10335990277151606,0.10624021523534981,0.10765482152534876,0.06525320900043863,0.04424593642274564,0.056038755288761025,0.11790789602954337,0.21743875084570682
2025-03-27,风险平价策略,0.0,0.0,0.0,0.0,0.10586603885389895,0.29323989469278133,0.10250463245661583,0.1044264029316866,0.10854626636286863,0.06570138285266672,0.04437279402926797,0.05643025337917491,0.1189123344410391,0.2183978106882809
2025-03-28,风险平价策略,0.0,0.0,0.0,0.0,0.10751731453238131,0.3040782367673307,0.10296338360264372,0.09319602430467103,0.09933827983107263,0.06434143880872971,0.04643367218461199,0.056974892679826014,0.12515675728873296,0.21932037607919824
2025-03-31,风险平价策略,0.0,0.0,0.0,0.0,0.10875515171224578,0.3064125970483632,0.1039543645007545,0.09083070892771383,0.0975414483304927,0.06235908991169881,0.045833854074168574,0.05762051600509378,0.12669226948946888,0.21998511115124186
2025-04-01,风险平价策略,0.0,0.0,0.0,0.0,0.10917139476917896,0.3046649643439085,0.10456967735009956,0.09116185700487789,0.09792513450554462,0.06263849127732547,0.04604530365645237,0.056571144369965666,0.12725203272264698,0.22063828000459604
2025-04-02,风险平价策略,0.0,0.0,0.0,0.0,0.11028709114959818,0.3071815865823144,0.10553671413204925,0.08899517161686171,0.09664419395923747,0.06337513460587292,0.04559459774325112,0.05708482530247491,0.12530068490833998,0.22081502823743007
2025-04-03,风险平价策略,0.0,0.0,0.0,0.0,0.1126019803674436,0.3120403698222858,0.10742070509621877,0.08115075888727234,0.09895152841983464,0.0577798899785117,0.04325073038901157,0.058360318614855834,0.12844371842456584,0.2218042884365892
2025-04-07,风险平价策略,0.0,0.0,0.0,0.0,0.047668151726748445,0.45265411589017046,0.15960929971588447,0.03772259552847357,0.06202638645489297,0.039870967813314756,0.03284773058991707,0.08970368604496247,0.07789706623563576,0.13368680277599568
2025-04-08,风险平价策略,0.0,0.0,0.0,0.0,0.052507899508370676,0.4370083441391974,0.1566457848546938,0.04085716530053528,0.06691754500468146,0.033674873884744924,0.028416493050578008,0.09810710280731359,0.08586479144988475,0.14012342231093008
2025-04-09,风险平价策略,0.0,0.0,0.0,0.0,0.053936801972013754,0.44901959092617816,0.16077392035067561,0.03946656613014136,0.06201223177826653,0.03011074347652761,0.02605369125418823,0.0890297489447717,0.08959670516723713,0.1395545478300439
2025-04-10,风险平价策略,0.0,0.0,0.0,0.0,0.05411121441455108,0.4531127546276821,0.15835187157752198,0.03961361875507202,0.062304607899593446,0.030270462668156646,0.02619755401425822,0.0860449325262313,0.08999298351693337,0.13957661567516638
2025-04-11,风险平价策略,0.0,0.0,0.0,0.0,0.0542485809745715,0.45230962570007127,0.1574911449425027,0.039882411270228305,0.06197992155555606,0.030534219882147266,0.02610540986429822,0.08671947370244885,0.09072921210817592,0.139951111624472
2025-04-14,风险平价策略,0.0,0.0,0.0,0.0,0.05425144111371822,0.45228507533067774,0.15750486967058316,0.03988899510286449,0.0619850824715507,0.030496290073899642,0.026110259181346848,0.086727398263315,0.09075058879204428,0.13995804277901805
2025-04-15,风险平价策略,0.0,0.0,0.0,0.0,0.05493346103335551,0.4521286798324556,0.1581905457464013,0.03995132961343876,0.06187304487761694,0.030423192394881074,0.02650889570334923,0.08404188177185976,0.09194896902664187,0.14076405052505891
2025-04-16,风险平价策略,0.0,0.0,0.0,0.0,0.055483858092734345,0.45673061454283104,0.15978144681816253,0.03949622592631056,0.06198247855098317,0.029382507718991487,0.025921852862553177,0.07832933846809989,0.09289167701933373,0.14061029130809224
2025-04-17,风险平价策略,0.0,0.0,0.0,0.0,0.055939301103373015,0.4549200200422729,0.15810701795561113,0.03982200863946414,0.06252647165319596,0.029650281530874796,0.026167008661999044,0.0791463523332448,0.09372153807996422,0.14153845644683624
2025-04-18,风险平价策略,0.0,0.0,0.0,0.0,0.055941844925509604,0.4549005010350678,0.15810380629227538,0.03982184555246066,0.06252925057305474,0.02964979626356228,0.026167497720704116,0.07915632258326658,0.09372913505409868,0.14154426753248572
2025-04-21,风险平价策略,0.0,0.0,0.0,0.0,0.05623399121250678,0.4469098832878912,0.1592246090141955,0.040588689813093506,0.06375713905743384,0.03024740276000886,0.026604330053813387,0.0808166683178717,0.09561728648318517,0.14299775254773517
2025-04-22,风险平价策略,0.0,0.0,0.0,0.0,0.05631188734607954,0.44712197446651664,0.15929782323821798,0.04057626507237559,0.06333768215115401,0.03010513319301971,0.026643549083756834,0.08087150780948776,0.09573417763939185,0.14304373352929675
2025-04-23,风险平价策略,0.0,0.0,0.0,0.0,0.06128928675616529,0.449358662324983,0.1630118339322415,0.045498977916126046,0.07057272620812356,0.03301452264958584,0.029371147568917712,0.08661327646071415,0.061269566183143054,0.14267175821443803
2025-04-24,风险平价策略,0.0,0.0,0.0,0.0,0.06181351911755296,0.4471868332158813,0.16341334132493296,0.04538629066962994,0.07121577389681376,0.03298072165064398,0.028963101760546606,0.08731001572424801,0.061730402639750624,0.14332991737209444
2025-04-25,风险平价策略,0.0,0.0,0.0,0.0,0.06182762370438544,0.4482968919883686,0.16381939891221348,0.0454688839032307,0.07136151649044117,0.03304775753813695,0.0290183929294386,0.08590080829387677,0.06125872623990824,0.14314243295697476
2025-04-28,风险平价策略,0.0,0.0,0.0,0.0,0.06223306240530538,0.4515439799115184,0.16504495000887415,0.04579622951583687,0.07063854393960557,0.03329869909887258,0.029220843543979844,0.08205435201406844,0.060169339561938866,0.14292940277646152
2025-04-29,风险平价策略,0.0,0.0,0.0,0.0,0.06201490069164138,0.4530371151916174,0.1655731880686367,0.0460479615859427,0.07096853163700427,0.033097046017646174,0.02830045247400224,0.08063358517787614,0.06032721915563303,0.1423987569419169
2025-04-30,风险平价策略,0.0,0.0,0.0,0.0,0.05873248098958333,0.4521067848100839,0.16875084942972887,0.04721051810005317,0.07405875659204214,0.03466228351009321,0.02751864671201899,0.07598217501295182,0.06097750484344443,0.13952571628446722
2025-05-06,风险平价策略,0.0,0.0,0.0,0.0,0.05905008939080756,0.45332074358503066,0.16919721187406317,0.04753300463873316,0.07294816962581817,0.034060479535725545,0.026840090981024117,0.07591493646197925,0.061135273906818326,0.1394858855254322
2025-05-07,风险平价策略,0.0,0.0,0.0,0.0,0.06134081270885406,0.45016622028768605,0.16384541385760598,0.049427398862540974,0.06946857690287221,0.03540950691545053,0.027899619080428227,0.07890773594609553,0.06353471543846648,0.14280581530851927
2025-05-08,风险平价策略,0.0,0.0,0.0,0.0,0.06169456431446644,0.45152570839698464,0.1642927882386171,0.049056353268872144,0.0697656016900966,0.03556732337141237,0.027502975277885457,0.07906475675324517,0.06152992868842002,0.14256305470249983
2025-05-09,风险平价策略,0.0,0.0,0.0,0.0,0.061746082408997253,0.45213566140917005,0.16422558260834824,0.049096217917875114,0.06983136642761117,0.03560205212139962,0.027532844655667726,0.07843900303839901,0.061391189412531785,0.14253862915087412
2025-05-12,风险平价策略,0.0,0.0,0.0,0.0,0.0696913438595273,0.4211148769502443,0.1526264152247901,0.05513270042477399,0.07911852841697173,0.04010395851707576,0.031177539355751738,0.08957039460775948,0.061464242643105536,0.15497935794002396
2025-05-13,风险平价策略,0.0,0.0,0.0,0.0,0.0698557719813036,0.42204379754253046,0.15295957949705186,0.055065278196357315,0.07929370880269862,0.04020355836232636,0.031134454750702277,0.08840124778548843,0.06104260308154111,0.15493400533133364
2025-05-14,风险平价策略,0.0,0.0,0.0,0.0,0.0705794126211587,0.41842713280081245,0.1529368988211817,0.055610905833379354,0.0801249918443234,0.040603582528268456,0.031460097497440026,0.08937485707544739,0.06088212097798847,0.1560402450333019
2025-05-15,风险平价策略,1.0,0.3,0.15,0.15,0.04990326455738005,0.2983190757186464,0.10889712573280809,0.03735707143132418,0.056528237728437604,0.027578162799692826,0.020170306490443102,0.0637350136971569,0.03751174184411076,0.1497593724524195
2025-05-16,风险平价策略,1.0,0.3,0.15,0.15,0.04929943719990751,0.298191316163917,0.10938879499284715,0.03794422354440894,0.05672563283715191,0.027716587271303897,0.020174462310203093,0.06252014236910448,0.03803940331115615,0.14931713608519148
2025-05-19,风险平价策略,1.0,0.3,0.15,0.15,0.04935033495168831,0.2983924834911253,0.10946267792044763,0.0378400387871323,0.056709766135690405,0.02774496264895685,0.020194763594733826,0.0622373127454834,0.038067659724741874,0.1493400131031185
2025-05-20,风险平价策略,1.0,0.3,0.15,0.15,0.04941801532615728,0.29857005152478927,0.1095008321637615,0.03775185959275846,0.0566323364340108,0.027585897562179034,0.020226849062137914,0.062286473232407526,0.03802768510179814,0.1493659672209192
2025-05-21,风险平价策略,1.0,0.3,0.15,0.15,0.04941955187065786,0.29858789514652945,0.10947071024649796,0.03775303661286806,0.0566386023837618,0.027585712386458225,0.02022771203477652,0.06228596635700466,0.03803081296144541,0.14936868921354848
2025-05-22,风险平价策略,1.0,0.3,0.15,0.15,0.0497478704564669,0.29890659572338824,0.10925163786125389,0.03782073258036099,0.057060289830965984,0.026904977430879412,0.01942259893153188,0.06264953602082178,0.038235761164330896,0.1495036114584858
2025-05-23,风险平价策略,1.0,0.3,0.15,0.15,0.04924241381095063,0.29922028058836336,0.10936050668399634,0.03784583629490026,0.05690483626463035,0.02696061388668416,0.019434042779164624,0.06273035192224559,0.03830111776906455,0.14903251054468342
2025-05-26,风险平价策略,1.0,0.3,0.15,0.15,0.049158306748214774,0.2992943710419172,0.1093855879542997,0.037869327182227165,0.0569356860837881,0.02696855981822517,0.019439823896090957,0.06270853141329473,0.0382398058619422,0.14894340108545964
2025-05-27,风险平价策略,1.0,0.3,0.15,0.15,0.04983157190676223,0.297656539796642,0.10927518150798489,0.03831039106146135,0.05638467594548579,0.027326041533958102,0.019611398406967767,0.06351393508841335,0.038090264752324444,0.14973111544133622
2025-05-28,风险平价策略,1.0,0.3,0.15,0.15,0.04993801852061085,0.2980010932921234,0.10918047773126807,0.03838758360559883,0.05652707176929953,0.026936743013215365,0.019482353190964172,0.06339301266205374,0.038153646214866006,0.1497711265190457
2025-05-29,风险平价策略,1.0,0.3,0.15,0.15,0.051046700242489466,0.29193988843850893,0.10751853953247624,0.03956085158288228,0.058374917679890385,0.027764600326155423,0.020109182905686994,0.06550761221645858,0.03817770707545168,0.151751515666652
2025-05-30,风险平价策略,1.0,0.3,0.15,0.15,0.051936530810327196,0.2937944597417106,0.10822219184975719,0.03914542783313606,0.056930976427585385,0.02640182980253229,0.018730004647668486,0.06626107377646934,0.03857750511081358,0.15196228015372648
2025-06-03,风险平价策略,1.0,0.3,0.15,0.15,0.05289222280394439,0.2950258641729241,0.11002950672373363,0.03992574260668556,0.05462703244364397,0.02584050774307216,0.01912777863053264,0.06340667095999683,0.03912467391546671,0.1526093401517299
2025-06-04,风险平价策略,1.0,0.3,0.15,0.15,0.052896158517830444,0.29501963305209405,0.11002210007893158,0.039929866941151894,0.054634354550527196,0.025839565848676856,0.01912764057128291,0.06341058995157037,0.03912009048793467,0.1526136029941595
2025-06-05,风险平价策略,1.0,0.3,0.15,0.15,0.051875592299084373,0.29562801070919853,0.1091994128553375,0.04037153873185076,0.05451404878115475,0.025838491405664632,0.019066603815013107,0.06398452802278978,0.039521773379906394,0.15178589916076574
2025-06-06,风险平价策略,1.0,0.3,0.15,0.15,0.05188083925121093,0.29562042184540954,0.10919735116236352,0.04037623012043346,0.05451527875411447,0.02583832960715764,0.019066042660737432,0.06398439832767093,0.039521108270901925,0.15179139055849455
2025-06-09,风险平价策略,1.0,0.3,0.15,0.15,0.05201683405478241,0.2962377822725559,0.10941526440444493,0.0404875459483041,0.05430321642701556,0.025520592456961113,0.01912843821706026,0.06409124221103632,0.038799084007839275,0.1517152697686421
2025-06-10,风险平价策略,1.0,0.3,0.15,0.15,0.05202899852369846,0.29623592766811574,0.10943240845022963,0.04049029789034725,0.05424749352635605,0.02552560655404297,0.019132592908651776,0.06410053087756873,0.03880614360098937,0.1517251358319022
2025-06-11,风险平价策略,1.0,0.3,0.15,0.15,0.052031560311178615,0.29623313110934857,0.10943280281257459,0.04049021147894302,0.054247465493568285,0.025525885989488704,0.019126583788282726,0.0641047401381754,0.0388076188784401,0.15172671397953247
2025-06-12,风险平价策略,1.0,0.3,0.15,0.15,0.0521986677439486,0.29559053271762203,0.10972933482676529,0.040130540589277536,0.05441320293237269,0.02559716593467983,0.019177860020965443,0.06424417260822349,0.03891852262614508,0.15193925895668564
2025-06-13,风险平价策略,1.0,0.3,0.15,0.15,0.05158213295253026,0.2962361795480051,0.10995119155254855,0.039637256246407515,0.054674929271577806,0.025696299606520832,0.019251928825168827,0.06391756155163474,0.039052520445606594,0.1513485235853804
2025-06-16,风险平价策略,1.0,0.3,0.15,0.15,0.05161350786023127,0.2962590158770491,0.1099987882463674,0.039662049445907364,0.05459492539286655,0.025663288549825483,0.01926421208883714,0.06395115168819539,0.03899306085072024,0.15136005232324498
2025-06-17,风险平价策略,1.0,0.3,0.15,0.15,0.0513599216497712,0.2968088859439213,0.11018821859712327,0.03979100349044158,0.05471822389224939,0.025739132054393796,0.01899440630363257,0.06403541842024003,0.038364789648226705,0.150931639072
2025-06-18,风险平价策略,1.0,0.3,0.15,0.15,0.051403150419692074,0.2967269076273385,0.11030692839273822,0.03982298234934413,0.05477542690182723,0.025763144481434557,0.019010212906246715,0.06379559023469011,0.03839565668668844,0.15097962830482517
2025-06-19,风险平价策略,1.0,0.3,0.15,0.15,0.051433488740989436,0.29734967534948914,0.11064827946235442,0.03932841907795399,0.054156556494127116,0.025892613770412642,0.01910044122012725,0.06399590762494026,0.0380946182596058,0.15085708732472008
2025-06-20,风险平价策略,1.0,0.3,0.15,0.15,0.05174097537605746,0.2984283953775296,0.11104915060266589,0.0390757652867718,0.05343588420374075,0.025953385267164612,0.018994292516546496,0.06342041347387097,0.037901737895652425,0.15090339617220977
2025-06-23,风险平价策略,1.0,0.3,0.15,0.15,0.05186473141013317,0.2992979040284367,0.1111843507425095,0.03915689740083728,0.05354745971451796,0.02603191936270487,0.019047431013879127,0.06188619336420295,0.037983112962778384,0.1509401746694519
2025-06-24,风险平价策略,1.0,0.3,0.15,0.15,0.05640936101827508,0.2953649525082223,0.1105726978164812,0.043298657723611376,0.05651650182791403,0.02101730658366041,0.013369558406465835,0.06692939006923028,0.0365215740461396,0.15407060750125914
2025-06-25,风险平价策略,1.0,0.3,0.15,0.15,0.05715595655270622,0.2983890817961279,0.10948083441755346,0.04384682989980809,0.057431501362598975,0.02139469452946067,0.013164997770678429,0.06207820431652267,0.037057899354543504,0.15459053405751777
2025-06-26,风险平价策略,1.0,0.3,0.15,0.15,0.05794011969740961,0.2989196258465253,0.11147685126993384,0.044439093156733375,0.05838309090773914,0.02152798514903217,0.013158582757069708,0.05659521944972738,0.03755943176582943,0.15518302573787962
2025-06-27,风险平价策略,1.0,0.3,0.15,0.15,0.05368750965888586,0.30142720386683114,0.11233336113159455,0.04522642701670325,0.05914545277233094,0.021743004274922484,0.013117128424191417,0.056968191980010394,0.03635172087453007,0.15101749720312968
2025-06-30,风险平价策略,1.0,0.3,0.15,0.15,0.054195373129609974,0.2982926189547055,0.11098382740739726,0.045875602574613074,0.060237858540225425,0.022141730688473752,0.013304667303626169,0.058015097163437286,0.03695322423791154,0.15209048692428462
2025-07-01,风险平价策略,1.0,0.3,0.15,0.15,0.054207020340395345,0.2982701109132445,0.11097655433554138,0.04588231185790905,0.06024048959171557,0.02214387668226022,0.013306064834474832,0.05801901031188655,0.0369545611325725,0.1521043973026252
2025-07-02,风险平价策略,1.0,0.3,0.15,0.15,0.05425546349402659,0.29861066927714447,0.11109631113160892,0.04581715306128033,0.060314618578935296,0.022143474937642387,0.01330409434892098,0.05748100422012752,0.03697721095031349,0.15210447979072841
2025-07-03,风险平价策略,1.0,0.3,0.15,0.15,0.054309439163637,0.2984108154658904,0.11110628558323209,0.04587244738683837,0.06038782795224502,0.02202480667629342,0.013328007350424078,0.05754033414142052,0.03702003628001905,0.1521817009675948
2025-07-04,风险平价策略,1.0,0.3,0.15,0.15,0.05491843767969601,0.29961991969268464,0.11172008083839637,0.04418549756475428,0.06024561414678604,0.021858645549702436,0.01335375778870536,0.05750003906268287,0.03659800767659201,0.15241553705120905
2025-07-07,风险平价策略,1.0,0.3,0.15,0.15,0.056097730453059394,0.3039548917859455,0.11254071030901927,0.04357505970406471,0.056072988252220325,0.022279798640748357,0.013509354626973046,0.05615596758222471,0.03581349864574475,0.15270594059222095
2025-07-08,风险平价策略,1.0,0.3,0.15,0.15,0.05605183048952625,0.3027194889615297,0.11225413955767059,0.043883344518411936,0.05648523656062666,0.022438425664830747,0.013607152007952086,0.05645655284460439,0.03610382939484762,0.152908742770016
2025-07-09,风险平价策略,1.0,0.3,0.15,0.15,0.05674990503683611,0.30422394192880464,0.11279424832577725,0.04135664549598091,0.056965682700551606,0.022621515313247655,0.013708332361148995,0.05671864263313419,0.03486108620451864,0.15309364015118274
2025-07-10,风险平价策略,1.0,0.3,0.15,0.15,0.058213415712632194,0.29821331667968654,0.1112154381484549,0.04235080571087136,0.0584718120071084,0.02323153197628685,0.014086536709544769,0.058308433044222216,0.03590871001119277,0.15545272665382984
2025-07-11,风险平价策略,1.0,0.3,0.15,0.15,0.055889561114243605,0.29881987725127174,0.11195196827279101,0.0424473155118537,0.05904039860407331,0.02298243710834932,0.013899313901736704,0.05870438013941615,0.036264748096264406,0.15333618435976654
2025-07-14,风险平价策略,1.0,0.3,0.15,0.15,0.05740033748451928,0.2975682162980864,0.11122859343503531,0.04359757083912043,0.05487663955275324,0.02360780640669339,0.014245590085718228,0.06023971720365453,0.037235528694419144,0.15498587341390316
2025-07-15,风险平价策略,1.0,0.3,0.15,0.15,0.05459693255921192,0.3002458527783912,0.1121806550203921,0.04333662036572006,0.055732398790497246,0.02327453401338426,0.014105266662686309,0.059006354925860975,0.03752138488385586,0.15221032471686258
2025-07-16,风险平价策略,1.0,0.3,0.15,0.15,0.054022228882257266,0.2992541250656843,0.1127500989617152,0.04350164340490136,0.05615484631330265,0.023438191429490517,0.01420748848287546,0.059317784820936054,0.03735359263883709,0.15178733213502738
2025-07-17,风险平价策略,1.0,0.3,0.15,0.15,0.053923469110618315,0.29938415223999176,0.11279200984435393,0.04343815512952384,0.05610411713724492,0.023459458079614907,0.014185046816500565,0.05935208133067902,0.037361510311472675,0.15167875328653416
2025-07-18,风险平价策略,1.0,0.3,0.15,0.15,0.05424710438755753,0.2980088840815163,0.1123440136769225,0.0436844533429669,0.05646927706890337,0.023606479659409152,0.014276528371001705,0.05973875558576613,0.037624503825956314,0.15222161395757827
2025-07-21,风险平价策略,1.0,0.3,0.15,0.15,0.05446642376773851,0.29931353613818296,0.10978305220397064,0.0438512678871089,0.056747426731325136,0.023726007147899124,0.014251981214586148,0.060022657269925575,0.037837647639262874,0.15252574790823542
2025-07-22,风险平价策略,1.0,0.3,0.15,0.15,0.055470976424558185,0.2966751652922417,0.10715674739995283,0.04451201989828929,0.05788321663877735,0.02424198506556621,0.014181743342702157,0.06121237780217632,0.038665768135735905,0.15407225029589244
2025-07-23,风险平价策略,1.0,0.3,0.15,0.15,0.05639265925295653,0.29328313150380014,0.10777577276976455,0.044895605065659816,0.057183421671132086,0.02452854933158459,0.014396513472697553,0.062205851472407564,0.03933849545999712,0.15532444757477123
2025-07-24,风险平价策略,1.0,0.3,0.15,0.15,0.05894328028770721,0.2828284178164189,0.10014981198865679,0.0544533365063763,0.06785039871334246,0.029654984355408177,0.01762483802427426,0.050571893650385114,0.03792303865743083,0.16046417147452338
2025-07-25,风险平价策略,1.0,0.3,0.15,0.15,0.05728846280081213,0.2844479196355992,0.09888090275844098,0.05288081865419148,0.06911421337349417,0.030117383156371347,0.01789421561728218,0.05102193781405428,0.03835414618975419,0.15908102803712554
2025-07-28,风险平价策略,1.0,0.3,0.15,0.15,0.057941652335526415,0.2912137890597736,0.10116138309568029,0.05304784039514323,0.06540128374366778,0.027162279248533375,0.017799533673220135,0.04780460370612286,0.03846763474233233,0.15853090053634467
2025-07-29,风险平价策略,1.0,0.3,0.15,0.15,0.05814365081167152,0.280981945692984,0.09653131014802618,0.05559811623958632,0.06971730848678169,0.028949542179402765,0.019047018068880744,0.050630821662642725,0.040400286710023894,0.16095578796510687
2025-07-30,风险平价策略,1.0,0.3,0.15,0.15,0.058143090560374276,0.28098367520404804,0.09652974789986782,0.05560088953715272,0.06971681131348001,0.028949341819453238,0.019046670585045458,0.05063014932260892,0.040399623757969405,0.1609551387322623
2025-07-31,风险平价策略,1.0,0.3,0.15,0.15,0.05377825688085156,0.28803417181208685,0.09894856399492784,0.05215022972675883,0.0677927044796801,0.0284589364755735,0.01972041352230519,0.05064686868901815,0.04046985441879792,0.1561816125437513
2025-08-01,风险平价策略,1.0,0.3,0.15,0.15,0.0540114014714863,0.2871672036151098,0.09904784600630957,0.05238395383490822,0.06813294239139617,0.028002312028746434,0.019716382712368113,0.050881530625143855,0.04065642731453156,0.15649371140057047
2025-08-04,风险平价策略,1.0,0.3,0.15,0.15,0.05411625675511415,0.2874940941964664,0.09915427615298332,0.052359991728298416,0.06832877651283703,0.027665377243266648,0.01916635865855916,0.050971253657407026,0.04074361509506792,0.15644234994043285
2025-08-05,风险平价策略,1.0,0.3,0.15,0.15,0.05413089475547804,0.28754017852004043,0.09916612556734564,0.052375129818032336,0.06835043052277827,0.02762155228162073,0.019081692067239323,0.05098046213869646,0.04075353432876873,0.15643405019085393
2025-08-06,风险平价策略,1.0,0.3,0.15,0.15,0.05417965576097157,0.28759559016375363,0.09918723026797391,0.05213862700185812,0.06842050816185437,0.02764990295334211,0.019041739897974072,0.0509972425345736,0.040789503257698555,0.15646291136572812
2025-08-07,风险平价策略,1.0,0.3,0.15,0.15,0.054204186498008566,0.2876766418587078,0.09921533486325772,0.05218050220309935,0.0684685800894169,0.027477487780115956,0.018946599277829834,0.05102167609188405,0.04080899133767984,0.1564541426124623
2025-08-08,风险平价策略,1.0,0.3,0.15,0.15,0.05433453941267541,0.28835914769708776,0.09908799010093043,0.05235050344093085,0.06771333242447106,0.027599825641865153,0.018503724404775337,0.05113811678084421,0.040912820096419764,0.1564248383257659
2025-08-11,风险平价策略,1.0,0.3,0.15,0.15,0.053909816254474774,0.287024654259853,0.09448796208894024,0.05488062224573535,0.07099781131889289,0.028825172135953533,0.019306433442857637,0.050659264604067056,0.039908263649225534,0.15678873627089704
2025-08-12,风险平价策略,1.0,0.3,0.15,0.15,0.054338889140057293,0.28646949100209074,0.0931308848687747,0.05523591892688717,0.07148399866263534,0.02900932437625653,0.01944319160232623,0.051104055668349295,0.03978424575262264,0.15736887997719964
2025-08-13,风险平价策略,1.0,0.3,0.15,0.15,0.05386320780506898,0.28685010618701995,0.09323436083688248,0.05537146794317647,0.07163600726654153,0.028753274102761205,0.019261931694687373,0.05117950438237737,0.039850139781484585,0.1568806239834376
2025-08-14,风险平价策略,1.0,0.3,0.15,0.15,0.056064243457541,0.2842230477704359,0.09207294369860565,0.05470608031125077,0.07150408202847859,0.028171638098674217,0.01944151061961002,0.052338227377590564,0.04147822663781328,0.1593954277038132
2025-08-15,风险平价策略,1.0,0.3,0.15,0.15,0.05560280058981892,0.28610430581986684,0.0903446267748905,0.05518063231928424,0.07213622840285985,0.02839502905564765,0.01959928873701233,0.0513116630854805,0.041325425215139065,0.1589838998862586
2025-08-18,风险平价策略,1.0,0.3,0.15,0.15,0.06078539091363946,0.27485183695254584,0.08105978810349011,0.05896125510310032,0.0704563442354055,0.030888666241104045,0.021013943664871297,0.05645266930532088,0.04553010548052261,0.16647930391477309
2025-08-19,风险平价策略,1.0,0.3,0.15,0.15,0.060774128905677585,0.27537282700000787,0.08120987938929228,0.05899963418604936,0.06999920832338216,0.030849894219914752,0.020959893643987763,0.05656619351797386,0.04526834081371429,0.16633914692028964
2025-08-20,风险平价策略,1.0,0.3,0.15,0.15,0.06271860900511232,0.26749489351302624,0.08093013629641967,0.05936537543881281,0.07199565027455078,0.03175451192669616,0.021427301585030603,0.058279122122676975,0.0460343998376744,0.16919117363714212
2025-08-21,风险平价策略,1.0,0.3,0.15,0.15,0.06310497156391133,0.2690029306178387,0.08139788336831706,0.0592537688931492,0.07235961802496231,0.03191975862003554,0.021518562116663212,0.05509666058547255,0.04634584620965001,0.1694097825622227
2025-08-22,风险平价策略,1.0,0.3,0.15,0.15,0.06313017722588395,0.26072526756112696,0.08380983306634542,0.06106408690746856,0.07465780052963074,0.03285287333311729,0.02214999106864246,0.05421442555268729,0.04739554475509723,0.17054591602003738
2025-08-25,风险平价策略,1.0,0.3,0.15,0.15,0.06312711205141061,0.26073527562922405,0.08381450383478191,0.061058539299982624,0.07466607769977225,0.032846751455279724,0.022144360614404064,0.05421453732094667,0.04739284209419803,0.17054018663594647
2025-08-26,风险平价策略,1.0,0.3,0.15,0.15,0.0629896174674863,0.2638782198743088,0.0847986869152112,0.059214319905356916,0.0740087460045767,0.03329191430720087,0.02238638575674591,0.051334429379549594,0.04809768038956362,0.17010629305849606
2025-08-27,风险平价策略,1.0,0.3,0.15,0.15,0.05345256884038525,0.2714498587807516,0.08700652039506099,0.061736041461050335,0.07654786188388318,0.032627044010342214,0.020020240928449153,0.047199347736395836,0.04996051596368143,0.16079250011927063
2025-08-28,风险平价策略,1.0,0.3,0.15,0.15,0.05633537369902813,0.26388115737004775,0.08268915064873707,0.06277112495374963,0.07813896822789557,0.0330268443423295,0.021107289262037105,0.04906082575045775,0.05298926574571741,0.16519627293318767
2025-08-29,风险平价策略,1.0,0.3,0.15,0.15,0.056202559422576556,0.263953157625624,0.08271075080039136,0.06280587726885017,0.07811263640139703,0.03300363917795416,0.021120412408378954,0.049083279904730735,0.0530076869900969,0.1650760174662519
2025-09-01,风险平价策略,1.0,0.3,0.15,0.15,0.055932581831655316,0.2647577981283602,0.08297293333144916,0.06311111486182348,0.07675648925452816,0.032981377360324145,0.0211119510911618,0.049202441180142074,0.05317331296055562,0.16472649359285396
2025-09-02,风险平价策略,1.0,0.3,0.15,0.15,0.05612948138324124,0.26446763880977936,0.08263134307692081,0.0630268697540795,0.07706107055339238,0.032905957492364565,0.021188588408308753,0.04922201301294912,0.053367037508964196,0.1650028032150814
2025-09-03,风险平价策略,1.0,0.3,0.15,0.15,0.05394744332714004,0.2653723309731063,0.08290681147230886,0.0634277328117913,0.07721444631922475,0.03265439178357645,0.02133053265888313,0.04949952936970219,0.05364678128426686,0.16306289546775232
2025-09-04,风险平价策略,1.0,0.3,0.15,0.15,0.05566003067997777,0.2710523525309253,0.08465511447903569,0.06215852378106026,0.073880673063319,0.03067182214046309,0.020024996216164524,0.048095946594553365,0.05380054051450106,0.16337419966670697
2025-09-05,风险平价策略,1.0,0.3,0.15,0.15,0.05645864147698618,0.2577908013357126,0.08149156333852338,0.06529517190702892,0.07797822158976213,0.03216968299236301,0.02101246710261144,0.05080570047674079,0.0569977497802716,0.16665867921878147
2025-09-08,风险平价策略,1.0,0.3,0.15,0.15,0.05699971446503068,0.2566048264648426,0.08115903117167252,0.06397777749456907,0.07880173964760873,0.03245376228474011,0.021180504927969298,0.051250838083619,0.05757180545994796,0.16739512507299573
2025-09-09,风险平价策略,1.0,0.3,0.15,0.15,0.05758476945496671,0.2549159792601041,0.08041334631858393,0.06456515618125838,0.07963027635600506,0.03259890989522813,0.020777773718996802,0.05133482436033911,0.05817896445451765,0.16820394494473745
2025-09-10,风险平价策略,1.0,0.3,0.15,0.15,0.05890081990163595,0.2446122413952602,0.07726512686991054,0.06733353846311742,0.0833077511665299,0.033933200861643836,0.021646774055245337,0.05258870142200643,0.06041184586465028,0.17142944849187744
2025-09-11,风险平价策略,1.0,0.3,0.15,0.15,0.058943245608843335,0.24478398482644426,0.07728025101292851,0.06739257375625282,0.08335426027100495,0.03388794689172477,0.02166753642974961,0.05263657934213331,0.060053621860918456,0.1713986832891597
2025-09-12,风险平价策略,1.0,0.3,0.15,0.15,0.056722417106017026,0.24650543262191305,0.07779972917429995,0.06817356441073094,0.08430314384508661,0.03321086002515549,0.020342237890296978,0.052255186572660185,0.06068742835383975,0.1691123292239031
2025-09-15,风险平价策略,1.0,0.3,0.15,0.15,0.05399661064433752,0.25226994218530363,0.07958319059894893,0.06902616321861386,0.08100836992496042,0.034094729083207126,0.020867801210411454,0.048709102612917596,0.0604440905212995,0.1660183730490095
2025-09-16,风险平价策略,1.0,0.3,0.15,0.15,0.053700079553865604,0.2525686089733593,0.07968767164972389,0.06902589440445937,0.08064392299875069,0.03415527412191343,0.02090241270984879,0.048769973163349,0.06054616242472988,0.16573403980323603
2025-09-17,风险平价策略,1.0,0.3,0.15,0.15,0.05493691949688687,0.25698327001707105,0.08104159501394223,0.06768004362769198,0.08021874189912423,0.034783378785166526,0.021257692459020667,0.04552960092566355,0.05756875777543294,0.16583112296012376
2025-09-18,风险平价策略,1.0,0.3,0.15,0.15,0.0449655657569707,0.27415428976417466,0.08631574718189461,0.05950463075979878,0.07551005370015254,0.03573168759805139,0.021910181377429002,0.05043713384164458,0.051470710019883646,0.15379183101118926
2025-09-19,风险平价策略,1.0,0.3,0.15,0.15,0.047105179954663935,0.2642220474458886,0.0833337111769599,0.06226444492990779,0.07925710556378116,0.03470220213959131,0.02228938114671723,0.05283912102764219,0.053986806614847796,0.1575382326950803
2025-09-22,风险平价策略,1.0,0.3,0.15,0.15,0.04606555306715539,0.26509925629160463,0.08361412837115714,0.06265185326221981,0.07853311134247504,0.03455758461230454,0.022121569590608684,0.053100197345247964,0.05425674611722677,0.15651194145054684
2025-09-23,风险平价策略,1.0,0.3,0.15,0.15,0.0527032875014292,0.25553004996319845,0.08172946168288289,0.06686058353795998,0.0836113187480571,0.036910022168952596,0.022046211630940282,0.03831796495953197,0.06229109980704733,0.16500585108175128
2025-09-24,风险平价策略,1.0,0.3,0.15,0.15,0.05278358834123632,0.25511368161485015,0.08153517550522409,0.0669658412030755,0.08376481453294773,0.03697093795014151,0.022080995878919252,0.03838944155802781,0.062395523415577685,0.1651674461663161
2025-09-25,风险平价策略,1.0,0.3,0.15,0.15,0.05191664966275809,0.2549253419383097,0.08205370066136562,0.06747313402992827,0.08430829537968319,0.0371834946981831,0.022212439409110187,0.03861416025256878,0.061312783968093025,0.16429409200332834
2025-09-26,风险平价策略,1.0,0.3,0.15,0.15,0.05215588631895357,0.25602402727760154,0.08239733198896018,0.06682344687242052,0.0842658570141266,0.03665175156724323,0.022352549945336756,0.03773727824120532,0.06159187077415232,0.1643858259592476
2025-09-29,风险平价策略,1.0,0.3,0.15,0.15,0.05206107197002201,0.25693946090228664,0.08120851274208266,0.06673740031458,0.08427368769767794,0.036770663691825384,0.022423840666603728,0.037772351671368345,0.06181301034355311,0.16435144866604084
2025-09-30,风险平价策略,1.0,0.3,0.15,0.15,0.05032727166652785,0.25959852465290234,0.08201953755161698,0.0678507821025165,0.08321666878459405,0.03524884994322388,0.021133531062114092,0.037959588342706706,0.06264524589379747,0.16231945356740868
2025-10-09,风险平价策略,1.0,0.3,0.15,0.15,0.0503787016414556,0.25968447014368123,0.08205373476871014,0.06790500035639983,0.08327130124435829,0.03521082006319953,0.02083583768127748,0.03799656724458839,0.06266356685632941,0.1623003683199259
2025-10-10,风险平价策略,1.0,0.3,0.15,0.15,0.05580000003972025,0.27243007620310417,0.07978724152755898,0.0623456132986994,0.08107814127943877,0.03467703776085403,0.020342749489500066,0.03905402579792006,0.05448511460320419,0.1642855464522899
2025-10-13,风险平价策略,1.0,0.3,0.15,0.15,0.05672262182885404,0.27526876922090865,0.08071120901682081,0.05910826895633829,0.0788802244785566,0.034553062794097415,0.019777503955509965,0.039590339671943794,0.055388000076970346,0.1645762665794651
2025-10-14,风险平价策略,1.0,0.3,0.15,0.15,0.057658512913502075,0.2787097696858519,0.08175983653749198,0.056010930540623186,0.07938368530503069,0.03258194011267968,0.01957078902161778,0.03802445543352041,0.05630008044968225,0.16488617155616953
2025-10-15,风险平价策略,1.0,0.3,0.15,0.15,0.05780823174321034,0.2783238224521012,0.08153760700832079,0.0561606630538331,0.07960888085386894,0.03248586768266771,0.019490616247573905,0.038139639155167035,0.056444671803257004,0.16508859058052208
2025-10-16,风险平价策略,1.0,0.3,0.15,0.15,0.05798277427976861,0.2789117116626133,0.08172316117241568,0.05469129786330757,0.07994793448549155,0.03259803342872974,0.019543549910163285,0.03796748773009757,0.056634049467412614,0.1651729112156871
2025-10-17,风险平价策略,1.0,0.3,0.15,0.15,0.057091745580126176,0.2859546203294347,0.08383408435764554,0.05185828723784564,0.07755135732478058,0.0312853503690827,0.01842042019727519,0.03546651725767993,0.05853761734612946,0.16335208256255127
2025-10-20,风险平价策略,1.0,0.3,0.15,0.15,0.061423886021356205,0.2802791425206913,0.08364596375064463,0.05574854719505175,0.08326894695060134,0.03238203488236947,0.019639038258188007,0.037947818100291665,0.04566462232080551,0.16636471061069666
2025-10-21,风险平价策略,1.0,0.3,0.15,0.15,0.061430966004393864,0.2802843670109129,0.08364768520232777,0.05574601663453122,0.08327088996606674,0.032384273219721954,0.019641301989022936,0.037932351305959254,0.04566214866706339,0.16637031487627127
2025-10-22,风险平价策略,1.0,0.3,0.15,0.15,0.062222431019595514,0.28516164575353387,0.0850617902298697,0.05647362283839988,0.08414697520079416,0.03269032901116023,0.01976828441421747,0.037888610617385056,0.03658631091504407,0.16515675074211764
2025-10-23,风险平价策略,1.0,0.3,0.15,0.15,0.06298511280555777,0.28287433096971387,0.08431791164755464,0.05714696055795843,0.08518546427818688,0.03308863815601343,0.019996459028136276,0.038384400056751374,0.036020722500127174,0.16614576431890077
2025-10-24,风险平价策略,1.0,0.3,0.15,0.15,0.06114607774701059,0.2835446217889518,0.08395293825991172,0.057612130591218426,0.08590355416042471,0.033338907744458544,0.020154973339631434,0.03846580183993925,0.03588099452845347,0.16455928825739197
2025-10-27,风险平价策略,1.0,0.3,0.15,0.15,0.06115090168741702,0.2835957572429581,0.08396733902014102,0.05760710403000054,0.08591758789157325,0.033336278549804824,0.02015376603011099,0.03846081007380052,0.03581045547419375,0.1645463186024205
2025-10-28,风险平价策略,1.0,0.3,0.15,0.15,0.06537009745782964,0.2984737137293388,0.0887349749167262,0.049085072701953295,0.07321013513588563,0.03565521737530254,0.019874060746378645,0.0407966419018503,0.028800086034734967,0.16462459623056258
2025-10-29,风险平价策略,1.0,0.3,0.15,0.15,0.06310100829162205,0.3000414335622963,0.08846818625997525,0.04931129697072588,0.07358338805505774,0.03584473094563139,0.019975718461836954,0.04076237294316104,0.02891186450969338,0.16256886776167384
2025-10-30,风险平价策略,1.0,0.3,0.15,0.15,0.06378017078377803,0.30205172631646354,0.08909780472086408,0.04752317564429585,0.07307952556181856,0.034158769932919435,0.019901369311988434,0.04121254478670195,0.02919491294117003,0.16279042188494258
2025-10-31,风险平价策略,1.0,0.3,0.15,0.15,0.06358813944502019,0.3025726456161623,0.08928320705179041,0.04618351614954708,0.07346286067711254,0.03429567276636418,0.019963806413025423,0.041345640108246685,0.029304511772731048,0.16255891516316612
2025-11-03,风险平价策略,1.0,0.3,0.15,0.15,0.06358920603516285,0.3027155682314039,0.0891336725128858,0.04618521600182926,0.07346297040797253,0.03429602207868648,0.019962692496382217,0.04134763189320472,0.02930702034247219,0.16255703188638837
2025-11-04,风险平价策略,1.0,0.3,0.15,0.15,0.06544131732535298,0.30601606649886276,0.09131230580654577,0.04124200027843488,0.07001839169950246,0.035514808141155776,0.01988095971356916,0.04138705845649989,0.029187092080076277,0.16341112486872678
2025-11-05,风险平价策略,0.7,0.21,0.105,0.105,0.07421825120746743,0.3449005190514142,0.10320802595267653,0.04672744262464551,0.07830735099163005,0.04020641032575233,0.02255492079527856,0.04694776272690087,0.032929316324234494,0.16678281459514052
2025-11-06,风险平价策略,0.7,0.21,0.105,0.105,0.07468943941057622,0.342865876157909,0.10248979428281478,0.0471752758731218,0.07910757633718433,0.04065731169878134,0.0225157474696587,0.04723247644182182,0.033266502328132046,0.16756245715071108
2025-11-07,风险平价策略,0.7,0.21,0.105,0.105,0.07594931405946019,0.3397972396666937,0.10314377132364178,0.04703445631006516,0.07936418358171396,0.04053754136839795,0.022941703123267255,0.047392734790243446,0.033839055776516615,0.16909393417222376
2025-11-10,风险平价策略,0.7,0.21,0.105,0.105,0.07594505784032834,0.3397540916965304,0.10313565159859897,0.047042176672757195,0.07938263443118414,0.040543849018316494,0.02294544330429695,0.04740708466718765,0.03384401077079992,0.16909790270234937
2025-11-11,风险平价策略,0.7,0.21,0.105,0.105,0.07648354171686698,0.3407631926248532,0.10375343838036412,0.04744671398001695,0.07834883250759299,0.039144714909736866,0.022867008444207748,0.047178749581808704,0.03401380785455247,0.1693467287712357
2025-11-12,风险平价策略,0.7,0.21,0.105,0.105,0.07648915330254645,0.34073622851066027,0.10375755470389948,0.04745466670771965,0.07837887653507758,0.03914981806079997,0.022868295332976372,0.04718311116038416,0.03398229568593606,0.16935097448915595
2025-11-13,风险平价策略,0.7,0.21,0.105,0.105,0.07635289190890472,0.3353103297529386,0.1031418887787351,0.04887169994520237,0.08089365583412415,0.0406683706764,0.021002459993539176,0.04879665370440623,0.03496204940574971,0.16982255054446047
2025-11-14,风险平价策略,0.7,0.21,0.105,0.105,0.07534004350864595,0.3406006219137857,0.10482935230622127,0.04773941877984221,0.07415685962057701,0.04157414975500412,0.021460836721205474,0.04975691503587821,0.03454180235884013,0.16807510804014458
2025-11-17,风险平价策略,0.7,0.21,0.105,0.105,0.06774106016446382,0.3554304170883786,0.10937625499176666,0.047676346300660234,0.07125102006893415,0.04283361000627928,0.022480918344027996,0.04326994604716764,0.029940426988321712,0.15900803207441505
2025-11-18,风险平价策略,0.7,0.21,0.105,0.105,0.06532603669421362,0.3640343725811064,0.11210492023802865,0.04583696361293234,0.06305062732838354,0.04261520771371046,0.02320981260663288,0.0445963861592457,0.029225673065746468,0.1555066005758175
2025-11-19,风险平价策略,0.5,0.15,0.075,0.075,0.07119125120761657,0.3907149753636184,0.11836301038908437,0.0498999289773173,0.06867865477090204,0.04646324618763858,0.025313426600758488,0.04752067623215304,0.03185483027091122,0.15794593826105266
2025-11-20,风险平价策略,0.5,0.15,0.075,0.075,0.07166089343912227,0.39398594146409505,0.1164247425786979,0.05025141253354472,0.068208941855783,0.04615165442626372,0.024311439312938107,0.0474645368830622,0.0315404375064931,0.15791258993617316
2025-11-21,风险平价策略,0.5,0.15,0.075,0.075,0.059859609579898436,0.40512162547313924,0.11659993808991717,0.051354780708916234,0.06382931081430053,0.046716852069452836,0.02371339711935889,0.05078168078300957,0.032022805362007106,0.14634525769809253
2025-11-24,风险平价策略,0.5,0.15,0.075,0.075,0.05935114458137445,0.4053375860403074,0.11666987486092903,0.05140005032122636,0.063902582429719,0.04675428965185691,0.023731424594189383,0.05080800485626529,0.032045042664132085,0.1458864369038076
2025-11-25,风险平价策略,0.5,0.15,0.075,0.075,0.06052236000921769,0.4009898933312328,0.11541935178872852,0.05236516642345207,0.06514002229734159,0.04672077405144094,0.024258792467640074,0.051907967988531936,0.03267567164241432,0.14772147420403686
2025-11-26,风险平价策略,0.5,0.15,0.075,0.075,0.06458906263296321,0.3635166992653386,0.11473110733031984,0.05869358641378902,0.07291812857655641,0.05303112776372694,0.026501429426538835,0.059085633607095754,0.036933224983671346,0.15698959438024437
2025-11-27,风险平价策略,0.5,0.15,0.075,0.075,0.06468632658611799,0.36391013116607274,0.11487319083845504,0.058807997376739,0.0730486683226469,0.051932763470590525,0.026580178447239543,0.059193469888339664,0.036967273903798614,0.15700502059075913
2025-11-28,风险平价策略,0.5,0.15,0.075,0.075,0.06464253150372783,0.36402275285535746,0.11491364967751581,0.058830109863928275,0.07307522722292026,0.051951972675509245,0.02658987479317829,0.058993300339325545,0.036980581068537306,0.15695792377483972
2025-12-01,风险平价策略,0.5,0.15,0.075,0.075,0.06467887227541463,0.3643600253822509,0.11464979862392444,0.05885476385764487,0.07311738584613107,0.05198290116305737,0.026603707713952818,0.05875277474783794,0.03699977038978604,0.15698398288631496
2025-12-02,风险平价策略,0.5,0.15,0.075,0.075,0.06474636372655147,0.36531720740178425,0.11117255515031892,0.05834419725439412,0.07455163894691932,0.052298163700220106,0.026787478806848505,0.05983775051133103,0.03694464450163238,0.1572873445354812
2025-12-03,风险平价策略,0.5,0.15,0.075,0.075,0.06367704410793892,0.36855187768160996,0.10918154130059697,0.05869996230999473,0.07504745857788532,0.05160187876924518,0.026209219609365376,0.06010991352251503,0.03692110412084846,0.15606097303460295
2025-12-04,风险平价策略,0.5,0.15,0.075,0.075,0.06824233859311454,0.3377753693780131,0.10238191032373004,0.06566266753651315,0.08415924265254424,0.057318629409452516,0.02973849616339394,0.06419630469396129,0.04052504124927708,0.1657303409059061
2025-12-05,风险平价策略,0.5,0.15,0.075,0.075,0.06728372461037634,0.33940524312398457,0.10290654322962818,0.06606401782401428,0.08470442738912573,0.05550770191366273,0.029982306250304517,0.06342678963309686,0.04071924602580677,0.16471465294900836
2025-12-08,风险平价策略,0.5,0.15,0.075,0.075,0.06698870523692238,0.34465424457439636,0.10149568894646144,0.0669482985968302,0.0840027879482594,0.056251937738609224,0.03035502420116421,0.05846545300326474,0.040837859754092036,0.164143566427326
2025-12-09,风险平价策略,0.5,0.15,0.075,0.075,0.06597779914887432,0.37561357125515477,0.11150152723023982,0.05367179866704111,0.057689547479856954,0.05437383548058818,0.027824449001059803,0.060201892031379815,0.04314557970580517,0.15781541416901282
2025-12-10,风险平价策略,0.5,0.15,0.075,0.075,0.06516337460027018,0.3767450087960236,0.11187524630425773,0.05389916983364121,0.05794405130297775,0.05359659002829427,0.027714723801209668,0.059779258294264837,0.043282577039060764,0.15694123458763126
2025-12-11,风险平价策略,0.5,0.15,0.075,0.075,0.06486286771759635,0.37706308230167335,0.11197820827383588,0.0539783053282138,0.057919186652167144,0.05369059977086682,0.02750427355019038,0.05967517128733458,0.0433283051181216,0.15661042110322676
2025-12-12,风险平价策略,0.5,0.15,0.075,0.075,0.066767658565388,0.37552824518354194,0.10724951356588477,0.05533674173974482,0.05936143347022214,0.05196812686878878,0.027924852839278893,0.06143569623332755,0.04442773153382301,0.15906698822293186
2025-12-15,风险平价策略,0.5,0.15,0.075,0.075,0.07185212876749345,0.37847547188811703,0.09780394871867366,0.04952534412635204,0.05631408633599637,0.05588408332309819,0.029619134855296204,0.06269040137260373,0.04783540061236939,0.1646606035431292
2025-12-16,风险平价策略,0.5,0.15,0.075,0.075,0.06992943045132265,0.3849081261660231,0.09767779569320176,0.048626611993374154,0.05627727622088128,0.05465988852198788,0.02849113976969912,0.06400629588969348,0.0454234352938165,0.16166937162738462
2025-12-17,风险平价策略,0.5,0.15,0.075,0.075,0.07009868635854581,0.3855633900939454,0.09786652664716103,0.04872749184235567,0.0563983253702593,0.0548115000223579,0.028209951503803458,0.06281584262129954,0.045508285540271906,0.16170474717433392
2025-12-18,风险平价策略,0.5,0.15,0.075,0.075,0.07013717715066062,0.38569364745802076,0.09790623336356935,0.04863043234471618,0.05644179713059001,0.05483451563594632,0.028224365297944243,0.0626013496830637,0.04553048193548874,0.16172676167552677
2025-12-19,风险平价策略,0.5,0.15,0.075,0.075,0.07020876144529067,0.385976789588419,0.09798637678610479,0.04867527228976491,0.05649339836775586,0.054900425089428925,0.02808277625014485,0.06214830411969391,0.045527896063396904,0.16173113842807033
2025-12-22,风险平价策略,0.5,0.15,0.075,0.075,0.06904434144932683,0.3789349303648871,0.09605861294582271,0.050280809436517866,0.0583610969376494,0.05680584122469186,0.029059925985071396,0.06437832074081329,0.04707612091521951,0.16221001525159456
2025-12-23,风险平价策略,0.7,0.21,0.105,0.105,0.06418027659126159,0.35227666002661207,0.08930391842330102,0.04657539987330504,0.05420751445928878,0.052811225088549345,0.027019513473443134,0.05985456319487604,0.04377092886936296,0.16063876118161766
2025-12-24,风险平价策略,0.7,0.21,0.105,0.105,0.06423303586218296,0.3525223279395422,0.08937656941487176,0.04661081968945929,0.0542510246209022,0.05285560229145431,0.0270414653669323,0.059306160318370264,0.04380299449628472,0.16066617822838636
2025-12-25,风险平价策略,0.7,0.21,0.105,0.105,0.06469232468063707,0.35273888725247576,0.088355585121292,0.04695599194912686,0.05406397377419789,0.053199438223750097,0.026972319411691786,0.05968247830508529,0.043339001281743166,0.1610604598820736
2025-12-26,风险平价策略,0.7,0.21,0.105,0.105,0.0645091776832182,0.35284044722858277,0.08837646874013604,0.04696803017885271,0.05408393628525402,0.05321590246523946,0.02695311151986925,0.05970186660707729,0.043351059291770244,0.16088856530126125
2025-12-29,风险平价策略,0.7,0.21,0.105,0.105,0.07906479549887939,0.3230983462172131,0.08428605375762241,0.05664373631550152,0.06509909715176752,0.04156581798097095,0.028851067783531168,0.06531918608402962,0.046071899210484386,0.17792556691430841
2025-12-30,风险平价策略,0.7,0.21,0.105,0.105,0.07975475747719386,0.32341300171485676,0.08545265638126849,0.05501172725445391,0.0663254718232054,0.04212843621024179,0.029269659731262016,0.06623619536437785,0.04240809404313999,0.17793976419074747
2025-12-31,风险平价策略,1.0,0.3,0.15,0.15,0.07272196079811297,0.2868629261884061,0.07481342435542256,0.050063111181325344,0.06031969975665212,0.03710143565291867,0.025761750023496323,0.05530932759239169,0.03704636445127425,0.17540965362255334
2026-01-05,风险平价策略,1.0,0.3,0.15,0.15,0.07186953584982703,0.28899393455317235,0.07492285243718323,0.05042042805545293,0.06081749306477355,0.03562593771193274,0.02427288160811726,0.055785561960399896,0.037291374759140995,0.1741560337277893
2026-01-06,风险平价策略,1.0,0.3,0.15,0.15,0.0726211379794722,0.2856969978302678,0.07475613997425255,0.050900972835430755,0.061389603906879406,0.03603773286394728,0.02452415294036647,0.056394100945077595,0.03767916072430593,0.1753234038561652
2026-01-07,风险平价策略,1.0,0.3,0.15,0.15,0.0727641972812618,0.2857299663414149,0.07360245530288927,0.04442634367372285,0.06567439991068383,0.03815254057241474,0.022391885853693134,0.05929985205933025,0.03795835900458925,0.17519234483793694
2026-01-08,风险平价策略,1.0,0.3,0.15,0.15,0.06886875952358013,0.30762556944825703,0.08009832742766443,0.03831001952756978,0.04699698058510779,0.036237139451168056,0.025054974679085514,0.054992712323625396,0.041815517033941915,0.16924873812477917
2026-01-09,风险平价策略,1.0,0.3,0.15,0.15,0.06889834263029877,0.30753681764800933,0.08004352196075841,0.03832837474258502,0.04701498473069268,0.03625581599648529,0.025069199507889595,0.05501877074813949,0.041834172035141386,0.16929551761428627
2026-01-12,风险平价策略,1.0,0.3,0.15,0.15,0.06890584070916228,0.3075389228643838,0.08004264717438264,0.03832509854017637,0.047011323707035084,0.03625276962186123,0.025068610726596826,0.05502319162582546,0.041831595030576305,0.1693010614871909
2026-01-13,风险平价策略,1.0,0.3,0.15,0.15,0.07030953082578507,0.31063938922664885,0.0810197693182012,0.036346318647477956,0.044918298874411844,0.036797823465212244,0.025453757179610688,0.05199998070592935,0.0425151317567228,0.17019390949607843
2026-01-14,风险平价策略,1.0,0.3,0.15,0.15,0.06728292206576098,0.3129964159100656,0.08116179946980481,0.03663102470404474,0.0453434397689868,0.03651997650146761,0.025678437271022064,0.05156348042700802,0.042822503881839225,0.16740088622709048
2026-01-15,风险平价策略,1.0,0.3,0.15,0.15,0.06700468059037955,0.3191565820852565,0.08191870901789781,0.03474367431093881,0.043600492683293295,0.0342891453967971,0.0260043093550053,0.05111892844720201,0.042163478113229534,0.16621636559338074
2026-01-16,风险平价策略,1.0,0.3,0.15,0.15,0.06168970679744536,0.3304399024995408,0.08477835527681002,0.03134609633286217,0.03840498041202079,0.034446056126372734,0.024495183176038375,0.05104137872187972,0.04335834065702992,0.15981979717858405
2026-01-19,风险平价策略,1.0,0.3,0.15,0.15,0.061774504036015206,0.3304360934170924,0.08445814287681183,0.03138410577596539,0.03844677948680689,0.03450068195957722,0.02447011212331018,0.05111508454736068,0.043414495777060136,0.15992782677864778
2026-01-20,风险平价策略,1.0,0.3,0.15,0.15,0.06181832469495125,0.33046317891742244,0.08447245752639643,0.03141193706990556,0.038265882456910164,0.034520402608723556,0.0244687472227551,0.05114417201663399,0.04343489748630136,0.15996095938158858
2026-01-21,风险平价策略,1.0,0.3,0.15,0.15,0.06017598945601437,0.33155524330775665,0.08475593248480834,0.031553970382866905,0.03846274770484945,0.03465732656984272,0.024571430455366455,0.05067589672629242,0.04359146291220273,0.15845342150940864
2026-01-22,风险平价策略,1.0,0.3,0.15,0.15,0.06066776508505339,0.3303556962157813,0.08507977416063865,0.03139498622522476,0.03832965019893927,0.03493499731295664,0.024765401669802244,0.05108998474162936,0.043381744389974296,0.15898905254949008
2026-01-23,风险平价策略,1.0,0.3,0.15,0.15,0.05998285481025347,0.33142975064829877,0.08538969729788956,0.03154379532983835,0.03851323277113379,0.035102523683805106,0.0243940062860072,0.050105144790770155,0.04353899438200351,0.15822530622504125
2026-01-26,风险平价策略,1.0,0.3,0.15,0.15,0.060030049997429474,0.3312965630328757,0.0854539288816058,0.031572871387556836,0.038435751354114665,0.03507848096796798,0.024416169636750966,0.05014720023650613,0.04356898450519249,0.15828150789651366
2026-01-27,风险平价策略,1.0,0.3,0.15,0.15,0.05627789663834051,0.3436885614093097,0.08173726865394863,0.03248473142597217,0.039592798787368606,0.028168735052159253,0.02230037935098248,0.05106787617901183,0.04468175250290678,0.15356389989567212
2026-01-28,风险平价策略,1.0,0.3,0.15,0.15,0.056266595487983864,0.34372634308371713,0.08172992017811913,0.03248288417635466,0.039590503434329974,0.028166072138198134,0.0222963426531884,0.05106573596463899,0.044675602883469716,0.15354876848698085
2026-01-29,风险平价策略,1.0,0.3,0.15,0.15,0.056296228677311044,0.3438250629701529,0.08176812839075555,0.03250049369303294,0.039512155332700735,0.02800584136557938,0.02231125213644718,0.05109040418894759,0.04469043324507267,0.15355795308421516
2026-01-30,风险平价策略,1.0,0.3,0.15,0.15,0.06602614187223313,0.38852758457349035,0.08370648534924593,0.020372206085843534,0.025026643133418652,0.02732967099571131,0.0251369497306891,0.04509336271456277,0.018780955544805154,0.15299914431764466
2026-02-02,风险平价策略,1.0,0.3,0.15,0.15,0.05624070826571715,0.40521203568265696,0.10542832573182151,0.01655763164529945,0.016153234251093974,0.0219235881157357,0.018109580314810574,0.051321827257077915,0.009053068735786762,0.13760493645765248
2026-02-03,风险平价策略,1.0,0.3,0.15,0.15,0.05574360871596579,0.4068160586138234,0.10517999019001668,0.016627591984840914,0.016217333966828826,0.02200888226665319,0.018177578647421297,0.050145902652991174,0.009083052961458695,0.1370487551696825
2026-02-04,风险平价策略,1.0,0.3,0.15,0.15,0.05586467941728609,0.4071731312808369,0.10454988236575533,0.01666080432865236,0.016247410373808818,0.02205892378073176,0.018217056806563662,0.05012815502373956,0.009099956622625395,0.13718093939823459
2026-02-05,风险平价策略,1.0,0.3,0.15,0.15,0.056550399633339694,0.40827158983212325,0.10489551268975003,0.01529527257060967,0.015590896492326001,0.02127091096055581,0.01848437501876175,0.05076461697368176,0.0088764258288521,0.13755960637165546
2026-02-06,风险平价策略,1.0,0.3,0.15,0.15,0.05625075248427855,0.40853238862529195,0.10492702266973813,0.015223774746409012,0.015584665369222366,0.021300992898281988,0.018511281646430806,0.05083086488858346,0.008838256671763666,0.13726726697507424
2026-02-09,风险平价策略,1.0,0.3,0.15,0.15,0.0562973327899767,0.4086872836984774,0.10498271954604035,0.015232034400427598,0.015594898245605508,0.021317785298806097,0.01837702778562709,0.050666916411075465,0.008844001823963851,0.13726365211945335
2026-02-10,风险平价策略,1.0,0.3,0.15,0.15,0.05631880354441568,0.4086922890070324,0.10493010813170614,0.015225762294495435,0.015596466695722282,0.021324991977340113,0.01838243714196997,0.05068803686813094,0.008841104339186903,0.1372867553440192
2026-02-11,风险平价策略,1.0,0.3,0.15,0.15,0.056311488211571246,0.40871132946146826,0.10492913625809328,0.015225076150971534,0.01559528466185165,0.02132379217951471,0.018381814693033946,0.05068149768710263,0.008840580696392692,0.13727816865766598
2026-02-12,风险平价策略,1.0,0.3,0.15,0.15,0.05413231686526158,0.41049232899151267,0.10495254423596591,0.015305425064944941,0.0156453745968883,0.021134655078027326,0.01851099440533037,0.05096655883859247,0.008859801923476338,0.13521718700830176
2026-02-13,风险平价策略,1.0,0.3,0.15,0.15,0.05184672822413285,0.4036520925524674,0.11127448500283102,0.0151713330659535,0.015572450117776068,0.022225217335136653,0.01705188263050771,0.05402603927545546,0.009179771795739276,0.13324937069483472
2026-02-24,风险平价策略,1.0,0.3,0.15,0.15,0.05193039067615263,0.4039711520507643,0.11148465234487075,0.015194764490169863,0.01559509655692772,0.022254929558997025,0.017072391484279602,0.05330521682932409,0.009191406008513994,0.1332800550323959
2026-02-25,风险平价策略,1.0,0.3,0.15,0.15,0.05336721222822214,0.3998838527150357,0.10874886224184181,0.01589428981870959,0.016305172928079995,0.022753739266076507,0.017440838603642164,0.055990828734793704,0.009615203463598428,0.1353739344314057
2026-02-26,风险平价策略,1.0,0.3,0.15,0.15,0.05528464602045347,0.39745423127135415,0.10493021388063767,0.01642824415849097,0.016942243313009624,0.02292597019844994,0.017728997301500734,0.05837346245594489,0.009931991400158505,0.13774699227324325
2026-02-27,风险平价策略,1.0,0.3,0.15,0.15,0.05528326319627663,0.3974766706116213,0.10492492613222013,0.016428187715861364,0.01694082820169369,0.02291574445247753,0.017729171495225453,0.05836927519262759,0.009931933001996332,0.13774342726598088
2026-03-02,风险平价策略,0.7,0.21,0.105,0.105,0.0624154712711725,0.44862383333137246,0.11845355554312759,0.018543064873290764,0.019125108280034327,0.025870885788061012,0.020014466349837983,0.06574130200740143,0.011212312555702066,0.1374691491786225
2026-03-03,风险平价策略,0.7,0.21,0.105,0.105,0.06299993978584656,0.4469449007271449,0.11929435610501742,0.018243802392680593,0.018588644936429616,0.026133499510478782,0.020213245405066277,0.06637113847914121,0.011210472658194592,0.13810958547491914
2026-03-04,风险平价策略,0.7,0.21,0.105,0.105,0.05801095942506027,0.4506325439013255,0.12025357780238921,0.018305855650402002,0.018858648429854234,0.026481040244691334,0.02050908419120859,0.06597048164865693,0.010977808706411983,0.1333504054004589
2026-03-05,风险平价策略,0.7,0.21,0.105,0.105,0.05803561014984895,0.45051662060406156,0.12030144160481872,0.018283528719969442,0.018869013478371475,0.02649409389870049,0.020518036412304184,0.06600063786294388,0.010981017268981383,0.1333825398691399
2026-03-06,风险平价策略,0.7,0.21,0.105,0.105,0.058064094234086455,0.45036389943005184,0.1203656808530358,0.018296086041665532,0.018848584465371295,0.026510714638488128,0.020532046941599744,0.06605707732861911,0.010961816067082164,0.13341842810497384
2026-03-09,风险平价策略,0.7,0.21,0.105,0.105,0.06406887580877178,0.4385866257371339,0.10794599694775085,0.019597029787373682,0.02085122132275358,0.02983012562362284,0.023051786860088404,0.07394836383958796,0.012119974072916958,0.1417571346680154
2026-03-10,风险平价策略,0.7,0.21,0.105,0.105,0.06609274452257843,0.4499526354340065,0.11079942234526743,0.020503971571533813,0.021692946070069236,0.027551568964484994,0.012975577184904063,0.06770252296235159,0.012728610944804184,0.1402343288211311
2026-03-11,风险平价策略,0.7,0.21,0.105,0.105,0.06644116709212694,0.44932029501725906,0.11035372419826824,0.020529228539042297,0.02180118742975594,0.02770710006429251,0.012991904106556061,0.06806418396448465,0.012791209588214314,0.14066222615759022
2026-03-12,风险平价策略,1.0,0.3,0.15,0.15,0.05891958092043866,0.3984923750191609,0.09784438159382243,0.018188452219922907,0.019335981722826856,0.024571938921400055,0.011521559654963955,0.059799578233681545,0.011326151713782685,0.140587415162913
2026-03-13,风险平价策略,1.0,0.3,0.15,0.15,0.060786337319456984,0.3946173253162814,0.09731226033666972,0.018450383385223867,0.019378792680775782,0.02451730493889705,0.011866072430959714,0.061640681603243895,0.011430841988491576,0.14274906102247642
2026-03-16,风险平价策略,1.0,0.3,0.15,0.15,0.06488717091135164,0.3941122163836625,0.09724916887726967,0.019231637110572374,0.02067108908305286,0.02618573349187648,0.01265248943457654,0.0532347104236495,0.011775784283988372,0.1467049742230614
2026-03-17,风险平价策略,1.0,0.3,0.15,0.15,0.0650300003665421,0.3944979269011877,0.09733511060191027,0.019183146566629467,0.020511813579183323,0.025818067810705704,0.012566282475732674,0.05326819043348988,0.01178946126461892,0.14674659352299876
2026-03-18,风险平价策略,0.7,0.21,0.105,0.105,0.07063594268156691,0.45370573384353646,0.11198956224422012,0.021546191060053302,0.023014053323329373,0.02708520449619154,0.013481266874348074,0.05490572697693349,0.013636318499820726,0.14398210709230266
2026-03-19,风险平价策略,0.7,0.21,0.105,0.105,0.0698972009470013,0.4573874996118246,0.11258456634007812,0.018896863460844186,0.02150472101883914,0.0276873936409681,0.013617653567532402,0.05581683889975643,0.012607262513155802,0.14267609889227706
2026-03-20,风险平价策略,0.7,0.21,0.105,0.105,0.07039416672638799,0.45912262208851634,0.11047758924254358,0.020360194524694182,0.022312431811875606,0.025067867562921713,0.012649036407055649,0.05700907131242153,0.012607020323583464,0.1428741060517519
2026-03-23,风险平价策略,0.5,0.15,0.075,0.075,0.049680822862794474,0.49143697157432076,0.13867705545364267,0.022115332243928035,0.02536654017138529,0.03216347942340085,0.015870222146172723,0.06336945579850281,0.011320120325852251,0.11945162504508218
2026-03-24,风险平价策略,0.5,0.15,0.075,0.075,0.0512157827173286,0.5044686722105969,0.14376253304146844,0.02269217480855477,0.026390714560569524,0.023193689611186518,0.012134194330748135,0.0545110242834818,0.011631214436065247,0.11803793109241885
2026-03-25,风险平价策略,0.7,0.21,0.105,0.105,0.04787697427149997,0.4700893741410905,0.13376475534246715,0.021201976276274438,0.024670321865608993,0.021210278753896552,0.011207153566684247,0.04911223060160632,0.010866935180871902,0.11967638245320628
2026-03-26,风险平价策略,0.7,0.21,0.105,0.105,0.04773112882998243,0.4703663555585282,0.13376137579985667,0.02119623646576403,0.02457555691643355,0.0212185043809058,0.011209101402884381,0.049138482984743735,0.010803257660901282,0.11950881657683611
2026-03-27,风险平价策略,0.5,0.15,0.075,0.075,0.05130804091015305,0.5078658752671787,0.14236335984778553,0.022876666126982245,0.02651582965129147,0.022916737746855657,0.01210316148758454,0.05239068266030879,0.011659646301860036,0.11787000191209906
2026-03-30,风险平价策略,0.5,0.15,0.075,0.075,0.05131742970382477,0.5079914577494844,0.14238709033730756,0.022855070110270825,0.026528239184121134,0.022708565533836142,0.012119881267917172,0.052430016506702176,0.011662249606535922,0.11785805033371695
2026-03-31,风险平价策略,0.5,0.15,0.075,0.075,0.05147186453940285,0.5091185656779816,0.14283255052667668,0.022733327961938964,0.026628962546919082,0.02240940871556414,0.011898313182026365,0.05120975070618876,0.011697256143301577,0.11778898170092683
2026-04-01,风险平价策略,0.5,0.15,0.075,0.075,0.06022027387174065,0.4802772492473154,0.15589926122374306,0.026884021850106386,0.029380285081341037,0.021053897564894595,0.010427371260625701,0.05204189452079806,0.01381574537943501,0.12757423365652013
2026-04-02,风险平价策略,0.5,0.15,0.075,0.075,0.06054556481093793,0.48178062708153147,0.1545685550820336,0.02652281193228051,0.02956384805894728,0.021115000634498483,0.01045116488976381,0.05188638545876039,0.01356604205124638,0.12777001859725134
2026-04-03,风险平价策略,0.5,0.15,0.075,0.075,0.05870071060849858,0.48352202442021996,0.15493370555605224,0.026647142954983456,0.029563781552967603,0.02118488784543364,0.010485618166058292,0.05131183650057981,0.013650292395206329,0.1259786437806744
2026-04-07,风险平价策略,0.5,0.15,0.075,0.075,0.05763531140128755,0.48449068489911085,0.1551090042469597,0.026696529423081615,0.02957159267857362,0.02089674573107266,0.010425283225007763,0.051487041499695026,0.013687806895211105,0.12492036700428245
2026-04-08,风险平价策略,0.5,0.15,0.075,0.075,0.057498769359961024,0.4881430436903292,0.1555693454631167,0.026570137778579056,0.029678387808403473,0.017289710010888353,0.0089617533087377,0.05267309134757318,0.013615761232411204,0.12394750360019903
2026-04-09,风险平价策略,0.5,0.15,0.075,0.075,0.05681887691878432,0.4869310732136896,0.15698101361889016,0.026709697724048624,0.02940114190411066,0.017428351481178106,0.00902993155410688,0.05317262833043849,0.013527285254753094,0.1233714181739789
2026-04-10,风险平价策略,0.5,0.15,0.075,0.075,0.05678576802382947,0.48579034325205056,0.15786495084906818,0.026825541304954573,0.029547084602258872,0.016987309629433945,0.009096650218748024,0.053513799173476165,0.013588552946180246,0.1234037537172238
2026-04-13,风险平价策略,0.5,0.15,0.075,0.075,0.056485965089754536,0.48600654487517775,0.15791217792612933,0.026844100671338054,0.029567122240390643,0.016958021195549997,0.009101576653134592,0.05354722624401775,0.013577265104507352,0.12311567504704797
2026-04-14,风险平价策略,0.5,0.15,0.075,0.075,0.05648217832117002,0.4860477056828438,0.15789762202764154,0.026843380326105677,0.029567992923114822,0.016961172803958924,0.009093646838722196,0.05352873182974854,0.013577569246694478,0.12310789267650436
2026-04-15,风险平价策略,0.7,0.21,0.105,0.105,0.05249585143280858,0.4517633487874814,0.14676844285863552,0.024948289994025364,0.027462191703485704,0.01577998505321825,0.00839794696461234,0.04976573958036396,0.01261820362536898,0.12428661801530284
2026-04-16,风险平价策略,0.7,0.21,0.105,0.105,0.05267061478837186,0.452995753233149,0.14485405872562124,0.02503439621881283,0.0275507146035187,0.015837743382709504,0.008427727122167581,0.049969542214232186,0.012659449711417255,0.12448180474825596
2026-04-17,风险平价策略,0.7,0.21,0.105,0.105,0.05200344554127551,0.4552768454862885,0.14542520898229047,0.024991022045790803,0.027418095691321902,0.01592355114324999,0.00847688065299698,0.04783597453872344,0.012648975918062386,0.12362208141588833
2026-04-20,风险平价策略,0.7,0.21,0.105,0.105,0.05240048130173309,0.4560106521677344,0.14458466516376953,0.02524957626455298,0.026507820145953993,0.015800980272770014,0.008379726175557494,0.04830002222738487,0.012766076280543754,0.12393234756045764
2026-04-21,风险平价策略,0.7,0.21,0.105,0.105,0.052453203448985096,0.4562000632112595,0.1446117828280046,0.02517207350455674,0.02628650486187635,0.015811107793841168,0.008369935205924987,0.048329407654837744,0.01276592149071401,0.12394571531267394
2026-04-22,风险平价策略,0.7,0.21,0.105,0.105,0.05223944391708044,0.4563521246031646,0.14463922968321935,0.025179484564902647,0.02629383714640396,0.01581157003431303,0.008370557922461812,0.04834226391899557,0.012771488209458661,0.12374299643926844
2026-04-23,风险平价策略,0.7,0.21,0.105,0.105,0.05446714269667044,0.4539960309385033,0.14313977657248106,0.0262525115610755,0.026978079255922376,0.01648148775443586,0.008730242157157043,0.04693791251631029,0.013016816547444196,0.1262330944984258
2026-04-24,风险平价策略,0.7,0.21,0.105,0.105,0.055532046459589986,0.460944920148936,0.13456788510261952,0.026506675662184714,0.027098353708353493,0.016268636744360174,0.008941741324250617,0.047045196082328565,0.013094544767376945,0.12717024191360016
2026-04-27,风险平价策略,1.0,0.3,0.15,0.15,0.05063499439782872,0.39178559021383075,0.12221367479943061,0.025768426669706544,0.026291594883483097,0.015816640816420736,0.008681929333432922,0.04602620661967402,0.012780942266192568,0.13189903836223796
2026-04-28,风险平价策略,1.0,0.3,0.15,0.15,0.050767739889705274,0.39211781840229,0.12226751248254854,0.025654956276542056,0.025942702250518222,0.01582854933779086,0.008686010022134209,0.046084600429291224,0.01265011090917944,0.1319430920431051
2026-04-29,风险平价策略,1.0,0.3,0.15,0.15,0.05082148471687915,0.3922628211311129,0.12231485725425492,0.025484007713267292,0.025989242725630447,0.01573365811711094,0.008682164727879006,0.046126389484422804,0.012585374129442436,0.13195286816014234
2026-04-30,风险平价策略,1.0,0.3,0.15,0.15,0.05013103684725743,0.39348465435801605,0.11977117751248671,0.025604806667686768,0.02592875915281995,0.01606404090775368,0.00885427829077612,0.047231742460585945,0.012929503802617252,0.13152672620508873
2026-05-06,风险平价策略,1.0,0.3,0.15,0.15,0.05018886862497708,0.39858848596899976,0.11149000577364387,0.026497414518033845,0.026857802014573173,0.016789915670539283,0.008736040773883517,0.04746584522400522,0.013385621431344199,0.13183326829963285
2026-05-07,风险平价策略,1.0,0.3,0.15,0.15,0.048562956297893464,0.40433912989830456,0.11280030832006,0.026937146699164704,0.02510515460360079,0.014862819015632049,0.008155815629307278,0.045631339718519036,0.013605329817518082,0.12951632491614487
2026-05-08,风险平价策略,1.0,0.3,0.15,0.15,0.048491286798321945,0.4048508551071658,0.11248344462223153,0.026954193194230147,0.02513518624830159,0.014624118277209755,0.008173723249511029,0.04570232266713474,0.013584869835893451,0.12941778816566463
2026-05-11,风险平价策略,1.0,0.3,0.15,0.15,0.04849961650660988,0.40486101646131706,0.11248188912818784,0.026962648288420637,0.025139811723826594,0.014624657202789633,0.008173318017192665,0.045705138672606276,0.013551903999049323,0.1294194846136603
2026-05-12,风险平价策略,1.0,0.3,0.15,0.15,0.04840780397374982,0.40501765331750494,0.11250173135951061,0.02697047312718157,0.025150556009305537,0.014608972139262833,0.008177941677377678,0.04560852101077192,0.013556347385335015,0.1293230481362306
2026-05-13,风险平价策略,1.0,0.3,0.15,0.15,0.04840432014679655,0.4051124216384521,0.11254235361574513,0.026959231717873587,0.02515237380194212,0.014489443326892887,0.008144909324766421,0.04564192858925292,0.013553017838278185,0.12929497731253345
2026-05-14,风险平价策略,1.0,0.3,0.15,0.15,0.04954657432212793,0.40780505678564594,0.11125341161381572,0.025462503720498915,0.024911625285871875,0.014474793337409957,0.008113143220324056,0.04440660268221856,0.01402628903208694,0.13012137193901535
2026-05-15,风险平价策略,1.0,0.3,0.15,0.15,0.046661938674199696,0.42278931398604197,0.1085375468548581,0.023400561017913067,0.02392339520292546,0.014888031131727798,0.008341443084450386,0.038028187998166374,0.013429582049717113,0.1261345563550281
2026-05-18,风险平价策略,0.5,0.15,0.075,0.075,0.05582233237514698,0.5141166163422833,0.13194036072619145,0.028333710660796135,0.029000348733504388,0.01809399474234824,0.01013630906255906,0.04626015805479927,0.016296169302371016,0.12234206128110761
2026-05-19,风险平价策略,0.5,0.15,0.075,0.075,0.05582577107081844,0.5141677664574175,0.13194640239342098,0.028334762615144143,0.029004657097544243,0.01801181219592368,0.010144008647754672,0.046270216481595614,0.01629460304038081,0.12233730034045764
2026-05-20,风险平价策略,0.5,0.15,0.075,0.075,0.05480388983953289,0.5170467360496107,0.13135540318368488,0.028057979746767492,0.02921382728488655,0.017929185709348806,0.010029779479629502,0.04559523294945703,0.0159679657570824,0.12111721922450527
2026-05-21,风险平价策略,0.5,0.15,0.075,0.075,0.05719616732612058,0.5042265791284285,0.13701172706137046,0.029919756715232577,0.030076497392692664,0.01917832158316292,0.010341912839506896,0.04503026595553671,0.01701877199794869,0.12444073632609316
2026-05-22,风险平价策略,0.5,0.15,0.075,0.075,0.05633604739408049,0.4998732507064492,0.14060203475475025,0.030550995628186355,0.03082452203206175,0.01803894964021615,0.01040035643691871,0.04597367618778481,0.01740016721955226,0.12392642344965632
2026-05-25,风险平价策略,0.5,0.15,0.075,0.075,0.05555456022211944,0.5023454669539185,0.14110895515307,0.03062857874270399,0.03078874365819425,0.017365949888251006,0.009894522795647693,0.0448724714954867,0.017440751090608376,0.12283070661315817
2026-05-26,风险平价策略,0.5,0.15,0.075,0.075,0.055610816267979056,0.5025076574736441,0.14115251262423906,0.03041756842647288,0.030831491025128253,0.017376908351378707,0.009863119804189613,0.044854485169733865,0.017385440857234334,0.12284026211745437
2026-05-27,风险平价策略,0.5,0.15,0.075,0.075,0.05473824101770496,0.5034039578707606,0.14132854489582003,0.030372028192237346,0.030714275014457514,0.017405498849462284,0.009847097353521345,0.04496630948260071,0.017224047323435094,0.12194193516317149
2026-05-28,风险平价策略,0.5,0.15,0.075,0.075,0.05355860679978816,0.5051843861638254,0.14168166659952944,0.03020379891193465,0.030166539917034975,0.01745344538017297,0.009848485614342765,0.04520281725518562,0.016700253358185937,0.1206025922911807
2026-05-29,风险平价策略,0.5,0.15,0.075,0.075,0.05358614120496651,0.5054558609933928,0.14172465761772232,0.03020180392627401,0.030153015781536528,0.017311865649093962,0.0097197158468336,0.045149682133597484,0.016697256846582825,0.12056355858968072
2026-06-01,风险平价策略,0.5,0.15,0.075,0.075,0.05359626656417354,0.505526139920976,0.14171195835459946,0.030153794027180235,0.03016227043263594,0.017310317979464973,0.00971866270500689,0.045152354646102545,0.016668235369860496,0.12056022642316402
2026-06-02,风险平价策略,0.5,0.15,0.075,0.075,0.05361902569982691,0.5057400541655978,0.14182763819163532,0.03016778728883061,0.030174989455444022,0.017320562003516324,0.009725869029658383,0.04474780263584954,0.016676271529640987,0.12055209724368095
2026-06-03,风险平价策略,0.5,0.15,0.075,0.075,0.05280285513704439,0.5004725791450029,0.14253309835955275,0.031668846575290385,0.029795237924416483,0.01819459411270036,0.010216945182073292,0.047329047677900714,0.016986795886018907,0.1205471605572351
2026-06-04,风险平价策略,0.5,0.15,0.075,0.075,0.04670109754407513,0.5110946383423993,0.1451511372682525,0.029951341573206378,0.028977237560612604,0.01698964008325024,0.010235855464807993,0.043303733159303075,0.017595319004092846,0.11388448022220528
2026-06-05,风险平价策略,0.5,0.15,0.075,0.075,0.04831425633480566,0.5105551702103073,0.14183968642415765,0.030933878499147166,0.029862024252235275,0.017582919059624624,0.010370771083649357,0.04258143334471362,0.017959860791359365,0.11576955469478979
