date,策略名称,股指期货信号,股指期货仓位,沪深300主连,中证500主连,红利低波ETF,10年国债主连,沪铜主连,沪铝主连,PTA主连,原油主连,豆粕主连,沪金主连,资金占用比例
2018-01-02,风险平价策略,1.0,0.3,0.15,0.15,0.0,0.0,0.12882006186813222,0.12394476379581504,0.145762069115081,0.0,0.0,0.30147310522097176,0.19163439331766743
2018-01-03,风险平价策略,1.0,0.3,0.15,0.15,0.0,0.0,0.12717650790463594,0.12458793280734613,0.1449534468711752,0.0,0.0,0.3032821124168427,0.1918433879587329
2018-01-04,风险平价策略,1.0,0.3,0.15,0.15,0.0,0.0,0.12977950371015207,0.1264859777964507,0.14787966210137762,0.0,0.0,0.29585485639201947,0.1909813793880561
2018-01-05,风险平价策略,1.0,0.3,0.15,0.15,0.0,0.0,0.1289675950312177,0.12672835425195106,0.1479775987359988,0.0,0.0,0.2963264519808324,0.1910389502250599
2018-01-08,风险平价策略,1.0,0.3,0.15,0.15,0.0,0.0,0.12760368687861287,0.12265173395955972,0.14984293901159135,0.0,0.0,0.29990164015023607,0.19148662620814424
2018-01-09,风险平价策略,1.0,0.3,0.15,0.15,0.0,0.29744519944490444,0.07338028256037557,0.07053662957158383,0.0861715556629421,0.0,0.0,0.17246633276019402,0.13540257356279062
2018-01-10,风险平价策略,1.0,0.3,0.15,0.15,0.0,0.0,0.1275263093352666,0.1251216083607738,0.14911766601503207,0.0,0.0,0.29823441628892744,0.19127930661482162
2018-01-11,风险平价策略,1.0,0.3,0.15,0.15,0.0,0.0,0.12745304664453355,0.12507354062388798,0.14909654985828205,0.0,0.0,0.2983768628732964,0.1912961890433784
2018-01-12,风险平价策略,1.0,0.3,0.15,0.15,0.0,0.0,0.12625521777082072,0.12172893432947296,0.14557896149158694,0.0,0.0,0.30643688640811934,0.1922282159838902
2018-01-15,风险平价策略,1.0,0.3,0.15,0.15,0.0,0.0,0.12621515429607424,0.12172829622568873,0.14549397435022782,0.0,0.0,0.3065625751280093,0.19224244875886343
2018-01-16,风险平价策略,1.0,0.3,0.15,0.15,0.0,0.0,0.12337855652905919,0.1053597693337551,0.14464524575623475,0.0,0.0,0.32661642838095095,0.19464042386327646
2018-01-17,风险平价策略,1.0,0.3,0.15,0.15,0.0,0.0,0.11865910390559489,0.10726195663816476,0.14612018069634883,0.0,0.0,0.32795875875989156,0.1948162528581505
2018-01-18,风险平价策略,1.0,0.3,0.15,0.15,0.0,0.0,0.0,0.0,0.2258615038115933,0.0,0.0,0.47413849618840664,0.21315523458072475
2018-01-19,风险平价策略,1.0,0.3,0.15,0.15,0.0,0.0,0.0,0.1346988476590792,0.18384322481109566,0.0,0.0,0.38145792752982505,0.20161338355168995
2018-01-22,风险平价策略,1.0,0.3,0.15,0.15,0.0,0.0,0.0,0.0,0.15953049469483266,0.0,0.20944927950577624,0.3310202257993911,0.189034253657702
2018-01-23,风险平价策略,1.0,0.3,0.15,0.15,0.0,0.0,0.0,0.0,0.2276873313140899,0.0,0.0,0.47231266868591004,0.2129543935554501
2018-01-24,风险平价策略,1.0,0.3,0.15,0.15,0.0,0.0,0.0,0.0,0.22891909267714533,0.0,0.0,0.47108090732285457,0.21281889980551402
2018-01-25,风险平价策略,1.0,0.3,0.15,0.15,0.0,0.0,0.0,0.0,0.2289183597624469,0.0,0.0,0.4710816402375531,0.21281898042613084
2018-01-26,风险平价策略,1.0,0.3,0.15,0.15,0.0,0.0,0.0,0.0,0.24278034531963577,0.0,0.0,0.45721965468036413,0.21129416201484005
2018-01-29,风险平价策略,1.0,0.3,0.15,0.15,0.0,0.0,0.0,0.0,0.17353242571713134,0.0,0.2077113944688107,0.3187561798140579,0.18775472400079396
2018-01-30,风险平价策略,1.0,0.3,0.15,0.15,0.0,0.0,0.0,0.0,0.3051933359305616,0.0,0.39480666406943826,0.0,0.14520773343722246
2018-01-31,风险平价策略,1.0,0.3,0.15,0.15,0.0,0.0,0.0,0.0,0.30520573558917546,0.0,0.39479426441082455,0.0,0.14520822942356704
2018-02-01,风险平价策略,1.0,0.3,0.15,0.15,0.0,0.0,0.0,0.0,0.2985839372634385,0.0,0.40141606273656144,0.0,0.14494335749053755
2018-02-02,风险平价策略,1.0,0.3,0.15,0.15,0.0,0.0,0.0,0.0,0.7,0.0,0.0,0.0,0.161
2018-02-05,风险平价策略,1.0,0.3,0.15,0.15,0.0,0.0,0.0,0.0,0.0,0.0,0.7,0.0,0.133
2018-02-06,风险平价策略,1.0,0.3,0.15,0.15,0.0,0.286720538099094,0.0564759347545488,0.05369477331428888,0.07944241879030237,0.0,0.09796134291478586,0.12570499212698016,0.1282329103123194
2018-02-07,风险平价策略,1.0,0.3,0.15,0.15,0.0,0.0,0.0,0.0,0.0,0.0,0.7,0.0,0.133
2018-02-08,风险平价策略,1.0,0.3,0.15,0.15,0.0,0.0,0.0,0.0,0.0,0.0,0.7,0.0,0.133
2018-02-09,风险平价策略,1.0,0.3,0.15,0.15,0.0,0.0,0.0,0.0,0.0,0.0,0.7,0.0,0.133
2018-02-12,风险平价策略,1.0,0.3,0.15,0.15,0.0,0.5104963276169977,0.0,0.0,0.0,0.0,0.18950367238300225,0.0,0.07939788560021524
2018-02-13,风险平价策略,1.0,0.3,0.15,0.15,0.0,0.0,0.0,0.0,0.0,0.0,0.7,0.0,0.133
2018-02-14,风险平价策略,1.0,0.3,0.15,0.15,0.0,0.41798380941232993,0.0,0.0,0.1235617936922221,0.0,0.1584543968954479,0.0,0.09405417175939423
2018-02-22,风险平价策略,1.0,0.3,0.15,0.15,0.0,0.40867991312989715,0.0,0.0,0.12776113685624227,0.0,0.16355895001386056,0.0,0.0951990545956105
2018-02-23,风险平价策略,1.0,0.3,0.15,0.15,0.0,0.4086880406677263,0.0,0.0,0.12777141439591885,0.0,0.1635405449363549,0.0,0.0951986123057255
2018-02-26,风险平价策略,1.0,0.3,0.15,0.15,0.0,0.4086566287501381,0.0,0.0,0.12780276534449606,0.0,0.16354060590536587,0.0,0.09520316459501535
2018-02-27,风险平价策略,1.0,0.3,0.15,0.15,0.0,0.4088940615059297,0.0,0.0,0.1277731371072913,0.0,0.16333280138677897,0.0,0.09517704902616904
2018-02-28,风险平价策略,1.0,0.3,0.15,0.15,0.0,0.40928094299491824,0.0,0.0,0.12745974611025615,0.0,0.16325931089482554,0.0,0.09512389082994382
2018-03-01,风险平价策略,1.0,0.3,0.15,0.15,0.0,0.4105804501382091,0.0,0.0,0.12549431690369267,0.0,0.16392523295809822,0.0,0.09490882541163576
2018-03-02,风险平价策略,1.0,0.3,0.15,0.15,0.0,0.41049052520065044,0.0,0.0,0.12553834860642865,0.0,0.16397112619292087,0.0,0.09492002879818885
2018-03-05,风险平价策略,1.0,0.3,0.15,0.15,0.0,0.4172468811867362,0.0,0.0,0.1204082274476807,0.0,0.16234489136558297,0.0,0.09400540657329992
2018-03-06,风险平价策略,1.0,0.3,0.15,0.15,0.0,0.41746703604244195,0.0,0.0,0.12009380872437529,0.0,0.1624391552331827,0.0,0.09396971356451861
2018-03-07,风险平价策略,1.0,0.3,0.15,0.15,0.0,0.5050252002679994,0.0,0.0,0.0,0.0,0.1949747997320006,0.0,0.07997235397186006
2018-03-08,风险平价策略,1.0,0.3,0.15,0.15,0.0,0.5046500079157613,0.0,0.0,0.0,0.0,0.19534999208423864,0.0,0.08001174916884506
2018-03-09,风险平价策略,1.0,0.3,0.15,0.15,0.0,0.5197186725514756,0.0,0.0,0.0,0.0,0.18028132744852438,0.0,0.07842953938209507
2018-03-12,风险平价策略,1.0,0.3,0.15,0.15,0.0,0.536042492382232,0.0,0.0,0.0,0.0,0.16395750761776795,0.0,0.07671553829986563
2018-03-13,风险平价策略,1.0,0.3,0.15,0.15,0.0,0.5218174837580464,0.0,0.0,0.0,0.0,0.17818251624195366,0.0,0.07820916420540514
2018-03-14,风险平价策略,1.0,0.3,0.15,0.15,0.0,0.4085449743387892,0.0,0.0,0.0,0.0,0.13994460563985356,0.1515104200213572,0.11282934069763072
2018-03-15,风险平价策略,1.0,0.3,0.15,0.15,0.0,0.41402492865498974,0.0,0.0,0.0,0.0,0.13343491142002886,0.15254015992498132,0.11240840647997327
2018-03-16,风险平价策略,1.0,0.3,0.15,0.15,0.0,0.4706614797707106,0.07758035842812046,0.0,0.0,0.0,0.15175816180116894,0.0,0.085907955376919
2018-03-19,风险平价策略,1.0,0.3,0.15,0.15,0.0,0.551269318325185,0.0,0.0,0.0,0.0,0.148730681674815,0.0,0.07511672157585558
2018-03-20,风险平价策略,1.0,0.3,0.15,0.15,0.0,0.5532544716500108,0.0,0.0,0.0,0.0,0.14674552834998908,0.0,0.07490828047674886
2018-03-21,风险平价策略,1.0,0.3,0.15,0.15,0.0,0.5518817632781085,0.0,0.0,0.0,0.0,0.14811823672189145,0.0,0.0750524148557986
2018-03-22,风险平价策略,-1.0,0.0,0.0,0.0,0.0,0.7883958243077367,0.0,0.0,0.0,0.0,0.21160417569226336,0.0,0.04721843844768765
2018-03-23,风险平价策略,-1.0,0.0,0.0,0.0,0.0,0.6208258866241424,0.0,0.0,0.0,0.0,0.1677089346492948,0.21146517872656284,0.09653305871344948
2018-03-26,风险平价策略,-1.0,0.0,0.0,0.0,0.0,0.608648222138432,0.0,0.0,0.0,0.0,0.1741313540732569,0.21722042378831125,0.09867500024371136
2018-03-27,风险平价策略,-1.0,0.0,0.0,0.0,0.0,0.5769904967494482,0.0,0.0,0.0,0.07807444371563843,0.15156334286419315,0.19337171667072015,0.11325589964788726
2018-03-28,风险平价策略,-1.0,0.0,0.0,0.0,0.0,0.599877015844449,0.0,0.0,0.0,0.06495908509165844,0.1511793473144262,0.1839845517494665,0.10695282226616797
2018-03-29,风险平价策略,-1.0,0.0,0.0,0.0,0.0,0.7406194182516243,0.0,0.0,0.0,0.08284492710316427,0.17653565464521162,0.0,0.06797549723318068
2018-03-30,风险平价策略,-1.0,0.0,0.0,0.0,0.0,0.7400904979573915,0.0,0.0,0.0,0.08302572650409133,0.17688377553851733,0.0,0.06806538575025127
2018-04-02,风险平价策略,-1.0,0.0,0.0,0.0,0.0,0.7404338579785146,0.0,0.0,0.0,0.08254977676985642,0.17701636525162906,0.0,0.0679389024985287
2018-04-03,风险平价策略,-1.0,0.0,0.0,0.0,0.0,0.6056474587083216,0.0,0.0,0.0,0.06324120346018523,0.1535031456554168,0.1776081921760764,0.1050640743194729
2018-04-04,风险平价策略,-1.0,0.0,0.0,0.0,0.0,0.7363920505621102,0.0,0.0,0.0,0.07654846277043593,0.18705948666745378,0.0,0.06722304261736126
2018-04-09,风险平价策略,-1.0,0.0,0.0,0.0,0.0,0.7362534263044128,0.0,0.0,0.0,0.07658028697151628,0.1871662867240709,0.0,0.06724364476262475
2018-04-10,风险平价策略,-1.0,0.0,0.0,0.0,0.0,0.5321644155503068,0.0,0.1043950444118955,0.0,0.06400583053002311,0.12091740990284654,0.178517299604928,0.11619329044101824
2018-04-11,风险平价策略,-1.0,0.0,0.0,0.0,0.0,0.5322192963451149,0.0,0.10438991816298998,0.0,0.0640021176171633,0.12087145039625419,0.1785172174784776,0.1161866563976853
2018-04-12,风险平价策略,-1.0,0.0,0.0,0.0,0.0,0.5357134184739313,0.0,0.10348349686300214,0.0,0.0642650106792098,0.11705621648990179,0.17948185749395504,0.11598722661927041
2018-04-13,风险平价策略,-1.0,0.0,0.0,0.0,0.0,0.5401714186099636,0.0,0.1049793207476274,0.0,0.06457453396272926,0.11868083864464558,0.17159388803503403,0.1144396253265563
2018-04-16,风险平价策略,-1.0,0.0,0.0,0.0,0.0,0.5425370202805359,0.0,0.10523398530730764,0.0,0.0640635384505697,0.1159569471133464,0.17220850884824046,0.1141939810626073
2018-04-17,风险平价策略,-1.0,0.0,0.0,0.0,0.0,0.5425051999316548,0.0,0.10523941062459588,0.0,0.06406475728726403,0.11596354085190709,0.17222709130457814,0.114200503906181
2018-04-18,风险平价策略,-1.0,0.0,0.0,0.0,0.0,0.5453465253938996,0.0,0.10556182039551894,0.0,0.06430465712145096,0.11235231289030703,0.17243468419882363,0.11398855692840537
2018-04-19,风险平价策略,-1.0,0.0,0.0,0.0,0.0,0.4456713579267428,0.06774489089312252,0.09027811898068153,0.09919001202658011,0.05500695826230223,0.09459820583373289,0.147510456076838,0.12449068867633248
2018-04-20,风险平价策略,-1.0,0.0,0.0,0.0,0.0,0.4644885280722795,0.06708128784281414,0.0704532613587801,0.09870134226191839,0.055268459200216426,0.10068391625652931,0.1433232050074622,0.12130228271809568
2018-04-23,风险平价策略,-1.0,0.0,0.0,0.0,0.0,0.5224130638274161,0.0829514045746991,0.08690082124081946,0.12175593360334833,0.06843860196237149,0.11754017479134538,0.0,0.09811576678957137
2018-04-24,风险平价策略,-1.0,0.0,0.0,0.0,0.0,0.5374167548697578,0.08271460702937052,0.0664182785724822,0.12740121063546314,0.07026719582312833,0.11578195306979798,0.0,0.09649204293854392
2018-04-25,风险平价策略,-1.0,0.0,0.0,0.0,0.0,0.5085436736278599,0.08994316718730107,0.07185459432741582,0.1342786713197323,0.06899652196756206,0.12638337157012888,0.0,0.09993733314114231
2018-04-26,风险平价策略,-1.0,0.0,0.0,0.0,0.0,0.5121205267948644,0.0906280970105997,0.07186118956881149,0.1326156272631677,0.06942817218295669,0.12334638717960004,0.0,0.09959800108921006
2018-04-27,风险平价策略,-1.0,0.0,0.0,0.0,0.0,0.5047745707429551,0.09204536215711565,0.07306981829870465,0.13491715145503058,0.07075668963090465,0.12443640771528929,0.0,0.10079258257373742
2018-05-02,风险平价策略,-1.0,0.0,0.0,0.0,0.0,0.5007929138666687,0.09095131254419532,0.07348266139424325,0.13699371083402953,0.07152423346510646,0.12625516789575675,0.0,0.10141911605388436
2018-05-03,风险平价策略,-1.0,0.0,0.0,0.0,0.0,0.5011051794130246,0.0907892212780296,0.07354554916057536,0.1367393429145709,0.07157445523274825,0.12624625200105147,0.0,0.1013827194855956
2018-05-04,风险平价策略,-1.0,0.0,0.0,0.0,0.0,0.5021992797280282,0.09095759324071122,0.07366104477337983,0.13651603122863135,0.07166637105052887,0.12499967997872052,0.0,0.1012848865177255
2018-05-07,风险平价策略,-1.0,0.0,0.0,0.0,0.0,0.47856817564153503,0.09662498631376921,0.0794795740024166,0.14774783750961618,0.07786542685998708,0.11971399967267592,0.0,0.1057378229709066
2018-05-08,风险平价策略,-1.0,0.0,0.0,0.0,0.0,0.5149180937492484,0.11691056841743175,0.0955670667111462,0.17835240465680272,0.09425186646537105,0.0,0.0,0.10734988002487889
2018-05-09,风险平价策略,-1.0,0.0,0.0,0.0,0.0,0.5771801372706467,0.0,0.10766673764300765,0.2057193378870371,0.1094337871993086,0.0,0.0,0.10164728079922246
2018-05-10,风险平价策略,-1.0,0.0,0.0,0.0,0.0,0.5771877791925433,0.0,0.10765625178914444,0.2057223594316473,0.10943360958666497,0.0,0.0,0.10164625093718953
2018-05-11,风险平价策略,-1.0,0.0,0.0,0.0,0.0,0.5132948485487365,0.11495296964253182,0.09536088763095006,0.18285809488771176,0.09353319929006987,0.0,0.0,0.10749908828120888
2018-05-14,风险平价策略,-1.0,0.0,0.0,0.0,0.0,0.5175113489080317,0.11505677353156869,0.09439988923538106,0.183385941369733,0.08964604695528551,0.0,0.0,0.10631319482395873
2018-05-15,风险平价策略,-1.0,0.0,0.0,0.0,0.0,0.5160161231385674,0.11300146237145507,0.09532360144429204,0.18521240288745686,0.09044641015822882,0.0,0.0,0.10666137303048462
2018-05-16,风险平价策略,-1.0,0.0,0.0,0.0,0.0,0.0,0.2287680253332312,0.19798104357003496,0.38471079375226824,0.1885401373444657,0.0,0.0,0.1940135299126372
2018-05-17,风险平价策略,-1.0,0.0,0.0,0.0,0.0,0.0,0.28807202523639175,0.0,0.47458639035547034,0.23734158440813785,0.0,0.0,0.20272051740885674
2018-05-18,风险平价策略,-1.0,0.0,0.0,0.0,0.0,0.0,0.0,0.0,0.6654245201592224,0.3345754798407775,0.0,0.0,0.2201863219761166
2018-05-21,风险平价策略,-1.0,0.0,0.0,0.0,0.0,0.0,0.0,0.0,0.6709849480106008,0.3290150519893991,0.0,0.0,0.21935225779840986
2018-05-22,风险平价策略,-1.0,0.0,0.0,0.0,0.0,0.0,0.0,0.0,0.6492414776703411,0.3507585223296589,0.0,0.0,0.22261377834944884
2018-05-23,风险平价策略,-1.0,0.0,0.0,0.0,0.0,0.0,0.0,0.0,0.6485787755293695,0.35142122447063046,0.0,0.0,0.22271318367059456
2018-05-24,风险平价策略,-1.0,0.0,0.0,0.0,0.0,0.0,0.0,0.26160276357124174,0.47871370033981253,0.2596835360889459,0.0,0.0,0.2063365027776295
2018-05-25,风险平价策略,-1.0,0.0,0.0,0.0,0.0,0.5938746810575991,0.0,0.10744118228536187,0.19699749459425014,0.10168664206278884,0.0,0.0,0.09806675573321283
2018-05-28,风险平价策略,-1.0,0.0,0.0,0.0,0.0,0.619299349889679,0.0,0.1255903439105697,0.1641190659849915,0.09099124021475977,0.0,0.0,0.09259437685910481
2018-05-29,风险平价策略,-1.0,0.0,0.0,0.0,0.0,0.619592286426206,0.0,0.12514180422033908,0.1642336755129551,0.09103223384049987,0.0,0.0,0.09256253550207172
2018-05-30,风险平价策略,-1.0,0.0,0.0,0.0,0.0,0.49795945694523397,0.0,0.09953594537149643,0.12951964204897404,0.07272751459741253,0.0,0.20025744103688298,0.1297379649928951
2018-05-31,风险平价策略,-1.0,0.0,0.0,0.0,0.0,0.4652230912584276,0.11494120755119806,0.0,0.13477602199145164,0.07583875251639065,0.0,0.20922092668253203,0.13578335450455314
2018-06-01,风险平价策略,-1.0,0.0,0.0,0.0,0.0,0.5225405110825692,0.1291377338037128,0.11171243313935286,0.15139799777878266,0.08521132419558242,0.0,0.0,0.10460482285293417
2018-06-04,风险平价策略,-1.0,0.0,0.0,0.0,0.0,0.5765994710716241,0.15023578188831088,0.0,0.17674468763445103,0.09642005940561393,0.0,0.0,0.09935372778657348
2018-06-05,风险平价策略,-1.0,0.0,0.0,0.0,0.0,0.5786492088737044,0.15533665609870242,0.0,0.1705885709592234,0.0954255640683697,0.0,0.0,0.09885633276258128
2018-06-06,风险平价策略,-1.0,0.0,0.0,0.0,0.0,0.5104745701434686,0.1370623730931678,0.1178979774398035,0.15045662126487128,0.08410845805868872,0.0,0.0,0.10604785253267063
2018-06-07,风险平价策略,-1.0,0.0,0.0,0.0,0.0,0.6656312405640815,0.17982763569347773,0.1545411237424408,0.0,0.0,0.0,0.0,0.070139782523849
2018-06-08,风险平价策略,-1.0,0.0,0.0,0.0,0.0,0.6867199302780364,0.1713838621828177,0.14189620753914592,0.0,0.0,0.0,0.0,0.0672928094124651
2018-06-11,风险平价策略,-1.0,0.0,0.0,0.0,0.0,0.6173916710378662,0.15407912875030813,0.12757449272795215,0.0,0.10095470748387356,0.0,0.0,0.09280487760730784
2018-06-12,风险平价策略,-1.0,0.0,0.0,0.0,0.0,0.6721309544068553,0.1783500776118116,0.1495189679813329,0.0,0.0,0.0,0.0,0.06926232115507451
2018-06-13,风险平价策略,-1.0,0.0,0.0,0.0,0.0,0.5815431934950331,0.14261795773693706,0.0,0.0,0.0,0.0,0.2758388487680297,0.11459233073033409
2018-06-14,风险平价策略,-1.0,0.0,0.0,0.0,0.0,0.5815205300550748,0.1426323543735571,0.0,0.0,0.0,0.0,0.27584711557136826,0.11459638231112912
2018-06-15,风险平价策略,-1.0,0.0,0.0,0.0,0.0,0.5809935019720316,0.14315894453666517,0.0,0.0,0.0,0.0,0.27584755349130324,0.11466758365273214
2018-06-19,风险平价策略,-1.0,0.0,0.0,0.0,0.0,0.5964734281252703,0.08042253504235362,0.0,0.0,0.0,0.10992596195339646,0.21317807487897963,0.10175967732996419
2018-06-20,风险平价策略,-1.0,0.0,0.0,0.0,0.0,0.7360394956755034,0.11220039907069145,0.0,0.0,0.0,0.15176010525380496,0.0,0.05608186492619286
2018-06-21,风险平价策略,-1.0,0.0,0.0,0.0,0.0,0.8357122540147591,0.0,0.0,0.0,0.0,0.16428774598524093,0.0,0.0422502133284503
2018-06-22,风险平价策略,-1.0,0.0,0.0,0.0,0.0,0.8697216224457984,0.13027837755420163,0.0,0.0,0.0,0.0,0.0,0.042587580969817226
2018-06-25,风险平价策略,-1.0,0.0,0.0,0.0,0.0,0.8658170769042487,0.13418292309575128,0.0,0.0,0.0,0.0,0.0,0.04311469461792643
2018-06-26,风险平价策略,-1.0,0.0,0.0,0.0,0.0,0.7385792438263054,0.0,0.0,0.0,0.11476569853597313,0.14665505763772152,0.0,0.07425466212007284
2018-06-27,风险平价策略,-1.0,0.0,0.0,0.0,0.0,0.6419091772874259,0.0,0.0,0.13088069172161898,0.09974863521296683,0.12746149577798832,0.0,0.08678700474414874
2018-06-28,风险平价策略,-1.0,0.0,0.0,0.0,0.0,0.5845989430971473,0.09053795021403575,0.0,0.11839780211033755,0.090884008528094,0.1155812960503852,0.0,0.09333712318597194
2018-06-29,风险平价策略,-1.0,0.0,0.0,0.0,0.0,0.584594129561812,0.09053745949390408,0.0,0.11840550966972227,0.0908846030869975,0.11557829818756418,0.0,0.0933380351541453
2018-07-02,风险平价策略,-1.0,0.0,0.0,0.0,0.0,0.6426215747007754,0.0,0.0,0.1299817376570844,0.10017052615817303,0.1272261614839672,0.0,0.08675640413275484
2018-07-03,风险平价策略,-1.0,0.0,0.0,0.0,0.0,0.6333276438719505,0.0,0.0,0.1352497176748324,0.10457135212816676,0.12685128632505033,0.0,0.08877914300479017
2018-07-04,风险平价策略,-1.0,0.0,0.0,0.0,0.0,0.5008902340828638,0.0,0.0,0.11006626456152553,0.07758523482327129,0.09736871692789008,0.21408954960444937,0.1286638030608493
2018-07-05,风险平价策略,-1.0,0.0,0.0,0.0,0.0,0.5007161652562466,0.0,0.0,0.10962633767965829,0.0777462811467248,0.09743462291749559,0.21447659299987476,0.12875313852313938
2018-07-06,风险平价策略,-1.0,0.0,0.0,0.0,0.0,0.4894572590726987,0.0,0.0,0.11328361583323582,0.07914441279579701,0.09544325930297053,0.222671452995298,0.13157648881119222
2018-07-09,风险平价策略,-1.0,0.0,0.0,0.0,0.0,0.48748317844256966,0.0,0.0,0.1137602700813875,0.07951177239718218,0.0959202713230032,0.22332450775585738,0.1319705899856289
2018-07-10,风险平价策略,-1.0,0.0,0.0,0.0,0.0,0.6317773197871069,0.0,0.0,0.14709973444212682,0.10285345101880701,0.11826949475195932,0.0,0.0890895264936122
2018-07-11,风险平价策略,-1.0,0.0,0.0,0.0,0.0,0.4939236301537923,0.0,0.0,0.11312250538889693,0.08134132239056191,0.09294191947215255,0.21867062259459646,0.13091836369280394
2018-07-12,风险平价策略,-1.0,0.0,0.0,0.0,0.0,0.641368394156386,0.0,0.0,0.15046921392690968,0.08947757740274084,0.11868481451396352,0.0,0.08567582687717663
2018-07-13,风险平价策略,-1.0,0.0,0.0,0.0,0.0,0.6478634429017012,0.0,0.0,0.14793785208413232,0.08947717407866228,0.1147215309355042,0.0,0.0848925156536325
2018-07-16,风险平价策略,-1.0,0.0,0.0,0.0,0.0,0.6478570919385835,0.0,0.0,0.14795215363408892,0.08947742018713174,0.1147133342401958,0.0,0.08489380132736732
2018-07-17,风险平价策略,-1.0,0.0,0.0,0.0,0.0,0.5146301636788329,0.0,0.0,0.1123929947324735,0.06415985348560921,0.09190403956230131,0.21691294854078302,0.1251868670464047
2018-07-18,风险平价策略,-1.0,0.0,0.0,0.0,0.0,0.6581928445124757,0.0,0.0,0.14458346503757813,0.08220712271030946,0.1150165677396367,0.0,0.08229244324265197
2018-07-19,风险平价策略,-1.0,0.0,0.0,0.0,0.0,0.5299265166735526,0.0,0.0,0.11638843993031017,0.06618030243349059,0.09258854278553562,0.19491619817711112,0.12082494053541928
2018-07-20,风险平价策略,-1.0,0.0,0.0,0.0,0.0,0.4592398047508622,0.0,0.0,0.13244390605794515,0.07601815565416258,0.10759639158519659,0.22470174195183348,0.1352262876105432
2018-07-23,风险平价策略,-1.0,0.0,0.0,0.0,0.0,0.4173660818677802,0.0,0.09149283625685847,0.12042567128276055,0.06877646585147153,0.0976928927133475,0.20424605202778168,0.1374428096588461
2018-07-24,风险平价策略,-1.0,0.0,0.0,0.0,0.0,0.0,0.0,0.15716833252813492,0.20681533540443506,0.1182918485835588,0.16829538368484748,0.34942909979902387,0.21787747959275125
2018-07-25,风险平价策略,-1.0,0.0,0.0,0.0,0.0,0.0,0.0,0.1889905980874479,0.24855730026009093,0.14225098954018695,0.0,0.4202011121122742,0.23566986478250374
2018-07-26,风险平价策略,-1.0,0.0,0.0,0.0,0.0,0.0,0.0,0.15679042125183806,0.20684400114523682,0.1183524498663322,0.16839225957509363,0.3496208681614992,0.2179075683821926
2018-07-27,风险平价策略,-1.0,0.0,0.0,0.0,0.0,0.0,0.0,0.18945578322024292,0.24996738528942852,0.14305086844013692,0.0,0.41752596305019163,0.23549092836933921
2018-07-30,风险平价策略,-1.0,0.0,0.0,0.0,0.0,0.0,0.0,0.32556572901866365,0.42915139512524547,0.24528287585609093,0.0,0.0,0.203536774088227
2018-07-31,风险平价策略,-1.0,0.0,0.0,0.0,0.0,0.5134180141726403,0.0,0.11827315464303788,0.15426884269510857,0.08911728857113686,0.1249226999180764,0.0,0.10274234168748426
2018-08-01,风险平价策略,-1.0,0.0,0.0,0.0,0.0,0.5970725933431396,0.0,0.12923949486054542,0.1810106415926111,0.09267727020370399,0.0,0.0,0.09603366954719493
2018-08-02,风险平价策略,-1.0,0.0,0.0,0.0,0.0,0.5930408252009598,0.0,0.12679229681963336,0.18556197479274195,0.09460490318666492,0.0,0.0,0.09693189285566424
2018-08-03,风险平价策略,-1.0,0.0,0.0,0.0,0.0,0.4863282753449494,0.07487187750036,0.10403305715495424,0.15206554205291817,0.07767636984115822,0.10502487810566004,0.0,0.10514381108037654
2018-08-06,风险平价策略,-1.0,0.0,0.0,0.0,0.0,0.5248789123494777,0.0,0.11264448885847908,0.16464120107140467,0.08410591362999394,0.11372948409064465,0.0,0.10083282050161425
2018-08-07,风险平价策略,-1.0,0.0,0.0,0.0,0.0,0.5274067130134307,0.0,0.12187441881404003,0.13836537519435796,0.0911738192117471,0.12117967376642423,0.0,0.10113616835601726
2018-08-08,风险平价策略,-1.0,0.0,0.0,0.0,0.0,0.0,0.1593716481498795,0.22075102254680626,0.25376882042920806,0.14362894309608198,0.22247956577802414,0.0,0.17884393212632446
2018-08-09,风险平价策略,-1.0,0.0,0.0,0.0,0.0,0.0,0.16472894572753585,0.22839742948553235,0.23858164357478281,0.1435953990031231,0.2246965822090259,0.0,0.17862018280997677
2018-08-10,风险平价策略,-1.0,0.0,0.0,0.0,0.0,0.0,0.16535867781474783,0.21522905395083625,0.2472130740490717,0.13993606356168176,0.23226313062366244,0.0,0.17789400699164992
2018-08-13,风险平价策略,-1.0,0.0,0.0,0.0,0.0,0.0,0.17059649733403934,0.22214120007248195,0.2549187536317688,0.1452765819987442,0.20706696696296586,0.0,0.1795814316472278
2018-08-14,风险平价策略,-1.0,0.0,0.0,0.0,0.0,0.0,0.1683309765410236,0.2228499336606625,0.25549019549959784,0.14585498475772532,0.2074739095409908,0.0,0.1796674822300023
2018-08-15,风险平价策略,-1.0,0.0,0.0,0.0,0.0,0.0,0.15416721034464592,0.21278564265697683,0.271147121597903,0.14290909982493546,0.2189909255755388,0.0,0.17900719942070253
2018-08-16,风险平价策略,-1.0,0.0,0.0,0.0,0.0,0.0,0.0,0.2568885286379499,0.36356920936224696,0.14891014748966488,0.2306321145101383,0.0,0.1805423522566647
2018-08-17,风险平价策略,-1.0,0.0,0.0,0.0,0.0,0.0,0.0,0.2624641323200016,0.35110647753093877,0.1535799099633172,0.2328494801857426,0.0,0.18109836596386789
2018-08-20,风险平价策略,-1.0,0.0,0.0,0.0,0.0,0.0,0.0,0.2658462948850444,0.35518759664147953,0.1520608784371986,0.22690523003627755,0.0,0.18107445961527827
2018-08-21,风险平价策略,-1.0,0.0,0.0,0.0,0.0,0.0,0.0,0.26583782563420977,0.35518671291455334,0.15206400521629354,0.22691145623494333,0.0,0.1810747642767042
2018-08-22,风险平价策略,-1.0,0.0,0.0,0.0,0.0,0.0,0.0,0.2645816282885303,0.35579474550813756,0.15236182191000588,0.2272618042933263,0.0,0.18111798483188254
2018-08-23,风险平价策略,-1.0,0.0,0.0,0.0,0.0,0.0,0.0,0.3516681472369823,0.4424055942296113,0.20592625853340654,0.0,0.0,0.19737225730764119
2018-08-24,风险平价策略,-1.0,0.0,0.0,0.0,0.0,0.0,0.0,0.3709930295816869,0.41185665709596186,0.2171503133223511,0.0,0.0,0.19886261670253577
2018-08-27,风险平价策略,-1.0,0.0,0.0,0.0,0.0,0.0,0.0,0.3660661197925192,0.41567983615394477,0.21825404405353602,0.0,0.0,0.1990774454101052
2018-08-28,风险平价策略,-1.0,0.0,0.0,0.0,0.0,0.0,0.0,0.3660687100509877,0.415668820462578,0.21826246948643424,0.0,0.0,0.19907868332245526
2018-08-29,风险平价策略,-1.0,0.0,0.0,0.0,0.0,0.0,0.0,0.3635237137927477,0.4164756115095105,0.2200006746977418,0.0,0.0,0.19936486406673382
2018-08-30,风险平价策略,-1.0,0.0,0.0,0.0,0.0,0.0,0.0,0.3636983432798147,0.41621294548256604,0.2200887112376193,0.0,0.0,0.19937632325284477
2018-08-31,风险平价策略,-1.0,0.0,0.0,0.0,0.0,0.0,0.0,0.36206243865328663,0.4163513571086125,0.22158620423810102,0.0,0.0,0.19961730624918234
2018-09-03,风险平价策略,-1.0,0.0,0.0,0.0,0.0,0.0,0.0,0.3594924744927223,0.42066175207941414,0.21984577342786354,0.0,0.0,0.1993819412692523
2018-09-04,风险平价策略,-1.0,0.0,0.0,0.0,0.0,0.0,0.0,0.5038536475158641,0.49614635248413597,0.0,0.0,0.0,0.16496146352484137
2018-09-05,风险平价策略,-1.0,0.0,0.0,0.0,0.0,0.0,0.0,0.36902684978858,0.3784841642221248,0.25248898598929514,0.0,0.0,0.20418307940050845
2018-09-06,风险平价策略,-1.0,0.0,0.0,0.0,0.0,0.0,0.0,0.0,0.599984415980627,0.4000155840193729,0.0,0.0,0.23000233760290595
2018-09-07,风险平价策略,-1.0,0.0,0.0,0.0,0.0,0.0,0.0,0.0,0.5954740342132329,0.4045259657867671,0.0,0.0,0.23067889486801507
2018-09-10,风险平价策略,-1.0,0.0,0.0,0.0,0.0,0.0,0.0,0.0,0.595055371538802,0.40494462846119816,0.0,0.0,0.23074169426917973
2018-09-11,风险平价策略,-1.0,0.0,0.0,0.0,0.0,0.0,0.0,0.0,0.5284394620065234,0.4715605379934765,0.0,0.0,0.24073408069902147
2018-09-12,风险平价策略,-1.0,0.0,0.0,0.0,0.0,0.0,0.0,0.0,0.5279713061939832,0.47202869380601664,0.0,0.0,0.24080430407090248
2018-09-13,风险平价策略,-1.0,0.0,0.0,0.0,0.0,0.0,0.14565697012370638,0.19516674584754842,0.15352964925961712,0.13855559708393542,0.0,0.3670910376851928,0.227755116548249
2018-09-14,风险平价策略,-1.0,0.0,0.0,0.0,0.0,0.40632471862430336,0.08675222758737904,0.1192220841623959,0.08504966102623279,0.07877865262424148,0.0,0.22387265597544734,0.1454659627329137
2018-09-17,风险平价策略,-1.0,0.0,0.0,0.0,0.0,0.0,0.0,0.0,0.0,0.27238902695700257,0.0,0.7276109730429974,0.2908955610782801
2018-09-18,风险平价策略,-1.0,0.0,0.0,0.0,0.0,0.0,0.18180763818239065,0.0,0.0,0.16733831791908443,0.18833662421082953,0.46251741968769544,0.2366261225032521
2018-09-19,风险平价策略,-1.0,0.0,0.0,0.0,0.0,0.0,0.22391615873227397,0.0,0.0,0.20624525422550224,0.0,0.5698385870422238,0.26137987112114724
2018-09-20,风险平价策略,-1.0,0.0,0.0,0.0,0.0,0.0,0.17889942008250784,0.0,0.0,0.16812558967351854,0.18792465425988514,0.46505033598408846,0.23706839503805702
2018-09-21,风险平价策略,-1.0,0.0,0.0,0.0,0.0,0.0,0.17908278779041023,0.0,0.0,0.16719771293946856,0.18812236856712286,0.46559713070299846,0.23697961869766113
2018-09-25,风险平价策略,-1.0,0.0,0.0,0.0,0.0,0.0,0.18368335452368523,0.0,0.0,0.17110412679527828,0.19183235944212543,0.45338015923891106,0.23602730861265012
2018-09-26,风险平价策略,-1.0,0.0,0.0,0.0,0.0,0.0,0.18374298253184287,0.0,0.0,0.17108259493960343,0.19179462788809118,0.45337979464046246,0.23602495171054932
2018-09-27,风险平价策略,-1.0,0.0,0.0,0.0,0.0,0.0,0.18207013543709463,0.0,0.0,0.17567168467466054,0.19637772758404318,0.44588045230420154,0.23572179199692858
2018-09-28,风险平价策略,-1.0,0.0,0.0,0.0,0.0,0.0,0.3297262417462754,0.0,0.0,0.3170065260877605,0.3532672321659642,0.0,0.20012302720906278
2018-10-08,风险平价策略,-1.0,0.0,0.0,0.0,0.0,0.0,0.1895334762415159,0.0,0.0,0.1831036880759565,0.20403622714760145,0.4233266085349261,0.23397469630191614
2018-10-09,风险平价策略,-1.0,0.0,0.0,0.0,0.0,0.0,0.19009667711612022,0.0,0.0,0.18362988763748603,0.20457162117555378,0.42170181407083984,0.23384785107523193
2018-10-10,风险平价策略,-1.0,0.0,0.0,0.0,0.0,0.4695788166400567,0.10098868211409878,0.0,0.0,0.09731349456496713,0.10837913204927964,0.2237398746315977,0.13577442987830043
2018-10-11,风险平价策略,-1.0,0.0,0.0,0.0,0.0,0.4988912031685406,0.08793322774995342,0.0,0.0,0.06664332268252794,0.10744492604832144,0.23908732035065663,0.12877974986208066
2018-10-12,风险平价策略,-1.0,0.0,0.0,0.0,0.0,0.500221916230263,0.0889019742217937,0.0,0.0,0.0671635920679727,0.10209013633047866,0.24162238114949172,0.12914819768781474
2018-10-15,风险平价策略,-1.0,0.0,0.0,0.0,0.0,0.49374527528576256,0.08896124570539125,0.0,0.0,0.06839051595920748,0.10273490751076239,0.2461680555388763,0.13074498982923755
2018-10-16,风险平价策略,-1.0,0.0,0.0,0.0,0.0,0.5014766195722069,0.08614357907324953,0.0,0.0,0.06253562840471427,0.1024434436430673,0.2474007293067619,0.12892114111002576
2018-10-17,风险平价策略,-1.0,0.0,0.0,0.0,0.0,0.5014496560654481,0.08704633729018833,0.0,0.0,0.06317838224669453,0.1033987811868491,0.24492684321082,0.1287020953403286
2018-10-18,风险平价策略,-1.0,0.0,0.0,0.0,0.0,0.5082615105532279,0.0867091104442291,0.0,0.0,0.05744299828483701,0.10061898902041314,0.24696739169729298,0.12719309313395094
2018-10-19,风险平价策略,-1.0,0.0,0.0,0.0,0.0,0.5019292251481143,0.08795746782832319,0.0,0.0,0.05767903018684963,0.10201003511330876,0.25042424172340405,0.12845880738830973
2018-10-22,风险平价策略,-1.0,0.0,0.0,0.0,0.0,0.49575662631037354,0.0918039596478353,0.0,0.0,0.060334154256692106,0.09401170807396556,0.2580935517111336,0.1308771950922874
2018-10-23,风险平价策略,-1.0,0.0,0.0,0.0,0.0,0.4971352087945304,0.09000062632553366,0.0,0.0,0.05962440367558136,0.09426252401076618,0.2589772371935884,0.13067604414373904
2018-10-24,风险平价策略,-1.0,0.0,0.0,0.0,0.0,0.4993165168207782,0.0908323033406342,0.0,0.0,0.05516579659075075,0.09475799409130119,0.2599273891565357,0.12976734455976033
2018-10-25,风险平价策略,-1.0,0.0,0.0,0.0,0.0,0.5045199914561277,0.08558087390395734,0.0,0.0,0.05602267244227756,0.09229981328753517,0.26157664891010235,0.12947363221477343
2018-10-26,风险平价策略,-1.0,0.0,0.0,0.0,0.0,0.5048489324105004,0.08569089456432774,0.0,0.0,0.056072459255936805,0.09235434624941705,0.2610333675198179,0.12937036132042798
2018-10-29,风险平价策略,-1.0,0.0,0.0,0.0,0.0,0.5101525475870426,0.08649116924280692,0.0,0.0,0.055985977407747266,0.08858979727771626,0.25878050848468687,0.12848312956081975
2018-10-30,风险平价策略,-1.0,0.0,0.0,0.0,0.0,0.6017364446359547,0.0,0.0,0.0,0.0,0.09953352888150195,0.29873002648254343,0.1116271772856063
2018-10-31,风险平价策略,-1.0,0.0,0.0,0.0,0.0,0.6361253888078046,0.0,0.0,0.0,0.0,0.10438353750747903,0.2594910736847163,0.10213049522788795
2018-11-01,风险平价策略,-1.0,0.0,0.0,0.0,0.0,0.7102933441225332,0.0,0.0,0.0,0.0,0.0,0.28970665587746675,0.09887519724875403
2018-11-02,风险平价策略,-1.0,0.0,0.0,0.0,0.0,0.6406184821208767,0.0,0.0,0.0,0.0,0.0,0.3593815178791232,0.11664228705917642
2018-11-05,风险平价策略,-1.0,0.0,0.0,0.0,0.0,0.6404583206419615,0.0,0.0,0.0,0.0,0.0,0.3595416793580385,0.11668312823629982
2018-11-06,风险平价策略,-1.0,0.0,0.0,0.0,0.0,0.6405893591085595,0.0,0.0,0.0,0.0,0.0,0.35941064089144037,0.11664971342731731
2018-11-07,风险平价策略,-1.0,0.0,0.0,0.0,0.0,0.6415246073863974,0.0,0.0,0.0,0.0,0.0,0.35847539261360256,0.11641122511646866
2018-11-08,风险平价策略,-1.0,0.0,0.0,0.0,0.0,0.6504816186100534,0.0,0.0,0.0,0.0,0.0,0.3495183813899465,0.11412718725443638
2018-11-09,风险平价策略,-1.0,0.0,0.0,0.0,0.0,0.6540051428849168,0.0,0.0,0.0,0.0,0.0,0.34599485711508304,0.11322868856434619
2018-11-12,风险平价策略,-1.0,0.0,0.0,0.0,0.0,1.0,0.0,0.0,0.0,0.0,0.0,0.0,0.025
2018-11-13,风险平价策略,-1.0,0.0,0.0,0.0,0.0,1.0,0.0,0.0,0.0,0.0,0.0,0.0,0.025
2018-11-14,风险平价策略,-1.0,0.0,0.0,0.0,0.0,1.0,0.0,0.0,0.0,0.0,0.0,0.0,0.025
2018-11-15,风险平价策略,-1.0,0.0,0.0,0.0,0.0,1.0,0.0,0.0,0.0,0.0,0.0,0.0,0.025
2018-11-16,风险平价策略,-1.0,0.0,0.0,0.0,0.0,1.0,0.0,0.0,0.0,0.0,0.0,0.0,0.025
2018-11-19,风险平价策略,-1.0,0.0,0.0,0.0,0.0,1.0,0.0,0.0,0.0,0.0,0.0,0.0,0.025
2018-11-20,风险平价策略,-1.0,0.0,0.0,0.0,0.0,1.0,0.0,0.0,0.0,0.0,0.0,0.0,0.025
2018-11-21,风险平价策略,-1.0,0.0,0.0,0.0,0.0,1.0,0.0,0.0,0.0,0.0,0.0,0.0,0.025
2018-11-22,风险平价策略,-1.0,0.0,0.0,0.0,0.0,1.0,0.0,0.0,0.0,0.0,0.0,0.0,0.025
2018-11-23,风险平价策略,-1.0,0.0,0.0,0.0,0.0,1.0,0.0,0.0,0.0,0.0,0.0,0.0,0.025
2018-11-26,风险平价策略,-1.0,0.0,0.0,0.0,0.0,1.0,0.0,0.0,0.0,0.0,0.0,0.0,0.025
2018-11-27,风险平价策略,-1.0,0.0,0.0,0.0,0.0,1.0,0.0,0.0,0.0,0.0,0.0,0.0,0.025
2018-11-28,风险平价策略,-1.0,0.0,0.0,0.0,0.0,0.8329218025259135,0.16707819747408653,0.0,0.0,0.0,0.0,0.0,0.047555556659001685
2018-11-29,风险平价策略,-1.0,0.0,0.0,0.0,0.0,0.8326420984619675,0.16735790153803262,0.0,0.0,0.0,0.0,0.0,0.047593316707634406
2018-11-30,风险平价策略,-1.0,0.0,0.0,0.0,0.0,1.0,0.0,0.0,0.0,0.0,0.0,0.0,0.025
2018-12-03,风险平价策略,-1.0,0.0,0.0,0.0,0.0,0.8273804356298993,0.17261956437010081,0.0,0.0,0.0,0.0,0.0,0.04830364118996361
2018-12-04,风险平价策略,-1.0,0.0,0.0,0.0,0.0,0.8369900604626371,0.16300993953736295,0.0,0.0,0.0,0.0,0.0,0.047006341837544
2018-12-05,风险平价策略,-1.0,0.0,0.0,0.0,0.0,1.0,0.0,0.0,0.0,0.0,0.0,0.0,0.025
2018-12-06,风险平价策略,-1.0,0.0,0.0,0.0,0.0,0.6650354040279565,0.0,0.0,0.0,0.0,0.0,0.33496459597204353,0.11041597197287112
2018-12-07,风险平价策略,-1.0,0.0,0.0,0.0,0.0,0.5621174094149937,0.103618191272032,0.0,0.05093155515786838,0.0,0.0,0.28333284415510596,0.11862340657916726
2018-12-10,风险平价策略,-1.0,0.0,0.0,0.0,0.0,0.5950987699629768,0.10639465365807182,0.0,0.0,0.0,0.0,0.29850657637895134,0.1154824552204723
2018-12-11,风险平价策略,-1.0,0.0,0.0,0.0,0.0,0.5962490547970558,0.10791667193170136,0.0,0.0,0.0,0.0,0.29583427327124284,0.11500649039494662
2018-12-12,风险平价策略,-1.0,0.0,0.0,0.0,0.0,0.5682481606888321,0.10322545370259037,0.0,0.0,0.0,0.062129518779887025,0.26639686682869046,0.1133902367630539
2018-12-13,风险平价策略,-1.0,0.0,0.0,0.0,0.0,0.5770925990315219,0.0,0.0,0.0,0.0,0.08312989439622093,0.3397775065722572,0.12037190308752879
2018-12-14,风险平价策略,-1.0,0.0,0.0,0.0,0.0,0.0,0.0,0.0,0.0,0.0,0.0,1.0,0.28
2018-12-17,风险平价策略,-1.0,0.0,0.0,0.0,0.0,0.0,0.0,0.0,0.0,0.0,0.0,1.0,0.28
2018-12-18,风险平价策略,-1.0,0.0,0.0,0.0,0.0,0.0,0.0,0.0,0.0,0.0,0.0,1.0,0.28
2018-12-19,风险平价策略,-1.0,0.0,0.0,0.0,0.0,0.0,0.0,0.0,0.15632667802553848,0.0,0.0,0.8436733219744614,0.26280406541719076
2018-12-20,风险平价策略,-1.0,0.0,0.0,0.0,0.0,0.5738632125642138,0.0,0.0,0.0665428449955919,0.0,0.0,0.3595939424401942,0.12634516784661037
2018-12-21,风险平价策略,-1.0,0.0,0.0,0.0,0.0,0.5670876913269948,0.0,0.0,0.06476590631040977,0.0,0.0,0.3681464023625954,0.12826838901747126
2018-12-24,风险平价策略,-1.0,0.0,0.0,0.0,0.0,0.5626925932949213,0.0,0.0,0.06220666701202742,0.0,0.0,0.3751007396930513,0.12967065533847208
2018-12-25,风险平价策略,-1.0,0.0,0.0,0.0,0.0,0.5677345767211913,0.0,0.0,0.05688029787351659,0.0,0.0,0.37538512540529206,0.1289708501700094
2018-12-26,风险平价策略,-1.0,0.0,0.0,0.0,0.0,0.5101053458181576,0.0,0.15260974514719633,0.0,0.0,0.0,0.33728490903464603,0.13160996739870626
2018-12-27,风险平价策略,-1.0,0.0,0.0,0.0,0.0,0.6185896089503401,0.0,0.0,0.0,0.0,0.0,0.38141039104965996,0.1222596497176633
2018-12-28,风险平价策略,-1.0,0.0,0.0,0.0,0.0,0.5305246465925075,0.0,0.14216918189362854,0.0,0.0,0.0,0.3273061715138638,0.12765591329167514
2019-01-02,风险平价策略,-1.0,0.0,0.0,0.0,0.0,0.6145328580086542,0.0,0.0,0.0,0.0,0.0,0.3854671419913458,0.12329412120779318
2019-01-03,风险平价策略,-1.0,0.0,0.0,0.0,0.0,0.6137934269928745,0.0,0.0,0.0,0.0,0.0,0.3862065730071254,0.12348267611681699
2019-01-04,风险平价策略,-1.0,0.0,0.0,0.0,0.0,0.6063047761136547,0.0,0.0,0.0,0.0,0.0,0.3936952238863452,0.12539228209101805
2019-01-07,风险平价策略,-1.0,0.0,0.0,0.0,0.0,0.6265967606795719,0.0,0.0,0.0,0.0,0.0,0.373403239320428,0.12021782602670915
2019-01-08,风险平价策略,-1.0,0.0,0.0,0.0,0.0,0.6458607082622227,0.0,0.0,0.0,0.0,0.0,0.35413929173777736,0.11530551939313324
2019-01-09,风险平价策略,-1.0,0.0,0.0,0.0,0.0,0.6473639480171746,0.0,0.0,0.0,0.0,0.0,0.3526360519828253,0.11492219325562046
2019-01-10,风险平价策略,-1.0,0.0,0.0,0.0,0.0,0.6302219590445752,0.0,0.0,0.0,0.0,0.0,0.36977804095542466,0.11929340044363329
2019-01-11,风险平价策略,-1.0,0.0,0.0,0.0,0.0,0.6616139784462928,0.0,0.0,0.0,0.0,0.0,0.33838602155370723,0.11128843549619535
2019-01-14,风险平价策略,-1.0,0.0,0.0,0.0,0.0,0.6372893585886806,0.0,0.0,0.0,0.0,0.0,0.36271064141131926,0.11749121355988643
2019-01-15,风险平价策略,-1.0,0.0,0.0,0.0,0.0,0.6393298633246007,0.0,0.0,0.0,0.0,0.0,0.3606701366753993,0.11697088485222684
2019-01-16,风险平价策略,-1.0,0.0,0.0,0.0,0.0,0.639605135669281,0.0,0.0,0.0,0.0,0.0,0.3603948643307189,0.11690069040433332
2019-01-17,风险平价策略,-1.0,0.0,0.0,0.0,0.0,0.6141810699727001,0.0,0.0,0.0,0.03976361659575993,0.0,0.34605531343153995,0.12497437182079188
2019-01-18,风险平价策略,-1.0,0.0,0.0,0.0,0.08267392014084346,0.5170339460166536,0.0,0.0,0.06108019168085919,0.03330617638742291,0.0,0.3059057657742207,0.202294992237763
2019-01-21,风险平价策略,-1.0,0.0,0.0,0.0,0.08589822495566882,0.5234294613600161,0.0,0.0,0.06344951564499904,0.034618371081658335,0.0,0.2926044269576577,0.20277749744359388
2019-01-22,风险平价策略,-1.0,0.0,0.0,0.0,0.12076557075907626,0.7410710078780697,0.0,0.0,0.08984979603237098,0.0483136253304831,0.0,0.0,0.17002717138728565
2019-01-23,风险平价策略,-1.0,0.0,0.0,0.0,0.12531523987071877,0.7331132457169653,0.0,0.0,0.09170031438410838,0.049871200028207385,0.0,0.0,0.1751909084679677
2019-01-24,风险平价策略,-1.0,0.0,0.0,0.0,0.1254669732782601,0.7334850755740049,0.0,0.0,0.0918541283906505,0.049193822757084525,0.0,0.0,0.17516132527628786
2019-01-25,风险平价策略,1.0,0.3,0.15,0.15,0.08967184672296306,0.5094927772583664,0.0,0.0,0.06566121640093821,0.03517415961773226,0.0,0.0,0.16682730402025606
2019-01-28,风险平价策略,1.0,0.3,0.15,0.15,0.09048825611380182,0.5123137087054198,0.0,0.0,0.06282065699556508,0.03437737818521324,0.0,0.0,0.16697637153995162
2019-01-29,风险平价策略,1.0,0.3,0.15,0.15,0.09057797631951445,0.5124729289486364,0.0,0.0,0.06288621018847834,0.034062884543370836,0.0,0.0,0.16698057832915034
2019-01-30,风险平价策略,1.0,0.3,0.15,0.15,0.15374285241910132,0.0,0.1791692181801921,0.20241960417418833,0.10681711098942197,0.05785121423709635,0.0,0.0,0.29346836141987476
2019-01-31,风险平价策略,1.0,0.3,0.15,0.15,0.15374933468301905,0.0,0.17915916046616007,0.20244608999183303,0.10679592622291711,0.05784948863607064,0.0,0.0,0.29347331857773645
2019-02-01,风险平价策略,1.0,0.3,0.15,0.15,0.15396086308851353,0.0,0.17947620204415982,0.20270952415506535,0.10712576439074506,0.05672764632151617,0.0,0.0,0.2934748060497014
2019-02-11,风险平价策略,1.0,0.3,0.15,0.15,0.058465817222299835,0.3227523115584989,0.06749881742150211,0.0,0.039818230061367726,0.021457159016918984,0.0,0.19000766471941238,0.18617197191598472
2019-02-12,风险平价策略,1.0,0.3,0.15,0.15,0.10856935793046923,0.0,0.1249824053650894,0.0,0.07394473678075764,0.03974000076277099,0.0,0.3527634991609127,0.2946277280507546
2019-02-13,风险平价策略,1.0,0.3,0.15,0.15,0.11290685972433478,0.0,0.12974131290128177,0.0,0.0655334790952351,0.04167248281492044,0.0,0.3501458654642279,0.2981821980654882
2019-02-14,风险平价策略,1.0,0.3,0.15,0.15,0.1140641257392404,0.0,0.13205947986405064,0.0,0.06643685442424771,0.0424033021630397,0.0,0.34503623780942155,0.29866711104842136
2019-02-15,风险平价策略,1.0,0.3,0.15,0.15,0.08689536989278576,0.0,0.10966254812655454,0.11375826265928571,0.056074622973644545,0.036869066592324334,0.0,0.296740129755405,0.269060723165097
2019-02-18,风险平价策略,1.0,0.3,0.15,0.15,0.07842159735661733,0.0,0.09897555650157473,0.10266426243557625,0.05062677853734021,0.03329010129641725,0.06792316507837294,0.2680985387941012,0.25584095547529967
2019-02-19,风险平价策略,1.0,0.3,0.15,0.15,0.04810592526019128,0.2700769141236947,0.06086411052210002,0.06288684646838327,0.031077094413707484,0.020464161844259494,0.041746118789440186,0.16477882857822343,0.18005470651678407
2019-02-20,风险平价策略,1.0,0.3,0.15,0.15,0.08695643299104466,0.0,0.11007170367747982,0.11353976837505457,0.055646900685881476,0.03632739737944865,0.0,0.29745779689109075,0.269107191926979
2019-02-21,风险平价策略,1.0,0.3,0.15,0.15,0.08732495707593864,0.0,0.1152628617748944,0.11981139460592147,0.058428923141433164,0.03805105883776844,0.0,0.28112080456404387,0.26775991913693103
2019-02-22,风险平价策略,1.0,0.3,0.15,0.15,0.09104485883646819,0.0,0.1203813992413021,0.12533844988060952,0.06021878532924989,0.03952816508020139,0.0,0.26348834163216883,0.2690229766846183
2019-02-25,风险平价策略,1.0,0.3,0.15,0.15,0.09166761085800801,0.0,0.12157637394332355,0.12617383352716036,0.06101312657458106,0.03784224266596047,0.0,0.26172681243096646,0.26907290070474216
2019-02-26,风险平价策略,1.0,0.3,0.15,0.15,0.10294733913549006,0.0,0.13721868512850152,0.14601710640521867,0.0,0.0,0.0,0.3138168693307897,0.2781337891935064
2019-02-27,风险平价策略,1.0,0.3,0.15,0.15,0.10425243579119782,0.0,0.1365697693390075,0.14769653831696494,0.0,0.0,0.0,0.31148125655282977,0.27894979685094573
2019-02-28,风险平价策略,1.0,0.3,0.15,0.15,0.10044789953535291,0.0,0.1347574310911497,0.1449223600291508,0.0,0.03989176309816434,0.0,0.2799805462461822,0.2783565832549446
2019-03-01,风险平价策略,1.0,0.3,0.15,0.15,0.09244496187481174,0.0,0.12402044153246469,0.13344494583167119,0.06294397521197638,0.03672815408776593,0.0,0.2504175214613099,0.26820981495636137
2019-03-04,风险平价策略,1.0,0.3,0.15,0.15,0.15198944612486753,0.0,0.1725808708277341,0.2204482504961784,0.10332291235998017,0.05165852019123975,0.0,0.0,0.29096972709908686
2019-03-05,风险平价策略,1.0,0.3,0.15,0.15,0.15753576059411012,0.0,0.17606166824578684,0.20666146660736057,0.10671753940218884,0.05302356515055357,0.0,0.0,0.29588098471716295
2019-03-06,风险平价策略,1.0,0.3,0.15,0.15,0.15807197472845694,0.0,0.17645343212743234,0.2052281224722108,0.10705196339957651,0.05319450727232333,0.0,0.0,0.29636209956947135
2019-03-07,风险平价策略,1.0,0.3,0.15,0.15,0.09000638990948182,0.4172199310130742,0.10054212641409856,0.0,0.06113929020840737,0.03109226245493804,0.0,0.0,0.17886683173207388
2019-03-08,风险平价策略,1.0,0.3,0.15,0.15,0.07294025593436351,0.4793017382293181,0.11249687543042552,0.0,0.0,0.035261130405892974,0.0,0.0,0.1562058611888503
2019-03-11,风险平价策略,1.0,0.3,0.15,0.15,0.14242203625450056,0.0,0.21969998674061775,0.26901335074869964,0.0,0.06886462625618199,0.0,0.0,0.2846528506547696
2019-03-12,风险平价策略,1.0,0.3,0.15,0.15,0.14237003733655995,0.0,0.2198060103369974,0.26894842614163184,0.0,0.06887552618481077,0.0,0.0,0.2846109155522801
2019-03-13,风险平价策略,1.0,0.3,0.15,0.15,0.0567484649619805,0.3729349453647092,0.08723762777484304,0.10768462130633907,0.04778804974568451,0.02760629084644371,0.0,0.0,0.15621737997671573
2019-03-14,风险平价策略,1.0,0.3,0.15,0.15,0.05642371168456852,0.36142932195313077,0.08853341580751975,0.11405844187883797,0.05021253067462931,0.029342578001313655,0.0,0.0,0.15779989713832138
2019-03-15,风险平价策略,1.0,0.3,0.15,0.15,0.0565142498521328,0.36175157415510084,0.08862646535498855,0.11415487817559944,0.04956641513729359,0.02938641732488478,0.0,0.0,0.15783299828820743
2019-03-18,风险平价策略,1.0,0.3,0.15,0.15,0.06674293064962752,0.40171689809452754,0.10461467028908321,0.12692550096676178,0.0,0.0,0.0,0.0,0.1558322805029259
2019-03-19,风险平价策略,1.0,0.3,0.15,0.15,0.1562739008509816,0.0,0.24554760719484872,0.2981784919541697,0.0,0.0,0.0,0.0,0.28527007671482457
2019-03-20,风险平价策略,1.0,0.3,0.15,0.15,0.15559220137805113,0.0,0.0,0.29694800735472743,0.0,0.08014391246385646,0.16731587880336496,0.0,0.29250099878767905
2019-03-21,风险平价策略,1.0,0.3,0.15,0.15,0.11547013277118251,0.0,0.18035206173834126,0.22045885577533247,0.0,0.05949993302287243,0.12421901669227117,0.0,0.25678833031068476
2019-03-22,风险平价策略,1.0,0.3,0.15,0.15,0.06751746018844738,0.4012489457260466,0.0,0.12436409315219307,0.0,0.034211538197573874,0.07265796273573914,0.0,0.15984016611481916
2019-03-25,风险平价策略,1.0,0.3,0.15,0.15,0.07929329124107017,0.49288373673287944,0.0,0.0,0.0,0.03841150828489682,0.08941146374115345,0.0,0.1575305575969091
2019-03-26,风险平价策略,1.0,0.3,0.15,0.15,0.07690613396574551,0.49479143452283897,0.0,0.0,0.0,0.03858378416691795,0.08971864734449748,0.0,0.15528615491701492
2019-03-27,风险平价策略,1.0,0.3,0.15,0.15,0.07129498108053699,0.4491818622664094,0.0,0.0,0.06062240424381437,0.035782391089887934,0.08311836131935137,0.0,0.1570860884789255
2019-03-28,风险平价策略,1.0,0.3,0.15,0.15,0.048545773255165306,0.3177540328707756,0.0,0.0898516435414743,0.042877998655363285,0.024298896183759525,0.051071235053000937,0.12560042044046096,0.16973817187400458
2019-03-29,风险平价策略,1.0,0.3,0.15,0.15,0.07307689890103841,0.4537388830270375,0.0,0.13616350205025426,0.0,0.03702071602166968,0.0,0.0,0.16005316043168932
2019-04-01,风险平价策略,1.0,0.3,0.15,0.15,0.0591698926019627,0.32813902306257825,0.0,0.11016380459617746,0.0,0.03003424035123529,0.06077146616648744,0.1117215732215588,0.1757928649299907
2019-04-02,风险平价策略,1.0,0.3,0.15,0.15,0.062294490406537124,0.3200547644826781,0.0,0.10565914790682425,0.0,0.031693808504289475,0.0636046779937919,0.11669311070587908,0.1802860210419077
2019-04-03,风险平价策略,1.0,0.3,0.15,0.15,0.09450525917125499,0.0,0.1226675212996839,0.16042153233494888,0.0,0.04815829863153519,0.0966845228529204,0.1775628657096566,0.259496753684471
2019-04-04,风险平价策略,1.0,0.3,0.15,0.15,0.09451436838722568,0.0,0.12274211255029974,0.16052201583525288,0.0,0.047613419082509885,0.09680042166417197,0.17780766248053984,0.2594431233462108
2019-04-08,风险平价策略,1.0,0.3,0.15,0.15,0.09471588393861179,0.0,0.12168523544068288,0.16089926112932393,0.0,0.04772350437390163,0.09686143536576922,0.17811467975171047,0.25966502171749034
2019-04-09,风险平价策略,1.0,0.3,0.15,0.15,0.12747264355865098,0.0,0.16378038221591273,0.21652795573188638,0.0,0.06430942274116223,0.12790959575238764,0.0,0.26752924035528114
2019-04-10,风险平价策略,1.0,0.3,0.15,0.15,0.09529133522767942,0.0,0.12006543933339493,0.16196403833553993,0.0,0.047774792213263445,0.09554936695600756,0.1793550279341146,0.2603448106887864
2019-04-11,风险平价策略,1.0,0.3,0.15,0.15,0.09689306169921988,0.0,0.0,0.17362675081410886,0.08070707170801092,0.05184276078856544,0.10327459762470133,0.19365575736539364,0.2646325372257015
2019-04-12,风险平价策略,1.0,0.3,0.15,0.15,0.1248396723541403,0.0,0.16828945910877205,0.23222813355549607,0.10831372929310616,0.06632900568848538,0.0,0.0,0.27056110298056657
2019-04-15,风险平价策略,1.0,0.3,0.15,0.15,0.12498517911590587,0.0,0.16944764174693672,0.23283014203568556,0.1073530967788505,0.06538394032262133,0.0,0.0,0.27052251187676885
2019-04-16,风险平价策略,1.0,0.3,0.15,0.15,0.10563640984414474,0.0,0.1433433663590061,0.19685536314733457,0.090880231754643,0.05399655751930835,0.10928807137556325,0.0,0.24900419364845044
2019-04-17,风险平价策略,1.0,0.3,0.15,0.15,0.125730637034137,0.0,0.17053182883918735,0.2341344593773029,0.1051987170764641,0.06440435767290857,0.0,0.0,0.2709704195071051
2019-04-18,风险平价策略,1.0,0.3,0.15,0.15,0.13752314613669075,0.0,0.2049577933444808,0.2829837622884521,0.0,0.07453529823037643,0.0,0.0,0.2814450904716805
2019-04-19,风险平价策略,1.0,0.3,0.15,0.15,0.13751720635921638,0.0,0.20495579645070885,0.28298659535216864,0.0,0.0745404018379061,0.0,0.0,0.28144091763580675
2019-04-22,风险平价策略,1.0,0.3,0.15,0.15,0.10881118362718246,0.0,0.17912659292713579,0.26243979922248956,0.08045597263168729,0.06916645159150482,0.0,0.0,0.2572725862277909
2019-04-23,风险平价策略,1.0,0.3,0.15,0.15,0.10623129887729586,0.0,0.17902978662593508,0.2638003969785107,0.08119216811305971,0.06974634940519851,0.0,0.0,0.25520562864289087
2019-04-24,风险平价策略,1.0,0.3,0.15,0.15,0.10987654198452285,0.0,0.1767091360451218,0.2597620697264313,0.08203010067270276,0.07162215157122118,0.0,0.0,0.25857614052512157
2019-04-25,风险平价策略,1.0,0.3,0.15,0.15,0.1084009349877655,0.0,0.20696909702431845,0.3011026563945165,0.0,0.08352731159339959,0.0,0.0,0.25842115524466697
2019-04-26,风险平价策略,1.0,0.3,0.15,0.15,0.10715876295372699,0.0,0.2101039454380921,0.30041939023132613,0.0,0.08231790137685467,0.0,0.0,0.2571842251014274
2019-04-29,风险平价策略,1.0,0.3,0.15,0.15,0.0,0.0,0.24821462357033913,0.361877863701413,0.0,0.08990751272824773,0.0,0.0,0.16838520203651963
2019-04-30,风险平价策略,1.0,0.3,0.15,0.15,0.0,0.0,0.0,0.5595090780914543,0.0,0.14049092190854562,0.0,0.0,0.1764785475053673
2019-05-06,风险平价策略,1.0,0.3,0.15,0.15,0.0,0.0,0.0,0.28914599240139427,0.0,0.0,0.0,0.4108540075986057,0.20330248091183267
2019-05-07,风险平价策略,1.0,0.3,0.15,0.15,0.0,0.5002354390977412,0.0,0.15057157660968404,0.0,0.049192984292574814,0.0,0.0,0.09433909320861691
2019-05-08,风险平价策略,1.0,0.3,0.15,0.15,0.0,0.3833091723112197,0.0,0.11606535576299203,0.0,0.03743787249421421,0.0,0.16318759943157407,0.1278258332688485
2019-05-09,风险平价策略,1.0,0.3,0.15,0.15,0.0,0.4223705066410025,0.0,0.12657137713332794,0.0,0.04130792777126233,0.10975018845440716,0.0,0.10029674439323441
2019-05-10,风险平价策略,1.0,0.3,0.15,0.15,0.0,0.4250209664169909,0.0,0.12715333536788956,0.0,0.041564470029785194,0.10626122818533434,0.0,0.10008464789291183
2019-05-13,风险平价策略,1.0,0.3,0.15,0.15,0.0,0.4245054010783254,0.0,0.12756579349364983,0.0,0.04166084795561434,0.10626795747241045,0.0,0.10016946780315206
2019-05-14,风险平价策略,1.0,0.3,0.15,0.15,0.0,0.3310707953685303,0.0,0.10161170904580556,0.0,0.03397819297867182,0.08620984939430976,0.14712945321268248,0.1298111924055285
2019-05-15,风险平价策略,1.0,0.3,0.15,0.15,0.0,0.3325979561001495,0.0,0.10195806976698994,0.0,0.0341161372295623,0.0866717233652193,0.14465611353807883,0.12931643980682264
2019-05-16,风险平价策略,1.0,0.3,0.15,0.15,0.0,0.33261627071162786,0.0,0.10195038690553898,0.0,0.03411180972970597,0.08666272123860293,0.14465881141452427,0.12931386874326803
2019-05-17,风险平价策略,1.0,0.3,0.15,0.15,0.0,0.3364353263323607,0.0,0.1005375006661314,0.0,0.03474241701402122,0.08610518904897203,0.14217956693851463,0.1286184100285273
2019-05-20,风险平价策略,1.0,0.3,0.15,0.15,0.0,0.34096136621114237,0.0,0.10111112135457331,0.0,0.035501538439963995,0.08826830657883239,0.1341576674154879,0.12710133260438358
2019-05-21,风险平价策略,1.0,0.3,0.15,0.15,0.0,0.33268217075676665,0.0,0.10284033901676545,0.0,0.034611616338510245,0.09174019688115062,0.13812567700680697,0.12844864089638047
2019-05-22,风险平价策略,1.0,0.3,0.15,0.15,0.0,0.3363242800848048,0.0,0.09570833613696376,0.0,0.03515084321263887,0.09112684097840952,0.141689699587183,0.12848931582368325
2019-05-23,风险平价策略,1.0,0.3,0.15,0.15,0.0,0.39314825524688474,0.0,0.0,0.0,0.03710402793796243,0.10471961246256471,0.16502810435258805,0.12352341416017817
2019-05-24,风险平价策略,1.0,0.3,0.15,0.15,0.0,0.3544695271416236,0.0,0.1020463226120146,0.0,0.0,0.09448869771484553,0.14899545253151628,0.1211914072082174
2019-05-27,风险平价策略,1.0,0.3,0.15,0.15,0.0,0.33501471941553146,0.0,0.10761376066728112,0.0,0.0,0.09977179218473908,0.15759972773244832,0.12469182644125489
2019-05-28,风险平价策略,1.0,0.3,0.15,0.15,0.0,0.3963394172663806,0.0,0.0,0.0,0.0,0.11806374847051614,0.18559683426310325,0.11922388632649553
2019-05-29,风险平价策略,1.0,0.3,0.15,0.15,0.0,0.3964256876608021,0.0,0.0,0.0,0.0,0.11805529466430624,0.1855190176748916,0.11920315544684952
2019-05-30,风险平价策略,1.0,0.3,0.15,0.15,0.0,0.41733880948342,0.0,0.0,0.0,0.0,0.10185097652879445,0.1808102139877855,0.11630095710240872
2019-05-31,风险平价策略,1.0,0.3,0.15,0.15,0.0,0.41831882757961364,0.0,0.0,0.0,0.0,0.10169960739632548,0.17998156502406087,0.1160737578577497
2019-06-03,风险平价策略,1.0,0.3,0.15,0.15,0.0,0.3558261051737772,0.0,0.10516672373570826,0.0,0.0,0.08641195976551747,0.15259521132499693,0.12168254236757417
2019-06-04,风险平价策略,1.0,0.3,0.15,0.15,0.0,0.35823961243556385,0.0,0.10121954169209604,0.0,0.0,0.08699362542912661,0.15354722044321342,0.1214535100115107
2019-06-05,风险平价策略,1.0,0.3,0.15,0.15,0.04133080021289115,0.3382613981134461,0.0,0.09555146424157342,0.0,0.0,0.07953979941442614,0.14531653801766312,0.15810437401320013
2019-06-06,风险平价策略,1.0,0.3,0.15,0.15,0.04908093071313968,0.4028823123722217,0.0,0.0,0.0,0.0,0.06777300747705937,0.18026374943757908,0.1604373293369851
2019-06-10,风险平价策略,1.0,0.3,0.15,0.15,0.0,0.43437859051664923,0.0,0.0,0.0,0.0,0.0730684529466,0.19255295653675067,0.11627319147626443
2019-06-11,风险平价策略,1.0,0.3,0.15,0.15,0.05304720039954491,0.39307875494871697,0.0,0.0,0.0,0.0,0.07291453361293872,0.1809595110387994,0.1650217217338087
2019-06-12,风险平价策略,1.0,0.3,0.15,0.15,0.052335158537384865,0.3938492043433063,0.0,0.0,0.0,0.0,0.07251987632194773,0.18129576079736107,0.16437178559108184
2019-06-13,风险平价策略,1.0,0.3,0.15,0.15,0.0,0.4256545273114654,0.0,0.0,0.0,0.0,0.0783933583459903,0.19595211434254417,0.11769909178367775
2019-06-14,风险平价策略,1.0,0.3,0.15,0.15,0.0,0.4259099316156703,0.0,0.0,0.0,0.0,0.0779290928639302,0.1961609755203995,0.11770360350841455
2019-06-17,风险平价策略,1.0,0.3,0.15,0.15,0.05390307384065193,0.4144531292582701,0.0,0.0,0.0,0.0,0.0760835942466235,0.15556020265445442,0.15971212606741697
2019-06-18,风险平价策略,1.0,0.3,0.15,0.15,0.05620638594007477,0.407816934390008,0.0,0.0,0.0,0.0,0.07350195191601835,0.1624747277538989,0.16344998681999906
2019-06-19,风险平价策略,1.0,0.3,0.15,0.15,0.0558688066981172,0.38969356890736856,0.0,0.0,0.0398307932738512,0.0,0.06492020356434601,0.149686627556317,0.16473426295648988
2019-06-20,风险平价策略,1.0,0.3,0.15,0.15,0.05589249067236526,0.38974503366734226,0.0,0.0,0.039838896631956756,0.0,0.06477501525141999,0.14974856377691573,0.16475907878170248
2019-06-21,风险平价策略,1.0,0.3,0.15,0.15,0.05072100822978754,0.3509112852790885,0.07013934534398968,0.0,0.03463331300053981,0.0,0.05845923076787489,0.13513581737871952,0.1640414776927601
2019-06-24,风险平价策略,1.0,0.3,0.15,0.15,0.05689645036268838,0.38646892894847523,0.0,0.0,0.038926631934871746,0.0,0.06573289842120375,0.15197509033276096,0.16627400310325802
2019-06-25,风险平价策略,1.0,0.3,0.15,0.15,0.0558386791431121,0.38762842007272763,0.0,0.0,0.03872475023993284,0.0,0.0655147459996731,0.1522934045445543,0.16527166743815158
2019-06-26,风险平价策略,1.0,0.3,0.15,0.15,0.05295972149711797,0.35897458613961986,0.07643079963140532,0.0,0.03745978267249887,0.0,0.06114483950278913,0.11303027055656874,0.16212848203715996
2019-06-27,风险平价策略,1.0,0.3,0.15,0.15,0.058493967742078136,0.39321535994606716,0.08356256987238697,0.0,0.04137089631113174,0.0,0.0,0.12335720612833594,0.1652674330091382
2019-06-28,风险平价策略,1.0,0.3,0.15,0.15,0.05812886019799856,0.39351635783317646,0.08337523909112018,0.0,0.041523204300676624,0.0,0.0,0.12345633857702819,0.16493352693109012
2019-07-01,风险平价策略,1.0,0.3,0.15,0.15,0.05844309688630715,0.4021170219522632,0.0840731747923094,0.0,0.041497715174310376,0.02703179620192236,0.0,0.08683719499288751,0.16396693136413967
2019-07-02,风险平价策略,1.0,0.3,0.15,0.15,0.060106761893671465,0.4090976409351462,0.07332859998136532,0.0,0.042560249842854385,0.026335573393545954,0.0,0.08857117395341658,0.16452933358024519
2019-07-03,风险平价策略,1.0,0.3,0.15,0.15,0.06792526908212757,0.46209807914040424,0.0,0.0,0.0438732130312073,0.026689230098751862,0.0,0.09941420864750895,0.165312699328846
2019-07-04,风险平价策略,1.0,0.3,0.15,0.15,0.06975471779770902,0.47225247867578524,0.0,0.0,0.037763055506724624,0.027636474634856766,0.0,0.09259327338492433,0.16475053763167982
2019-07-05,风险平价策略,1.0,0.3,0.15,0.15,0.06492613791329456,0.41650163915683147,0.0741431271446807,0.0,0.03247523460266385,0.025812994237210167,0.0,0.08614086694531926,0.16710197001841376
2019-07-08,风险平价策略,1.0,0.3,0.15,0.15,0.058419472802778316,0.41816194116424293,0.077432461729749,0.0,0.03375588180313283,0.02676959149679081,0.0,0.08546065100330602,0.16149646667507556
2019-07-09,风险平价策略,1.0,0.3,0.15,0.15,0.06617198830677164,0.4749232928467773,0.0,0.0,0.037073980347530476,0.03036563592566762,0.0,0.09146510257325288,0.1616748795037457
2019-07-10,风险平价策略,1.0,0.3,0.15,0.15,0.0656112252656802,0.4746040033679777,0.0,0.0,0.03734579641028669,0.030585995620956086,0.0,0.09185297933509931,0.16133146355216213
2019-07-11,风险平价策略,1.0,0.3,0.15,0.15,0.05847821905258187,0.42302379715319194,0.07607262688514861,0.0,0.03328682948447878,0.02726200477120931,0.0,0.08187652265338946,0.16053346316513287
2019-07-12,风险平价策略,1.0,0.3,0.15,0.15,0.05918295703955697,0.4274794679262714,0.07714538176953474,0.0,0.030496739876667157,0.027078694971657775,0.0,0.07861675841631205,0.1600755253473706
2019-07-15,风险平价策略,1.0,0.3,0.15,0.15,0.054192420525861894,0.3595414461410066,0.07062681769155743,0.09161464169510274,0.02748208951793694,0.02444474391105445,0.0,0.07209784051747996,0.16382125879573378
2019-07-16,风险平价策略,1.0,0.3,0.15,0.15,0.05405482632399595,0.35965894189069303,0.07082717238010318,0.09171300211363409,0.027213825962954886,0.024205828175066356,0.0,0.07232640315355254,0.16367633610297952
2019-07-17,风险平价策略,1.0,0.3,0.15,0.15,0.0604769730106124,0.40272157425280714,0.0,0.10231766839935039,0.030546485438550666,0.025636777199928233,0.0,0.07830052169875108,0.1642366566150096
2019-07-18,风险平价策略,1.0,0.3,0.15,0.15,0.0,0.5250492184924928,0.0,0.0,0.0398801078990784,0.03303112553476454,0.0,0.10203954807366425,0.1010468824369063
2019-07-19,风险平价策略,1.0,0.3,0.15,0.15,0.05538415887765663,0.37512171748613266,0.07366222856858866,0.09547732893433566,0.027092509988622043,0.0,0.0,0.07326205614466426,0.1589436334338496
2019-07-22,风险平价策略,1.0,0.3,0.15,0.15,0.05823550162453594,0.40828296795605695,0.06716410495876558,0.09478098798804972,0.0,0.0,0.0,0.07153643747259167,0.1563839931872535
2019-07-23,风险平价策略,1.0,0.3,0.15,0.15,0.07681836932450169,0.5357458591881604,0.08743577148733793,0.0,0.0,0.0,0.0,0.0,0.14620173924217977
2019-07-24,风险平价策略,1.0,0.3,0.15,0.15,0.08164683688836641,0.5216319817005044,0.0,0.0,0.0,0.0,0.0,0.0967211814111293,0.16376956722599523
2019-07-25,风险平价策略,1.0,0.3,0.15,0.15,0.0816447727721418,0.5216304060691641,0.0,0.0,0.0,0.0,0.0,0.09672482115869414,0.16376848284830528
2019-07-26,风险平价策略,1.0,0.3,0.15,0.15,0.06270275651177654,0.40047864866579536,0.06884810475630666,0.0945138895917387,0.0,0.0,0.0,0.07345660047438275,0.16142048995693586
2019-07-29,风险平价策略,1.0,0.3,0.15,0.15,0.07200800104970834,0.43246694960429516,0.0,0.11003224960639856,0.0,0.0,0.0,0.08549279973959795,0.1663628186539269
2019-07-30,风险平价策略,1.0,0.3,0.15,0.15,0.064783416267277,0.38903398209702084,0.07028933648130282,0.09898570467049086,0.0,0.0,0.0,0.07690756048390848,0.1651273893394839
2019-07-31,风险平价策略,1.0,0.3,0.15,0.15,0.0,0.413696221137589,0.07020490172200045,0.103808866117579,0.0,0.030385283404162525,0.0,0.08190472761866895,0.11284122280533176
2019-08-01,风险平价策略,1.0,0.3,0.15,0.15,0.0,0.4726659697179618,0.0790400391793057,0.1148218895803504,0.0,0.03347210152238207,0.0,0.0,0.09554563033165629
2019-08-02,风险平价策略,1.0,0.3,0.15,0.15,0.0,0.4827949759893266,0.07870864539738576,0.0,0.0,0.0,0.05982603022751915,0.0786703483857684,0.09646833914090754
2019-08-05,风险平价策略,1.0,0.3,0.15,0.15,0.0,0.46062093756898875,0.0,0.10684360979489178,0.0,0.0,0.05733283212138952,0.07520262051472994,0.09912050292631243
2019-08-06,风险平价策略,1.0,0.3,0.15,0.15,0.0,0.46120125804353385,0.0,0.1064921543205735,0.0,0.0,0.05687604621835792,0.07543054141753468,0.09908321374767635
2019-08-07,风险平价策略,1.0,0.3,0.15,0.15,0.0,0.5438042346332727,0.0,0.0,0.0,0.0,0.06722508236467163,0.08897068300205561,0.0892461578138147
2019-08-08,风险平价策略,1.0,0.3,0.15,0.15,0.0,0.4634722591691507,0.0,0.1035896677985957,0.0,0.0,0.057005867491967926,0.07593220554028574,0.09883293365223993
2019-08-09,风险平价策略,1.0,0.3,0.15,0.15,0.0,0.4634602185763274,0.0,0.10362808455043412,0.0,0.0,0.05700389038015029,0.07590780649308818,0.09883169055996188
2019-08-12,风险平价策略,1.0,0.3,0.15,0.15,0.0,0.46307606330111334,0.0,0.10469803241874451,0.0,0.0,0.05679245134232018,0.07543345293782187,0.0988329722666187
2019-08-13,风险平价策略,1.0,0.3,0.15,0.15,0.0,0.462976392381504,0.0,0.10478749071849741,0.0,0.0,0.05681170015938752,0.07542441674061097,0.09884476603258864
2019-08-14,风险平价策略,1.0,0.3,0.15,0.15,0.0,0.4779984036105049,0.0,0.10867225457646258,0.0,0.0,0.05251156197884279,0.06081777983418962,0.0951930022333193
2019-08-15,风险平价策略,1.0,0.3,0.15,0.15,0.0,0.47299372748390456,0.0,0.11242180231560822,0.0,0.0,0.0518160375659228,0.0627684326345644,0.09612357757884293
2019-08-16,风险平价策略,1.0,0.3,0.15,0.15,0.0,0.4718693439332969,0.0,0.11243944151898934,0.0,0.0,0.052170026073826134,0.06352118847388755,0.09635508040365663
2019-08-19,风险平价策略,1.0,0.3,0.15,0.15,0.0,0.4720208145321502,0.0,0.11246135077056667,0.0,0.0,0.052185838520012594,0.06333199617727052,0.09631145442383181
2019-08-20,风险平价策略,1.0,0.3,0.15,0.15,0.0,0.47102087822583516,0.0,0.11157538015297541,0.0,0.0,0.053646037588683075,0.06375770403250622,0.0964537247957525
2019-08-21,风险平价策略,1.0,0.3,0.15,0.15,0.0,0.45788953795397924,0.0,0.11799283135576585,0.0,0.0,0.05682554487899935,0.0672920858112555,0.09855519632719348
2019-08-22,风险平价策略,1.0,0.3,0.15,0.15,0.0,0.4579062308772305,0.0,0.11803170232201024,0.0,0.0,0.056813502792975694,0.0672485640077836,0.09854808142871865
2019-08-23,风险平价策略,1.0,0.3,0.15,0.15,0.0,0.45880144432169817,0.0,0.11687725402276755,0.0,0.0,0.05695501969119721,0.06736628196433699,0.09843710826155526
2019-08-26,风险平价策略,1.0,0.3,0.15,0.15,0.0,0.46326273602224893,0.0,0.11093729282810058,0.0,0.0,0.05777427772742641,0.06802569342222396,0.09788938551584046
2019-08-27,风险平价策略,1.0,0.3,0.15,0.15,0.0,0.46455648848921266,0.0,0.11122209928580355,0.0,0.0,0.055786967301775514,0.06843444492320828,0.09782339842568802
2019-08-28,风险平价策略,1.0,0.3,0.15,0.15,0.0,0.4640034356349396,0.0,0.11148213398192709,0.0,0.0,0.05592328704694819,0.068591143336185,0.0979127747782169
2019-08-29,风险平价策略,1.0,0.3,0.15,0.15,0.0,0.4666186292833482,0.0,0.10796209733375996,0.0,0.0,0.05631002829158957,0.06910924509130219,0.09761029360895657
2019-08-30,风险平价策略,1.0,0.3,0.15,0.15,0.0,0.37687616608672314,0.07702657286055369,0.10925506004294806,0.0,0.030221310044092477,0.04848749571916355,0.05813339524651908,0.11347850974335456
2019-09-02,风险平价策略,1.0,0.3,0.15,0.15,0.10077283648465206,0.0,0.13208307348531179,0.18868821673198052,0.04559217300317845,0.04977898477930551,0.08398200500773341,0.09910271050783823,0.25644260705253696
2019-09-03,风险平价策略,1.0,0.3,0.15,0.15,0.10163584289634846,0.0,0.1296484510697649,0.18676624230210961,0.046340346569053385,0.050100516429673676,0.08513779299922018,0.1003708077338298,0.257343957265454
2019-09-04,风险平价策略,1.0,0.3,0.15,0.15,0.05379146380652,0.32986770712594626,0.06862286110769962,0.09884277549922542,0.024525121363188306,0.02651631049589403,0.04466327241583827,0.05317048818568811,0.16418111043825642
2019-09-05,风险平价策略,1.0,0.3,0.15,0.15,0.05399410372939731,0.33143783855030734,0.068932479246531,0.09798327349560983,0.024614399200803147,0.026612468560929716,0.04280669070492627,0.0536187465114953,0.16426512675039068
2019-09-06,风险平价策略,1.0,0.3,0.15,0.15,0.058021802321035244,0.36207038158203697,0.07378383483717402,0.10617925422998689,0.026470174296042415,0.028446965363842384,0.0,0.04502758736988198,0.16407833912165565
2019-09-09,风险平价策略,1.0,0.3,0.15,0.15,0.0585679619763386,0.35886576267549153,0.07425061661973487,0.10718000962505722,0.026737483645415654,0.028736072035181765,0.0,0.04566209342278031,0.16509480767174994
2019-09-10,风险平价策略,1.0,0.3,0.15,0.15,0.139974905257782,0.0,0.18241068407555366,0.2438462305748359,0.06326213162596526,0.07050604846586311,0.0,0.0,0.2834925094873346
2019-09-11,风险平价策略,1.0,0.3,0.15,0.15,0.1336546648517375,0.0,0.1698861525655929,0.232911797780061,0.0,0.06741523708750052,0.0,0.09613214771510807,0.28859221413527253
2019-09-12,风险平价策略,1.0,0.3,0.15,0.15,0.1564189371009563,0.0,0.199756306650507,0.2729106997075042,0.0,0.07091405654103249,0.0,0.0,0.2967381562113685
2019-09-16,风险平价策略,1.0,0.3,0.15,0.15,0.14782316292483688,0.0,0.18913021057875548,0.23260475348978543,0.06358021776101885,0.06686165524560324,0.0,0.0,0.2895051238737697
2019-09-17,风险平价策略,1.0,0.3,0.15,0.15,0.20771476703185573,0.0,0.2839772470562443,0.0,0.10161611042980176,0.10669187548209823,0.0,0.0,0.34656726548819256
2019-09-18,风险平价策略,1.0,0.3,0.15,0.15,0.17523275385315693,0.0,0.23937595745956994,0.0,0.07464388761579548,0.07392230626072958,0.0,0.13682509481074803,0.3301885324918163
2019-09-19,风险平价策略,1.0,0.3,0.15,0.15,0.20485205073158788,0.0,0.26134453080405695,0.0,0.0,0.07786390953444537,0.0,0.1559395089299098,0.35724668921163427
2019-09-20,风险平价策略,1.0,0.3,0.15,0.15,0.18391093812039364,0.0,0.2346148843951008,0.0,0.07156956088095572,0.06990101497144141,0.0,0.14000360163210843,0.33718547822122386
2019-09-23,风险平价策略,1.0,0.3,0.15,0.15,0.17916112086950944,0.0,0.23141995841233068,0.0,0.07376893357726852,0.07196263082273646,0.0,0.14368735631815485,0.333989534555977
2019-09-24,风险平价策略,1.0,0.3,0.15,0.15,0.22638426206543233,0.0,0.2932111472603866,0.0,0.09147859870182207,0.08892599197235895,0.0,0.0,0.3593057248375588
2019-09-25,风险平价策略,1.0,0.3,0.15,0.15,0.21825423777547967,0.0,0.2991662286756735,0.0,0.09557682632547794,0.08700270722336885,0.0,0.0,0.3522097611503967
2019-09-26,风险平价策略,1.0,0.3,0.15,0.15,0.21862799366878793,0.0,0.2997965116638311,0.0,0.09574810710966448,0.08582738755771649,0.0,0.0,0.35233737776211316
2019-09-27,风险平价策略,1.0,0.3,0.15,0.15,0.223445108641372,0.0,0.2927437010016782,0.0,0.096011581703852,0.08779960865309781,0.0,0.0,0.35670194446028664
2019-09-30,风险平价策略,1.0,0.3,0.15,0.15,0.22181090106919482,0.0,0.2940219432571005,0.0,0.09636523251591177,0.08780192315779291,0.0,0.0,0.35533311692852965
2019-10-08,风险平价策略,1.0,0.3,0.15,0.15,0.23318060398659146,0.0,0.27776278626414563,0.0,0.10128358507368952,0.08777302467557331,0.0,0.0,0.36492822714756545
2019-10-09,风险平价策略,1.0,0.3,0.15,0.15,0.23461485904808022,0.0,0.2752489063060687,0.0,0.10185272602739279,0.08828350861845823,0.0,0.0,0.3662203702396146
2019-10-10,风险平价策略,1.0,0.3,0.15,0.15,0.23483718199690967,0.0,0.2755220069876384,0.0,0.10117611095852899,0.0884647000569229,0.0,0.0,0.36642934599609706
2019-10-11,风险平价策略,1.0,0.3,0.15,0.15,0.31991227204581396,0.0,0.0,0.0,0.0,0.12115041280693435,0.2589373151472516,0.0,0.43434225511317565
2019-10-14,风险平价策略,1.0,0.3,0.15,0.15,0.32364493490253843,0.0,0.0,0.0,0.0,0.12225808768160473,0.25409697741585685,0.0,0.43780013002471335
2019-10-15,风险平价策略,1.0,0.3,0.15,0.15,0.31953508600444,0.0,0.0,0.0,0.0,0.11816941380341531,0.26229550019214465,0.0,0.43344771344651173
2019-10-16,风险平价策略,1.0,0.3,0.15,0.15,0.32001709293357605,0.0,0.0,0.0,0.0,0.11737919730460715,0.26260370976181674,0.0,0.4337169183400865
2019-10-17,风险平价策略,1.0,0.3,0.15,0.15,0.3196944520634259,0.0,0.0,0.0,0.0,0.11461910445088452,0.2656864434856896,0.0,0.4329118031408486
2019-10-18,风险平价策略,1.0,0.3,0.15,0.15,0.0,0.0,0.0,0.0,0.0,0.21150357620844826,0.4884964237915518,0.0,0.17318567947960517
2019-10-21,风险平价策略,1.0,0.3,0.15,0.15,0.0,0.0,0.0,0.0,0.0,0.0,0.7,0.0,0.133
2019-10-22,风险平价策略,1.0,0.3,0.15,0.15,0.36922277468798737,0.0,0.0,0.0,0.0,0.0,0.33077722531201253,0.0,0.454223813978549
2019-10-23,风险平价策略,1.0,0.3,0.15,0.15,0.0,0.0,0.0,0.0,0.0,0.0,0.7,0.0,0.133
2019-10-24,风险平价策略,1.0,0.3,0.15,0.15,0.0,0.0,0.41521872057691533,0.0,0.0,0.0,0.2847812794230846,0.0,0.14545656161730747
2019-10-25,风险平价策略,1.0,0.3,0.15,0.15,0.21723684957895345,0.0,0.2864544233389068,0.0,0.0,0.0,0.19630872708213973,0.0,0.3305896918338567
2019-10-28,风险平价策略,1.0,0.3,0.15,0.15,0.22870840822180688,0.0,0.3022929146568248,0.0,0.0,0.0,0.16899867712136837,0.0,0.34104510259267673
2019-10-29,风险平价策略,1.0,0.3,0.15,0.15,0.19705231229407613,0.0,0.2680765742829425,0.0,0.0,0.08197356348025157,0.1528975499427297,0.0,0.3280527859855823
2019-10-30,风险平价策略,1.0,0.3,0.15,0.15,0.19437616007803835,0.0,0.26990281775719727,0.0,0.0,0.08151039871393882,0.1542106234508255,0.0,0.32569131955625763
2019-10-31,风险平价策略,1.0,0.3,0.15,0.15,0.19215453746841268,0.0,0.273139668548696,0.0,0.0,0.08386834748733284,0.1508374464955585,0.0,0.32430362367657317
2019-11-01,风险平价策略,1.0,0.3,0.15,0.15,0.1948624424700608,0.0,0.2694878637361685,0.0,0.0,0.08307966649652977,0.15257002729724084,0.0,0.32640009749537857
2019-11-04,风险平价策略,1.0,0.3,0.15,0.15,0.3167653936098695,0.0,0.0,0.0,0.0,0.1350710371650122,0.2481635692251182,0.0,0.43424938950193875
2019-11-05,风险平价策略,1.0,0.3,0.15,0.15,0.13938165355398244,0.0,0.1915969752403434,0.20103149441867948,0.0,0.05940082200233206,0.10858905478466249,0.0,0.27732704886217846
2019-11-06,风险平价策略,1.0,0.3,0.15,0.15,0.15583175189071286,0.0,0.22909408421323008,0.24330079385635223,0.0,0.0717733700397048,0.0,0.0,0.2963824107945516
2019-11-07,风险平价策略,1.0,0.3,0.15,0.15,0.15625609662687673,0.0,0.22874378717238988,0.24406221831330824,0.0,0.07093789788742517,0.0,0.0,0.29660518482856446
2019-11-08,风险平价策略,1.0,0.3,0.15,0.15,0.0,0.0,0.33768020220761485,0.3623197977923851,0.0,0.0,0.0,0.0,0.154
2019-11-11,风险平价策略,1.0,0.3,0.15,0.15,0.0,0.0,0.3692862925048975,0.3307137074951024,0.0,0.0,0.0,0.0,0.154
2019-11-12,风险平价策略,1.0,0.3,0.15,0.15,0.0,0.0,0.32314391454165353,0.27404412153187974,0.0,0.10281196392646662,0.0,0.0,0.17044991422823463
2019-11-13,风险平价策略,1.0,0.3,0.15,0.15,0.0,0.0,0.7,0.0,0.0,0.0,0.0,0.0,0.154
2019-11-14,风险平价策略,1.0,0.3,0.15,0.15,0.0,0.0,0.5317150998805119,0.0,0.0,0.1682849001194881,0.0,0.0,0.1809255840191181
2019-11-15,风险平价策略,1.0,0.3,0.15,0.15,0.0,0.0,0.5346158501807934,0.0,0.0,0.16538414981920652,0.0,0.0,0.18046146397107304
2019-11-18,风险平价策略,1.0,0.3,0.15,0.15,0.0,0.48138892380665055,0.0,0.16107281580336355,0.0,0.05753826038998587,0.0,0.0,0.09821861694849991
2019-11-19,风险平价策略,1.0,0.3,0.15,0.15,0.09078627432812351,0.42190768367516435,0.0,0.13752376912870445,0.0,0.04978227286800756,0.0,0.0,0.18126809679835776
2019-11-20,风险平价策略,1.0,0.3,0.15,0.15,0.07639989891212429,0.36305691217798286,0.14075170157050101,0.1197914873393918,0.0,0.0,0.0,0.0,0.1691632319421567
2019-11-21,风险平价策略,1.0,0.3,0.15,0.15,0.0,0.4857547017834017,0.0,0.16030437227868222,0.0,0.05394092593791608,0.0,0.0,0.09705366340930735
2019-11-22,风险平价策略,1.0,0.3,0.15,0.15,0.0,0.48488789291116413,0.0,0.16073142189683973,0.0,0.054380685191996056,0.0,0.0,0.0972410440877122
2019-11-25,风险平价策略,1.0,0.3,0.15,0.15,0.09357179189264567,0.4149638532079146,0.0,0.1418266360446574,0.0,0.049637718854782284,0.0,0.0,0.18452222002351906
2019-11-26,风险平价策略,1.0,0.3,0.15,0.15,0.09418064311142023,0.41772271682712836,0.0,0.13892046940553826,0.0,0.049176170655913086,0.0,0.0,0.18458736074687676
2019-11-27,风险平价策略,1.0,0.3,0.15,0.15,0.1169539792839341,0.5211218638736613,0.0,0.0,0.0,0.06192415684240461,0.0,0.0,0.1917977560703451
2019-11-28,风险平价策略,1.0,0.3,0.15,0.15,0.09278557878349793,0.4184253134111716,0.0,0.13933814662998265,0.0,0.04945096117534781,0.0,0.0,0.18336462265568573
2019-11-29,风险平价策略,1.0,0.3,0.15,0.15,0.07494522510344524,0.3381808567519703,0.13428639268537512,0.11262105651707716,0.0,0.03996646894213216,0.0,0.0,0.17769420845611916
2019-12-02,风险平价策略,1.0,0.3,0.15,0.15,0.0,0.3538547940807396,0.164378613706657,0.1393920759897603,0.0,0.04237451622284299,0.0,0.0,0.11300952539475502
2019-12-03,风险平价策略,1.0,0.3,0.15,0.15,0.0,0.5022271817749486,0.0,0.19777281822505133,0.0,0.0,0.0,0.0,0.08619933046038193
2019-12-04,风险平价策略,1.0,0.3,0.15,0.15,0.0,0.43175015388318444,0.0,0.17015185412174924,0.0,0.0,0.0,0.09809799199506637,0.10748548826517808
2019-12-05,风险平价策略,1.0,0.3,0.15,0.15,0.0,0.42569609105557593,0.0,0.1655380294250144,0.05831876723526937,0.05044711228414027,0.0,0.0,0.10518575334531238
2019-12-06,风险平价策略,1.0,0.3,0.15,0.15,0.08601176194639054,0.31229121616352673,0.14738704753601195,0.0,0.04435500105318593,0.039260363609673374,0.0,0.07069460969121145,0.19929912720391693
2019-12-09,风险平价策略,1.0,0.3,0.15,0.15,0.07394828263385106,0.26662838477526835,0.1266272031512738,0.10138106635315888,0.038135085857103186,0.03373442584217801,0.0,0.059545551387166606,0.19304605062755315
2019-12-10,风险平价策略,1.0,0.3,0.15,0.15,0.0738373437915245,0.2670574967742949,0.12678544054332191,0.1015335458277815,0.03738060746669436,0.03380124570490401,0.0,0.05960431989147884,0.1929051304947798
2019-12-11,风险平价策略,1.0,0.3,0.15,0.15,0.07384169335252003,0.2670621941498637,0.12680442012762683,0.1015347481629449,0.037385264694403314,0.033775482169923446,0.0,0.0595961973427178,0.19290309968114316
2019-12-12,风险平价策略,1.0,0.3,0.15,0.15,0.07404189944028952,0.2677955198543084,0.12711477642018126,0.0999175844936196,0.037493279734263515,0.03383654897428768,0.0,0.059800391083049985,0.19300762791270623
2019-12-13,风险平价策略,1.0,0.3,0.15,0.15,0.08362304552180538,0.28144259078067835,0.14166366970996463,0.11342307444991744,0.04180312247044234,0.03804449706719178,0.0,0.0,0.19275375923838003
2019-12-16,风险平价策略,1.0,0.3,0.15,0.15,0.12216302392586763,0.0,0.20696681858696223,0.1649934362930908,0.061058427804568195,0.05556254011970425,0.0,0.0892557532698069,0.276828221187304
2019-12-17,风险平价策略,1.0,0.3,0.15,0.15,0.14009568223547922,0.0,0.23721533954120455,0.18959356439323377,0.06928017265423432,0.0638152411758481,0.0,0.0,0.28258361339248056
2019-12-18,风险平价策略,1.0,0.3,0.15,0.15,0.14030240114960027,0.0,0.23200753569780377,0.1926133202359687,0.07018268862921488,0.06489405428741232,0.0,0.0,0.28293889253794235
2019-12-19,风险平价策略,1.0,0.3,0.15,0.15,0.1406743164576264,0.0,0.2324368681149218,0.19315011449601197,0.06867806764182292,0.0650606332896168,0.0,0.0,0.28326290782716307
2019-12-20,风险平价策略,1.0,0.3,0.15,0.15,0.1230817382903052,0.0,0.20168157068166315,0.1676458121577743,0.06007001572698078,0.05691756970952712,0.0,0.09060329343374944,0.27796856668670045
2019-12-23,风险平价策略,1.0,0.3,0.15,0.15,0.07215829810395386,0.25593937915191234,0.13135065542613536,0.10868516621217589,0.03744244289358434,0.035860152530251384,0.0,0.05856390568198686,0.19320087173742756
2019-12-24,风险平价策略,1.0,0.3,0.15,0.15,0.11374029306208373,0.0,0.20703416814106548,0.17132956122207862,0.05902684621549574,0.056534344793344286,0.0,0.09233478656593204,0.2702577841891522
2019-12-25,风险平价策略,1.0,0.3,0.15,0.15,0.07170974017943425,0.25608928318251,0.13147751597430238,0.10877901274813626,0.037417229257838,0.035896438013532435,0.0,0.05863078064424654,0.19281742457313905
2019-12-26,风险平价策略,1.0,0.3,0.15,0.15,0.0733417180299644,0.26222152040658064,0.13478249078965496,0.09457881425989237,0.03832862298497784,0.03659971529308744,0.0,0.06014711823584241,0.1936640327553266
2019-12-27,风险平价策略,1.0,0.3,0.15,0.15,0.0733914806596591,0.2619051331154802,0.13487128200523862,0.09464670691017849,0.038359366947772415,0.036629230198726555,0.0,0.06019680016294453,0.1937595373043511
2019-12-30,风险平价策略,1.0,0.3,0.15,0.15,0.06865622931629348,0.2444153304852433,0.12183522090541472,0.08844139745182512,0.03583872095629635,0.034214746978310076,0.05041969403970896,0.056178659866908016,0.18973675809910895
2019-12-31,风险平价策略,1.0,0.3,0.15,0.15,0.07299044770518731,0.2483979281011727,0.1076369559655249,0.09306773557233235,0.03325480512584427,0.033448735488080764,0.05248940283778053,0.0587139892040771,0.1929335981274062
2020-01-02,风险平价策略,1.0,0.3,0.15,0.15,0.07400317831054229,0.24497665766586424,0.1091173460300819,0.09327715152561683,0.03320395814845417,0.03371134692744344,0.05324049764520471,0.05846986374679245,0.19423584480609832
2020-01-03,风险平价策略,1.0,0.3,0.15,0.15,0.07347161869205825,0.24904356484063586,0.09722195255751122,0.09633583706462864,0.03465780433216895,0.035251107242544696,0.05348290829787466,0.06053520697257774,0.19374177123774503
2020-01-06,风险平价策略,1.0,0.3,0.15,0.15,0.07954795388617064,0.2706001759630642,0.10335426848828444,0.10471605988761128,0.037681785065369545,0.03830728371853017,0.0,0.0657924729909697,0.19869033751390455
2020-01-07,风险平价策略,1.0,0.3,0.15,0.15,0.0867413730374301,0.26469907349910465,0.11259505803157116,0.10684763082403875,0.034876901033351525,0.032729334518593035,0.0,0.0615106290559108,0.20409511644907985
2020-01-08,风险平价策略,1.0,0.3,0.15,0.15,0.07645805011896076,0.27049428828951055,0.1109484474932162,0.10964487893084154,0.03584661938842171,0.033586198978482626,0.0,0.06302151680056646,0.1950028732273525
2020-01-09,风险平价策略,1.0,0.3,0.15,0.15,0.09905498701210201,0.37389700131818226,0.0,0.12000704082446699,0.0360383328250138,0.026318287653522617,0.0,0.044684350366712186,0.19666352530903028
2020-01-10,风险平价策略,1.0,0.3,0.15,0.15,0.10278357042883196,0.39568316653312224,0.0,0.1268776041458223,0.0,0.027359969303725255,0.0,0.04729568958849811,0.19697404951746314
2020-01-13,风险平价策略,1.0,0.3,0.15,0.15,0.10120719916085427,0.3797899775003207,0.0,0.10804015415618226,0.037645907157652966,0.026538227895758815,0.0,0.046778534129231004,0.19797839996297997
2020-01-14,风险平价策略,1.0,0.3,0.15,0.15,0.0920449876748693,0.33880710334969366,0.13272943931812783,0.09643095772737578,0.0,0.0,0.0,0.03998751192993341,0.19037733212627359
2020-01-15,风险平价策略,1.0,0.3,0.15,0.15,0.11084818372800272,0.42002006927695185,0.0,0.11956920873532739,0.0,0.0,0.0,0.04956253825971795,0.19635726957029992
2020-01-16,风险平价策略,1.0,0.3,0.15,0.15,0.08748291435006585,0.3391966620724822,0.1338259558227704,0.09865392000304066,0.0,0.0,0.0,0.04084054775164076,0.1865949644044671
2020-01-17,风险平价策略,1.0,0.3,0.15,0.15,0.08717976066586634,0.3396333125461342,0.13404040776890283,0.09829057767323414,0.0,0.0,0.0,0.04085594134586247,0.1862832147271031
2020-01-20,风险平价策略,1.0,0.3,0.15,0.15,0.10194632067925727,0.39869552332702024,0.0,0.11130185134460817,0.040128321159978365,0.0,0.0,0.047927983489135996,0.1919636549517245
2020-01-21,风险平价策略,1.0,0.3,0.15,0.15,0.08419171082793082,0.4541116947255724,0.0,0.10766973772874684,0.0,0.0,0.0,0.05402685671774984,0.16989918111363958
2020-01-22,风险平价策略,1.0,0.3,0.15,0.15,0.08494913427815147,0.45367236501493363,0.0,0.10882527354313394,0.0,0.0,0.0,0.052553227163780886,0.17041789077628489
2020-01-23,风险平价策略,0.0,0.0,0.0,0.0,0.0,0.8958505930978504,0.0,0.0,0.0,0.0,0.0,0.10414940690214963,0.05155809876004816
2020-02-03,风险平价策略,0.0,0.0,0.0,0.0,0.0,0.8934489837625168,0.0,0.0,0.0,0.0,0.0,0.10655101623748318,0.05217050914055822
2020-02-04,风险平价策略,0.0,0.0,0.0,0.0,0.0,0.8880349271704275,0.0,0.0,0.0,0.0,0.0,0.11196507282957242,0.053551093571540975
2020-02-05,风险平价策略,0.0,0.0,0.0,0.0,0.0,0.8892674320828037,0.0,0.0,0.0,0.0,0.0,0.11073256791719645,0.0532368048188851
2020-02-06,风险平价策略,0.0,0.0,0.0,0.0,0.0,0.8898378753911411,0.0,0.0,0.0,0.0,0.0,0.11016212460885891,0.053091341775259024
2020-02-07,风险平价策略,0.0,0.0,0.0,0.0,0.0,0.889832675065574,0.0,0.0,0.0,0.0,0.0,0.11016732493442603,0.05309266785827864
2020-02-10,风险平价策略,0.0,0.0,0.0,0.0,0.0,0.8872732217880223,0.0,0.0,0.0,0.0,0.0,0.11272677821197775,0.05374532844405433
2020-02-11,风险平价策略,0.0,0.0,0.0,0.0,0.0,1.0,0.0,0.0,0.0,0.0,0.0,0.0,0.025
2020-02-12,风险平价策略,0.0,0.0,0.0,0.0,0.0,1.0,0.0,0.0,0.0,0.0,0.0,0.0,0.025
2020-02-13,风险平价策略,0.0,0.0,0.0,0.0,0.0,1.0,0.0,0.0,0.0,0.0,0.0,0.0,0.025
2020-02-14,风险平价策略,0.0,0.0,0.0,0.0,0.0,0.8427972543871678,0.0,0.0,0.0,0.0,0.0,0.1572027456128322,0.06508670013127221
2020-02-17,风险平价策略,0.0,0.0,0.0,0.0,0.0,0.7592051230951031,0.0,0.0,0.0,0.0,0.09777428320789462,0.14302059369700224,0.07173655112956451
2020-02-18,风险平价策略,0.0,0.0,0.0,0.0,0.0,0.7611865070497726,0.0,0.0,0.0,0.0,0.09533288405729622,0.14348060889293104,0.07159750809371353
2020-02-19,风险平价策略,0.0,0.0,0.0,0.0,0.0,0.7611347034272318,0.0,0.0,0.0,0.0,0.09535804288283103,0.14350725368993722,0.07160694419363126
2020-02-20,风险平价策略,0.0,0.0,0.0,0.0,0.0,0.835854993355696,0.0,0.0,0.0,0.0,0.0,0.164145006644304,0.06685697669429752
2020-02-21,风险平价策略,0.0,0.0,0.0,0.0,0.0,0.8358180987442947,0.0,0.0,0.0,0.0,0.0,0.1641819012557053,0.06686638482020486
2020-02-24,风险平价策略,0.0,0.0,0.0,0.0,0.0,0.8351752936596809,0.0,0.0,0.0,0.0,0.0,0.16482470634031904,0.06703030011678135
2020-02-25,风险平价策略,0.0,0.0,0.0,0.0,0.0,0.8547890476139488,0.0,0.0,0.0,0.0,0.0,0.14521095238605117,0.06202879285844305
2020-02-26,风险平价策略,0.0,0.0,0.0,0.0,0.0,0.8539060485243086,0.0,0.0,0.0,0.0,0.0,0.14609395147569149,0.06225395762630134
2020-02-27,风险平价策略,0.0,0.0,0.0,0.0,0.0,0.8537043902645008,0.0,0.0,0.0,0.0,0.0,0.14629560973549915,0.06230538048255229
2020-02-28,风险平价策略,0.0,0.0,0.0,0.0,0.0,0.874802578261348,0.0,0.0,0.0,0.0,0.0,0.12519742173865195,0.05692534254335625
2020-03-02,风险平价策略,0.0,0.0,0.0,0.0,0.036775491426670984,0.7327310949370337,0.05232478635363219,0.0,0.0,0.0,0.08181826315814592,0.09635036412451721,0.10108021078210176
2020-03-03,风险平价策略,0.0,0.0,0.0,0.0,0.03725722108184869,0.7294703848891054,0.05301181716100808,0.0,0.0,0.0,0.08298272482977674,0.09727785203826106,0.1020014242484217
2020-03-04,风险平价策略,0.0,0.0,0.0,0.0,0.039443304853247624,0.7704971920107624,0.0,0.0,0.0,0.0,0.08727671973487298,0.1027827834011171,0.09883088757136296
2020-03-05,风险平价策略,0.0,0.0,0.0,0.0,0.03958955246607943,0.7695944770480679,0.0,0.0,0.0,0.0,0.08761459151504994,0.1032013789708028,0.09911569740106241
2020-03-06,风险平价策略,0.0,0.0,0.0,0.0,0.03856837539869781,0.7714971339820217,0.0,0.0,0.0,0.0,0.08601592010921859,0.10391857051006187,0.09813507310526409
2020-03-09,风险平价策略,0.0,0.0,0.0,0.0,0.03913915717372448,0.8554443384417364,0.0,0.0,0.0,0.0,0.0,0.1054165043845392,0.09004188686243887
2020-03-10,风险平价策略,0.0,0.0,0.0,0.0,0.05546578801674347,0.6951548836345114,0.0,0.0,0.0,0.0,0.11671131464654654,0.1326680137021986,0.1251641748482729
2020-03-11,风险平价策略,0.0,0.0,0.0,0.0,0.054834940543181776,0.6991377904518643,0.0,0.0,0.0,0.0,0.11265609767552642,0.1333711713294274,0.12430260597453649
2020-03-12,风险平价策略,0.0,0.0,0.0,0.0,0.06407956913780487,0.7861017134101501,0.0,0.0,0.0,0.0,0.0,0.14981871745204509,0.12568135285963125
2020-03-13,风险平价策略,0.0,0.0,0.0,0.0,0.0,0.7342929892390653,0.0,0.0,0.0,0.0,0.13858801513525326,0.12711899562568155,0.07196708547375039
2020-03-16,风险平价策略,0.0,0.0,0.0,0.0,0.0,1.0,0.0,0.0,0.0,0.0,0.0,0.0,0.025
2020-03-17,风险平价策略,0.0,0.0,0.0,0.0,0.0,0.8230591776417633,0.0,0.0,0.0,0.0,0.17694082235823674,0.0,0.04357878634761486
2020-03-18,风险平价策略,0.0,0.0,0.0,0.0,0.0,0.8251440387165411,0.0,0.0,0.0,0.0,0.17485596128345893,0.0,0.04335987593476319
2020-03-19,风险平价策略,0.0,0.0,0.0,0.0,0.0,1.0,0.0,0.0,0.0,0.0,0.0,0.0,0.025
2020-03-20,风险平价策略,0.0,0.0,0.0,0.0,0.0,0.8045167227678428,0.0,0.0,0.0,0.0,0.19548327723215717,0.0,0.0455257441093765
2020-03-23,风险平价策略,0.0,0.0,0.0,0.0,0.0,0.8005082673332375,0.0,0.0,0.0,0.0,0.19949173266676237,0.0,0.04594663193001004
2020-03-24,风险平价策略,0.0,0.0,0.0,0.0,0.0,0.8005060268045865,0.0,0.0,0.0,0.0,0.19949397319541348,0.0,0.04594686718551842
2020-03-25,风险平价策略,0.0,0.0,0.0,0.0,0.0,0.8005044155538588,0.0,0.0,0.0,0.0,0.19949558444614124,0.0,0.04594703636684483
2020-03-26,风险平价策略,0.0,0.0,0.0,0.0,0.0,0.8243037961046559,0.0,0.0,0.0,0.0,0.17569620389534413,0.0,0.04344810140901113
2020-03-27,风险平价策略,0.0,0.0,0.0,0.0,0.0,0.8210229779414657,0.0,0.0,0.0,0.0,0.1789770220585343,0.0,0.0437925873161461
2020-03-30,风险平价策略,0.0,0.0,0.0,0.0,0.0,0.7322624250242192,0.0,0.0,0.0,0.0,0.15966486081384318,0.10807271416193762,0.06932335249674763
2020-03-31,风险平价策略,0.0,0.0,0.0,0.0,0.0,0.732534233848651,0.0,0.0,0.0,0.0,0.15934618344675125,0.10811958270459775,0.06930184285158131
2020-04-01,风险平价策略,0.0,0.0,0.0,0.0,0.0,0.8474135817861015,0.0,0.0,0.0,0.0,0.15258641821389854,0.0,0.04102157391245935
2020-04-02,风险平价策略,0.0,0.0,0.0,0.0,0.0,0.8452459202089359,0.0,0.0,0.0,0.0,0.1547540797910642,0.0,0.041249178378061746
2020-04-03,风险平价策略,0.0,0.0,0.0,0.0,0.0,0.8433233850916262,0.0,0.0,0.0,0.0,0.15667661490837384,0.0,0.04145104456537926
2020-04-07,风险平价策略,0.0,0.0,0.0,0.0,0.0,0.7473866005565992,0.0,0.0,0.0,0.0,0.1388448716439611,0.11376852779943976,0.06858968611147306
2020-04-08,风险平价策略,0.0,0.0,0.0,0.0,0.0,0.7485710049497301,0.0,0.0,0.0,0.0,0.13897367686588788,0.11245531818438202,0.06826834220793565
2020-04-09,风险平价策略,0.0,0.0,0.0,0.0,0.0,0.7182092316191397,0.0,0.0,0.0,0.03444822909534695,0.13659717656573875,0.11074536271977467,0.07774499861607247
2020-04-10,风险平价策略,0.0,0.0,0.0,0.0,0.0,0.7140318846835491,0.0,0.0,0.0,0.03412385942339079,0.13901298283208838,0.1128312730609718,0.07843487635781737
2020-04-13,风险平价策略,0.0,0.0,0.0,0.0,0.0,0.7167517826111163,0.0,0.0,0.0,0.03385045237691376,0.13644826724305087,0.11294949776891909,0.07811507344278427
2020-04-14,风险平价策略,0.0,0.0,0.0,0.0,0.069793396660588,0.6667014463260094,0.0,0.0,0.0,0.03142804981318207,0.12696958013069864,0.105107527069522,0.14245406175541347
2020-04-15,风险平价策略,0.0,0.0,0.0,0.0,0.0694949089839816,0.6675062851561234,0.0,0.0,0.0,0.03114343805729642,0.12714894941619373,0.10470641838640492,0.1419956268635181
2020-04-16,风险平价策略,0.0,0.0,0.0,0.0,0.06662779564899052,0.6404048064769645,0.05186635207338795,0.0,0.0,0.027977281651127565,0.11262069599591176,0.10050306815361776,0.14267081183349903
2020-04-17,风险平价策略,0.0,0.0,0.0,0.0,0.0648234551391246,0.5910003048840666,0.050385058482668936,0.06544375354630992,0.0,0.02674079850349759,0.10967950876158042,0.09192712068275198,0.14668605813715813
2020-04-20,风险平价策略,0.0,0.0,0.0,0.0,0.07773226296718481,0.6764472236964141,0.060347558741831585,0.07680897022295782,0.0,0.0,0.0,0.10866398437161169,0.14701440381801276
2020-04-21,风险平价策略,0.0,0.0,0.0,0.0,0.07672468071309776,0.6825305684179456,0.05799146173768565,0.07302030998091114,0.0,0.0,0.0,0.10973297915035989,0.14547506256062265
2020-04-22,风险平价策略,0.0,0.0,0.0,0.0,0.0771817575855712,0.6839724110510904,0.05703770004701206,0.07349707765714912,0.0,0.0,0.0,0.10831105365917715,0.14549372731908386
2020-04-23,风险平价策略,0.0,0.0,0.0,0.0,0.0771839445885577,0.683981076083588,0.05703745985152959,0.07348915320113514,0.0,0.0,0.0,0.10830836627518957,0.14549407213612686
2020-04-24,风险平价策略,0.0,0.0,0.0,0.0,0.07672541843537621,0.6843390048898043,0.056941470969456676,0.0736059619353659,0.0,0.0,0.0,0.10838814376999688,0.14507016307799206
2020-04-27,风险平价策略,0.0,0.0,0.0,0.0,0.07909577094045064,0.6769310530137664,0.05869144883681738,0.0758352516812213,0.0,0.0,0.0,0.10944647552774422,0.1481883324964494
2020-04-28,风险平价策略,0.0,0.0,0.0,0.0,0.07632150965840041,0.6526010985202882,0.05604812375165483,0.07306773351750669,0.03900386753777801,0.0,0.0,0.1029576670143717,0.1487538785299198
2020-04-29,风险平价策略,0.0,0.0,0.0,0.0,0.07632857493663502,0.6525902738075599,0.05604987669056658,0.07307090683641547,0.039003415564777315,0.0,0.0,0.10295695216404582,0.1487611843980861
2020-04-30,风险平价策略,0.0,0.0,0.0,0.0,0.08047608512921113,0.6324228385340014,0.059127039148492586,0.07710192996261539,0.04124780277656067,0.0,0.0,0.10962430444911866,0.15579022286810698
2020-05-06,风险平价策略,0.0,0.0,0.0,0.0,0.08193327681134677,0.6249563920757043,0.05998529772602501,0.07878970860640405,0.04216730963192097,0.0,0.0,0.11216801514859882,0.15833667450546227
2020-05-07,风险平价策略,0.0,0.0,0.0,0.0,0.08844710906702584,0.5998625735518991,0.06482056600012581,0.08189323783860164,0.045613273775847084,0.0,0.0,0.11936323976650046,0.16809384569653385
2020-05-08,风险平价策略,0.0,0.0,0.0,0.0,0.22106070918770898,0.0,0.16200986731365874,0.20460968738953478,0.11400117126495628,0.0,0.0,0.2983185648441411,0.38262923521162207
2020-05-11,风险平价策略,0.0,0.0,0.0,0.0,0.2216911765608953,0.0,0.16234360128912714,0.20548241872903122,0.11370150570253112,0.0,0.0,0.29678129771841516,0.3829713590943872
2020-05-12,风险平价策略,0.0,0.0,0.0,0.0,0.24997132785672482,0.0,0.18278459791429622,0.23056482944346454,0.0,0.0,0.0,0.3366792447855143,0.41037742477391054
2020-05-13,风险平价策略,0.0,0.0,0.0,0.0,0.24977173036423087,0.0,0.18265641791775306,0.23044597093097394,0.0,0.0,0.0,0.33712588078704214,0.410263359200399
2020-05-14,风险平价策略,0.0,0.0,0.0,0.0,0.21630187282821792,0.0,0.16210593791537892,0.20591931731744909,0.11503860305195697,0.0,0.0,0.30063426888699707,0.37892007147266227
2020-05-15,风险平价策略,1.0,0.3,0.15,0.15,0.1513511158823063,0.0,0.11348354070978207,0.14415617116705523,0.08053216747221392,0.0,0.0,0.21047700476864237,0.3071974995880965
2020-05-18,风险平价策略,1.0,0.3,0.15,0.15,0.1510015932256499,0.0,0.1132682789434084,0.14400579227063645,0.08049415479068311,0.0,0.0,0.21123018076962213,0.30699390154980744
2020-05-19,风险平价策略,1.0,0.3,0.15,0.15,0.152990876318065,0.0,0.11462396062537655,0.14578671952446107,0.08160137084793785,0.0,0.0,0.20499707268415945,0.3079279985377531
2020-05-20,风险平价策略,1.0,0.3,0.15,0.15,0.14272004209845643,0.0,0.10710465357354115,0.13622044078948117,0.07624140122829565,0.04618556504863621,0.0,0.19152789726158942,0.3050202874541589
2020-05-21,风险平价策略,1.0,0.3,0.15,0.15,0.11158952069064132,0.0,0.08372643661559297,0.10451710772151986,0.05931365496313556,0.03610015390484668,0.15892986768360892,0.14582325842065466,0.2668352535345158
2020-05-22,风险平价策略,1.0,0.3,0.15,0.15,0.05335033487458837,0.3469422036207611,0.04062607323080734,0.05510869353819536,0.028534161713789703,0.017563231658323682,0.08295358198637463,0.07492171937715975,0.1615745413539891
2020-05-25,风险平价策略,1.0,0.3,0.15,0.15,0.10566682931369731,0.0,0.08048048272367082,0.10929625122527699,0.05662105293561591,0.03490331011558452,0.16474902123070606,0.14828305245544843,0.26176237242908806
2020-05-26,风险平价策略,1.0,0.3,0.15,0.15,0.10551778088158045,0.0,0.08038815909993713,0.10923431186219763,0.056600832729610334,0.03491876470997934,0.16475259153616947,0.14858755918052566,0.2616758759769984
2020-05-27,风险平价策略,1.0,0.3,0.15,0.15,0.10631290174557945,0.0,0.0803016088788805,0.11005405670189632,0.05653239038516404,0.035023288950446194,0.16595698378665535,0.14581876955137799,0.26199143043477546
2020-05-28,风险平价策略,1.0,0.3,0.15,0.15,0.10668448512347622,0.0,0.0805510038307401,0.1104116656472702,0.05671007595020319,0.03514794742583686,0.1641799007262277,0.14631492129624563,0.2624381333851186
2020-05-29,风险平价策略,1.0,0.3,0.15,0.15,0.10646292636523152,0.0,0.08067354747477547,0.11059569957139365,0.05602222346990507,0.0352289757618461,0.1643981346040135,0.14661849275283456,0.2622879915956086
2020-06-01,风险平价策略,1.0,0.3,0.15,0.15,0.10694966652831601,0.0,0.08105321944586051,0.11013954674698459,0.056284064262088145,0.035406273006953363,0.16274060580283836,0.147426624206959,0.2628745409382688
2020-06-02,风险平价策略,1.0,0.3,0.15,0.15,0.1078613241560056,0.0,0.08165291063691851,0.10672751736025927,0.05663118429749441,0.03578452825868125,0.16379028552983374,0.1475522497608072,0.2636879100608105
2020-06-03,风险平价策略,1.0,0.3,0.15,0.15,0.1081816264017584,0.0,0.08187391685988353,0.10703688615909893,0.05681590074375376,0.03589814536717093,0.16434172639220024,0.14585179807613416,0.26375639242103205
2020-06-04,风险平价策略,1.0,0.3,0.15,0.15,0.1098697817292336,0.0,0.08238100176802039,0.10876674965531415,0.05531288356431669,0.034714099841321795,0.16700929702325906,0.1419461864185342,0.2644212649223372
2020-06-05,风险平价策略,1.0,0.3,0.15,0.15,0.10924275805137673,0.0,0.08243036037332198,0.1088799689388722,0.05536544368665546,0.034753066926687795,0.16715780707401245,0.14217059494907347,0.26392379908996155
2020-06-08,风险平价策略,1.0,0.3,0.15,0.15,0.11129012241783362,0.0,0.08384429899797474,0.11084852757242776,0.056385606850625374,0.03543834201891683,0.16231107370448644,0.1398820284377351,0.2656342048239068
2020-06-09,风险平价策略,1.0,0.3,0.15,0.15,0.11140033802268139,0.0,0.0839308680568807,0.11094957557902005,0.056121178131544075,0.03505336951665083,0.16246362503511588,0.14008104565810703,0.2656818515709513
2020-06-10,风险平价策略,1.0,0.3,0.15,0.15,0.11143376716770632,0.0,0.08395559864532963,0.11097162999714821,0.05603999876482754,0.034993842829723974,0.16249511904699573,0.14011004354826853,0.26570213091565975
2020-06-11,风险平价策略,1.0,0.3,0.15,0.15,0.1096390322056431,0.0,0.08635443823364991,0.10900675542882993,0.056152250975741815,0.03510444797931899,0.16065002637563594,0.14309304880118034,0.2646266863040612
2020-06-12,风险平价策略,1.0,0.3,0.15,0.15,0.10999179064528204,0.0,0.08625325334686461,0.10924694906123508,0.056084558023855535,0.034037505128924735,0.16104747580064332,0.14333846799319475,0.26476914242806754
2020-06-15,风险平价策略,1.0,0.3,0.15,0.15,0.06986254799527045,0.36804039183540693,0.05451540220511904,0.07215010626191869,0.03625371976821648,0.0,0.09917783193406832,0.0,0.16038628965790735
2020-06-16,风险平价策略,1.0,0.3,0.15,0.15,0.13781793941740242,0.0,0.1075625201387786,0.14278523267306487,0.07173904206167178,0.043955851644694004,0.19613941406438823,0.0,0.2716332133724541
2020-06-17,风险平价策略,1.0,0.3,0.15,0.15,0.15553893285604956,0.0,0.11919347081023877,0.159990728169165,0.0,0.04955722269107579,0.21571964547347094,0.0,0.28611026986544963
2020-06-18,风险平价策略,1.0,0.3,0.15,0.15,0.15587667119841978,0.0,0.11948578797199354,0.15886607490822643,0.0,0.049647252100023465,0.21612421382133673,0.0,0.28639623772803624
2020-06-19,风险平价策略,1.0,0.3,0.15,0.15,0.13975981981894864,0.0,0.10712258274701025,0.14242381944207805,0.07253618931453705,0.044515187443358716,0.19364240123406723,0.0,0.2734367684949776
2020-06-22,风险平价策略,1.0,0.3,0.15,0.15,0.1082302432865108,0.0,0.08411285430353103,0.11333556749805103,0.05698106554732904,0.03510324303834011,0.1538243234946533,0.14841270283158461,0.26429452853722735
2020-06-23,风险平价策略,1.0,0.3,0.15,0.15,0.10805849793334588,0.0,0.08466402969518229,0.1132703844375422,0.05721835172555205,0.0353185091630806,0.15272525172026502,0.1487449753250319,0.26425992273475485
2020-06-24,风险平价策略,1.0,0.3,0.15,0.15,0.10808385410265152,0.0,0.08470119798442434,0.11310064493926127,0.05723654999129045,0.03532820077429838,0.15277499022140673,0.14877456198666733,0.2642850128017858
2020-06-29,风险平价策略,1.0,0.3,0.15,0.15,0.11658434070449179,0.0,0.09385587742639724,0.12494464766451613,0.0,0.03658948972235108,0.16379500162711727,0.16423064285512648,0.27257899164115096
2020-06-30,风险平价策略,1.0,0.3,0.15,0.15,0.10742642670219203,0.0,0.08647317159999986,0.11512648174159666,0.05500367378429933,0.033713810836301705,0.15093457032808877,0.15132186500752148,0.2638130315925525
2020-07-01,风险平价策略,1.0,0.3,0.15,0.15,0.11658162835550946,0.0,0.0938445683681308,0.12494578203301232,0.0,0.036588924028537945,0.16380244009196931,0.16423665712284022,0.2725771213151758
2020-07-02,风险平价策略,1.0,0.3,0.15,0.15,0.11769412644259696,0.0,0.09476165241234434,0.12450762978830533,0.0,0.036936313878862294,0.16549254753499643,0.16060772994289452,0.2730810275994968
2020-07-03,风险平价策略,1.0,0.3,0.15,0.15,0.12475194904101536,0.0,0.09756707313898522,0.1321419766663644,0.0,0.0,0.17527781714366186,0.17026118400997306,0.2739646447613398
2020-07-06,风险平价策略,1.0,0.3,0.15,0.15,0.10848908277485979,0.0,0.0851316459755459,0.1154743591680327,0.05589707747822341,0.03424893613819508,0.1531441876864083,0.14761471077873473,0.2642890697506316
2020-07-07,风险平价策略,1.0,0.3,0.15,0.15,0.12515135728202234,0.0,0.09919796398427042,0.13164084116126826,0.0,0.0,0.17250908309358814,0.17150075447885077,0.2745319581615532
2020-07-08,风险平价策略,1.0,0.3,0.15,0.15,0.125662109574725,0.0,0.09960409273365778,0.1322230590473675,0.0,0.0,0.16987051103356018,0.17264022761068953,0.275176884025045
2020-07-09,风险平价策略,1.0,0.3,0.15,0.15,0.1256605053175167,0.0,0.09959838330201307,0.13221437998762275,0.0,0.0,0.16987212654343883,0.17265460484940862,0.2751772132523399
2020-07-10,风险平价策略,1.0,0.3,0.15,0.15,0.11108197121664062,0.0,0.10275620939466747,0.13976938684152454,0.0,0.0,0.17885821164227836,0.16753422090488898,0.26204721598129643
2020-07-13,风险平价策略,1.0,0.3,0.15,0.15,0.10715652606262031,0.0,0.09908713871366165,0.13491395926068656,0.0,0.03834793872102834,0.15861177907461052,0.16188265816739258,0.2648147176958144
2020-07-14,风险平价策略,1.0,0.3,0.15,0.15,0.1092678256337218,0.0,0.09751714770150866,0.12574160483559624,0.0,0.03928930053545443,0.16177505538589365,0.16640906590782512,0.2671870978653612
2020-07-15,风险平价策略,1.0,0.3,0.15,0.15,0.10779634012223405,0.0,0.0978439034547221,0.12596102972906398,0.0,0.03940168983354578,0.16217811985412922,0.16681891700630477,0.2660061225211766
2020-07-16,风险平价策略,1.0,0.3,0.15,0.15,0.11595217140236613,0.0,0.09329544472479534,0.10641697531008516,0.0,0.0,0.1956591967124458,0.1886762118503075,0.2681711934986511
2020-07-17,风险平价策略,1.0,0.3,0.15,0.15,0.11564132589325289,0.0,0.09403163173179549,0.10724240051905817,0.0,0.0,0.19723772149172417,0.1858469203641692,0.267523212549281
2020-07-20,风险平价策略,1.0,0.3,0.15,0.15,0.11583025439012323,0.0,0.0936396683445905,0.10730677981476944,0.0,0.0,0.19729829181849104,0.18592500563202574,0.2676894656089919
2020-07-21,风险平价策略,1.0,0.3,0.15,0.15,0.11577281539432742,0.0,0.09378869166955556,0.10747916087838126,0.0,0.0,0.19675785995954995,0.1862014720981858,0.2676906057842308
2020-07-22,风险平价策略,1.0,0.3,0.15,0.15,0.1157640763743589,0.0,0.09378968796933174,0.10747367144319121,0.0,0.0,0.19675795319349498,0.18621461101962317,0.2676848388810114
2020-07-23,风险平价策略,1.0,0.3,0.15,0.15,0.11363855273109846,0.0,0.09266407298866004,0.10839306771740082,0.0,0.0,0.1979566087409989,0.18734769782184169,0.26599940977051373
2020-07-24,风险平价策略,1.0,0.3,0.15,0.15,0.0997579513420042,0.0,0.09013421191967393,0.11302632515152705,0.0,0.0,0.20405535285411222,0.1930261587326826,0.25483815758958206
2020-07-27,风险平价策略,1.0,0.3,0.15,0.15,0.0985147431957087,0.0,0.09036682687088535,0.11324169116484228,0.0,0.0,0.2044313962030696,0.19344534256549392,0.25383288350616245
2020-07-28,风险平价策略,1.0,0.3,0.15,0.15,0.10598907378833197,0.0,0.0961374713797982,0.1217849499339735,0.0,0.0,0.16706883183702365,0.20901967306087277,0.2631011177943929
2020-07-29,风险平价策略,1.0,0.3,0.15,0.15,0.10593200307921945,0.0,0.09609208665182004,0.12171209200573753,0.0,0.0,0.16719154319819396,0.209072275065029,0.263055809298402
2020-07-30,风险平价策略,1.0,0.3,0.15,0.15,0.10763177211546197,0.0,0.09655449563692031,0.12371294673966375,0.0,0.0,0.1658000158787877,0.20630076962916621,0.2641927804561244
2020-07-31,风险平价策略,1.0,0.3,0.15,0.15,0.10768044269429936,0.0,0.09666739242062526,0.12278501144259606,0.0,0.0,0.16623606544332414,0.20663108799915514,0.26426022045981035
2020-08-03,风险平价策略,1.0,0.3,0.15,0.15,0.06353390599279266,0.2986144389747171,0.05308779167011918,0.07007953369401894,0.0,0.0,0.0971684738387175,0.11751585582963454,0.17824238025675362
2020-08-04,风险平价策略,1.0,0.3,0.15,0.15,0.06363863797857826,0.29932884315597763,0.053175237367705526,0.070191289817985,0.0,0.0,0.09592806116319043,0.11773793051656313,0.1782977719030406
2020-08-05,风险平价策略,1.0,0.3,0.15,0.15,0.07329428971371382,0.3424193504779444,0.062175543403230414,0.0822274845580182,0.0,0.0,0.0,0.13988333184709306,0.1861265908666483
2020-08-06,风险平价策略,1.0,0.3,0.15,0.15,0.06818294095045806,0.3167233693633916,0.05841911780098732,0.07422750796627847,0.051444114472015155,0.0,0.0,0.13100294944686935,0.18475081061267137
2020-08-07,风险平价策略,1.0,0.3,0.15,0.15,0.06831360769486733,0.3161056981802063,0.058419697574754334,0.07436659753996551,0.05154347906628624,0.0,0.0,0.13125091994392024,0.184974706393294
2020-08-10,风险平价策略,1.0,0.3,0.15,0.15,0.08667143681624327,0.39630430217538454,0.0,0.0,0.0648687269186632,0.0,0.0,0.15215553408970894,0.19221027749191916
2020-08-11,风险平价策略,1.0,0.3,0.15,0.15,0.08969171533502605,0.41342108673746486,0.0,0.0,0.0685902826179958,0.0,0.0,0.12829691530951323,0.18961072683518568
2020-08-12,风险平价策略,1.0,0.3,0.15,0.15,0.09290020088694041,0.4473037532757033,0.0,0.0,0.0710565547473118,0.0,0.0,0.08873949109004443,0.18300946653108846
2020-08-13,风险平价策略,1.0,0.3,0.15,0.15,0.08181623833535338,0.393847290090253,0.0,0.08387653069042092,0.06236805183495667,0.0,0.0,0.07809188904901594,0.17955096324374417
2020-08-14,风险平价策略,1.0,0.3,0.15,0.15,0.08183462577493512,0.3937818942793419,0.0,0.08391169144089135,0.062379377936221767,0.0,0.0,0.0780924105686099,0.17957541297082977
2020-08-17,风险平价策略,1.0,0.3,0.15,0.15,0.08183557843034357,0.393774324271346,0.0,0.08390380853244161,0.06239249873603437,0.0,0.0,0.07809379002983445,0.17957753189579737
2020-08-18,风险平价策略,1.0,0.3,0.15,0.15,0.13599494498006529,0.0,0.0,0.13932994659912581,0.10307397518169038,0.0,0.19193947121919275,0.12966166201992563,0.27906770884088705
2020-08-19,风险平价策略,1.0,0.3,0.15,0.15,0.18648524479781348,0.0,0.0,0.1969469137725385,0.14297406541480076,0.0,0.0,0.17359377601484716,0.33290859940609296
2020-08-20,风险平价策略,1.0,0.3,0.15,0.15,0.14960454635550713,0.0,0.12662733117497238,0.1717518594966622,0.12162467507712978,0.0,0.0,0.1303915878957285,0.2965310562368847
2020-08-21,风险平价策略,1.0,0.3,0.15,0.15,0.14952070824135957,0.0,0.12567012866974123,0.17236773033158168,0.12177529817029993,0.0,0.0,0.13066613458701756,0.29649508405488717
2020-08-24,风险平价策略,1.0,0.3,0.15,0.15,0.23596946146985556,0.0,0.0,0.2719253160593903,0.1921052224707541,0.0,0.0,0.0,0.35413539985938625
2020-08-25,风险平价策略,1.0,0.3,0.15,0.15,0.2384082614851276,0.0,0.0,0.2629097489894048,0.19868198952546762,0.0,0.0,0.0,0.35624975954276183
2020-08-26,风险平价策略,1.0,0.3,0.15,0.15,0.230609992400627,0.0,0.0,0.2672961599232045,0.20209384767616845,0.0,0.0,0.0,0.34973333209328833
2020-08-27,风险平价策略,1.0,0.3,0.15,0.15,0.37455337339542627,0.0,0.0,0.0,0.32544662660457374,0.0,0.0,0.0,0.4718792999182038
2020-08-28,风险平价策略,1.0,0.3,0.15,0.15,0.15213843359332285,0.0,0.1325200539285793,0.17271409910041935,0.0,0.0,0.24262741337767843,0.0,0.2745174618170608
2020-08-31,风险平价策略,1.0,0.3,0.15,0.15,0.11629527306523219,0.0,0.10250446808554495,0.13237936351805854,0.10042065155703608,0.06088356861620982,0.18751667515791842,0.0,0.25680810661422143
2020-09-01,风险平价策略,1.0,0.3,0.15,0.15,0.14498556750696373,0.0,0.13112916065777727,0.0,0.128660424287241,0.07584946773780664,0.21937537981021127,0.0,0.2826291343924647
2020-09-02,风险平价策略,1.0,0.3,0.15,0.15,0.1449348351246077,0.0,0.12105564659233836,0.0,0.13324056606965162,0.07615086445963444,0.22461808775376782,0.0,0.2825232628462955
2020-09-03,风险平价策略,1.0,0.3,0.15,0.15,0.20720293456398917,0.0,0.17318620650207814,0.0,0.0,0.0,0.3196108589339327,0.0,0.3184621392657329
2020-09-04,风险平价策略,1.0,0.3,0.15,0.15,0.205013123712425,0.0,0.17339294177434833,0.0,0.0,0.0,0.3215939345132267,0.0,0.3165632058830402
2020-09-07,风险平价策略,1.0,0.3,0.15,0.15,0.0,0.0,0.17053937018803234,0.2139793600187458,0.0,0.0,0.3154812697932219,0.0,0.14453556190620334
2020-09-08,风险平价策略,1.0,0.3,0.15,0.15,0.0,0.0,0.17055577595413046,0.21395869522815553,0.0,0.0,0.31548552881771397,0.0,0.1445354341354686
2020-09-09,风险平价策略,1.0,0.3,0.15,0.15,0.0,0.0,0.1672105160676638,0.21802082669516276,0.0,0.0,0.3147686572371734,0.0,0.1445569402828848
2020-09-10,风险平价策略,1.0,0.3,0.15,0.15,0.0,0.0,0.1308020513202964,0.17080432248405708,0.0,0.0,0.24695378420578593,0.15143984198986055,0.1647641675126097
2020-09-11,风险平价策略,1.0,0.3,0.15,0.15,0.0,0.0,0.24214926399518857,0.0,0.0,0.0,0.4578507360048114,0.0,0.14026447791985566
2020-09-14,风险平价策略,1.0,0.3,0.15,0.15,0.0,0.0,0.16950086045511312,0.20991090263951576,0.0,0.0,0.3205882369053711,0.0,0.14438235289283888
2020-09-15,风险平价策略,1.0,0.3,0.15,0.15,0.0,0.0,0.1695322139679961,0.20993575201269363,0.0,0.0,0.3205320340193102,0.0,0.14438403897942068
2020-09-16,风险平价策略,1.0,0.3,0.15,0.15,0.0,0.0,0.0,0.29972317752245553,0.0,0.0,0.4002768224775444,0.0,0.14199169532567368
2020-09-17,风险平价策略,1.0,0.3,0.15,0.15,0.0,0.0,0.0,0.0,0.0,0.0,0.7,0.0,0.133
2020-09-18,风险平价策略,1.0,0.3,0.15,0.15,0.0,0.0,0.17196862496409654,0.22465247867193835,0.0,0.0,0.3033788963639651,0.0,0.14489863310908105
2020-09-21,风险平价策略,1.0,0.3,0.15,0.15,0.0,0.0,0.13369431296652937,0.17680743750762312,0.0,0.0,0.23096866798422752,0.15852958154161995,0.16609448974546756
2020-09-22,风险平价策略,1.0,0.3,0.15,0.15,0.0,0.42280789857189083,0.07463910043441646,0.09225523042096904,0.0,0.0,0.11029777057272354,0.0,0.09361200057561302
2020-09-23,风险平价策略,1.0,0.3,0.15,0.15,0.0,0.4848427374237674,0.08623128070921549,0.0,0.0,0.0,0.12892598186701706,0.0,0.08467845099178088
2020-09-24,风险平价策略,1.0,0.3,0.15,0.15,0.0,0.5488131724619224,0.0,0.0,0.0,0.0,0.15118682753807752,0.0,0.07537461689149814
2020-09-25,风险平价策略,1.0,0.3,0.15,0.15,0.0,0.5461193060077034,0.0,0.0,0.0,0.0,0.15388069399229642,0.0,0.07565747286919113
2020-09-28,风险平价策略,1.0,0.3,0.15,0.15,0.0,0.5459986425337596,0.0,0.0,0.0,0.0,0.15400135746624025,0.0,0.07567014253395522
2020-09-29,风险平价策略,1.0,0.3,0.15,0.15,0.0,0.5456064360813007,0.0,0.0,0.0,0.0,0.1543935639186993,0.0,0.07571132421146343
2020-09-30,风险平价策略,1.0,0.3,0.15,0.15,0.0,0.5356330927170382,0.0,0.0,0.0,0.0,0.1643669072829619,0.0,0.07675852526471101
2020-10-09,风险平价策略,1.0,0.3,0.15,0.15,0.0,0.0,0.0,0.26822263098511007,0.0,0.0,0.4317773690148899,0.0,0.1410466789295533
2020-10-12,风险平价策略,1.0,0.3,0.15,0.15,0.0,0.0,0.0,0.2682328384951592,0.0,0.0,0.4317671615048407,0.0,0.14104698515485475
2020-10-13,风险平价策略,1.0,0.3,0.15,0.15,0.20414929547029798,0.0,0.0,0.2013050772914485,0.0,0.0,0.29454562723825345,0.0,0.3166490393779027
2020-10-14,风险平价策略,1.0,0.3,0.15,0.15,0.0,0.0,0.0,0.2851793770474622,0.0,0.0,0.4148206229525377,0.0,0.14155538131142387
2020-10-15,风险平价策略,1.0,0.3,0.15,0.15,0.2030630383429881,0.0,0.0,0.20269726858074297,0.0,0.0,0.29423969307626885,0.0,0.31574576141582195
2020-10-16,风险平价策略,1.0,0.3,0.15,0.15,0.20307151745135252,0.0,0.0,0.2026903730657631,0.0,0.0,0.2942381094828844,0.0,0.3157529313746496
2020-10-19,风险平价策略,1.0,0.3,0.15,0.15,0.18260588806633474,0.0,0.0,0.18431235712923108,0.0,0.0708411882060302,0.262240566598404,0.0,0.3108563190907339
2020-10-20,风险平价策略,1.0,0.3,0.15,0.15,0.08357211660138561,0.4124203858346809,0.0,0.08402143689664467,0.0,0.0,0.11998606066728887,0.0,0.16492424403746334
2020-10-21,风险平价策略,1.0,0.3,0.15,0.15,0.20354708268662258,0.0,0.0,0.20423957212673724,0.0,0.0,0.2922133451866402,0.0,0.31621314910116377
2020-10-22,风险平价策略,1.0,0.3,0.15,0.15,0.0742367871755266,0.3716371796765712,0.07232643496965332,0.07579238646127404,0.0,0.0,0.10600721171697479,0.0,0.16300766561959598
2020-10-23,风险平价策略,1.0,0.3,0.15,0.15,0.07631642445456642,0.3709077077229217,0.07229554112018749,0.08010544445869894,0.0,0.0,0.10037488224362545,0.0,0.1650220095319326
2020-10-26,风险平价策略,1.0,0.3,0.15,0.15,0.0,0.4703926233442024,0.0,0.10199336115108248,0.0,0.0,0.127614015504715,0.0,0.0866685753833912
2020-10-27,风险平价策略,1.0,0.3,0.15,0.15,0.0,0.0,0.0,0.31092934858371274,0.0,0.0,0.38907065141628716,0.0,0.14232788045751138
2020-10-28,风险平价策略,1.0,0.3,0.15,0.15,0.0,0.0,0.0,0.303618629591793,0.0,0.0,0.396381370408207,0.0,0.14210855888775378
2020-10-29,风险平价策略,1.0,0.3,0.15,0.15,0.22142085651435706,0.0,0.0,0.2277379334821333,0.0,0.0,0.2508412100035095,0.0,0.33246828317195465
2020-10-30,风险平价策略,1.0,0.3,0.15,0.15,0.1307522190505788,0.0,0.12536675691344912,0.15241963413401935,0.0,0.0,0.16974785281955743,0.12171353708239531,0.27334505286778693
2020-11-02,风险平价策略,1.0,0.3,0.15,0.15,0.07836072694144655,0.42996255235402986,0.0,0.09126998646381165,0.0,0.0,0.10040673424071189,0.0,0.1587658640357997
2020-11-03,风险平价策略,1.0,0.3,0.15,0.15,0.06470889920377966,0.35502669164247597,0.06205307245503696,0.07507927890825601,0.0,0.0,0.08289837837234795,0.060233679418103356,0.16516796213844262
2020-11-04,风险平价策略,1.0,0.3,0.15,0.15,0.07085094213282318,0.3886006029678227,0.0676663980388911,0.08213526290014246,0.0,0.0,0.09074679396032058,0.0,0.1583313061721058
2020-11-05,风险平价策略,1.0,0.3,0.15,0.15,0.07254822741547141,0.38296687517652184,0.06786880253448024,0.08390046598540893,0.0,0.0,0.09271562888811746,0.0,0.160458514013522
2020-11-06,风险平价策略,1.0,0.3,0.15,0.15,0.07532779469226965,0.37399095836730883,0.0,0.086701773903903,0.0,0.0,0.09422458418127556,0.06975488885524296,0.1723304172991107
2020-11-09,风险平价策略,1.0,0.3,0.15,0.15,0.08896944198522107,0.4254115179721026,0.08337965174038285,0.10223938830229347,0.0,0.0,0.0,0.0,0.17130377634135185
2020-11-10,风险平价策略,1.0,0.3,0.15,0.15,0.07762713086323708,0.3713045488872857,0.07132737516647569,0.08964022771382942,0.0,0.0,0.09010071736917209,0.0,0.1663776543042604
2020-11-11,风险平价策略,1.0,0.3,0.15,0.15,0.07762882116069879,0.3712904038539304,0.07133119845748893,0.08965132510813859,0.0,0.0,0.09009825141974326,0.0,0.1663810577121141
2020-11-12,风险平价策略,1.0,0.3,0.15,0.15,0.07876310772174228,0.37122419078349594,0.07140078742060103,0.09080680766178756,0.0,0.0,0.08780510641237316,0.0,0.16741159153812035
2020-11-13,风险平价策略,1.0,0.3,0.15,0.15,0.07296460020402437,0.36687821386841435,0.07624204862055314,0.09658166164548261,0.0,0.0,0.08733347566152551,0.0,0.16314170102929876
2020-11-16,风险平价策略,1.0,0.3,0.15,0.15,0.1554395241945794,0.0,0.1626054883361187,0.19877725663874957,0.0,0.0,0.18317773083055233,0.0,0.27907386839853016
2020-11-17,风险平价策略,1.0,0.3,0.15,0.15,0.15759633698408845,0.0,0.15494836917425817,0.20178334463523115,0.0,0.0,0.18567194920642224,0.0,0.28081076459044163
2020-11-18,风险平价策略,1.0,0.3,0.15,0.15,0.157518367004278,0.0,0.15492315240168858,0.20158486236844228,0.0,0.0,0.18597361822559122,0.0,0.2807362197368258
2020-11-19,风险平价策略,1.0,0.3,0.15,0.15,0.15513218449014118,0.0,0.15389617132917424,0.20254989779238214,0.0,0.0,0.18842174638830236,0.0,0.27865838258006953
2020-11-20,风险平价策略,1.0,0.3,0.15,0.15,0.15513570937989685,0.0,0.15389907421290824,0.20254792935965885,0.0,0.0,0.18841728704753605,0.0,0.27866147726768725
2020-11-23,风险平价策略,1.0,0.3,0.15,0.15,0.14568052638516396,0.0,0.14456521419068907,0.18738687939110085,0.0,0.04558982048140174,0.17677755955164431,0.0,0.27836268665401265
2020-11-24,风险平价策略,1.0,0.3,0.15,0.15,0.12297453428370562,0.0,0.12951280206950105,0.16698347026269042,0.09343719632512258,0.04078671187034126,0.14630528518863897,0.0,0.26036969610515937
2020-11-25,风险平价策略,1.0,0.3,0.15,0.15,0.11706205053940626,0.0,0.12882820658094324,0.16962863623893154,0.09454898782198547,0.041427525962025244,0.14850459285670825,0.0,0.2554508786995439
2020-11-26,风险平价策略,1.0,0.3,0.15,0.15,0.11765583894833975,0.0,0.12954498392410901,0.16815469379354048,0.09456072010315984,0.0414471958376082,0.14863656739324274,0.0,0.255948966229857
2020-11-27,风险平价策略,1.0,0.3,0.15,0.15,0.11818266784043129,0.0,0.13008865311844112,0.16877277035534535,0.09497427374614635,0.04164261224167543,0.14633902269796045,0.0,0.256495831001153
2020-11-30,风险平价策略,1.0,0.3,0.15,0.15,0.12104562115602818,0.0,0.1329810909567741,0.17169055241689737,0.0853986967732728,0.039690371084577666,0.14919366761244982,0.0,0.2584069580839553
2020-12-01,风险平价策略,1.0,0.3,0.15,0.15,0.12405686832610334,0.0,0.12810585643989533,0.1844907222714496,0.09147416938750279,0.04289221571888358,0.12898016785616528,0.0,0.26211586056713826
2020-12-02,风险平价策略,1.0,0.3,0.15,0.15,0.1265003801487104,0.0,0.13075874824881187,0.18715393308726105,0.09172603784632599,0.04289186434643302,0.12096903632245751,0.0,0.26441120690913555
2020-12-03,风险平价策略,1.0,0.3,0.15,0.15,0.16114126048426963,0.0,0.18231125133301815,0.15993741539034403,0.13381923152063027,0.06279084127173791,0.0,0.0,0.3007433857254709
2020-12-04,风险平价策略,1.0,0.3,0.15,0.15,0.1610876492467982,0.0,0.18233948585118892,0.15994547305554843,0.1338280924788915,0.06279929936757289,0.0,0.0,0.30069979419091103
2020-12-07,风险平价策略,1.0,0.3,0.15,0.15,0.1250884853176911,0.0,0.14792521156265173,0.12260421580454245,0.11548654818372521,0.05298256324764978,0.1359129758837397,0.0,0.26462901399180955
2020-12-08,风险平价策略,1.0,0.3,0.15,0.15,0.15716868525902206,0.0,0.18600597598765248,0.1549890579997579,0.13910968626173195,0.06272659449183561,0.0,0.0,0.29744904759888957
2020-12-09,风险平价策略,1.0,0.3,0.15,0.15,0.0,0.0,0.245033403951966,0.19742625878344713,0.17484630115729796,0.08269403610728888,0.0,0.0,0.16897950878873919
2020-12-10,风险平价策略,1.0,0.3,0.15,0.15,0.0,0.0,0.24585984480962392,0.19790439511409194,0.17396608686620998,0.08226967321007415,0.0,0.0,0.16890280858227397
2020-12-11,风险平价策略,1.0,0.3,0.15,0.15,0.15570467258439494,0.0,0.19710193699841796,0.1439479235139749,0.13790379759614438,0.06534166930706783,0.0,0.0,0.2966256300359841
2020-12-14,风险平价策略,1.0,0.3,0.15,0.15,0.0,0.0,0.25348648423189485,0.18518439662231495,0.17731452129660358,0.0840145978491866,0.0,0.0,0.1692154808688359
2020-12-15,风险平价策略,1.0,0.3,0.15,0.15,0.0,0.41771338956474957,0.10285932569505045,0.07468668774781455,0.0709884809929189,0.03375211599946663,0.0,0.0,0.10371891577860268
2020-12-16,风险平价策略,1.0,0.3,0.15,0.15,0.0,0.4176261066965323,0.10289387191254243,0.07471178571107828,0.07100611560775857,0.033762120072088356,0.0,0.0,0.10373247596357986
2020-12-17,风险平价策略,1.0,0.3,0.15,0.15,0.0,0.41648080612772365,0.10331192885638524,0.07501720103321277,0.07129395837453059,0.033896105608147736,0.0,0.0,0.10391140765380626
2020-12-18,风险平价策略,1.0,0.3,0.15,0.15,0.0,0.4138674036824885,0.10478076892445946,0.07605421298050653,0.07086817534100917,0.03442943907153631,0.0,0.0,0.10434529250771996
2020-12-21,风险平价策略,1.0,0.3,0.15,0.15,0.0,0.0,0.16844267541271396,0.10301238406286639,0.11046592583204283,0.05223819954724727,0.13663168454260072,0.12920913060252873,0.1748689163219054
2020-12-22,风险平价策略,1.0,0.3,0.15,0.15,0.0,0.3756041973902463,0.06327525126191931,0.04394114722514477,0.05599582329046574,0.023091961188755453,0.07806934178143318,0.06002227786203512,0.11240869846542349
2020-12-23,风险平价策略,1.0,0.3,0.15,0.15,0.0,0.3885481511968542,0.06540560986994103,0.04547259779562287,0.05789816382064644,0.0,0.08077098848191336,0.061904488835022,0.10713039023237637
2020-12-24,风险平价策略,1.0,0.3,0.15,0.15,0.0,0.3723193841605955,0.06417615994881892,0.04460926289910901,0.05676539312466826,0.023264469435457166,0.07817032057346487,0.0606950098578862,0.11296514374498183
2020-12-25,风险平价策略,1.0,0.3,0.15,0.15,0.0,0.37237992522191243,0.06418571762855245,0.0445745384417848,0.056770895418187896,0.023267339632822952,0.078121665340584,0.0606999183161554,0.1129595336281965
2020-12-28,风险平价策略,1.0,0.3,0.15,0.15,0.0,0.39943957568873895,0.069397644596632,0.0,0.05737835149805459,0.024661308215158332,0.08377393124474478,0.06534918875667131,0.10992393482488433
2020-12-29,风险平价策略,1.0,0.3,0.15,0.15,0.0,0.40751586973697135,0.0660667728543893,0.0,0.058343891560741185,0.024823191190311268,0.07883602653899863,0.06441424811858829,0.10890513606962672
2020-12-30,风险平价策略,1.0,0.3,0.15,0.15,0.0,0.4075174519745053,0.06606600880645806,0.0,0.058343175994896745,0.02482386111329662,0.0788354261625759,0.06441407594826729,0.10890501985043301
2020-12-31,风险平价策略,1.0,0.3,0.15,0.15,0.0,0.3992059060729125,0.06458430270373171,0.0,0.060931254622990635,0.0253356253195302,0.08271028507898641,0.06723262620184843,0.11035682186936376
2021-01-04,风险平价策略,1.0,0.3,0.15,0.15,0.0,0.39517335762648054,0.0654545909216163,0.0,0.06171859265315124,0.025656926248233153,0.0839178381950773,0.06807869435544142,0.11102579902347459
2021-01-05,风险平价策略,1.0,0.3,0.15,0.15,0.0,0.39642557918012084,0.06562603951742972,0.0,0.06049782230871397,0.02479113444607357,0.08419806758388067,0.0684613569637812,0.11074352735327991
2021-01-06,风险平价策略,1.0,0.3,0.15,0.15,0.0,0.39642247569608235,0.06562649328854683,0.0,0.06049842791925998,0.024791473275264795,0.08419906774098332,0.06846206207986276,0.1107440612016179
2021-01-07,风险平价策略,1.0,0.3,0.15,0.15,0.0,0.3985356323399064,0.06600508150139506,0.0,0.060787539268663884,0.024917206394060417,0.08290419606347499,0.06685034443249924,0.1103272334998446
2021-01-08,风险平价策略,1.0,0.3,0.15,0.15,0.0,0.3924965861893165,0.06844416446393299,0.0,0.06034621153238186,0.025905667762274157,0.08616731473825885,0.06664005531383566,0.11117311701724247
2021-01-11,风险平价策略,1.0,0.3,0.15,0.15,0.0,0.41745168323706466,0.0522877120505049,0.0,0.048748971355185695,0.02552525916553439,0.10256614650087016,0.05342022769084006,0.10554899687090832
2021-01-12,风险平价策略,1.0,0.3,0.15,0.15,0.0,0.4174496913527983,0.052288517740740816,0.0,0.048749560796589105,0.02552555312792591,0.1025663958583818,0.05342028112356391,0.10554931763488246
2021-01-13,风险平价策略,1.0,0.3,0.15,0.15,0.0,0.4174033637178962,0.052309652363858275,0.0,0.04875973152763245,0.025532303240408775,0.10256819939970513,0.05342674975049912,0.10555747571989448
2021-01-14,风险平价策略,1.0,0.3,0.15,0.15,0.0,0.4603249730286623,0.057391426328633,0.0,0.05200408824233905,0.026672633097889756,0.10360687930247596,0.0,0.09353558444014208
2021-01-15,风险平价策略,1.0,0.3,0.15,0.15,0.0,0.4934134819951068,0.0,0.0,0.059926895326235075,0.030224816716068127,0.1164348059625899,0.0,0.08933137537961612
2021-01-18,风险平价策略,1.0,0.3,0.15,0.15,0.0,0.4998445245517225,0.0,0.0,0.058540066643225266,0.030207004915607162,0.11140840388944499,0.0,0.0885972585217635
2021-01-19,风险平价策略,1.0,0.3,0.15,0.15,0.0,0.5009149029057117,0.0,0.0,0.05861519858288489,0.030295802462968594,0.11017409604843478,0.0,0.0885047456061797
2021-01-20,风险平价策略,1.0,0.3,0.15,0.15,0.06842527942422431,0.4310509181046318,0.05708322034827879,0.0,0.04928464699519362,0.02569820181076005,0.06845773331691143,0.0,0.15583618753238934
2021-01-21,风险平价策略,1.0,0.3,0.15,0.15,0.06846133009269217,0.43123616132560394,0.057120437917449,0.0,0.049080229130051015,0.025624501311376197,0.06847734022282755,0.0,0.15582703779334076
2021-01-22,风险平价策略,1.0,0.3,0.15,0.15,0.0,0.5014131291036494,0.060734822189947156,0.0,0.04905077330503002,0.027102609688497346,0.061698665712876063,0.0,0.08928519288283093
2021-01-25,风险平价策略,1.0,0.3,0.15,0.15,0.0,0.5031758093433424,0.061217579308268835,0.0,0.04945477611770209,0.02730210355990761,0.05884973167077909,0.0,0.08916865811928765
2021-01-26,风险平价策略,1.0,0.3,0.15,0.15,0.0,0.5293253905949389,0.0,0.0,0.06051616876860468,0.03399527538428591,0.07616316525217054,0.0,0.08630058306128993
2021-01-27,风险平价策略,1.0,0.3,0.15,0.15,0.0,0.0,0.2105812883677822,0.0,0.17355259308937812,0.09748553620497985,0.21838058233785984,0.0,0.16478179425355477
2021-01-28,风险平价策略,1.0,0.3,0.15,0.15,0.0,0.0,0.0,0.0,0.2499357069946173,0.14494825022463248,0.30511604278075016,0.0,0.17053759582246486
2021-01-29,风险平价策略,1.0,0.3,0.15,0.15,0.0,0.0,0.0,0.0,0.24994121568477795,0.14494805413602868,0.30511073017919327,0.0,0.17053777891323657
2021-02-01,风险平价策略,1.0,0.3,0.15,0.15,0.0,0.0,0.0,0.0,0.24993565190809489,0.14494775216942152,0.3051165959224836,0.0,0.1705374989885139
2021-02-02,风险平价策略,1.0,0.3,0.15,0.15,0.0,0.0,0.0,0.0,0.44299237224845656,0.2570076277515434,0.0,0.0,0.1995511441627315
2021-02-03,风险平价策略,1.0,0.3,0.15,0.15,0.0,0.0,0.0,0.0,0.4347324527652794,0.2652675472347205,0.0,0.0,0.20079013208520807
2021-02-04,风险平价策略,1.0,0.3,0.15,0.15,0.0,0.0,0.0,0.2718180464167961,0.2660865208171257,0.16209543276607824,0.0,0.0,0.1825961344507438
2021-02-05,风险平价策略,1.0,0.3,0.15,0.15,0.0,0.0,0.0,0.27236873348055535,0.2651061161667391,0.16252515035270543,0.0,0.0,0.18265508521810025
2021-02-08,风险平价策略,1.0,0.3,0.15,0.15,0.0,0.0,0.20116665684567048,0.19412423700796616,0.18889399554120215,0.11581511060516123,0.0,0.0,0.17441935765223782
2021-02-09,风险平价策略,1.0,0.3,0.15,0.15,0.0,0.0,0.20117135864685767,0.19412148825607076,0.1888919837436235,0.11581516935344803,0.0,0.0,0.17441934693398792
2021-02-10,风险平价策略,1.0,0.3,0.15,0.15,0.0,0.0,0.20475479866622087,0.19702916097084092,0.18624962408494602,0.11196641627799211,0.0,0.0,0.1737771228453282
2021-02-18,风险平价策略,1.0,0.3,0.15,0.15,0.18037654407577966,0.0,0.1523831038014306,0.1456229623949451,0.13870294348943268,0.082914446238412,0.0,0.0,0.32016963785669517
2021-02-19,风险平价策略,1.0,0.3,0.15,0.15,0.18176501601906445,0.0,0.15340323874800163,0.14576710855438754,0.13972498458295676,0.0793396520955895,0.0,0.0,0.320774207637138
2021-02-22,风险平价策略,1.0,0.3,0.15,0.15,0.1817521211073474,0.0,0.15342585369465858,0.14576065547528436,0.13972528918292493,0.07933608053978466,0.0,0.0,0.3207628075083666
2021-02-23,风险平价策略,1.0,0.3,0.15,0.15,0.17837092717440756,0.0,0.15469376495094392,0.1461976337572991,0.14079519660338308,0.0799424775139664,0.0,0.0,0.3180303271947708
2021-02-24,风险平价策略,1.0,0.3,0.15,0.15,0.14813935201708203,0.0,0.12886652052264588,0.12096767828306011,0.1175181398625775,0.06527453442924043,0.11923377488539402,0.0,0.28647914935509133
2021-02-25,风险平价策略,1.0,0.3,0.15,0.15,0.1484163005515478,0.0,0.129093743839374,0.12111218144706973,0.11774789805798616,0.06538088472995914,0.11824899137406317,0.0,0.2867606432594516
2021-02-26,风险平价策略,1.0,0.3,0.15,0.15,0.1663524010279405,0.0,0.12427113766197276,0.18923977114445398,0.13888313892493073,0.08125355124070201,0.0,0.0,0.30812541645123165
2021-03-01,风险平价策略,1.0,0.3,0.15,0.15,0.1499464908849775,0.0,0.10867874639103821,0.14930602250570077,0.12228399571649516,0.07316353832956099,0.09662120617222734,0.0,0.28998542224810897
2021-03-02,风险平价策略,1.0,0.3,0.15,0.15,0.19193831583341844,0.0,0.1354124960493525,0.18364651357507372,0.11486738739312917,0.07413528714902615,0.0,0.0,0.32823850511784697
2021-03-03,风险平价策略,1.0,0.3,0.15,0.15,0.19198786697412024,0.0,0.13544250531030105,0.1836880114268086,0.1147266122144864,0.07415500407428362,0.0,0.0,0.3282818750322912
2021-03-04,风险平价策略,1.0,0.3,0.15,0.15,0.20734732822831922,0.0,0.12929324214072868,0.16058618079331777,0.12321974919504915,0.07955349964258514,0.0,0.0,0.34213251314655224
2021-03-05,风险平价策略,1.0,0.3,0.15,0.15,0.19910502273665176,0.0,0.12936411657086958,0.16413816337973972,0.1260272116846265,0.08136548562811245,0.0,0.0,0.33552696891613176
2021-03-08,风险平价策略,1.0,0.3,0.15,0.15,0.19829873304408166,0.0,0.12943701055256057,0.1644543404274309,0.12627730208828808,0.08153261388763887,0.0,0.0,0.3348789269999337
2021-03-09,风险平价策略,1.0,0.3,0.15,0.15,0.20403794052566437,0.0,0.1465904928639425,0.16079731690781507,0.10973299187273859,0.0788412578298395,0.0,0.0,0.3391038012130598
2021-03-10,风险平价策略,1.0,0.3,0.15,0.15,0.07247150511768996,0.4507332934930915,0.051892052420102926,0.0603429402491753,0.036824970289385896,0.02773523843055426,0.0,0.0,0.15883295752907473
2021-03-11,风险平价策略,1.0,0.3,0.15,0.15,0.0744050037881957,0.44419045200861396,0.053302257723336764,0.061841624271053816,0.037799300890727985,0.028461361318071747,0.0,0.0,0.16146630298072026
2021-03-12,风险平价策略,1.0,0.3,0.15,0.15,0.07566453351948511,0.44352242768313394,0.05317211626523978,0.06031368077924783,0.03840125837862223,0.02892598337427107,0.0,0.0,0.162694850342814
2021-03-15,风险平价策略,1.0,0.3,0.15,0.15,0.20654065988682885,0.0,0.1451594914449719,0.16459758421082687,0.10476133844526551,0.07894092601210688,0.0,0.0,0.341172315851326
2021-03-16,风险平价策略,1.0,0.3,0.15,0.15,0.21150478894253708,0.0,0.14256677598360074,0.16727318234619037,0.1017555437249512,0.07689970900272061,0.0,0.0,0.344985531589416
2021-03-17,风险平价策略,1.0,0.3,0.15,0.15,0.07663848537737512,0.4452396999419191,0.05199160245730831,0.06098328479107142,0.037102321678681986,0.028044605753644113,0.0,0.0,0.16312712836220591
2021-03-18,风险平价策略,1.0,0.3,0.15,0.15,0.07828520873180705,0.44323654226765924,0.053161413013474455,0.05970697675416215,0.03798252051919547,0.02762733871370157,0.0,0.0,0.16472284152796812
2021-03-19,风险平价策略,1.0,0.3,0.15,0.15,0.07503728477154076,0.4779591332617106,0.052378048540788195,0.06330298855313231,0.031322544872828276,0.0,0.0,0.0,0.15282006166649162
2021-03-22,风险平价策略,1.0,0.3,0.15,0.15,0.08521832008050491,0.5428750197445976,0.0,0.07190666017489745,0.0,0.0,0.0,0.0,0.15229526120210343
2021-03-23,风险平价策略,1.0,0.3,0.15,0.15,0.08052690523198483,0.5536318544504188,0.0,0.06584124031759638,0.0,0.0,0.0,0.0,0.1469023000440607
2021-03-24,风险平价策略,1.0,0.3,0.15,0.15,0.07783590661239681,0.5559852328608048,0.0,0.06617886052679828,0.0,0.0,0.0,0.0,0.14432415511820465
2021-03-25,风险平价策略,1.0,0.3,0.15,0.15,0.0,0.7,0.0,0.0,0.0,0.0,0.0,0.0,0.0595
2021-03-26,风险平价策略,1.0,0.3,0.15,0.15,0.07853473853565177,0.5546079351067916,0.0,0.06685732635755658,0.0,0.0,0.0,0.0,0.14509710913053062
2021-03-29,风险平价策略,1.0,0.3,0.15,0.15,0.07869218010923161,0.5544180560246597,0.0,0.06688976386610876,0.0,0.0,0.0,0.0,0.1452549937284255
2021-03-30,风险平价策略,1.0,0.3,0.15,0.15,0.07657152865105507,0.5329355451003867,0.0,0.06512471945055451,0.0,0.025368206798003723,0.0,0.0,0.15043269856601466
2021-03-31,风险平价策略,1.0,0.3,0.15,0.15,0.08401174388419717,0.5880235631609618,0.0,0.0,0.0,0.02796469295484107,0.0,0.0,0.14966103470877037
2021-04-01,风险平价策略,1.0,0.3,0.15,0.15,0.06830146422265647,0.4703830424363859,0.0,0.05631409190086835,0.0,0.0,0.04449868621201425,0.06050271522807505,0.15379688445912792
2021-04-02,风险平价策略,1.0,0.3,0.15,0.15,0.06291186648111968,0.4397930585177658,0.04664355622673698,0.05267179031897311,0.0,0.0,0.041398523701406356,0.05658120475399806,0.15302169380367972
2021-04-06,风险平价策略,1.0,0.3,0.15,0.15,0.06428431436477729,0.4370265319622863,0.04748794831830203,0.05367981093343718,0.0,0.0,0.04158784366573294,0.05593355075546425,0.154464633032188
2021-04-07,风险平价策略,1.0,0.3,0.15,0.15,0.06252280410250403,0.41479781293953566,0.04606179566718168,0.05187797305993415,0.029785519196418753,0.0,0.040482306313577576,0.05447178872084811,0.15614145134832472
2021-04-08,风险平价策略,1.0,0.3,0.15,0.15,0.1714136989285004,0.0,0.1268859402878283,0.14277438467431727,0.0,0.0,0.10873527661010021,0.15019069949925384,0.3127483327415478
2021-04-09,风险平价策略,1.0,0.3,0.15,0.15,0.07119721193323923,0.4620971462786358,0.0,0.059165902246069914,0.0,0.0,0.045163563089382346,0.06237617645267263,0.15755277755794436
2021-04-12,风险平价策略,1.0,0.3,0.15,0.15,0.07227991339549696,0.46761877333702356,0.0,0.0581178542431715,0.0,0.0,0.041730030156190784,0.06025342886811713,0.15756510341120758
2021-04-13,风险平价策略,1.0,0.3,0.15,0.15,0.0,0.5227365474213814,0.0,0.0649760411899508,0.0,0.0,0.046399521215090056,0.06588789017357757,0.0899451272824901
2021-04-14,风险平价策略,1.0,0.3,0.15,0.15,0.0,0.4980067815280671,0.0,0.06194834249666645,0.03311637979428164,0.0,0.044109333151455314,0.06281916302952939,0.09331526786065361
2021-04-15,风险平价策略,1.0,0.3,0.15,0.15,0.06432003895178096,0.41994863930094134,0.044265190695350426,0.05258065423309591,0.028106251557891374,0.0,0.037445877638061696,0.053333347622878315,0.1568934543150514
2021-04-16,风险平价策略,1.0,0.3,0.15,0.15,0.06279795524306722,0.40960136269559794,0.043225287247004446,0.049476249367552766,0.027408282118036486,0.018886123806843586,0.036540052945273876,0.05206468657662368,0.1599015218713827
2021-04-19,风险平价策略,1.0,0.3,0.15,0.15,0.06260075279592077,0.4097644044216711,0.04324813547148357,0.04949031514875637,0.027431952496802112,0.01881541049315151,0.03655892203078493,0.052090107141429615,0.15970526815156813
2021-04-20,风险平价策略,1.0,0.3,0.15,0.15,0.062085713745783415,0.41206810009032596,0.04315408196001443,0.04861320005938918,0.0275664571473314,0.01891708705067385,0.03678002236946586,0.05081533757701583,0.1588196443720031
2021-04-21,风险平价策略,1.0,0.3,0.15,0.15,0.06258036022358254,0.4139512248215652,0.041786488831863866,0.048164420904465426,0.027082207701285062,0.01823628544861865,0.03704575534022154,0.051153256728397746,0.15889973313289096
2021-04-22,风险平价策略,1.0,0.3,0.15,0.15,0.06344135841419511,0.41099815734274164,0.042384915422860936,0.048767507296650754,0.026863333603988702,0.018141651780738805,0.03756466999317144,0.051838406145652625,0.16007095608529506
2021-04-23,风险平价策略,1.0,0.3,0.15,0.15,0.06242071357160985,0.411774235664111,0.04249573285965298,0.04888640101949186,0.026928595720363983,0.018187305723011755,0.03766223280052982,0.0516447826412287,0.15909063939131435
2021-04-26,风险平价策略,1.0,0.3,0.15,0.15,0.0645585174977379,0.3983415054120569,0.045028006658321504,0.051671793310348366,0.02817711542847049,0.019020382978583234,0.039939191592183676,0.05326348712229797,0.16297152660524045
2021-04-27,风险平价策略,1.0,0.3,0.15,0.15,0.0,0.43678008824671827,0.04998263252292322,0.05734786036525841,0.03127533037014514,0.021112110002348427,0.04434589313081168,0.05915608536179481,0.10449373244026126
2021-04-28,风险平价策略,1.0,0.3,0.15,0.15,0.06568991939992513,0.4022931698665756,0.04243900582915645,0.05096437563359601,0.028834068791140234,0.01945601098636627,0.03755880536657762,0.05276464412666262,0.1634762499438816
2021-04-29,风险平价策略,1.0,0.3,0.15,0.15,0.06572066373130328,0.4023200594363049,0.042465733601826615,0.05098827437139359,0.028848021753005878,0.019464473654000617,0.03740150317927534,0.052791270272889816,0.16350785284993227
2021-04-30,风险平价策略,1.0,0.3,0.15,0.15,0.06319837947021324,0.4060945869935842,0.041777876382459916,0.05154031658410249,0.028234217116970182,0.01972470815671222,0.03740526698204156,0.05202464831391624,0.16082296477529762
2021-05-06,风险平价策略,1.0,0.3,0.15,0.15,0.06319438067038932,0.4061175316684695,0.041775019985602964,0.05153591143343334,0.028231432051744974,0.019723628966169506,0.03740314934936016,0.05201894587483022,0.16081568696748705
2021-05-07,风险平价策略,1.0,0.3,0.15,0.15,0.06392930861542147,0.40276415223647855,0.04226033664650688,0.05211878645143998,0.028566778053881848,0.019852604024398195,0.03784642540216962,0.052661608569703464,0.1619735433757713
2021-05-10,风险平价策略,1.0,0.3,0.15,0.15,0.06393494365868983,0.4028780018350478,0.04226797710118062,0.05212536266791387,0.02854783616140017,0.01985482879623084,0.037724739202609506,0.05266631057692737,0.16196728848773195
2021-05-11,风险平价策略,1.0,0.3,0.15,0.15,0.06155047235937257,0.4194889631781026,0.03641300489862515,0.04309748872326204,0.026111426822691797,0.019092736196344485,0.03873004606105726,0.055515861760544113,0.15788734084190473
2021-05-12,风险平价策略,1.0,0.3,0.15,0.15,0.06154296120118096,0.41952438823152666,0.03640738592305452,0.04309170890092175,0.02610845485478839,0.01909066150414684,0.03872530632655687,0.05550913305782396,0.15787522216408945
2021-05-13,风险平价策略,1.0,0.3,0.15,0.15,0.06265948640659878,0.4350664949621124,0.03414534382638906,0.03916302194827522,0.02150567588342089,0.019478351352015616,0.03314394143007388,0.054837684191114205,0.156817788596846
2021-05-14,风险平价策略,1.0,0.3,0.15,0.15,0.06330876021734931,0.44348143518320243,0.031379612063124576,0.03557599747956247,0.020869683513920597,0.01839840010767965,0.03040614213014258,0.056579969305018366,0.15633921773790696
2021-05-17,风险平价策略,1.0,0.3,0.15,0.15,0.06363383548850368,0.44217504645927813,0.03153483762822062,0.035747396280331585,0.020971616414042254,0.01849222177376811,0.03055406035330312,0.0568909856025525,0.15683755864799107
2021-05-18,风险平价策略,1.0,0.3,0.15,0.15,0.0637597381925544,0.44166209744811225,0.031595850491694,0.035816450765115006,0.021011315143116695,0.01852739281484217,0.03061278876140556,0.05701436638315987,0.15703163323119346
2021-05-19,风险平价策略,1.0,0.3,0.15,0.15,0.0671714743401444,0.4639435004901438,0.02832295767507757,0.03259035283182591,0.0,0.01727288609882053,0.02992180279802816,0.060777025765959586,0.15695091666333746
2021-05-20,风险平价策略,1.0,0.3,0.15,0.15,0.06268857289915836,0.4813881972944863,0.02864233399825279,0.033007157303840594,0.0,0.0,0.03109523105725659,0.06317850744700532,0.1483195585624603
2021-05-21,风险平价策略,1.0,0.3,0.15,0.15,0.06695161471849304,0.5068524304829323,0.027797465990370182,0.03133644227429057,0.0,0.0,0.0,0.06706204653391384,0.14986172383240795
2021-05-24,风险平价策略,1.0,0.3,0.15,0.15,0.0687902600463551,0.488018103959876,0.027994691058931195,0.028708689133330804,0.0,0.017472400899238304,0.0,0.06901585490226857,0.1569788611365054
2021-05-25,风险平价策略,1.0,0.3,0.15,0.15,0.06685689413412622,0.4730531664296729,0.027199070160472877,0.027889218403721047,0.021392751883363648,0.01697511806571417,0.0,0.06663378092292913,0.1572236137247596
2021-05-26,风险平价策略,1.0,0.3,0.15,0.15,0.06967641786332397,0.4927963010322306,0.028121102724969257,0.0,0.022265042983447482,0.01770498371135873,0.0,0.0694361516846699,0.15738847639165326
2021-05-27,风险平价策略,1.0,0.3,0.15,0.15,0.07290147184558893,0.45800705240871453,0.02942922525247212,0.03003990768293168,0.02222181438249362,0.018026312438410432,0.0,0.06937421598938864,0.1648376183278155
2021-05-28,风险平价策略,1.0,0.3,0.15,0.15,0.07667947178047092,0.4710198571492358,0.03091728691980264,0.03155553707050597,0.0,0.018941941926692026,0.0,0.07088590515329253,0.16636009490711456
2021-05-31,风险平价策略,1.0,0.3,0.15,0.15,0.07667929519017706,0.47103193528559767,0.030917299060634458,0.03155531623310294,0.0,0.018932854755558656,0.0,0.07088329947492912,0.1663565493940739
2021-06-01,风险平价策略,1.0,0.3,0.15,0.15,0.07667728137202674,0.4710293685073801,0.03091820190353243,0.03155696592776719,0.0,0.01893348774796974,0.0,0.07088469454132373,0.16635547298864015
2021-06-02,风险平价策略,1.0,0.3,0.15,0.15,0.09106138827092779,0.4826217898425064,0.03525156030069946,0.0,0.0,0.02223872030815858,0.0,0.06882654127770774,0.17715500472147128
2021-06-03,风险平价策略,1.0,0.3,0.15,0.15,0.09488823823378255,0.5108075015039887,0.0,0.0,0.0,0.02353105127591352,0.0,0.07077320898631527,0.17700486069584287
2021-06-04,风险平价策略,1.0,0.3,0.15,0.15,0.11233640225018335,0.48552582227095176,0.0,0.0,0.0,0.02821560483960348,0.0,0.07392217063926151,0.1962017491346235
2021-06-07,风险平价策略,1.0,0.3,0.15,0.15,0.10961652002069577,0.47962008187314686,0.0,0.0,0.0,0.030216285873178397,0.0,0.08054711223297883,0.19582942497217562
2021-06-08,风险平价策略,1.0,0.3,0.15,0.15,0.10961897764465618,0.4796030531276433,0.0,0.0,0.0,0.030228628935311426,0.0,0.08054934029238908,0.19583603051401588
2021-06-09,风险平价策略,1.0,0.3,0.15,0.15,0.3482012167681082,0.0,0.0,0.0,0.0,0.09600176966394748,0.0,0.25579701356794426,0.4925449468595958
2021-06-10,风险平价策略,1.0,0.3,0.15,0.15,0.35052598434995413,0.0,0.0,0.0,0.0,0.09486812247837645,0.0,0.2546058931716694,0.494173433631102
2021-06-11,风险平价策略,1.0,0.3,0.15,0.15,0.25446027287520007,0.0,0.0,0.0,0.07534175894756216,0.06960753138087397,0.1132510957106958,0.18733934108566802,0.3987204398845428
2021-06-15,风险平价策略,1.0,0.3,0.15,0.15,0.40991944643200573,0.0,0.0,0.0,0.15122890826175137,0.13885164530624283,0.0,0.0,0.5220608873345012
2021-06-16,风险平价策略,1.0,0.3,0.15,0.15,0.4089633576487935,0.0,0.0,0.0,0.15174210686883885,0.13929453548236762,0.0,0.0,0.5213337671708538
2021-06-17,风险平价策略,1.0,0.3,0.15,0.15,0.4101725254179264,0.0,0.0,0.0,0.15264110300202668,0.1371863715800468,0.0,0.0,0.522021151833886
2021-06-18,风险平价策略,1.0,0.3,0.15,0.15,0.4315715700226948,0.0,0.0,0.0,0.13894167550219796,0.12948675447510719,0.0,0.0,0.5386274162901028
2021-06-21,风险平价策略,1.0,0.3,0.15,0.15,0.4305036338490298,0.0,0.0,0.0,0.13949752449985464,0.12999884165111542,0.0,0.0,0.537817842342362
2021-06-22,风险平价策略,1.0,0.3,0.15,0.15,0.3420831059431048,0.0,0.0,0.14377363191227183,0.11084791324944618,0.10329534889517716,0.0,0.0,0.45898554394793084
2021-06-23,风险平价策略,1.0,0.3,0.15,0.15,0.34209675167709047,0.0,0.0,0.14376277444974292,0.11084380158371199,0.10329667228945462,0.0,0.0,0.45899717699090586
2021-06-24,风险平价策略,1.0,0.3,0.15,0.15,0.3423681180477979,0.0,0.0,0.14342290331550153,0.11092251578985662,0.10328646284684391,0.0,0.0,0.4592242783735438
2021-06-25,风险平价策略,1.0,0.3,0.15,0.15,0.0,0.0,0.0,0.2807306495869929,0.21711122491823112,0.20215812549477594,0.0,0.0,0.18851641232834646
2021-06-28,风险平价策略,1.0,0.3,0.15,0.15,0.0,0.0,0.0,0.28041434558575856,0.21873324343762524,0.20085241097661619,0.0,0.0,0.18832371819063484
2021-06-29,风险平价策略,1.0,0.3,0.15,0.15,0.0,0.0,0.0,0.2886182480842298,0.2098811415239471,0.2015006103918231,0.0,0.0,0.18833890907793116
2021-06-30,风险平价策略,1.0,0.3,0.15,0.15,0.0,0.6296986483604422,0.0,0.0,0.03586731261503127,0.0344340390245265,0.0,0.0,0.07485880184141486
2021-07-01,风险平价策略,1.0,0.3,0.15,0.15,0.0,0.5538797001701362,0.0,0.043524471589329,0.03218291423289278,0.031023650033813965,0.03938926397382806,0.0,0.08333017570555594
2021-07-02,风险平价策略,1.0,0.3,0.15,0.15,0.0,0.5539167092889363,0.0,0.0434942361479175,0.03216636288674878,0.03102933590696211,0.03939335576943528,0.0,0.08332580094689197
2021-07-05,风险平价策略,1.0,0.3,0.15,0.15,0.0,0.5543070103207507,0.0,0.04353427182992179,0.0321947481572685,0.031056202482399216,0.0389077672096597,0.0,0.08329226046916541
2021-07-06,风险平价策略,1.0,0.3,0.15,0.15,0.0,0.5519903933913458,0.0,0.043943010975067996,0.032939444631897415,0.031759653662606635,0.03936749733908203,0.0,0.08371121100433188
2021-07-07,风险平价策略,1.0,0.3,0.15,0.15,0.0,0.5997790079775343,0.0,0.045035464788933575,0.027845510379691022,0.027340016853841055,0.0,0.0,0.07768269172344434
2021-07-08,风险平价策略,1.0,0.3,0.15,0.15,0.0,0.6284153814487964,0.0,0.044973602585406315,0.026611015965797295,0.0,0.0,0.0,0.06943003366407047
2021-07-09,风险平价策略,1.0,0.3,0.15,0.15,0.0,0.6281114545229816,0.0,0.04516484574781981,0.02672369972919858,0.0,0.0,0.0,0.06947219063668947
2021-07-12,风险平价策略,1.0,0.3,0.15,0.15,0.0,0.6714309441960871,0.0,0.0,0.028569055803912793,0.0,0.0,0.0,0.06364251309156735
2021-07-13,风险平价策略,1.0,0.3,0.15,0.15,0.0,0.5933341987926356,0.0,0.04266863096091686,0.02524537208004663,0.0,0.0387517981664008,0.0,0.07298978293880262
2021-07-14,风险平价策略,1.0,0.3,0.15,0.15,0.0,0.5454868149938151,0.03338979989164073,0.03922930087985324,0.023210569219633926,0.023055695429696665,0.03562781958536026,0.0,0.08321146234922196
2021-07-15,风险平价策略,1.0,0.3,0.15,0.15,0.0,0.5015305372375394,0.0,0.046667764824029116,0.026161786026551566,0.0,0.044130501435311616,0.08150941047656843,0.09501220954732659
2021-07-16,风险平价策略,1.0,0.3,0.15,0.15,0.07651528824519359,0.42211191908049644,0.034683668913680195,0.039270811991343677,0.022023933049526788,0.0,0.03713824423742954,0.06825613448232971,0.16858456119134754
2021-07-19,风险平价策略,1.0,0.3,0.15,0.15,0.07769819588188284,0.4235584668377198,0.034341569350340655,0.03854379649652219,0.02237533886110286,0.0,0.037843049007812005,0.06563958356461964,0.16905130346382044
2021-07-20,风险平价策略,1.0,0.3,0.15,0.15,0.0,0.4810875116182249,0.037483042789280274,0.04147255259556174,0.02280715433219705,0.0,0.042867342476766795,0.07428239618796924,0.09690912474311492
2021-07-21,风险平价策略,1.0,0.3,0.15,0.15,0.0,0.5105807718733276,0.0,0.042812640723906295,0.024242870089362996,0.0,0.04471768211528179,0.07764603519812129,0.0932900182583105
2021-07-22,风险平价策略,1.0,0.3,0.15,0.15,0.0,0.48177522901836606,0.038817371058013306,0.041746947911346755,0.02359032644652482,0.0,0.041441774748099,0.07262835081765005,0.09666839620266086
2021-07-23,风险平价策略,1.0,0.3,0.15,0.15,0.0,0.48219153899435185,0.038914671769281255,0.04182843252237035,0.023635006263234365,0.0,0.04062451745329983,0.07280583299746232,0.09665845673449133
2021-07-26,风险平价策略,1.0,0.3,0.15,0.15,0.0,0.4841175819225944,0.03942863207110946,0.04227361411522024,0.02345008538734418,0.0,0.0370561509375114,0.07367393556622019,0.09660781503414426
2021-07-27,风险平价策略,1.0,0.3,0.15,0.15,0.0,0.45329882762136914,0.04626880057899301,0.049583883911615195,0.027655971866024497,0.0,0.04428390058354536,0.07890861543845278,0.10122173482488339
2021-07-28,风险平价策略,1.0,0.3,0.15,0.15,0.0,0.4535439118940243,0.04632244721517445,0.04917000965692094,0.027680577771541943,0.0,0.044319823436481165,0.0789632300258571,0.10119437057203055
2021-07-29,风险平价策略,1.0,0.3,0.15,0.15,0.0,0.4842450132226165,0.049403727583740446,0.05249628224792593,0.029552567728935164,0.0,0.0,0.08430240921678192,0.09903873799824996
2021-07-30,风险平价策略,1.0,0.3,0.15,0.15,0.0,0.4842479037378161,0.049404150740659195,0.05249626375693133,0.029550913705089332,0.0,0.0,0.08430076805950401,0.0990381342995862
2021-08-02,风险平价策略,1.0,0.3,0.15,0.15,0.0,0.49062718931691596,0.04917602836159119,0.051719887038992926,0.029726000712306626,0.0,0.0,0.07875089457019327,0.0975126967977626
2021-08-03,风险平价策略,1.0,0.3,0.15,0.15,0.0,0.482122372745086,0.048744535178753386,0.052582174484587615,0.02956863571940833,0.0,0.0,0.08698228187216457,0.09964703986126722
2021-08-04,风险平价策略,1.0,0.3,0.15,0.15,0.0,0.4491658878631892,0.04531729944626563,0.04925265517869894,0.02768712178236277,0.0,0.047086549446377336,0.08149048628310605,0.10200573822687449
2021-08-05,风险平价策略,1.0,0.3,0.15,0.15,0.0,0.4859888701653085,0.046239601951217214,0.05367805533458383,0.027254081663578664,0.0,0.0,0.08683939088531176,0.09908477025055655
2021-08-06,风险平价策略,1.0,0.3,0.15,0.15,0.0,0.5126205955340102,0.04917902319989662,0.05709878869225801,0.028972173254040598,0.0,0.05212941931979457,0.0,0.0835220587558552
2021-08-09,风险平价策略,1.0,0.3,0.15,0.15,0.0,0.4547340564470482,0.060147297205732746,0.07884110122446823,0.03431467770420805,0.0,0.0719628674185428,0.0,0.0907951631341343
2021-08-10,风险平价策略,1.0,0.3,0.15,0.15,0.0,0.4547295645126989,0.06015185366447299,0.07883995624789938,0.03431332852811843,0.0,0.07196529704681016,0.0,0.09079568316466251
2021-08-11,风险平价策略,1.0,0.3,0.15,0.15,0.0,0.45328667599876254,0.06056132295401576,0.07935746731964849,0.034498111069159454,0.0,0.07229642265841384,0.0,0.09098238717110625
2021-08-12,风险平价策略,1.0,0.3,0.15,0.15,0.09881583089434454,0.4339249968193221,0.058174185984117645,0.07597819250599297,0.03310679379622274,0.0,0.0,0.0,0.17875649131860316
2021-08-13,风险平价策略,1.0,0.3,0.15,0.15,0.09075214027372498,0.39431629845173516,0.0530097387813928,0.07004752171256984,0.030440796169338567,0.0,0.06143350461123867,0.0,0.17546050036230096
2021-08-16,风险平价策略,1.0,0.3,0.15,0.15,0.10064344561639726,0.4306444471477801,0.058210150324865,0.0778012996752668,0.032700657235690725,0.0,0.0,0.0,0.18073050052518028
2021-08-17,风险平价策略,1.0,0.3,0.15,0.15,0.0,0.48046715444673893,0.06481444227512384,0.0866990955754159,0.036457329152325135,0.031561978550396205,0.0,0.0,0.0945514240092769
2021-08-18,风险平价策略,1.0,0.3,0.15,0.15,0.0975611844036861,0.4428099165617833,0.056598727241997125,0.07364520526758077,0.0,0.02938496652495259,0.0,0.0,0.18087365080724796
2021-08-19,风险平价策略,1.0,0.3,0.15,0.15,0.0,0.609020076563312,0.0,0.09097992343668793,0.0,0.0,0.0,0.0,0.07178228966395288
2021-08-20,风险平价策略,1.0,0.3,0.15,0.15,0.0,0.5443275912479737,0.0,0.08262116192262883,0.0,0.0,0.07305124682939738,0.0,0.07832423777664162
2021-08-23,风险平价策略,1.0,0.3,0.15,0.15,0.09401930841394447,0.46995510646469546,0.0,0.07350133532467824,0.0,0.0,0.06252424979668175,0.0,0.167656552201079
2021-08-24,风险平价策略,1.0,0.3,0.15,0.15,0.08329879378008924,0.4162975849818121,0.0,0.06511590841078099,0.0,0.0,0.055388853554044985,0.07989885927327275,0.17569701030890172
2021-08-25,风险平价策略,1.0,0.3,0.15,0.15,0.10320246056259688,0.5161152712286069,0.0,0.08068226820879622,0.0,0.0,0.0,0.0,0.17101450525671946
2021-08-26,风险平价策略,1.0,0.3,0.15,0.15,0.11471931653329785,0.5005203284214552,0.0,0.08476035504524693,0.0,0.0,0.0,0.0,0.18279398155107374
2021-08-27,风险平价策略,1.0,0.3,0.15,0.15,0.4025773056103883,0.0,0.0,0.2974226943896117,0.0,0.0,0.0,0.0,0.49216493671272615
2021-08-30,风险平价策略,1.0,0.3,0.15,0.15,0.2618375382693135,0.0,0.0,0.19346538006846134,0.0,0.0,0.0,0.24469708166222523,0.4033071819456904
2021-08-31,风险平价策略,1.0,0.3,0.15,0.15,0.09648388016549915,0.4144146833621951,0.0,0.07033326452194989,0.0,0.028652101343301952,0.0,0.09011607060705386,0.19449874177289772
2021-09-01,风险平价策略,1.0,0.3,0.15,0.15,0.09289555848642313,0.4202219732652402,0.0,0.06601213394370492,0.0,0.029260146247041145,0.0,0.09161018805759057,0.19097714870422544
2021-09-02,风险平价策略,1.0,0.3,0.15,0.15,0.08783990164909986,0.3905268237063434,0.04495428003339949,0.06245621733351106,0.0,0.02761253976359115,0.0,0.08661023751405504,0.18987563104874872
2021-09-03,风险平价策略,1.0,0.3,0.15,0.15,0.09408701955039622,0.4171417771198826,0.0,0.06560473019004713,0.0,0.02986164570596597,0.0,0.09330482743370806,0.1926933991161482
2021-09-06,风险平价策略,1.0,0.3,0.15,0.15,0.08846346729849638,0.38862798294335593,0.04582845613659601,0.0616947020424981,0.0,0.027585172901110355,0.0,0.08780021867794312,0.19079418873891474
2021-09-07,风险平价策略,1.0,0.3,0.15,0.15,0.0973999215675424,0.4089185281538492,0.0,0.0679762641680605,0.0,0.030407255050455783,0.0,0.0952980310600921,0.19691285735124997
2021-09-08,风险平价策略,1.0,0.3,0.15,0.15,0.09828573790810113,0.41543237141467737,0.0,0.06889556241045963,0.0,0.0303263405871233,0.0,0.08705998767963853,0.19577606271731987
2021-09-09,风险平价策略,1.0,0.3,0.15,0.15,0.09899711894515754,0.41444093255202114,0.0,0.06938945794164483,0.0,0.030546264792586587,0.0,0.08662622576858985,0.19649060347845412
2021-09-10,风险平价策略,1.0,0.3,0.15,0.15,0.0901611882790349,0.3887711571677177,0.04633843515489131,0.06513636055451134,0.0,0.02836406509410608,0.0,0.0812287937497387,0.19153699760177306
2021-09-13,风险平价策略,1.0,0.3,0.15,0.15,0.09476995927384188,0.3748067288660377,0.04873686739074339,0.0684506188443514,0.0,0.029860807104352863,0.0,0.08337501852067267,0.19779058875228925
2021-09-14,风险平价策略,1.0,0.3,0.15,0.15,0.09147610866308292,0.4668904736195507,0.052034222848418396,0.05150935630283623,0.0,0.038089838566111735,0.0,0.0,0.1739040915089282
2021-09-15,风险平价策略,1.0,0.3,0.15,0.15,0.27182312169459005,0.0,0.15720263795868578,0.15580366929308345,0.0,0.11517057105364065,0.0,0.0,0.40075871359203813
2021-09-16,风险平价策略,1.0,0.3,0.15,0.15,0.22989562738879174,0.0,0.1346588338917208,0.13399567245248278,0.10237706087299389,0.09907280539401081,0.0,0.0,0.36398774647835674
2021-09-17,风险平价策略,1.0,0.3,0.15,0.15,0.1824646917027878,0.0,0.11975707212598943,0.12274095757253967,0.0,0.09010473748192921,0.18493254111675378,0.0,0.3161391227939478
2021-09-22,风险平价策略,1.0,0.3,0.15,0.15,0.07215980357772557,0.42601827207997106,0.04663809837611825,0.048577040858390694,0.0,0.03563850088555563,0.0709682842222388,0.0,0.16067487988951512
2021-09-23,风险平价策略,1.0,0.3,0.15,0.15,0.0685987198541767,0.40583362119999483,0.04426119319268128,0.046190804390126065,0.03370017543174006,0.033909051568423484,0.06750643436285753,0.0,0.16057264278988856
2021-09-24,风险平价策略,1.0,0.3,0.15,0.15,0.12950507837264913,0.0,0.11868053489742002,0.10962046506701059,0.08830123822500617,0.08893449199742502,0.16495819144048904,0.0,0.27294805119164867
2021-09-27,风险平价策略,1.0,0.3,0.15,0.15,0.051921995888898724,0.40394716546285137,0.05144316803868328,0.04513547448887789,0.03800527460163078,0.03831191975827447,0.07123500176078351,0.0,0.1474545190637067
2021-09-28,风险平价策略,1.0,0.3,0.15,0.15,0.16209758724689247,0.0,0.16032815584065543,0.13944967560974994,0.1187136539679586,0.11941092733474357,0.0,0.0,0.31045485820062824
2021-09-29,风险平价策略,1.0,0.3,0.15,0.15,0.19640905500019445,0.0,0.0,0.20645630224024084,0.15115523310796877,0.14597940965159587,0.0,0.0,0.3438518640754984
2021-09-30,风险平价策略,1.0,0.3,0.15,0.15,0.19874065296280302,0.0,0.0,0.20192187419206004,0.1519616443656084,0.1473758284795285,0.0,0.0,0.34604189748913516
2021-10-08,风险平价策略,1.0,0.3,0.15,0.15,0.14600905456878818,0.0,0.16540672794832298,0.15652147273844902,0.11801639876948877,0.11404634597495106,0.0,0.0,0.29607518518146914
2021-10-11,风险平价策略,1.0,0.3,0.15,0.15,0.14634872444502495,0.0,0.16523012689287403,0.15637852402291055,0.11805772975897653,0.1139848948802139,0.0,0.0,0.29635108901224494
2021-10-12,风险平价策略,1.0,0.3,0.15,0.15,0.14633185502685475,0.0,0.1639379782679236,0.1600463808224183,0.11249975507258482,0.11718403081021846,0.0,0.0,0.2967932007029188
2021-10-13,风险平价策略,1.0,0.3,0.15,0.15,0.0,0.0,0.21019481246745036,0.20454319744657706,0.1400633634501059,0.14519862663586663,0.0,0.0,0.1786324138962397
2021-10-14,风险平价策略,1.0,0.3,0.15,0.15,0.0,0.0,0.21021936937225588,0.2046117723103991,0.13993578118587116,0.1452330771314738,0.0,0.0,0.1786366501528945
2021-10-15,风险平价策略,1.0,0.3,0.15,0.15,0.0,0.0,0.21021787789246976,0.20460297446599346,0.13994359758765068,0.14523555005388608,0.0,0.0,0.1786371239844983
2021-10-18,风险平价策略,1.0,0.3,0.15,0.15,0.0,0.0,0.21032084152762817,0.2042911806388948,0.14018034720849626,0.14520763062498088,0.0,0.0,0.17863502437208192
2021-10-19,风险平价策略,1.0,0.3,0.15,0.15,0.0,0.0,0.21430269717108827,0.19996409176001775,0.14469357768640476,0.14103963338248912,0.0,0.0,0.1780132771180623
2021-10-20,风险平价策略,1.0,0.3,0.15,0.15,0.0,0.0,0.2649275668796315,0.0,0.21265293936619883,0.2224194937541696,0.0,0.0,0.19171364839432914
2021-10-21,风险平价策略,1.0,0.3,0.15,0.15,0.0,0.0,0.20523498629918108,0.15646216376767774,0.1649158065148992,0.17338704341824196,0.0,0.0,0.18339108501206772
2021-10-22,风险平价策略,1.0,0.3,0.15,0.15,0.0,0.0,0.2703707447688601,0.0,0.21741380416823994,0.2122154510628999,0.0,0.0,0.19012861021174637
2021-10-25,风险平价策略,1.0,0.3,0.15,0.15,0.0,0.0,0.2699136037516692,0.0,0.21765809765077251,0.21242829859755824,0.0,0.0,0.19016510875211703
2021-10-26,风险平价策略,1.0,0.3,0.15,0.15,0.0,0.0,0.15173133024284713,0.0,0.12256245975023104,0.11898285216676438,0.0,0.30672335784015736,0.2110696838850035
2021-10-27,风险平价策略,1.0,0.3,0.15,0.15,0.0,0.0,0.2668527497591184,0.0,0.19611692503727374,0.23703032520360778,0.0,0.0,0.19388602128295
2021-10-28,风险平价策略,1.0,0.3,0.15,0.15,0.0,0.0,0.15314422578347345,0.0,0.10909835837931597,0.12654676818856864,0.0,0.31121064764864187,0.21268374421180117
2021-10-29,风险平价策略,1.0,0.3,0.15,0.15,0.0,0.0,0.15270931138435673,0.0,0.10940801806373271,0.1298900870527264,0.0,0.30799258349918407,0.21283560412897562
2021-11-01,风险平价策略,1.0,0.3,0.15,0.15,0.0,0.0,0.1530716794832392,0.0,0.11239083832846115,0.12894195084331708,0.0,0.3055955313449825,0.21242608427961326
2021-11-02,风险平价策略,0.0,0.0,0.0,0.0,0.0,0.0,0.2572801971381424,0.0,0.0,0.2205856727328042,0.0,0.5221341301290535,0.2579498032527351
2021-11-03,风险平价策略,0.0,0.0,0.0,0.0,0.0,0.0,0.22826418394774128,0.0,0.15811874738275442,0.18290644104190396,0.0,0.43071062762760043,0.24253149335584426
2021-11-04,风险平价策略,0.0,0.0,0.0,0.0,0.0,0.0,0.2668041590889171,0.0,0.0,0.20844436448693326,0.0,0.5247514764241495,0.2563212754888073
2021-11-05,风险平价策略,0.0,0.0,0.0,0.0,0.0,0.7549063475061188,0.0807108708829687,0.0,0.0,0.0,0.0,0.1643827816109125,0.07781357687998347
2021-11-08,风险平价策略,0.0,0.0,0.0,0.0,0.0,0.7089138429164771,0.07584583322296902,0.0,0.0,0.060743683077750125,0.0,0.1544966407828038,0.09255521739265209
2021-11-09,风险平价策略,0.0,0.0,0.0,0.0,0.0,0.7545769045187545,0.08085013719067811,0.0,0.0,0.0,0.0,0.1645729582905674,0.07788087288483624
2021-11-10,风险平价策略,0.0,0.0,0.0,0.0,0.0,0.7075492471586455,0.07620355198441742,0.0,0.0,0.060408970023575606,0.0,0.15583823083336149,0.09284687453735835
2021-11-11,风险平价策略,0.0,0.0,0.0,0.0,0.0,0.8035871398863623,0.0,0.0,0.0,0.0,0.0,0.1964128601136376,0.07508527932897759
2021-11-12,风险平价策略,0.0,0.0,0.0,0.0,0.0,0.8025736380943028,0.0,0.0,0.0,0.0,0.0,0.19742636190569726,0.0753437222859528
2021-11-15,风险平价策略,0.0,0.0,0.0,0.0,0.0,0.8053462651854861,0.0,0.0,0.0,0.0,0.0,0.19465373481451395,0.07463670237770106
2021-11-16,风险平价策略,0.0,0.0,0.0,0.0,0.0,0.80411356400981,0.0,0.0,0.0,0.0,0.0,0.19588643599018996,0.07495104117749846
2021-11-17,风险平价策略,0.0,0.0,0.0,0.0,0.0,0.8058448644256052,0.0,0.0,0.0,0.0,0.0,0.19415513557439487,0.07450955957147071
2021-11-18,风险平价策略,0.0,0.0,0.0,0.0,0.0,0.8048965494691771,0.0,0.0,0.0,0.0,0.0,0.19510345053082295,0.07475137988535986
2021-11-19,风险平价策略,0.0,0.0,0.0,0.0,0.0,0.7954969996969118,0.0,0.0,0.0,0.0,0.0,0.20450300030308813,0.07714826507728748
2021-11-22,风险平价策略,0.0,0.0,0.0,0.0,0.0,0.8126036114238884,0.0,0.0,0.0,0.0,0.0,0.18739638857611157,0.07278607908690846
2021-11-23,风险平价策略,0.0,0.0,0.0,0.0,0.0,0.8301625441753987,0.0,0.0,0.0,0.0,0.0,0.16983745582460139,0.06830855123527335
2021-11-24,风险平价策略,0.0,0.0,0.0,0.0,0.0,0.6842668913875659,0.07904371375187502,0.0,0.0,0.0,0.09798166516953777,0.13870772969102124,0.08132944727051501
2021-11-25,风险平价策略,0.0,0.0,0.0,0.0,0.09239620583743574,0.8128245183444025,0.09477927581816177,0.0,0.0,0.0,0.0,0.0,0.1278815029269517
2021-11-26,风险平价策略,0.0,0.0,0.0,0.0,0.07430255567935164,0.7062968598855369,0.07340226239000626,0.0,0.0,0.0,0.0,0.14599832204510504,0.14458386933152048
2021-11-29,风险平价策略,0.0,0.0,0.0,0.0,0.0,0.6843334482848135,0.07279543663548287,0.0,0.0,0.0,0.1003807733950532,0.1424903416846505,0.08170240228185666
2021-11-30,风险平价策略,0.0,0.0,0.0,0.0,0.07997391491467075,0.742446341361798,0.07641347874640658,0.0,0.0,0.0,0.10116626497712468,0.0,0.12391284449516696
2021-12-01,风险平价策略,0.0,0.0,0.0,0.0,0.0,0.878169111793951,0.0,0.0,0.0,0.0,0.12183088820604898,0.0,0.03779224326163515
2021-12-02,风险平价策略,0.0,0.0,0.0,0.0,0.09301410360136864,0.7893156274483484,0.0,0.0,0.0,0.0,0.117670268950283,0.0,0.12804412925111414
2021-12-03,风险平价策略,0.0,0.0,0.0,0.0,0.2719252204457409,0.0,0.24151957383171233,0.14216540578448303,0.0,0.0,0.3443897999380636,0.0,0.37808549117628043
2021-12-06,风险平价策略,0.0,0.0,0.0,0.0,0.09434826239174016,0.7880216758808308,0.0,0.0,0.0,0.0,0.11763006172742896,0.0,0.1293407123133267
2021-12-07,风险平价策略,0.0,0.0,0.0,0.0,0.4600273805267884,0.0,0.0,0.0,0.0,0.0,0.5399726194732116,0.0,0.5302238210583059
2021-12-08,风险平价策略,0.0,0.0,0.0,0.0,0.46046652208609656,0.0,0.0,0.0,0.0,0.0,0.5395334779139035,0.0,0.530605874214904
2021-12-09,风险平价策略,0.0,0.0,0.0,0.0,0.10484320287408436,0.7723156330194424,0.0,0.0,0.0,0.0,0.12284116410647317,0.0,0.14012044503341192
2021-12-10,风险平价策略,0.0,0.0,0.0,0.0,0.10385547436355812,0.7731381416814423,0.0,0.0,0.0,0.0,0.12300638395499953,0.0,0.13917475781974412
2021-12-13,风险平价策略,0.0,0.0,0.0,0.0,0.09841732468855519,0.7319156748285776,0.0,0.05187932757250789,0.0,0.0,0.11778767291035933,0.0,0.1403283064492176
2021-12-14,风险平价策略,0.0,0.0,0.0,0.0,0.0933790436042983,0.7459485919755736,0.0,0.05329430123298337,0.0,0.0,0.1073780631871448,0.0,0.1345139948152938
2021-12-15,风险平价策略,-1.0,0.0,0.0,0.0,0.09351576577237293,0.7475628612095364,0.0,0.051524379885329076,0.0,0.0,0.10739699313276166,0.0,0.134410347191523
2021-12-16,风险平价策略,-1.0,0.0,0.0,0.0,0.08749510006791553,0.6880546371821552,0.07568928548796988,0.048200665417782354,0.0,0.0,0.10056031184417705,0.0,0.13759169868213278
2021-12-17,风险平价策略,-1.0,0.0,0.0,0.0,0.094659364814741,0.7443950092077195,0.0,0.0521451448178399,0.0,0.0,0.10880048115969965,0.0,0.13575652576654934
2021-12-20,风险平价策略,-1.0,0.0,0.0,0.0,0.09388067659168775,0.7466108500777358,0.0,0.05209169239711038,0.0,0.0,0.10741678093346621,0.0,0.1348448001485194
2021-12-21,风险平价策略,-1.0,0.0,0.0,0.0,0.09380519491682687,0.7471367314733856,0.0,0.05206619858653081,0.0,0.0,0.1069918750232568,0.0,0.13472314873052982
2021-12-22,风险平价策略,-1.0,0.0,0.0,0.0,0.09350961370632055,0.7473719296030914,0.0,0.052088783566364136,0.0,0.0,0.10702967312422382,0.0,0.1344419748231652
2021-12-23,风险平价策略,-1.0,0.0,0.0,0.0,0.08032188496583212,0.6418462029777777,0.0,0.04473912167967826,0.0,0.0,0.09191598189889236,0.14117680847781952,0.15500488352967057
2021-12-24,风险平价策略,-1.0,0.0,0.0,0.0,0.07701724561214005,0.6142239868530236,0.0,0.04346197377285805,0.03656294580914861,0.0,0.09025070538705969,0.13848314256577002,0.15605033349341155
2021-12-27,风险平价策略,-1.0,0.0,0.0,0.0,0.07567841214507352,0.6000508012584043,0.0,0.04000564601043615,0.035538260564213296,0.02968089573540205,0.08403467110135723,0.13501131318511359,0.1613476514044566
2021-12-28,风险平价策略,-1.0,0.0,0.0,0.0,0.07067637414679359,0.5643118915093186,0.060009400109418895,0.03763762383364825,0.0334297591382298,0.027916590802124146,0.07905486632388052,0.12696349413658625,0.16085097435594473
2021-12-29,风险平价策略,-1.0,0.0,0.0,0.0,0.07029922507417154,0.5688344646382029,0.05979367612158011,0.037933971085515855,0.033688838903346494,0.028077428993745872,0.07688294535400043,0.1244894498294369,0.15972021898309194
2021-12-30,风险平价策略,-1.0,0.0,0.0,0.0,0.0703819384492874,0.5698508745938308,0.05967452919945576,0.037990608072886733,0.03374241083528135,0.028121671111552143,0.07699277676811063,0.12324519096959514,0.15950749132674352
2021-12-31,风险平价策略,-1.0,0.0,0.0,0.0,0.07191740147594669,0.5650648924579794,0.06088677239678471,0.03846733441738653,0.03442097550388593,0.02869001029966315,0.07462656484975931,0.12592604859859421,0.1619337970472915
2022-01-04,风险平价策略,-1.0,0.0,0.0,0.0,0.07261894962224588,0.5705769601295113,0.05949595372152968,0.0381614718306422,0.03485369176596049,0.028512538097891997,0.07531752452255025,0.12046291030966824,0.16107859458000853
2022-01-05,风险平价策略,-1.0,0.0,0.0,0.0,0.07330906829906574,0.5662916312292302,0.0600567394383764,0.03852307716128771,0.03518830383663328,0.028784761165846103,0.07611773870769041,0.12172868016187027,0.16241160143836458
2022-01-06,风险平价策略,-1.0,0.0,0.0,0.0,0.0807569071092475,0.555540697149771,0.06165405517316334,0.04242141139874473,0.03794801127482885,0.031340471950108716,0.06877126282467982,0.12156718311945612,0.17075668757090887
2022-01-07,风险平价策略,-1.0,0.0,0.0,0.0,0.08616153408169495,0.5930626983304155,0.0,0.04526660081126724,0.040498739606126405,0.03345070007775901,0.07341386136758461,0.1281458657251523,0.1712444118085111
2022-01-10,风险平价策略,-1.0,0.0,0.0,0.0,0.08096111677067165,0.5567984126102168,0.06189329958836743,0.0425246476783941,0.0374216233987988,0.031075605755822064,0.06894584770860199,0.12037944648912718,0.17056302368734164
2022-01-11,风险平价策略,-1.0,0.0,0.0,0.0,0.08097074671371571,0.5568395604800751,0.061874665519069935,0.042530210431007735,0.03743276508242648,0.031023993436186056,0.06893238891692693,0.1203956694205921,0.17055976183828833
2022-01-12,风险平价策略,-1.0,0.0,0.0,0.0,0.08047563969608676,0.5557232248099362,0.062153119562366715,0.04272319331652566,0.03759257567780785,0.031154453801158364,0.06924223780727291,0.12093555532884553,0.17037253986557818
2022-01-13,风险平价策略,-1.0,0.0,0.0,0.0,0.08055306671229347,0.5557858765363458,0.06222368613277742,0.04244434114446751,0.03761525149903667,0.03117459018884659,0.06919642595314782,0.12100676183308474,0.1704424882925014
2022-01-14,风险平价策略,-1.0,0.0,0.0,0.0,0.06602532839064154,0.5711126135714749,0.06446628713387283,0.042097263158846925,0.03874844175138434,0.032015521434552205,0.06311016884601907,0.12242437571320826,0.15666866088323642
2022-01-17,风险平价策略,-1.0,0.0,0.0,0.0,0.08170932029520658,0.7065383965276456,0.07307366248596299,0.05216139292081019,0.04666496549565975,0.03985226227471499,0.0,0.0,0.14009615713565238
2022-01-18,风险平价策略,-1.0,0.0,0.0,0.0,0.07593824945809696,0.656763913613196,0.06781809921563284,0.04847321595247919,0.04336599546086448,0.0370357177167526,0.07060480858297777,0.0,0.13936623173881968
2022-01-19,风险平价策略,-1.0,0.0,0.0,0.0,0.06689994188998996,0.5785813090274079,0.059720189483255776,0.04270131102479452,0.03820216371490456,0.032628541230733714,0.06220118877871371,0.11906535485019981,0.1561118696216205
2022-01-20,风险平价策略,-1.0,0.0,0.0,0.0,0.06628894074929297,0.5776120939074292,0.06005518120731122,0.04276539929227201,0.03820327377281487,0.03280984706557452,0.06259436230813081,0.11967090169717456,0.15581936315454029
2022-01-21,风险平价策略,-1.0,0.0,0.0,0.0,0.06410745394253077,0.5805997727920862,0.060789000915511926,0.042883373780660504,0.036421913350232746,0.03201536936116773,0.06317217511551482,0.12001094074229547,0.15346211785169342
2022-01-24,风险平价策略,-1.0,0.0,0.0,0.0,0.0691716256989812,0.6242963468244901,0.06245132086056924,0.043778579069452365,0.039262499582064146,0.034506950497313484,0.0,0.1265326774671294,0.15492181713728437
2022-01-25,风险平价策略,-1.0,0.0,0.0,0.0,0.055588538746073626,0.5947118255547701,0.055032261416940065,0.04256343790590895,0.036121951360107506,0.031176147501850198,0.06361190608768752,0.12119393142666206,0.14439259379927383
2022-01-26,风险平价策略,-1.0,0.0,0.0,0.0,0.05786553674204779,0.5770356920042211,0.05729145538950029,0.04431461407152283,0.03762823884668904,0.03247972318472092,0.06657738621874304,0.12680735354255498,0.14949983137931686
2022-01-27,风险平价策略,-1.0,0.0,0.0,0.0,0.06889172576440723,0.6944195954321133,0.0,0.057793261379616385,0.04906490791318066,0.04235051538002836,0.08747999413065413,0.0,0.12876473597478352
2022-01-28,风险平价策略,-1.0,0.0,0.0,0.0,0.06346915775990691,0.6517611439495277,0.0636228278155211,0.05426736178410549,0.04590140914575949,0.038825504063520325,0.08215259548165905,0.0,0.12953285496230665
2022-02-07,风险平价策略,-1.0,0.0,0.0,0.0,0.06549207517723744,0.6403800538339735,0.06567610668154916,0.05597923624396046,0.04736727480547609,0.040065080216047766,0.08504017304175572,0.0,0.13289491627266278
2022-02-08,风险平价策略,-1.0,0.0,0.0,0.0,0.058450926528044206,0.5713082354421182,0.05861547564586954,0.04995537295649751,0.04230822931925074,0.03543814204825789,0.07587602927252851,0.10804758878743354,0.14875478129610115
2022-02-09,风险平价策略,-1.0,0.0,0.0,0.0,0.059749572521018056,0.5670477143965583,0.059502944934738164,0.05100954950882238,0.04066699202991963,0.03419570546064178,0.07746791073258737,0.11035961041571442,0.1504352981960298
2022-02-10,风险平价策略,-1.0,0.0,0.0,0.0,0.059789367197328545,0.5667626945156516,0.05954491297517921,0.05104483802227759,0.04068662999587622,0.034217827760490004,0.07752076771650633,0.11043296181669056,0.15051815581428787
2022-02-11,风险平价策略,-1.0,0.0,0.0,0.0,0.08096726565687805,0.501486536805188,0.06200647572938526,0.052745440585580186,0.045934973213090764,0.04403098558774138,0.08006627247419318,0.1327620499479432,0.18134558592877412
2022-02-14,风险平价策略,-1.0,0.0,0.0,0.0,0.15213610957023943,0.0,0.1258488513104249,0.10777004683609512,0.0937290718365115,0.08981328508163307,0.15973452346011152,0.2709681119049844,0.3308258860952223
2022-02-15,风险平价策略,-1.0,0.0,0.0,0.0,0.0,0.0,0.1481143284517064,0.12806181898936034,0.1104463245988426,0.10696131788788024,0.18399463457356666,0.3224215754986438,0.21138902413067956
2022-02-16,风险平价策略,-1.0,0.0,0.0,0.0,0.0776650283553981,0.5193909567074168,0.06608458718083604,0.05529664960531231,0.04066551087583843,0.04243339220073649,0.08075061198370544,0.11771326309075655,0.17401991573528902
2022-02-17,风险平价策略,-1.0,0.0,0.0,0.0,0.0,0.6071305027411305,0.0,0.06455617961943558,0.04630164019423718,0.049773179191719384,0.09447926205024464,0.13775923620323277,0.10016083768544547
2022-02-18,风险平价策略,-1.0,0.0,0.0,0.0,0.16052415814681795,0.0,0.13677305071522516,0.11545607379006886,0.0827782713277515,0.08895974582506475,0.16906903755096267,0.2464396626441092,0.3344023232793792
2022-02-21,风险平价策略,-1.0,0.0,0.0,0.0,0.1616578475295179,0.0,0.13472512088602598,0.11209942153365147,0.08320492655309586,0.08965594552267706,0.17223608628833642,0.24642065168669525,0.33537298808770766
2022-02-22,风险平价策略,-1.0,0.0,0.0,0.0,0.15999095623025206,0.0,0.1338659156807414,0.11253441663617689,0.08349549896094938,0.08996891608059664,0.17292283014284218,0.2472214662684414,0.33410127584384436
2022-02-23,风险平价策略,-1.0,0.0,0.0,0.0,0.15952811308671233,0.0,0.13760394953235128,0.11309400710245829,0.08340537890888709,0.08969903850761828,0.17715474911468423,0.23951476374728842,0.33261664411938024
2022-02-24,风险平价策略,-1.0,0.0,0.0,0.0,0.0,0.0,0.0,0.16097789108891855,0.11860628307532846,0.12760811538303968,0.25249289272314535,0.340314817729568,0.21486635263789344
2022-02-25,风险平价策略,-1.0,0.0,0.0,0.0,0.0,0.0,0.0,0.1700161455191476,0.1333283396148502,0.14323639082299733,0.2085770301048101,0.34484209393819476,0.21937484629726714
2022-02-28,风险平价策略,-1.0,0.0,0.0,0.0,0.0,0.0,0.1897497399136658,0.14085541442112404,0.10750229249265948,0.11881538669021408,0.16564776939352893,0.2774293970888078,0.20840757936421195
2022-03-01,风险平价策略,-1.0,0.0,0.0,0.0,0.17123306409197303,0.0,0.15768783707587505,0.11574850197723505,0.08913348572747402,0.09846321196397446,0.13751289457455196,0.23022100458891648,0.3439823563222014
2022-03-02,风险平价策略,-1.0,0.0,0.0,0.0,0.17124575769111744,0.0,0.15773692146939064,0.11578934765115584,0.08914304979455517,0.09846719725459302,0.13733721011687008,0.2302805160223178,0.34400616413839114
2022-03-03,风险平价策略,-1.0,0.0,0.0,0.0,0.17160254152872711,0.0,0.15878151916113928,0.11649456994245667,0.08949445519252636,0.09874861906765846,0.13724665939351632,0.2276316357139758,0.344039254990753
2022-03-04,风险平价策略,-1.0,0.0,0.0,0.0,0.16856746915395301,0.0,0.1644739509834885,0.11590779293620274,0.08104679164109875,0.0886869225920908,0.14296823466551511,0.23834883802765103,0.3409098631438187
2022-03-07,风险平价策略,-1.0,0.0,0.0,0.0,0.1681324831464626,0.0,0.16458673271715285,0.11596701459154235,0.08108260603035367,0.08872428771047283,0.14303994005952894,0.23846693574448682,0.34056283202456034
2022-03-08,风险平价策略,-1.0,0.0,0.0,0.0,0.0,0.0,0.187788342846994,0.11545294308726202,0.08925823854466017,0.11640721501316782,0.18546590004646601,0.30562736046144995,0.21062904304153346
2022-03-09,风险平价策略,-1.0,0.0,0.0,0.0,0.0,0.0,0.19097005088759236,0.0,0.1043690660059368,0.1343061711920508,0.21645645710759673,0.3538982548068233,0.2185067749143784
2022-03-10,风险平价策略,-1.0,0.0,0.0,0.0,0.0,0.0,0.0,0.0,0.13633386281300805,0.11566745217067238,0.34702860736179625,0.40097007765452325,0.21757568207312655
2022-03-11,风险平价策略,-1.0,0.0,0.0,0.0,0.0,0.0,0.2631549540485804,0.0,0.10055816388382226,0.08473114203450643,0.25585602973356014,0.2956997102995308,0.20237084870829616
2022-03-14,风险平价策略,-1.0,0.0,0.0,0.0,0.0,0.6678475865042216,0.08730971939570754,0.0,0.03258441570755094,0.028701124882580722,0.08652235380466806,0.09703479970527111,0.083807105310711
2022-03-15,风险平价策略,-1.0,0.0,0.0,0.0,0.0,0.6160249117610203,0.11904895628905908,0.0,0.039793093507542454,0.028971492690292405,0.09207954455619477,0.10408200119589103,0.09159746048460556
2022-03-16,风险平价策略,-1.0,0.0,0.0,0.0,0.0,0.6164477588745931,0.11911988177710518,0.0,0.039831152771721695,0.02900241230206191,0.09215385827276171,0.10344493600175628,0.09146702662000494
2022-03-17,风险平价策略,-1.0,0.0,0.0,0.0,0.0,0.0,0.3111625944187359,0.0,0.10354853831227737,0.0752115006549369,0.23963322316608052,0.27044414344796924,0.19833362600668658
2022-03-18,风险平价策略,-1.0,0.0,0.0,0.0,0.0,0.5767624938630468,0.11146083699794092,0.0650310844392192,0.03709164887682565,0.026940864767501366,0.08583782001007412,0.09687525104539212,0.09586841370520202
2022-03-21,风险平价策略,-1.0,0.0,0.0,0.0,0.0,0.5736366591319985,0.1124300865106432,0.06559269444687924,0.03731731553927145,0.02718112795634086,0.08659475806288655,0.09724735835198031,0.09635304490593852
2022-03-22,风险平价策略,-1.0,0.0,0.0,0.0,0.0,0.5637259312240165,0.11530562540959262,0.06657257343276134,0.03819181813289478,0.027828081004571785,0.0887435083353707,0.09963246246079226,0.09802500067205215
2022-03-23,风险平价策略,-1.0,0.0,0.0,0.0,0.0,0.564200250916765,0.11540202827611866,0.06659811254618211,0.038254180889452684,0.0276787940150005,0.08886170433833047,0.09900492901815058,0.0978588553295595
2022-03-24,风险平价策略,-1.0,0.0,0.0,0.0,0.0,0.5643073548525076,0.1154208930287632,0.06661175164352759,0.03826129244000381,0.02768539614354832,0.08868434538398476,0.0990289665076648,0.09785372902167949
2022-03-25,风险平价策略,-1.0,0.0,0.0,0.0,0.0,0.5649757259176671,0.11552514063662354,0.06645058153896603,0.03830883745083703,0.0277150880322727,0.08785669365407923,0.09916793276955432,0.09781023058351108
2022-03-28,风险平价策略,-1.0,0.0,0.0,0.0,0.06143171143124845,0.5435940363228793,0.10483945238612626,0.06341477405731333,0.03403174769533252,0.02586293571013868,0.07628561664423314,0.09053972575272842,0.15127202848023594
2022-03-29,风险平价策略,-1.0,0.0,0.0,0.0,0.0,0.5836467111052395,0.11266648758671367,0.06739035178599694,0.03640736625202291,0.026658183133520016,0.07767446286495694,0.09555643727154996,0.09497361555131338
2022-03-30,风险平价策略,-1.0,0.0,0.0,0.0,0.0,0.5849894180929534,0.11294777329451969,0.067433538842298,0.036517352809800584,0.02674600663796197,0.0758546909863884,0.09551121933607797,0.09485666873836092
2022-03-31,风险平价策略,-1.0,0.0,0.0,0.0,0.0730497882538235,0.6175106142772406,0.11853440871713608,0.0,0.0,0.0,0.08468655329004103,0.10621863546175882,0.1482035288624941
2022-04-01,风险平价策略,-1.0,0.0,0.0,0.0,0.07471985563652758,0.629516835067173,0.11926545824355154,0.0,0.0,0.0,0.06621684257891863,0.11028100847382918,0.14902712174010674
2022-04-06,风险平价策略,-1.0,0.0,0.0,0.0,0.10610581056554094,0.8938941894344591,0.0,0.0,0.0,0.0,0.0,0.0,0.1284531653014024
2022-04-07,风险平价策略,-1.0,0.0,0.0,0.0,0.09711325353924996,0.9028867464607501,0.0,0.0,0.0,0.0,0.0,0.0,0.11968542220076872
2022-04-08,风险平价策略,-1.0,0.0,0.0,0.0,0.07758317632701725,0.7178677271715056,0.13285392795879822,0.07169516854267885,0.0,0.0,0.0,0.0,0.12825772494654122
2022-04-11,风险平价策略,-1.0,0.0,0.0,0.0,0.08580565569999231,0.7694610079891234,0.14473333631088442,0.0,0.0,0.0,0.0,0.0,0.1281995147094619
2022-04-12,风险平价策略,-1.0,0.0,0.0,0.0,0.08170211513556798,0.7333277195577144,0.13935136297665576,0.0,0.04561880233006188,0.0,0.0,0.0,0.13008672259688628
2022-04-13,风险平价策略,-1.0,0.0,0.0,0.0,0.2018145929476468,0.0,0.3446860431342603,0.0,0.11268170310297282,0.0,0.0,0.3408176608151201,0.3715491944048675
2022-04-14,风险平价策略,-1.0,0.0,0.0,0.0,0.06988181935627075,0.6280116271805054,0.1193552694081966,0.0,0.039020500835191006,0.025710512087429974,0.0,0.11802027113240618,0.15258547806812864
2022-04-15,风险平价策略,-1.0,0.0,0.0,0.0,0.06979217449807627,0.6277720292838411,0.11948793552911088,0.0,0.039062124017058795,0.025739901247266203,0.0,0.11814583542464678,0.15256270831575633
2022-04-18,风险平价策略,-1.0,0.0,0.0,0.0,0.18083163911073122,0.0,0.32106678596648053,0.0,0.10618520835972256,0.06999734023201372,0.0,0.321919026331052,0.3627902865334599
2022-04-19,风险平价策略,-1.0,0.0,0.0,0.0,0.18154768634137283,0.0,0.32238128147310907,0.0,0.10666528109008089,0.0702458397406477,0.0,0.3191599113547895,0.3631052330587324
2022-04-20,风险平价策略,-1.0,0.0,0.0,0.0,0.17778747742159018,0.0,0.3257991536283643,0.0,0.11299014164499602,0.07190507808885176,0.0,0.31151814921619764,0.3593583728507457
2022-04-21,风险平价策略,-1.0,0.0,0.0,0.0,0.06813982004686316,0.6385200440732648,0.12739639840460196,0.0,0.044165756505056324,0.0,0.0,0.12177798097021382,0.14609225817095053
2022-04-22,风险平价策略,-1.0,0.0,0.0,0.0,0.18871561472292814,0.0,0.35286497390039356,0.0,0.12084575590122194,0.0,0.0,0.33757365547545626,0.3602384125833266
2022-04-25,风险平价策略,-1.0,0.0,0.0,0.0,0.0,0.0,0.4625773284046602,0.0,0.0,0.0,0.0,0.5374226715953397,0.22449072059144076
2022-04-26,风险平价策略,-1.0,0.0,0.0,0.0,0.0,0.0,1.0,0.0,0.0,0.0,0.0,0.0,0.16
2022-04-27,风险平价策略,-1.0,0.0,0.0,0.0,0.0,0.0,0.39785204476961794,0.0,0.14671995616824993,0.0,0.0,0.45542799906213205,0.21611855944913833
2022-04-28,风险平价策略,-1.0,0.0,0.0,0.0,0.1682721752839609,0.0,0.3309244931656385,0.0,0.12203907043676698,0.0,0.0,0.37876426111363354,0.3480207292765309
2022-04-29,风险平价策略,-1.0,0.0,0.0,0.0,0.1939483979011581,0.0,0.0,0.0,0.14065552851675334,0.0,0.22883895687775,0.4365571167043385,0.36984489482032845
2022-05-05,风险平价策略,-1.0,0.0,0.0,0.0,0.0,0.7332497796618335,0.0,0.0,0.0423757059978507,0.027035533401717646,0.06796066703659585,0.1293783139020024,0.07924729980704824
2022-05-06,风险平价策略,-1.0,0.0,0.0,0.0,0.0,0.0,0.0,0.0,0.1636704109468901,0.1043294356956206,0.24405933708606117,0.4879408162714281,0.22956053166075774
2022-05-09,风险平价策略,-1.0,0.0,0.0,0.0,0.0,0.0,0.0,0.0,0.16368986085927625,0.1058193775244069,0.2363345378100837,0.49415622380623303,0.2307767097349433
2022-05-10,风险平价策略,-1.0,0.0,0.0,0.0,0.0,0.0,0.0,0.0,0.1595150175316219,0.10119456532299537,0.24645395664590347,0.4928364604994792,0.22953303718755588
2022-05-11,风险平价策略,-1.0,0.0,0.0,0.0,0.0,0.0,0.0,0.0,0.1609603057404699,0.102125489334279,0.24849900091488977,0.4884152040103613,0.229104535804686
2022-05-12,风险平价策略,-1.0,0.0,0.0,0.0,0.0,0.7948006522733795,0.0,0.0,0.04396998848619514,0.027882897999725112,0.0,0.1333464612407002,0.07360445085679576
2022-05-13,风险平价策略,-1.0,0.0,0.0,0.0,0.0,0.8477298748382734,0.0,0.0,0.04794382423954533,0.0304140132179747,0.07391228770420645,0.0,0.048684778622978285
2022-05-16,风险平价策略,-1.0,0.0,0.0,0.0,0.0,0.0,0.0,0.0,0.3149579511481347,0.19980259384445562,0.48523945500740967,0.0,0.18056081087637194
2022-05-17,风险平价策略,-1.0,0.0,0.0,0.0,0.0,0.0,0.0,0.0,0.31545582764475033,0.20009840406524665,0.4844457682900031,0.0,0.18063692987818689
2022-05-18,风险平价策略,-1.0,0.0,0.0,0.0,0.0,0.8503533984129124,0.0,0.0,0.045910574668299536,0.029577606775476908,0.07415842014331128,0.0,0.04816906144071681
2022-05-19,风险平价策略,-1.0,0.0,0.0,0.0,0.0,0.8764217661216173,0.0,0.0,0.04734135741207376,0.0,0.07623687646630903,0.0,0.039869368853713144
2022-05-20,风险平价策略,-1.0,0.0,0.0,0.0,0.0,0.8496007773731806,0.0,0.0,0.046244658362170094,0.02968268176689133,0.07447188249775803,0.0,0.048281414246012205
2022-05-23,风险平价策略,-1.0,0.0,0.0,0.0,0.060159035776731026,0.7985100978850819,0.0,0.0,0.04343258746571799,0.0279010856944261,0.06999719317804311,0.0,0.1055333106283921
2022-05-24,风险平价策略,-1.0,0.0,0.0,0.0,0.060959928967798525,0.8649644521534934,0.0,0.0,0.04526697406714132,0.028808644811566746,0.0,0.0,0.09949819220275125
2022-05-25,风险平价策略,-1.0,0.0,0.0,0.0,0.05701934721479359,0.8090796379621834,0.0,0.0,0.04234215386962632,0.026945881213537342,0.06461297973985937,0.0,0.10146687367619832
2022-05-26,风险平价策略,-1.0,0.0,0.0,0.0,0.05702763645482854,0.809063714575163,0.0,0.0,0.04234610400056927,0.026944974755202772,0.06461757021423636,0.0,0.10147574304882001
2022-05-27,风险平价策略,-1.0,0.0,0.0,0.0,0.04860001850226329,0.689558669406473,0.0,0.042208156511868565,0.036073743075329914,0.022962100269762697,0.055066235098635015,0.10553107713566733,0.12278001084926364
2022-05-30,风险平价策略,-1.0,0.0,0.0,0.0,0.05678719364880338,0.7611170268753241,0.0,0.04915944209347364,0.0421626048808027,0.026846417239994355,0.06392731526160186,0.0,0.10774967738618517
2022-05-31,风险平价策略,-1.0,0.0,0.0,0.0,0.06208721247369045,0.7920744002749553,0.0,0.0,0.04626022498024426,0.029465092314273033,0.07011306995683694,0.0,0.10829683936216203
2022-06-01,风险平价策略,-1.0,0.0,0.0,0.0,0.06615245975725124,0.7939473317385125,0.0,0.0,0.04479228101472612,0.028954826070505636,0.06615310141900459,0.0,0.1114812783502499
2022-06-02,风险平价策略,-1.0,0.0,0.0,0.0,0.06284569594696701,0.7545569330129196,0.0,0.048694664088712244,0.043074541789087255,0.027257008485271073,0.06357115667704291,0.0,0.11380993071393111
2022-06-06,风险平价策略,-1.0,0.0,0.0,0.0,0.0570320865228692,0.6758012823107515,0.10125719482507209,0.04424088592894233,0.0391405765201749,0.02476979862002958,0.05775817527216038,0.0,0.11929560785350035
2022-06-07,风险平价策略,-1.0,0.0,0.0,0.0,0.057194012049181245,0.677067841898547,0.1005946158628797,0.04369266277133264,0.03927015465521655,0.024841320812062237,0.057339391950780576,0.0,0.1192859425829671
2022-06-08,风险平价策略,-1.0,0.0,0.0,0.0,0.05726980836733288,0.6766603984249262,0.10071972736485198,0.043748485470458745,0.03931911353526677,0.02487193420885596,0.0574105326283075,0.0,0.11940786987111499
2022-06-09,风险平价策略,-1.0,0.0,0.0,0.0,0.05727132115012887,0.6766696515574151,0.10072177856897123,0.04375011957123814,0.03931754573384367,0.0248726217343251,0.05739696168407786,0.0,0.11940839289016532
2022-06-10,风险平价策略,-1.0,0.0,0.0,0.0,0.05799844007565388,0.6744252372099789,0.10120700476428661,0.043468793852260885,0.039693865318745386,0.02510804875357738,0.05809861002549707,0.0,0.12034255079319704
2022-06-13,风险平价策略,-1.0,0.0,0.0,0.0,0.0,0.6765432220823234,0.09224125926141223,0.0,0.03752074539932151,0.025317641173082796,0.05267542549879035,0.11570170658506976,0.08539663708581748
2022-06-14,风险平价策略,-1.0,0.0,0.0,0.0,0.052995226745169335,0.6505352582206234,0.0876968816170979,0.0,0.03567555481140158,0.02446584363855238,0.04959784098523284,0.09903339398192265,0.13136109318471423
2022-06-15,风险平价策略,-1.0,0.0,0.0,0.0,0.48307451199688045,0.0,0.0,0.0,0.30586377093443584,0.2110617170686837,0.0,0.0,0.6026111025177133
2022-06-16,风险平价策略,-1.0,0.0,0.0,0.0,0.2552026388743816,0.0,0.0,0.0,0.16367234035925912,0.11377316251616097,0.0,0.4673518582501982,0.45029286905068266
2022-06-17,风险平价策略,-1.0,0.0,0.0,0.0,0.0,0.7540565205802991,0.0,0.0,0.040343803414890474,0.028263946665979766,0.059929506199380055,0.11740622313945047,0.07541890081311793
2022-06-20,风险平价策略,-1.0,0.0,0.0,0.0,0.0,0.0,0.0,0.0,1.0,0.0,0.0,0.0,0.17
2022-06-21,风险平价策略,-1.0,0.0,0.0,0.0,0.5001375232980854,0.0,0.0,0.0,0.3166461486367203,0.18321632806519433,0.0,0.0,0.61259659354719
2022-06-22,风险平价策略,-1.0,0.0,0.0,0.0,0.5000892163050754,0.0,0.0,0.0,0.3165602442814311,0.1833505394134936,0.0,0.0,0.6125766304452367
2022-06-23,风险平价策略,-1.0,0.0,0.0,0.0,0.0,0.0,0.0,0.0,1.0,0.0,0.0,0.0,0.17
2022-06-24,风险平价策略,-1.0,0.0,0.0,0.0,0.06642308552624922,0.6333611526052152,0.048736154976013024,0.03942099781331557,0.031092191214118853,0.023047718742069075,0.044418101647291354,0.1135005974757277,0.14657772179888612
2022-06-27,风险平价策略,-1.0,0.0,0.0,0.0,0.06954575324912887,0.6157887533768509,0.05109164358158086,0.04127220075892681,0.03251234285803357,0.024144284394199775,0.046560501248861845,0.11908452053241739,0.1523684873814699
2022-06-28,风险平价策略,-1.0,0.0,0.0,0.0,0.0,0.0,0.0,0.0,1.0,0.0,0.0,0.0,0.17
2022-06-29,风险平价策略,-1.0,0.0,0.0,0.0,1.0,0.0,0.0,0.0,0.0,0.0,0.0,0.0,1.0
2022-06-30,风险平价策略,-1.0,0.0,0.0,0.0,1.0,0.0,0.0,0.0,0.0,0.0,0.0,0.0,1.0
2022-07-01,风险平价策略,-1.0,0.0,0.0,0.0,1.0,0.0,0.0,0.0,0.0,0.0,0.0,0.0,1.0
2022-07-04,风险平价策略,-1.0,0.0,0.0,0.0,1.0,0.0,0.0,0.0,0.0,0.0,0.0,0.0,1.0
2022-07-05,风险平价策略,-1.0,0.0,0.0,0.0,1.0,0.0,0.0,0.0,0.0,0.0,0.0,0.0,1.0
2022-07-06,风险平价策略,-1.0,0.0,0.0,0.0,0.0657034561572546,0.6642281736791734,0.0357996916263458,0.043017986447507074,0.029134597327369612,0.02133389821609946,0.049031971268126744,0.09175022527812325,0.13876393730858605
2022-07-07,风险平价策略,-1.0,0.0,0.0,0.0,0.06650271152964057,0.6693203154311178,0.036355845878309444,0.04346780217681216,0.02824276716518803,0.020279900898357413,0.049551540120179566,0.08627911680039504,0.13789819472952827
2022-07-08,风险平价策略,-1.0,0.0,0.0,0.0,0.06656494367193858,0.6690649917640366,0.03639003902328341,0.043506563901721466,0.028268843833178674,0.02029959278327695,0.04959967515364935,0.08630534986891503,0.1379900538095999
2022-07-11,风险平价策略,-1.0,0.0,0.0,0.0,0.06600239322009398,0.6699990205254107,0.036165818768095055,0.04310328703779676,0.02817069449026116,0.020352564146019048,0.04972446613758089,0.08648175567474237,0.13741633643905582
2022-07-12,风险平价策略,-1.0,0.0,0.0,0.0,0.06717977391083409,0.6757985927926774,0.03477696139378203,0.03929135008411154,0.026083072521167348,0.02046864429876695,0.049158969440748226,0.08724263555791242,0.1377283610548306
2022-07-13,风险平价策略,-1.0,0.0,0.0,0.0,0.0,1.0,0.0,0.0,0.0,0.0,0.0,0.0,0.025
2022-07-14,风险平价策略,-1.0,0.0,0.0,0.0,0.0,1.0,0.0,0.0,0.0,0.0,0.0,0.0,0.025
2022-07-15,风险平价策略,-1.0,0.0,0.0,0.0,0.0,1.0,0.0,0.0,0.0,0.0,0.0,0.0,0.025
2022-07-18,风险平价策略,-1.0,0.0,0.0,0.0,0.0,1.0,0.0,0.0,0.0,0.0,0.0,0.0,0.025
2022-07-19,风险平价策略,-1.0,0.0,0.0,0.0,0.0,1.0,0.0,0.0,0.0,0.0,0.0,0.0,0.025
2022-07-20,风险平价策略,-1.0,0.0,0.0,0.0,0.07992177084149503,0.920078229158505,0.0,0.0,0.0,0.0,0.0,0.0,0.10292372657045766
2022-07-21,风险平价策略,-1.0,0.0,0.0,0.0,0.0,1.0,0.0,0.0,0.0,0.0,0.0,0.0,0.025
2022-07-22,风险平价策略,-1.0,0.0,0.0,0.0,0.0,0.9727381049927946,0.0,0.0,0.0,0.027261895007205425,0.0,0.0,0.033042259027125605
2022-07-25,风险平价策略,-1.0,0.0,0.0,0.0,0.0,1.0,0.0,0.0,0.0,0.0,0.0,0.0,0.025
2022-07-26,风险平价策略,-1.0,0.0,0.0,0.0,0.0,0.9423738519614933,0.0,0.0,0.0,0.0,0.05762614803850676,0.0,0.03105074554404321
2022-07-27,风险平价策略,-1.0,0.0,0.0,0.0,0.0,0.9403571148625386,0.0,0.0,0.0,0.0,0.05964288513746141,0.0,0.03126250293943345
2022-07-28,风险平价策略,-1.0,0.0,0.0,0.0,0.0,0.9391906012753196,0.0,0.0,0.0,0.0,0.060809398724680365,0.0,0.03138498686609144
2022-07-29,风险平价策略,-1.0,0.0,0.0,0.0,0.0,0.9150227400969541,0.0,0.0,0.0,0.02568081812384181,0.059296441779204186,0.0,0.038801967733349776
2022-08-01,风险平价策略,-1.0,0.0,0.0,0.0,0.0,0.9014154519405608,0.04007619143446433,0.0,0.0,0.0,0.05850835662497486,0.0,0.03655366328927505
2022-08-02,风险平价策略,-1.0,0.0,0.0,0.0,0.0,0.9042827000660071,0.03941757283552147,0.0,0.0,0.0,0.056299727098471364,0.0,0.03623284367813489
2022-08-03,风险平价策略,-1.0,0.0,0.0,0.0,0.0,0.7650724907017756,0.03303248933792336,0.04230828604381771,0.0,0.021025987941352287,0.0477027371422402,0.0908580088328908,0.06955125077155636
2022-08-04,风险平价策略,-1.0,0.0,0.0,0.0,0.0,0.7958153227429863,0.034128699612106655,0.0,0.0,0.02163361515308482,0.05036771389671428,0.09805464859510797,0.06628183626870196
2022-08-05,风险平价策略,-1.0,0.0,0.0,0.0,0.0,0.7742253461497887,0.03385394510458194,0.04477316376359666,0.0,0.0,0.04993154477369326,0.09721600020833945,0.06564755195156846
2022-08-08,风险平价策略,-1.0,0.0,0.0,0.0,0.0,0.7592570655668502,0.03356924343693097,0.04388645054731861,0.0,0.02114114800593096,0.04829560761661454,0.09385048482635472,0.07069606978008831
2022-08-09,风险平价策略,-1.0,0.0,0.0,0.0,0.0,0.7417180735010707,0.03279455710372617,0.04287448559472166,0.023222214938760814,0.02065215810454162,0.047061498749484745,0.09167701200769439,0.07299402400190852
2022-08-10,风险平价策略,-1.0,0.0,0.0,0.0,0.0,0.7389110978493465,0.03307044947099698,0.04336495541899898,0.023367941671490092,0.020896200333990634,0.047618391671797586,0.0927709635833793,0.07352803714034323
2022-08-11,风险平价策略,-1.0,0.0,0.0,0.0,0.0,0.7391988122166138,0.03308846297814942,0.0433807938683136,0.023380171723318608,0.0209088981410563,0.04763732804418289,0.09240553302836547,0.07344692989263772
2022-08-12,风险平价策略,-1.0,0.0,0.0,0.0,0.058044623413397785,0.6949780493743678,0.03133918133650618,0.0410493108940067,0.02214118281073063,0.01980285663307246,0.04512663986253191,0.08751815567538651,0.1274736953762838
2022-08-15,风险平价策略,-1.0,0.0,0.0,0.0,0.0,0.7472989675872364,0.031259523627910915,0.03772682340980168,0.024144750374756253,0.020771751234815988,0.044362510269279454,0.09443567349619925,0.07268097258850673
2022-08-16,风险平价策略,-1.0,0.0,0.0,0.0,0.0,0.7480633226934412,0.031348814393885184,0.0378060692149249,0.023615170664664505,0.020661657716539227,0.04422722292844289,0.09427774238810203,0.07253998077639731
2022-08-17,风险平价策略,-1.0,0.0,0.0,0.0,0.0,0.749397088549289,0.03139585533424629,0.03789572902383276,0.023367477349930037,0.020728229043127044,0.04395508438669135,0.09326053631288356,0.0722541962921909
2022-08-18,风险平价策略,-1.0,0.0,0.0,0.0,0.058106761120045175,0.7100263996001891,0.028983122859401803,0.03431622556302478,0.02225995702863124,0.019755375051363724,0.041256166306226326,0.08529599247111785,0.1253374090806643
2022-08-19,风险平价策略,-1.0,0.0,0.0,0.0,0.06008562539404599,0.7231585981594302,0.03000387954530066,0.035490280580786106,0.0,0.020457418159570976,0.042691205960268035,0.08811299220059811,0.12541152437027064
2022-08-22,风险平价策略,-1.0,0.0,0.0,0.0,0.05917129196362439,0.705996622276209,0.029551123536541858,0.034938287528196735,0.022050802811147574,0.02015183323475268,0.04204215133931761,0.08609788731021024,0.1269096245248739
2022-08-23,风险平价策略,-1.0,0.0,0.0,0.0,0.05990057011151411,0.7023056460163631,0.02991983334671475,0.03536614991928186,0.0223282226927782,0.020405391654559974,0.042585839389882155,0.08718834686890582,0.12817838801569245
2022-08-24,风险平价策略,-1.0,0.0,0.0,0.0,0.059350822624105785,0.7026619097148197,0.029946248464420264,0.035392041893608346,0.022343160439326642,0.020424263134821864,0.042617632536943645,0.08726392119195374,0.1276797884656391
2022-08-25,风险平价策略,-1.0,0.0,0.0,0.0,0.06475715401812251,0.6794222035383132,0.032240563681830654,0.03741719148304607,0.0243404560268649,0.022328524073364782,0.04419944186535504,0.09529446531310296,0.13659933289116938
2022-08-26,风险平价策略,-1.0,0.0,0.0,0.0,0.0648522761088125,0.6804642223266733,0.03232087932969185,0.037364586505217685,0.024248775980364477,0.02222281783988094,0.04308921597685976,0.09543722593249955,0.13657117116408035
2022-08-29,风险平价策略,-1.0,0.0,0.0,0.0,0.06740472729892759,0.7033384973622543,0.031846147650388866,0.0378061294103955,0.0,0.022488826886893753,0.044759329693970076,0.09235634169716984,0.13500746720193912
2022-08-30,风险平价策略,-1.0,0.0,0.0,0.0,0.0659452607218822,0.6877324162883919,0.03094249622805897,0.036040553459573944,0.023768222320669212,0.022007285022399632,0.04325038351827251,0.09031338244075156,0.13584908502158077
2022-08-31,风险平价策略,-1.0,0.0,0.0,0.0,0.07205176275944102,0.753943337996901,0.03462501494951231,0.04044295963978062,0.02676405378703104,0.023590628884673434,0.04858224198266058,0.0,0.12132580398828706
2022-09-01,风险平价策略,-1.0,0.0,0.0,0.0,0.07603378044690595,0.7884618367941576,0.03358230104619641,0.0,0.028385494992717353,0.023339141811739475,0.05019744490828316,0.0,0.11993822190074671
2022-09-02,风险平价策略,-1.0,0.0,0.0,0.0,0.08175905364364451,0.8111361950470413,0.0,0.0,0.028029099785649603,0.024958895336097256,0.054116756187567325,0.0,0.12182443029531585
2022-09-05,风险平价策略,-1.0,0.0,0.0,0.0,0.07604697996699983,0.754482582145741,0.03189516143745987,0.03795352749988861,0.02607115253723015,0.023214671940211592,0.05033592447246881,0.0,0.12448929588423689
2022-09-06,风险平价策略,-1.0,0.0,0.0,0.0,0.07613188346010633,0.7555185772897499,0.03195384876477146,0.03803053600527407,0.025872277432727103,0.02323801859843539,0.049254858448935755,0.0,0.12445493416898194
2022-09-07,风险平价策略,-1.0,0.0,0.0,0.0,0.09197602634864371,0.7948281033158118,0.0,0.0,0.027606950614131195,0.02573783269498433,0.05985108702642909,0.0,0.13255665831177207
2022-09-08,风险平价策略,-1.0,0.0,0.0,0.0,0.08582170546148309,0.7380599029559858,0.0,0.0,0.0,0.02351794852835251,0.05579150445253309,0.09680893860164552,0.1461583449517456
2022-09-09,风险平价策略,-1.0,0.0,0.0,0.0,0.0937684023599603,0.7360987001892203,0.03661569016526041,0.04417613590130336,0.028190940635432753,0.0,0.061150130748822834,0.0,0.13783953894071155
2022-09-13,风险平价策略,-1.0,0.0,0.0,0.0,0.32138571400339494,0.0,0.12724734260640072,0.15150100742028602,0.09789596805346897,0.0894787628271197,0.21249120508932978,0.0,0.43888482534304574
2022-09-14,风险平价策略,-1.0,0.0,0.0,0.0,0.30798935906369757,0.0,0.12655242650768445,0.1540521273583116,0.10050336765407544,0.09348140041171504,0.21742131900451594,0.0,0.42815047978578563
2022-09-15,风险平价策略,-1.0,0.0,0.0,0.0,0.3104332111695197,0.0,0.12744963694145608,0.15545296624826485,0.1011352422300602,0.09426298700326197,0.21126595640743734,0.0,0.430519349032996
2022-09-16,风险平价策略,-1.0,0.0,0.0,0.0,0.2601735564301053,0.0,0.1378644105718915,0.1640959718810363,0.10812880483591905,0.09819412455546242,0.23154313172558544,0.0,0.3883918414267541
2022-09-19,风险平价策略,-1.0,0.0,0.0,0.0,0.28955248788615967,0.0,0.1546567310222334,0.18280069127837703,0.11431749354069007,0.0,0.25867259627253986,0.0,0.39660708687160484
2022-09-20,风险平价策略,-1.0,0.0,0.0,0.0,0.2884100657354479,0.0,0.15500649277822345,0.1827783047634619,0.11456458015589784,0.0,0.259240556566969,0.0,0.3956328843223262
2022-09-21,风险平价策略,-1.0,0.0,0.0,0.0,0.07159140029909133,0.7517778897075229,0.038475617549547945,0.045369247256161996,0.02843704961802271,0.0,0.06434879556965302,0.0,0.11700066776981174
2022-09-22,风险平价策略,-1.0,0.0,0.0,0.0,0.5230023811243152,0.0,0.0,0.0,0.0,0.0,0.4769976188756848,0.0,0.5850120715781542
2022-09-23,风险平价策略,-1.0,0.0,0.0,0.0,0.5186550566229966,0.0,0.0,0.0,0.0,0.0,0.48134494337700345,0.0,0.5812298992620071
2022-09-26,风险平价策略,-1.0,0.0,0.0,0.0,0.0,0.0,0.0,0.0,0.0,0.0,1.0,0.0,0.13
2022-09-27,风险平价策略,-1.0,0.0,0.0,0.0,0.0,0.0,0.0,0.0,0.0,0.0,1.0,0.0,0.13
2022-09-28,风险平价策略,-1.0,0.0,0.0,0.0,0.0,0.0,0.0,0.0,0.0,0.0,1.0,0.0,0.13
2022-09-29,风险平价策略,-1.0,0.0,0.0,0.0,0.0,0.0,0.0,0.0,0.0,0.0,0.39456865084652804,0.6054313491534719,0.22081470237302078
2022-09-30,风险平价策略,-1.0,0.0,0.0,0.0,0.0,0.0,0.1503547713097764,0.15554639377538837,0.0,0.0,0.27082661590923823,0.4232722190055971,0.20266786780339452
2022-10-10,风险平价策略,-1.0,0.0,0.0,0.0,0.0,0.0,0.126355294532925,0.1307421842285139,0.08606083288134325,0.07351688677694981,0.22756525335002792,0.3557595482302401,0.20848749840025338
2022-10-11,风险平价策略,-1.0,0.0,0.0,0.0,0.0,0.0,0.14121313195750188,0.1438333482047842,0.0,0.08085967117390587,0.2410784738335011,0.39301537483030696,0.21286703815245675
2022-10-12,风险平价策略,-1.0,0.0,0.0,0.0,0.0,0.0,0.16503450906150927,0.0,0.0,0.09414524405574543,0.2816450367800581,0.4591752101026872,0.22171491315783998
2022-10-13,风险平价策略,-1.0,0.0,0.0,0.0,0.0,0.0,0.14067617650754402,0.14329601666805303,0.0,0.08014525966335176,0.24171289953378594,0.39416964762726525,0.21287221227539455
2022-10-14,风险平价策略,-1.0,0.0,0.0,0.0,0.0,0.0,0.1289159250114929,0.13131813748123095,0.08388166878528623,0.07344999879590818,0.22152608212269798,0.36090818780338363,0.20925401656792325
2022-10-17,风险平价策略,-1.0,0.0,0.0,0.0,0.0,0.6796980180829025,0.05637460809354811,0.0,0.0,0.03177029283708435,0.08022138037776383,0.15193570060870115,0.08914965707445288
2022-10-18,风险平价策略,-1.0,0.0,0.0,0.0,0.0,0.0,0.23252426314380717,0.0,0.0,0.13268128098875454,0.0,0.6347944558674382,0.2574043396622933
2022-10-19,风险平价策略,-1.0,0.0,0.0,0.0,0.0,0.7426353438650841,0.05938271169363802,0.0,0.0,0.03364950393960533,0.0,0.16433244050167248,0.08484804206875118
2022-10-20,风险平价策略,-1.0,0.0,0.0,0.0,0.0,0.0,0.17714526227028207,0.0,0.0,0.10041555597742854,0.24938878072837448,0.4730504010239149,0.22535087365740714
2022-10-21,风险平价策略,-1.0,0.0,0.0,0.0,0.0,0.0,0.1783378489265044,0.0,0.0,0.09973085385418583,0.24981549417486643,0.4721158030444434,0.22511636815675698
2022-10-24,风险平价策略,-1.0,0.0,0.0,0.0,0.0,0.0,0.17830560938986317,0.0,0.0,0.09979023707506965,0.24954618935996267,0.4723579641751045,0.22516300795222483
2022-10-25,风险平价策略,-1.0,0.0,0.0,0.0,0.0,0.0,0.17890443660570618,0.0,0.0,0.10014631547278145,0.24709505187129407,0.47385419605021833,0.22547306244553242
2022-10-26,风险平价策略,-1.0,0.0,0.0,0.0,0.0,0.0,0.1516896081469993,0.14807286017026855,0.0,0.08488415184617905,0.21108723558014808,0.40426614425640495,0.2157607845387528
2022-10-27,风险平价策略,-1.0,0.0,0.0,0.0,0.0,0.6734009388782671,0.058624265672645476,0.0,0.0,0.0327910510175755,0.08045597113871304,0.15472777329279885,0.09049109507522049
2022-10-28,风险平价策略,-1.0,0.0,0.0,0.0,0.0,0.677806213107606,0.05618214406704165,0.0,0.0,0.03315639185456536,0.0769079532839124,0.15594729768687454,0.09020762105111123
2022-10-31,风险平价策略,-1.0,0.0,0.0,0.0,0.0,0.6845815762664704,0.053375884620325026,0.0,0.0,0.032861735051414015,0.07790374813700944,0.15127705592478097,0.08865549907911616
2022-11-01,风险平价策略,-1.0,0.0,0.0,0.0,0.0,0.6783033408812997,0.05448420907829144,0.0,0.0,0.033555230401017135,0.07951559724387035,0.15414162239552143,0.08990941261533375
2022-11-02,风险平价策略,-1.0,0.0,0.0,0.0,0.0,0.6471192940199018,0.05250982837815707,0.043975544864795164,0.0,0.03233441057742307,0.07551856098598896,0.14854236117373387,0.09337192751096934
2022-11-03,风险平价策略,-1.0,0.0,0.0,0.0,0.0,0.6484017855215849,0.05237212919669269,0.04408791954702984,0.0,0.032413440255473776,0.07565605047018568,0.1470686750090331,0.09303046888244024
2022-11-04,风险平价策略,-1.0,0.0,0.0,0.0,0.0,0.7281612995645673,0.06050006810199129,0.050934337288105244,0.03662857888233738,0.037455280636413575,0.08632043552658528,0.0,0.06546774218363542
2022-11-07,风险平价策略,-1.0,0.0,0.0,0.0,0.0,0.6730239234384908,0.05594899641217321,0.0,0.0,0.0346306739246347,0.07980292005526893,0.1565934861694322,0.09107980890241907
2022-11-08,风险平价策略,-1.0,0.0,0.0,0.0,0.0,0.64289889109742,0.053449630384576674,0.04475613511519381,0.0,0.0330807190638137,0.07622884681104257,0.14958577752795316,0.09416499265108158
2022-11-09,风险平价策略,-1.0,0.0,0.0,0.0,0.0,0.642701836801129,0.05366760303934564,0.04490486499859325,0.0,0.0319958536478569,0.07646772512270274,0.15026211639037237,0.09409201082866828
2022-11-10,风险平价策略,-1.0,0.0,0.0,0.0,0.0,0.6424458395162104,0.05390097610378282,0.04483570229967862,0.0,0.031170172414341498,0.07672786155040952,0.15091944811557725,0.09406553717896324
2022-11-11,风险平价策略,-1.0,0.0,0.0,0.0,0.0,0.0,0.16829188369360487,0.14007330831732864,0.0,0.0,0.21964454921203722,0.4719902587770293,0.21004949457688243
2022-11-14,风险平价策略,-1.0,0.0,0.0,0.0,0.0,0.0,0.17907397964214924,0.16314526094096501,0.0,0.0,0.21328002361967477,0.44450073579721094,0.20694168758707507
2022-11-15,风险平价策略,-1.0,0.0,0.0,0.0,0.0,0.0,0.17926470548811188,0.1632844582595388,0.0,0.0,0.21241828680057623,0.4450325494517731,0.2070313573301955
2022-11-16,风险平价策略,-1.0,0.0,0.0,0.0,0.0,0.0,0.15853242324512246,0.14666680212178992,0.10073880238075704,0.0,0.19191236660470834,0.4021496056476224,0.20350796970338106
2022-11-17,风险平价策略,-1.0,0.0,0.0,0.0,0.0,0.0,0.17587670656590848,0.16422415652850908,0.0,0.0,0.2098842697745389,0.4500148671310436,0.2077052559624891
2022-11-18,风险平价策略,-1.0,0.0,0.0,0.0,0.0,0.0,0.1530240301814613,0.1506449390751586,0.09995319918281663,0.0,0.18508056510219312,0.4112972664583704,0.20480278701376683
2022-11-21,风险平价策略,-1.0,0.0,0.0,0.0,0.0,0.0,0.17032442666249495,0.16533862989755146,0.0,0.0,0.21953604841020669,0.4448008950297469,0.20679002595126345
2022-11-22,风险平价策略,-1.0,0.0,0.0,0.0,0.17658807570205806,0.0,0.13836410969990726,0.13608807613797244,0.0,0.0,0.18185104214378503,0.3671086963162772,0.34693149588336847
2022-11-23,风险平价策略,-1.0,0.0,0.0,0.0,0.17659331734089373,0.0,0.13837062097509747,0.13610102239740607,0.0,0.0,0.18186331621731944,0.36707172306928326,0.34693109384814513
2022-11-24,风险平价策略,-1.0,0.0,0.0,0.0,0.17648204606428144,0.0,0.13844125303912008,0.13604409661540148,0.0,0.0,0.18172052574252726,0.3673120785386697,0.346870752346361
2022-11-25,风险平价策略,-1.0,0.0,0.0,0.0,0.16308662180454192,0.0,0.1279695237851505,0.12333026640875756,0.07745881444271653,0.0,0.16843079762211835,0.3397239759367151,0.33348130364398465
2022-11-28,风险平价策略,-1.0,0.0,0.0,0.0,0.15766047970574065,0.0,0.12124870159008823,0.12273247371231427,0.07776539990109978,0.0,0.14913909650255683,0.37145384858820024,0.3333127458873405
2022-11-29,风险平价策略,-1.0,0.0,0.0,0.0,0.15908034133695698,0.0,0.12239717383648188,0.12367313002145397,0.078394015794718,0.0,0.15079501900694522,0.36566032000344406,0.333766814711196
2022-11-30,风险平价策略,-1.0,0.0,0.0,0.0,0.16017085904739017,0.0,0.12177402187854686,0.12161615743869013,0.07895554690709962,0.0,0.151748998464217,0.36573441626405606,0.33466873706663897
2022-12-01,风险平价策略,-1.0,0.0,0.0,0.0,0.15889625825299816,0.0,0.12214242193663095,0.12199391077765007,0.07918961657031175,0.0,0.15102980592663887,0.36674798653577023,0.33374361730471486
2022-12-02,风险平价策略,-1.0,0.0,0.0,0.0,0.17130360407528036,0.0,0.1328562053425955,0.1327039169087382,0.0,0.0,0.16424902656054782,0.39888724711283813,0.3468340262799597
2022-12-05,风险平价策略,1.0,0.3,0.15,0.15,0.12741805028746908,0.0,0.09936680470484795,0.09881843915033933,0.0,0.0,0.11655010966581045,0.25784659619153316,0.28847625049448367
2022-12-06,风险平价策略,1.0,0.3,0.15,0.15,0.13139258111664037,0.0,0.10271656247565786,0.10211743983001456,0.0,0.0,0.1271650579704506,0.23660835860723656,0.28894781943173276
2022-12-07,风险平价策略,1.0,0.3,0.15,0.15,0.25074651568208717,0.0,0.0,0.1992044473382148,0.0,0.0,0.25004903697969794,0.0,0.35712560206356225
2022-12-08,风险平价策略,1.0,0.3,0.15,0.15,0.2507365348839618,0.0,0.0,0.199195748919506,0.0,0.0,0.2500677161965321,0.0,0.35711665781663193
2022-12-09,风险平价策略,1.0,0.3,0.15,0.15,0.24915333858730057,0.0,0.0,0.19989563854577602,0.0,0.0,0.25095102286692333,0.0,0.35576027372732477
2022-12-12,风险平价策略,1.0,0.3,0.15,0.15,0.08191394001753924,0.46706299444211313,0.0,0.06559123364346754,0.0,0.0,0.08543183189688003,0.0,0.15719125040814128
2022-12-13,风险平价策略,1.0,0.3,0.15,0.15,0.3429761493056328,0.0,0.0,0.0,0.0,0.0,0.35702385069436715,0.0,0.43138924989590055
2022-12-14,风险平价策略,1.0,0.3,0.15,0.15,0.06491255551517161,0.37260194815952474,0.05543692825321884,0.0,0.0,0.0,0.06503198241213258,0.14201658565995218,0.1733163144380386
2022-12-15,风险平价策略,1.0,0.3,0.15,0.15,0.08312789878160064,0.48275207046831686,0.0,0.0,0.0475759151039866,0.0,0.08654411564609593,0.0,0.15653534114497875
2022-12-16,风险平价策略,1.0,0.3,0.15,0.15,0.08316379980410564,0.4827241477257222,0.0,0.0,0.04761849956062232,0.0,0.08649355290954981,0.0,0.15657121030079596
2022-12-19,风险平价策略,1.0,0.3,0.15,0.15,0.058462997367462896,0.36436817852695447,0.052335486189925916,0.0,0.03493967912191765,0.0,0.06116105068879455,0.12873260810494452,0.16788169193067867
2022-12-20,风险平价策略,1.0,0.3,0.15,0.15,0.05793981843445771,0.3611262762978143,0.052969388637013844,0.0,0.03539353768400749,0.0,0.06204091749045414,0.13053006145625243,0.16807371541161628
2022-12-21,风险平价策略,1.0,0.3,0.15,0.15,0.0,0.3937088666519533,0.05775136967874047,0.0,0.03859035473031664,0.0,0.06764149731659522,0.14230791162239426,0.11628291102447891
2022-12-22,风险平价策略,1.0,0.3,0.15,0.15,0.0,0.3935334762401784,0.05778722742534754,0.0,0.03861034342758633,0.0,0.06768540702890434,0.14238354587798335,0.11631454743634265
2022-12-23,风险平价策略,1.0,0.3,0.15,0.15,0.0,0.4956254945986355,0.07105851127047977,0.0,0.0482266528627798,0.0,0.08508934126810494,0.0,0.08502014451976886
2022-12-26,风险平价策略,1.0,0.3,0.15,0.15,0.0,0.4275377452333731,0.06248322093912498,0.06166474193406533,0.04239428781635456,0.031060349918377188,0.0748596541587047,0.0,0.09943021363383736
2022-12-27,风险平价策略,1.0,0.3,0.15,0.15,0.0,0.3605917497926938,0.0543970585127968,0.053633919260520746,0.03689000148460454,0.0,0.0652225605103299,0.12926471043905416,0.11924410223020898
2022-12-28,风险平价策略,1.0,0.3,0.15,0.15,0.0,0.3642096452153918,0.05523084763485023,0.05086578088609388,0.03730005251907514,0.0,0.06196104057245479,0.1304326331721341,0.11899778318459531
2022-12-29,风险平价策略,1.0,0.3,0.15,0.15,0.0,0.3930200758942068,0.05968655338141665,0.0,0.04026260461298089,0.0,0.06692062866067143,0.1401101374507242,0.11615051343467866
2022-12-30,风险平价策略,1.0,0.3,0.15,0.15,0.0,0.39304327688544927,0.05963302321897841,0.0,0.04026751051389337,0.0,0.06692812911251637,0.14012806026916255,0.1161493560845273
2023-01-03,风险平价策略,1.0,0.3,0.15,0.15,0.0,0.41138785392527866,0.0,0.0,0.04213308056916032,0.029849471126597395,0.07040990476763073,0.14621968961133286,0.11909395151636559
2023-01-04,风险平价策略,1.0,0.3,0.15,0.15,0.0,0.43904764189444423,0.0,0.0,0.04105890627062928,0.0,0.062126924678846604,0.1577665271560799,0.11220733292532052
2023-01-05,风险平价策略,1.0,0.3,0.15,0.15,0.0,0.4248458952161678,0.0,0.0,0.03727597392234504,0.023869296028400464,0.05921660457933995,0.1547922302537467,0.11763622074265427
2023-01-06,风险平价策略,1.0,0.3,0.15,0.15,0.0,0.4686157968609383,0.0,0.0,0.04197468332293233,0.026855570486482922,0.0,0.16255394932964645,0.11495997945439751
2023-01-09,风险平价策略,1.0,0.3,0.15,0.15,0.0,0.46873261304241737,0.0,0.0,0.04181653116654189,0.026821783272865423,0.0,0.1626290725181752,0.11494623657677855
2023-01-10,风险平价策略,1.0,0.3,0.15,0.15,0.0,0.384653119878719,0.05474635784659215,0.0,0.03740382009376569,0.023599800109828047,0.055021386301313174,0.14457551576978195,0.12192025533821753
2023-01-11,风险平价策略,1.0,0.3,0.15,0.15,0.0,0.3980624205740705,0.05666087471776915,0.0,0.038713850762811385,0.0,0.05694798270175054,0.1496148712435984,0.11689405679830789
2023-01-12,风险平价策略,1.0,0.3,0.15,0.15,0.0,0.39813666660069313,0.05666225875748239,0.0,0.03871539063770684,0.0,0.056948664195930074,0.14953701980818762,0.11687468636638812
2023-01-13,风险平价策略,1.0,0.3,0.15,0.15,0.0,0.3957980265306384,0.0570506924415306,0.0,0.039003002319599835,0.0,0.0574002049643866,0.15074807374384447,0.11732505914188955
2023-01-16,风险平价策略,1.0,0.3,0.15,0.15,0.0,0.0,0.1220541148007613,0.0,0.08119975802509612,0.052684104224538335,0.12118193874793134,0.32288008420167286,0.1983516061979399
2023-01-17,风险平价策略,1.0,0.3,0.15,0.15,0.11379308814194365,0.0,0.08826962695564133,0.0785078143598272,0.05898947990196338,0.038276589752309194,0.08761816016839168,0.23454524071992347,0.28181722727996084
2023-01-18,风险平价策略,1.0,0.3,0.15,0.15,0.11390683738899034,0.0,0.08836192241699806,0.07857217453922034,0.059050185467829364,0.03831289891828243,0.08770368623901799,0.23409229502966158,0.2818622739047442
2023-01-19,风险平价策略,1.0,0.3,0.15,0.15,0.11572377557884969,0.0,0.08634406768951987,0.08014739550119049,0.06009436248316776,0.03716554335316931,0.08299503865707429,0.23752981673702847,0.2837691288963037
2023-01-20,风险平价策略,1.0,0.3,0.15,0.15,0.11613627545886472,0.0,0.08664294008842538,0.08038838603904845,0.06027786578976015,0.037306025359308256,0.08093889799306467,0.23830960927152822,0.2842952002736247
2023-01-30,风险平价策略,1.0,0.3,0.15,0.15,0.11662669809832639,0.0,0.0822648092911048,0.07308648670812495,0.06196442667529338,0.037126712386564266,0.08623249936790116,0.24269836747268497,0.28506317376688256
2023-01-31,风险平价策略,1.0,0.3,0.15,0.15,0.12830729321999085,0.0,0.09024391249012252,0.07900746197885186,0.0656144292289386,0.0,0.09471679189740649,0.2421101111846896,0.28864598018232224
2023-02-01,风险平价策略,1.0,0.3,0.15,0.15,0.06567691536456052,0.34196894501168984,0.046187121580067186,0.040425744124689245,0.03357978513144312,0.0,0.04823084132288012,0.12393064746466996,0.17676335163704113
2023-02-02,风险平价策略,1.0,0.3,0.15,0.15,0.06591482910822535,0.34495567315695985,0.04449444476595639,0.04058258129637929,0.030121845724708725,0.0,0.04792960386312311,0.12600102208464725,0.17678289356623078
2023-02-03,风险平价策略,1.0,0.3,0.15,0.15,0.06524931546103371,0.3566740303967676,0.04540771613375059,0.041881205572628165,0.031196531386121447,0.0,0.04927774993985788,0.11031345110984062,0.17272967783255105
2023-02-06,风险平价策略,1.0,0.3,0.15,0.15,0.07241099521691526,0.39055624213751683,0.049220583259922644,0.047318670341040196,0.03590256401151559,0.0,0.0,0.10459094503308955,0.17501008233772997
2023-02-07,风险平价策略,1.0,0.3,0.15,0.15,0.07256644327827388,0.3916729674411339,0.04918755844029926,0.04742587182715335,0.03596835768738607,0.0,0.0,0.10317880132575341,0.17482110148516125
2023-02-08,风险平价策略,1.0,0.3,0.15,0.15,0.18042565385217738,0.0,0.12348291132053703,0.11903690547049885,0.08937267677860329,0.05172000441610355,0.13596184816207985,0.0,0.3106476212653292
2023-02-09,风险平价策略,1.0,0.3,0.15,0.15,0.0705167285331105,0.3803911920610252,0.04833609752275048,0.044797404884076734,0.03484622784518055,0.020213114443267538,0.0,0.10089923471058898,0.1775717097942197
2023-02-10,风险平价策略,1.0,0.3,0.15,0.15,0.0687810509945634,0.35717700853691825,0.046292963605592874,0.03942738285721717,0.02960323132202742,0.019405108507213862,0.04964332953569957,0.08966992464076741,0.1762291274281449
2023-02-13,风险平价策略,1.0,0.3,0.15,0.15,0.07892610373288404,0.409829310769547,0.05292402200604478,0.045096371230968345,0.033976667853975434,0.022270837865189626,0.05697668654139067,0.0,0.1671647703224621
2023-02-14,风险平价策略,1.0,0.3,0.15,0.15,0.07892745758893033,0.4098510089831293,0.05292155369321002,0.045095847681557485,0.03396395285074785,0.022269692884248855,0.05697048631817603,0.0,0.16716285396242103
2023-02-15,风险平价策略,1.0,0.3,0.15,0.15,0.078598790413499,0.4138631690365822,0.05361356838096139,0.04291370568163476,0.03432113479522381,0.022167123725149993,0.05452250796694887,0.0,0.16640573203236833
2023-02-16,风险平价策略,1.0,0.3,0.15,0.15,0.09247756916292195,0.48986304087137866,0.0,0.05080029032940268,0.040621548426201394,0.026237551210095217,0.0,0.0,0.17015387125709555
2023-02-17,风险平价策略,1.0,0.3,0.15,0.15,0.08878578074568264,0.4738387346355388,0.0624140702575507,0.04998286788186611,0.0,0.02497854647936168,0.0,0.0,0.16860839408727354
2023-02-20,风险平价策略,1.0,0.3,0.15,0.15,0.09257997756294457,0.4649335609647608,0.06502586644177707,0.051969968009531256,0.0,0.025490627020986218,0.0,0.0,0.17307965074598852
2023-02-21,风险平价策略,1.0,0.3,0.15,0.15,0.08767752202295166,0.43977856978268975,0.0616071766420889,0.049217526335852954,0.03785517371664596,0.023864031499770583,0.0,0.0,0.172475808355746
2023-02-22,风险平价策略,1.0,0.3,0.15,0.15,0.11634567169266424,0.5836543283073357,0.0,0.0,0.0,0.0,0.0,0.0,0.17293702990034765
2023-02-23,风险平价策略,1.0,0.3,0.15,0.15,0.10108712237856612,0.5261103375383575,0.07280254008307643,0.0,0.0,0.0,0.0,0.0,0.1678882872303173
2023-02-24,风险平价策略,1.0,0.3,0.15,0.15,0.10147400575713332,0.5278625756981026,0.0,0.0,0.0,0.0,0.07066341854476409,0.0,0.1658568145604052
2023-02-27,风险平价策略,1.0,0.3,0.15,0.15,0.10829098570479231,0.5917090142952075,0.0,0.0,0.0,0.0,0.0,0.0,0.1650837110621725
2023-02-28,风险平价策略,1.0,0.3,0.15,0.15,0.1037783888468493,0.56706537509117,0.0,0.0,0.0,0.02915623606198062,0.0,0.0,0.16928501876396235
2023-03-01,风险平价策略,1.0,0.3,0.15,0.15,0.09487885837005383,0.5184519585406336,0.060011260422735135,0.0,0.0,0.02665792266657735,0.0,0.0,0.16797249425451205
2023-03-02,风险平价策略,1.0,0.3,0.15,0.15,0.0922464142649116,0.48579440839808996,0.057386568359710066,0.0,0.038644110041041985,0.025928498936246318,0.0,0.0,0.17043974377899343
2023-03-03,风险平价策略,1.0,0.3,0.15,0.15,0.09225510344809815,0.4857856044341535,0.05738859852601771,0.0,0.038643298714259956,0.02592739487747065,0.0,0.0,0.17044804646532963
2023-03-06,风险平价策略,1.0,0.3,0.15,0.15,0.07879542221483535,0.4141181825750267,0.0481576636064413,0.0,0.03301430640991908,0.022140227291331922,0.0,0.10377419790244562,0.18060768319183887
2023-03-07,风险平价策略,1.0,0.3,0.15,0.15,0.07849285301664223,0.4143021759336912,0.048187835773411195,0.0,0.033030579720508484,0.0221505487065076,0.0,0.10383600684923928,0.18033791719508618
2023-03-08,风险平价策略,1.0,0.3,0.15,0.15,0.08096106954748283,0.425204032913327,0.046873767592358166,0.0,0.03533065731065518,0.020873570645817154,0.0,0.09075690199035968,0.1791886600918669
2023-03-09,风险平价策略,1.0,0.3,0.15,0.15,0.07505881965268633,0.39529154411502937,0.04363093888457177,0.0,0.03246015311828466,0.01929728307139962,0.049899512403021165,0.08436174875500704,0.17572364135384455
2023-03-10,风险平价策略,1.0,0.3,0.15,0.15,0.06496279025641441,0.4529601952952668,0.04767538968896089,0.0,0.03663262661194749,0.0,0.0,0.09776899814741041,0.15951772349433582
2023-03-13,风险平价策略,1.0,0.3,0.15,0.15,0.06526202097745991,0.45165790505169523,0.047892325364965065,0.0,0.036843703901880485,0.0,0.0,0.09834404470399925,0.16001600284258619
2023-03-14,风险平价策略,1.0,0.3,0.15,0.15,0.06781067496283652,0.49187670014349694,0.0,0.0,0.03184784274991621,0.0,0.0,0.10846478214375026,0.15789186473415978
2023-03-15,风险平价策略,1.0,0.3,0.15,0.15,0.06443960352855012,0.46066183708801023,0.0,0.04152858498636497,0.030266326636265103,0.0,0.0,0.10310364776080953,0.15861501995476052
2023-03-16,风险平价策略,1.0,0.3,0.15,0.15,0.063304175166772,0.49388026738739566,0.0,0.0,0.029758937966373782,0.0,0.0,0.11305661947945855,0.15436605475998885
2023-03-17,风险平价策略,1.0,0.3,0.15,0.15,0.06372646331622181,0.49258301643235947,0.0,0.0,0.029961540036921374,0.0,0.0,0.11372898021449727,0.15497861499336668
2023-03-20,风险平价策略,1.0,0.3,0.15,0.15,0.060229898093367554,0.494877293726715,0.0,0.0,0.030621133678818843,0.0,0.0,0.11427167450109854,0.15180349202224222
2023-03-21,风险平价策略,1.0,0.3,0.15,0.15,0.06204268785410465,0.49556267865416725,0.0,0.0,0.031880623448755724,0.0,0.0,0.11051401004297223,0.15279538361877953
2023-03-22,风险平价策略,1.0,0.3,0.15,0.15,0.06326056765009305,0.5073547654027865,0.0,0.0,0.03245766963734925,0.0,0.0,0.09692699730977122,0.15060179987024805
2023-03-23,风险平价策略,1.0,0.3,0.15,0.15,0.06427846915016867,0.504629892756032,0.0,0.0,0.03264274843080847,0.0,0.0,0.09844888966299098,0.1520091728079444
2023-03-24,风险平价策略,1.0,0.3,0.15,0.15,0.06009127364432988,0.47433255753229153,0.037384534910766085,0.0,0.031902763329171906,0.0,0.0,0.09628887058344067,0.15231546669768237
2023-03-27,风险平价策略,1.0,0.3,0.15,0.15,0.05456482150138363,0.45407661517476244,0.03469737073936085,0.03941677577957228,0.030084316377327038,0.0,0.0,0.08716010042759367,0.14929416222765382
2023-03-28,风险平价策略,1.0,0.3,0.15,0.15,0.054657098051871064,0.4546459259298556,0.03475429174262542,0.039470855505788355,0.030133559325864614,0.0,0.0,0.08633826944399495,0.14919669028957924
2023-03-29,风险平价策略,1.0,0.3,0.15,0.15,0.05707182836823242,0.47869926652120737,0.0,0.04157724366757679,0.03173560125213724,0.0,0.0,0.09091606019084611,0.14854321808437515
2023-03-30,风险平价策略,1.0,0.3,0.15,0.15,0.0,0.49055832164608937,0.03814162500093584,0.04334005878761934,0.03310046844136334,0.0,0.0,0.09485952612399214,0.09948877439707063
2023-03-31,风险平价策略,1.0,0.3,0.15,0.15,0.0,0.5190831280489379,0.0,0.045951591339082144,0.03456436011865616,0.0,0.0,0.10040092049332372,0.09631753177377879
2023-04-03,风险平价策略,1.0,0.3,0.15,0.15,0.05823517961305238,0.4368509271432387,0.0365266026611206,0.04111643904090988,0.03184605364785752,0.015509886932934869,0.0,0.07991491096088607,0.15633250747168126
2023-04-04,风险平价策略,1.0,0.3,0.15,0.15,0.06143239475682177,0.46092781854376264,0.0,0.043371519922393506,0.03359406790270518,0.01636172192256104,0.0,0.0843124769517558,0.15644926951316984
2023-04-06,风险平价策略,1.0,0.3,0.15,0.15,0.058930929335608576,0.4638451431823149,0.0,0.043037331077410805,0.03157551220069587,0.0169070050762962,0.0,0.0857040791276736,0.15418825174183387
2023-04-07,风险平价策略,1.0,0.3,0.15,0.15,0.055444226517695844,0.44071381333804194,0.035701791323157164,0.040942722140631264,0.029711425247609623,0.016082828007957743,0.0,0.08140319342490633,0.15371553541896693
2023-04-10,风险平价策略,1.0,0.3,0.15,0.15,0.055794708565270155,0.44776543611125924,0.035450492741103776,0.04060394752136881,0.029615817788376547,0.016076337743114864,0.0,0.07469325952950658,0.15225078468012987
2023-04-11,风险平价策略,1.0,0.3,0.15,0.15,0.05882030353591424,0.4718234765899014,0.0,0.04247019505521798,0.031221719052213808,0.016947669649665882,0.0,0.07871663611708662,0.15218272629905033
2023-04-12,风险平价策略,1.0,0.3,0.15,0.15,0.056147274047377516,0.4488544486408409,0.03567994378528644,0.03993671185811181,0.02831628922426551,0.016193722868654573,0.0,0.07487160957546324,0.15242711133356657
2023-04-13,风险平价策略,1.0,0.3,0.15,0.15,0.05647616511191657,0.4474765593913901,0.03588302401903522,0.04016219429990838,0.02838565137435951,0.01628774413249886,0.0,0.0753286616708913,0.15295997815162263
2023-04-14,风险平价策略,1.0,0.3,0.15,0.15,0.05577307318118194,0.44616233662421567,0.03631825169404887,0.040667229365665074,0.028740591585825374,0.016240628051455812,0.0,0.07609788949760718,0.15263511917172776
2023-04-17,风险平价策略,1.0,0.3,0.15,0.15,0.0591051698419525,0.43861103454323047,0.0384333287973341,0.04300419192342759,0.03040583887367528,0.017203236483833123,0.0,0.07323719953654691,0.15628089317443966
2023-04-18,风险平价策略,1.0,0.3,0.15,0.15,0.06618654008113091,0.49105002424410593,0.04224833139533657,0.048226568832596246,0.0333117340097823,0.018976801437047996,0.0,0.0,0.14667434596522116
2023-04-19,风险平价策略,1.0,0.3,0.15,0.15,0.060085503184614766,0.4420137639339652,0.037246144586262984,0.04378253370483715,0.028664582128871224,0.016719559857260438,0.0,0.07148791260418817,0.15634028945494405
2023-04-20,风险平价策略,1.0,0.3,0.15,0.15,0.06082292426605281,0.44187731069783637,0.0374729724291036,0.044378466034221714,0.0273473692061411,0.016049035532253956,0.0,0.07205192183439045,0.15692536943662536
2023-04-21,风险平价策略,1.0,0.3,0.15,0.15,0.05142958295947525,0.4619519801957383,0.03617181694251044,0.038669472268471776,0.027156473658833287,0.015461224514970517,0.0,0.0691594494600005,0.14588182695371824
2023-04-24,风险平价策略,1.0,0.3,0.15,0.15,0.05672384004492986,0.50889545435192,0.0,0.04227323794734457,0.0,0.017057338827429044,0.0,0.07505012882837643,0.14468232897202568
2023-04-25,风险平价策略,1.0,0.3,0.15,0.15,0.05676939447200426,0.5088527802468833,0.0,0.04221802253121877,0.0,0.017069432100053725,0.0,0.07509037064983995,0.14473311963714372
2023-04-26,风险平价策略,1.0,0.3,0.15,0.15,0.05716865368286335,0.5091908900227748,0.0,0.04169813297666271,0.0,0.016623754178265674,0.0,0.07531856913943329,0.1449789279057851
2023-04-27,风险平价策略,1.0,0.3,0.15,0.15,0.06252482008651171,0.541696304890706,0.0,0.0,0.0,0.014899590326151404,0.0,0.08087928469663103,0.1454812963282045
2023-04-28,风险平价策略,1.0,0.3,0.15,0.15,0.06334675967231006,0.5426096356715441,0.0,0.0,0.0,0.015084340417415005,0.0,0.07895926423873081,0.1458475834845161
2023-05-04,风险平价策略,-1.0,0.0,0.0,0.0,0.09418303623565602,0.7902197676861094,0.0,0.0,0.0,0.0,0.0,0.11559719607823467,0.14630574532971446
2023-05-05,风险平价策略,-1.0,0.0,0.0,0.0,0.09273611909338034,0.7914128730090797,0.0,0.0,0.0,0.0,0.0,0.11585100789753999,0.14495972312991853
2023-05-08,风险平价策略,-1.0,0.0,0.0,0.0,0.10464797081906199,0.7804881313381798,0.0,0.0,0.0,0.0,0.0,0.11486389784275813,0.15632206549848876
2023-05-09,风险平价策略,-1.0,0.0,0.0,0.0,0.09431117359568245,0.7891510451149905,0.0,0.0,0.0,0.0,0.0,0.11653778128932717,0.14667052848456882
2023-05-10,风险平价策略,-1.0,0.0,0.0,0.0,0.0772450757353871,0.8039501836457639,0.0,0.0,0.0,0.0,0.0,0.11880474061884902,0.1306091576998089
2023-05-11,风险平价策略,-1.0,0.0,0.0,0.0,0.0782000049055991,0.8026040165560828,0.0,0.0,0.0,0.0,0.0,0.11919597853831798,0.13163997931023022
2023-05-12,风险平价策略,-1.0,0.0,0.0,0.0,0.06955872959593001,0.8145346063772997,0.0,0.0,0.0,0.0,0.0,0.1159066640267704,0.12237596068285822
2023-05-15,风险平价策略,-1.0,0.0,0.0,0.0,0.0698006909856486,0.8122220236666237,0.0,0.0,0.0,0.0,0.0,0.1179772853477277,0.12313988147467796
2023-05-16,风险平价策略,-1.0,0.0,0.0,0.0,0.06692283681603918,0.8163890461510713,0.0,0.0,0.0,0.0,0.0,0.11668811703288952,0.12000523573902504
2023-05-17,风险平价策略,-1.0,0.0,0.0,0.0,0.07869562104084905,0.921304378959151,0.0,0.0,0.0,0.0,0.0,0.0,0.10172823051482782
2023-05-18,风险平价策略,-1.0,0.0,0.0,0.0,0.06950237897485298,0.8137439314234844,0.0,0.0,0.0,0.0,0.0,0.11675368960166255,0.1225370103489056
2023-05-19,风险平价策略,-1.0,0.0,0.0,0.0,0.06475272893192403,0.8215162101018365,0.0,0.0,0.0,0.0,0.0,0.11373106096623939,0.11713533125501698
2023-05-22,风险平价策略,-1.0,0.0,0.0,0.0,0.0646547772714583,0.8210167327770233,0.0,0.0,0.0,0.0,0.0,0.11432848995151845,0.11719217277730905
2023-05-23,风险平价策略,-1.0,0.0,0.0,0.0,0.0,0.8343644964406662,0.0,0.0,0.0,0.0,0.053300769700914734,0.11233473385841912,0.05924193795249293
2023-05-24,风险平价策略,-1.0,0.0,0.0,0.0,0.0,0.8356470981399929,0.0,0.0,0.0,0.0,0.05059504943294603,0.11375785242706114,0.059320732559359934
2023-05-25,风险平价策略,-1.0,0.0,0.0,0.0,0.0,0.8309344732912504,0.0,0.0,0.0,0.0,0.05267991381813237,0.1163856128906173,0.06020972223801131
2023-05-26,风险平价策略,-1.0,0.0,0.0,0.0,0.0,0.9371662512894674,0.0,0.0,0.0,0.0,0.06283374871053266,0.0,0.03159754361460593
2023-05-29,风险平价策略,-1.0,0.0,0.0,0.0,0.0,1.0,0.0,0.0,0.0,0.0,0.0,0.0,0.025
2023-05-30,风险平价策略,-1.0,0.0,0.0,0.0,0.0,0.9719528669090081,0.0,0.0,0.0,0.028047133090991914,0.0,0.0,0.03327390426184262
2023-05-31,风险平价策略,-1.0,0.0,0.0,0.0,0.0,0.8740607711555364,0.0,0.0,0.0,0.0,0.0,0.1259392288444636,0.05711450335533822
2023-06-01,风险平价策略,-1.0,0.0,0.0,0.0,0.0,0.8760083487666238,0.0,0.06267180164712677,0.03852110255239115,0.02279874703385819,0.0,0.0,0.045771883467447
2023-06-02,风险平价策略,-1.0,0.0,0.0,0.0,0.0,0.8451450747688884,0.0,0.07810427339054861,0.04820255410122224,0.028548097739340698,0.0,0.0,0.050955136085506794
2023-06-05,风险平价策略,-1.0,0.0,0.0,0.0,0.0,0.917357617039358,0.0,0.0,0.05158716329720181,0.031055219663440103,0.0,0.0,0.0416414284788091
2023-06-06,风险平价策略,-1.0,0.0,0.0,0.0,0.0,0.9182371645465546,0.0,0.0,0.05074829552351043,0.03101453992993496,0.0,0.0,0.04150779213023983
2023-06-07,风险平价策略,-1.0,0.0,0.0,0.0,0.0,0.8576686338011617,0.0,0.0,0.0473978030384661,0.028933990646633944,0.06599957251373831,0.0,0.047338163795277124
2023-06-08,风险平价策略,-1.0,0.0,0.0,0.0,0.0,0.7470973701508175,0.06546309296355737,0.061490183021053864,0.04121631335830806,0.025834226317346668,0.058898814188916536,0.0,0.061920529948330694
2023-06-09,风险平价策略,-1.0,0.0,0.0,0.0,0.0,0.702042634076257,0.06154230600732625,0.057795028397673386,0.03876493231123895,0.02409121613977611,0.0,0.11576388306772822,0.08335815427330925
2023-06-12,风险平价策略,-1.0,0.0,0.0,0.0,0.0,0.7507825917298101,0.065816404116794,0.058415839529462305,0.03962628845835916,0.024983790653253134,0.06037508551232127,0.0,0.06122676694021009
2023-06-13,风险平价策略,-1.0,0.0,0.0,0.0,0.0,0.7048104267304143,0.06181355602268415,0.054853186667891206,0.03722595989165715,0.023337507092811908,0.0,0.11795936359454134,0.08311197675650552
2023-06-14,风险平价策略,-1.0,0.0,0.0,0.0,0.0,0.6697723859127692,0.05870083824767294,0.05212137385832211,0.03532509606193624,0.022130477663154315,0.05364149615607987,0.10830833210006528,0.08486261025582564
2023-06-15,风险平价策略,-1.0,0.0,0.0,0.0,0.0,0.7029405491499957,0.07918498865482353,0.06869040236288437,0.047733520730312014,0.028231527740973136,0.0732190113610113,0.0,0.06790083516977907
2023-06-16,风险平价策略,-1.0,0.0,0.0,0.0,0.0,0.604331460669307,0.07268741610075509,0.06304581306359397,0.043802946102970225,0.02597094594573149,0.06748041153019615,0.12268100658744606,0.09570594206657794
2023-06-19,风险平价策略,-1.0,0.0,0.0,0.0,0.0,0.5878606050486538,0.07620374202736836,0.062023783654937145,0.04246542119879434,0.027685107608044105,0.07234488346692446,0.13141645699527776,0.09909271808313233
2023-06-20,风险平价策略,-1.0,0.0,0.0,0.0,0.0,0.5878293579798181,0.07621174640223102,0.06203302142313303,0.04247162232911549,0.02768317458630839,0.07235508521830938,0.1314159920610846,0.09909632732060593
2023-06-21,风险平价策略,-1.0,0.0,0.0,0.0,0.0,0.5905864008910834,0.07670554730490584,0.0607992721595713,0.042667943736867914,0.027796719045653177,0.0726607631514909,0.12878335371042754,0.09841916991508352
2023-06-26,风险平价策略,-1.0,0.0,0.0,0.0,0.0,0.6016432790483235,0.0746974835170542,0.05758725804404871,0.04056601199018643,0.027317159554920763,0.06952094216357767,0.12866786568188876,0.09690907859408485
2023-06-27,风险平价策略,-1.0,0.0,0.0,0.0,0.0,0.5985334867339833,0.07564075302220903,0.05832746375544228,0.04110215726014621,0.027684719130756083,0.0686222471572794,0.13008917294018363,0.09759058926253834
2023-06-28,风险平价策略,-1.0,0.0,0.0,0.0,0.0,0.6042394864608476,0.07380091821347196,0.058694018313459995,0.040748040327517616,0.027122056971300722,0.06837454254857922,0.12702093716482285,0.09636595502979023
2023-06-29,风险平价策略,-1.0,0.0,0.0,0.0,0.0,0.6051062547328829,0.0727298945993446,0.05829478506346595,0.04089187406070892,0.02721487518477574,0.06839234404193129,0.1273699723168905,0.09630658073800093
2023-06-30,风险平价策略,-1.0,0.0,0.0,0.0,0.0,0.6934135808906063,0.08335676032259338,0.06680461913243405,0.04686590368076172,0.03118553362286371,0.07837360235074088,0.0,0.06949630292571174
2023-07-03,风险平价策略,-1.0,0.0,0.0,0.0,0.0,0.6906794174040557,0.08409484543216926,0.06737889463067535,0.04728239128210082,0.03146302930389226,0.07910142194710669,0.0,0.06989214459348307
2023-07-04,风险平价策略,-1.0,0.0,0.0,0.0,0.0,0.7334074152085186,0.09223653226656328,0.0,0.05199610499835963,0.03468463709651702,0.08767531043004143,0.0,0.06442924261937506
2023-07-05,风险平价策略,-1.0,0.0,0.0,0.0,0.0,0.5942621074132243,0.07378943380509455,0.057663776420988515,0.0421424218798153,0.028158309850116324,0.0711329546879652,0.1328509959427958,0.09850950016652803
2023-07-06,风险平价策略,-1.0,0.0,0.0,0.0,0.0,0.5925216254966817,0.07413794095104045,0.057949300021524375,0.042344349322846614,0.028289867192629305,0.07130566308988216,0.13345125392539542,0.09883438338034813
2023-07-07,风险平价策略,-1.0,0.0,0.0,0.0,0.0,0.6847919870050769,0.0851415250673531,0.0668392994009927,0.04894415309922538,0.032713234539975745,0.08156980088737616,0.0,0.07082954678508172
2023-07-10,风险平价策略,-1.0,0.0,0.0,0.0,0.0,0.5938171232430295,0.07383860070191905,0.05796561784053364,0.04245168682668506,0.028373761163983838,0.07074010344736267,0.13281310677648628,0.09861437672645276
2023-07-11,风险平价策略,-1.0,0.0,0.0,0.0,0.0,0.7338080993370458,0.09125023133912705,0.0,0.05245980669906126,0.03506198360695107,0.08741987901781476,0.0,0.06444782566306714
2023-07-12,风险平价策略,-1.0,0.0,0.0,0.0,0.0,0.6853072470844005,0.08444322977578152,0.06676642628248627,0.04903092097766294,0.03277119715698662,0.0816809787226822,0.0,0.07076679303681997
2023-07-13,风险平价策略,-1.0,0.0,0.0,0.0,0.0,0.0,0.18101552057867698,0.1431736968927804,0.10497753767324636,0.07029688847444591,0.1718042175991697,0.32873213878168045,0.20659100765847035
2023-07-14,风险平价策略,-1.0,0.0,0.0,0.0,0.13357381659270295,0.0,0.15810869700618127,0.12498569094053891,0.09166102070750982,0.06137194474171582,0.14999151305800093,0.28030731695335026,0.3120752599462821
2023-07-17,风险平价策略,-1.0,0.0,0.0,0.0,0.0,0.5991458038361288,0.07077388991437303,0.05837618969424128,0.03853846890288917,0.02758468967819987,0.0719805168061496,0.13360044116801834,0.09778688895564122
2023-07-18,风险平价策略,-1.0,0.0,0.0,0.0,0.0,0.6364246350123577,0.07488648122947344,0.0,0.040953118835479405,0.029311921157941224,0.07647916937108326,0.14194467439366504,0.09392109869306442
2023-07-19,风险平价策略,-1.0,0.0,0.0,0.0,0.0571524505770123,0.5642092585231866,0.06661082330043176,0.055189924650089386,0.03642609697004037,0.026073290410394866,0.06803672754548348,0.12630142802336136,0.1494908655558626
2023-07-20,风险平价策略,-1.0,0.0,0.0,0.0,0.05973262384047549,0.5984473290439243,0.06994995292935342,0.0,0.03869038377178747,0.027659769601399428,0.07222444967615814,0.13329549113690167,0.14802620702515487
2023-07-21,风险平价策略,-1.0,0.0,0.0,0.0,0.05659504138384658,0.5708382786177557,0.06652053362331496,0.05580066024232836,0.03675937008756905,0.026306079791323256,0.06629199486355242,0.12088804139030973,0.14757103873745214
2023-07-24,风险平价策略,-1.0,0.0,0.0,0.0,0.05689487866487725,0.5720889683143937,0.06524853256120733,0.05591874364322828,0.03591613321095281,0.026481935129994378,0.06652489510128749,0.12092591337405881,0.14767132106081082
2023-07-25,风险平价策略,-1.0,0.0,0.0,0.0,0.07036282602147347,0.4789264166571432,0.08024280526854426,0.06924351001564427,0.04432878610168069,0.0327945497018858,0.08338694678671846,0.14071415944691,0.17452421415266958
2023-07-26,风险平价策略,-1.0,0.0,0.0,0.0,0.07023828176122003,0.4790639009079449,0.0803131874319747,0.06897930477275174,0.044359204054346006,0.03281828734696973,0.08343998838345783,0.14078784534133496,0.17441238986236732
2023-07-27,风险平价策略,-1.0,0.0,0.0,0.0,0.07024418913279443,0.479095743524833,0.08025087518469348,0.0689854535686361,0.04436522531955074,0.03281937461816011,0.08344232246588712,0.14079681618544515,0.17441429395607283
2023-07-28,风险平价策略,-1.0,0.0,0.0,0.0,0.07291704136210987,0.47904501858330534,0.08313874471783234,0.0707034272450807,0.04588065843587441,0.034022340936523926,0.0810529642248902,0.13323980449438327,0.17603880598220795
2023-07-31,风险平价策略,-1.0,0.0,0.0,0.0,0.07392278101778937,0.47669640721452466,0.08421735790315064,0.0714421210286115,0.04468947977644437,0.034545153868467814,0.08021044672680629,0.13427625246420535,0.17742207739160198
2023-08-01,风险平价策略,-1.0,0.0,0.0,0.0,0.07391210183151986,0.4767420020355412,0.08422025521832341,0.07142677141103863,0.044680332459248844,0.034540312024102904,0.08020495136710101,0.1342732736531242,0.17740589280948946
2023-08-02,风险平价策略,-1.0,0.0,0.0,0.0,0.07002333914456703,0.4849682002485146,0.07410009794991636,0.07292302986696843,0.04387740756069168,0.035855900784354806,0.08244611792906122,0.13580590651592592,0.1733479412930298
2023-08-03,风险平价策略,-1.0,0.0,0.0,0.0,0.07535493021045386,0.5091842843180983,0.07091839930016003,0.07453309739929428,0.03787861984255662,0.03157970024046076,0.07273349214804323,0.1278174765409332,0.173145893651208
2023-08-04,风险平价策略,-1.0,0.0,0.0,0.0,0.07537029828093755,0.5092540113265503,0.07093739340482232,0.07454642610883126,0.03788544217375525,0.031584863718138165,0.07275212272941177,0.12766944225755342,0.17313196103256698
2023-08-07,风险平价策略,-1.0,0.0,0.0,0.0,0.07194298487521496,0.5143837922582492,0.07002151102584771,0.07560522441836426,0.03750184451484082,0.03221973420126914,0.06873846936753958,0.12958643933867442,0.17000868989728316
2023-08-08,风险平价策略,-1.0,0.0,0.0,0.0,0.0750222737537828,0.5353651140095982,0.07200621057419113,0.07864310594900062,0.0,0.03303831758822092,0.07086726619728154,0.13505771192792473,0.17011145782142967
2023-08-09,风险平价策略,-1.0,0.0,0.0,0.0,0.07385051015961097,0.5357415213340551,0.07194583905129594,0.07901683237289621,0.0,0.03315089589877262,0.07115348505247397,0.13514091613089513,0.16909577188191258
2023-08-10,风险平价策略,-1.0,0.0,0.0,0.0,0.08562871519642416,0.6187226643393817,0.0833898437505755,0.09129124476713293,0.0,0.03843826439604282,0.08252926755044288,0.0,0.15207480535603332
2023-08-11,风险平价策略,-1.0,0.0,0.0,0.0,0.07673866513583076,0.5802693632559974,0.0,0.08420850864489114,0.0,0.036194196597407476,0.07773211179345212,0.14485715457242118,0.1669660813250104
2023-08-14,风险平价策略,-1.0,0.0,0.0,0.0,0.07390452689213968,0.5599521832726359,0.0,0.07576502324419689,0.03899210125447272,0.03537567492293276,0.07555656216644256,0.14045392824717953,0.16712406137247374
2023-08-15,风险平价策略,-1.0,0.0,0.0,0.0,0.07925394687367596,0.6005065790798049,0.07821695486755054,0.08125344055401647,0.04181193253816914,0.03793434933769891,0.08102279674908412,0.0,0.14956185851505513
2023-08-16,风险平价策略,-1.0,0.0,0.0,0.0,0.08804410782036819,0.6856191236745524,0.0,0.0936571818426135,0.0,0.041759761013604194,0.09091982564886184,0.0,0.14535243586575552
2023-08-17,风险平价策略,-1.0,0.0,0.0,0.0,0.08868515391885486,0.6827176175692252,0.0,0.09461781852090692,0.0,0.042092337496780693,0.09188707249423228,0.0,0.14630681274465063
2023-08-18,风险平价策略,-1.0,0.0,0.0,0.0,0.08418455275714333,0.6532833824953578,0.0,0.08932768005835393,0.04511046751768827,0.04023142353893409,0.08786249363252273,0.0,0.14677402531155778
2023-08-21,风险平价策略,-1.0,0.0,0.0,0.0,0.0,0.657132280732439,0.07855776618811368,0.08996579909665493,0.04541176899452874,0.04048269024597662,0.08844969474228702,0.0,0.07556499938815367
2023-08-22,风险平价策略,-1.0,0.0,0.0,0.0,0.0,0.7224333586469449,0.0,0.10377493428842645,0.053022545237860416,0.0427370290887015,0.07803213273806668,0.0,0.06749868270709128
2023-08-23,风险平价策略,-1.0,0.0,0.0,0.0,0.0,0.6618444179547389,0.08368906391086191,0.09548317674455548,0.04846157056665983,0.03871211470182011,0.07180965612136375,0.0,0.07517526795042714
2023-08-24,风险平价策略,-1.0,0.0,0.0,0.0,0.0,0.5660726754793884,0.07171053222244303,0.07981993777449223,0.041673152171708236,0.032082367239959476,0.06164998537297844,0.14699134973903022,0.10491956149788745
2023-08-25,风险平价策略,-1.0,0.0,0.0,0.0,0.0,0.5561261444439735,0.07394517243722253,0.08242536261919517,0.04299288696905987,0.03311609321953215,0.06378963242725214,0.14760470788376465,0.10645035025811352
2023-08-28,风险平价策略,-1.0,0.0,0.0,0.0,0.0,0.5986556546343713,0.0,0.08957192991840236,0.04602070230281597,0.03599767953237413,0.06931170509750675,0.1604423285145294,0.10257505064138621
2023-08-29,风险平价策略,-1.0,0.0,0.0,0.0,0.0,0.5886554445740453,0.0,0.09195127795983038,0.04623371911119605,0.03653360885251321,0.0712532020711613,0.1653727474312537,0.10454636321963356
2023-08-30,风险平价策略,-1.0,0.0,0.0,0.0,0.0,0.5436502405737532,0.0762714676951093,0.08513209301233535,0.04276915686148573,0.03378157136791479,0.06554113166196167,0.15285433882744007,0.10881624721945853
2023-08-31,风险平价策略,-1.0,0.0,0.0,0.0,0.0,0.543635124008897,0.07638777368604557,0.08523697908967001,0.04254277587428306,0.03374040462553325,0.0655777608337885,0.1528791818817827,0.10881131975842735
2023-09-01,风险平价策略,-1.0,0.0,0.0,0.0,0.0,0.5110619017714965,0.08238994229693593,0.09211668709646997,0.046100350026616485,0.036662754402174876,0.06760444979974899,0.1640639146065572,0.11499322372425651
2023-09-04,风险平价策略,-1.0,0.0,0.0,0.0,0.15673066035073074,0.0,0.14501979142431098,0.12888899969569517,0.07755181432034186,0.07139892814610448,0.10391038433966149,0.3164994217231553,0.33871572041778275
2023-09-05,风险平价策略,-1.0,0.0,0.0,0.0,0.0,0.0,0.16914920444870288,0.15376027460253616,0.0917378835782671,0.08505612003154914,0.12363640941072743,0.3766601079282172,0.21601647870989477
2023-09-06,风险平价策略,-1.0,0.0,0.0,0.0,0.0,0.0,0.16991828547215054,0.15465688729138793,0.09220737487308305,0.08537663318983708,0.12462265840260649,0.37321816077093484,0.21562983459953874
2023-09-07,风险平价策略,-1.0,0.0,0.0,0.0,0.0,0.0,0.1677285949738486,0.1559279432950506,0.08998979366227887,0.08604016335516697,0.1255009395810014,0.3748125651326535,0.21587880370193788
2023-09-08,风险平价策略,-1.0,0.0,0.0,0.0,0.0,0.0,0.16452344311299158,0.14749946482445037,0.09001889010105148,0.09068397956251488,0.11397977788315417,0.3932944445158375,0.21918556563641878
2023-09-11,风险平价策略,-1.0,0.0,0.0,0.0,0.14946653878005473,0.0,0.1401044051565025,0.12557677217182767,0.07667089299133473,0.07687296222623845,0.0970697837663822,0.33423864490765975,0.3358148193372852
2023-09-12,风险平价策略,-1.0,0.0,0.0,0.0,0.0,0.0,0.1651781945396844,0.1481492146156137,0.09039962410059398,0.09065440683770444,0.11186192557564376,0.3937566343307597,0.2193036396874605
2023-09-13,风险平价策略,-1.0,0.0,0.0,0.0,0.1509056585315348,0.0,0.14112047532539512,0.12351330057740138,0.07670400642186034,0.07827640380421413,0.09073255166817898,0.3387476036714152,0.3379797537299066
2023-09-14,风险平价策略,-1.0,0.0,0.0,0.0,0.15093187243178607,0.0,0.1411315833040479,0.12355533566155864,0.07671962160096818,0.07829583875269534,0.09056990529736411,0.3387958429515796,0.3380157072544099
2023-09-15,风险平价策略,-1.0,0.0,0.0,0.0,0.15455197782123747,0.0,0.144289225862784,0.1265967178022445,0.07858782328736467,0.08018418316621473,0.09307304521493069,0.3227170268452239,0.33937286077428647
2023-09-18,风险平价策略,-1.0,0.0,0.0,0.0,0.18292970492777882,0.0,0.1609574511229682,0.13888213747148098,0.08646235569576485,0.0945849892055078,0.0,0.33618336157649936,0.37000117735835303
2023-09-19,风险平价策略,-1.0,0.0,0.0,0.0,0.18583763845407328,0.0,0.15079727002133375,0.14189408110591725,0.08825623485578939,0.0930397410699244,0.0,0.3401750344929619,0.3726935413603228
2023-09-20,风险平价策略,-1.0,0.0,0.0,0.0,0.19766607859242383,0.0,0.0,0.15092325028385653,0.09311417973174138,0.09643516306204572,0.10004715799890611,0.36181417033102636,0.38281655960463673
2023-09-21,风险平价策略,-1.0,0.0,0.0,0.0,0.20885287341940928,0.0,0.0,0.17594545806278147,0.10007551566872148,0.1072403716618471,0.0,0.40788578118724056,0.4025419220373554
2023-09-22,风险平价策略,-1.0,0.0,0.0,0.0,0.20901006343652428,0.0,0.0,0.17633157584547654,0.10027582286138792,0.10725450502895469,0.0,0.4071280328276565,0.40258729625924583
2023-09-25,风险平价策略,-1.0,0.0,0.0,0.0,0.21135822340260013,0.0,0.0,0.17178912262013865,0.09928821521983705,0.10629042497396378,0.0,0.41127401378346046,0.404893139460232
2023-09-26,风险平价策略,-1.0,0.0,0.0,0.0,0.2149243819382007,0.0,0.0,0.1787473272530183,0.09458935090652146,0.10258114247125195,0.0,0.40915779743100766,0.4069942928242751
2023-09-27,风险平价策略,-1.0,0.0,0.0,0.0,0.22043663484409254,0.0,0.0,0.18806516950716787,0.09954483280136071,0.10798792379830915,0.0,0.3839654390490697,0.40951614209066917
2023-09-28,风险平价策略,-1.0,0.0,0.0,0.0,0.35571108232708487,0.0,0.0,0.3062432527653038,0.162066675986888,0.17597898892072344,0.0,0.0,0.4885746141419359
2023-10-09,风险平价策略,-1.0,0.0,0.0,0.0,0.5301279232828771,0.0,0.0,0.35383458420974406,0.0,0.11603749250737899,0.0,0.0,0.6238734543587974
2023-10-10,风险平价策略,-1.0,0.0,0.0,0.0,0.0,0.0,0.0,0.7309427938591745,0.0,0.26905720614082546,0.0,0.0,0.20304915298253207
2023-10-11,风险平价策略,-1.0,0.0,0.0,0.0,0.0,0.0,0.0,0.7312974898688057,0.0,0.26870251013119434,0.0,0.0,0.2029924016209911
2023-10-12,风险平价策略,-1.0,0.0,0.0,0.0,0.5591593209589576,0.0,0.0,0.44084067904104235,0.0,0.0,0.0,0.0,0.6296938296055243
2023-10-13,风险平价策略,-1.0,0.0,0.0,0.0,0.14312761227312712,0.8568723877268729,0.0,0.0,0.0,0.0,0.0,0.0,0.16454942196629896
2023-10-16,风险平价策略,-1.0,0.0,0.0,0.0,0.12448657790714297,0.745050181587453,0.0,0.09505915984838349,0.0,0.035404080657020644,0.0,0.0,0.16965160383281727
2023-10-17,风险平价策略,-1.0,0.0,0.0,0.0,0.783327862518156,0.0,0.0,0.0,0.0,0.21667213748184402,0.0,0.0,0.8526629465123461
2023-10-18,风险平价策略,-1.0,0.0,0.0,0.0,0.4188081857928137,0.0,0.0,0.0,0.0,0.117644240077836,0.0,0.4635475741293503,0.5862476633739393
2023-10-19,风险平价策略,-1.0,0.0,0.0,0.0,0.0,0.0,0.0,0.33833761868657797,0.0,0.1318491909822621,0.0,0.5298131903311599,0.24467345339690114
2023-10-20,风险平价策略,-1.0,0.0,0.0,0.0,0.0,0.0,0.0,0.0,0.0,0.19924958791488062,0.0,0.8007504120851193,0.2879699835165952
2023-10-23,风险平价策略,-1.0,0.0,0.0,0.0,0.0,0.0,0.0,0.0,0.0,0.0,0.0,1.0,0.28
2023-10-24,风险平价策略,-1.0,0.0,0.0,0.0,0.0,0.0,0.0,0.0,0.0,0.0,0.0,1.0,0.28
2023-10-25,风险平价策略,-1.0,0.0,0.0,0.0,0.0,0.0,0.0,0.38985860945111256,0.0,0.0,0.0,0.6101413905488874,0.2332169668658665
2023-10-26,风险平价策略,-1.0,0.0,0.0,0.0,0.0,0.0,0.0,0.0,0.0,0.0,0.0,1.0,0.28
2023-10-27,风险平价策略,-1.0,0.0,0.0,0.0,0.0,0.0,0.0,0.0,0.0,0.0,0.0,1.0,0.28
2023-10-30,风险平价策略,-1.0,0.0,0.0,0.0,0.0,0.7530050778383867,0.0,0.0,0.0,0.0,0.06759847956308904,0.17939644259852422,0.07784393321674804
2023-10-31,风险平价策略,-1.0,0.0,0.0,0.0,0.0,0.71925161404168,0.0,0.10868580199199224,0.0,0.0,0.0,0.17206258396632773,0.08354854218033253
2023-11-01,风险平价策略,-1.0,0.0,0.0,0.0,0.0,0.6446437852518488,0.10637631788427855,0.09757186534304711,0.0,0.0,0.0,0.15140803152082538,0.09114205277349945
2023-11-02,风险平价策略,-1.0,0.0,0.0,0.0,0.0,0.7143112922475102,0.11790019428984078,0.0,0.0,0.0,0.0,0.16778851346264897,0.083702597162104
2023-11-03,风险平价策略,-1.0,0.0,0.0,0.0,0.0,0.6722513569309112,0.11171140627173565,0.0,0.0,0.0,0.05791407515430995,0.15812316164304321,0.08648342395686288
2023-11-06,风险平价策略,-1.0,0.0,0.0,0.0,0.0,0.6140147017608977,0.10060475261711384,0.09358182965285652,0.0,0.0,0.05318546615599531,0.1386132498131366,0.09214604125517535
2023-11-07,风险平价策略,-1.0,0.0,0.0,0.0,0.0,0.6147619272461211,0.10114151439863832,0.09397244244918203,0.0,0.0,0.05410176600767148,0.13602234989838707,0.09170676882934996
2023-11-08,风险平价策略,-1.0,0.0,0.0,0.0,0.0,0.6165548277220877,0.10146874429349187,0.09439975888498921,0.0,0.0,0.05443472045790975,0.13314194864152157,0.09110909048076347
2023-11-09,风险平价策略,-1.0,0.0,0.0,0.0,0.0,0.5969950870392643,0.09492811974336138,0.08814373066470393,0.04483321792647277,0.0,0.05346197952575403,0.12163786510044354,0.09284667985524464
2023-11-10,风险平价策略,-1.0,0.0,0.0,0.0,0.0,0.5997008339673244,0.09563071514485788,0.08739521019866942,0.045207889143614545,0.0,0.04973480420968747,0.12233054733584625,0.09268008785985828
2023-11-13,风险平价策略,-1.0,0.0,0.0,0.0,0.0,0.6330558877237781,0.10121924833458795,0.08656440638788522,0.0,0.0,0.05268993657330864,0.12647052098044007,0.0881332195777435
2023-11-14,风险平价策略,-1.0,0.0,0.0,0.0,0.0,0.6011675608146476,0.09751145908698877,0.08335034355182917,0.045406520838284434,0.0,0.05073075955393011,0.12183335615431999,0.09239452445030594
2023-11-15,风险平价策略,-1.0,0.0,0.0,0.0,0.0,0.601258086503664,0.09748887885496485,0.08332187118571285,0.04539480899735264,0.0,0.0507250674280302,0.12181128703027558,0.09237970883277108
2023-11-16,风险平价策略,-1.0,0.0,0.0,0.0,0.0,0.6849515092600102,0.11119830616603138,0.09442745639747804,0.051923511894464654,0.0,0.05749921628201564,0.0,0.06632580488038278
2023-11-17,风险平价策略,-1.0,0.0,0.0,0.0,0.0,0.6908730703868937,0.11320694656649642,0.09150870168850812,0.05255676248428943,0.0,0.051854518873812365,0.0,0.06570206755639788
2023-11-20,风险平价策略,-1.0,0.0,0.0,0.0,0.08425011169199992,0.6334598923357667,0.10403636904517467,0.0842582038542193,0.04841986336163651,0.0,0.04557555971120293,0.0,0.1443699401982317
2023-11-21,风险平价策略,-1.0,0.0,0.0,0.0,0.08807210643715559,0.6260003178956266,0.1090994956765517,0.08652621535672284,0.04265717120553971,0.0,0.047644693428403606,0.0,0.14846775740050439
2023-11-22,风险平价策略,-1.0,0.0,0.0,0.0,0.0,0.7942344510185992,0.14391137916802035,0.0,0.0,0.0,0.061854169813380384,0.0,0.05092272401808769
2023-11-23,风险平价策略,-1.0,0.0,0.0,0.0,0.0,0.7703764660504381,0.16218755152939462,0.0,0.0,0.0,0.06743598242016727,0.0,0.05397609761058583
2023-11-24,风险平价策略,-1.0,0.0,0.0,0.0,0.0,0.7703964838693215,0.16217808465697123,0.0,0.0,0.0,0.06742543147370722,0.0,0.05397371173343037
2023-11-27,风险平价策略,-1.0,0.0,0.0,0.0,0.43019513845194396,0.0,0.5698048615480561,0.0,0.0,0.0,0.0,0.0,0.521363916299633
2023-11-28,风险平价策略,-1.0,0.0,0.0,0.0,0.12280473188660594,0.7207577864522624,0.15643748166113158,0.0,0.0,0.0,0.0,0.0,0.16585367361369355
2023-11-29,风险平价策略,-1.0,0.0,0.0,0.0,0.0,0.8203477287082388,0.17965227129176117,0.0,0.0,0.0,0.0,0.0,0.04925305662438776
2023-11-30,风险平价策略,-1.0,0.0,0.0,0.0,0.0,0.0,1.0,0.0,0.0,0.0,0.0,0.0,0.16
2023-12-01,风险平价策略,0.0,0.0,0.0,0.0,0.11667994016904708,0.7243993899003164,0.15892066993063642,0.0,0.0,0.0,0.0,0.0,0.16021723210545682
2023-12-04,风险平价策略,0.0,0.0,0.0,0.0,0.2512796687273403,0.0,0.3515615595487155,0.0,0.0,0.0,0.0,0.39715877172394415,0.41873397433783915
2023-12-05,风险平价策略,0.0,0.0,0.0,0.0,0.0,0.7256750171781361,0.13580290541857262,0.0,0.0,0.0,0.0,0.13852207740329123,0.07865652196934657
2023-12-06,风险平价策略,0.0,0.0,0.0,0.0,0.0,0.0,0.4965194873580863,0.0,0.0,0.0,0.0,0.5034805126419136,0.22041766151702963
2023-12-07,风险平价策略,0.0,0.0,0.0,0.0,0.0,0.7330014495684142,0.12664435805046395,0.0,0.0,0.0,0.0,0.14035419238112193,0.07788730739399874
2023-12-08,风险平价策略,0.0,0.0,0.0,0.0,0.0,0.0,0.47434758321809706,0.0,0.0,0.0,0.0,0.5256524167819029,0.22307829001382834
2023-12-11,风险平价策略,0.0,0.0,0.0,0.0,0.08993919807680756,0.6709552998139071,0.11638848777685244,0.0,0.0,0.0,0.0,0.12271701433243296,0.15969600262953287
2023-12-12,风险平价策略,0.0,0.0,0.0,0.0,0.10332037444143068,0.7644778387155425,0.1322017868430267,0.0,0.0,0.0,0.0,0.0,0.1435846063042035
2023-12-13,风险平价策略,0.0,0.0,0.0,0.0,0.0,0.863617810160213,0.13638218983978695,0.0,0.0,0.0,0.0,0.0,0.04341159562837124
2023-12-14,风险平价策略,0.0,0.0,0.0,0.0,0.0,0.7405264882238523,0.12266678979413029,0.0,0.0,0.0,0.0,0.1368067219820175,0.07644573072762206
2023-12-15,风险平价策略,0.0,0.0,0.0,0.0,0.0,0.7409634807445815,0.12280117237067194,0.0,0.0,0.0,0.0,0.1362353468847465,0.07631817172565107
2023-12-18,风险平价策略,0.0,0.0,0.0,0.0,0.0,0.73920439789206,0.12399590926719779,0.0,0.0,0.0,0.0,0.13679969284074217,0.07662336942546097
2023-12-19,风险平价策略,0.0,0.0,0.0,0.0,0.0,0.6736995137296301,0.11256321675870219,0.08904074366081034,0.0,0.0,0.0,0.12469652585085733,0.08401414874860282
2023-12-20,风险平价策略,0.0,0.0,0.0,0.0,0.0,0.643360640981897,0.10867285112044325,0.08597491664894043,0.04161842981872978,0.0,0.0,0.12037316142998951,0.08800727713722994
2023-12-21,风险平价策略,0.0,0.0,0.0,0.0,0.0,0.6434417793462159,0.10867839744581244,0.0858606714754765,0.04162589104114277,0.0,0.0,0.12039326069135242,0.08799880998163458
2023-12-22,风险平价策略,0.0,0.0,0.0,0.0,0.0,0.6435531490520376,0.10862322237591697,0.08584347343187838,0.041617150914074925,0.0,0.0,0.12036300422609193,0.08798005689424668
2023-12-25,风险平价策略,0.0,0.0,0.0,0.0,0.0,0.644032271268662,0.10889113801249091,0.08503997222153607,0.041470380836042646,0.0,0.0,0.12056623766126832,0.08793829570644325
2023-12-26,风险平价策略,0.0,0.0,0.0,0.0,0.0,0.6439169301463585,0.10894480909940261,0.08507194052386904,0.041440615827243246,0.0,0.0,0.12062570440312656,0.08796070511688922
2023-12-27,风险平价策略,0.0,0.0,0.0,0.0,0.0,0.6439661700831932,0.10887742936306993,0.08509128625751021,0.04144452638936502,0.0,0.0,0.1206205879068616,0.08795348285148596
2023-12-28,风险平价策略,0.0,0.0,0.0,0.0,0.0,0.6335564869129775,0.1120844971852041,0.08753014895054474,0.04273710509410665,0.0,0.0,0.12409176185716704,0.08978825674054916
2023-12-29,风险平价策略,0.0,0.0,0.0,0.0,0.0,0.6464602445867579,0.10391725900547366,0.08940934699476079,0.041625201291461585,0.0,0.0,0.1185879481215461,0.08737467276828784
2024-01-02,风险平价策略,0.0,0.0,0.0,0.0,0.0,0.6216378634793486,0.10509288036549777,0.09046000442639361,0.04218422214303889,0.02060597614814559,0.0,0.12001905343757556,0.0941999732479307
2024-01-03,风险平价策略,0.0,0.0,0.0,0.0,0.0851031570511641,0.5992736968981458,0.09492741179064051,0.0665405389323638,0.038700510531970364,0.0,0.0,0.11545468479571541,0.16482627012253373
2024-01-04,风险平价策略,0.0,0.0,0.0,0.0,0.0843168069708514,0.592017240432065,0.09217838968849086,0.0640576748249499,0.03834215078108056,0.0180905605461484,0.0,0.11099717675641395,0.16750136280315064
2024-01-05,风险平价策略,0.0,0.0,0.0,0.0,0.08425803020175696,0.5926279855255759,0.092162963775432,0.06377196211297732,0.03839423910440665,0.017840035950302115,0.0,0.11094478332954912,0.1673236894661614
2024-01-08,风险平价策略,0.0,0.0,0.0,0.0,0.0741762501240367,0.602704777181631,0.09376765236927755,0.06393040943069014,0.034539066665450716,0.018467679218125182,0.0,0.11241416501078866,0.1577328243275198
2024-01-09,风险平价策略,0.0,0.0,0.0,0.0,0.08764447881520875,0.7095473314631209,0.0,0.07190049242410204,0.0,0.0,0.0,0.13090769729756827,0.15354139613296222
2024-01-10,风险平价策略,0.0,0.0,0.0,0.0,0.08810244828296256,0.6796957475843968,0.0,0.07606655731621595,0.0,0.022385717424173716,0.0,0.13374952939225085,0.16187878894873287
2024-01-11,风险平价策略,0.0,0.0,0.0,0.0,0.0743157042940169,0.5929794802271406,0.0939611859456844,0.06630240243015288,0.03634003407689495,0.019459605269007283,0.0,0.11664158775710293,0.15984688949097267
2024-01-12,风险平价策略,0.0,0.0,0.0,0.0,0.08943872233731961,0.62566598830896,0.0,0.07823753214501547,0.043567286960511487,0.023336093945783978,0.0,0.1397543763024094,0.17160359139885856
2024-01-15,风险平价策略,0.0,0.0,0.0,0.0,0.09013926251090588,0.6277354490090207,0.0,0.07492198681677714,0.043695034586298205,0.022317140675651707,0.0,0.14119112640134643,0.17192332291507198
2024-01-16,风险平价策略,0.0,0.0,0.0,0.0,0.0980564815145839,0.676851770164381,0.0,0.0,0.0475345945466979,0.024280955589214063,0.0,0.1532761981851231,0.17374589812201505
2024-01-17,风险平价策略,0.0,0.0,0.0,0.0,0.08910673412273012,0.7187065972523242,0.0,0.0,0.04990999603211938,0.0,0.0,0.14227667259282648,0.15539656670548993
2024-01-18,风险平价策略,0.0,0.0,0.0,0.0,0.09314325420895449,0.7549322895856776,0.0,0.0,0.0,0.0,0.0,0.15192445620536787,0.15455540918609945
2024-01-19,风险平价策略,0.0,0.0,0.0,0.0,0.08835071599168402,0.7363457951962326,0.0,0.0,0.0,0.026760383818484498,0.0,0.1485431049935988,0.15691475309171254
2024-01-22,风险平价策略,0.0,0.0,0.0,0.0,0.0,0.9323463626771561,0.0,0.0,0.06765363732284402,0.0,0.0,0.0,0.03480977741181239
2024-01-23,风险平价策略,0.0,0.0,0.0,0.0,0.0,0.9009185518155245,0.0,0.0,0.06675105919313813,0.032330388991337396,0.0,0.0,0.04421636833544956
2024-01-24,风险平价策略,0.0,0.0,0.0,0.0,0.08259319454536448,0.8265250361974414,0.0,0.0,0.06123498136912894,0.029646787888065178,0.0,0.0,0.1231532394072333
2024-01-25,风险平价策略,0.0,0.0,0.0,0.0,0.085276308166244,0.8520108015245994,0.0,0.0,0.06271289030915658,0.0,0.0,0.0,0.1172377695569156
2024-01-26,风险平价策略,0.0,0.0,0.0,0.0,0.0836745334313662,0.8246903482701624,0.0,0.0,0.061548265346230424,0.030086852952240898,0.0,0.0,0.12438279019169653
2024-01-29,风险平价策略,0.0,0.0,0.0,0.0,0.08350728273294289,0.8252874092175303,0.0,0.0,0.06111645936643666,0.030088848683090228,0.0,0.0,0.12415769763426425
2024-01-30,风险平价策略,0.0,0.0,0.0,0.0,0.07085805417391214,0.7223676131111414,0.12790619204095588,0.0,0.053260765792488486,0.02560737488150205,0.0,0.0,0.1266309253750473
2024-01-31,风险平价策略,0.0,0.0,0.0,0.0,0.06988120713771148,0.7236660963516737,0.1282689369215242,0.0,0.05252041616269012,0.025663343426400496,0.0,0.0,0.12563663009805268
2024-02-01,风险平价策略,0.0,0.0,0.0,0.0,0.06185942647632351,0.6594474642975927,0.11493443117052879,0.0,0.0,0.023893869946987438,0.0,0.13986480810856752,0.14354330672448282
2024-02-02,风险平价策略,0.0,0.0,0.0,0.0,0.062396553393951434,0.6654666692719945,0.1080975147963489,0.0,0.0,0.022735022177988975,0.0,0.14130424035971625,0.14316921689084414
2024-02-05,风险平价策略,0.0,0.0,0.0,0.0,0.06937556782306738,0.7368002324126711,0.11879853423328575,0.0,0.050330071502813246,0.02469559402816241,0.0,0.0,0.12326204135520011
2024-02-06,风险平价策略,0.0,0.0,0.0,0.0,0.09800024482345761,0.7963812966231048,0.0,0.0,0.07091047187793763,0.03470798667549996,0.0,0.0,0.14107111319444463
2024-02-07,风险平价策略,0.0,0.0,0.0,0.0,0.07262244773845948,0.5900770025275247,0.11114078478039464,0.0,0.05255148966003577,0.025725724908645057,0.0,0.14788255038494028,0.16372999768726654
2024-02-08,风险平价策略,0.0,0.0,0.0,0.0,0.08379329917554634,0.6541380195682355,0.0,0.0,0.060880658279190925,0.029785474991581004,0.0,0.17140254798544632,0.1680205270054456
2024-02-19,风险平价策略,0.0,0.0,0.0,0.0,0.0878886956231676,0.6838833053037283,0.13318643823653092,0.0,0.06380734964993506,0.0312342111866382,0.0,0.0,0.14713780539381893
2024-02-20,风险平价策略,0.0,0.0,0.0,0.0,0.08815279989512327,0.6848697644905986,0.13353969270388338,0.0,0.06202373864065355,0.031414004269741044,0.0,0.0,0.14723741177523783
2024-02-21,风险平价策略,0.0,0.0,0.0,0.0,0.08032005522324799,0.6239939268522695,0.12170532400169189,0.0891761880240973,0.05657318836656446,0.028231317532128958,0.0,0.0,0.14831240895127823
2024-02-22,风险平价策略,0.0,0.0,0.0,0.0,0.07541728004136593,0.585555983753043,0.11441761666331236,0.0,0.05320130650374255,0.02654662586991915,0.0,0.14486118716861718,0.16646327309254516
2024-02-23,风险平价策略,0.0,0.0,0.0,0.0,0.06994173273339437,0.5425453502303806,0.10607670330625521,0.07542667592824259,0.04863687511201994,0.02462359629186797,0.0,0.13274906639783923,0.16586346534050966
2024-02-26,风险平价策略,0.0,0.0,0.0,0.0,0.05732182050395143,0.5872717896462304,0.10568667683758508,0.07918844251000869,0.0,0.02499717888794747,0.0,0.14553409161427694,0.15033227723686293
2024-02-27,风险平价策略,0.0,0.0,0.0,0.0,0.05471023165179248,0.5593275904796058,0.10075767247487143,0.07558843760150523,0.046917184067993147,0.023857265750973886,0.0,0.13884161797325806,0.15139469839038563
2024-02-28,风险平价策略,0.0,0.0,0.0,0.0,0.055995082271542526,0.5902680856919572,0.10354656452896509,0.07875060475569881,0.0,0.025227450395222218,0.0,0.14621221235661414,0.14893153508571075
2024-02-29,风险平价策略,0.0,0.0,0.0,0.0,0.06077669464819338,0.6407033016336395,0.11241535461842612,0.0,0.0,0.027381853314874922,0.0,0.15872279578486598,0.147985309808505
2024-03-01,风险平价策略,0.0,0.0,0.0,0.0,0.06974796700206264,0.5549376535195404,0.0,0.09782124276260952,0.0,0.03134375475765688,0.06381860164270145,0.1823307803154291,0.16865184540639022
2024-03-04,风险平价策略,0.0,0.0,0.0,0.0,0.0676188663085197,0.5380084409360487,0.12533370573737043,0.0,0.0,0.030387056112397375,0.061870440910433054,0.17678148999523072,0.16838830272288824
2024-03-05,风险平价策略,0.0,0.0,0.0,0.0,0.06210010054943084,0.492404419274681,0.11307673935272643,0.08724268483079602,0.0,0.027059524207754614,0.056291751767440446,0.16182478001717068,0.167749232781718
2024-03-06,风险平价策略,0.0,0.0,0.0,0.0,0.06211392783760608,0.49241001538035123,0.11312540766460406,0.08723719872871394,0.0,0.02705334178851567,0.05621400382856379,0.1618461047716453,0.16776399445114473
2024-03-07,风险平价策略,0.0,0.0,0.0,0.0,0.062395967231750935,0.49007345271845726,0.1137085540660472,0.08762235019310502,0.0,0.027183701939150113,0.05648835575330697,0.1625276180981826,0.1684107521671258
2024-03-08,风险平价策略,0.0,0.0,0.0,0.0,0.0625572435519958,0.4887818846455915,0.11402003881324646,0.08784177052765983,0.0,0.027247436456992614,0.05663579948979177,0.16291582651472203,0.16877294518671332
2024-03-11,风险平价策略,0.0,0.0,0.0,0.0,0.06157870722192696,0.48878223314156033,0.10527779761954704,0.09098004426930309,0.0,0.02683420296670069,0.05623984342719312,0.17030717135376863,0.16878365032661655
2024-03-12,风险平价策略,0.0,0.0,0.0,0.0,0.05419494846277814,0.47046443047531405,0.1152965935053629,0.09829101169018485,0.0,0.02903213362643064,0.06101822886219601,0.1717026533777334,0.16542997151425728
2024-03-13,风险平价策略,0.0,0.0,0.0,0.0,0.05415318627717214,0.4715094667880975,0.1155701133924349,0.09853807787913291,0.0,0.02910000352414066,0.06094284538100791,0.17018630675801405,0.1650849704698254
2024-03-14,风险平价策略,0.0,0.0,0.0,0.0,0.05253934140562771,0.43806890110185237,0.11229268887716022,0.09281731362055835,0.05187138202216056,0.028195553141543806,0.059131633688037616,0.1650831861430594,0.16805978078137182
2024-03-15,风险平价策略,0.0,0.0,0.0,0.0,0.052529915436329996,0.43803778432539875,0.11232717816243386,0.0928166131931116,0.05187767878593161,0.028195845478540857,0.05913195407247054,0.16508303054578294,0.16805614519033407
2024-03-18,风险平价策略,0.0,0.0,0.0,0.0,0.058608455233476235,0.4834565620488883,0.11580521805600756,0.1019831021763305,0.0,0.028586055734908956,0.061157960353260814,0.15040264639712783,0.1647518141941631
2024-03-19,风险平价策略,0.0,0.0,0.0,0.0,0.0,0.4842317808499408,0.11603915450633534,0.10129686381292628,0.057836237486549646,0.028635918931520652,0.061255116725072334,0.15070492768765487,0.11603575680993321
2024-03-20,风险平价策略,0.0,0.0,0.0,0.0,0.0,0.47252918861226834,0.11528160427781531,0.10501742018544312,0.0580086547376911,0.029698875663049386,0.06351819566767865,0.15594606085605411,0.11834844762350473
2024-03-21,风险平价策略,0.0,0.0,0.0,0.0,0.0,0.5014592017817213,0.12262727772868633,0.11174528969239893,0.0,0.031288441722266885,0.0675291204340732,0.16535066864085315,0.1151253650589105
2024-03-22,风险平价策略,0.0,0.0,0.0,0.0,0.0,0.4931204643933306,0.10892577112928514,0.1281965955364049,0.0,0.03783025598846553,0.06343589080690298,0.1684910221456108,0.11779742419832107
2024-03-25,风险平价策略,0.0,0.0,0.0,0.0,0.1323723187072666,0.0,0.1879134404790919,0.22081779151895645,0.0,0.06520927216980406,0.10311408258551788,0.29057309453936303,0.3134015801284306
2024-03-26,风险平价策略,0.0,0.0,0.0,0.0,0.1326585851588966,0.0,0.18594639316854497,0.22137463838073815,0.0,0.06537144014449721,0.10336339556694904,0.291285547580374,0.3137460057992291
2024-03-27,风险平价策略,0.0,0.0,0.0,0.0,0.13099184447447046,0.0,0.18790939223663444,0.2179885637626244,0.0,0.06450762863342596,0.10435177550054774,0.29425079539229704,0.3125339121219626
2024-03-28,风险平价策略,0.0,0.0,0.0,0.0,0.0,0.0,0.21674702717280472,0.25134240675156977,0.0,0.074389293524373,0.11809958281333421,0.3394216897379182,0.20908990224804982
2024-03-29,风险平价策略,-1.0,0.0,0.0,0.0,0.06605710083383363,0.4301273700321793,0.09484256796775274,0.10997311125310827,0.06626134934815228,0.03255004322790054,0.05167510124128521,0.148513356095788,0.17956273985027765
2024-04-01,风险平价策略,-1.0,0.0,0.0,0.0,0.11596470445207929,0.0,0.16703211043883326,0.1926160483916386,0.11613632517967735,0.0569160628856455,0.0907760040473936,0.26055874460473244,0.29622205428439274
2024-04-02,风险平价策略,-1.0,0.0,0.0,0.0,0.11607962784850576,0.0,0.16729354655784007,0.19285672130224063,0.1162574363756421,0.05699891155174212,0.08955826173719177,0.2609554946268375,0.2964171991078847
2024-04-03,风险平价策略,-1.0,0.0,0.0,0.0,0.11615275965774403,0.0,0.16746688253524647,0.19302150676023158,0.11622597598906749,0.05705498910673254,0.08887846035210946,0.2611994255988684,0.2965369533907738
2024-04-08,风险平价策略,-1.0,0.0,0.0,0.0,0.11628617065691464,0.0,0.16766751797305002,0.19329518603129245,0.11522164308551087,0.05713765840410242,0.0889712519381285,0.26142057191100115,0.2966759561984961
2024-04-09,风险平价策略,-1.0,0.0,0.0,0.0,0.06727254995184596,0.4121941199594948,0.09898289715162834,0.11415461507631795,0.06685887812312678,0.033769757272418176,0.05249171311797626,0.15427546934719188,0.18387279063796075
2024-04-10,风险平价策略,-1.0,0.0,0.0,0.0,0.06783117725110036,0.4081505237131173,0.09994503382391122,0.11510128127329221,0.06736557431397973,0.03360527926586438,0.05238397823041155,0.15561715212832336,0.18503090752381804
2024-04-11,风险平价策略,-1.0,0.0,0.0,0.0,0.0706200885719301,0.4255408869132817,0.0940000290316219,0.11593050838255942,0.06690275274012326,0.0352847017902167,0.05066464542882404,0.14105638714144297,0.1835942615750726
2024-04-12,风险平价策略,-1.0,0.0,0.0,0.0,0.07030361052442043,0.4259012049032252,0.0941024780755323,0.11610555386533905,0.0663229754588561,0.035353907110043346,0.0507221882075992,0.14118808185498435,0.1832991292471434
2024-04-15,风险平价策略,-1.0,0.0,0.0,0.0,0.07240979859681082,0.4367768740362868,0.09778854150539656,0.11609365210740276,0.06815366359569877,0.035033962097254394,0.05251902610568779,0.1212244819554622,0.1811176904494249
2024-04-16,风险平价策略,-1.0,0.0,0.0,0.0,0.07414392238448787,0.4534399576193959,0.09801867342108084,0.08315847179465245,0.07162890674161744,0.03699582917151789,0.05496891570735744,0.1276453231598902,0.18137049356717652
2024-04-17,风险平价策略,-1.0,0.0,0.0,0.0,0.07827418074368482,0.4800798678767649,0.10424311524518454,0.08781604214033288,0.07585508163706065,0.038236189363979003,0.0,0.1354955229929933,0.18407533353509845
2024-04-18,风险平价策略,-1.0,0.0,0.0,0.0,0.08651720453203093,0.5251470115170503,0.11548011531212139,0.09670804103735359,0.0,0.03670426798124716,0.0,0.13944335962019655,0.18438549128352733
2024-04-19,风险平价策略,-1.0,0.0,0.0,0.0,0.08688385769563388,0.5245054389623145,0.11606258040696678,0.09566325144143706,0.0,0.03685116316253807,0.0,0.14003370833110967,0.18487443731015926
2024-04-22,风险平价策略,-1.0,0.0,0.0,0.0,0.0641753068918091,0.5237903859785763,0.11911486985232163,0.0960996072618153,0.07344122924387456,0.030571971550337546,0.0,0.0928066292212657,0.1599582789290565
2024-04-23,风险平价策略,-1.0,0.0,0.0,0.0,0.05900498403386573,0.597863375701101,0.08131210532579246,0.08001110822710025,0.08093701321101326,0.03628012522428273,0.0,0.0645912882768445,0.14321777563001528
2024-04-24,风险平价策略,-1.0,0.0,0.0,0.0,0.05946095647026776,0.5261285416414013,0.0835229214768009,0.08160849890024179,0.08280199927778965,0.037010444961278297,0.06361701845623215,0.06584961881598805,0.15166298520424976
2024-04-25,风险平价策略,-1.0,0.0,0.0,0.0,0.06505685224690723,0.5739050959805424,0.09140992964850875,0.08922931312370429,0.0,0.04054511199539785,0.06826949860096551,0.07158419840397393,0.1501998046997404
2024-04-26,风险平价策略,-1.0,0.0,0.0,0.0,0.06465195310490945,0.5515022912300872,0.09743696799338086,0.09463062313727731,0.0,0.043051601516818416,0.07257942974248084,0.07614713327504599,0.15370336063548423
2024-04-29,风险平价策略,-1.0,0.0,0.0,0.0,0.14759387393170423,0.0,0.22138772927212094,0.2071663516474541,0.0,0.09460117621969837,0.1634229167566123,0.16582795217241006,0.3141117090557741
2024-04-30,风险平价策略,-1.0,0.0,0.0,0.0,0.07324992738734461,0.5046939807443256,0.10986311740368307,0.10276948450928391,0.0,0.04678605533817115,0.08106864947840037,0.08156878513879133,0.16823821519129586
2024-05-06,风险平价策略,-1.0,0.0,0.0,0.0,0.07945173195535471,0.5369189026251728,0.101888139699219,0.11110013715062007,0.0,0.0,0.08749009786711054,0.08315099070252283,0.16160881893638904
2024-05-07,风险平价策略,-1.0,0.0,0.0,0.0,0.08012134302611666,0.540435075775294,0.09787698310522154,0.10933904229090406,0.0,0.0,0.08810266776930432,0.08412488803315935,0.16179509944317327
2024-05-08,风险平价策略,-1.0,0.0,0.0,0.0,0.08221213090380676,0.5500559631447325,0.09025169587768869,0.10161053599815574,0.0,0.0,0.0899715017966894,0.08589817227892699,0.16240927055422935
2024-05-09,风险平价策略,-1.0,0.0,0.0,0.0,0.0930655406137235,0.5912971050399936,0.10197484359176175,0.11468212531858304,0.0,0.0,0.09898038543593808,0.0,0.15538053337205046
2024-05-10,风险平价策略,-1.0,0.0,0.0,0.0,0.08512392892229319,0.5414810927971497,0.09329946338119705,0.10487932689493262,0.0,0.0,0.0872405157575193,0.08797567224690811,0.16634401796401446
2024-05-13,风险平价策略,-1.0,0.0,0.0,0.0,0.09439936517929547,0.5955964515151364,0.10402050104063612,0.10971891900552923,0.0,0.0,0.09626476325940275,0.0,0.1560020028982827
2024-05-14,风险平价策略,-1.0,0.0,0.0,0.0,0.09342460966428145,0.5979707185626458,0.10458827706291751,0.10968072498561028,0.0,0.0,0.09433566972454495,0.0,0.15492055502030289
2024-05-15,风险平价策略,-1.0,0.0,0.0,0.0,0.1049933797827955,0.6726805507480732,0.11569280429934142,0.0,0.0,0.0,0.10663326516979,0.0,0.15418356671146466
2024-05-16,风险平价策略,-1.0,0.0,0.0,0.0,0.23397807104987897,0.0,0.2575173196204214,0.2739151491145083,0.0,0.0,0.23458946021519136,0.0,0.3495038958754426
2024-05-17,风险平价策略,-1.0,0.0,0.0,0.0,0.23399757469289895,0.0,0.2575261312812017,0.2738898274026533,0.0,0.0,0.23458646662324611,0.0,0.34952036874333775
2024-05-20,风险平价策略,-1.0,0.0,0.0,0.0,0.19045855063211817,0.0,0.2096453058883549,0.22211115483785812,0.0,0.0,0.19038422770767643,0.18740076093399236,0.33676174701182804
2024-05-21,风险平价策略,-1.0,0.0,0.0,0.0,0.19685012157956755,0.0,0.20358498286435525,0.22939596712328908,0.0,0.0,0.19422394413866603,0.17594498429412206,0.3406407819179714
2024-05-22,风险平价策略,-1.0,0.0,0.0,0.0,0.1980317768820515,0.0,0.19460336634922445,0.23265975894534435,0.0,0.0,0.19616175075826,0.1785433470651197,0.3418870417059898
2024-05-23,风险平价策略,-1.0,0.0,0.0,0.0,0.2718337451964503,0.0,0.18014874548890727,0.23028602514051064,0.0,0.0,0.31773148417413183,0.0,0.37880840143979433
2024-05-24,风险平价策略,-1.0,0.0,0.0,0.0,0.2301791492683862,0.0,0.1524359428651603,0.1946700023236669,0.0,0.0,0.2560906202528631,0.16662428528992357,0.36566268101264937
2024-05-27,风险平价策略,-1.0,0.0,0.0,0.0,0.23035383855646882,0.0,0.15184027885173582,0.19488977879387692,0.0,0.0,0.2561539016668823,0.16676220213103615,0.36582407159315167
2024-05-28,风险平价策略,-1.0,0.0,0.0,0.0,0.07812973369825792,0.5558826744858093,0.052574749345382955,0.06747535519872269,0.10229571401230853,0.0,0.08583259766071362,0.05780917559880498,0.15596989553311066
2024-05-29,风险平价策略,-1.0,0.0,0.0,0.0,0.07836753323827017,0.558576781674223,0.05268087399741483,0.06760930604770996,0.10270305007435519,0.0,0.08206588025708857,0.057996574710938366,0.15594550545247035
2024-05-30,风险平价策略,-1.0,0.0,0.0,0.0,0.07437073091881406,0.5697412011644138,0.043379125016965454,0.0718170903478781,0.10692301158007493,0.0,0.07777489422630765,0.05599394674554596,0.15101160871308497
2024-05-31,风险平价策略,-1.0,0.0,0.0,0.0,0.07721912953926793,0.5600390336036768,0.04417184288458993,0.07382409250464948,0.10593274356252695,0.0,0.08070154468801176,0.05811161321727717,0.15487047395754688
2024-06-03,风险平价策略,-1.0,0.0,0.0,0.0,0.07471086511863013,0.651914298511621,0.04752430314676927,0.06829701006014259,0.09538325218886907,0.0,0.0,0.062170270973967975,0.14316296143934534
2024-06-04,风险平价策略,-1.0,0.0,0.0,0.0,0.08284862979598208,0.719804431798723,0.052716538073901906,0.07560359192283621,0.0,0.0,0.0,0.06902680840855678,0.14070246774482414
2024-06-05,风险平价策略,-1.0,0.0,0.0,0.0,0.06884839653804875,0.6668562100792164,0.04395312853007787,0.06476508697204619,0.0921689765354286,0.0,0.0,0.06340820134518232,0.13633773865804294
2024-06-06,风险平价策略,-1.0,0.0,0.0,0.0,0.06884586603021173,0.6668554700837007,0.043951808909453806,0.06476984661880661,0.09216688447151174,0.0,0.0,0.06341012388631545,0.13633592271515124
2024-06-07,风险平价策略,-1.0,0.0,0.0,0.0,0.06885739754456685,0.6669191086881779,0.043962440482142554,0.06465696292984488,0.09218319245818735,0.0,0.0,0.06342089789708048,0.13633847393676368
2024-06-11,风险平价策略,-1.0,0.0,0.0,0.0,0.0,0.8156074827903189,0.0,0.07006225757554176,0.11433025963413924,0.0,0.0,0.0,0.05103629241964833
2024-06-12,风险平价策略,-1.0,0.0,0.0,0.0,0.0,0.8147632447284903,0.0,0.06997635455222181,0.11526040071928782,0.0,0.0,0.0,0.05115956596884668
2024-06-13,风险平价策略,-1.0,0.0,0.0,0.0,0.0,0.819324574607199,0.0,0.06717503058844441,0.11350039480435666,0.0,0.0,0.0,0.050526186376071716
2024-06-14,风险平价策略,-1.0,0.0,0.0,0.0,0.0,0.8785947734597073,0.0,0.0,0.12140522654029269,0.0,0.0,0.0,0.042603757848342444
2024-06-17,风险平价策略,-1.0,0.0,0.0,0.0,0.0,0.8962441935270052,0.0,0.0,0.1037558064729947,0.0,0.0,0.0,0.040044591938584236
2024-06-18,风险平价策略,-1.0,0.0,0.0,0.0,0.0,1.0,0.0,0.0,0.0,0.0,0.0,0.0,0.025
2024-06-19,风险平价策略,-1.0,0.0,0.0,0.0,0.0,0.8508956756991578,0.0,0.0,0.09855201399287458,0.050552310307967634,0.0,0.0,0.054202973569817264
2024-06-20,风险平价策略,-1.0,0.0,0.0,0.0,0.0,0.8508964808714737,0.0,0.0,0.09855803427423075,0.050545484854295525,0.0,0.0,0.054201833001780636
2024-06-21,风险平价策略,-1.0,0.0,0.0,0.0,0.0,0.7929893189283143,0.0,0.0,0.09412175006917665,0.049720998704712596,0.0,0.06316793229779653,0.06942317111385896
2024-06-24,风险平价策略,-1.0,0.0,0.0,0.0,0.0,0.8460533796198326,0.0,0.0,0.1007554417049081,0.05319117867525929,0.0,0.0,0.05530093675641317
2024-06-25,风险平价策略,-1.0,0.0,0.0,0.0,0.0,0.8460464192360981,0.0,0.0,0.10076380880523228,0.0531897719586695,0.0,0.0,0.055301735004566185
2024-06-26,风险平价策略,-1.0,0.0,0.0,0.0,0.0,0.8469247607036379,0.0,0.0,0.09981015689161965,0.05326508240474249,0.0,0.0,0.05518567205868388
2024-06-27,风险平价策略,-1.0,0.0,0.0,0.0,0.0,0.8475406284358712,0.0,0.0,0.09947613201944137,0.052983239544687366,0.0,0.0,0.05505409480850177
2024-06-28,风险平价策略,-1.0,0.0,0.0,0.0,0.0,0.9411623470514147,0.0,0.0,0.0,0.05883765294858534,0.0,0.0,0.042357107619832676
2024-07-01,风险平价策略,-1.0,0.0,0.0,0.0,0.0,0.9289581132220704,0.0,0.0,0.0,0.07104188677792964,0.0,0.0,0.04595735659948924
2024-07-02,风险平价策略,-1.0,0.0,0.0,0.0,0.06624823702565392,0.7145604917635531,0.0,0.0,0.10070107153122017,0.05464590543528465,0.0,0.06384429424428811,0.13659452360774194
2024-07-03,风险平价策略,-1.0,0.0,0.0,0.0,0.0,0.821324639276806,0.0,0.0,0.11586143783692977,0.06281392288626417,0.0,0.0,0.06033001573780275
2024-07-04,风险平价策略,-1.0,0.0,0.0,0.0,0.06746032124470337,0.7145308066279011,0.0,0.0,0.09215807835976365,0.05747484660554373,0.0,0.06837594716208815,0.1385276808507194
2024-07-05,风险平价策略,-1.0,0.0,0.0,0.0,0.0,0.8230417133307649,0.0,0.0,0.10675747322388202,0.07020081344535313,0.0,0.0,0.06118907358384207
2024-07-08,风险平价策略,-1.0,0.0,0.0,0.0,0.0,0.8070458827182657,0.0,0.0,0.11802337890657769,0.0749307383751565,0.0,0.0,0.06421795776212494
2024-07-09,风险平价策略,-1.0,0.0,0.0,0.0,0.0777148795829135,0.7136847521594428,0.05998710879574019,0.0,0.0,0.0656892058042975,0.0,0.08292405365760604,0.1493942166757229
2024-07-10,风险平价策略,-1.0,0.0,0.0,0.0,0.0,0.8338107017435109,0.0,0.0,0.0,0.06637157127820281,0.0,0.0998177269782862,0.07003313390653282
2024-07-11,风险平价策略,-1.0,0.0,0.0,0.0,0.0,0.8338652005540583,0.0,0.0,0.0,0.0663630358812934,0.0,0.09977176356464831,0.07001889529396688
2024-07-12,风险平价策略,-1.0,0.0,0.0,0.0,0.0,0.8338735964805699,0.0,0.0,0.0,0.06588196529173058,0.0,0.10024443822769954,0.06999751150912391
2024-07-15,风险平价策略,-1.0,0.0,0.0,0.0,0.06695129766284526,0.7333814020356585,0.05564771155014459,0.0,0.0,0.05644716376522107,0.0,0.0875724249861305,0.13677283796274714
2024-07-16,风险平价策略,-1.0,0.0,0.0,0.0,0.06624670556375258,0.7354962361055912,0.055434039180195335,0.0,0.0,0.05486732237783266,0.0,0.08795569677262811,0.13568869599246594
2024-07-17,风险平价策略,-1.0,0.0,0.0,0.0,0.0,0.8926692835538875,0.0,0.0,0.0,0.0,0.0,0.10733071644611246,0.05236933269375868
2024-07-18,风险平价策略,-1.0,0.0,0.0,0.0,0.07036866165627485,0.7764731659930809,0.0,0.0,0.0,0.05768545931267625,0.0,0.09547271303796787,0.1349721974367893
2024-07-19,风险平价策略,-1.0,0.0,0.0,0.0,0.0,0.9150294221147939,0.0,0.0,0.0,0.0,0.0,0.08497057788520604,0.04666749736072754
2024-07-22,风险平价策略,-1.0,0.0,0.0,0.0,0.0,0.9144144848567003,0.0,0.0,0.0,0.0,0.0,0.08558551514329976,0.046824306361541446
2024-07-23,风险平价策略,-1.0,0.0,0.0,0.0,0.0,0.915809842014931,0.0,0.0,0.0,0.0,0.0,0.084190157985069,0.0464684902861926
2024-07-24,风险平价策略,-1.0,0.0,0.0,0.0,0.0,0.915738392346971,0.0,0.0,0.0,0.0,0.0,0.084261607653029,0.0464867099515224
2024-07-25,风险平价策略,-1.0,0.0,0.0,0.0,0.0,0.9301259914280341,0.0,0.0,0.0,0.0,0.0,0.06987400857196592,0.04281787218585131
2024-07-26,风险平价策略,-1.0,0.0,0.0,0.0,0.0,0.9301132002272029,0.0,0.0,0.0,0.0,0.0,0.06988679977279703,0.042821133942063244
2024-07-29,风险平价策略,-1.0,0.0,0.0,0.0,0.0,0.930180703511022,0.0,0.0,0.0,0.0,0.0,0.06981929648897801,0.0428039206046894
2024-07-30,风险平价策略,-1.0,0.0,0.0,0.0,0.0,0.929256526712662,0.0,0.0,0.0,0.0,0.0,0.07074347328733807,0.04303958568827121
2024-07-31,风险平价策略,-1.0,0.0,0.0,0.0,0.0,0.9292564938867788,0.0,0.0,0.0,0.0,0.0,0.07074350611322122,0.043039594058871415
2024-08-01,风险平价策略,-1.0,0.0,0.0,0.0,0.0,0.9292731568360562,0.0,0.0,0.0,0.0,0.0,0.07072684316394384,0.043035345006805684
2024-08-02,风险平价策略,-1.0,0.0,0.0,0.0,0.0,0.9289141609868281,0.0,0.0,0.0,0.0,0.0,0.07108583901317189,0.04312688894835884
2024-08-05,风险平价策略,-1.0,0.0,0.0,0.0,0.0,1.0,0.0,0.0,0.0,0.0,0.0,0.0,0.025
2024-08-06,风险平价策略,-1.0,0.0,0.0,0.0,0.0,1.0,0.0,0.0,0.0,0.0,0.0,0.0,0.025
2024-08-07,风险平价策略,-1.0,0.0,0.0,0.0,0.0,1.0,0.0,0.0,0.0,0.0,0.0,0.0,0.025
2024-08-08,风险平价策略,-1.0,0.0,0.0,0.0,0.0,1.0,0.0,0.0,0.0,0.0,0.0,0.0,0.025
2024-08-09,风险平价策略,-1.0,0.0,0.0,0.0,0.0,1.0,0.0,0.0,0.0,0.0,0.0,0.0,0.025
2024-08-12,风险平价策略,-1.0,0.0,0.0,0.0,0.08250611495299894,0.5587805559362886,0.045159469704184434,0.0694635990221609,0.07231026205109921,0.03795896451396912,0.07061598765570153,0.06320504616359719,0.1661324243618268
2024-08-13,风险平价策略,-1.0,0.0,0.0,0.0,0.0,1.0,0.0,0.0,0.0,0.0,0.0,0.0,0.025
2024-08-14,风险平价策略,-1.0,0.0,0.0,0.0,0.0,1.0,0.0,0.0,0.0,0.0,0.0,0.0,0.025
2024-08-15,风险平价策略,-1.0,0.0,0.0,0.0,0.0,1.0,0.0,0.0,0.0,0.0,0.0,0.0,0.025
2024-08-16,风险平价策略,-1.0,0.0,0.0,0.0,0.0,0.8969395975340404,0.0,0.0,0.0,0.0,0.0,0.10306040246595968,0.05128040262881973
2024-08-19,风险平价策略,-1.0,0.0,0.0,0.0,0.10900576066389243,0.7191481914123996,0.0,0.08877238557059303,0.0,0.0,0.0,0.08307366235311495,0.1644486725993695
2024-08-20,风险平价策略,-1.0,0.0,0.0,0.0,0.38028974462599746,0.0,0.0,0.3202251965176493,0.0,0.0,0.0,0.2994850588563532,0.5153815925486003
2024-08-21,风险平价策略,-1.0,0.0,0.0,0.0,0.0,0.0,0.0,0.5168566094985899,0.0,0.0,0.0,0.48314339050141003,0.2179772068601692
2024-08-22,风险平价策略,-1.0,0.0,0.0,0.0,0.10000989989697343,0.6683575486961754,0.05989968420625805,0.08935633509438408,0.0,0.0,0.0,0.082376532106209,0.16366523069221908
2024-08-23,风险平价策略,-1.0,0.0,0.0,0.0,0.10641906096214748,0.711896593046574,0.0,0.09444839167323987,0.0,0.0,0.0,0.08723595431803871,0.16375428566508105
2024-08-26,风险平价策略,-1.0,0.0,0.0,0.0,0.1000869687177138,0.6695380423330461,0.05950674400959182,0.08882532810741534,0.0,0.0,0.0,0.08204291683223273,0.16353056802778626
2024-08-27,风险平价策略,-1.0,0.0,0.0,0.0,0.3038709584032201,0.0,0.17966302871200215,0.26789156851704277,0.0,0.0,0.0,0.24857444436773513,0.4450805383828331
2024-08-28,风险平价策略,-1.0,0.0,0.0,0.0,0.2981973497982798,0.0,0.17881699213358754,0.2721366410898019,0.0,0.0,0.0,0.2508490169783308,0.44058765586795473
2024-08-29,风险平价策略,-1.0,0.0,0.0,0.0,0.0,0.0,0.0,0.5002056564083956,0.0,0.0,0.0,0.4997943435916042,0.2199753212309925
2024-08-30,风险平价策略,-1.0,0.0,0.0,0.0,0.0,0.0,0.2581219201212868,0.37187235492213006,0.0,0.0,0.0,0.3700057249565832,0.20440068699479
2024-09-02,风险平价策略,-1.0,0.0,0.0,0.0,0.0,0.0,0.2684678323299194,0.3460091051735622,0.0,0.0,0.0,0.3855230624965184,0.20626276749958222
2024-09-03,风险平价策略,-1.0,0.0,0.0,0.0,0.0,0.0,0.2263392910384524,0.29646416213793275,0.0,0.14431215184494098,0.0,0.3328843949786738,0.2230360716926314
2024-09-04,风险平价策略,-1.0,0.0,0.0,0.0,0.0,0.0,0.2549984897821577,0.3512058252979975,0.0,0.0,0.0,0.39379568491984474,0.20725548219038137
2024-09-05,风险平价策略,-1.0,0.0,0.0,0.0,0.0,0.0,0.18733115448512813,0.25255319375151764,0.0,0.0,0.26899724467452535,0.2911184070888289,0.18686429151042372
2024-09-06,风险平价策略,-1.0,0.0,0.0,0.0,0.0,0.6977765888270338,0.05662670075760975,0.07634957919235491,0.0,0.0,0.08126944442466527,0.08797768679833624,0.07391939959141082
2024-09-09,风险平价策略,-1.0,0.0,0.0,0.0,0.0,0.7077669058662879,0.055426683037002954,0.07617651938079832,0.0,0.0,0.07659339106117515,0.08403650065473563,0.07223804605478415
2024-09-10,风险平价策略,-1.0,0.0,0.0,0.0,0.0,0.7106716359453618,0.05591901933716588,0.07723507667209312,0.0,0.0,0.07140346827292857,0.08477079977245065,0.07208972107188238
2024-09-11,风险平价策略,-1.0,0.0,0.0,0.0,0.0,0.7099098993688386,0.05613833489065713,0.07759237479117118,0.0,0.0,0.07140476352520204,0.08495462742413105,0.07221457597034646
2024-09-12,风险平价策略,-1.0,0.0,0.0,0.0,0.0,0.7089887178019417,0.056447092865639016,0.07800291606448986,0.0,0.0,0.07139939335890845,0.08516187990902098,0.07236396688505314
2024-09-13,风险平价策略,-1.0,0.0,0.0,0.0,0.0,0.708982612241161,0.056449082546731505,0.0780061451592476,0.0,0.0,0.07139895144125294,0.0851632086116071,0.07236496383759855
2024-09-18,风险平价策略,-1.0,0.0,0.0,0.0,0.0,0.7088639478311451,0.056500190777383545,0.07811952729561414,0.0,0.0,0.07151314168006208,0.08500319241579513,0.07235835588228896
2024-09-19,风险平价策略,-1.0,0.0,0.0,0.0,0.0,0.7063097490791229,0.058502855616038386,0.0809840636763453,0.0,0.0,0.06710597885194249,0.08709735277655091,0.07308668684194625
2024-09-20,风险平价策略,-1.0,0.0,0.0,0.0,0.0,0.7064525362100277,0.05854349006790903,0.08072675129895003,0.0,0.0,0.06713519207569138,0.08714203034742192,0.07307189549106616
2024-09-23,风险平价策略,-1.0,0.0,0.0,0.0,0.0,0.7670874102281275,0.06296830304191749,0.0,0.0,0.0,0.07331348538235838,0.09663080134759659,0.06583949121944363
2024-09-24,风险平价策略,1.0,0.3,0.15,0.15,0.0,0.4879642637867561,0.042607760895571216,0.05490120452020416,0.0,0.0,0.04968391089730944,0.06484285990015895,0.0944154502498877
2024-09-25,风险平价策略,1.0,0.3,0.15,0.15,0.052128799098036506,0.45262940322459927,0.03949407975897885,0.05092528444848856,0.0,0.0,0.044707557074080216,0.060114876395816474,0.1425557802623053
2024-09-26,风险平价策略,1.0,0.3,0.15,0.15,0.05689126399028806,0.43009020166414164,0.04312528958785717,0.055461960726511175,0.0,0.0,0.048940360415566334,0.06549092361563554,0.1501171845485921
2024-09-27,风险平价策略,1.0,0.3,0.15,0.15,0.1497674822117216,0.0,0.11342772527541971,0.14492195135620164,0.0,0.0,0.12202683690164152,0.16985600425501554,0.2965266004613988
2024-09-30,风险平价策略,1.0,0.3,0.15,0.15,0.15033884828986557,0.0,0.11395431570130454,0.14542640990875916,0.0,0.0,0.1226787848082138,0.16760164129185684,0.2967164659742635
2024-10-08,风险平价策略,1.0,0.3,0.15,0.15,0.14549147940770152,0.0,0.09738093338329121,0.141958708369297,0.0,0.06006166173821515,0.09322839502828274,0.16187882207321225,0.30245131537852066
2024-10-09,风险平价策略,1.0,0.3,0.15,0.15,0.06972567680314137,0.0,0.10950827213953095,0.1453817493681211,0.07605015605202241,0.05526213852871379,0.09908236896574475,0.14498963814272556,0.23659829774790792
2024-10-10,风险平价策略,1.0,0.3,0.15,0.15,0.08149964455816121,0.0,0.12587536667823165,0.17019533809070836,0.08866498415176098,0.06405744339379395,0.0,0.16970722312734382,0.2539604089886613
2024-10-11,风险平价策略,1.0,0.3,0.15,0.15,0.07915125152014423,0.0,0.12641709833635867,0.17078233697350256,0.08895655381348223,0.06431240243699822,0.0,0.1703803569195141,0.2521122440353174
2024-10-14,风险平价策略,1.0,0.3,0.15,0.15,0.07923272781954815,0.0,0.12654107832351905,0.1709954759525837,0.0885273069423704,0.06414529801510446,0.0,0.17055811294687423,0.2521709856738858
2024-10-15,风险平价策略,1.0,0.3,0.15,0.15,0.07791879144982225,0.0,0.12333418883942314,0.16361869309125673,0.08442925190826568,0.060813206008474674,0.0,0.18988586870275742,0.25281249454262017
2024-10-16,风险平价策略,1.0,0.3,0.15,0.15,0.07812105582912511,0.0,0.12364742972881071,0.16412616045771053,0.08321324768938117,0.06053252579552394,0.0,0.19035958049944848,0.25298217316057653
2024-10-17,风险平价策略,1.0,0.3,0.15,0.15,0.0779588980589725,0.0,0.12226211419387878,0.15772400379468487,0.08080971896893525,0.06237024729664249,0.0,0.19887501768688606,0.2541378132491154
2024-10-18,风险平价策略,1.0,0.3,0.15,0.15,0.07794704887213755,0.0,0.12225296808189022,0.1577079645054442,0.0808162116901408,0.062376817491109536,0.0,0.1988989893592776,0.25413185269118777
2024-10-21,风险平价策略,0.0,0.0,0.0,0.0,0.11040833374783694,0.0,0.17538363424448986,0.22638496283223292,0.11491303214073004,0.08754095049715162,0.0,0.28536908653755866,0.30214297313364163
2024-10-22,风险平价策略,0.0,0.0,0.0,0.0,0.11120662176347719,0.0,0.1728751155952367,0.22350810290152962,0.11597524673686156,0.08833617529801392,0.0,0.2880987377048811,0.30327895132095745
2024-10-23,风险平价策略,0.0,0.0,0.0,0.0,0.11125072131216246,0.0,0.17101437731664382,0.2240926264183212,0.11621618842414455,0.08854550896105623,0.0,0.28888057756767177,0.30344571852834756
2024-10-24,风险平价策略,0.0,0.0,0.0,0.0,0.11188424594764701,0.0,0.17403839504011437,0.22787920838067252,0.11672340237470795,0.08976716848572056,0.0,0.2797075797711376,0.3030776571500224
2024-10-25,风险平价策略,0.0,0.0,0.0,0.0,0.1149489555924259,0.0,0.17357090274255219,0.21057493086486248,0.12139567801660511,0.08997077017822801,0.0,0.28953876260532624,0.3069110542189594
2024-10-28,风险平价策略,0.0,0.0,0.0,0.0,0.11537996007817865,0.0,0.1741232304660183,0.21132149212228998,0.12089351958124865,0.08787090963190011,0.0,0.29041088812036436,0.3070367537770303
2024-10-29,风险平价策略,0.0,0.0,0.0,0.0,0.18119165020975742,0.0,0.0,0.3383345555775505,0.0,0.0,0.0,0.48047379421269215,0.3698578414817193
2024-10-30,风险平价策略,0.0,0.0,0.0,0.0,0.18077851898524555,0.0,0.0,0.3384791416047936,0.0,0.0,0.0,0.48074233940996086,0.3695430366768016
2024-10-31,风险平价策略,0.0,0.0,0.0,0.0,0.1387145015290134,0.0,0.0,0.253297675633588,0.14090703171518765,0.10579140775952738,0.0,0.3612893833626836,0.33821060284656956
2024-11-01,风险平价策略,0.0,0.0,0.0,0.0,0.057037519200420654,0.6538426773692956,0.0,0.10413765542331418,0.0,0.04344823450028519,0.0,0.14153391350668437,0.1435785418243462
2024-11-04,风险平价策略,0.0,0.0,0.0,0.0,0.0,0.7281353038682127,0.0,0.1166726090744467,0.0,0.0,0.0,0.15519208705734058,0.08032478442467215
2024-11-05,风险平价策略,0.0,0.0,0.0,0.0,0.0,0.6624302478075584,0.09038209568644467,0.10616389413150863,0.0,0.0,0.0,0.14102376237448835,0.08749476803091823
2024-11-06,风险平价策略,0.0,0.0,0.0,0.0,0.06012753913143433,0.6849693089472827,0.0,0.10956554011405216,0.0,0.0,0.0,0.14533761180723087,0.13547678957938938
2024-11-07,风险平价策略,0.0,0.0,0.0,0.0,0.05660682605054236,0.6404126020559472,0.0,0.10290245096625938,0.0,0.0,0.08083997474337226,0.11923814618387873,0.132977410904667
2024-11-08,风险平价策略,0.0,0.0,0.0,0.0,0.055312011212812595,0.6425979917532154,0.0,0.10359055403732965,0.0,0.0,0.0786597432346193,0.11983969976202292,0.13173233220648267
2024-11-11,风险平价策略,0.0,0.0,0.0,0.0,0.0,0.6849358819003446,0.0,0.10170240040013806,0.0,0.0,0.08453414614762494,0.1288275715518924,0.08045694014525183
2024-11-12,风险平价策略,0.0,0.0,0.0,0.0,0.0,0.7153621160376442,0.0,0.08423953775169894,0.0,0.0,0.09071322560463058,0.10968512060602645,0.07386693203950233
2024-11-13,风险平价策略,0.0,0.0,0.0,0.0,0.0,0.8022207001100623,0.0,0.0941320711449079,0.0,0.0,0.1036472287450297,0.0,0.04859078862279068
2024-11-14,风险平价策略,0.0,0.0,0.0,0.0,0.0,0.8110295945845954,0.0,0.08987066566315997,0.0,0.0,0.09909973975224456,0.0,0.04753801253851228
2024-11-15,风险平价策略,0.0,0.0,0.0,0.0,0.0,0.8997318186947392,0.0,0.10026818130526086,0.0,0.0,0.0,0.0,0.038536204476210215
2024-11-18,风险平价策略,0.0,0.0,0.0,0.0,0.0708812356593,0.8372659839992946,0.0,0.0,0.0,0.0,0.09185278034140539,0.0,0.10375374670366508
2024-11-19,风险平价策略,0.0,0.0,0.0,0.0,0.06732391914709993,0.7952452237464016,0.0,0.0,0.0,0.050182722066025115,0.08724813504047349,0.0,0.11460577835714955
2024-11-20,风险平价策略,0.0,0.0,0.0,0.0,0.07123768573989225,0.8367216078341474,0.0,0.0,0.0,0.0,0.09204070642596028,0.0,0.10412101777112077
2024-11-21,风险平价策略,0.0,0.0,0.0,0.0,0.07121123654420637,0.8368745423204313,0.0,0.0,0.0,0.0,0.09191422113536224,0.0,0.10408194884981425
2024-11-22,风险平价策略,0.0,0.0,0.0,0.0,0.0,0.8298062795039903,0.0,0.0,0.0,0.05416637811592074,0.0,0.11602734238008884,0.07056605385111928
2024-11-25,风险平价策略,0.0,0.0,0.0,0.0,0.0,0.938560377251934,0.0,0.0,0.0,0.06143962274806601,0.0,0.0,0.043124688710679475
2024-11-26,风险平价策略,0.0,0.0,0.0,0.0,0.0679047764937689,0.8768280036193109,0.0,0.0,0.0,0.05526721988692024,0.0,0.0,0.10751098694806616
2024-11-27,风险平价策略,0.0,0.0,0.0,0.0,0.06795707328069232,0.8767340669898349,0.0,0.0,0.0,0.05530885972947273,0.0,0.0,0.10757426006886947
2024-11-28,风险平价策略,0.0,0.0,0.0,0.0,0.06813859657738619,0.8770068241871501,0.0,0.0,0.0,0.05485457923546376,0.0,0.0,0.10761723253741334
2024-11-29,风险平价策略,0.0,0.0,0.0,0.0,0.06283828931904056,0.8050593936598143,0.0,0.0,0.0,0.05058985596084444,0.08151246106030077,0.0,0.10975014800584525
2024-12-02,风险平价策略,0.0,0.0,0.0,0.0,0.06848180660491093,0.876376415111586,0.0,0.0,0.0,0.055141778283502994,0.0,0.0,0.10803658603342155
2024-12-03,风险平价策略,0.0,0.0,0.0,0.0,0.07563329614856,0.9243667038514399,0.0,0.0,0.0,0.0,0.0,0.0,0.09874246374484599
2024-12-04,风险平价策略,0.0,0.0,0.0,0.0,0.07132612330141898,0.8713191862400701,0.0,0.0,0.0,0.05735469045851089,0.0,0.0,0.11146260390414423
2024-12-05,风险平价策略,0.0,0.0,0.0,0.0,0.0,0.8870298252086485,0.0,0.0,0.0,0.0,0.0,0.11297017479135146,0.05380739457179462
2024-12-06,风险平价策略,0.0,0.0,0.0,0.0,0.07724385195781891,0.9227561480421811,0.0,0.0,0.0,0.0,0.0,0.0,0.10031275565887343
2024-12-09,风险平价策略,0.0,0.0,0.0,0.0,0.069355732466972,0.8260116121133132,0.0,0.0,0.0,0.0,0.0,0.10463265541971475,0.11930316628732497
2024-12-10,风险平价策略,0.0,0.0,0.0,0.0,0.06601226832103754,0.7861352873517209,0.0,0.0,0.0,0.04826930551392317,0.0,0.09958313881331836,0.12899510713701512
2024-12-11,风险平价策略,0.0,0.0,0.0,0.0,0.06162030491818568,0.7236690970049672,0.0766950220598238,0.0,0.0,0.04506457807931052,0.0,0.09295099793771283,0.13243018028082063
2024-12-12,风险平价策略,0.0,0.0,0.0,0.0,0.06162181404509573,0.7236876362553063,0.07667215722257179,0.0,0.0,0.0450649617063416,0.0,0.09295343077068446,0.13242929846891083
2024-12-13,风险平价策略,0.0,0.0,0.0,0.0,0.05494126267004125,0.6952395034517942,0.07043827356831076,0.0,0.05119946706251343,0.04392869278733655,0.0,0.08425280046000384,0.1299442492486419
2024-12-16,风险平价策略,0.0,0.0,0.0,0.0,0.055298412921480154,0.6975065779213501,0.06967067992133662,0.0,0.05152337795656822,0.0442197902566012,0.0,0.08178116102266363,0.12969141837800258
2024-12-17,风险平价策略,0.0,0.0,0.0,0.0,0.059656880693945015,0.7430120786173542,0.0,0.0,0.05740714856082573,0.049347616836879486,0.0,0.09057627529099561,0.12914399238399946
2024-12-18,风险平价策略,0.0,0.0,0.0,0.0,0.06333005814947261,0.7327223338432942,0.0,0.0,0.05926840459169768,0.049481237648948115,0.0,0.09519796576658736,0.13421317173845143
2024-12-19,风险平价策略,0.0,0.0,0.0,0.0,0.07235781561259355,0.8685738729425471,0.0,0.0,0.0,0.05906831144485928,0.0,0.0,0.1129740220985122
2024-12-20,风险平价策略,0.0,0.0,0.0,0.0,0.06560357269538919,0.7948625043376812,0.08623251678130878,0.0,0.0,0.05330140618562081,0.0,0.0,0.11632878796823928
2024-12-23,风险平价策略,0.0,0.0,0.0,0.0,0.06222187057356895,0.7327519868867198,0.0,0.0,0.05981495179468532,0.05057951429882147,0.0,0.09463167644620445,0.13339152603139356
2024-12-24,风险平价策略,0.0,0.0,0.0,0.0,0.05806848255511714,0.676251694403373,0.07615356242386635,0.0,0.05540249565597921,0.04696825599442258,0.0,0.0871555089672418,0.13601115359357946
2024-12-25,风险平价策略,0.0,0.0,0.0,0.0,0.0633672556177251,0.7299624787183776,0.0,0.0,0.060269238479375126,0.051281776706153546,0.0,0.09511925047836854,0.13490564680709063
2024-12-26,风险平价策略,0.0,0.0,0.0,0.0,0.05951134093588958,0.6688476691237408,0.07845610998504521,0.0,0.05422936645777425,0.04863389209817091,0.0,0.09032162139937919,0.13885740202265281
2024-12-27,风险平价策略,0.0,0.0,0.0,0.0,0.06295403517378895,0.707215406249153,0.08301847834792976,0.0,0.0,0.05129139750244193,0.0,0.09552068272668644,0.13707641522994016
2024-12-30,风险平价策略,0.0,0.0,0.0,0.0,0.06643336887458302,0.6928233550775217,0.08781768517637774,0.0,0.0,0.05420802553780059,0.0,0.09871756533371687,0.14279226884527843
2024-12-31,风险平价策略,0.0,0.0,0.0,0.0,0.07532170912070477,0.793674585461895,0.0,0.0,0.06880181457017305,0.062201890847227236,0.0,0.0,0.12676448730529427
2025-01-02,风险平价策略,0.0,0.0,0.0,0.0,0.059572529515974276,0.6666028902908094,0.0,0.0,0.05801746349455038,0.052530827062325036,0.06760072240655403,0.09567556722978683,0.13848768796445443
2025-01-03,风险平价策略,0.0,0.0,0.0,0.0,0.0,0.7102907239546092,0.0,0.0,0.062043048107082534,0.05620848466572218,0.06915343541906839,0.1023043078535177,0.08392645417356422
2025-01-06,风险平价策略,0.0,0.0,0.0,0.0,0.0,0.71143796329261,0.0,0.0,0.06213898605470211,0.05641270895655066,0.06933485056866556,0.10067549112747164,0.0836043116673294
2025-01-07,风险平价策略,0.0,0.0,0.0,0.0,0.0,0.7619747663715927,0.0,0.0,0.06370719905317582,0.06291471586188457,0.0,0.11140331871334691,0.0812052313138699
2025-01-08,风险平价策略,0.0,0.0,0.0,0.0,0.0,0.7619660336393776,0.0,0.0,0.06370626353565935,0.06291108353102261,0.0,0.11141661929394045,0.08120741577427709
2025-01-09,风险平价策略,0.0,0.0,0.0,0.0,0.0,0.7432348386022929,0.0,0.0,0.07070853852175651,0.06358483145451833,0.0,0.12247179142143226,0.08524057017720284
2025-01-10,风险平价策略,0.0,0.0,0.0,0.0,0.0,0.6919860934368055,0.0,0.0,0.06565555539622246,0.05961925827620656,0.06803442281108486,0.11470467007968055,0.08850104198941565
2025-01-13,风险平价策略,0.0,0.0,0.0,0.0,0.0,0.6218463094421132,0.0909489830851564,0.0,0.06116117759860225,0.055621709749774026,0.06354661037495896,0.10687520974939528,0.09648046041994328
2025-01-14,风险平价策略,0.0,0.0,0.0,0.0,0.0,0.5797962333552107,0.08464552032981704,0.07213063406238115,0.05718634529011668,0.05073517468970451,0.05925827896967374,0.09624781330309627,0.10018898912758181
2025-01-15,风险平价策略,0.0,0.0,0.0,0.0,0.0,0.5804553346111576,0.08410463939044444,0.0714934631458589,0.0572932106719374,0.05082605136418992,0.05935298607090246,0.09647431474550928,0.10013995833981754
2025-01-16,风险平价策略,0.0,0.0,0.0,0.0,0.0,0.5804470405430521,0.08413520035448248,0.07151523872144933,0.05731584761083034,0.05085117717510711,0.05923457578729671,0.09650091980778203,0.10015206945412837
2025-01-17,风险平价策略,0.0,0.0,0.0,0.0,0.0,0.5586900620186901,0.08887280356217783,0.07557576659891896,0.0587679841551125,0.05317650235549547,0.062988015489935,0.10192886581967006,0.10401458527956958
2025-01-20,风险平价策略,0.0,0.0,0.0,0.0,0.0,0.5698800965310042,0.07919663295402836,0.07621538174168983,0.05574390886925671,0.05019200270775469,0.0648320369245587,0.10393994027170758,0.10218217821511592
2025-01-21,风险平价策略,0.0,0.0,0.0,0.0,0.0,0.5698845642973752,0.07922706507103054,0.07624566299622682,0.05575388948234385,0.050089278790471405,0.06484559577580397,0.10395394358674821,0.10216651267828888
2025-01-22,风险平价策略,0.0,0.0,0.0,0.0,0.0,0.5643897880438268,0.08086107666347951,0.07587162558605379,0.054834036508538526,0.05079651750006838,0.0662142271072276,0.10703272859080552,0.10334066239685957
2025-01-23,风险平价策略,0.0,0.0,0.0,0.0,0.0,0.5690312458408514,0.0786539303606127,0.07285716164579914,0.05212435109832366,0.04850156291665364,0.06739987359330828,0.11143187454445112,0.10281210412666776
2025-01-24,风险平价策略,0.0,0.0,0.0,0.0,0.0,0.5695329345686158,0.07878500372998784,0.07295505172937204,0.051506498471652826,0.04820387377772856,0.06747821636914096,0.11153842135350198,0.10270100269373598
2025-01-27,风险平价策略,0.0,0.0,0.0,0.0,0.0,0.5753851622371521,0.07783185968681446,0.07066827052532339,0.05091580503628711,0.04795296910708097,0.06615589005469144,0.11109004335265057,0.10185076470615763
2025-02-05,风险平价策略,0.0,0.0,0.0,0.0,0.0,0.5758802559613887,0.07690445343220949,0.07055888429150046,0.05095189575764728,0.04809177323237518,0.06627228466405412,0.11134045266082476,0.10183305389934638
2025-02-06,风险平价策略,0.0,0.0,0.0,0.0,0.0,0.5793958745855949,0.07749864721779931,0.07106396260500317,0.05138203510465984,0.046875456089690994,0.06413371007183918,0.10965031432541257,0.10102947667323618
2025-02-07,风险平价策略,0.0,0.0,0.0,0.0,0.0,0.5755846905263662,0.0781846147896165,0.07168841673061108,0.05185657463453125,0.04730611364753393,0.06475799458068965,0.1106215950906514,0.10171546228234879
2025-02-10,风险平价策略,1.0,0.3,0.15,0.15,0.0,0.0,0.12928770002726778,0.11744021839955891,0.08587579369442845,0.07831523608668595,0.10614221860791835,0.18293883318414048,0.18615758913467334
2025-02-11,风险平价策略,1.0,0.3,0.15,0.15,0.08216992356552368,0.0,0.11390101345036638,0.1036997333360306,0.07582692636551377,0.06915181269474853,0.0937165749867259,0.16153401560109115,0.25141787971238394
2025-02-12,风险平价策略,1.0,0.3,0.15,0.15,0.08586528797039451,0.0,0.11686359088674468,0.10388881232393916,0.07922364225266468,0.07246052597541898,0.08708332133043627,0.1546148192604016,0.25445404114506015
2025-02-13,风险平价策略,1.0,0.3,0.15,0.15,0.08944144889551381,0.0,0.12322355158114277,0.10766378074887482,0.07253457071448641,0.05745885835315653,0.0886862687028955,0.16099152100393008,0.25570797457526623
2025-02-14,风险平价策略,1.0,0.3,0.15,0.15,0.08944127964783712,0.0,0.12306441593776267,0.10762897942413699,0.07253422226245342,0.05744029230117271,0.0889490511212879,0.16094175930534918,0.2556910034779986
2025-02-17,风险平价策略,1.0,0.3,0.15,0.15,0.10172558119671156,0.0,0.11365101322337197,0.11841670810624265,0.08458020324844814,0.057657530113207005,0.08941666008212569,0.13455230402989296,0.2629842717369587
2025-02-18,风险平价策略,1.0,0.3,0.15,0.15,0.12776017867897463,0.0,0.14207058778207055,0.1487507182949911,0.0,0.0,0.1123654333414316,0.16905308190253202,0.2782339569183996
2025-02-19,风险平价策略,1.0,0.3,0.15,0.15,0.12774440715401908,0.0,0.14207336664244088,0.14875476703080046,0.0,0.0,0.112369337236016,0.16905812193672354,0.2782211965247024
2025-02-20,风险平价策略,1.0,0.3,0.15,0.15,0.12601398145727088,0.0,0.1423402394928005,0.14904444662675845,0.0,0.0,0.11304007682591925,0.16956125559725083,0.27680789279100004
2025-02-21,风险平价策略,1.0,0.3,0.15,0.15,0.0,0.0,0.16597621155289297,0.19172257084597044,0.0,0.0,0.1456241984946229,0.19667701910651367,0.17323251633794295
2025-02-24,风险平价策略,1.0,0.3,0.15,0.15,0.0,0.0,0.17532033929974825,0.18363363145261946,0.0,0.0,0.13406466519601345,0.2069813640516188,0.17481582373031385
2025-02-25,风险平价策略,1.0,0.3,0.15,0.15,0.0,0.0,0.1741844967557224,0.17931123986911662,0.0,0.0,0.13637286787936637,0.21013139549579454,0.17512458142311435
2025-02-26,风险平价策略,1.0,0.3,0.15,0.15,0.12795866290937802,0.0,0.1484041500447611,0.15239509528955794,0.0,0.0,0.10904179003672902,0.16220030171957395,0.27767805934912454
2025-02-27,风险平价策略,1.0,0.3,0.15,0.15,0.12831968332682808,0.0,0.14855599357994878,0.1528383703074782,0.0,0.0,0.10943016843817129,0.16085578434757358,0.27780832306309927
2025-02-28,风险平价策略,1.0,0.3,0.15,0.15,0.128033726639362,0.0,0.1489492839749602,0.15523922803080278,0.0,0.0,0.11014143021925342,0.1576363311356216,0.2771604472067611
2025-03-03,风险平价策略,1.0,0.3,0.15,0.15,0.1279944108220612,0.0,0.14895056463880807,0.15525600840842949,0.0,0.0,0.11014657115143987,0.15765244497926129,0.27712920135349955
2025-03-04,风险平价策略,1.0,0.3,0.15,0.15,0.0,0.0,0.18396926688134105,0.19099715011795995,0.0,0.0,0.12703183195029663,0.1980017510504023,0.17394925516753937
2025-03-05,风险平价策略,1.0,0.3,0.15,0.15,0.15241757847981216,0.0,0.17580035152532028,0.18229073024517692,0.0,0.0,0.0,0.18949133974969062,0.3047697266930051
2025-03-06,风险平价策略,1.0,0.3,0.15,0.15,0.15018262520670742,0.0,0.17777090497428033,0.18419300653369972,0.0,0.0,0.0,0.18785346328531247,0.3026958207678717
2025-03-07,风险平价策略,1.0,0.3,0.15,0.15,0.149970650603485,0.0,0.17958453347249867,0.183310977852,0.0,0.0,0.0,0.18713383807201617,0.3024314070755693
2025-03-10,风险平价策略,1.0,0.3,0.15,0.15,0.1286971052908514,0.0,0.15593133357004216,0.15957054543850116,0.0,0.0,0.09302619629005247,0.1627748194105528,0.27884776088487995
2025-03-11,风险平价策略,1.0,0.3,0.15,0.15,0.0,0.0,0.3439272911333149,0.3560727088666851,0.0,0.0,0.0,0.0,0.154
2025-03-12,风险平价策略,1.0,0.3,0.15,0.15,0.0,0.0,0.343869856677801,0.35613014332219894,0.0,0.0,0.0,0.0,0.154
2025-03-13,风险平价策略,1.0,0.3,0.15,0.15,0.0,0.0,0.19818807930150809,0.20510574222191327,0.0,0.0,0.09772030735435262,0.19898587112222593,0.17494669531403653
2025-03-14,风险平价策略,1.0,0.3,0.15,0.15,0.13736333318873642,0.0,0.15929594291097135,0.16485499239077897,0.0,0.0,0.07854649258194277,0.15993923892757037,0.28622151377238875
2025-03-17,风险平价策略,1.0,0.3,0.15,0.15,0.13807845836999352,0.0,0.160066753120102,0.1620586536121596,0.0,0.0,0.07873849354824983,0.16105764134949505,0.2869506671862865
2025-03-18,风险平价策略,1.0,0.3,0.15,0.15,0.13962902155368184,0.0,0.16030953112519433,0.15584142480126453,0.0,0.0,0.08009090382444226,0.16412911869541694,0.2885811452338095
2025-03-19,风险平价策略,1.0,0.3,0.15,0.15,0.17949221756886516,0.0,0.20621467504789948,0.0,0.0,0.0,0.10314884138250276,0.21114426600073258,0.32701630943645954
2025-03-20,风险平价策略,1.0,0.3,0.15,0.15,0.15631174112395377,0.0,0.18156363997695532,0.17615012199470004,0.0,0.0,0.0,0.18597449690439083,0.3076188021726481
2025-03-21,风险平价策略,1.0,0.3,0.15,0.15,0.2218586699162114,0.0,0.22463990411593893,0.0,0.0,0.0,0.0,0.2535014259678496,0.3707814538457595
2025-03-24,风险平价策略,0.0,0.0,0.0,0.0,0.23887628612828604,0.0,0.2418916635019696,0.246289402992178,0.0,0.0,0.0,0.27294264737756646,0.3934091980330683
2025-03-25,风险平价策略,0.0,0.0,0.0,0.0,0.23908143799069564,0.0,0.24215893482091252,0.24578805001815637,0.0,0.0,0.0,0.27297157717023557,0.39358499717261264
2025-03-26,风险平价策略,0.0,0.0,0.0,0.0,0.21530250435747394,0.0,0.2203251176691924,0.22371721681571058,0.0,0.09214102124467234,0.0,0.2485141399129507,0.38541836384897976
2025-03-27,风险平价策略,0.0,0.0,0.0,0.0,0.21615423563423106,0.0,0.21703528611348025,0.22483753030651785,0.0,0.09220408227134134,0.0,0.24976886567442946,0.38629447497710023
2025-03-28,风险平价策略,0.0,0.0,0.0,0.0,0.28413637514421297,0.0,0.25120567013408285,0.0,0.0,0.12470186106020785,0.0,0.33995609366149643,0.45942158413015177
2025-03-31,风险平价策略,0.0,0.0,0.0,0.0,0.28769731625797723,0.0,0.2446309890034849,0.0,0.0,0.12308348434714159,0.0,0.3445882103913963,0.4627096883992111
2025-04-01,风险平价策略,0.0,0.0,0.0,0.0,0.24677535866555333,0.0,0.2097859638391559,0.0,0.1419729503747067,0.10567276354050345,0.0,0.29579296358008056,0.42111382857890206
2025-04-02,风险平价策略,0.0,0.0,0.0,0.0,0.2511169838986212,0.0,0.20592980671475888,0.0,0.144711819881349,0.10528612477730907,0.0,0.2929552647279618,0.42438579640538016
2025-04-03,风险平价策略,0.0,0.0,0.0,0.0,0.14028262293530122,0.46385518743419596,0.10220759529961981,0.0,0.0,0.054489028588875554,0.07469079086259096,0.1644747748794165,0.24143144679590892
2025-04-07,风险平价策略,0.0,0.0,0.0,0.0,0.0,0.7348514458025386,0.0,0.0,0.0,0.04259885262403042,0.12112248214189995,0.10142721943153103,0.07614846310402888
2025-04-08,风险平价策略,0.0,0.0,0.0,0.0,0.06623110565287325,0.6920159119709182,0.0,0.0,0.0,0.0,0.1311215824297544,0.11063139994645414,0.13155410115302144
2025-04-09,风险平价策略,0.0,0.0,0.0,0.0,0.0668306207708609,0.7034189046758359,0.0,0.0,0.0,0.0,0.11619121924595492,0.1135592553073483,0.13131754337578846
2025-04-10,风险平价策略,0.0,0.0,0.0,0.0,0.06696923142521397,0.7060160989087756,0.0,0.0,0.0,0.0,0.11315415889908474,0.11386051076692563,0.13121061756955354
2025-04-11,风险平价策略,0.0,0.0,0.0,0.0,0.0,0.7547828525077278,0.0,0.0,0.0,0.0,0.12219757347560943,0.1230195740166628,0.069200736589188
2025-04-14,风险平价策略,0.0,0.0,0.0,0.0,0.0,0.754775345921428,0.0,0.0,0.0,0.0,0.12220011502338561,0.12302453905518633,0.06920226953652801
2025-04-15,风险平价策略,0.0,0.0,0.0,0.0,0.06819560505933855,0.7044715732172651,0.0,0.0,0.0,0.0,0.11077826431691615,0.11655455740648023,0.13284384482478376
2025-04-16,风险平价策略,0.0,0.0,0.0,0.0,0.07647727413646706,0.7927374973665366,0.0,0.0,0.0,0.0,0.0,0.13078522849699634,0.13291557554978944
2025-04-17,风险平价策略,0.0,0.0,0.0,0.0,0.07706815776891203,0.7910975261827565,0.0,0.0,0.0,0.0,0.0,0.13183431604833154,0.13375920441701378
2025-04-18,风险平价策略,0.0,0.0,0.0,0.0,0.06911705337495343,0.7094420631590684,0.0,0.0,0.0,0.0,0.1032152925138292,0.1182255909521489,0.13337425844732964
2025-04-21,风险平价策略,0.0,0.0,0.0,0.0,0.07017759206587411,0.7019103038971283,0.0,0.0,0.0,0.0,0.10629200125363474,0.12162010278336291,0.13559693860561645
2025-04-22,风险平价策略,0.0,0.0,0.0,0.0,0.07022472561568709,0.7017812336606999,0.0,0.0,0.0,0.0,0.10630714942329647,0.1216868913003165,0.13566151544632174
2025-04-23,风险平价策略,0.0,0.0,0.0,0.0,0.07919463175430644,0.7208704351527959,0.0,0.0,0.0,0.0,0.11775207555399535,0.08218285753890239,0.1355353625660384
2025-04-24,风险平价策略,0.0,0.0,0.0,0.0,0.08003783156259704,0.7180083851111941,0.0,0.0,0.0,0.0,0.11896649152346717,0.08298729180274157,0.13669012679319528
2025-04-25,风险平价策略,0.0,0.0,0.0,0.0,0.08008993097172366,0.7206098542126759,0.0,0.0,0.0,0.0,0.11695487957183653,0.08234533524376389,0.1363660055396332
2025-04-28,风险平价策略,0.0,0.0,0.0,0.0,0.08062673259394551,0.7272420966668817,0.0,0.0,0.0,0.0,0.11135883346606261,0.08077233727311012,0.13590068779767653
2025-04-29,风险平价策略,0.0,0.0,0.0,0.0,0.0900765799994509,0.8190980269326148,0.0,0.0,0.0,0.0,0.0,0.09082539306793425,0.13598514073178786
2025-04-30,风险平价策略,0.0,0.0,0.0,0.0,0.0,0.8986141073957445,0.0,0.0,0.0,0.0,0.0,0.10138589260425553,0.050853402614085164
2025-05-06,风险平价策略,0.0,0.0,0.0,0.0,0.0,0.8986801737097058,0.0,0.0,0.0,0.0,0.0,0.10131982629029436,0.050836555704025066
2025-05-07,风险平价策略,0.0,0.0,0.0,0.0,0.0,0.8945864752289616,0.0,0.0,0.0,0.0,0.0,0.10541352477103844,0.05188044881661481
2025-05-08,风险平价策略,0.0,0.0,0.0,0.0,0.3540193058694943,0.0,0.28154202224797786,0.0,0.0,0.0,0.0,0.3644386718825279,0.5011088575562785
2025-05-09,风险平价策略,0.0,0.0,0.0,0.0,0.07326266283355416,0.6648470284462783,0.05826186811487933,0.08555428338765608,0.04287561947696912,0.0,0.0,0.075198537740663,0.14123886866358717
2025-05-12,风险平价策略,0.0,0.0,0.0,0.0,0.20261903153875918,0.0,0.16040116001404583,0.23656307673984459,0.11823596595176165,0.09236710778541793,0.0,0.18981365797017086,0.3689387223541627
2025-05-13,风险平价策略,0.0,0.0,0.0,0.0,0.2032018944518431,0.0,0.16026338143380237,0.23718403173795521,0.11859109321824708,0.09227256879694146,0.0,0.18848703036121078,0.3692575569225866
2025-05-14,风险平价策略,0.0,0.0,0.0,0.0,0.20364992251334993,0.0,0.16054430506394515,0.23771815232708327,0.1188109701627663,0.09247812768231257,0.0,0.18679852225054275,0.36946636771207675
2025-05-15,风险平价策略,1.0,0.3,0.15,0.15,0.20160143416880014,0.0,0.1507885108826037,0.23483823854247562,0.11277181640612048,0.0,0.0,0.0,0.32447292286585333
2025-05-16,风险平价策略,1.0,0.3,0.15,0.15,0.1989147828786282,0.0,0.15279810422963808,0.23516610596566945,0.11312100692606421,0.0,0.0,0.0,0.32221962768730833
2025-05-19,风险平价策略,1.0,0.3,0.15,0.15,0.17814073781347586,0.0,0.13631225477739867,0.21032785012657784,0.10131333841217462,0.07390581887037305,0.0,0.0,0.31647628416670115
2025-05-20,风险平价策略,1.0,0.3,0.15,0.15,0.19975119441164346,0.0,0.15227339861625794,0.23519737887828907,0.11277802809380952,0.0,0.0,0.0,0.3229187835867186
2025-05-21,风险平价策略,1.0,0.3,0.15,0.15,0.1997496306232174,0.0,0.15228344593374069,0.23518232004482528,0.11278460339821655,0.0,0.0,0.0,0.3229175357574848
2025-05-22,风险平价策略,1.0,0.3,0.15,0.15,0.20085507610200592,0.0,0.1524254900408911,0.23672174810445012,0.1099976857526529,0.0,0.0,0.0,0.32381824078321153
2025-05-23,风险平价策略,1.0,0.3,0.15,0.15,0.1994831415125167,0.0,0.15306437350830024,0.23684063987088436,0.11061184510829852,0.0,0.0,0.0,0.322671957321597
2025-05-26,风险平价策略,1.0,0.3,0.15,0.15,0.1991667671389267,0.0,0.15318067945105726,0.2369962608768773,0.11065629253313854,0.0,0.0,0.0,0.3224066473220298
2025-05-27,风险平价策略,1.0,0.3,0.15,0.15,0.20069008107243339,0.0,0.1540421531181481,0.23382264496420146,0.11144512084521703,0.0,0.0,0.0,0.3236941193092962
2025-05-28,风险平价策略,1.0,0.3,0.15,0.15,0.20115401017737344,0.0,0.1544174170999197,0.23448106396820834,0.10994750875449841,0.0,0.0,0.0,0.32406884363653865
2025-05-29,风险平价策略,1.0,0.3,0.15,0.15,0.20023834124432874,0.0,0.15462195271561546,0.23504914070965352,0.11009056533040217,0.0,0.0,0.0,0.32330111229854014
2025-05-30,风险平价策略,1.0,0.3,0.15,0.15,0.14874280980839868,0.0,0.11166941824519545,0.16719560064037023,0.07632953973071172,0.0,0.19606263157532386,0.0,0.2738253766891023
2025-06-03,风险平价策略,1.0,0.3,0.15,0.15,0.12315693280493774,0.0,0.09261547754547726,0.12999318850784825,0.06062705482869171,0.045062120334712887,0.1520402416967191,0.09650498428161304,0.2722874242208807
2025-06-04,风险平价策略,1.0,0.3,0.15,0.15,0.1428618273191035,0.0,0.10742130712534545,0.15077322767542903,0.07032275751978283,0.0522636788406856,0.17635720151965362,0.0,0.2777786350921649
2025-06-05,风险平价策略,1.0,0.3,0.15,0.15,0.14061833028258106,0.0,0.10851934913815885,0.15054596940537396,0.07036052684353059,0.052148705039218604,0.17780711929113685,0.0,0.27583258193334426
2025-06-06,风险平价策略,1.0,0.3,0.15,0.15,0.1406182768454606,0.0,0.1085192830145432,0.15055467563574695,0.07035684791265201,0.0521478763533907,0.1778030402382065,0.0,0.27583249003870974
2025-06-09,风险平价策略,1.0,0.3,0.15,0.15,0.14108804554031038,0.0,0.10889988867537809,0.1499854783257613,0.06948146240580476,0.05235199340773783,0.17819313164500755,0.0,0.2762392978738066
2025-06-10,风险平价策略,1.0,0.3,0.15,0.15,0.05675357002547771,0.4019076035499306,0.04379953815964925,0.060256469661368155,0.0,0.02105878886008692,0.07167375418862633,0.044550275554861,0.15398069900069908
2025-06-11,风险平价策略,1.0,0.3,0.15,0.15,0.056749487486423944,0.40191682504090315,0.04379962968442598,0.060252796650289805,0.0,0.021051494571252223,0.0716770797701295,0.044552686796575376,0.1539750472619597
2025-06-12,风险平价策略,1.0,0.3,0.15,0.15,0.057006620596388634,0.4012487519917753,0.04342367847906086,0.060518726133493635,0.0,0.021135441294100492,0.0719243952697661,0.04474238623541497,0.15431000487928967
2025-06-13,风险平价策略,1.0,0.3,0.15,0.15,0.056330152611504,0.40225636684618593,0.042891036804724426,0.06082761021348285,0.0,0.021222302013305272,0.07155914002697521,0.04491339148382223,0.15365111976880652
2025-06-16,风险平价策略,1.0,0.3,0.15,0.15,0.054187529775048204,0.3867738357558627,0.04125938161635129,0.05838266355720582,0.02704783132249115,0.02041565192619614,0.06883200729250641,0.043101098754338166,0.1539472114371607
2025-06-17,风险平价策略,1.0,0.3,0.15,0.15,0.05390741684623119,0.3876891429706856,0.04139311605788378,0.05850774122759475,0.027128174108010862,0.02011105131184093,0.06891456389469423,0.042348793583058646,0.15344766411389252
2025-06-18,风险平价策略,1.0,0.3,0.15,0.15,0.0539698478343509,0.38765861355714765,0.04143750414619951,0.05858971092277149,0.027162580687373154,0.020134327232704845,0.0686503098101761,0.04239710580927632,0.1535220209175542
2025-06-19,风险平价策略,1.0,0.3,0.15,0.15,0.054002947481228435,0.3887225218224489,0.04091331846740844,0.05790307348406711,0.027302632372807476,0.020231983088709708,0.06887933398804395,0.042044189295286,0.15337400175191593
2025-06-20,风险平价策略,1.0,0.3,0.15,0.15,0.0577927112314411,0.4151779280922714,0.043229909783564835,0.06071978046104743,0.029113643725405598,0.021398742769244354,0.0725672839370252,0.0,0.14803477390417627
2025-06-23,风险平价策略,1.0,0.3,0.15,0.15,0.054454004783752404,0.3915220226318782,0.0407279425673884,0.05721368841403956,0.027452275158692765,0.020171724708837765,0.06655603146624439,0.04190231026916652,0.1534194859563621
2025-06-24,风险平价策略,1.0,0.3,0.15,0.15,0.06332991468979661,0.4078016430600672,0.04811728372139608,0.06459784913401624,0.023918790595956578,0.015307732668713367,0.07692678613005381,0.0,0.15252452807537215
2025-06-25,风险平价策略,1.0,0.3,0.15,0.15,0.0603448768536596,0.3862175123586002,0.04583152195384912,0.06171322881779714,0.022886981108992163,0.014210114328515433,0.06769245852686942,0.04110330605171698,0.1579544434627154
2025-06-26,风险平价策略,1.0,0.3,0.15,0.15,0.0672859802161525,0.42576228401264166,0.05108683039791749,0.06905656333556288,0.02532937050911671,0.015615255429462209,0.0,0.045863716099146495,0.16129769554556417
2025-06-27,风险平价策略,1.0,0.3,0.15,0.15,0.06458893893398569,0.44653688423653476,0.05402015196136532,0.07269300248355783,0.0,0.01616151915750802,0.0,0.04599950322704837,0.1560780127850629
2025-06-30,风险平价策略,1.0,0.3,0.15,0.15,0.0672384973054678,0.4555463139118886,0.05641570182296206,0.07610018941629354,0.02782738464781269,0.016871912895575176,0.0,0.0,0.15195936526825812
2025-07-01,风险平价策略,1.0,0.3,0.15,0.15,0.06082257566952148,0.4121205732194407,0.05102806105739132,0.0688433967131126,0.02517158026066464,0.015261317959950869,0.06675249511991838,0.0,0.15014563800037478
2025-07-02,风险平价策略,1.0,0.3,0.15,0.15,0.060890743406342776,0.4126486066216891,0.05097201886881853,0.06893729653334643,0.025176421195103132,0.01526254321065285,0.06611237016404717,0.0,0.150151062588134
2025-07-03,风险平价策略,1.0,0.3,0.15,0.15,0.060965609795465024,0.4124027531685679,0.051043636398485415,0.06903621598912807,0.025054208856730875,0.015293292166095112,0.06620428362552754,0.0,0.15024808087681066
2025-07-04,风险平价策略,1.0,0.3,0.15,0.15,0.0680592794957468,0.45736683222258784,0.054218650039335854,0.07600560904127673,0.02743606411385556,0.016913565087197244,0.0,0.0,0.1524058034814681
2025-07-07,风险平价策略,1.0,0.3,0.15,0.15,0.06923156061149065,0.46231162926864655,0.05325394347894811,0.07032168269444397,0.027846217259227653,0.017034966687243105,0.0,0.0,0.15274649780493604
2025-07-08,风险平价策略,1.0,0.3,0.15,0.15,0.06935490765461426,0.46087292656503265,0.05366293281423739,0.0708792191524337,0.028061274183362534,0.01716873963031937,0.0,0.0,0.15306788842628127
2025-07-09,风险平价策略,1.0,0.3,0.15,0.15,0.07552863826580863,0.4985531358207771,0.0,0.07688880792441263,0.030426243308124063,0.018603174680877542,0.0,0.0,0.15342015318949598
2025-07-10,风险平价策略,1.0,0.3,0.15,0.15,0.20669459556207329,0.0,0.1485248492138617,0.21047579002920175,0.08333567482564398,0.05096909036921928,0.0,0.0,0.3366118714794731
2025-07-11,风险平价策略,1.0,0.3,0.15,0.15,0.247917461298682,0.0,0.18618487532058864,0.2658976633807293,0.0,0.0,0.0,0.0,0.36225066749089285
2025-07-14,风险平价策略,1.0,0.3,0.15,0.15,0.2560163217735318,0.0,0.192306580221908,0.25167709800456023,0.0,0.0,0.0,0.0,0.3690537102897667
2025-07-15,风险平价策略,1.0,0.3,0.15,0.15,0.3411854025451385,0.0,0.0,0.35881459745486144,0.0,0.0,0.0,0.0,0.44059573813791636
2025-07-16,风险平价策略,1.0,0.3,0.15,0.15,0.7,0.0,0.0,0.0,0.0,0.0,0.0,0.0,0.742
2025-07-17,风险平价策略,1.0,0.3,0.15,0.15,0.7,0.0,0.0,0.0,0.0,0.0,0.0,0.0,0.742
2025-07-18,风险平价策略,1.0,0.3,0.15,0.15,0.24391895657662344,0.0,0.19449741740750906,0.2615836260158674,0.0,0.0,0.0,0.0,0.35889192352436367
2025-07-21,风险平价策略,1.0,0.3,0.15,0.15,0.17517288080505722,0.0,0.13969150009658365,0.18786265278202954,0.0,0.0,0.1972729663163295,0.0,0.29522703088675817
2025-07-22,风险平价策略,1.0,0.3,0.15,0.15,0.12903421115647426,0.0,0.10269740970619586,0.13843668639373544,0.056940642051253265,0.034033436324817555,0.14539740672658344,0.09346020764094018,0.27525679631903704
2025-07-23,风险平价策略,1.0,0.3,0.15,0.15,0.14143222747694592,0.0,0.1117338341205474,0.1477082481368636,0.0,0.037255532741761715,0.15933192311669714,0.10253823440718422,0.28628858675467767
2025-07-24,风险平价策略,1.0,0.3,0.15,0.15,0.1289586619831697,0.0,0.11593614198782533,0.14984592749584688,0.06420097242103052,0.03883785113157848,0.11584061543708418,0.0863798295434648,0.27607170305322865
2025-07-25,风险平价策略,1.0,0.3,0.15,0.15,0.15025084670993086,0.0,0.0,0.18176212587309087,0.07768328045758294,0.04697617807896534,0.13926323565667395,0.10406433322375591,0.2968135554507027
2025-07-28,风险平价策略,1.0,0.3,0.15,0.15,0.15782308494464106,0.0,0.0,0.1780259081170057,0.07245638615074551,0.048486285008381924,0.13484070533635106,0.10836763044287469,0.30401265530940147
2025-07-29,风险平价策略,1.0,0.3,0.15,0.15,0.0,0.0,0.0,0.28772579449252833,0.11718834191632228,0.07858616841103355,0.21649969518011578,0.0,0.16125067950952512
2025-07-30,风险平价策略,1.0,0.3,0.15,0.15,0.0,0.0,0.0,0.28773048093801207,0.11718207934965078,0.07858083210578785,0.2165066076065493,0.0,0.1612495557022261
2025-07-31,风险平价策略,1.0,0.3,0.15,0.15,0.0,0.0,0.0,0.0,0.1950687815428297,0.13804802686630774,0.3668831915908625,0.0,0.16703187636631167
2025-08-01,风险平价策略,1.0,0.3,0.15,0.15,0.0,0.0,0.0,0.0,0.19247500994739755,0.13829380548740344,0.369231184565199,0.0,0.16697482344050257
2025-08-04,风险平价策略,1.0,0.3,0.15,0.15,0.0,0.0,0.0,0.261798518744204,0.0,0.073545185500573,0.2025514523926562,0.16210484336256678,0.17914326731182
2025-08-05,风险平价策略,1.0,0.3,0.15,0.15,0.0,0.0,0.0,0.26195303996284103,0.0,0.07322209615318381,0.20264136330956412,0.162183500574411,0.17909831455415182
2025-08-06,风险平价策略,1.0,0.3,0.15,0.15,0.0,0.0,0.0,0.2281989578928414,0.09056894332722805,0.06358124678277073,0.1764015393731928,0.14124931262396703,0.17673656025219586
2025-08-07,风险平价策略,1.0,0.3,0.15,0.15,0.0,0.0,0.0,0.29266841859006526,0.0,0.0,0.22620206608440604,0.1811295153255286,0.16894947985653125
2025-08-08,风险平价策略,1.0,0.3,0.15,0.15,0.0,0.0,0.16729009224594238,0.22104778701729305,0.0,0.0,0.17305463255920137,0.1386074881775631,0.16544125960453152
2025-08-11,风险平价策略,1.0,0.3,0.15,0.15,0.0,0.0,0.21179098573652913,0.2796102747184855,0.0,0.0,0.20859873954498523,0.0,0.14774203781365042
2025-08-12,风险平价策略,1.0,0.3,0.15,0.15,0.0,0.0,0.18263049958322336,0.24112646359774192,0.09623174842720454,0.0,0.18001128839183017,0.0,0.14956197883251715
2025-08-13,风险平价策略,1.0,0.3,0.15,0.15,0.0,0.0,0.17166980764199308,0.2265959207057962,0.0,0.0,0.16904878953179545,0.13268548212041523,0.16485079416849596
2025-08-14,风险平价策略,1.0,0.3,0.15,0.15,0.0,0.0,0.16856756871795064,0.22432335589966637,0.0,0.0,0.17083643478305735,0.13627264059932556,0.16522762382842734
2025-08-15,风险平价策略,1.0,0.3,0.15,0.15,0.0,0.0,0.21081872988177336,0.28048721336131865,0.0,0.0,0.20869405675690791,0.0,0.14773917829729274
2025-08-18,风险平价策略,1.0,0.3,0.15,0.15,0.0,0.0,0.0,0.0,0.0,0.0,0.7,0.0,0.133
2025-08-19,风险平价策略,1.0,0.3,0.15,0.15,0.0,0.0,0.0,0.0,0.0,0.0,0.7,0.0,0.133
2025-08-20,风险平价策略,1.0,0.3,0.15,0.15,0.0,0.0,0.0,0.0,0.0,0.0,0.7,0.0,0.133
2025-08-21,风险平价策略,1.0,0.3,0.15,0.15,0.37055417426634046,0.0,0.0,0.0,0.0,0.0,0.3294458257336595,0.0,0.4553821316117162
2025-08-22,风险平价策略,1.0,0.3,0.15,0.15,0.3735417786690446,0.0,0.0,0.0,0.0,0.0,0.32645822133095537,0.0,0.4579813474420688
2025-08-25,风险平价策略,1.0,0.3,0.15,0.15,0.1318597910887623,0.0,0.12487394162634224,0.15926884150720677,0.06683013157899914,0.0,0.11524113584368809,0.10192615835500138,0.27420443075763984
2025-08-26,风险平价策略,1.0,0.3,0.15,0.15,0.13337230786258897,0.0,0.12264714468391123,0.15998462494906227,0.06872379039309945,0.0,0.11026938619529349,0.10500274591604447,0.27601222443257223
2025-08-27,风险平价策略,1.0,0.3,0.15,0.15,0.12759977527787966,0.0,0.14536691446960054,0.18823079168260798,0.0,0.0,0.11462595052975755,0.12417656804015421,0.2726462208823447
2025-08-28,风险平价策略,1.0,0.3,0.15,0.15,0.12932338337414065,0.0,0.14354425626692927,0.18595780131217188,0.0,0.0,0.11490950545984704,0.12626505358691117,0.2743361633009121
2025-08-29,风险平价策略,1.0,0.3,0.15,0.15,0.11651129789904506,0.0,0.12972789973619192,0.1678908472562465,0.06793961589387817,0.0,0.10384176856345007,0.11408857065118823,0.26312426181537574
2025-09-01,风险平价策略,1.0,0.3,0.15,0.15,0.11632036519054534,0.0,0.13086449098896355,0.16535038094225762,0.0681354461034374,0.0,0.10446639435399213,0.11486292242080391,0.26304002008096916
2025-09-02,风险平价策略,1.0,0.3,0.15,0.15,0.13690428381755765,0.0,0.15343877133884762,0.19462752946854087,0.07982576392627144,0.0,0.0,0.13520365144878238,0.286022294219865
2025-09-03,风险平价策略,1.0,0.3,0.15,0.15,0.0,0.0,0.22273548155105485,0.2812727936882962,0.0,0.0,0.0,0.19599172476064894,0.17751900697127787
2025-09-04,风险平价策略,1.0,0.3,0.15,0.15,0.0,0.0,0.3682501211211469,0.0,0.0,0.0,0.0,0.33174987887885304,0.19380998546546235
2025-09-05,风险平价策略,1.0,0.3,0.15,0.15,0.0,0.0,0.22300382464686774,0.2749628154561889,0.0,0.0,0.0,0.20203335989694327,0.17824400318763317
2025-09-08,风险平价策略,1.0,0.3,0.15,0.15,0.0,0.0,0.16147512339851786,0.204221045436533,0.0,0.053018625158855526,0.13130881229743654,0.14997639370865706,0.17654088290153264
2025-09-09,风险平价策略,1.0,0.3,0.15,0.15,0.0,0.0,0.21905942395729128,0.27728099282207247,0.0,0.0,0.0,0.2036595832206362,0.17843914998647636
2025-09-10,风险平价策略,1.0,0.3,0.15,0.15,0.0,0.0,0.2191629359947435,0.27782742528835813,0.0,0.0,0.0,0.20300963871689826,0.17836115664602778
2025-09-11,风险平价策略,1.0,0.3,0.15,0.15,0.0,0.0,0.17470444011625152,0.2214217274560647,0.08715439886655725,0.056018242546174435,0.0,0.16070119101495198,0.18311860571784772
2025-09-12,风险平价策略,1.0,0.3,0.15,0.15,0.0,0.0,0.2196999991587464,0.27841527849027947,0.0,0.0,0.0,0.20188472235097402,0.17822616668211688
2025-09-15,风险平价策略,1.0,0.3,0.15,0.15,0.0,0.0,0.20572089116654949,0.24657165063746397,0.0,0.06192724466842109,0.0,0.18578021352756544,0.18620198477025524
2025-09-16,风险平价策略,1.0,0.3,0.15,0.15,0.0,0.39698038171767547,0.08914599590535398,0.1063544479534838,0.0,0.026878721485836296,0.0,0.08064045293765042,0.11438509825836567
2025-09-17,风险平价策略,1.0,0.3,0.15,0.15,0.0,0.40405635041177085,0.08706226176679698,0.10542773103436812,0.0,0.027268694641034957,0.0,0.07618496214602906,0.11295757929450001
2025-09-18,风险平价策略,1.0,0.3,0.15,0.15,0.0,0.4285829050687933,0.07656434159278516,0.0989508750816515,0.0,0.0280901710496547,0.0,0.06781170720711523,0.10877314004851146
2025-09-19,风险平价策略,1.0,0.3,0.15,0.15,0.0,0.4330294436125886,0.083895646753875,0.10865184314455419,0.0,0.0,0.0,0.07442306648898218,0.1044717930909784
2025-09-22,风险平价策略,1.0,0.3,0.15,0.15,0.0,0.5123286398825259,0.09951193539254287,0.0,0.0,0.0,0.0,0.08815942472493124,0.09541476458285075
2025-09-23,风险平价策略,1.0,0.3,0.15,0.15,0.0,0.0,0.35931044244120836,0.0,0.0,0.0,0.0,0.3406895575587916,0.19488274690705498
2025-09-24,风险平价策略,1.0,0.3,0.15,0.15,0.0,0.0,0.30696513938874176,0.0,0.0,0.10202786590380274,0.0,0.29100699470745556,0.20524529790950313
2025-09-25,风险平价策略,1.0,0.3,0.15,0.15,0.0,0.0,0.19861632053599562,0.2521170908032256,0.0,0.06589916241998856,0.0,0.18336742624079022,0.186547957136093
2025-09-26,风险平价策略,1.0,0.3,0.15,0.15,0.0,0.0,0.19684087613418288,0.2522884678124918,0.0,0.06642422608529548,0.0,0.18444642996802976,0.18676144776981085
2025-09-29,风险平价策略,1.0,0.3,0.15,0.15,0.0,0.0,0.19661505106257557,0.2521656386190418,0.0,0.06650982850546257,0.0,0.18470948181292016,0.18680671037842445
2025-09-30,风险平价策略,1.0,0.3,0.15,0.15,0.0,0.0,0.3615252297513506,0.0,0.0,0.0,0.0,0.3384747702486493,0.19461697242983791
2025-10-09,风险平价策略,1.0,0.3,0.15,0.15,0.0,0.0,0.22014210927834454,0.27381659933593894,0.0,0.0,0.0,0.20604129138571645,0.178724954966286
2025-10-10,风险平价策略,1.0,0.3,0.15,0.15,0.0,0.0,0.2188434376434907,0.28716046222792835,0.0,0.0,0.0,0.19399610012858093,0.17727953201542973
2025-10-13,风险平价策略,1.0,0.3,0.15,0.15,0.0,0.435741545384018,0.08003171617504055,0.10786877422424657,0.0,0.0,0.0,0.07635796421669486,0.10433784707916095
2025-10-14,风险平价策略,1.0,0.3,0.15,0.15,0.0,0.43968592168082776,0.07514489381624317,0.10795364341600593,0.0,0.0,0.0,0.07721554108692315,0.10390826550351903
2025-10-15,风险平价策略,1.0,0.3,0.15,0.15,0.0,0.4390054077197658,0.07534136180090364,0.10825246473815855,0.0,0.0,0.0,0.07740076574117191,0.10402236184677224
2025-10-16,风险平价策略,1.0,0.3,0.15,0.15,0.06963328221898465,0.39638800756775355,0.06602133676694222,0.09796768302884389,0.0,0.0,0.0,0.06998969041747571,0.16737833889239748
2025-10-17,风险平价策略,1.0,0.3,0.15,0.15,0.0,0.5262275367956034,0.08042814556885863,0.0,0.0,0.0,0.0,0.09334431763553787,0.09416060064885808
2025-10-20,风险平价策略,1.0,0.3,0.15,0.15,0.08659798904434197,0.46700060497263585,0.07884593705394602,0.0,0.0,0.0,0.0,0.06755546892907609,0.17180388539743055
2025-10-21,风险平价策略,1.0,0.3,0.15,0.15,0.08660183776341726,0.4669907244501407,0.07884921389796502,0.0,0.0,0.0,0.0,0.06755822388847689,0.17180878278711872
2025-10-22,风险平价策略,1.0,0.3,0.15,0.15,0.07494257847423334,0.4081904129464825,0.06825159535372191,0.10326064484573677,0.0,0.0,0.0,0.04535476837982553,0.16728863237615996
2025-10-23,风险平价策略,1.0,0.3,0.15,0.15,0.18043381647921342,0.0,0.16424977302868002,0.24856137978133128,0.0,0.0,0.0,0.10675503071077522,0.31837500952783226
2025-10-24,风险平价策略,1.0,0.3,0.15,0.15,0.17626220810882184,0.0,0.165911848666003,0.25114758750395066,0.0,0.0,0.0,0.10667835572122436,0.31486165749795725
2025-10-27,风险平价策略,1.0,0.3,0.15,0.15,0.06998199157381858,0.38377750079571615,0.0658795173538482,0.09973398006377959,0.03836041550572435,0.0,0.0,0.04226659470711315,0.16643050583449676
2025-10-28,风险平价策略,1.0,0.3,0.15,0.15,0.07527451698148764,0.40926916210044134,0.05595121165711811,0.08450990021104876,0.041297425593695744,0.0,0.0,0.033697783456208365,0.166435965651572
2025-10-29,风险平价策略,1.0,0.3,0.15,0.15,0.0681800547164645,0.38444183838480495,0.052560713525816434,0.07941609911054978,0.03881439606502236,0.0,0.04495949849414775,0.031627399703194246,0.16220624475009063
2025-10-30,风险平价策略,1.0,0.3,0.15,0.15,0.07276844989687276,0.40885564020583526,0.05340205924602553,0.0832340783454607,0.0,0.0,0.048017829187761804,0.03372194311804388,0.16253608478411777
2025-10-31,风险平价策略,1.0,0.3,0.15,0.15,0.07256853630927555,0.4097854027519374,0.051882648735454194,0.08370154154996928,0.0,0.0,0.04819241335058555,0.03386945730277799,0.1622551036040957
2025-11-03,风险平价策略,1.0,0.3,0.15,0.15,0.07256915349153739,0.4097898960751659,0.0518753172711514,0.08370730187105382,0.0,0.0,0.04819049348539756,0.03386783780569378,0.16225487869486532
2025-11-04,风险平价策略,1.0,0.3,0.15,0.15,0.07503802223378975,0.416507430445856,0.04630894877966289,0.07989194982669796,0.0,0.0,0.04840713581574644,0.03384651289824701,0.16341280303951009
2025-11-05,风险平价策略,0.7,0.21,0.105,0.105,0.08048249683864855,0.4436640571623413,0.04962653726813295,0.08455089457036781,0.04362118598314277,0.0,0.05193096830490598,0.036123859872460654,0.16672379562292824
2025-11-06,风险平价策略,0.7,0.21,0.105,0.105,0.08645574165865101,0.47072760378358414,0.0,0.09109192679184405,0.04703700559048055,0.0,0.05576849089649262,0.03891923127894768,0.16834221956496676
2025-11-07,风险平价策略,0.7,0.21,0.105,0.105,0.0826149150711116,0.43738358740366584,0.05012804549396714,0.08593565407136737,0.044107045515313935,0.0,0.05262579675429245,0.03720495569028169,0.16947663559559703
2025-11-10,风险平价策略,0.7,0.21,0.105,0.105,0.0801050743394871,0.4240430489441572,0.04859894761860617,0.08331388393496571,0.042763215429439436,0.024078510338495708,0.05102308089798337,0.0360742384968654,0.17292086083884603
2025-11-11,风险平价策略,0.7,0.21,0.105,0.105,0.08072201086899956,0.4256907512047279,0.049061247270349016,0.0822206520330741,0.04122677968532222,0.024004007899900988,0.0507922160201307,0.03628233501749559,0.1732212604996543
2025-11-12,风险平价策略,0.7,0.21,0.105,0.105,0.08461074561122475,0.44618038422913553,0.0514231031816075,0.08619153015943365,0.0432077171910677,0.025157967816233997,0.05322855181129695,0.0,0.16949916991066472
2025-11-13,风险平价策略,0.7,0.21,0.105,0.105,0.08500638246535087,0.43893563673167635,0.053145086370401246,0.08924620497999715,0.045017624976283914,0.023427225458323903,0.055221839017966616,0.0,0.1704909274646741
2025-11-14,风险平价策略,0.7,0.21,0.105,0.105,0.08376699964254815,0.446550653030965,0.051865460671901904,0.08150700977886224,0.0460323445768155,0.023946505988489825,0.05633102631041741,0.0,0.16848177515517418
2025-11-17,风险平价策略,0.7,0.21,0.105,0.105,0.07433787290625916,0.4665046303173825,0.051397707238322765,0.07755129617477528,0.04710387715833219,0.024947741644437568,0.04815687456049072,0.0,0.1582836593462897
2025-11-18,风险平价策略,0.7,0.21,0.105,0.105,0.07147799731701583,0.47874675066961647,0.049313844028053826,0.06828882799870957,0.046781708975457664,0.025756682560697634,0.04963418845044905,0.0,0.1543105670518478
2025-11-19,风险平价策略,0.5,0.15,0.075,0.075,0.07765209394050633,0.5126996612179208,0.05354623943477032,0.07416586638774833,0.05082856833464308,0.027989268320372063,0.05311830236403905,0.0,0.1564063241892908
2025-11-20,风险平价策略,0.5,0.15,0.075,0.075,0.08050080381839386,0.531147890931901,0.05555611495095159,0.0760193545062343,0.0521030772934013,0.0,0.05467275849911802,0.0,0.1517965579496047
2025-11-21,风险平价策略,0.5,0.15,0.075,0.075,0.07276233424753435,0.581006026809887,0.0,0.07674659109376414,0.0567160428823567,0.0,0.06276900496645779,0.0,0.13836863742842395
2025-11-24,风险平价策略,0.5,0.15,0.075,0.075,0.07927553988542375,0.6392691791920384,0.0,0.0,0.062408875740390835,0.0,0.06904640518214705,0.0,0.13584281091477027
2025-11-25,风险平价策略,0.5,0.15,0.075,0.075,0.19980103342297748,0.0,0.0,0.21292470632911537,0.15499298665714317,0.0,0.17423269538066183,0.108048578210102,0.3341216464656649
2025-11-26,风险平价策略,0.5,0.15,0.075,0.075,0.19279126360362048,0.0,0.0,0.21351513904902056,0.157272708913139,0.0,0.17717936004490836,0.10924152838931163,0.3283109911215428
2025-11-27,风险平价策略,0.5,0.15,0.075,0.075,0.19361066262054952,0.0,0.0,0.2144963416174233,0.154257388317879,0.0,0.17799548848947414,0.10964011895467399,0.32899248010431703
2025-11-28,风险平价策略,0.5,0.15,0.075,0.075,0.16116381740553692,0.0,0.14243714241911726,0.17874131085143788,0.12855135227073244,0.0,0.14773806979476808,0.09136830725840735,0.30019517492052417
2025-12-01,风险平价策略,0.5,0.15,0.075,0.075,0.16123692460766414,0.0,0.14250916236154812,0.1788579784962288,0.12862511074184524,0.0,0.14735750998801556,0.09141331380469811,0.30027414013477965
2025-12-02,风险平价策略,0.5,0.15,0.075,0.075,0.0,0.0,0.17376868286646424,0.22263759830103114,0.15845613425241428,0.0,0.1831356422193562,0.11200194236073402,0.16653072515923154
2025-12-03,风险平价策略,0.5,0.15,0.075,0.075,0.0,0.0,0.22254860922587083,0.28520574812711247,0.19965934778766475,0.0,0.0,0.14258629485935195,0.1761069488609989
2025-12-04,风险平价策略,0.5,0.15,0.075,0.075,0.0,0.0,0.2233443183260734,0.28671735747430194,0.1990383924359348,0.0,0.0,0.14089993176368978,0.17589837573600212
2025-12-05,风险平价策略,0.5,0.15,0.075,0.075,0.0,0.0,0.22543366487160818,0.28957208269285767,0.19298387724433272,0.0,0.0,0.1420103751912013,0.17597108379538748
2025-12-08,风险平价策略,0.5,0.15,0.075,0.075,0.0,0.0,0.2947167985811218,0.37137548219953465,0.0,0.0,0.0,0.18390771921934349,0.1790689263063212
2025-12-09,风险平价策略,0.5,0.15,0.075,0.075,0.0,0.0,0.29288920705083044,0.31475782567837224,0.0,0.0,0.0,0.24235296727079728,0.18608235607249568
2025-12-10,风险平价策略,0.5,0.15,0.075,0.075,0.0,0.0,0.29294705092716306,0.3148975306016244,0.0,0.0,0.0,0.24215541847121264,0.18605865021654552
2025-12-11,风险平价策略,0.5,0.15,0.075,0.075,0.0,0.0,0.85,0.0,0.0,0.0,0.0,0.0,0.157
2025-12-12,风险平价策略,0.5,0.15,0.075,0.075,0.0,0.0,0.2932842074284965,0.3145766399445225,0.0,0.0,0.0,0.242139152626981,0.18605669831523775
2025-12-15,风险平价策略,0.5,0.15,0.075,0.075,0.0,0.0,0.2761984163183134,0.3103979968432776,0.0,0.0,0.0,0.263403586838409,0.1886084304206091
2025-12-16,风险平价策略,0.5,0.15,0.075,0.075,0.0,0.0,0.27709358061870104,0.3170957825833076,0.0,0.0,0.0,0.2558106367979913,0.18769727641575895
2025-12-17,风险平价策略,0.5,0.15,0.075,0.075,0.0,0.0,0.27711179669385144,0.31713096865860957,0.0,0.0,0.0,0.25575723464753886,0.18769086815770464
2025-12-18,风险平价策略,0.5,0.15,0.075,0.075,0.0,0.0,0.2765953777565032,0.3174547554522932,0.0,0.0,0.0,0.25594986679120346,0.1877139840149444
2025-12-19,风险平价策略,0.5,0.15,0.075,0.075,0.0,0.0,0.2025191860494198,0.23243029157149714,0.22784476705816156,0.0,0.0,0.18720575532092162,0.18174313830909225
2025-12-22,风险平价策略,0.5,0.15,0.075,0.075,0.0,0.0,0.20236309614666423,0.23232937705984497,0.2280021649024827,0.0,0.0,0.187305361891008,0.1817566650759458
2025-12-23,风险平价策略,0.7,0.21,0.105,0.105,0.0,0.5365723025274893,0.060167892315578876,0.06928305081115212,0.06806029516839938,0.0,0.0,0.055916459177380334,0.09075331721175858
2025-12-24,风险平价策略,0.7,0.21,0.105,0.105,0.0,0.5365842430319914,0.060163131859475874,0.06928092051430823,0.06805952297371938,0.0,0.0,0.055912181620505104,0.09075118421487897
2025-12-25,风险平价策略,0.7,0.21,0.105,0.105,0.0,0.5362237509322019,0.06057438941390096,0.06919070855322491,0.0684786942346946,0.0,0.0,0.05553245686597755,0.09075847539041698
2025-12-26,风险平价策略,0.7,0.21,0.105,0.105,0.0,0.53621843211843,0.06057456519540237,0.06918993069655859,0.06848466282480573,0.0,0.0,0.05553240916480328,0.0907592473920364
2025-12-29,风险平价策略,0.7,0.21,0.105,0.105,0.0,0.0,0.2121034974808686,0.24201344106210843,0.16196675204881641,0.0,0.0,0.17391630940820652,0.17828962464947296
2025-12-30,风险平价策略,0.7,0.21,0.105,0.105,0.0,0.0,0.2093165369693428,0.2512014203750588,0.1672998167594963,0.0,0.0,0.16218222589610215,0.17693486527512725
2025-12-31,风险平价策略,1.0,0.3,0.15,0.15,0.0,0.0,0.18815572646492534,0.225704651722062,0.1457420976374217,0.0,0.0,0.14039752417559098,0.17230512387744515
2026-01-05,风险平价策略,1.0,0.3,0.15,0.15,0.0,0.45082461699213566,0.0676396501902484,0.08123946208510673,0.04985331722466833,0.0,0.0,0.050442953507840844,0.09969036429924927
2026-01-06,风险平价策略,1.0,0.3,0.15,0.15,0.0,0.0,0.1899442878175668,0.22808985746249352,0.14021488321371756,0.0,0.0,0.14175097150622218,0.17241226541288385
2026-01-07,风险平价策略,1.0,0.3,0.15,0.15,0.0,0.0,0.12611979242611057,0.18340750668814004,0.11157293996377134,0.0,0.17120543928493945,0.10769432163703861,0.16290288481753418
2026-01-08,风险平价策略,1.0,0.3,0.15,0.15,0.0,0.0,0.12177527159125741,0.14654304124121906,0.11896540780136677,0.0,0.17828363565620692,0.1344326437099498,0.16597306225352143
2026-01-09,风险平价策略,1.0,0.3,0.15,0.15,0.0,0.0,0.121779905185338,0.1465473205782304,0.11897366856253158,0.0,0.1782685093114285,0.1344305963624715,0.16597335296977905
2026-01-12,风险平价策略,1.0,0.3,0.15,0.15,0.0,0.0,0.12177705355948092,0.1465456794045241,0.11896891044587475,0.0,0.17827994961187987,0.13442840697824024,0.16597269945349116
2026-01-13,风险平价策略,1.0,0.3,0.15,0.15,0.0,0.0,0.1354064495930311,0.1643929835392202,0.1420218497315351,0.09751532246860173,0.0,0.1606633946676119,0.19030227745240508
2026-01-14,风险平价策略,1.0,0.3,0.15,0.15,0.0,0.46207453168012075,0.04615347285582116,0.05612215121606742,0.04765381266010541,0.03327196825045708,0.0,0.05472406333742815,0.10398687887034927
2026-01-15,风险平价策略,1.0,0.3,0.15,0.15,0.0,0.47068023963108957,0.0436274609228964,0.05385047950873535,0.04449180475092779,0.03363296534860299,0.0,0.05371704983774785,0.1027304061336184
2026-01-16,风险平价策略,1.0,0.3,0.15,0.15,0.0,0.48432075777343836,0.038788626441557277,0.04679973516586392,0.044198781959270766,0.03121649456827175,0.0,0.05467560409159796,0.10061439714209378
2026-01-19,风险平价策略,1.0,0.3,0.15,0.15,0.0,0.4841750740181169,0.03881937800792721,0.046835936055892,0.04424224510984994,0.03120469928850614,0.0,0.054722667519707786,0.10063825944717864
2026-01-20,风险平价策略,1.0,0.3,0.15,0.15,0.0,0.443326762033741,0.035571588498995686,0.04267724200339983,0.040523859916583964,0.02856546679694468,0.05921865077687062,0.05011642997346415,0.10336401248563153
2026-01-21,风险平价策略,1.0,0.3,0.15,0.15,0.0,0.4841574098145362,0.03889566560016566,0.046694754111101355,0.044288114981668986,0.03122238203483466,0.0,0.05474167345769319,0.10064621276535105
2026-01-22,风险平价策略,1.0,0.3,0.15,0.15,0.0,0.0,0.09669533469836905,0.1162633815436017,0.11153546720048474,0.07862665992214797,0.16075665695484065,0.13612249968055576,0.17920762051256997
2026-01-23,风险平价策略,1.0,0.3,0.15,0.15,0.0,0.0,0.10967165903228022,0.13188790546851034,0.12654062878547373,0.0,0.17768291992569127,0.15421688678804443,0.16844094510464935
2026-01-26,风险平价策略,1.0,0.3,0.15,0.15,0.0,0.0,0.09759501379758054,0.11698235228703903,0.11242011800180714,0.07768358785292526,0.15810914790594643,0.1372097801547016,0.17927547441787192
2026-01-27,风险平价策略,1.0,0.3,0.15,0.15,0.0,0.0,0.16234364776072738,0.1949358266789807,0.0,0.11544566164314699,0.0,0.22727486391714483,0.1997442895329609
2026-01-28,风险平价策略,1.0,0.3,0.15,0.15,0.0,0.45224889115656386,0.03630417137517614,0.04359381965850562,0.032989707948603945,0.02581653653121057,0.05822490788393636,0.050821965446003425,0.10175883123534593
2026-01-29,风险平价策略,1.0,0.3,0.15,0.15,0.0,0.4524463762114418,0.03632745466645667,0.04350395039642728,0.032787296385365206,0.025840686858829738,0.05825301339250613,0.050841222088973126,0.10173547832162336
2026-01-30,风险平价策略,1.0,0.3,0.15,0.15,0.0,0.5148659267644246,0.02294110131474053,0.027930590830107727,0.03202901687623296,0.029313823648315765,0.05160730083337394,0.021312239732804453,0.09051285158223085
2026-02-02,风险平价策略,1.0,0.3,0.15,0.15,0.0,0.6351306956010014,0.0,0.0,0.02935676186002608,0.023980230524231122,0.0,0.011532312014741395,0.07377163803811103
2026-02-03,风险平价策略,1.0,0.3,0.15,0.15,0.0,0.6351125965064484,0.0,0.0,0.02936963946384042,0.02398612902247021,0.0,0.011531635007241005,0.07377507271073204
2026-02-04,风险平价策略,1.0,0.3,0.15,0.15,0.0,0.6161784010267101,0.02079167982280813,0.0,0.028529292270637607,0.02329931540718671,0.0,0.011201311472657434,0.07617325662596929
2026-02-05,风险平价策略,1.0,0.3,0.15,0.15,0.06515203015888311,0.5612671812796375,0.017283158497554327,0.0,0.024913102395849075,0.021472168539038904,0.0,0.009912359129036994,0.1378307969463999
2026-02-06,风险平价策略,1.0,0.3,0.15,0.15,0.06643909267834593,0.5758096697532936,0.0,0.0,0.02558256919294683,0.02204935432845701,0.0,0.010119314046956521,0.1370725725032333
2026-02-09,风险平价策略,1.0,0.3,0.15,0.15,0.06647438104239009,0.5759378194692405,0.0,0.0,0.025595800477003033,0.02186950300539548,0.0,0.010122496005970871,0.13705665245361
2026-02-10,风险平价策略,1.0,0.3,0.15,0.15,0.06648544622571136,0.5759191023635337,0.0,0.0,0.025601474878236413,0.021873840435507188,0.0,0.01012013609701128,0.13706894156062535
2026-02-11,风险平价策略,1.0,0.3,0.15,0.15,0.06114867298192138,0.5296317447068828,0.0,0.0,0.023545204895791094,0.02011684462805995,0.056250332716025433,0.009307200071319273,0.13674810098590984
2026-02-12,风险平价策略,1.0,0.3,0.15,0.15,0.05744815886005226,0.519643638786743,0.01592912709995544,0.0,0.022798405618130457,0.019795294603056474,0.05527145897672128,0.009113916055341039,0.13493531955624322
2026-02-13,风险平价策略,1.0,0.3,0.15,0.15,0.055555451318960176,0.5164791060103718,0.01597373250165178,0.0,0.02440218678841786,0.018345842616179615,0.05966459627215398,0.009579084492264642,0.1334808087339064
2026-02-24,风险平价策略,1.0,0.3,0.15,0.15,0.055655162650197126,0.5171316132483808,0.01600461523987715,0.0,0.024445647304547014,0.018374819120241234,0.05879351966812899,0.009594622768627652,0.1335095455121097
2026-02-25,风险平价策略,1.0,0.3,0.15,0.15,0.05721137056481276,0.5109708475764956,0.016673538829986345,0.0,0.024998104517173818,0.018804428558235452,0.061341130881127255,0.010000579072168794,0.13569501202833167
2026-02-26,风险平价策略,1.0,0.3,0.15,0.15,0.05898165714709981,0.5057431213874553,0.01717086732963009,0.0,0.025225303803818096,0.019121941119270573,0.06345777178031951,0.010299337432406575,0.13791322157185804
2026-02-27,风险平价策略,1.0,0.3,0.15,0.15,0.06118541984333332,0.5246574899863654,0.017813344745914693,0.0,0.0,0.019837758974677485,0.06582135936820355,0.0106846270815055,0.13704854742492362
2026-03-02,风险平价策略,0.7,0.21,0.105,0.105,0.06495852069857734,0.5570025265985696,0.01890800199248644,0.01924659362312407,0.02777336405271224,0.02106040041421121,0.06970713085907626,0.011343461761242778,0.13808721548837583
2026-03-03,风险平价策略,0.7,0.21,0.105,0.105,0.067322401798006,0.569034382579289,0.01908014253659052,0.0,0.02881603003299918,0.021842797467917587,0.07226494203011798,0.011639303555079876,0.1385429519230239
2026-03-04,风险平价策略,0.7,0.21,0.105,0.105,0.06173798811263476,0.5742554090747165,0.0,0.019460080345381436,0.02921112544459324,0.02217037044009756,0.07177846393684989,0.011386562645726657,0.13318783391376973
2026-03-05,风险平价策略,0.7,0.21,0.105,0.105,0.06427198027744112,0.5974836793925858,0.0,0.0,0.030417644399614835,0.023085150633775645,0.07474154529658265,0.0,0.13088372090155423
2026-03-06,风险平价策略,0.7,0.21,0.105,0.105,0.06432339139051282,0.5973073632413788,0.0,0.0,0.030444664317681013,0.023105937304718046,0.07481864374570928,0.0,0.13095199203000504
2026-03-09,风险平价策略,0.7,0.21,0.105,0.105,0.23749937668857435,0.0,0.0,0.07505233443388523,0.113354321205504,0.08611535178222257,0.2779786158898138,0.0,0.3618721174389187
2026-03-10,风险平价策略,0.7,0.21,0.105,0.105,0.22786089031818776,0.0,0.0703846578770848,0.07253377790522368,0.09686124785336818,0.04413447511138137,0.23544204188258394,0.042782909052170345,0.35330396419341537
2026-03-11,风险平价策略,0.7,0.21,0.105,0.105,0.250182601566346,0.0,0.0,0.07963336001666843,0.10637455653955796,0.04832711561539393,0.258509999919392,0.04697236634264164,0.37263085334312446
2026-03-12,风险平价策略,1.0,0.3,0.15,0.15,0.22242449711320347,0.0,0.0,0.07080165631416065,0.09456608729327153,0.04296481430074414,0.2275542647944314,0.04168868018418874,0.3468326224144124
2026-03-13,风险平价策略,1.0,0.3,0.15,0.15,0.2241778689458903,0.0,0.0,0.06966287874256388,0.0925335187323276,0.043249255780958666,0.22912150986318067,0.04125496793507881,0.34823157688313855
2026-03-16,风险平价策略,1.0,0.3,0.15,0.15,0.23831236358261718,0.0,0.0,0.07403125640459607,0.09837086361984804,0.045938005035916954,0.20084235730884076,0.042505154048180956,0.3615915226178601
2026-03-17,风险平价策略,1.0,0.3,0.15,0.15,0.254954031402756,0.0,0.0,0.07839614394525962,0.1034434196888215,0.0486921201703616,0.21451428479280119,0.0,0.3705511312586771
2026-03-18,风险平价策略,0.7,0.21,0.105,0.105,0.2933953757428963,0.0,0.0,0.0933159353297466,0.11460463734790453,0.0553485891921624,0.2333354623872902,0.0,0.40525387239663924
2026-03-19,风险平价策略,0.7,0.21,0.105,0.105,0.29098725454026947,0.0,0.0,0.08740608020573289,0.11758073559409052,0.05604953832920824,0.23797639133069898,0.0,0.4032337355625196
2026-03-20,风险平价策略,0.7,0.21,0.105,0.105,0.29476332091067237,0.0,0.0,0.09111236199844565,0.1074691411855509,0.052745252529725964,0.24390992337560513,0.0,0.4055978236803083
2026-03-23,风险平价策略,0.5,0.15,0.075,0.075,0.0,0.0,0.0,0.15161583005567494,0.20413303328528373,0.09733301321963629,0.3969181234394049,0.0,0.16270706874481247
2026-03-24,风险平价策略,0.5,0.15,0.075,0.075,0.3026374034596884,0.0,0.0,0.0,0.14166353785403119,0.07251743149461051,0.3331816271916698,0.0,0.4142393945080662
2026-03-25,风险平价策略,0.7,0.21,0.105,0.105,0.24164314054096706,0.0,0.0,0.12409343656759395,0.11066810974274788,0.05723838056739062,0.2563569325813005,0.0,0.3613543520651833
2026-03-26,风险平价策略,0.7,0.21,0.105,0.105,0.28602671385543305,0.0,0.0,0.0,0.1314463687043102,0.06796960564587004,0.3045573117943868,0.0,0.3991153208751145
2026-03-27,风险平价策略,0.5,0.15,0.075,0.075,0.25973965494418644,0.0,0.0,0.13357264404295252,0.11966741898965759,0.06187946699529611,0.2751408150279073,0.0,0.37802447461142336
2026-03-30,风险平价策略,0.5,0.15,0.075,0.075,0.25999900743965915,0.0,0.0,0.1337477507810675,0.11860963110064908,0.062025446848089374,0.27561816383053483,0.0,0.37824078914109843
2026-03-31,风险平价策略,0.5,0.15,0.075,0.075,0.2633765413840486,0.0,0.0,0.135583657317399,0.11812193238460784,0.06145728487645794,0.27146058403748663,0.0,0.38110686214555556
2026-04-01,风险平价策略,0.5,0.15,0.075,0.075,0.3494368651048342,0.0,0.0,0.0,0.12603449155893387,0.06148361553488238,0.3130450278013496,0.0,0.45223333925519077
2026-04-02,风险平价策略,0.5,0.15,0.075,0.075,0.3505588195217224,0.0,0.0,0.0,0.1261619192648564,0.061518612981937025,0.3117606482314842,0.0,0.4532211862210608
2026-04-03,风险平价策略,0.5,0.15,0.075,0.075,0.546803768748373,0.0,0.0,0.0,0.2038132758952786,0.09938295535634836,0.0,0.0,0.6342545713646018
2026-04-07,风险平价策略,0.5,0.15,0.075,0.075,0.0,0.0,0.0,0.0,0.85,0.0,0.0,0.0,0.1655
2026-04-08,风险平价策略,0.5,0.15,0.075,0.075,0.07309330069827463,0.7544180623181769,0.0,0.0,0.022488636983548534,0.0,0.0,0.0,0.1167768205434323
2026-04-09,风险平价策略,0.5,0.15,0.075,0.075,0.0,0.8370519985308004,0.0,0.0,0.0,0.012948001469199527,0.0,0.0,0.04606966043341386
2026-04-10,风险平价策略,0.5,0.15,0.075,0.075,0.06035051105906477,0.6272434097338675,0.028952622541760304,0.03132129539687249,0.0184518159130942,0.009809938602321475,0.05942061695023555,0.014449789802783712,0.12472203357887165
2026-04-13,风险平价策略,0.5,0.15,0.075,0.075,0.0,0.85,0.0,0.0,0.0,0.0,0.0,0.0,0.04225
2026-04-14,风险平价策略,0.5,0.15,0.075,0.075,0.0,0.8124937305349833,0.037506269465016596,0.0,0.0,0.0,0.0,0.0,0.04731334637777724
2026-04-15,风险平价策略,0.7,0.21,0.105,0.105,0.0,0.7551496457991838,0.03485035420081622,0.0,0.0,0.0,0.0,0.0,0.053854797817110195
2026-04-16,风险平价策略,0.7,0.21,0.105,0.105,0.0,0.7207241808014448,0.033287244813905104,0.035988574384650106,0.0,0.0,0.0,0.0,0.05850223559180496
2026-04-17,风险平价策略,0.7,0.21,0.105,0.105,0.0,0.7213412319376533,0.03304719642013457,0.03561157164221211,0.0,0.0,0.0,0.0,0.0584189336884168
2026-04-20,风险平价策略,0.7,0.21,0.105,0.105,0.0,0.7070839737310454,0.032717217067177104,0.03389624412578448,0.0,0.0,0.0,0.016302565075993133,0.06229997135542807
2026-04-21,风险平价策略,0.7,0.21,0.105,0.105,0.06170174001048283,0.6522151586979885,0.03006741551221265,0.030985742227009654,0.0,0.0,0.0,0.015029943552306399,0.12138400841085391
2026-04-22,风险平价策略,0.7,0.21,0.105,0.105,0.06144500361713155,0.6524496152615396,0.030075719356163908,0.030994039585531506,0.0,0.0,0.0,0.015035622179633555,0.1211373796396387
2026-04-23,风险平价策略,0.7,0.21,0.105,0.105,0.06242967662922976,0.631630048111357,0.030531794578499475,0.031076238305024158,0.019333742413578683,0.0,0.0,0.014998499962310965,0.12496402929313292
2026-04-24,风险平价策略,0.7,0.21,0.105,0.105,0.06463920541930716,0.6466658902598792,0.03141058872654186,0.031883149412211896,0.0,0.0,0.0,0.015401166182059991,0.12464517730898154
2026-04-27,风险平价策略,1.0,0.3,0.15,0.15,0.06072968192289408,0.5615081220213438,0.03102751603297474,0.031459684818952664,0.0,0.0,0.0,0.01527499520383462,0.13104233576680976
2026-04-28,风险平价策略,1.0,0.3,0.15,0.15,0.0,0.6270538089548131,0.03445961921169012,0.0,0.021623766785256092,0.0,0.0,0.016862805048240528,0.07158751006474164
2026-04-29,风险平价策略,1.0,0.3,0.15,0.15,0.0,0.5875795387663746,0.03205041197464387,0.0,0.020124243577204593,0.0,0.0602458056817769,0.0,0.07307063053185817
2026-04-30,风险平价策略,1.0,0.3,0.15,0.15,0.0,0.576877446212004,0.03169975962584163,0.0,0.020137126252175605,0.010893286640964176,0.06039238126901458,0.0,0.07625407044838504
2026-05-06,风险平价策略,1.0,0.3,0.15,0.15,0.0,0.571109111701558,0.032193666717053225,0.0,0.02057376222279065,0.0,0.06005621529088248,0.01606724406771574,0.07723239037191701
2026-05-07,风险平价策略,1.0,0.3,0.15,0.15,0.0,0.5915604111025073,0.03328531956272012,0.0,0.0,0.0,0.058551706489144706,0.01660256284562786,0.07437510084796252
2026-05-08,风险平价策略,1.0,0.3,0.15,0.15,0.0,0.5915704114969763,0.033276117836663587,0.0,0.0,0.0,0.0585848760832055,0.016568594583154513,0.07436867951539057
2026-05-11,风险平价策略,1.0,0.3,0.15,0.15,0.0,0.5818035521378202,0.03273602353358184,0.0,0.01783851875553454,0.010002368234768544,0.05761953733829479,0.0,0.07550669844636373
2026-05-12,风险平价策略,1.0,0.3,0.15,0.15,0.0,0.5819524063367788,0.032742591602217555,0.0,0.01781532543537069,0.010006313293271849,0.05748336333236103,0.0,0.07549108762584122
2026-05-13,风险平价策略,1.0,0.3,0.15,0.15,0.0,0.5579833321300502,0.03136705272568846,0.029040959528763847,0.016929547821088367,0.009550568983796949,0.055128538810612075,0.0,0.07871578051374324
2026-05-14,风险平价策略,1.0,0.3,0.15,0.15,0.056807599339422095,0.5452225704002743,0.029053424610665922,0.0,0.016520219964504704,0.0,0.05239618568513289,0.0,0.12670665307016857
2026-05-15,风险平价策略,1.0,0.3,0.15,0.15,0.0,0.5960815163287435,0.028348994512281896,0.0,0.017964562893944172,0.010102674136749985,0.047502252128280444,0.0,0.07390000122259066
2026-05-18,风险平价策略,0.5,0.15,0.075,0.075,0.0,0.7239766419699389,0.0342665351429291,0.0,0.021798718631894105,0.012256442022773711,0.05770166223246409,0.0,0.059711121377047045
2026-05-19,风险平价策略,0.5,0.15,0.075,0.075,0.0,0.7240549719446343,0.03426608660287146,0.0,0.021695943486940462,0.012266654254832437,0.057716343710721235,0.0,0.05970071259179531
2026-05-20,风险平价策略,0.5,0.15,0.075,0.075,0.0,0.7258075877879558,0.03384764646662709,0.0,0.021540076147085883,0.01209825907999584,0.05670643051833535,0.0,0.0594659049473461
2026-05-21,风险平价策略,0.5,0.15,0.075,0.075,0.0,0.7194013064259677,0.03693717084211658,0.0,0.023586561626124977,0.012779238177485682,0.057295722928304975,0.0,0.06044249566930416
2026-05-22,风险平价策略,0.5,0.15,0.075,0.075,0.0,0.7369105817809187,0.03908999005245836,0.0,0.0,0.013312881861358717,0.0606865463052642,0.0,0.057826536168235444
2026-05-25,风险平价策略,0.5,0.15,0.075,0.075,0.0,0.8073488835027328,0.0426511164972671,0.0,0.0,0.0,0.0,0.0,0.048007900727131056
2026-05-26,风险平价策略,0.5,0.15,0.075,0.075,0.0,0.8076610627853475,0.04233893721465243,0.0,0.0,0.0,0.0,0.0,0.04796575652397808
2026-05-27,风险平价策略,0.5,0.15,0.075,0.075,0.0,0.8078089079174932,0.042191092082506786,0.0,0.0,0.0,0.0,0.0,0.047945797431138415
2026-05-28,风险平价策略,0.5,0.15,0.075,0.075,0.0,0.7512153118945926,0.038847568959551354,0.0,0.0,0.0,0.059937119145856116,0.0,0.05378781931985433
2026-05-29,风险平价策略,0.5,0.15,0.075,0.075,0.0,0.8082415100213122,0.04175848997868784,0.0,0.0,0.0,0.0,0.0,0.04788739614712286
2026-06-01,风险平价策略,0.5,0.15,0.075,0.075,0.0,0.8083104512765746,0.041689548723425354,0.0,0.0,0.0,0.0,0.0,0.047878089077662424
2026-06-02,风险平价策略,0.5,0.15,0.075,0.075,0.0,0.7709006423099121,0.03975691747820491,0.03934244021188302,0.0,0.0,0.0,0.0,0.05292841328816187
2026-06-03,风险平价策略,0.5,0.15,0.075,0.075,0.0,0.8057821447322882,0.04421785526771174,0.0,0.0,0.0,0.0,0.0,0.04821941046114109
2026-06-04,风险平价策略,0.3,0.09,0.045,0.045,0.0,0.8663427754852079,0.0436572245147921,0.0,0.0,0.0,0.0,0.0,0.04124372530949694
2026-06-05,风险平价策略,0.3,0.09,0.045,0.045,0.0,0.8649914414559093,0.0450085585440907,0.0,0.0,0.0,0.0,0.0,0.04142615540345225
2026-06-08,风险平价策略,0.3,0.09,0.045,0.045,0.0,0.91,0.0,0.0,0.0,0.0,0.0,0.0,0.035350000000000006
2026-06-09,风险平价策略,0.3,0.09,0.045,0.045,0.0,0.91,0.0,0.0,0.0,0.0,0.0,0.0,0.035350000000000006
2026-06-10,风险平价策略,0.3,0.09,0.045,0.045,0.0,0.91,0.0,0.0,0.0,0.0,0.0,0.0,0.035350000000000006
2026-06-11,风险平价策略,0.3,0.09,0.045,0.045,0.0,0.8767287162064769,0.0,0.0,0.03327128379352332,0.0,0.0,0.0,0.040174336150060885
2026-06-12,风险平价策略,0.3,0.09,0.045,0.045,0.09135142914928891,0.8186485708507111,0.0,0.0,0.0,0.0,0.0,0.0,0.1244176434205567
2026-06-15,风险平价策略,0.3,0.09,0.045,0.045,0.07874665090767745,0.7793219802133752,0.051931368878947434,0.0,0.0,0.0,0.0,0.0,0.11913871943364342
2026-06-16,风险平价策略,0.7,0.21,0.105,0.105,0.0,0.0,0.79,0.0,0.0,0.0,0.0,0.0,0.15580000000000002
2026-06-17,风险平价策略,0.7,0.21,0.105,0.105,0.0,0.7427049819538049,0.04729501804619517,0.0,0.0,0.0,0.0,0.0,0.055534827436236354
2026-06-18,风险平价策略,0.7,0.21,0.105,0.105,0.0,0.7437238999189753,0.046276100081024785,0.0,0.0,0.0,0.0,0.0,0.05539727351093835
2026-06-22,风险平价策略,0.7,0.21,0.105,0.105,0.0,0.7436683706829201,0.04633162931707981,0.0,0.0,0.0,0.0,0.0,0.05540476995780578
2026-06-23,风险平价策略,1.0,0.3,0.15,0.15,0.0,0.7,0.0,0.0,0.0,0.0,0.0,0.0,0.0595
2026-06-24,风险平价策略,1.0,0.3,0.15,0.15,0.0,0.7,0.0,0.0,0.0,0.0,0.0,0.0,0.0595
2026-06-25,风险平价策略,1.0,0.3,0.15,0.15,0.0,0.7,0.0,0.0,0.0,0.0,0.0,0.0,0.0595
2026-06-26,风险平价策略,1.0,0.3,0.15,0.15,0.0,0.7,0.0,0.0,0.0,0.0,0.0,0.0,0.0595
2026-06-29,风险平价策略,1.0,0.3,0.15,0.15,0.0,0.7,0.0,0.0,0.0,0.0,0.0,0.0,0.0595
2026-06-30,风险平价策略,1.0,0.3,0.15,0.15,0.0,0.7,0.0,0.0,0.0,0.0,0.0,0.0,0.0595
2026-07-01,风险平价策略,1.0,0.3,0.15,0.15,0.03990267101190966,0.48507343513439544,0.032822080020240715,0.026483109730313457,0.016819473429040308,0.011242956854803626,0.06856757590323871,0.019088697916058023,0.12423401421074952
2026-07-02,风险平价策略,1.0,0.3,0.15,0.15,0.0,0.0,0.0,0.0,0.0,0.0,0.7,0.0,0.133
2026-07-03,风险平价策略,0.7,0.21,0.105,0.105,0.0,0.0,0.0,0.0,0.0,0.0,0.79,0.0,0.13210000000000002
2026-07-06,风险平价策略,0.7,0.21,0.105,0.105,0.0,0.0,0.0,0.0,0.0,0.0,0.79,0.0,0.13210000000000002
2026-07-07,风险平价策略,0.7,0.21,0.105,0.105,0.0,0.6926608796613026,0.0,0.0,0.0,0.0,0.09733912033869739,0.0,0.05937060763556323
2026-07-08,风险平价策略,0.7,0.21,0.105,0.105,0.0,0.6926543436265358,0.0,0.0,0.0,0.0,0.09734565637346425,0.0,0.05937129391921375
2026-07-09,风险平价策略,0.7,0.21,0.105,0.105,0.0,0.6911504572676862,0.0,0.0,0.0,0.0,0.0988495427323138,0.0,0.05952920198689295
2026-07-10,风险平价策略,0.7,0.21,0.105,0.105,0.0,0.6307500351089241,0.04384512578938596,0.0,0.0,0.0,0.09022095953636076,0.02518387956532906,0.0709641820220439
2026-07-13,风险平价策略,0.7,0.21,0.105,0.105,0.0,0.6901550210988727,0.0,0.0,0.0,0.0,0.09984497890112727,0.0,0.05963372278461837
2026-07-14,风险平价策略,0.7,0.21,0.105,0.105,0.0,0.6901876695206556,0.0,0.0,0.0,0.0,0.09981233047934449,0.0,0.059630294700331175
2026-07-15,风险平价策略,0.7,0.21,0.105,0.105,0.05258389031087668,0.6440784870744196,0.0,0.0,0.0,0.0,0.09333762261470376,0.0,0.11021974342764866
2026-07-16,风险平价策略,0.7,0.21,0.105,0.105,0.05077858500398115,0.6315434028173306,0.0,0.0,0.0,0.014798282176305582,0.09287973000238274,0.0,0.11277698527114197
2026-07-17,风险平价策略,0.7,0.21,0.105,0.105,0.05085897597307789,0.6324820936183335,0.0,0.0,0.0,0.01470561940985248,0.09195331099873623,0.0,0.11273075695452474
2026-07-20,风险平价策略,0.5,0.15,0.075,0.075,0.053789849078709887,0.6604282689005011,0.0,0.0,0.022982538789791767,0.015551416643823252,0.09724792658717396,0.0,0.11282627117784308
2026-07-21,风险平价策略,0.5,0.15,0.075,0.075,0.04911145161061977,0.6288955278090231,0.04362954503620617,0.0,0.02130816153480214,0.014287950181786848,0.09276736382756197,0.0,0.11306885582830956
2026-07-22,风险平价策略,0.25,0.075,0.0375,0.0375,0.051894367703506555,0.664558611582024,0.046102774014843154,0.0,0.022516407932405766,0.01509806687521932,0.09800393375831137,0.026825838133690022,0.11529569365002491
2026-07-23,风险平价策略,0.25,0.075,0.0375,0.0375,0.050718261999119225,0.6335101986697885,0.045067244624265076,0.03688026951938039,0.022000177787893323,0.014759722365668268,0.09582507480539475,0.026239050228490532,0.11843495439848159
2026-07-24,风险平价策略,0.35,0.105,0.0525,0.0525,0.04783709638276326,0.6359448485885763,0.04269857496610516,0.03633350493748785,0.02118726250769748,0.014829316484695003,0.09616939613267506,0.0,0.11193008778071128
2026-07-27,风险平价策略,0.35,0.105,0.0525,0.0525,0.17423664831833224,0.0,0.15369637762784324,0.12999331601977135,0.064490796920315,0.042242741645506156,0.2418067330417054,0.08853338642652665,0.31503233559981525
2026-07-28,风险平价策略,0.25,0.075,0.0375,0.0375,0.1897263740338997,0.0,0.16499297633004778,0.14186167061888794,0.0707192539496851,0.04505562413699926,0.2204803631865065,0.09216373774397366,0.3302314842235741
2026-07-29,风险平价策略,0.25,0.075,0.0375,0.0375,0.055707520104311056,0.6534014388006597,0.04844529200368505,0.041653450717278655,0.020764345869980345,0.013229235103547052,0.06474001238805258,0.02705870501248569,0.12071428795465629
2026-07-30,风险平价策略,0.25,0.075,0.0375,0.0375,0.0574912591947448,0.6752421208651744,0.04974363649013558,0.04299285701682108,0.021443936128883664,0.013683135685281397,0.06440305461895912,0.0,0.11610662083915219
2026-07-31,风险平价策略,0.25,0.075,0.0375,0.0375,0.05710381521502456,0.6761605667995576,0.049767968940363984,0.04303583750699545,0.021264753632251613,0.013308883201281731,0.06435817470452512,0.0,0.11559685187007221
2026-08-03,风险平价策略,0.25,0.075,0.0375,0.0375,0.05771270528275373,0.6733655065669125,0.050435530642739416,0.04363915876035696,0.021601736285907894,0.013206710778269348,0.06503865168306015,0.0,0.11645226058787032
2026-08-04,风险平价策略,0.25,0.075,0.0375,0.0375,0.053078230310214296,0.6767498912953712,0.0507947386963836,0.044007232450926324,0.021764471499059815,0.013273165334790376,0.06533227041325437,0.0,0.11210586119186433
2026-08-05,风险平价策略,0.5,0.15,0.075,0.075,0.04486637689140198,0.6070791955168874,0.04601750594042329,0.039680862461610275,0.018203841864755158,0.010887072437235603,0.05766447142262966,0.025600673465056574,0.11599818187573101
2026-08-06,风险平价策略,0.7,0.21,0.105,0.105,0.04174044645047509,0.5640273378127031,0.04280077128050798,0.03691425069396144,0.016932573410670174,0.010128416809210419,0.05363939093884945,0.023816812603622395,0.11775699262153375
2026-08-07,风险平价策略,0.7,0.21,0.105,0.105,0.04144480588599668,0.5642474984346476,0.04282219965829301,0.03693102206797188,0.016940899565533032,0.010131742687662416,0.05365488484025789,0.023826946859637536,0.11748029955918989
2026-08-10,风险平价策略,0.7,0.21,0.105,0.105,0.041541951849540314,0.5651893314288998,0.042233766620864484,0.037028219729623946,0.016539939041503773,0.0101741218705154,0.053407844885187634,0.023884824573864757,0.11745188230271805
2026-08-11,风险平价策略,0.7,0.21,0.105,0.105,0.04274135607855968,0.5759311887327077,0.04346133608759176,0.03811373298672969,0.0,0.010474923458914601,0.05469279225211467,0.024584670403381963,0.11693739306134333
2026-08-12,风险平价策略,0.7,0.21,0.105,0.105,0.041722697235851994,0.5635149632759877,0.04263505599751257,0.037398379309876446,0.016710623818133034,0.01022279146361711,0.053674768702181845,0.024120720196839217,0.11785954187077265
2026-08-13,风险平价策略,0.5,0.15,0.075,0.075,0.044780643051446835,0.608883570577266,0.04440504898933832,0.039282148607012964,0.017940395726892752,0.011024853025081934,0.057887853399934415,0.02579548662302669,0.11571866136933162
2026-08-14,风险平价策略,0.5,0.15,0.075,0.075,0.044650150495533204,0.6099564378306135,0.04458937406565729,0.03849643130226259,0.017952472334633155,0.011028090222618721,0.057916213382228326,0.025410830366453228,0.11541783971058794
2026-08-17,风险平价策略,0.5,0.15,0.075,0.075,0.0,0.6936716579638175,0.05070206774799985,0.04377708699806293,0.02041364846677795,0.012540443503549584,0.0,0.02889509531979219,0.06903234505849541
2026-08-18,风险平价策略,0.5,0.15,0.075,0.075,0.04478762881464329,0.6116840932322178,0.04251894378950299,0.03834425665557338,0.01800034072992708,0.011042264959654328,0.058023267454810505,0.025599204363670646,0.1153222279187911
2026-08-19,风险平价策略,0.5,0.15,0.075,0.075,0.04627696533256428,0.611737033735449,0.04114360488395109,0.036866604634262355,0.017519370276776917,0.011402205654826037,0.05972936406585128,0.025324851416319044,0.11653479918059106
2026-08-20,风险平价策略,0.5,0.15,0.075,0.075,0.04797440042731487,0.6213713646907865,0.04267771607799725,0.03794590839998332,0.0,0.011794536032148695,0.061958772771861396,0.026277301599907963,0.11659500089966522
2026-08-21,风险平价策略,0.5,0.15,0.075,0.075,0.05009828569551058,0.6521495017803751,0.04602967398493879,0.04096096373871085,0.01954101087005081,0.012811941653171358,0.0,0.028408622277242484,0.11669673269035527
2026-08-24,风险平价策略,0.5,0.15,0.075,0.075,0.046717670292603874,0.608222329317189,0.042925476917506304,0.038193664813374044,0.018126646074005066,0.011917618840250575,0.05741053839735448,0.026486055347716666,0.11767692455295226
2026-08-25,风险平价策略,0.5,0.15,0.075,0.075,0.046817786466707874,0.6061164377593322,0.04339569172878654,0.03859944478121238,0.018333161411104748,0.011995105726664793,0.05806910585722895,0.026673266268962614,0.11806248884146085
2026-08-26,风险平价策略,0.5,0.15,0.075,0.075,0.05105777781830313,0.6052675490081315,0.047138622020461256,0.04208812042513565,0.0,0.011962134049956887,0.06373456185385735,0.028751234824154197,0.12162946702255277
