date,策略名称,股指期货信号,股指期货仓位,沪深300主连,中证500主连,红利低波ETF,10年国债主连,沪铜主连,沪铝主连,PTA主连,原油主连,豆粕主连,沪金主连,资金占用比例
2018-01-02,风险平价策略,1.0,0.3,0.15,0.15,0.0,0.0,0.19967508219307567,0.0,0.22593571769108617,0.0,0.2743892001158381,0.0,0.14802768117343573
2018-01-03,风险平价策略,1.0,0.3,0.15,0.15,0.0,0.0,0.19768415660752633,0.0,0.22531676930120828,0.0,0.2769990740912654,0.0,0.14794319547027412
2018-01-04,风险平价策略,1.0,0.3,0.15,0.15,0.0,0.0,0.19818591249024933,0.0,0.2258266130972934,0.0,0.27598747441245725,0.0,0.14797864189859922
2018-01-05,风险平价策略,1.0,0.3,0.15,0.15,0.0,0.0,0.19712836630200667,0.0,0.2261853629282638,0.0,0.27668627076972946,0.0,0.14796126550619076
2018-01-08,风险平价策略,1.0,0.3,0.15,0.15,0.0,0.0,0.32194509674944555,0.0,0.37805490325055446,0.0,0.0,0.0,0.15778054903250555
2018-01-09,风险平价策略,1.0,0.3,0.15,0.15,0.0,0.0,0.0,0.0,0.31790838744894445,0.0,0.38209161255105556,0.0,0.1457163354979578
2018-01-10,风险平价策略,1.0,0.3,0.15,0.15,0.0,0.0,0.0,0.0,0.3173593246851875,0.0,0.38264067531481244,0.0,0.1456943729874075
2018-01-11,风险平价策略,1.0,0.3,0.15,0.15,0.0,0.0,0.15518007772331174,0.0,0.18153206066399016,0.0,0.0,0.3632878616126981,0.1994098640001637
2018-01-12,风险平价策略,1.0,0.3,0.15,0.15,0.0,0.0,0.15283256881804408,0.0,0.17622405666440857,0.0,0.0,0.3709433745175474,0.2002754455087498
2018-01-15,风险平价策略,1.0,0.3,0.15,0.15,0.0,0.0,0.0,0.0,0.2252943401941852,0.0,0.0,0.4747056598058148,0.21321762257863963
2018-01-16,风险平价策略,1.0,0.3,0.15,0.15,0.0,0.0,0.0,0.0,0.21485233700521472,0.0,0.0,0.4851476629947853,0.2143662429294264
2018-01-17,风险平价策略,1.0,0.3,0.15,0.15,0.0,0.0,0.0,0.0,0.1532333299395082,0.0,0.20284283662341904,0.34392383343707267,0.19071790821314125
2018-01-18,风险平价策略,1.0,0.3,0.15,0.15,0.0,0.0,0.0,0.0,0.1586539754197963,0.0,0.2082925557491268,0.3330534688310769,0.18930417934145338
2018-01-19,风险平价策略,1.0,0.3,0.15,0.15,0.0,0.0,0.0,0.0,0.30265341870449286,0.0,0.39734658129550715,0.0,0.14510613674817974
2018-01-22,风险平价策略,1.0,0.3,0.15,0.15,0.0,0.0,0.0,0.0,0.15953049469483266,0.0,0.20944927950577624,0.3310202257993911,0.189034253657702
2018-01-23,风险平价策略,1.0,0.3,0.15,0.15,0.0,0.0,0.0,0.0,0.15963823397233864,0.0,0.20920956763077564,0.33115219839688576,0.18905835911842644
2018-01-24,风险平价策略,1.0,0.3,0.15,0.15,0.0,0.0,0.0,0.0,0.16456027824692965,0.0,0.1967995311107084,0.33864019064236195,0.1903784397262315
2018-01-25,风险平价策略,1.0,0.3,0.15,0.15,0.0,0.0,0.0,0.0,0.16455516363539976,0.0,0.1968135598022223,0.33863127656237785,0.19037689802977267
2018-01-26,风险平价策略,1.0,0.3,0.15,0.15,0.0,0.0,0.0,0.0,0.1715454584119547,0.0,0.20538903497203226,0.32306550661601297,0.18832164432888013
2018-01-29,风险平价策略,1.0,0.3,0.15,0.15,0.0,0.0,0.0,0.0,0.17353242571713134,0.0,0.2077113944688107,0.3187561798140579,0.18775472400079396
2018-01-30,风险平价策略,1.0,0.3,0.15,0.15,0.0,0.0,0.0,0.0,0.3051933359305616,0.0,0.39480666406943826,0.0,0.14520773343722246
2018-01-31,风险平价策略,1.0,0.3,0.15,0.15,0.0,0.0,0.0,0.0,0.30520573558917546,0.0,0.39479426441082455,0.0,0.14520822942356704
2018-02-01,风险平价策略,1.0,0.3,0.15,0.15,0.0,0.0,0.0,0.0,0.2985839372634385,0.0,0.40141606273656144,0.0,0.14494335749053755
2018-02-02,风险平价策略,1.0,0.3,0.15,0.15,0.0,0.0,0.1774329887315525,0.0,0.2336883607778063,0.0,0.28887865049064126,0.0,0.14767052409305884
2018-02-05,风险平价策略,1.0,0.3,0.15,0.15,0.0,0.0,0.0,0.0,0.31377871078945513,0.0,0.3862212892105447,0.0,0.14555114843157818
2018-02-06,风险平价策略,1.0,0.3,0.15,0.15,0.0,0.0,0.0,0.0,0.3134640022214178,0.0,0.38653599777858216,0.0,0.1455385600888567
2018-02-07,风险平价策略,1.0,0.3,0.15,0.15,0.0,0.0,0.0,0.0,0.0,0.0,0.7,0.0,0.133
2018-02-08,风险平价策略,1.0,0.3,0.15,0.15,0.0,0.0,0.0,0.0,0.3086289642770142,0.0,0.3913710357229858,0.0,0.14534515857108057
2018-02-09,风险平价策略,1.0,0.3,0.15,0.15,0.0,0.0,0.0,0.0,0.30629583357178236,0.0,0.3937041664282176,0.0,0.14525183334287128
2018-02-12,风险平价策略,1.0,0.3,0.15,0.15,0.0,0.0,0.0,0.0,0.30618992883043195,0.0,0.39381007116956795,0.0,0.14524759715321728
2018-02-13,风险平价策略,1.0,0.3,0.15,0.15,0.0,0.0,0.0,0.0,0.3061796912161575,0.0,0.3938203087838425,0.0,0.1452471876486463
2018-02-14,风险平价策略,1.0,0.3,0.15,0.15,0.0,0.0,0.0,0.0,0.30669606381222086,0.0,0.39330393618777915,0.0,0.14526784255248884
2018-02-22,风险平价策略,1.0,0.3,0.15,0.15,0.0,0.0,0.0,0.0,0.30699151836806543,0.0,0.3930084816319346,0.0,0.14527966073472262
2018-02-23,风险平价策略,1.0,0.3,0.15,0.15,0.0,0.0,0.0,0.0,0.30702477949120827,0.0,0.39297522050879163,0.0,0.14528099117964832
2018-02-26,风险平价策略,1.0,0.3,0.15,0.15,0.0,0.0,0.0,0.0,0.3070670026139804,0.0,0.3929329973860195,0.0,0.14528268010455922
2018-02-27,风险平价策略,1.0,0.3,0.15,0.15,0.0,0.4088940615059297,0.0,0.0,0.1277731371072913,0.0,0.16333280138677897,0.0,0.09517704902616904
2018-02-28,风险平价策略,1.0,0.3,0.15,0.15,0.0,0.40928094299491824,0.0,0.0,0.12745974611025615,0.0,0.16325931089482554,0.0,0.09512389082994382
2018-03-01,风险平价策略,1.0,0.3,0.15,0.15,0.0,0.0,0.0,0.0,0.30352483747049835,0.0,0.3964751625295016,0.0,0.14514099349881993
2018-03-02,风险平价策略,1.0,0.3,0.15,0.15,0.0,0.0,0.0,0.0,0.30353702270160554,0.0,0.3964629772983944,0.0,0.14514148090806422
2018-03-05,风险平价策略,1.0,0.3,0.15,0.15,0.0,0.0,0.0,0.0,0.29808958276792924,0.0,0.4019104172320707,0.0,0.14492358331071717
2018-03-06,风险平价策略,1.0,0.3,0.15,0.15,0.0,0.0,0.0,0.0,0.2975428598826826,0.0,0.40245714011731737,0.0,0.1449017143953073
2018-03-07,风险平价策略,1.0,0.3,0.15,0.15,0.0,0.0,0.0,0.0,0.27932637781073816,0.0,0.4206736221892618,0.0,0.14417305511242953
2018-03-08,风险平价策略,1.0,0.3,0.15,0.15,0.0,0.0,0.15094563529328106,0.0,0.2135988836632792,0.0,0.33545548104343964,0.0,0.14607232440532958
2018-03-09,风险平价策略,1.0,0.3,0.15,0.15,0.0,0.0,0.0,0.0,0.2632774350714806,0.0,0.4367225649285194,0.0,0.14353109740285924
2018-03-12,风险平价策略,1.0,0.3,0.15,0.15,0.0,0.3793612917316095,0.0,0.0,0.07870282168204244,0.0,0.11603395768598838,0.12590192890035967,0.11520046657051666
2018-03-13,风险平价策略,1.0,0.3,0.15,0.15,0.0,0.40225419129502865,0.06677291408831419,0.0,0.0936170830450884,0.0,0.13735581157156876,0.0,0.09651118065847496
2018-03-14,风险平价策略,1.0,0.3,0.15,0.15,0.0,0.36016570160956624,0.0,0.0,0.0828929323271344,0.0,0.12337257889006513,0.13356878717323423,0.11853363670006606
2018-03-15,风险平价策略,1.0,0.3,0.15,0.15,0.0,0.3642148310821643,0.0,0.0,0.08421490081345509,0.0,0.11738175737675759,0.13418851072762292,0.11825431537805439
2018-03-16,风险平价策略,1.0,0.3,0.15,0.15,0.0,0.4522861940825806,0.0,0.0,0.10188049605008719,0.0,0.14583330986733223,0.0,0.08958516946333253
2018-03-19,风险平价策略,1.0,0.3,0.15,0.15,0.0,0.0,0.0,0.0,0.32086929253239893,0.0,0.379130707467601,0.0,0.14583477170129597
2018-03-20,风险平价策略,1.0,0.3,0.15,0.15,0.0,0.47024085913337227,0.0,0.0,0.10503218995834372,0.0,0.12472695090828398,0.0,0.08782599738932967
2018-03-21,风险平价策略,1.0,0.3,0.15,0.15,0.0,0.4683354710762664,0.0,0.0,0.10596908329405809,0.0,0.12569544562967558,0.0,0.08806353886875436
2018-03-22,风险平价策略,-1.0,0.0,0.0,0.0,0.0,0.669045089326025,0.0,0.0,0.15138428096890222,0.0,0.17957062970507282,0.0,0.06580563685952348
2018-03-23,风险平价策略,-1.0,0.0,0.0,0.0,0.0,0.5518323802556289,0.0,0.0,0.11113181304935396,0.0,0.14907113667714303,0.18796467001787423,0.10469757309781429
2018-03-26,风险平价策略,-1.0,0.0,0.0,0.0,0.0,0.5384549905826709,0.0,0.0,0.1153264381667679,0.0,0.15404940523483185,0.19216916601572945,0.10690065841784971
2018-03-27,风险平价策略,-1.0,0.0,0.0,0.0,0.0,0.6248637195883124,0.0,0.0,0.1264453187950172,0.0845523237900518,0.16413863782661858,0.0,0.08551206371513773
2018-03-28,风险平价策略,-1.0,0.0,0.0,0.0,0.0,0.7351294845343104,0.0,0.0,0.0,0.07960521486563164,0.18526530060005805,0.0,0.06793639494836744
2018-03-29,风险平价策略,-1.0,0.0,0.0,0.0,0.0,0.7406194182516243,0.0,0.0,0.0,0.08284492710316427,0.17653565464521162,0.0,0.06797549723318068
2018-03-30,风险平价策略,-1.0,0.0,0.0,0.0,0.0,0.7400904979573915,0.0,0.0,0.0,0.08302572650409133,0.17688377553851733,0.0,0.06806538575025127
2018-04-02,风险平价策略,-1.0,0.0,0.0,0.0,0.0,0.7404338579785146,0.0,0.0,0.0,0.08254977676985642,0.17701636525162906,0.0,0.0679389024985287
2018-04-03,风险平价策略,-1.0,0.0,0.0,0.0,0.0,0.7364463664963846,0.0,0.0,0.0,0.07689911652637152,0.18665451697724383,0.0,0.0672839636578902
2018-04-04,风险平价策略,-1.0,0.0,0.0,0.0,0.0,0.7974344303669159,0.0,0.0,0.0,0.0,0.20256556963308406,0.0,0.04626938481147383
2018-04-09,风险平价策略,-1.0,0.0,0.0,0.0,0.0,0.7973117921532853,0.0,0.0,0.0,0.0,0.20268820784671462,0.0,0.04628226182390503
2018-04-10,风险平价策略,-1.0,0.0,0.0,0.0,0.0,0.7421190577052575,0.0,0.0,0.0,0.08925802863286876,0.16862291366187368,0.0,0.06903652438119302
2018-04-11,风险平价策略,-1.0,0.0,0.0,0.0,0.0,0.742190199899989,0.0,0.0,0.0,0.08925220260616552,0.16855759749384538,0.0,0.0690279475056726
2018-04-12,风险平价策略,-1.0,0.0,0.0,0.0,0.0,0.7471234782435078,0.0,0.0,0.0,0.08962608859935403,0.1632504331571381,0.0,0.06858099161830894
2018-04-13,风险平价策略,-1.0,0.0,0.0,0.0,0.0,0.7466842881240217,0.0,0.0,0.0,0.08926201620770385,0.16405369566827446,0.0,0.06855793282644146
2018-04-16,风险平价策略,-1.0,0.0,0.0,0.0,0.0,0.7508565282239698,0.0,0.0,0.0,0.08866220049253898,0.1604812712834914,0.0,0.0680058826300656
2018-04-17,风险平价策略,-1.0,0.0,0.0,0.0,0.0,0.7508374371294216,0.0,0.0,0.0,0.08866683338325183,0.1604957294873266,0.0,0.0680087674442286
2018-04-18,风险平价策略,-1.0,0.0,0.0,0.0,0.0,0.7553239407622212,0.0,0.0,0.0,0.08906419086700043,0.1556118683707783,0.0,0.06761318248469686
2018-04-19,风险平价策略,-1.0,0.0,0.0,0.0,0.0,0.6500887475204093,0.0,0.13168624874093146,0.0,0.08023716123019384,0.1379878425084654,0.0,0.0809363296063218
2018-04-20,风险平价策略,-1.0,0.0,0.0,0.0,0.0,0.6723005514856362,0.0,0.10197402864188475,0.0,0.0799955507066578,0.14572986916582142,0.0,0.07766681758752975
2018-04-23,风险平价策略,-1.0,0.0,0.0,0.0,0.0,0.5696678087000786,0.0,0.09476141359828084,0.1327693365550398,0.07462919882738779,0.12817224231921276,0.0,0.09251804373384542
2018-04-24,风险平价策略,-1.0,0.0,0.0,0.0,0.0,0.6316106778317486,0.0,0.0,0.14973103141444027,0.08258304338490173,0.13607524736890936,0.0,0.08536089832737534
2018-04-25,风险平价策略,-1.0,0.0,0.0,0.0,0.0,0.7224416077949826,0.0,0.0,0.0,0.09801706490008064,0.1795413273049369,0.0,0.07276687351254217
2018-04-26,风险平价策略,-1.0,0.0,0.0,0.0,0.0,0.7265202110949243,0.0,0.0,0.0,0.09849433418727449,0.1749854547178013,0.0,0.07242930133061512
2018-04-27,风险平价策略,-1.0,0.0,0.0,0.0,0.0,0.7211398379598672,0.0,0.0,0.0,0.10108565417609111,0.17777450786404161,0.0,0.07348659130767125
2018-05-02,风险平价策略,-1.0,0.0,0.0,0.0,0.0,0.7168805618979553,0.0,0.0,0.0,0.10238629832018223,0.18073313978186237,0.0,0.0741809376815493
2018-05-03,风险平价策略,-1.0,0.0,0.0,0.0,0.0,0.7169646867955244,0.0,0.0,0.0,0.10240635895764967,0.18062895424682593,0.0,0.07417591608842337
2018-05-04,风险平价策略,-1.0,0.0,0.0,0.0,0.0,0.7185923490922841,0.0,0.0,0.0,0.10254675385438351,0.17886089705333238,0.0,0.07403168657764303
2018-05-07,风险平价策略,-1.0,0.0,0.0,0.0,0.0,0.6333390205246907,0.0,0.10518358326466497,0.0,0.10304741453844615,0.15842998167219818,0.0,0.0862339191051522
2018-05-08,风险平价策略,-1.0,0.0,0.0,0.0,0.0,0.6219766265868324,0.0,0.11543677040555395,0.0,0.11384812199314884,0.1487384810144649,0.0,0.0897867004992475
2018-05-09,风险平价策略,-1.0,0.0,0.0,0.0,0.0,0.5049107116453032,0.0,0.09418565472631314,0.17996096986795418,0.09573144986265211,0.12521121389777734,0.0,0.10519735918765463
2018-05-10,风险平价策略,-1.0,0.0,0.0,0.0,0.0,0.5574183453186154,0.0,0.0,0.19867610043624387,0.10568536579790118,0.13822018844723957,0.0,0.09949833726059637
2018-05-11,风险平价策略,-1.0,0.0,0.0,0.0,0.0,0.5107065917705752,0.0,0.0948800363921735,0.181936044520612,0.09306156405404498,0.11941576326259438,0.0,0.10418134790694784
2018-05-14,风险平价策略,-1.0,0.0,0.0,0.0,0.0,0.5188008139607091,0.0,0.09463510216047435,0.1838428777500608,0.0898694148966909,0.1128517912320649,0.0,0.10279387153931349
2018-05-15,风险平价策略,-1.0,0.0,0.0,0.0,0.0,0.5159158968763836,0.0,0.09530508665794671,0.1851764289207161,0.09042884267300576,0.11317374487194776,0.0,0.10327652069241786
2018-05-16,风险平价策略,-1.0,0.0,0.0,0.0,0.0,0.5257758197973382,0.0,0.0959197830468966,0.18638842995826138,0.09134576090521435,0.10057020629228954,0.0,0.10248236418300759
2018-05-17,风险平价策略,-1.0,0.0,0.0,0.0,0.0,0.5165626704198596,0.0,0.098352722789181,0.1876819311140574,0.09386010176571831,0.10354257391118372,0.0,0.10405219786963896
2018-05-18,风险平价策略,-1.0,0.0,0.0,0.0,0.0,0.5178425681897291,0.0,0.09809581069100194,0.1871040756958141,0.09407593800588107,0.10288160741757381,0.0,0.10392799590975847
2018-05-21,风险平价策略,-1.0,0.0,0.0,0.0,0.0,0.5200539897606933,0.0,0.09695009403038235,0.18806161043053465,0.09221533317023817,0.10271897260815144,0.0,0.10334621161560531
2018-05-22,风险平价策略,-1.0,0.0,0.0,0.0,0.0,0.5303430622315749,0.0,0.09515701383927186,0.17504357459040876,0.09456885870407784,0.10488749063466658,0.0,0.10213851501825393
2018-05-23,风险平价策略,-1.0,0.0,0.0,0.0,0.0,0.530763251824749,0.0,0.09519055694317513,0.17452671240378526,0.0945642893196934,0.1049551895085971,0.0,0.10207385873358976
2018-05-24,风险平价策略,-1.0,0.0,0.0,0.0,0.0,0.5279926692516532,0.0,0.09584255915001612,0.17538479148461616,0.09513941797909273,0.10564056213462177,0.0,0.10252792757848916
2018-05-25,风险平价策略,-1.0,0.0,0.0,0.0,0.0,0.6462953314928912,0.0,0.116924894655294,0.0,0.11066240763679742,0.1261173662150173,0.0,0.08667259448389675
2018-05-28,风险平价策略,-1.0,0.0,0.0,0.0,0.0,0.6361067233967981,0.0,0.12899878252651287,0.0,0.09346068210976237,0.14143381196692667,0.0,0.08483628711998643
2018-05-29,风险平价策略,-1.0,0.0,0.0,0.0,0.0,0.6364416848908716,0.0,0.12854495201621918,0.0,0.09350779464832454,0.14150556844458476,0.0,0.08479645263012672
2018-05-30,风险平价策略,-1.0,0.0,0.0,0.0,0.0,0.6437037838519724,0.0,0.12866843629794167,0.0,0.0940136303941161,0.1336141494559699,0.0,0.08413374555936322
2018-05-31,风险平价策略,-1.0,0.0,0.0,0.0,0.0,0.7263536961800827,0.0,0.15523911544291732,0.0,0.118407188377,0.0,0.0,0.08088740115600884
2018-06-01,风险平价策略,-1.0,0.0,0.0,0.0,0.0,0.7262911224652221,0.0,0.155271690399677,0.0,0.11843718713510087,0.0,0.0,0.08090064840881116
2018-06-04,风险平价策略,-1.0,0.0,0.0,0.0,0.0,0.71857072358176,0.0,0.16126851434518238,0.0,0.1201607620730576,0.0,0.0,0.08221867424815162
2018-06-05,风险平价策略,-1.0,0.0,0.0,0.0,0.0,0.5914987759349927,0.0,0.13657994112315217,0.1743766851548626,0.0975445977869925,0.0,0.0,0.09749856774624341
2018-06-06,风险平价策略,-1.0,0.0,0.0,0.0,0.0,0.5104745701434686,0.1370623730931678,0.1178979774398035,0.15045662126487128,0.08410845805868872,0.0,0.0,0.10604785253267063
2018-06-07,风险平价策略,-1.0,0.0,0.0,0.0,0.0,0.5090398542306738,0.13752274214545668,0.11818494431816429,0.15086195080094406,0.08439050850476126,0.0,0.0,0.1062907205476303
2018-06-08,风险平价策略,-1.0,0.0,0.0,0.0,0.0,0.5264141472939626,0.13137654186676442,0.10877239439624822,0.14733268787067857,0.08610422857234619,0.0,0.0,0.10418409356559724
2018-06-11,风险平价策略,-1.0,0.0,0.0,0.0,0.0,0.526427495600288,0.13137768725636773,0.1087781449923933,0.14733625298939154,0.08608041916155955,0.0,0.0,0.10417851768970458
2018-06-12,风险平价策略,-1.0,0.0,0.0,0.0,0.0,0.5078202167506127,0.13475019187331602,0.11296720413005572,0.15420333687663068,0.09025905036938464,0.0,0.0,0.10742775216653509
2018-06-13,风险平价策略,-1.0,0.0,0.0,0.0,0.0,0.5314474171705326,0.13033244328063606,0.10482237173597606,0.14861932574250636,0.08477844207034876,0.0,0.0,0.10330534267065894
2018-06-14,风险平价策略,-1.0,0.0,0.0,0.0,0.0,0.5315254450563939,0.1303698179506511,0.10464957908069485,0.14865855711943543,0.08479660079282475,0.0,0.0,0.10329810661543315
2018-06-15,风险平价策略,-1.0,0.0,0.0,0.0,0.0,0.5353072028882367,0.1319016717196323,0.10000144258059973,0.1477928284041699,0.08499685440736139,0.0,0.0,0.10281095259930757
2018-06-19,风险平价策略,-1.0,0.0,0.0,0.0,0.0,0.6698187641350514,0.0,0.0,0.11556947257390882,0.09116875894229123,0.12344300434874857,0.0,0.0816138728678113
2018-06-20,风险平价策略,-1.0,0.0,0.0,0.0,0.0,0.5345030257348564,0.08147857981031832,0.08688155495364301,0.10423916600986954,0.08269131103306666,0.11020636245824587,0.0,0.09880890207743634
2018-06-21,风险平价策略,-1.0,0.0,0.0,0.0,0.0,0.5397518348626276,0.08098644340265664,0.08730016275566585,0.1053232432982437,0.08053168398432652,0.10610663169647985,0.0,0.09788860521312559
2018-06-22,风险平价策略,-1.0,0.0,0.0,0.0,0.0,0.6044383551306672,0.09054075028801659,0.09763698525530988,0.11767610517911527,0.08970780414689111,0.0,0.0,0.09393083177265367
2018-06-25,风险平价策略,-1.0,0.0,0.0,0.0,0.0,0.5950716909790466,0.09222324331208655,0.09902163489504553,0.12123816737697893,0.09244526343684246,0.0,0.0,0.0956689455414933
2018-06-26,风险平价策略,-1.0,0.0,0.0,0.0,0.0,0.5325031350080957,0.08250453438321441,0.08794698052301067,0.10856540919606321,0.08274412633801541,0.10573581455160065,0.0,0.09926471664340217
2018-06-27,风险平价策略,-1.0,0.0,0.0,0.0,0.0,0.532533392654074,0.0824316137927158,0.08795975698585941,0.10857975125072421,0.08275232852573736,0.10574315679088932,0.0,0.09926186736459856
2018-06-28,风险平价策略,-1.0,0.0,0.0,0.0,0.0,0.533114833719861,0.08256450827293371,0.08806740071155213,0.10797081542851941,0.08288009013077823,0.10540235173635538,0.0,0.09920794947093779
2018-06-29,风险平价策略,-1.0,0.0,0.0,0.0,0.0,0.5959221009971231,0.09229184891232217,0.09844041864298142,0.12069991216796057,0.0926457192796127,0.0,0.0,0.09558083057180601
2018-07-02,风险平价策略,-1.0,0.0,0.0,0.0,0.0,0.5856036345422777,0.08872708667624014,0.0,0.11844883675365596,0.09128268720133223,0.11593775482649393,0.0,0.0932550950117474
2018-07-03,风险平价策略,-1.0,0.0,0.0,0.0,0.0,0.649858836951077,0.10406025531256237,0.0,0.138780021804794,0.10730088593156659,0.0,0.0,0.09082499897870319
2018-07-04,风险平价策略,-1.0,0.0,0.0,0.0,0.0,0.7274653223418441,0.0,0.0,0.159854166002699,0.11268051165545699,0.0,0.0,0.08141960500875117
2018-07-05,风险平价策略,-1.0,0.0,0.0,0.0,0.0,0.7276912178183648,0.0,0.0,0.15932004737704566,0.11298873480458965,0.0,0.0,0.08143308363702557
2018-07-06,风险平价策略,-1.0,0.0,0.0,0.0,0.0,0.7177999993553106,0.0,0.0,0.16613295209089193,0.11606704855379743,0.0,0.0,0.08332905737654958
2018-07-09,风险平价策略,-1.0,0.0,0.0,0.0,0.0,0.7160917220479769,0.0,0.0,0.1671089204831318,0.11679935746889124,0.0,0.0,0.08368660392337703
2018-07-10,风险平价策略,-1.0,0.0,0.0,0.0,0.0,0.7165197484115409,0.0,0.0,0.16683071932590787,0.11664953226255133,0.0,0.0,0.08360206631970929
2018-07-11,风险平价策略,-1.0,0.0,0.0,0.0,0.0,0.71750817720692,0.0,0.0,0.16432970136981456,0.11816212142326554,0.0,0.0,0.08368563251848646
2018-07-12,风险平价策略,-1.0,0.0,0.0,0.0,0.0,0.7277400919884045,0.0,0.0,0.17073257831581265,0.10152732969578285,0.0,0.0,0.07970678611604878
2018-07-13,风险平价策略,-1.0,0.0,0.0,0.0,0.0,0.7318188180791528,0.0,0.0,0.1671088332696754,0.10107234865117173,0.0,0.0,0.0790471236761986
2018-07-16,风险平价策略,-1.0,0.0,0.0,0.0,0.0,0.731804868406727,0.0,0.0,0.16712344075250227,0.10107169084077082,0.0,0.0,0.07904904770714022
2018-07-17,风险平价策略,-1.0,0.0,0.0,0.0,0.0,0.7445642540699277,0.0,0.0,0.1626096023743651,0.09282614355570726,0.0,0.0,0.07596210469321658
2018-07-18,风险平价策略,-1.0,0.0,0.0,0.0,0.0,0.7437346514288581,0.0,0.0,0.1633742053998605,0.09289114317128143,0.0,0.0,0.0760921470185078
2018-07-19,风险平价策略,-1.0,0.0,0.0,0.0,0.0,0.743761463605431,0.0,0.0,0.16335328334333293,0.09288525305123611,0.0,0.0,0.07608737573489793
2018-07-20,风险平价策略,-1.0,0.0,0.0,0.0,0.0,0.6877917043778867,0.0,0.0,0.19835784907947437,0.1138504465426389,0.0,0.0,0.08734776984660227
2018-07-23,风险平价策略,-1.0,0.0,0.0,0.0,0.0,0.6880777277689776,0.0,0.0,0.1985360714758467,0.11338620075517566,0.0,0.0,0.0872366595867746
2018-07-24,风险平价策略,-1.0,0.0,0.0,0.0,0.0,0.6779551319051157,0.0,0.0,0.20486725821715523,0.11717760987772903,0.0,0.0,0.08927314735541758
2018-07-25,风险平价策略,-1.0,0.0,0.0,0.0,0.0,0.678030074273308,0.0,0.0,0.20477553212718885,0.11719439359950305,0.0,0.0,0.08926479827029578
2018-07-26,风险平价策略,-1.0,0.0,0.0,0.0,0.0,0.6779914271112686,0.0,0.0,0.20481632383190837,0.1171922490568231,0.0,0.0,0.08927008042738953
2018-07-27,风险平价策略,-1.0,0.0,0.0,0.0,0.0,0.6779957284322471,0.0,0.0,0.204801087613614,0.11720318395413909,0.0,0.0,0.08927109697044508
2018-07-30,风险平价策略,-1.0,0.0,0.0,0.0,0.0,0.677146485158805,0.0,0.0,0.20543593686837144,0.11741757797282347,0.0,0.0,0.08942639634789679
2018-07-31,风险平价策略,-1.0,0.0,0.0,0.0,0.0,0.582286925793652,0.0,0.0,0.17496217054914973,0.10107131141624506,0.14167959224095325,0.0,0.0950619087827191
2018-08-01,风险平价策略,-1.0,0.0,0.0,0.0,0.0,0.5966684567057884,0.0,0.0,0.1808881220986105,0.09261454034345483,0.12982888085214636,0.0,0.09218209959509308
2018-08-02,风险平价策略,-1.0,0.0,0.0,0.0,0.0,0.5895178367393903,0.0,0.0,0.18445963466990245,0.09404289806295094,0.13197963052775644,0.0,0.09334716316112081
2018-08-03,风险平价策略,-1.0,0.0,0.0,0.0,0.0,0.6791628586299628,0.0,0.0,0.21236122486713496,0.10847591650290239,0.0,0.0,0.08779277297409079
2018-08-06,风险平价策略,-1.0,0.0,0.0,0.0,0.0,0.5915091592480872,0.0,0.0,0.18554141942456104,0.09478265765408674,0.12816676367326507,0.0,0.09332190001020978
2018-08-07,风险平价策略,-1.0,0.0,0.0,0.0,0.0,0.6006051119717263,0.0,0.0,0.15756900625476303,0.10382776810648371,0.13799811366702697,0.0,0.09296649943339116
2018-08-08,风险平价策略,-1.0,0.0,0.0,0.0,0.0,0.5875725113812309,0.0,0.0,0.16884185362448306,0.09556168856935236,0.14802394642493366,0.0,0.09321528127812703
2018-08-09,风险平价策略,-1.0,0.0,0.0,0.0,0.0,0.5838488715067561,0.0,0.0,0.16360246376875787,0.09846759671351284,0.1540810680109732,0.0,0.09394881041810837
2018-08-10,风险平价策略,-1.0,0.0,0.0,0.0,0.0,0.5857949874521661,0.0,0.0,0.1653129905391741,0.09357615587543569,0.1553158661332242,0.0,0.09288351555542232
2018-08-13,风险平价策略,-1.0,0.0,0.0,0.0,0.0,0.5828795133936948,0.0,0.0,0.17510033819955098,0.09978857293959698,0.1422315754671572,0.0,0.09476149348016752
2018-08-14,风险平价策略,-1.0,0.0,0.0,0.0,0.0,0.5823487190620102,0.0,0.0,0.17526685546744825,0.10005685142927276,0.14232757404126883,0.0,0.09487486048874869
2018-08-15,风险平价策略,-1.0,0.0,0.0,0.0,0.0,0.5613207946687769,0.0,0.0,0.18789533195814478,0.09903093417774111,0.15175293919533706,0.0,0.09739300733187502
2018-08-16,风险平价策略,-1.0,0.0,0.0,0.0,0.0,0.5367705742316123,0.0,0.0,0.22663619466303014,0.0928253226750633,0.14376790843029416,0.0,0.10034134880046394
2018-08-17,风险平价策略,-1.0,0.0,0.0,0.0,0.0,0.0,0.0,0.0,0.4760534272528107,0.20823381843980002,0.3157127543073894,0.0,0.18860656259367445
2018-08-20,风险平价策略,-1.0,0.0,0.0,0.0,0.0,0.0,0.0,0.0,0.4838054949077228,0.20712403598560947,0.3090704691066677,0.0,0.1887057866335747
2018-08-21,风险平价策略,-1.0,0.0,0.0,0.0,0.0,0.0,0.0,0.0,0.4837987100348546,0.20712590559116562,0.30907538437397974,0.0,0.18870587046371565
2018-08-22,风险平价策略,-1.0,0.0,0.0,0.0,0.0,0.0,0.0,0.0,0.48379909884509686,0.20717706787148735,0.3090238332834157,0.0,0.18871560684938649
2018-08-23,风险平价策略,-1.0,0.0,0.0,0.0,0.0,0.0,0.0,0.0,0.48837973430647524,0.22732581310234304,0.2842944525911818,0.0,0.1927270938617042
2018-08-24,风险平价策略,-1.0,0.0,0.0,0.0,0.0,0.0,0.0,0.2917962462815294,0.32393661595789985,0.17079470840130256,0.21347242935926813,0.0,0.18416234662300937
2018-08-27,风险平价策略,-1.0,0.0,0.0,0.0,0.0,0.0,0.0,0.0,0.6557148136930251,0.34428518630697486,0.0,0.0,0.22164277794604623
2018-08-28,风险平价策略,-1.0,0.0,0.0,0.0,0.0,0.5502307689050433,0.0,0.1646464422475554,0.18695504576960137,0.09816774307779999,0.0,0.0,0.10329523554796317
2018-08-29,风险平价策略,-1.0,0.0,0.0,0.0,0.0,0.5018486877573418,0.0,0.14452355352314422,0.16557526523674002,0.08746411328459872,0.10058838019817523,0.0,0.1048827865247168
2018-08-30,风险平价策略,-1.0,0.0,0.0,0.0,0.0,0.5867438850083558,0.0,0.0,0.19338766359579118,0.10226121535144507,0.11760723604440797,0.0,0.09555702953472886
2018-08-31,风险平价策略,-1.0,0.0,0.0,0.0,0.0,0.5877203967531289,0.0,0.0,0.19255784076891957,0.10248113835531181,0.11724062412263969,0.0,0.09546308825918749
2018-09-03,风险平价策略,-1.0,0.0,0.0,0.0,0.0,0.5776883160864756,0.0,0.0,0.19806629351579536,0.10351318434044332,0.12073220605728567,0.0,0.09693288357623611
2018-09-04,风险平价策略,-1.0,0.0,0.0,0.0,0.0,0.5923726982385332,0.0,0.0,0.16967774916782052,0.11204069238072277,0.1259088602129234,0.0,0.09587570820400415
2018-09-05,风险平价策略,-1.0,0.0,0.0,0.0,0.0,0.5911370390930909,0.0,0.0,0.1684396940032352,0.11236709896867572,0.1280561679349981,0.0,0.09601794745940324
2018-09-06,风险平价策略,-1.0,0.0,0.0,0.0,0.0,0.5911854901578549,0.0,0.0,0.16844101979138357,0.11230130501730341,0.12807218503345802,0.0,0.09600041227836821
2018-09-07,风险平价策略,-1.0,0.0,0.0,0.0,0.0,0.0,0.0,0.0,0.40520237096164824,0.2752678891681992,0.31952973987015243,0.0,0.19850899378042378
2018-09-10,风险平价策略,-1.0,0.0,0.0,0.0,0.0,0.0,0.0,0.2883541904285831,0.28823705939507077,0.19614989546880218,0.22725885470754395,0.0,0.18744858822773275
2018-09-11,风险平价策略,-1.0,0.0,0.0,0.0,0.0,0.0,0.0,0.3111059321871648,0.23543476333752045,0.2100935899833261,0.24336571449198857,0.0,0.18866835059594772
2018-09-12,风险平价策略,-1.0,0.0,0.0,0.0,0.0,0.0,0.0,0.301383639338194,0.23893146800071083,0.21361484502358902,0.24607004763750615,0.0,0.18918558845465616
2018-09-13,风险平价策略,-1.0,0.0,0.0,0.0,0.0,0.0,0.0,0.3103868129503715,0.2441685355778018,0.2203542924720991,0.2250903589997274,0.0,0.19094566138132202
2018-09-14,风险平价策略,-1.0,0.0,0.0,0.0,0.0,0.0,0.0,0.3229204510941326,0.23036231162159745,0.2133768942283923,0.23334034305587753,0.0,0.18944371590108242
2018-09-17,风险平价策略,-1.0,0.0,0.0,0.0,0.0,0.0,0.0,0.3100471916728011,0.23397422615739125,0.21828208395621726,0.2376964982135904,0.0,0.19013398074816096
2018-09-18,风险平价策略,-1.0,0.0,0.0,0.0,0.0,0.0,0.0,0.3166633383784273,0.22491848157299954,0.2156770637073352,0.24274111634123785,0.0,0.1894752815186665
2018-09-19,风险平价策略,-1.0,0.0,0.0,0.0,0.0,0.0,0.0,0.4192809221959904,0.2948689820544099,0.28585009574959974,0.0,0.0,0.20868470514048007
2018-09-20,风险平价策略,-1.0,0.0,0.0,0.0,0.0,0.0,0.0,0.4191618259885038,0.2950422691533076,0.2857959048581885,0.0,0.0,0.20867776746884323
2018-09-21,风险平价策略,-1.0,0.0,0.0,0.0,0.0,0.0,0.0,0.41994610260704435,0.2956047884211821,0.28444910897177356,0.0,0.0,0.20846790531969558
2018-09-25,风险平价策略,-1.0,0.0,0.0,0.0,0.0,0.0,0.0,0.31340064348355107,0.2184170110923866,0.22072162604877762,0.2474607193752848,0.0,0.19007580869746976
2018-09-26,风险平价策略,-1.0,0.0,0.0,0.0,0.0,0.0,0.0,0.3120125492890512,0.21885443531574977,0.22117809715425907,0.24795491824093982,0.0,0.19013839235061072
2018-09-27,风险平价策略,-1.0,0.0,0.0,0.0,0.0,0.0,0.1904572547800957,0.23919533634796367,0.18115942078576266,0.18376405732553655,0.20542393076064147,0.0,0.18505112545712424
2018-09-28,风险平价策略,-1.0,0.0,0.0,0.0,0.0,0.0,0.19202355640233784,0.23631857554594565,0.18130874041970288,0.1846159414541347,0.20573318617787895,0.0,0.18517964245152224
2018-10-08,风险平价策略,-1.0,0.0,0.0,0.0,0.0,0.0,0.1912642615591263,0.23653929804667426,0.1815212337043676,0.18477575773460797,0.2058994489552239,0.0,0.18520235010592426
2018-10-09,风险平价策略,-1.0,0.0,0.0,0.0,0.0,0.0,0.191292696143551,0.23658894109938752,0.18147443149844633,0.18478521998180286,0.20585871127681246,0.0,0.18520461817376857
2018-10-10,风险平价策略,-1.0,0.0,0.0,0.0,0.0,0.0,0.19313650805727547,0.23075946789041174,0.18272572852687327,0.18610787004719723,0.20727042547824237,0.0,0.18538640372847304
2018-10-11,风险平价策略,-1.0,0.0,0.0,0.0,0.0,0.0,0.19575954786672514,0.22834613565801395,0.1883339171530705,0.14836333261603546,0.23919706670615493,0.0,0.17844556038891174
2018-10-12,风险平价策略,-1.0,0.0,0.0,0.0,0.0,0.0,0.12920296937321804,0.1507187891763402,0.12294399485126886,0.09761015551020576,0.14836958203770648,0.35115450905126055,0.2145345184551657
2018-10-15,风险平价策略,-1.0,0.0,0.0,0.0,0.0,0.0,0.15033239398919374,0.0,0.14449843714340727,0.115570661233229,0.17360800728328096,0.41599050035088897,0.22464690999235895
2018-10-16,风险平价策略,-1.0,0.0,0.0,0.0,0.0,0.0,0.12658255070615082,0.15061996188670726,0.11683140523673226,0.09189215770509945,0.1505341725868473,0.36353975187846294,0.21497980433299338
2018-10-17,风险平价策略,-1.0,0.0,0.0,0.0,0.0,0.0,0.12782096941682156,0.15203288791938357,0.11588360060141273,0.09277268080835444,0.1518332977499169,0.35965656350411085,0.21460625362334665
2018-10-18,风险平价策略,-1.0,0.0,0.0,0.0,0.0,0.0,0.1556471939439695,0.0,0.11730479479587017,0.10311305754328828,0.18061612232291907,0.44331883139395295,0.22545091325247163
2018-10-19,风险平价策略,-1.0,0.0,0.0,0.0,0.0,0.0,0.15603326978303292,0.0,0.11644100833831283,0.10232044987396019,0.18096200041227364,0.44424327159242033,0.22541601464193897
2018-10-22,风险平价策略,-1.0,0.0,0.0,0.0,0.0,0.0,0.1608196966341507,0.0,0.11668007896804775,0.10569174163576578,0.164687170689701,0.45212131207233486,0.2273914217793922
2018-10-23,风险平价策略,-1.0,0.0,0.0,0.0,0.0,0.0,0.15796849582455766,0.0,0.11737509045176893,0.10465235351807387,0.16544895006338936,0.45455511014221006,0.22750127218257302
2018-10-24,风险平价策略,-1.0,0.0,0.0,0.0,0.0,0.46809893330541347,0.08515341045424693,0.0,0.06252063062950869,0.051716796198717815,0.08883366454352579,0.24367656486858738,0.13228271554978385
2018-10-25,风险平价策略,-1.0,0.0,0.0,0.0,0.0,0.4754118333750613,0.08064330621883456,0.0,0.0576947565488048,0.05279045799450691,0.08697459803041069,0.24648504783238182,0.1318117911379494
2018-10-26,风险平价策略,-1.0,0.0,0.0,0.0,0.0,0.5174853303890453,0.0,0.0,0.06280568477190986,0.05747595615432704,0.0946659808777875,0.26756704780693025,0.12923175654038832
2018-10-29,风险平价策略,-1.0,0.0,0.0,0.0,0.0,0.5230483456087669,0.0,0.0,0.06339920306871621,0.05740120871476321,0.0908291982919472,0.2653220443158065,0.12832042813700414
2018-10-30,风险平价策略,-1.0,0.0,0.0,0.0,0.0,0.4842764522962593,0.08240620949173877,0.0,0.059188631066174606,0.053606885026046616,0.08010441229037185,0.24041740982940887,0.13023862366565211
2018-10-31,风险平价策略,-1.0,0.0,0.0,0.0,0.0,0.0,0.0,0.0,0.15311972524678094,0.12994737455096486,0.20566423151485005,0.5112686686874041,0.23750509047766516
2018-11-01,风险平价策略,-1.0,0.0,0.0,0.0,0.0,0.0,0.0,0.0,0.14842615973294604,0.12119965739306288,0.19311782286542037,0.5372563600085706,0.23955343529528536
2018-11-02,风险平价策略,-1.0,0.0,0.0,0.0,0.0,0.0,0.20100403345826012,0.0,0.13546426005420129,0.10704489359798387,0.0,0.5564868128895547,0.24526024312296602
2018-11-05,风险平价策略,-1.0,0.0,0.0,0.0,0.0,0.0,0.200814674064248,0.0,0.13550323938410172,0.1068968442861368,0.0,0.5567852422655136,0.2452727565514846
2018-11-06,风险平价策略,-1.0,0.0,0.0,0.0,0.0,0.0,0.22460035476329887,0.0,0.1503700601148807,0.0,0.0,0.6250295851218205,0.23650725081576732
2018-11-07,风险平价策略,-1.0,0.0,0.0,0.0,0.0,0.5311492409524526,0.10513333531456825,0.0,0.06691831346570136,0.0,0.0,0.2967991102672778,0.12457992883814926
2018-11-08,风险平价策略,-1.0,0.0,0.0,0.0,0.0,0.5769310201049146,0.11307098679022078,0.0,0.0,0.0,0.0,0.30999799310486453,0.11931407145842027
2018-11-09,风险平价策略,-1.0,0.0,0.0,0.0,0.0,0.6540051428849168,0.0,0.0,0.0,0.0,0.0,0.34599485711508304,0.11322868856434619
2018-11-12,风险平价策略,-1.0,0.0,0.0,0.0,0.0,0.6748713717262181,0.0,0.0,0.0,0.0,0.0,0.32512862827378186,0.10790780020981439
2018-11-13,风险平价策略,-1.0,0.0,0.0,0.0,0.0,0.6880674601482017,0.0,0.0,0.0,0.0,0.0,0.3119325398517982,0.10454279766220854
2018-11-14,风险平价策略,-1.0,0.0,0.0,0.0,0.0,0.6893593193158593,0.0,0.0,0.0,0.0,0.0,0.3106406806841407,0.10421337357445588
2018-11-15,风险平价策略,-1.0,0.0,0.0,0.0,0.0,0.6111298343536394,0.1136654585700822,0.0,0.0,0.0,0.0,0.27520470707627837,0.1105220372114121
2018-11-16,风险平价策略,-1.0,0.0,0.0,0.0,0.0,0.6111084020121853,0.11368186341784882,0.0,0.0,0.0,0.0,0.27520973456996584,0.11052553387675089
2018-11-19,风险平价策略,-1.0,0.0,0.0,0.0,0.0,0.6067208780913983,0.1149309022928145,0.0,0.0,0.0,0.0,0.27834821961578726,0.11149446781155573
2018-11-20,风险平价策略,-1.0,0.0,0.0,0.0,0.0,0.6005289529131851,0.114791659714926,0.0,0.0,0.0,0.0,0.28467938737188897,0.11309011784134672
2018-11-21,风险平价策略,-1.0,0.0,0.0,0.0,0.0,0.565910430910639,0.10588160514767683,0.0,0.0,0.0,0.06617547999940698,0.262032483942277,0.11306072550015475
2018-11-22,风险平价策略,-1.0,0.0,0.0,0.0,0.0,0.5902025763611353,0.11813373088629375,0.0,0.0,0.0,0.0,0.291663692752571,0.11532229532155527
2018-11-23,风险平价策略,-1.0,0.0,0.0,0.0,0.0,0.5547872027198008,0.10804759702671715,0.0,0.0,0.0,0.06491158687105245,0.2722536133824297,0.11582681363258691
2018-11-26,风险平价策略,-1.0,0.0,0.0,0.0,0.0,0.5757636604655024,0.12023970468630939,0.0,0.0,0.0,0.0,0.3039966348481882,0.11875150201893976
2018-11-27,风险平价策略,-1.0,0.0,0.0,0.0,0.0,0.5476751866741058,0.1091612164412423,0.0,0.0,0.0,0.0615689006929797,0.2815946961916724,0.11800814632120704
2018-11-28,风险平价策略,-1.0,0.0,0.0,0.0,0.0,0.5545035036120284,0.11122946427336555,0.0,0.0,0.0,0.06231619030137023,0.27195084181323603,0.11590664232092343
2018-11-29,风险平价策略,-1.0,0.0,0.0,0.0,0.0,0.5544358540584213,0.11143950233126798,0.0,0.0,0.0,0.06245699780545473,0.271667645804856,0.11587756726453222
2018-11-30,风险平价策略,-1.0,0.0,0.0,0.0,0.0,0.5462640246446065,0.11382627497362777,0.0,0.0,0.0,0.06358751859950841,0.27632218178225726,0.11750539292886374
2018-12-03,风险平价策略,-1.0,0.0,0.0,0.0,0.0,0.5493334042738558,0.11460954218418884,0.0,0.0,0.0,0.06392834548947354,0.2721287080524818,0.11657758502464308
2018-12-04,风险平价策略,-1.0,0.0,0.0,0.0,0.0,0.5916197321100748,0.11522227242109429,0.0,0.0,0.0,0.0,0.293157995468831,0.11531029562139963
2018-12-05,风险平价策略,-1.0,0.0,0.0,0.0,0.0,0.5908094854025805,0.11286050566830183,0.0,0.0,0.0,0.0,0.2963300089291177,0.11580032054214577
2018-12-06,风险平价策略,-1.0,0.0,0.0,0.0,0.0,0.5925139312291153,0.10904904063692895,0.0,0.0,0.0,0.0,0.2984370281339557,0.11582306266014411
2018-12-07,风险平价策略,-1.0,0.0,0.0,0.0,0.0,0.5922833199964798,0.10917883935048318,0.0,0.0,0.0,0.0,0.298537840653037,0.11586629267883967
2018-12-10,风险平价策略,-1.0,0.0,0.0,0.0,0.0,0.5950987699629768,0.10639465365807182,0.0,0.0,0.0,0.0,0.29850657637895134,0.1154824552204723
2018-12-11,风险平价策略,-1.0,0.0,0.0,0.0,0.0,0.5962490547970558,0.10791667193170136,0.0,0.0,0.0,0.0,0.29583427327124284,0.11500649039494662
2018-12-12,风险平价策略,-1.0,0.0,0.0,0.0,0.0,0.605891935045845,0.11006365566415982,0.0,0.0,0.0,0.0,0.28404440928999514,0.11228991788361034
2018-12-13,风险平价策略,-1.0,0.0,0.0,0.0,0.0,0.5485708369546705,0.12844454762742674,0.0,0.0,0.0,0.0,0.32298461541790296,0.12470109086126788
2018-12-14,风险平价策略,-1.0,0.0,0.0,0.0,0.0,0.5485764087551359,0.12447457799134078,0.0,0.0,0.0,0.0,0.32694901325352327,0.12517606640847945
2018-12-17,风险平价策略,-1.0,0.0,0.0,0.0,0.0,0.5351214192186379,0.12872121094758449,0.0,0.0,0.0,0.0,0.33615736983377775,0.12809749278553723
2018-12-18,风险平价策略,-1.0,0.0,0.0,0.0,0.0,0.5370175142917468,0.12559905526767623,0.0,0.0,0.0,0.0,0.33738343044057706,0.12798864722348346
2018-12-19,风险平价策略,-1.0,0.0,0.0,0.0,0.0,0.6121042306192631,0.0,0.0,0.0,0.0,0.0,0.3878957693807368,0.12391342119208788
2018-12-20,风险平价策略,-1.0,0.0,0.0,0.0,0.0,0.6147718826596856,0.0,0.0,0.0,0.0,0.0,0.3852281173403145,0.12323316992178021
2018-12-21,风险平价策略,-1.0,0.0,0.0,0.0,0.0,0.6063590871562202,0.0,0.0,0.0,0.0,0.0,0.39364091284377983,0.12537843277516386
2018-12-24,风险平价策略,-1.0,0.0,0.0,0.0,0.0,0.6000176941993017,0.0,0.0,0.0,0.0,0.0,0.39998230580069827,0.12699548797917806
2018-12-25,风险平价策略,-1.0,0.0,0.0,0.0,0.0,0.6019750997048426,0.0,0.0,0.0,0.0,0.0,0.39802490029515736,0.12649634957526515
2018-12-26,风险平价策略,-1.0,0.0,0.0,0.0,0.0,0.6019721644152797,0.0,0.0,0.0,0.0,0.0,0.39802783558472044,0.12649709807410373
2018-12-27,风险平价策略,-1.0,0.0,0.0,0.0,0.0,0.6185896089503401,0.0,0.0,0.0,0.0,0.0,0.38141039104965996,0.1222596497176633
2018-12-28,风险平价策略,-1.0,0.0,0.0,0.0,0.0,0.6184490407602986,0.0,0.0,0.0,0.0,0.0,0.38155095923970145,0.12229549460612389
2019-01-02,风险平价策略,-1.0,0.0,0.0,0.0,0.0,0.6145328580086542,0.0,0.0,0.0,0.0,0.0,0.3854671419913458,0.12329412120779318
2019-01-03,风险平价策略,-1.0,0.0,0.0,0.0,0.0,0.6137934269928745,0.0,0.0,0.0,0.0,0.0,0.3862065730071254,0.12348267611681699
2019-01-04,风险平价策略,-1.0,0.0,0.0,0.0,0.0,0.6063047761136547,0.0,0.0,0.0,0.0,0.0,0.3936952238863452,0.12539228209101805
2019-01-07,风险平价策略,-1.0,0.0,0.0,0.0,0.0,0.6265967606795719,0.0,0.0,0.0,0.0,0.0,0.373403239320428,0.12021782602670915
2019-01-08,风险平价策略,-1.0,0.0,0.0,0.0,0.0,0.6458607082622227,0.0,0.0,0.0,0.0,0.0,0.35413929173777736,0.11530551939313324
2019-01-09,风险平价策略,-1.0,0.0,0.0,0.0,0.0,0.6473639480171746,0.0,0.0,0.0,0.0,0.0,0.3526360519828253,0.11492219325562046
2019-01-10,风险平价策略,-1.0,0.0,0.0,0.0,0.0,0.6302219590445752,0.0,0.0,0.0,0.0,0.0,0.36977804095542466,0.11929340044363329
2019-01-11,风险平价策略,-1.0,0.0,0.0,0.0,0.0,0.6616139784462928,0.0,0.0,0.0,0.0,0.0,0.33838602155370723,0.11128843549619535
2019-01-14,风险平价策略,-1.0,0.0,0.0,0.0,0.0,0.6372893585886806,0.0,0.0,0.0,0.0,0.0,0.36271064141131926,0.11749121355988643
2019-01-15,风险平价策略,-1.0,0.0,0.0,0.0,0.0,0.6393298633246007,0.0,0.0,0.0,0.0,0.0,0.3606701366753993,0.11697088485222684
2019-01-16,风险平价策略,-1.0,0.0,0.0,0.0,0.0,0.639605135669281,0.0,0.0,0.0,0.0,0.0,0.3603948643307189,0.11690069040433332
2019-01-17,风险平价策略,-1.0,0.0,0.0,0.0,0.0,0.6396144538861348,0.0,0.0,0.0,0.0,0.0,0.36038554611386525,0.11689831425903564
2019-01-18,风险平价策略,-1.0,0.0,0.0,0.0,0.09129049875772738,0.5709211166728964,0.0,0.0,0.0,0.0,0.0,0.3377883845693763,0.20014427435397517
2019-01-21,风险平价策略,-1.0,0.0,0.0,0.0,0.09523801591222,0.5803424156396388,0.0,0.0,0.0,0.0,0.0,0.32441956844814107,0.2005840554686905
2019-01-22,风险平价策略,-1.0,0.0,0.0,0.0,0.09458541442893653,0.5804179780779853,0.0,0.0,0.0,0.0,0.0,0.3249966074930781,0.20009491397894805
2019-01-23,风险平价策略,-1.0,0.0,0.0,0.0,0.09723174340971376,0.5688205127433202,0.0,0.0,0.0,0.0,0.0,0.333947743846966,0.20495762450544724
2019-01-24,风险平价策略,-1.0,0.0,0.0,0.0,0.09752571534290075,0.570139334835546,0.0,0.0,0.0,0.0,0.0,0.33233494982155326,0.20483298466382432
2019-01-25,风险平价策略,1.0,0.3,0.15,0.15,0.06967331782843825,0.39586618875917,0.0,0.0,0.0,0.0,0.0,0.23446049341239167,0.18721891070288718
2019-01-28,风险平价策略,1.0,0.3,0.15,0.15,0.06994377184203708,0.39599783101328034,0.0,0.0,0.0,0.0,0.0,0.23405839714468257,0.18738006881788022
2019-01-29,风险平价策略,1.0,0.3,0.15,0.15,0.06998651129219989,0.3959703438537007,0.0,0.0,0.0,0.0,0.0,0.23404314485409933,0.18741785044769022
2019-01-30,风险平价策略,1.0,0.3,0.15,0.15,0.06993484426992279,0.39601096019297405,0.0,0.0,0.0,0.0,0.0,0.23405419553710316,0.18737029302513603
2019-01-31,风险平价策略,1.0,0.3,0.15,0.15,0.06540886150554992,0.37026023237846356,0.0,0.0,0.045433692198235065,0.0,0.0,0.2188972139177515,0.1856803148856819
2019-02-01,风险平价策略,1.0,0.3,0.15,0.15,0.06600484912491626,0.3672651076252435,0.0,0.0,0.045926086501199816,0.0,0.0,0.22080395674864037,0.18681901941037063
2019-02-11,风险平价策略,1.0,0.3,0.15,0.15,0.06697728883275052,0.369738692106169,0.0,0.0,0.04561498021123922,0.0,0.0,0.21766903884984135,0.186922633649271
2019-02-12,风险平价策略,1.0,0.3,0.15,0.15,0.06711010781349143,0.3691282170249976,0.0,0.0,0.04570754909294915,0.0,0.0,0.21805412606856178,0.18716375188411502
2019-02-13,风险平价策略,1.0,0.3,0.15,0.15,0.06997870508351153,0.3723867957084252,0.0,0.0,0.0406170893238785,0.0,0.0,0.21701740988418472,0.18895815492885323
2019-02-14,风险平价策略,1.0,0.3,0.15,0.15,0.072478518761792,0.3660636386242365,0.0,0.0,0.042215243124471155,0.0,0.0,0.21924259948950028,0.1921946289156181
2019-02-15,风险平价策略,1.0,0.3,0.15,0.15,0.06493899660516288,0.3713940662727329,0.0,0.0,0.04190591231056616,0.0,0.0,0.221761024811538,0.18544094030200808
2019-02-18,风险平价策略,1.0,0.3,0.15,0.15,0.06561574396483104,0.36770518391646406,0.0,0.0,0.04235967960667931,0.0,0.0,0.2243193925120256,0.1868189489992453
2019-02-19,风险平价策略,1.0,0.3,0.15,0.15,0.06550896575677792,0.3677812914590434,0.0,0.0,0.042319699761651,0.0,0.0,0.22439004302252755,0.1867270590490424
2019-02-20,风险平价策略,1.0,0.3,0.15,0.15,0.06553208737325439,0.3683612302619826,0.0,0.0,0.04193660471530095,0.0,0.0,0.22417007764946198,0.18663796267325447
2019-02-21,风险平价策略,1.0,0.3,0.15,0.15,0.05785800484979921,0.34080146331321776,0.07636853700110328,0.0,0.03871265479748016,0.0,0.0,0.1862593400383996,0.1793307738791297
2019-02-22,风险平价策略,1.0,0.3,0.15,0.15,0.06111032687288285,0.3408124906967487,0.08080134069145596,0.0,0.04041952178725764,0.0,0.0,0.17685631995165482,0.18094994194123168
2019-02-25,风险平价策略,1.0,0.3,0.15,0.15,0.06492173791294856,0.3204001882317613,0.08610401658423453,0.0,0.04321131723243195,0.0,0.0,0.18536274003862357,0.18795587641254816
2019-02-26,风险平价策略,1.0,0.3,0.15,0.15,0.06515623708429322,0.3040897147417672,0.08684686030457513,0.0,0.04528985097776278,0.0,0.0,0.19861733689160171,0.19196610659743757
2019-02-27,风险平价策略,1.0,0.3,0.15,0.15,0.06347387500340052,0.29670470610221816,0.08315021517223202,0.0,0.042364951013262674,0.02466154854164138,0.0,0.18964470416724524,0.19438978145592167
2019-02-28,风险平价策略,1.0,0.3,0.15,0.15,0.06477371659787759,0.29795677876017684,0.08689817996526693,0.0,0.044102020800522355,0.025724159185635777,0.0,0.18054514469052055,0.19440805985016274
2019-03-01,风险平价策略,1.0,0.3,0.15,0.15,0.06604622684344125,0.29523133691620895,0.08860496070915369,0.0,0.04496959034833936,0.026240002129119734,0.0,0.178907883053737,0.19573964227539345
2019-03-04,风险平价策略,1.0,0.3,0.15,0.15,0.07345139244086153,0.3340509332052503,0.0834025361243784,0.0,0.04993249187611816,0.024964827073345765,0.0,0.1341978192800458,0.1911997292317169
2019-03-05,风险平价策略,1.0,0.3,0.15,0.15,0.07432989454321239,0.33668704224249724,0.08307094963364565,0.0,0.050352398844306465,0.025018040291819,0.0,0.1305416744445192,0.19115577208203768
2019-03-06,风险平价策略,1.0,0.3,0.15,0.15,0.08793542838121715,0.39811054844484134,0.0,0.0,0.05955299968108417,0.0,0.0,0.15440102349285728,0.19324448861612253
2019-03-07,风险平价策略,1.0,0.3,0.15,0.15,0.08718745541203725,0.40415290701914447,0.0,0.0,0.059224452223114524,0.0,0.0,0.14943518534570377,0.1912012868622424
2019-03-08,风险平价策略,1.0,0.3,0.15,0.15,0.056498311610100355,0.3712591711511255,0.08713821252492271,0.0,0.04861704648356019,0.0,0.0,0.13648725823029134,0.16820323509955293
2019-03-11,风险平价策略,1.0,0.3,0.15,0.15,0.05449315609175795,0.356558418620104,0.08406104831572588,0.0,0.046866479553084935,0.0263488075754858,0.0,0.13167208984384138,0.17212398939223217
2019-03-12,风险平价策略,1.0,0.3,0.15,0.15,0.05451727172250839,0.3570221544436997,0.08416956415804312,0.0,0.046899530690557065,0.02637426979928051,0.0,0.13101720918591112,0.17200746097410735
2019-03-13,风险平价策略,1.0,0.3,0.15,0.15,0.054479994928869555,0.35802719854853543,0.08375038024313441,0.0,0.04587776443908584,0.026502753622089557,0.0,0.13136190821828522,0.17189217114631758
2019-03-14,风险平价策略,1.0,0.3,0.15,0.15,0.05430318512226091,0.34784601708508084,0.08520613629565071,0.0,0.04832543388717429,0.02823981970696015,0.0,0.1360794079028731,0.17398661763654338
2019-03-15,风险平价策略,1.0,0.3,0.15,0.15,0.04703279246323096,0.30106011766945295,0.07375750651733362,0.09500298965210026,0.041250603562787966,0.024456226011943437,0.0,0.11743976412315082,0.1712827036760548
2019-03-18,风险平价策略,1.0,0.3,0.15,0.15,0.05659005830991817,0.3406080983555918,0.08870078424950197,0.0,0.04447009001973523,0.02902404414149553,0.0,0.14060692492375726,0.17751493465601387
2019-03-19,风险平价策略,1.0,0.3,0.15,0.15,0.049173070931873626,0.2929333787935727,0.07726389269093552,0.09382470172804543,0.038796485542280164,0.025323054202515807,0.0,0.12268541611077667,0.17492127690676007
2019-03-20,风险平价策略,1.0,0.3,0.15,0.15,0.04924686194676641,0.2933178759215695,0.07688841176591238,0.09398772813833692,0.03884177345407419,0.025366542526070582,0.0,0.12235080624726996,0.17489861207425633
2019-03-21,风险平价策略,1.0,0.3,0.15,0.15,0.04922754349855125,0.2933377002926552,0.07688818529265014,0.09398662365641165,0.038846093378738615,0.02536617453145709,0.0,0.12234767934953598,0.17487931738003942
2019-03-22,风险平价策略,1.0,0.3,0.15,0.15,0.05037064874520521,0.2993473043585968,0.07249928692762288,0.09278044575730285,0.03963679817375232,0.025523136811920887,0.0,0.119842379225599,0.17476061423627853
2019-03-25,风险平价策略,1.0,0.3,0.15,0.15,0.05695008699274311,0.3539993263605,0.07086611345327225,0.0,0.04733787633673289,0.02758794223456706,0.0,0.14325865462218465,0.17612665209079692
2019-03-26,风险平价策略,1.0,0.3,0.15,0.15,0.05517677070556995,0.35499110567574177,0.07120606933182945,0.0,0.047405410209513034,0.027682169186653834,0.0,0.1435384748906919,0.1745525062852964
2019-03-27,风险平价策略,1.0,0.3,0.15,0.15,0.05581874832141794,0.35167649868749606,0.07198144800732138,0.0,0.047462902350758944,0.02801499141052803,0.0,0.14504541122247766,0.1757738982630685
2019-03-28,风险平价策略,1.0,0.3,0.15,0.15,0.054471645906034885,0.3565415483810387,0.07267759993653611,0.0,0.04811201889066368,0.027265007436840422,0.0,0.14093217944888617,0.17337845644229652
2019-03-29,风险平价策略,1.0,0.3,0.15,0.15,0.07031906649294098,0.43661533488468324,0.09527722454646266,0.0,0.06216477440634522,0.035623599669567865,0.0,0.0,0.1604463693358325
2019-04-01,风险平价策略,1.0,0.3,0.15,0.15,0.06275389149187967,0.34801483900001845,0.08491362577134035,0.11683657238431154,0.055627617219597046,0.03185345413285294,0.0,0.0,0.16538409442162888
2019-04-02,风险平价策略,1.0,0.3,0.15,0.15,0.13205623336925296,0.0,0.17165081635834034,0.2239836782117057,0.10512251212593055,0.06718675993477036,0.0,0.0,0.27672834274099506
2019-04-03,风险平价策略,1.0,0.3,0.15,0.15,0.1324093925652537,0.0,0.1718669640738553,0.2247633394916778,0.10348669314430664,0.06747361072490653,0.0,0.0,0.2770545344022412
2019-04-04,风险平价策略,1.0,0.3,0.15,0.15,0.13247232393959218,0.0,0.17203662440165912,0.22498933065967616,0.10376625649564246,0.06673546450343004,0.0,0.0,0.2769920889947627
2019-04-08,风险平价策略,1.0,0.3,0.15,0.15,0.13282114566063233,0.0,0.17064056955526702,0.22563083730493536,0.10398424239151487,0.06692320508765044,0.0,0.0,0.27731731759287037
2019-04-09,风险平价策略,1.0,0.3,0.15,0.15,0.1327806783978291,0.0,0.17060029235903276,0.22554430544108528,0.1040874193847295,0.06698730441732328,0.0,0.0,0.27729461275479544
2019-04-10,风险平价策略,1.0,0.3,0.15,0.15,0.133536643711106,0.0,0.1682538685807375,0.22696852793120012,0.10429168898636765,0.0669492707905888,0.0,0.0,0.2779255809336869
2019-04-11,风险平价策略,1.0,0.3,0.15,0.15,0.09398123405825769,0.0,0.1212073731013861,0.1684089244458969,0.07828166499571176,0.0502847835588176,0.0,0.18783601983992992,0.26431294100909597
2019-04-12,风险平价策略,1.0,0.3,0.15,0.15,0.1248396723541403,0.0,0.16828945910877205,0.23222813355549607,0.10831372929310616,0.06632900568848538,0.0,0.0,0.27056110298056657
2019-04-15,风险平价策略,1.0,0.3,0.15,0.15,0.12498517911590587,0.0,0.16944764174693672,0.23283014203568556,0.1073530967788505,0.06538394032262133,0.0,0.0,0.27052251187676885
2019-04-16,风险平价策略,1.0,0.3,0.15,0.15,0.12518028383664898,0.0,0.1698634335774498,0.2332757263324946,0.1076940538112885,0.06398650244211813,0.0,0.0,0.27046621935163695
2019-04-17,风险平价策略,1.0,0.3,0.15,0.15,0.125730637034137,0.0,0.17053182883918735,0.2341344593773029,0.1051987170764641,0.06440435767290857,0.0,0.0,0.2709704195071051
2019-04-18,风险平价策略,1.0,0.3,0.15,0.15,0.12237795235385983,0.0,0.18238613479313964,0.2518192344424031,0.07708982775484334,0.06632685065575414,0.0,0.0,0.2681806743597114
2019-04-19,风险平价策略,1.0,0.3,0.15,0.15,0.12237241260865182,0.0,0.1823839790948464,0.2518212326004854,0.07709112122088042,0.06633125447513588,0.0,0.0,0.2681767385194981
2019-04-22,风险平价策略,1.0,0.3,0.15,0.15,0.10881118362718246,0.0,0.17912659292713579,0.26243979922248956,0.08045597263168729,0.06916645159150482,0.0,0.0,0.2572725862277909
2019-04-23,风险平价策略,1.0,0.3,0.15,0.15,0.12016963164049521,0.0,0.20251981985427003,0.2984129617782471,0.0,0.07889758672698749,0.0,0.0,0.26756610445433393
2019-04-24,风险平价策略,1.0,0.3,0.15,0.15,0.12446169218418521,0.0,0.20016572872924282,0.2942432131507378,0.0,0.08112936593583404,0.0,0.0,0.271528519984449
2019-04-25,风险平价策略,1.0,0.3,0.15,0.15,0.1084009349877655,0.0,0.20696909702431845,0.3011026563945165,0.0,0.08352731159339959,0.0,0.0,0.25842115524466697
2019-04-26,风险平价策略,1.0,0.3,0.15,0.15,0.10715876295372699,0.0,0.2101039454380921,0.30041939023132613,0.0,0.08231790137685467,0.0,0.0,0.2571842251014274
2019-04-29,风险平价策略,1.0,0.3,0.15,0.15,0.10865351273909697,0.0,0.20968692247872484,0.30570743359615776,0.0,0.07595213118602033,0.0,0.0,0.2574212916906047
2019-04-30,风险平价策略,1.0,0.3,0.15,0.15,0.10910716239931503,0.0,0.21077284871271365,0.3038294064954895,0.0,0.07629058239248171,0.0,0.0,0.2578565095982217
2019-05-06,风险平价策略,1.0,0.3,0.15,0.15,0.11113395968574892,0.0,0.21920679303631518,0.2786443039927442,0.0,0.09101494328519162,0.0,0.0,0.26191491706165976
2019-05-07,风险平价策略,1.0,0.3,0.15,0.15,0.1111236369306451,0.0,0.2192151610505619,0.2786303523908538,0.0,0.09103084962793907,0.0,0.0,0.2619087909622121
2019-05-08,风险平价策略,1.0,0.3,0.15,0.15,0.11044479700141217,0.0,0.21408236334128924,0.2838988417959827,0.0,0.09157399786131581,0.0,0.0,0.2614254691389967
2019-05-09,风险平价策略,1.0,0.3,0.15,0.15,0.1042222449258154,0.0,0.0,0.2716152740574752,0.0,0.08864456069336288,0.2355179203233464,0.0,0.2486642778389226
2019-05-10,风险平价策略,1.0,0.3,0.15,0.15,0.15720241812784405,0.0,0.0,0.40907669941527663,0.0,0.1337208824568793,0.0,0.0,0.3074453724204897
2019-05-13,风险平价策略,1.0,0.3,0.15,0.15,0.15483284280416953,0.0,0.0,0.4109558660431941,0.0,0.13421129115263636,0.0,0.0,0.30553339453992423
2019-05-14,风险平价策略,1.0,0.3,0.15,0.15,0.08367621095133827,0.0,0.0,0.22151194239349944,0.0,0.07407193124105267,0.0,0.3207399154141096,0.27462831604738575
2019-05-15,风险平价策略,1.0,0.3,0.15,0.15,0.06641799318393611,0.0,0.0,0.17582590931821446,0.0,0.05883301698944935,0.14946472219112428,0.2494583583172758,0.24465545832515762
2019-05-16,风险平价策略,1.0,0.3,0.15,0.15,0.08014734092308975,0.0,0.15633086657662304,0.21217305425753624,0.0,0.07099146041799316,0.18035727782475777,0.0,0.22727168170753156
2019-05-17,风险平价策略,1.0,0.3,0.15,0.15,0.04265665925707069,0.3964600581973932,0.0,0.11847478622306908,0.0,0.04094094642632681,0.10146754989614015,0.0,0.13981601085061937
2019-05-20,风险平价策略,1.0,0.3,0.15,0.15,0.09599492750014059,0.0,0.0,0.2715731400892059,0.0,0.09535315347091233,0.23707877893974108,0.0,0.24277988028727182
2019-05-21,风险平价策略,1.0,0.3,0.15,0.15,0.09753187732120473,0.0,0.0,0.2703322316165864,0.0,0.09098215324942895,0.24115373781277988,0.0,0.24324930933533723
2019-05-22,风险平价策略,1.0,0.3,0.15,0.15,0.10331306871863391,0.0,0.0,0.2572590530846325,0.0,0.09448364693195606,0.24494423126477755,0.0,0.24855203429482214
2019-05-23,风险平价策略,1.0,0.3,0.15,0.15,0.10133317305940019,0.0,0.0,0.2647562367214716,0.0,0.08735798794391969,0.24655260227520837,0.0,0.24570056537266705
2019-05-24,风险平价策略,1.0,0.3,0.15,0.15,0.0,0.4268316551689494,0.0,0.12287826582900684,0.0,0.0365122669412839,0.11377781206075978,0.0,0.09880635490097445
2019-05-27,风险平价策略,1.0,0.3,0.15,0.15,0.10254356952899801,0.0,0.0,0.2689907787833199,0.0,0.07907661524877387,0.24938903643890814,0.0,0.2453071857509949
2019-05-28,风险平价策略,1.0,0.3,0.15,0.15,0.10319621796234495,0.0,0.0,0.2657552906305503,0.0,0.07976154079821221,0.25128695060889245,0.0,0.24590806109781693
2019-05-29,风险平价策略,1.0,0.3,0.15,0.15,0.03752079296780625,0.3056546901710365,0.0,0.09409070535823412,0.0,0.02866998751249345,0.09102375460730489,0.14304006938312466,0.16327537660962207
2019-05-30,风险平价策略,1.0,0.3,0.15,0.15,0.03947425497100257,0.3190778014140415,0.0,0.0952961822076266,0.0,0.030042190081471184,0.07787050934205526,0.1382390619838028,0.16314219355557663
2019-05-31,风险平价策略,1.0,0.3,0.15,0.15,0.0,0.34112436993969886,0.0,0.10269804649809486,0.0,0.026476441441146425,0.08293247209769374,0.14676867002336613,0.12730870692859722
2019-06-03,风险平价策略,1.0,0.3,0.15,0.15,0.0,0.3558261051737772,0.0,0.10516672373570826,0.0,0.0,0.08641195976551747,0.15259521132499693,0.12168254236757417
2019-06-04,风险平价策略,1.0,0.3,0.15,0.15,0.0,0.35823961243556385,0.0,0.10121954169209604,0.0,0.0,0.08699362542912661,0.15354722044321342,0.1214535100115107
2019-06-05,风险平价策略,1.0,0.3,0.15,0.15,0.0,0.35948694542866716,0.0,0.10154721822535485,0.0,0.0,0.08453083825400394,0.154434998091974,0.1214655369905467
2019-06-06,风险平价策略,1.0,0.3,0.15,0.15,0.04302051643088889,0.35313521743147364,0.0,0.0864345874443622,0.0,0.0,0.059404533275426094,0.15800514541784907,0.15964246090057682
2019-06-10,风险平价策略,1.0,0.3,0.15,0.15,0.043406277089332444,0.35348968825235266,0.0,0.0869459843277444,0.0,0.0,0.05946182711826203,0.15669622321230844,0.1597598568129008
2019-06-11,风险平价策略,1.0,0.3,0.15,0.15,0.08987315074033879,0.0,0.0,0.18001064874022893,0.0,0.0,0.12353260532507501,0.30658359519435724,0.2625774998854552
2019-06-12,风险平价策略,1.0,0.3,0.15,0.15,0.08949532160814785,0.0,0.0,0.1764692668636127,0.0,0.0,0.12401203771609187,0.31002337381214756,0.26265851387681916
2019-06-13,风险平价策略,1.0,0.3,0.15,0.15,0.04541813508242231,0.34328725778591296,0.0,0.09003699335721285,0.0,0.0,0.06322366916946107,0.15803394460499076,0.16287481694565156
2019-06-14,风险平价策略,1.0,0.3,0.15,0.15,0.0,0.36790430676442193,0.0,0.09533456344125298,0.0,0.0,0.06731575565313641,0.16944537414118865,0.12264689081415159
2019-06-17,风险平价策略,1.0,0.3,0.15,0.15,0.0,0.38979504706151474,0.0,0.09234291175626895,0.0,0.0,0.07155696532693032,0.1463050758552859,0.1167875687895219
2019-06-18,风险平价策略,1.0,0.3,0.15,0.15,0.0,0.38236396984794546,0.0,0.09638729715109054,0.0,0.0,0.06891449509868654,0.15233423790227743,0.11859353776584006
2019-06-19,风险平价策略,1.0,0.3,0.15,0.15,0.0,0.3858066362977112,0.0,0.10172709213070154,0.0,0.0,0.06427266797127128,0.1481936036003159,0.11777115649270875
2019-06-20,风险平价策略,1.0,0.3,0.15,0.15,0.0,0.38584497480843893,0.0,0.10177811773710155,0.0,0.0,0.06412683156658944,0.14825007588787006,0.11777713256040748
2019-06-21,风险平价策略,1.0,0.3,0.15,0.15,0.0,0.38941741382189365,0.0,0.0957440040617951,0.0,0.0,0.06487406764800256,0.14996451446830866,0.11747816884080133
2019-06-24,风险平价策略,1.0,0.3,0.15,0.15,0.0,0.0,0.0,0.21570456902114754,0.0,0.0,0.1462240432819499,0.3380713876969025,0.1901818452251698
2019-06-25,风险平价策略,1.0,0.3,0.15,0.15,0.0,0.0,0.0,0.21633144786864242,0.0,0.0,0.14548317986144962,0.33818537226990797,0.19021774927654547
2019-06-26,风险平价策略,1.0,0.3,0.15,0.15,0.0,0.0,0.0,0.24694377148979046,0.0,0.0,0.15904712429092205,0.29400910421928744,0.18450967877758684
2019-06-27,风险平价策略,1.0,0.3,0.15,0.15,0.0,0.0,0.0,0.2480470630076855,0.0,0.0,0.1592551804177814,0.292697756574533,0.1843460753764105
2019-06-28,风险平价策略,1.0,0.3,0.15,0.15,0.0,0.40124984895242205,0.0,0.10427674773156669,0.0,0.0,0.06859086699905387,0.1258825363169574,0.1128794487394863
2019-07-01,风险平价策略,1.0,0.3,0.15,0.15,0.0,0.47496638813573694,0.0,0.0,0.04901563180920904,0.0,0.07344896006836256,0.10256901998669134,0.10047450751611967
2019-07-02,风险平价策略,1.0,0.3,0.15,0.15,0.0,0.47939858625813553,0.0,0.0,0.049873970328496574,0.0,0.06693585107020263,0.10379159234316529,0.10022684610751044
2019-07-03,风险平价策略,1.0,0.3,0.15,0.15,0.0,0.48308707705319576,0.0,0.0,0.04586598213869297,0.0,0.06711723055608174,0.10392971025202956,0.0996999527327666
2019-07-04,风险平价策略,1.0,0.3,0.15,0.15,0.0,0.5256847325662716,0.0,0.0,0.0,0.0,0.07124567573295874,0.10306959170076968,0.09326354183565694
2019-07-05,风险平价策略,1.0,0.3,0.15,0.15,0.0,0.44159206217251296,0.0,0.10404245576424223,0.0,0.0,0.06303541395422554,0.09133006810901928,0.1034536173611663
2019-07-08,风险平价策略,1.0,0.3,0.15,0.15,0.0,0.521980057520765,0.0,0.0,0.0,0.0,0.07134176081050539,0.10667818166872955,0.09419382121062911
2019-07-09,风险平价策略,1.0,0.3,0.15,0.15,0.0,0.527623768747619,0.0,0.0,0.0,0.0,0.0707615855707322,0.10161464568164882,0.09284170113374733
2019-07-10,风险平价策略,1.0,0.3,0.15,0.15,0.0,0.4462993043047286,0.0,0.10698395558827473,0.0,0.0,0.06034174013931327,0.0863749999676833,0.10230434171080423
2019-07-11,风险平价策略,1.0,0.3,0.15,0.15,0.0,0.5268098207563047,0.0,0.0,0.0,0.0,0.07122580628535441,0.10196437295834092,0.09297962476433916
2019-07-12,风险平价策略,1.0,0.3,0.15,0.15,0.0,0.5305644206629807,0.0,0.0,0.0,0.0,0.07186070612522279,0.09757487321179642,0.09192696681215648
2019-07-15,风险平价策略,1.0,0.3,0.15,0.15,0.0,0.43667689859972153,0.0,0.11126950183666022,0.0,0.0,0.0644880025209808,0.08756559704263737,0.10362185025852465
2019-07-16,风险平价策略,1.0,0.3,0.15,0.15,0.0,0.5223701196637682,0.0,0.0,0.0,0.0,0.07258271628809419,0.10504716404813753,0.09390821204252496
2019-07-17,风险平价策略,1.0,0.3,0.15,0.15,0.0,0.5248791002375585,0.0,0.0,0.0,0.0,0.0730694825925916,0.10205141716984985,0.09319540705053384
2019-07-18,风险平价策略,1.0,0.3,0.15,0.15,0.0,0.49657241492986903,0.0,0.0,0.03771715258231978,0.0,0.06920514684854412,0.09650528563926698,0.09684437538154658
2019-07-19,风险平价策略,1.0,0.3,0.15,0.15,0.0,0.5242981633360945,0.0,0.0,0.0,0.0,0.07330530858154184,0.10239652808236374,0.09330817206206465
2019-07-22,风险平价策略,1.0,0.3,0.15,0.15,0.0,0.5407244274044734,0.0,0.0,0.0,0.0,0.06453368467262341,0.09474188792290322,0.09043521831096579
2019-07-23,风险平价策略,1.0,0.3,0.15,0.15,0.0,0.5428091255049073,0.0,0.0,0.0,0.0,0.06520021956593293,0.09199065492915978,0.08980364006135871
2019-07-24,风险平价策略,1.0,0.3,0.15,0.15,0.0,0.5331234622732428,0.0,0.0,0.0,0.0,0.06802460203646159,0.09885193569029553,0.09184982681485383
2019-07-25,风险平价策略,1.0,0.3,0.15,0.15,0.0745553880142458,0.4763361572828701,0.0,0.0,0.0,0.0,0.06078245014383186,0.08832600455905217,0.1610967917415503
2019-07-26,风险平价策略,1.0,0.3,0.15,0.15,0.07481811944563636,0.47785872644493704,0.0,0.0,0.0,0.0,0.059673343892063226,0.08764981021736336,0.16106406917358976
2019-07-29,风险平价策略,1.0,0.3,0.15,0.15,0.07796712693287808,0.46825637516026053,0.0,0.0,0.0,0.0,0.0612086183382706,0.09256787956859076,0.16554966297506518
2019-07-30,风险平价策略,1.0,0.3,0.15,0.15,0.06663312845238627,0.4001417769397253,0.0,0.10181196908552631,0.0,0.0,0.05230968127759722,0.07910344424476487,0.1638758108841854
2019-07-31,风险平价策略,1.0,0.3,0.15,0.15,0.0755839417514169,0.46970936011640746,0.0,0.0,0.0,0.0,0.061712333584962135,0.09299436454721359,0.16338770119359197
2019-08-01,风险平价策略,1.0,0.3,0.15,0.15,0.07232108946501266,0.48815284697782946,0.0,0.0,0.0,0.0,0.060138275846053975,0.07938778771110382,0.1565714670585545
2019-08-02,风险平价策略,1.0,0.3,0.15,0.15,0.06589020803096864,0.49275596629555485,0.0,0.0,0.0,0.0,0.061060356467006804,0.08029346920646965,0.1506291249068799
2019-08-05,风险平价策略,1.0,0.3,0.15,0.15,0.0,0.5435913051308393,0.0,0.0,0.0,0.0,0.06766003561235348,0.08874865925680725,0.08923521184978297
2019-08-06,风险平价策略,1.0,0.3,0.15,0.15,0.0,0.5439538550006816,0.0,0.0,0.0,0.0,0.06708122334469527,0.08896492165462302,0.08922958347312188
2019-08-07,风险平价策略,1.0,0.3,0.15,0.15,0.0,0.5438042346332727,0.0,0.0,0.0,0.0,0.06722508236467163,0.08897068300205561,0.0892461578138147
2019-08-08,风险平价策略,1.0,0.3,0.15,0.15,0.0,0.5439721009206915,0.0,0.0,0.0,0.0,0.06690713606031587,0.08912076301899263,0.0892510438561763
2019-08-09,风险平价策略,1.0,0.3,0.15,0.15,0.0,0.5439930093939257,0.0,0.0,0.0,0.0,0.0669091253836545,0.08909786522241973,0.08924541379700075
2019-08-12,风险平价策略,1.0,0.3,0.15,0.15,0.05836213139179079,0.4991200339337873,0.0,0.0,0.0,0.0,0.06121294639824597,0.08130488827617594,0.1435631839892367
2019-08-13,风险平价策略,1.0,0.3,0.15,0.15,0.058015274051245805,0.49935740218660685,0.0,0.0,0.0,0.0,0.06127600342528728,0.08135132033685998,0.14324345924551912
2019-08-14,风险平价策略,1.0,0.3,0.15,0.15,0.061505049372924586,0.5161259039088579,0.0,0.0,0.0,0.0,0.05670014206591509,0.06566890465230246,0.14216650874185968
2019-08-15,风险平价策略,1.0,0.3,0.15,0.15,0.05428038398322862,0.4363161829846404,0.0,0.10370423289021133,0.0,0.0,0.04779804554368325,0.05790115459823645,0.14620703502846347
2019-08-16,风险平价策略,1.0,0.3,0.15,0.15,0.053053381479664846,0.4205486369777452,0.0,0.10021048089115575,0.023078910924489448,0.0,0.046495992245562015,0.05661259748138268,0.1474201954905668
2019-08-19,风险平价策略,1.0,0.3,0.15,0.15,0.05305235304385805,0.42068634710323666,0.0,0.10023065379618555,0.023075915231463746,0.0,0.04651038492712096,0.05644434589813494,0.147380088810181
2019-08-20,风险平价策略,1.0,0.3,0.15,0.15,0.0561330629641351,0.4332496716331595,0.0,0.10262814038244072,0.0,0.0,0.04934415700905178,0.058644968011212835,0.14822013867047093
2019-08-21,风险平价策略,1.0,0.3,0.15,0.15,0.05878340794048757,0.419437670095079,0.0,0.10808423029913851,0.0,0.0,0.05205354604176692,0.061641145623527877,0.15258930830074421
2019-08-22,风险平价策略,1.0,0.3,0.15,0.15,0.06351634654962966,0.4531342496025979,0.0,0.1168016577510626,0.0,0.0,0.0,0.06654774609670978,0.15416633693694337
2019-08-23,风险平价策略,1.0,0.3,0.15,0.15,0.05894179673164919,0.4201691850768459,0.0,0.10703588923824857,0.0,0.0,0.05215926084336061,0.06169386810989569,0.1526267556170978
2019-08-26,风险平价策略,1.0,0.3,0.15,0.15,0.05674215408331126,0.42571055666734775,0.0,0.101944691452047,0.0,0.0,0.053091082057624056,0.06251151573966977,0.15010113370692113
2019-08-27,风险平价策略,1.0,0.3,0.15,0.15,0.053623509531571106,0.4025238426113239,0.06532213668997884,0.09637051229962408,0.022863666946604855,0.0,0.0,0.059296331920897186,0.1520472257539647
2019-08-28,风险平价策略,1.0,0.3,0.15,0.15,0.05172566275632154,0.38774417791515153,0.06315509931305,0.09315997484781151,0.022106236396565896,0.02479070316565629,0.0,0.05731814560544323,0.15616984503988848
2019-08-29,风险平价策略,1.0,0.3,0.15,0.15,0.05159821971075698,0.40024565574659143,0.0,0.09260530491355187,0.022269079144287756,0.025702410882190895,0.04830035233117657,0.059278977271444426,0.15330888426647746
2019-08-30,风险平价策略,1.0,0.3,0.15,0.15,0.052072946128442626,0.33615369281218804,0.06870364656008518,0.0974497598858591,0.023563917799999792,0.026955817021886343,0.043248292696390245,0.051851927095148624,0.16183387859027437
2019-09-02,风险平价策略,1.0,0.3,0.15,0.15,0.05759605103267381,0.3544283671375038,0.07549121079043018,0.10784350762831353,0.0,0.0,0.047999361881496436,0.05664150152958212,0.15988985263098793
2019-09-03,风险平价策略,1.0,0.3,0.15,0.15,0.0,0.4381789966459168,0.0,0.13135275151426717,0.0,0.0,0.05987743411472689,0.07059081772508904,0.1015204105563701
2019-09-04,风险平价策略,1.0,0.3,0.15,0.15,0.05379146380652,0.32986770712594626,0.06862286110769962,0.09884277549922542,0.024525121363188306,0.02651631049589403,0.04466327241583827,0.05317048818568811,0.16418111043825642
2019-09-05,风险平价策略,1.0,0.3,0.15,0.15,0.05399410372939731,0.33143783855030734,0.068932479246531,0.09798327349560983,0.024614399200803147,0.026612468560929716,0.04280669070492627,0.0536187465114953,0.16426512675039068
2019-09-06,风险平价策略,1.0,0.3,0.15,0.15,0.058021802321035244,0.36207038158203697,0.07378383483717402,0.10617925422998689,0.026470174296042415,0.028446965363842384,0.0,0.04502758736988198,0.16407833912165565
2019-09-09,风险平价策略,1.0,0.3,0.15,0.15,0.0585679619763386,0.35886576267549153,0.07425061661973487,0.10718000962505722,0.026737483645415654,0.028736072035181765,0.0,0.04566209342278031,0.16509480767174994
2019-09-10,风险平价策略,1.0,0.3,0.15,0.15,0.06376994715934836,0.36419774571726304,0.08310289378925613,0.1110917789879986,0.0,0.03212123613730811,0.0,0.045716398208825754,0.1690254255090505
2019-09-11,风险平价策略,1.0,0.3,0.15,0.15,0.06524894526093902,0.3582666101978291,0.08293681542384118,0.11370534025756854,0.0,0.03291148213461226,0.0,0.04693080672520984,0.171340655591045
2019-09-12,风险平价策略,1.0,0.3,0.15,0.15,0.069523321373435,0.3388681194693608,0.08878542560783534,0.12130026346981125,0.0,0.031519078406817794,0.0,0.05000379167273977,0.1776959013711413
2019-09-16,风险平价策略,1.0,0.3,0.15,0.15,0.07090545700310431,0.34375582782431563,0.09071896277174593,0.11157213809363402,0.0,0.032071132340633725,0.0,0.05097648196656644,0.1784021061368144
2019-09-17,风险平价策略,1.0,0.3,0.15,0.15,0.06719693864821039,0.33859871285355636,0.09186829574326606,0.11474453217198048,0.0,0.03451544400756804,0.0,0.05307607657541868,0.17662620245952776
2019-09-18,风险平价策略,1.0,0.3,0.15,0.15,0.07143937641472246,0.3271942320034857,0.09758945604381213,0.11785884897873831,0.0,0.030136851394974053,0.0,0.055781235164267334,0.18135349931080424
2019-09-19,风险平价策略,1.0,0.3,0.15,0.15,0.08521765843715669,0.38932250779348176,0.0,0.1281985186642414,0.0,0.03239108431470961,0.0,0.06487023079041056,0.18599129572029438
2019-09-20,风险平价策略,1.0,0.3,0.15,0.15,0.08521197830233208,0.38933025659698045,0.0,0.12820206177828866,0.0,0.03238743617934358,0.0,0.06486826714305509,0.18598465897922817
2019-09-23,风险平价策略,1.0,0.3,0.15,0.15,0.08212498369571393,0.38904101984424183,0.0,0.129983020355548,0.0,0.032986676207068175,0.0,0.06586429989742794,0.1836460328062493
2019-09-24,风险平价策略,1.0,0.3,0.15,0.15,0.0,0.4408433729531615,0.0,0.14481639637595248,0.0,0.03754150204275165,0.0,0.0767987286281343,0.10970863241353958
2019-09-25,风险平价策略,1.0,0.3,0.15,0.15,0.0,0.3470545047839408,0.09561551836535119,0.11019256504454959,0.0,0.027806644443714026,0.05920869924234375,0.060122068120100555,0.11703509216230398
2019-09-26,风险平价策略,1.0,0.3,0.15,0.15,0.0,0.3313574609310561,0.10489275460079094,0.11134483902786474,0.0,0.03002927235929096,0.06205161625527628,0.06032405682572093,0.1194487646832222
2019-09-27,风险平价策略,1.0,0.3,0.15,0.15,0.0,0.32792820022257285,0.10514775455917334,0.11085637702091718,0.0,0.03153588504025395,0.06448020907348996,0.06005157408359259,0.1200472171942197
2019-09-30,风险平价策略,1.0,0.3,0.15,0.15,0.0,0.32816604262653554,0.10526570140908928,0.1109662027222871,0.0,0.03143483416198674,0.06452243112131772,0.05964478795878364,0.1199488593327501
2019-10-08,风险平价策略,1.0,0.3,0.15,0.15,0.0,0.33601566608732897,0.0975260623036874,0.10936384646280906,0.0,0.03081823014603747,0.06600303766966185,0.060273157330475176,0.11882148965114375
2019-10-09,风险平价策略,1.0,0.3,0.15,0.15,0.07382960944828298,0.30092798480097854,0.08661650560453014,0.09712344720804508,0.0,0.02778143289163607,0.05944914023553907,0.054271879810988105,0.18456577462133977
2019-10-10,风险平价策略,1.0,0.3,0.15,0.15,0.07458317406987063,0.2976293938228658,0.0875044813282999,0.09800820142453161,0.0,0.02809596873578223,0.06007154100298558,0.05410723961566432,0.18565597557411975
2019-10-11,风险平价策略,1.0,0.3,0.15,0.15,0.07836269761745039,0.2874904979064094,0.092220190133709,0.09364170492952159,0.0,0.029675864274626877,0.06342684636322016,0.05518219877506253,0.19048064552734426
2019-10-14,风险平价策略,1.0,0.3,0.15,0.15,0.09110710919957454,0.3357648209958958,0.10716107262499651,0.0,0.0,0.034416052110604986,0.07152913137874269,0.0600218136901855,0.19576503293235348
2019-10-15,风险平价策略,1.0,0.3,0.15,0.15,0.10393814646604499,0.40083267362301855,0.0,0.0,0.0,0.03843806322894818,0.08531929453273512,0.07147182214925309,0.1993627620309303
2019-10-16,风险平价策略,1.0,0.3,0.15,0.15,0.10440931266408321,0.40070721282478217,0.0,0.0,0.0,0.038296333484223094,0.085677526121896,0.07090961490501557,0.199674590268905
2019-10-17,风险平价策略,1.0,0.3,0.15,0.15,0.10314105245914193,0.4030487483455912,0.0,0.0,0.0,0.03697885586905065,0.0857167812214761,0.07111456210474006,0.19810576399399704
2019-10-18,风险平价策略,1.0,0.3,0.15,0.15,0.08381369263649675,0.32757164346234696,0.0,0.11557752192150793,0.0,0.033263515489710356,0.07682663646048246,0.06294699002945549,0.19075233213531428
2019-10-21,风险平价策略,1.0,0.3,0.15,0.15,0.2288640693170092,0.0,0.0,0.0,0.0,0.09045523836924363,0.20947327276274103,0.1712074195510061,0.3749793485286052
2019-10-22,风险平价策略,1.0,0.3,0.15,0.15,0.23128395942683824,0.0,0.0,0.0,0.0,0.09009635687430317,0.20720137435464292,0.17141830934421562,0.37704809890909924
2019-10-23,风险平价策略,1.0,0.3,0.15,0.15,0.16058409867176904,0.0,0.0,0.20833266096956327,0.0,0.06395657543328294,0.14556501897577553,0.12156164594960915,0.30934414189829107
2019-10-24,风险平价策略,1.0,0.3,0.15,0.15,0.12334286435571859,0.0,0.16269550980239691,0.16000790743709334,0.0,0.04911442852635722,0.1115860946094672,0.09325319526896661,0.27330911521701273
2019-10-25,风险平价策略,1.0,0.3,0.15,0.15,0.1599157991112311,0.0,0.21086932583479265,0.0,0.0,0.06373448225700312,0.14450986112482447,0.12097053167214858,0.3087079563814677
2019-10-28,风险平价策略,1.0,0.3,0.15,0.15,0.16526284570470898,0.0,0.21843441481218887,0.0,0.0,0.0663102297397672,0.12211707701765918,0.12787543272567575,0.3151119667668696
2019-10-29,风险平价策略,1.0,0.3,0.15,0.15,0.0,0.0,0.28745431400185195,0.0,0.0,0.08789896886563697,0.16394964927059588,0.16069706786191507,0.18242899368381385
2019-10-30,风险平价策略,1.0,0.3,0.15,0.15,0.0,0.0,0.28806001642765505,0.0,0.0,0.08699385574286322,0.16458484981259203,0.16036127801688968,0.18222482478650712
2019-10-31,风险平价策略,1.0,0.3,0.15,0.15,0.0,0.0,0.2866563042280081,0.0,0.0,0.08801867066827399,0.15830181379859898,0.16702321130511893,0.18337671824958016
2019-11-01,风险平价策略,1.0,0.3,0.15,0.15,0.1194750619977613,0.0,0.16522978373562075,0.17219090031740986,0.0,0.05093823201436715,0.09354451909396873,0.09862150284087215,0.27153741396850384
2019-11-04,风险平价策略,1.0,0.3,0.15,0.15,0.11966127447022204,0.0,0.16452599550353172,0.17248092028466241,0.0,0.051024426207006285,0.09374625375627393,0.0985611297783035,0.2716943267088157
2019-11-05,风险平价策略,1.0,0.3,0.15,0.15,0.11998000002716437,0.0,0.16492705107446473,0.17304830363827256,0.0,0.05113234377502301,0.0934736707723705,0.0974386307127047,0.2718528005891752
2019-11-06,风险平价策略,1.0,0.3,0.15,0.15,0.11620426501474836,0.0,0.17083623428616437,0.18143022576945808,0.0,0.05352164505565389,0.08775120755783136,0.09025642231614389,0.2683732802724956
2019-11-07,风险平价策略,1.0,0.3,0.15,0.15,0.13372404803943802,0.0,0.1957590509739016,0.20886857224057226,0.0,0.06070868957879204,0.10093963916729619,0.0,0.2730134015107158
2019-11-08,风险平价策略,1.0,0.3,0.15,0.15,0.12605759751978216,0.0,0.1981519417245042,0.2126105439064199,0.0,0.059900175392323236,0.10327974145697047,0.0,0.2663740177356796
2019-11-11,风险平价策略,1.0,0.3,0.15,0.15,0.13781461973524606,0.0,0.25391398909291074,0.22739223854801993,0.0,0.08087915262382313,0.0,0.0,0.2827049449974184
2019-11-12,风险平价策略,1.0,0.3,0.15,0.15,0.16450189695532272,0.0,0.3023401919730915,0.0,0.0,0.09619301961712075,0.136964891454465,0.0,0.30346352983757646
2019-11-13,风险平价策略,1.0,0.3,0.15,0.15,0.2074544407617541,0.0,0.3740859870524065,0.0,0.0,0.11845957218583938,0.0,0.0,0.3472152617896077
2019-11-14,风险平价策略,1.0,0.3,0.15,0.15,0.20708267559191348,0.0,0.37441654911497196,0.0,0.0,0.11850077529311451,0.0,0.0,0.3469095715441056
2019-11-15,风险平价策略,1.0,0.3,0.15,0.15,0.1669105007941256,0.0,0.30008653523478773,0.0,0.0,0.0928321831184266,0.14017078085266013,0.0,0.304852846540434
2019-11-18,风险平价策略,1.0,0.3,0.15,0.15,0.16690582583615873,0.0,0.30009378994209523,0.0,0.0,0.09283248049377742,0.1401679037279686,0.0,0.30484905346953867
2019-11-19,风险平价策略,1.0,0.3,0.15,0.15,0.21080997225088938,0.0,0.37359326337522664,0.0,0.0,0.11559676437388389,0.0,0.0,0.3495758589905685
2019-11-20,风险平价策略,1.0,0.3,0.15,0.15,0.2077137415393832,0.0,0.38267148226034925,0.0,0.0,0.1096147762002675,0.0,0.0,0.3460179070851247
2019-11-21,风险平价策略,1.0,0.3,0.15,0.15,0.20715385297802302,0.0,0.3831195057883289,0.0,0.0,0.10972664123364805,0.0,0.0,0.34556549909892303
2019-11-22,风险平价策略,1.0,0.3,0.15,0.15,0.21243541415120765,0.0,0.37465765818696417,0.0,0.0,0.11290692766182797,0.0,0.0,0.35051085631290685
2019-11-25,风险平价策略,1.0,0.3,0.15,0.15,0.212790216782052,0.0,0.37432938687164435,0.0,0.0,0.11288039634630354,0.0,0.0,0.35080464551233226
2019-11-26,风险平价策略,1.0,0.3,0.15,0.15,0.21388735273659995,0.0,0.37443193866096436,0.0,0.0,0.11168070860243574,0.0,0.0,0.35153428967513367
2019-11-27,风险平价策略,1.0,0.3,0.15,0.15,0.21173241137780596,0.0,0.37616066305150586,0.0,0.0,0.11210692557068803,0.0,0.0,0.3497923336486671
2019-11-28,风险平价策略,1.0,0.3,0.15,0.15,0.2105312325419885,0.0,0.37726413454922153,0.0,0.0,0.11220463290878996,0.0,0.0,0.3487989766006767
2019-11-29,风险平价策略,1.0,0.3,0.15,0.15,0.21052191154682517,0.0,0.37721186431599885,0.0,0.0,0.11226622413717587,0.0,0.0,0.34880100156128124
2019-12-02,风险平价策略,1.0,0.3,0.15,0.15,0.21650388351216526,0.0,0.38440250644777657,0.0,0.0,0.0990936100400581,0.0,0.0,0.3517182397566281
2019-12-03,风险平价策略,1.0,0.3,0.15,0.15,0.21994363257403676,0.0,0.37974999067357507,0.0,0.0,0.1003063767523881,0.0,0.0,0.354801671642573
2019-12-04,风险平价策略,1.0,0.3,0.15,0.15,0.22041869215168822,0.0,0.3787122537655536,0.0,0.0,0.1008690540827582,0.0,0.0,0.3552907500606594
2019-12-05,风险平价策略,1.0,0.3,0.15,0.15,0.22043667780487886,0.0,0.3787718097566108,0.0,0.0,0.10079151243851046,0.0,0.0,0.35529345134625995
2019-12-06,风险平价策略,1.0,0.3,0.15,0.15,0.22081866045321463,0.0,0.3783879049628306,0.0,0.0,0.10079343458395482,0.0,0.0,0.35561462431413304
2019-12-09,风险平价策略,1.0,0.3,0.15,0.15,0.22092022264099553,0.0,0.37829830411477566,0.0,0.0,0.10078147324422866,0.0,0.0,0.35569802273751283
2019-12-10,风险平价策略,1.0,0.3,0.15,0.15,0.17825888472876547,0.0,0.30608673159897726,0.0,0.0,0.08160331957243014,0.13405106409982706,0.0,0.312772462380757
2019-12-11,风险平价策略,1.0,0.3,0.15,0.15,0.17827037099416937,0.0,0.306134244673048,0.0,0.0,0.08154157175397059,0.13405381257881202,0.0,0.3127721487383732
2019-12-12,风险平价策略,1.0,0.3,0.15,0.15,0.1790320508802496,0.0,0.30736136284621024,0.0,0.0,0.08181619871140683,0.13179038756213332,0.0,0.3135238029063708
2019-12-13,风险平价策略,1.0,0.3,0.15,0.15,0.22229089880468586,0.0,0.37657734505240875,0.0,0.0,0.10113175614290536,0.0,0.0,0.356905435978801
2019-12-16,风险平价策略,1.0,0.3,0.15,0.15,0.182265850464422,0.0,0.30879215326693216,0.0,0.0,0.08289868164222047,0.12604331462642532,0.0,0.316585804014077
2019-12-17,风险平价策略,1.0,0.3,0.15,0.15,0.2599101852446749,0.0,0.44008981475532505,0.0,0.0,0.0,0.0,0.0,0.3723245556055269
2019-12-18,风险平价策略,1.0,0.3,0.15,0.15,0.13493109248245513,0.0,0.22312540626077562,0.18523935095309155,0.0,0.06240966347596427,0.09429448682771337,0.0,0.2744988292365852
2019-12-19,风险平价策略,1.0,0.3,0.15,0.15,0.15597750762834406,0.0,0.2577224064950353,0.21416186135364693,0.0,0.07213822452297365,0.0,0.0,0.2965632223314848
2019-12-20,风险平价策略,1.0,0.3,0.15,0.15,0.15684149020973534,0.0,0.2570002547327013,0.21362892149141655,0.0,0.07252933356614677,0.0,0.0,0.29735154514676115
2019-12-23,风险平价策略,1.0,0.3,0.15,0.15,0.14512336924633176,0.0,0.2641698899368892,0.21858549774948594,0.0,0.07212124306729309,0.0,0.0,0.2874430290576856
2019-12-24,风险平价策略,1.0,0.3,0.15,0.15,0.07678110434444323,0.27230740155111877,0.13975972488682922,0.11565710412140111,0.0,0.03816386708493131,0.057330798011276364,0.0,0.186120923233182
2019-12-25,风险平价策略,1.0,0.3,0.15,0.15,0.1443006597939544,0.0,0.2645706462704923,0.2188947173984152,0.0,0.072233976537138,0.0,0.0,0.2867699904728638
2019-12-26,风险平价策略,1.0,0.3,0.15,0.15,0.08534851566114769,0.3051498947974926,0.15684777824961108,0.11006234414600499,0.0,0.0425914671457436,0.0,0.0,0.19131215210102154
2019-12-27,风险平价策略,1.0,0.3,0.15,0.15,0.08541784561155949,0.30482246746153796,0.1569720932212909,0.11015607977698073,0.0,0.04263151392863084,0.0,0.0,0.19142099943498328
2019-12-30,风险平价策略,1.0,0.3,0.15,0.15,0.086195402087736,0.3068545694597693,0.1529596943929182,0.11103496201985842,0.0,0.04295537203971811,0.0,0.0,0.19185163040298428
2019-12-31,风险平价策略,1.0,0.3,0.15,0.15,0.16634977154715636,0.0,0.2453113194649427,0.21210715973959396,0.0,0.0762317492483069,0.0,0.0,0.3059308879793404
2020-01-02,风险平价策略,1.0,0.3,0.15,0.15,0.16704520349233315,0.0,0.24630738419976372,0.2105517778222528,0.0,0.07609563448565028,0.0,0.0,0.3064932724512639
2020-01-03,风险平价策略,1.0,0.3,0.15,0.15,0.1701404173858719,0.0,0.2251397734482254,0.22308776938876637,0.0,0.08163203977713628,0.0,0.0,0.3099790769684742
2020-01-06,风险平价策略,1.0,0.3,0.15,0.15,0.08407373746442308,0.2859956421292752,0.10923448322939408,0.11067375208541197,0.0,0.040486729789875574,0.0,0.06953565530162009,0.20083468318523776
2020-01-07,风险平价策略,1.0,0.3,0.15,0.15,0.09128980969167291,0.2785790355758856,0.1184991781890467,0.11245037451417324,0.0,0.034445554813251095,0.0,0.06473604721597048,0.20635488477429734
2020-01-08,风险平价策略,1.0,0.3,0.15,0.15,0.08058475142291477,0.285093786059329,0.11693671298297899,0.11556278638665271,0.0,0.03539896049808345,0.0,0.06642300265004095,0.19683812407493723
2020-01-09,风险平价策略,1.0,0.3,0.15,0.15,0.08589199855329653,0.3242114472477758,0.12426932477947059,0.10405982462671146,0.0,0.022820964327474266,0.0,0.03874644046527136,0.1906816605545478
2020-01-10,风险平价策略,1.0,0.3,0.15,0.15,0.08446256394536916,0.32515327708478964,0.12477387665087852,0.10426187481803685,0.0,0.02248309868218977,0.0,0.03886530881873596,0.18931399415506217
2020-01-13,风险平价策略,1.0,0.3,0.15,0.15,0.08765861778114141,0.32894759217569375,0.12631507697429434,0.0935768468717343,0.0,0.0229855622425221,0.0,0.04051630395461413,0.19176496042579738
2020-01-14,风险平价策略,1.0,0.3,0.15,0.15,0.09438853070274499,0.3474334179911233,0.13610884280293897,0.0988861712524363,0.0,0.02318303725075643,0.0,0.0,0.19009214032162516
2020-01-15,风险平价策略,1.0,0.3,0.15,0.15,0.08702995154168487,0.3297692848572475,0.12854886171841556,0.09387706764458544,0.0,0.021861925086479893,0.0,0.03891290915158665,0.19075376295131405
2020-01-16,风险平价策略,1.0,0.3,0.15,0.15,0.08470411018467414,0.3284224314189138,0.12957511294401391,0.095520280413261,0.0,0.022234774986925644,0.0,0.039543290052211445,0.1891171831177464
2020-01-17,风险平价策略,1.0,0.3,0.15,0.15,0.08440757072446593,0.3288334658200863,0.12977811721751745,0.0951650798664151,0.0,0.022258984701939627,0.0,0.03955678166957547,0.1888180928754991
2020-01-20,风险平价策略,1.0,0.3,0.15,0.15,0.09013045786180557,0.35248560051493877,0.1351181235270056,0.09840165643758512,0.0,0.02386416165866499,0.0,0.0,0.18594229439978635
2020-01-21,风险平价策略,1.0,0.3,0.15,0.15,0.06987806599045186,0.3769070215941277,0.09528350108727096,0.08936453439651437,0.0,0.023725262218572952,0.0,0.04484161471306208,0.17099216323731145
2020-01-22,风险平价策略,1.0,0.3,0.15,0.15,0.07043365190320557,0.37615217279246865,0.09577872208053621,0.09023001234963282,0.0,0.02383212208877805,0.0,0.04357331878537865,0.17142566206015933
2020-01-23,风险平价策略,0.0,0.0,0.0,0.0,0.0686857616807325,0.5896543634541124,0.11619715382894316,0.12658789087983063,0.0,0.03032305075905215,0.0,0.06855177939732922,0.15117060239463798
2020-02-03,风险平价策略,0.0,0.0,0.0,0.0,0.0,0.8384357728608923,0.0,0.06157398116896537,0.0,0.0,0.0,0.09999024597014226,0.0588100001801966
2020-02-04,风险平价策略,0.0,0.0,0.0,0.0,0.0,0.8880349271704275,0.0,0.0,0.0,0.0,0.0,0.11196507282957242,0.053551093571540975
2020-02-05,风险平价策略,0.0,0.0,0.0,0.0,0.0,0.8892674320828037,0.0,0.0,0.0,0.0,0.0,0.11073256791719645,0.0532368048188851
2020-02-06,风险平价策略,0.0,0.0,0.0,0.0,0.0,0.8898378753911411,0.0,0.0,0.0,0.0,0.0,0.11016212460885891,0.053091341775259024
2020-02-07,风险平价策略,0.0,0.0,0.0,0.0,0.0,0.8288882396708791,0.0,0.06848977015842198,0.0,0.0,0.0,0.102621990170699,0.06041472646491522
2020-02-10,风险平价策略,0.0,0.0,0.0,0.0,0.0,0.8872732217880223,0.0,0.0,0.0,0.0,0.0,0.11272677821197775,0.05374532844405433
2020-02-11,风险平价策略,0.0,0.0,0.0,0.0,0.0,0.8712958005211618,0.0,0.0,0.0,0.0,0.0,0.12870419947883815,0.05781957086710373
2020-02-12,风险平价策略,0.0,0.0,0.0,0.0,0.03166118029518789,0.7772300555055821,0.0,0.07646337042702639,0.0,0.0,0.0,0.11464539377220348,0.09542678120736864
2020-02-13,风险平价策略,0.0,0.0,0.0,0.0,0.0,0.802748968116206,0.0,0.07883839887984553,0.0,0.0,0.0,0.1184126330039484,0.06583840526478599
2020-02-14,风险平价策略,0.0,0.0,0.0,0.0,0.037117504995183966,0.7361274273500504,0.0,0.08944890997810803,0.0,0.0,0.0,0.13730615767665763,0.10827824042489666
2020-02-17,风险平价策略,0.0,0.0,0.0,0.0,0.03738124919974247,0.7344773512556443,0.0,0.0897790734247127,0.0,0.0,0.0,0.13836232611990054,0.10884928604265977
2020-02-18,风险平价策略,0.0,0.0,0.0,0.0,0.037245110576891005,0.734297360655067,0.0,0.09004541631007372,0.0,0.0,0.0,0.13841211245796828,0.1087652026911106
2020-02-19,风险平价策略,0.0,0.0,0.0,0.0,0.03723750639504679,0.7342958572781018,0.0,0.09001968153765481,0.0,0.0,0.0,0.13844695478919655,0.10876319921399914
2020-02-20,风险平价策略,0.0,0.0,0.0,0.0,0.03830194914199855,0.7271227264656583,0.0,0.09178313469953196,0.0,0.0,0.0,0.14279218969281113,0.11114713196955224
2020-02-21,风险平价策略,0.0,0.0,0.0,0.0,0.042331079211683685,0.8004370165997912,0.0,0.0,0.0,0.0,0.0,0.15723190418852523,0.10636693779946554
2020-02-24,风险平价策略,0.0,0.0,0.0,0.0,0.04144902243930619,0.8005580941720267,0.0,0.0,0.0,0.0,0.0,0.1579928833886671,0.10570098214243365
2020-02-25,风险平价策略,0.0,0.0,0.0,0.0,0.04123975971584536,0.8195377526826133,0.0,0.0,0.0,0.0,0.0,0.13922248760154135,0.10071050006134227
2020-02-26,风险平价策略,0.0,0.0,0.0,0.0,0.0,0.8539060485243086,0.0,0.0,0.0,0.0,0.0,0.14609395147569149,0.06225395762630134
2020-02-27,风险平价策略,0.0,0.0,0.0,0.0,0.04193483907098833,0.8179044340445628,0.0,0.0,0.0,0.0,0.0,0.1401607268844489,0.10162745344974809
2020-02-28,风险平价策略,0.0,0.0,0.0,0.0,0.0,0.874802578261348,0.0,0.0,0.0,0.0,0.0,0.12519742173865195,0.05692534254335625
2020-03-02,风险平价策略,0.0,0.0,0.0,0.0,0.04247294129351825,0.846249596453405,0.0,0.0,0.0,0.0,0.0,0.1112774622530767,0.09478687063571486
2020-03-03,风险平价策略,0.0,0.0,0.0,0.0,0.04312151125491075,0.8442890934623299,0.0,0.0,0.0,0.0,0.0,0.11258939528275935,0.09575376927064162
2020-03-04,风险平价策略,0.0,0.0,0.0,0.0,0.04321496526503648,0.8441739228859693,0.0,0.0,0.0,0.0,0.0,0.1126111118489942,0.09585042465490409
2020-03-05,风险平价策略,0.0,0.0,0.0,0.0,0.04339125998498743,0.8434971338767989,0.0,0.0,0.0,0.0,0.0,0.1131116061382136,0.09614993805060722
2020-03-06,风险平价策略,0.0,0.0,0.0,0.0,0.042198082272184245,0.8441034706799416,0.0,0.0,0.0,0.0,0.0,0.11369844704787402,0.09513623421258752
2020-03-09,风险平价策略,0.0,0.0,0.0,0.0,0.03913915717372448,0.8554443384417364,0.0,0.0,0.0,0.0,0.0,0.1054165043845392,0.09004188686243887
2020-03-10,风险平价策略,0.0,0.0,0.0,0.0,0.06279463207948655,0.787007571999341,0.0,0.0,0.0,0.0,0.0,0.15019779592117233,0.12452520423739832
2020-03-11,风险平价策略,0.0,0.0,0.0,0.0,0.0,0.8397961133726927,0.0,0.0,0.0,0.0,0.0,0.16020388662730736,0.06585199108996338
2020-03-12,风险平价策略,0.0,0.0,0.0,0.0,0.0,0.8399236596277442,0.0,0.0,0.0,0.0,0.0,0.16007634037225585,0.06581946679492526
2020-03-13,风险平价策略,0.0,0.0,0.0,0.0,0.0,0.8524295019581822,0.0,0.0,0.0,0.0,0.0,0.14757049804181788,0.06263047700066357
2020-03-16,风险平价策略,0.0,0.0,0.0,0.0,0.0,0.87838035794827,0.0,0.0,0.0,0.0,0.0,0.12161964205173005,0.05601300872319116
2020-03-17,风险平价策略,0.0,0.0,0.0,0.0,0.0,1.0,0.0,0.0,0.0,0.0,0.0,0.0,0.025
2020-03-18,风险平价策略,0.0,0.0,0.0,0.0,0.0,0.8876021942134334,0.0,0.0,0.0,0.0,0.0,0.11239780578656658,0.05366144047557448
2020-03-19,风险平价策略,0.0,0.0,0.0,0.0,0.0,0.8690581879682672,0.0,0.0,0.0,0.0,0.0,0.13094181203173294,0.0583901620680919
2020-03-20,风险平价策略,0.0,0.0,0.0,0.0,0.0,0.8690610267221445,0.0,0.0,0.0,0.0,0.0,0.13093897327785553,0.05838943818585317
2020-03-23,风险平价策略,0.0,0.0,0.0,0.0,0.0,0.7145897211275121,0.0,0.0,0.0,0.0,0.1780802865265636,0.10732999234592437,0.0710675781334999
2020-03-24,风险平价策略,0.0,0.0,0.0,0.0,0.0,0.7145893522618434,0.0,0.0,0.0,0.0,0.17808269308714628,0.10732795465101042,0.07106731121015802
2020-03-25,风险平价策略,0.0,0.0,0.0,0.0,0.0,0.7145887769321814,0.0,0.0,0.0,0.0,0.1780843464730987,0.10732687659471994,0.07106720991132895
2020-03-26,风险平价策略,0.0,0.0,0.0,0.0,0.0,0.7344100053972381,0.0,0.0,0.0,0.0,0.1565357950076352,0.10905419959512679,0.06924507937255903
2020-03-27,风险平价策略,0.0,0.0,0.0,0.0,0.0,0.7297791939931096,0.0,0.0,0.0,0.0,0.1590865425333762,0.11113426347351416,0.07004332415175062
2020-03-30,风险平价策略,0.0,0.0,0.0,0.0,0.0,0.7322624250242192,0.0,0.0,0.0,0.0,0.15966486081384318,0.10807271416193762,0.06932335249674763
2020-03-31,风险平价策略,0.0,0.0,0.0,0.0,0.0,0.732534233848651,0.0,0.0,0.0,0.0,0.15934618344675125,0.10811958270459775,0.06930184285158131
2020-04-01,风险平价策略,0.0,0.0,0.0,0.0,0.0,0.7603450297524704,0.0,0.0,0.0,0.0,0.13690873876736395,0.10274623148016564,0.06557570659801545
2020-04-02,风险平价策略,0.0,0.0,0.0,0.0,0.0,0.7562033227337875,0.0,0.0,0.0,0.0,0.13845148086096049,0.10534519640525197,0.06640043057374011
2020-04-03,风险平价策略,0.0,0.0,0.0,0.0,0.0,0.867876634364722,0.0,0.0,0.0,0.0,0.0,0.13212336563527816,0.05869145823699594
2020-04-07,风险平价策略,0.0,0.0,0.0,0.0,0.0,0.8678884627713639,0.0,0.0,0.0,0.0,0.0,0.1321115372286361,0.05868844199330221
2020-04-08,风险平价策略,0.0,0.0,0.0,0.0,0.0,0.7485710049497301,0.0,0.0,0.0,0.0,0.13897367686588788,0.11245531818438202,0.06826834220793565
2020-04-09,风险平价策略,0.0,0.0,0.0,0.0,0.0,0.7438329598279633,0.0,0.0,0.0,0.0,0.14147058778397448,0.11469645238806217,0.06910200707627318
2020-04-10,风险平价策略,0.0,0.0,0.0,0.0,0.0,0.739258228552251,0.0,0.0,0.0,0.0,0.1439242331310724,0.11681753831667664,0.06990051674951515
2020-04-13,风险平价策略,0.0,0.0,0.0,0.0,0.0,0.7418642221325503,0.0,0.0,0.0,0.0,0.14122893042670243,0.11690684744074722,0.06964028379219431
2020-04-14,风险平价策略,0.0,0.0,0.0,0.0,0.0,0.7417861092816477,0.0,0.0,0.0,0.0,0.1412690363299742,0.11694485438837804,0.0696541866836837
2020-04-15,风险平价策略,0.0,0.0,0.0,0.0,0.0,0.7422000737524884,0.0,0.0,0.0,0.0,0.14137688548082833,0.11642304076668324,0.0695324483709912
2020-04-16,风险平价策略,0.0,0.0,0.0,0.0,0.0,0.7503027180530164,0.0,0.0,0.0,0.0,0.1319471894341482,0.1177500925128353,0.06888072848135857
2020-04-17,风险平价策略,0.0,0.0,0.0,0.0,0.0,0.7456410981123196,0.0,0.0,0.0,0.0,0.13837818471083066,0.11598071717684977,0.06910479227473391
2020-04-20,风险平价策略,0.0,0.0,0.0,0.0,0.0,0.8615941496504574,0.0,0.0,0.0,0.0,0.0,0.13840585034954248,0.06029349183913334
2020-04-21,风险平价策略,0.0,0.0,0.0,0.0,0.0,0.8614943480775262,0.0,0.0,0.0,0.0,0.0,0.1385056519224737,0.060318941240230795
2020-04-22,风险平价策略,0.0,0.0,0.0,0.0,0.0,0.7457196929536023,0.0,0.0,0.0,0.0,0.13619120816873923,0.11808909887765853,0.06941279707152055
2020-04-23,风险平价策略,0.0,0.0,0.0,0.0,0.0,0.8632969714291062,0.0,0.0,0.0,0.0,0.0,0.1367030285708939,0.059859272285577955
2020-04-24,风险平价策略,0.0,0.0,0.0,0.0,0.0,0.746453502591051,0.0,0.0,0.0,0.0,0.13532042965838348,0.11822606775056549,0.06935629239052447
2020-04-27,风险平价策略,0.0,0.0,0.0,0.0,0.0,0.7402308636957144,0.0,0.0,0.0,0.0,0.14008832280390932,0.11968081350037636,0.07022788133700646
2020-04-28,风险平价策略,0.0,0.0,0.0,0.0,0.08051951242879052,0.6884968929275239,0.0,0.0,0.0,0.0,0.12236282461557954,0.10862077002810593,0.14405291755987362
2020-04-29,风险平价策略,0.0,0.0,0.0,0.0,0.08054585974662744,0.688647006835291,0.0,0.0,0.0,0.0,0.12216163288528925,0.10864550053279243,0.14406378734177921
2020-04-30,风险平价策略,0.0,0.0,0.0,0.0,0.08517464441310903,0.6693465556180525,0.0,0.0,0.0,0.0,0.1294541308327044,0.11602466913613416,0.15122425266992948
2020-05-06,风险平价策略,0.0,0.0,0.0,0.0,0.0867910534507776,0.6620096954493575,0.0,0.0,0.0,0.0,0.13238085914606632,0.11881839195379855,0.15381995727306375
2020-05-07,风险平价策略,0.0,0.0,0.0,0.0,0.09410994501262773,0.638268841204545,0.0,0.0,0.0,0.0,0.14061572938150213,0.1270054844013252,0.1639082464947077
2020-05-08,风险平价策略,0.0,0.0,0.0,0.0,0.0941107313999084,0.6382763062778297,0.0,0.0,0.0,0.0,0.14061174880578017,0.1270012135164818,0.16390750618622046
2020-05-11,风险平价策略,0.0,0.0,0.0,0.0,0.10001440334280784,0.6200502523004088,0.0,0.0,0.0,0.0,0.14604456496233056,0.13389077939445276,0.17199087132586782
2020-05-12,风险平价策略,0.0,0.0,0.0,0.0,0.0,0.6895871597081921,0.0,0.0,0.0,0.0,0.16273793537788292,0.14767490491392504,0.0797445839677286
2020-05-13,风险平价策略,0.0,0.0,0.0,0.0,0.11753056209766126,0.7238342144173175,0.0,0.0,0.0,0.0,0.0,0.15863522348502113,0.1800442800339001
2020-05-14,风险平价策略,0.0,0.0,0.0,0.0,0.0,0.8200654071070836,0.0,0.0,0.0,0.0,0.0,0.17993459289291638,0.07088332118769369
2020-05-15,风险平价策略,1.0,0.3,0.15,0.15,0.0,0.5740298601526912,0.0,0.0,0.0,0.0,0.0,0.1259701398473088,0.09162238566106375
2020-05-18,风险平价策略,1.0,0.3,0.15,0.15,0.0,0.4738919139053448,0.0,0.0,0.0,0.0,0.11555841341219208,0.11054967268246305,0.09982379994230825
2020-05-19,风险平价策略,1.0,0.3,0.15,0.15,0.0,0.4781574911816713,0.0,0.0,0.0,0.0,0.11520664633314404,0.1066358624851846,0.0987888427987022
2020-05-20,风险平价策略,1.0,0.3,0.15,0.15,0.0,0.4781496368245303,0.0,0.0,0.0,0.0,0.1152173161391529,0.10663304703631678,0.09878924518887183
2020-05-21,风险平价策略,1.0,0.3,0.15,0.15,0.0,0.48139066192791363,0.0,0.0,0.0,0.0,0.11400556777984089,0.10460377029224548,0.09814454604140589
2020-05-22,风险平价策略,1.0,0.3,0.15,0.15,0.0,0.4810838374990344,0.0,0.0,0.0,0.0,0.11502673108031126,0.10388943142065439,0.09806961177569956
2020-05-25,风险平价策略,1.0,0.3,0.15,0.15,0.0,0.47153820393462587,0.0,0.0,0.0,0.0,0.12023961904975981,0.10822217701561429,0.09972181513920643
2020-05-26,风险平价策略,1.0,0.3,0.15,0.15,0.0,0.4656314957981561,0.0,0.0,0.0,0.0,0.12322971809833905,0.11113878610350486,0.10077951085671935
2020-05-27,风险平价策略,1.0,0.3,0.15,0.15,0.0,0.46756181362814975,0.0,0.0,0.0,0.0,0.12372591490554186,0.10871227146630835,0.10021285028899053
2020-05-28,风险平价策略,1.0,0.3,0.15,0.15,0.0,0.4194164510468116,0.0,0.07360232712177046,0.0,0.0,0.1094451631467655,0.09753605868465245,0.10579975125643577
2020-05-29,风险平价策略,1.0,0.3,0.15,0.15,0.0,0.4167283743422722,0.0,0.0743067069138955,0.0,0.0,0.11045532559180353,0.09850959315202877,0.10624916087428261
2020-06-01,风险平价策略,1.0,0.3,0.15,0.15,0.0,0.415277262298246,0.0,0.0746103441895688,0.0,0.0,0.11024316851840625,0.09986922499377886,0.10661458153343806
2020-06-02,风险平价策略,1.0,0.3,0.15,0.15,0.0,0.0,0.0,0.17870034382626718,0.0,0.0,0.27424399127344845,0.2470556649002843,0.17541936004983066
2020-06-03,风险平价策略,1.0,0.3,0.15,0.15,0.0,0.0,0.0,0.1795790009618316,0.0,0.0,0.27572105374951833,0.24469994528865002,0.17509236182215246
2020-06-04,风险平价策略,1.0,0.3,0.15,0.15,0.0,0.0,0.11530959453434914,0.15224201614943184,0.0,0.0,0.23376475048758621,0.19868363882863274,0.17082909414480835
2020-06-05,风险平价策略,1.0,0.3,0.15,0.15,0.0,0.0,0.11525527021736277,0.15223747881817065,0.0,0.0,0.23372235831559396,0.1987848926488726,0.1708425163683969
2020-06-08,风险平价策略,1.0,0.3,0.15,0.15,0.0,0.0,0.11811767230085218,0.15616052863830687,0.0,0.0,0.22865962795024491,0.1970621711105961,0.1707876716947642
2020-06-09,风险平价策略,1.0,0.3,0.15,0.15,0.0,0.0,0.11033611577220673,0.14585510074395536,0.0,0.04608140874432498,0.2135758363478213,0.18415153839169168,0.1770639349156604
2020-06-10,风险平价策略,1.0,0.3,0.15,0.15,0.12113118340856036,0.0,0.09126175374092606,0.12062882919592266,0.0,0.03803914829154276,0.17663610024647644,0.1523029851165717,0.27481373299643186
2020-06-11,风险平价策略,1.0,0.3,0.15,0.15,0.06386188794747513,0.3249754127134208,0.05029921686923345,0.06349360315089923,0.0,0.0204474289695331,0.09357446683692758,0.08334798351251069,0.17423841781108607
2020-06-12,风险平价策略,1.0,0.3,0.15,0.15,0.06400561936001568,0.32529742958658514,0.050191863137189666,0.06357218658623924,0.0,0.019806856352328924,0.09371557072136327,0.08341047425627798,0.17421645407370925
2020-06-15,风险平价策略,1.0,0.3,0.15,0.15,0.06276551564267584,0.330652769384329,0.04897741963410503,0.06482069081576804,0.0,0.019936328261600914,0.08910278740600551,0.0837444888555156,0.17265097683530115
2020-06-16,风险平价策略,1.0,0.3,0.15,0.15,0.10902010842947397,0.0,0.08508672860767215,0.11294945791490779,0.05674876708541535,0.034771030046392586,0.15515498402447475,0.14626892389166338,0.26460536490530046
2020-06-17,风险平价策略,1.0,0.3,0.15,0.15,0.06276351406631168,0.3007838927519262,0.0480972894981513,0.06455991521568598,0.03263907827588963,0.019997471927734777,0.08704780696666171,0.08411103129763878,0.17712340213210506
2020-06-18,风险平价策略,1.0,0.3,0.15,0.15,0.06285889204717907,0.30111265801045756,0.04818388915774979,0.06406440024565077,0.03262489860215474,0.02002077178195538,0.08715434144782132,0.0839801487070313,0.17714382056076217
2020-06-19,风险平价策略,1.0,0.3,0.15,0.15,0.1411558405020703,0.0,0.10819259944664514,0.1438464500519908,0.07326073246784894,0.04495983686022595,0.0,0.1885845406712188,0.30312723212459997
2020-06-22,风险平价策略,1.0,0.3,0.15,0.15,0.13871209129141054,0.0,0.10780230710602753,0.1452552734611921,0.07302915087383952,0.044989682228365455,0.0,0.1902114950391648,0.3012721767547615
2020-06-23,风险平价策略,1.0,0.3,0.15,0.15,0.13821384741595802,0.0,0.10829080086906345,0.14488018925688034,0.07318599356865221,0.045174670477431726,0.0,0.19025449841201425,0.30088997885092206
2020-06-24,风险平价策略,1.0,0.3,0.15,0.15,0.13825884511833164,0.0,0.1083481886419739,0.1446762301480248,0.07321592448801602,0.0451911738317927,0.0,0.19030963777186088,0.30093733348998886
2020-06-29,风险平价策略,1.0,0.3,0.15,0.15,0.13695176924098187,0.0,0.11025261531298089,0.14677263216866418,0.07011932512309696,0.04298171883822848,0.0,0.19292193931604762,0.29976838714569803
2020-06-30,风险平价策略,1.0,0.3,0.15,0.15,0.13695726342936684,0.0,0.11024409268704051,0.14677401428691766,0.07012383145669247,0.04298152152743063,0.0,0.1929192766125518,0.2997726962331302
2020-07-01,风险平价策略,1.0,0.3,0.15,0.15,0.13695145722316826,0.0,0.11024164417486784,0.14677704510292794,0.07011484378154548,0.04298195637356837,0.0,0.19293305334392208,0.2997694519263184
2020-07-02,风险平价策略,1.0,0.3,0.15,0.15,0.10836060930282407,0.0,0.08724675312452647,0.11463378024468825,0.05551221794426261,0.034007147155860735,0.1523684641536908,0.14787102807414707,0.2641926469830395
2020-07-03,风险平价策略,1.0,0.3,0.15,0.15,0.1143125164611967,0.0,0.08940251226539277,0.12108413535024243,0.058577063220635626,0.0,0.16061030317794858,0.15601346952458384,0.26451159170722316
2020-07-06,风险平价策略,1.0,0.3,0.15,0.15,0.11407020140814345,0.0,0.08951116328257516,0.12141482876308529,0.058772649956859074,0.0,0.16102254611302935,0.15520861047630766,0.26420105255617515
2020-07-07,风险平价策略,1.0,0.3,0.15,0.15,0.11491059703073603,0.0,0.09108089207517836,0.12086906590538887,0.05727890077729233,0.0,0.158393182159732,0.15746736205167242,0.2652419784949999
2020-07-08,风险平价策略,1.0,0.3,0.15,0.15,0.11533827751288747,0.0,0.09142106978796627,0.12136020897325088,0.05750884230531654,0.0,0.15591471613162794,0.1584568852889508,0.2657966262846039
2020-07-09,风险平价策略,1.0,0.3,0.15,0.15,0.11535187084578546,0.0,0.09142777054789811,0.12136809449995023,0.05742491733562975,0.0,0.15593656536574652,0.15849078140498987,0.26581061749144247
2020-07-10,风险平价策略,1.0,0.3,0.15,0.15,0.10224103483075238,0.0,0.09457791456821434,0.12864523911326195,0.05571251034114414,0.0,0.1646230116912512,0.15420028945537587,0.254004938745151
2020-07-13,风险平价策略,1.0,0.3,0.15,0.15,0.10417508263565178,0.0,0.0963302119144266,0.1311602136716497,0.056757253221272265,0.0,0.15419868298482656,0.15737855557217295,0.2563341081252762
2020-07-14,风险平价策略,1.0,0.3,0.15,0.15,0.105904748364403,0.0,0.09451573625306363,0.12187149274562205,0.05962484873619755,0.0,0.15679589515866585,0.1612872787420479,0.2582068337077463
2020-07-15,风险平价策略,1.0,0.3,0.15,0.15,0.1044658657028235,0.0,0.09482091939810464,0.12206933927946652,0.05981152722710141,0.0,0.1571674666264797,0.16166488176602417,0.2570342042757713
2020-07-16,风险平价策略,1.0,0.3,0.15,0.15,0.09931879595079936,0.0,0.07991218384006862,0.09115142673652359,0.06267033665958718,0.037744883471936296,0.16759182341439252,0.16161054992669235,0.2584591846095484
2020-07-17,风险平价策略,1.0,0.3,0.15,0.15,0.09906385900174616,0.0,0.08055196734929691,0.0918689401212462,0.06235758628005764,0.037989125714289654,0.16896321173036513,0.1592053098029982,0.2579512183630025
2020-07-20,风险平价策略,1.0,0.3,0.15,0.15,0.09945259899356491,0.0,0.08039961955362039,0.09213428908016817,0.06162656595936033,0.03734894642256171,0.16940157821161514,0.15963640177910934,0.25820660110894267
2020-07-21,风险平价策略,1.0,0.3,0.15,0.15,0.0993805511159014,0.0,0.08050915782615127,0.0922611945229719,0.061710311991724824,0.03740263568787735,0.1688989292742337,0.1598372195811395,0.2581946862388445
2020-07-22,风险平价策略,1.0,0.3,0.15,0.15,0.09937312186623407,0.0,0.08051007172754361,0.09225654956377645,0.061712403216550075,0.037400106596802714,0.16889913238385856,0.15984861464523445,0.2581894232412029
2020-07-23,风险平价策略,1.0,0.3,0.15,0.15,0.09745301723541806,0.0,0.07946593198380866,0.09295464648744116,0.06210900303241946,0.037591974977974896,0.1697616551765724,0.16066377110636534,0.25668314338201803
2020-07-24,风险平价策略,1.0,0.3,0.15,0.15,0.08525157683830902,0.0,0.0770272804308787,0.09659052049267473,0.06445641093492978,0.0373345943531968,0.17438249642347867,0.16495712052653222,0.24679280332051987
2020-07-27,风险平价策略,1.0,0.3,0.15,0.15,0.08426249106858204,0.0,0.07729334407315153,0.0968588729040538,0.06391049248387343,0.03735939022971477,0.17485604832241258,0.16545936091821184,0.24600654171971506
2020-07-28,风险平价策略,1.0,0.3,0.15,0.15,0.08974012153012649,0.0,0.08139884666273885,0.10311436657556954,0.06845484990789757,0.03886061360354972,0.1414558759414433,0.17697532577867459,0.25327731157615085
2020-07-29,风险平价策略,1.0,0.3,0.15,0.15,0.08970377722005328,0.0,0.08137128424899821,0.10306643949802818,0.06844942564166989,0.03878689361230581,0.14157867790824194,0.17704350187070259,0.2532394299864674
2020-07-30,风险平价策略,1.0,0.3,0.15,0.15,0.09091394053818433,0.0,0.08155723447173753,0.10449731768448343,0.0694232267589085,0.039303795700040806,0.14004724152143472,0.17425724332521067,0.2540600015850527
2020-07-31,风险平价策略,1.0,0.3,0.15,0.15,0.09103617224833702,0.0,0.08172541983491971,0.10380601315817183,0.06962074003120051,0.03857893876516507,0.14054079560712515,0.17469192035508063,0.25408602886573745
2020-08-03,风险平价策略,1.0,0.3,0.15,0.15,0.09937390819053141,0.0,0.08303505432300894,0.10961197865175647,0.07218952200331816,0.0,0.15198201412893067,0.18380752270245423,0.25569342040050613
2020-08-04,风险平价策略,1.0,0.3,0.15,0.15,0.0996792132088855,0.0,0.08329005760294292,0.10994283921552137,0.0724160833996785,0.0,0.15025515889606866,0.18441664767690297,0.2560770428838069
2020-08-05,风险平价策略,1.0,0.3,0.15,0.15,0.09376690134874041,0.0,0.07954245913790747,0.10519532234806743,0.07026758689149354,0.038637476753399846,0.13363461278941452,0.17895564073097667,0.25711450778643563
2020-08-06,风险平价策略,1.0,0.3,0.15,0.15,0.0940604554964055,0.0,0.08059096239412246,0.10239912084086063,0.07096873165624962,0.03902850223229115,0.13222964597516382,0.18072258140490682,0.2576848506800436
2020-08-07,风险平价策略,1.0,0.3,0.15,0.15,0.09409701170887218,0.0,0.08046887219416242,0.1024345637068862,0.07099738275981507,0.03897620805916233,0.13223739297540105,0.18078856859570067,0.2577151633947388
2020-08-10,风险平价策略,1.0,0.3,0.15,0.15,0.09963790645849821,0.0,0.07590094410264954,0.09909904578626778,0.07457340482894029,0.04110208111808458,0.13476787365709347,0.17491874404846608,0.26196512152842455
2020-08-11,风险平价策略,1.0,0.3,0.15,0.15,0.10425371306357822,0.0,0.08237143382953047,0.09999378371126597,0.07972633387928718,0.0443357931928217,0.14019223930909797,0.1491267030144184,0.2631535464055073
2020-08-12,风险平价策略,1.0,0.3,0.15,0.15,0.1179902878937982,0.0,0.09165351544749295,0.12097474351543884,0.09024720368021664,0.0,0.16642837798699522,0.11270587147605808,0.26254616710510975
2020-08-13,风险平价策略,1.0,0.3,0.15,0.15,0.11806443645678714,0.0,0.09170606721656785,0.12103752909446427,0.08999984651726588,0.0,0.16650208436018735,0.11269003635472741,0.26260186692063553
2020-08-14,风险平价策略,1.0,0.3,0.15,0.15,0.13558795503481633,0.0,0.1048363551361013,0.13902934776378867,0.0,0.0,0.19115868797058672,0.12938765409470696,0.27768564008149293
2020-08-17,风险平价策略,1.0,0.3,0.15,0.15,0.13558647155084355,0.0,0.10483555665638399,0.13901314766504008,0.0,0.0,0.1911778063627105,0.1293870177650218,0.2776837440436299
2020-08-18,风险平价策略,1.0,0.3,0.15,0.15,0.11823962965126296,0.0,0.09139104936572093,0.12113921798803445,0.08961677696147473,0.0,0.1668801145200162,0.11273321151349071,0.26273903862269404
2020-08-19,风险平价策略,1.0,0.3,0.15,0.15,0.13490700765084895,0.0,0.10756895320654618,0.14247517990996825,0.0,0.0,0.18946778768799213,0.12558107154464446,0.2767075813814307
2020-08-20,风险平价策略,1.0,0.3,0.15,0.15,0.12980619380895236,0.0,0.10986973519474058,0.1490225778827142,0.0,0.0,0.19816565505403694,0.1131358380595559,0.2706685337150456
2020-08-21,风险平价策略,1.0,0.3,0.15,0.15,0.1303647467155011,0.0,0.10956980264760068,0.15028470484723622,0.0,0.0,0.19585500439848919,0.11392574139117274,0.271301826076007
2020-08-24,风险平价策略,1.0,0.3,0.15,0.15,0.1310085309487122,0.0,0.10887917361244247,0.1509709602369708,0.0,0.0,0.1966648035427499,0.11247653165912459,0.2716444056897307
2020-08-25,风险平价策略,1.0,0.3,0.15,0.15,0.11330680018656154,0.0,0.09319247867173729,0.12495146858700565,0.09442634390098527,0.0,0.1744938013215243,0.09962910733218586,0.2568426544359381
2020-08-26,风险平价策略,1.0,0.3,0.15,0.15,0.1258118419010216,0.0,0.10889183777363934,0.14582638793286287,0.0,0.0,0.20373142833909158,0.11573850405338461,0.2674586248330916
2020-08-27,风险平价策略,1.0,0.3,0.15,0.15,0.12668997481271635,0.0,0.11035787141291517,0.1438628143398704,0.0,0.0,0.20214565217139724,0.11694368726310081,0.2683884517491119
2020-08-28,风险平价策略,1.0,0.3,0.15,0.15,0.1267319608984051,0.0,0.11038976737215687,0.14387157759430394,0.0,0.0,0.2021096651175895,0.1168970290175446,0.268419200683238
2020-08-31,风险平价策略,1.0,0.3,0.15,0.15,0.12579130694127363,0.0,0.11087442049831375,0.14318873596564866,0.0,0.0,0.2028282579307062,0.11731727866405774,0.2676579235324356
2020-09-01,风险平价策略,1.0,0.3,0.15,0.15,0.12633651021425996,0.0,0.11426241128471579,0.1475673344514475,0.0,0.0,0.19115778479688156,0.12067595925269524,0.26886905014639534
2020-09-02,风险平价策略,1.0,0.3,0.15,0.15,0.1274552806911859,0.0,0.10645599039329814,0.15041048965008905,0.0,0.0,0.19752850581684056,0.1181497334485863,0.26931454861992127
2020-09-03,风险平价策略,1.0,0.3,0.15,0.15,0.13287905274900505,0.0,0.11106415610191475,0.1404381521787256,0.0,0.0,0.20496615201326326,0.11065248695709128,0.2727477181836173
2020-09-04,风险平价策略,1.0,0.3,0.15,0.15,0.13142755734740832,0.0,0.11115683906484898,0.13992140864438796,0.0,0.0,0.2061639006588835,0.11133029428447118,0.271573866466193
2020-09-07,风险平价策略,1.0,0.3,0.15,0.15,0.12505195335212366,0.0,0.11273353999074374,0.14144916046816647,0.0,0.0,0.20854609880024405,0.11221924738872205,0.2662535675384232
2020-09-08,风险平价策略,1.0,0.3,0.15,0.15,0.12506003020585818,0.0,0.11274548506891567,0.14143688035929272,0.0,0.0,0.20855094927035878,0.11220665509557468,0.26625869550627906
2020-09-09,风险平价策略,1.0,0.3,0.15,0.15,0.1175063627783875,0.0,0.10906197124656908,0.14220266578544072,0.0,0.0,0.20530580882263402,0.1259231913669687,0.2616569534332027
2020-09-10,风险平价策略,1.0,0.3,0.15,0.15,0.11710972277855353,0.0,0.10891891993603062,0.1422288269762191,0.0,0.0,0.20563851390942262,0.1261040163997741,0.2613354936846752
2020-09-11,风险平价策略,1.0,0.3,0.15,0.15,0.11884218430623181,0.0,0.11029263103973669,0.13656462927815397,0.0,0.0,0.2085389873349106,0.12576156804096691,0.2626626533621034
2020-09-14,风险平价策略,1.0,0.3,0.15,0.15,0.11883116886902893,0.0,0.11027328280422324,0.13656310810638617,0.0,0.0,0.20856718495146062,0.12576525526890092,0.2626529969337086
2020-09-15,风险平价策略,1.0,0.3,0.15,0.15,0.11885516859674385,0.0,0.11028529936866738,0.13656889576913667,0.0,0.0,0.20851477428201814,0.12577586198343396,0.26267600183081635
2020-09-16,风险平价策略,1.0,0.3,0.15,0.15,0.12534183182159098,0.0,0.11083383910354007,0.1428492298481906,0.0,0.0,0.1907734873547249,0.1302016118719534,0.2691881275341291
2020-09-17,风险平价策略,1.0,0.3,0.15,0.15,0.12698395860031528,0.0,0.10926367735909566,0.14274099657956144,0.0,0.0,0.19275653288984107,0.12825483457118653,0.27027440938611197
2020-09-18,风险平价策略,1.0,0.3,0.15,0.15,0.1269864105825158,0.0,0.10926400652771583,0.1427378389587228,0.0,0.0,0.19275838089421368,0.12825336303683188,0.27027623702690673
2020-09-21,风险平价策略,1.0,0.3,0.15,0.15,0.12490108715755091,0.0,0.10983922005752737,0.14525966441870475,0.0,0.0,0.18975689979771118,0.1302431285685057,0.2688533816466321
2020-09-22,风险平价策略,1.0,0.3,0.15,0.15,0.12511978394610687,0.0,0.12263110805175095,0.15157418918833043,0.0,0.0,0.18121785689064948,0.11945706192316233,0.2679989302387898
2020-09-23,风险平价策略,1.0,0.3,0.15,0.15,0.1569433437440767,0.0,0.14849504389505855,0.17254392714155867,0.0,0.0,0.222017685219306,0.0,0.27917187818844524
2020-09-24,风险平价策略,1.0,0.3,0.15,0.15,0.1560018937391198,0.0,0.14696686359459588,0.14980453449303305,0.0,0.0,0.24722670817325126,0.0,0.2776247894956631
2020-09-25,风险平价策略,1.0,0.3,0.15,0.15,0.12860122139844787,0.0,0.12338084692676908,0.12573259272807025,0.0,0.0,0.20417064188376183,0.11811469706295097,0.2700736703657375
2020-09-28,风险平价策略,1.0,0.3,0.15,0.15,0.0,0.0,0.15141926168909436,0.15422093733028344,0.0,0.0,0.250334755649115,0.1440250453315071,0.1637729627703074
2020-09-29,风险平价策略,1.0,0.3,0.15,0.15,0.0,0.0,0.1509961536794782,0.15680666096453144,0.0,0.0,0.24575405213105284,0.14644313322493746,0.16420055442306092
2020-09-30,风险平价策略,1.0,0.3,0.15,0.15,0.0,0.0,0.15199167063913577,0.1536596778699691,0.0,0.0,0.24719629072563537,0.14715236076525973,0.16424239457006212
2020-10-09,风险平价策略,1.0,0.3,0.15,0.15,0.0,0.0,0.1520484695177451,0.15374504488138863,0.0,0.0,0.24749451876656645,0.14671196683429977,0.16418060045711896
2020-10-12,风险平价策略,1.0,0.3,0.15,0.15,0.1272800364784926,0.0,0.1244048752470992,0.12579437711161862,0.0,0.0,0.20248781410756783,0.12003289705522174,0.26924454386533336
2020-10-13,风险平价策略,1.0,0.3,0.15,0.15,0.1606971682655311,0.0,0.0,0.15845832729271492,0.0,0.0,0.23185310590047334,0.14899139854128057,0.2999089959909856
2020-10-14,风险平价策略,1.0,0.3,0.15,0.15,0.16063561765478931,0.0,0.0,0.16001937168963593,0.0,0.0,0.232763449222771,0.1465815614328038,0.2995408027252764
2020-10-15,风险平价策略,1.0,0.3,0.15,0.15,0.1605750676099026,0.0,0.0,0.1602858298205863,0.0,0.0,0.23267434090804023,0.14646476166147074,0.2994785979644534
2020-10-16,风险平价策略,1.0,0.3,0.15,0.15,0.13156148087610975,0.0,0.1265069512921427,0.13131455348606957,0.0,0.0,0.19062447505977093,0.11999253928590697,0.27319201439844787
2020-10-19,风险平价策略,1.0,0.3,0.15,0.15,0.1602949192524255,0.0,0.0,0.16179289022992413,0.0,0.0,0.23019975364831194,0.14771243686933838,0.29946723198690867
2020-10-20,风险平价策略,1.0,0.3,0.15,0.15,0.13167783076229236,0.0,0.12594672536081183,0.1323857884424764,0.0,0.0,0.18905233985804606,0.1209373155763733,0.273450285513749
2020-10-21,风险平价策略,1.0,0.3,0.15,0.15,0.13173025818542897,0.0,0.12600076127479293,0.13217841893297175,0.0,0.0,0.1891127050242604,0.12097785658254587,0.273497378514938
2020-10-22,风险平价策略,1.0,0.3,0.15,0.15,0.20296236783324967,0.0,0.0,0.207215355151902,0.0,0.0,0.2898222770148483,0.0,0.3157937206694843
2020-10-23,风险平价策略,1.0,0.3,0.15,0.15,0.20803026859774582,0.0,0.0,0.21835872482214844,0.0,0.0,0.2736110065801056,0.0,0.3205370954247033
2020-10-26,风险平价策略,1.0,0.3,0.15,0.15,0.16055963415646984,0.0,0.15269319512098092,0.1717960652318107,0.0,0.0,0.2149511054907385,0.0,0.2824215595267125
2020-10-27,风险平价策略,1.0,0.3,0.15,0.15,0.20468675553191273,0.0,0.0,0.22001060635335376,0.0,0.0,0.27530263811473343,0.0,0.31767779550336467
2020-10-28,风险平价策略,1.0,0.3,0.15,0.15,0.16064006795357214,0.0,0.15486309187204808,0.16677200528017125,0.0,0.0,0.21772483489420857,0.0,0.28240591203417437
2020-10-29,风险平价策略,1.0,0.3,0.15,0.15,0.22142085651435706,0.0,0.0,0.2277379334821333,0.0,0.0,0.2508412100035095,0.0,0.33246828317195465
2020-10-30,风险平价策略,1.0,0.3,0.15,0.15,0.20208119037895292,0.0,0.0,0.23556878289776734,0.0,0.0,0.2623500267232797,0.0,0.31587769911662206
2020-11-02,风险平价策略,1.0,0.3,0.15,0.15,0.07836072694144655,0.42996255235402986,0.0,0.09126998646381165,0.0,0.0,0.10040673424071189,0.0,0.1587658640357997
2020-11-03,风险平价策略,1.0,0.3,0.15,0.15,0.0,0.0,0.19741401926319138,0.23885525125932527,0.0,0.0,0.2637307294774833,0.0,0.1460880781156755
2020-11-04,风险平价策略,1.0,0.3,0.15,0.15,0.0,0.0,0.0,0.33256594162634795,0.0,0.0,0.36743405837365206,0.0,0.14297697824879047
2020-11-05,风险平价策略,1.0,0.3,0.15,0.15,0.20381633583931616,0.0,0.0,0.2357092124998009,0.0,0.0,0.260474451660883,0.0,0.3173914885551991
2020-11-06,风险平价策略,1.0,0.3,0.15,0.15,0.20577015323682682,0.0,0.0,0.236840031956248,0.0,0.0,0.25738981480692513,0.0,0.3191252342747268
2020-11-09,风险平价策略,1.0,0.3,0.15,0.15,0.16497236021162273,0.0,0.1546074431209654,0.18957827337642166,0.0,0.0,0.19084192329099017,0.0,0.28685152487903337
2020-11-10,风险平价策略,1.0,0.3,0.15,0.15,0.1653171390730088,0.0,0.15190098447517478,0.19090060171889436,0.0,0.0,0.191881274732922,0.0,0.28710995857933974
2020-11-11,风险平价策略,1.0,0.3,0.15,0.15,0.1653136246997239,0.0,0.1519025897195101,0.19091601922022985,0.0,0.0,0.19186776636053618,0.0,0.28710741175695204
2020-11-12,风险平价策略,1.0,0.3,0.15,0.15,0.16769535306325678,0.0,0.15202016022263895,0.19333772005528815,0.0,0.0,0.18694676665881604,0.0,0.2892556935733712
2020-11-13,风险平价策略,1.0,0.3,0.15,0.15,0.1533229655614357,0.0,0.16020997802078868,0.202950290153441,0.0,0.0,0.18351676626433458,0.0,0.27728578808367593
2020-11-16,风险平价策略,1.0,0.3,0.15,0.15,0.1554395241945794,0.0,0.1626054883361187,0.19877725663874957,0.0,0.0,0.18317773083055233,0.0,0.27907386839853016
2020-11-17,风险平价策略,1.0,0.3,0.15,0.15,0.15759633698408845,0.0,0.15494836917425817,0.20178334463523115,0.0,0.0,0.18567194920642224,0.0,0.28081076459044163
2020-11-18,风险平价策略,1.0,0.3,0.15,0.15,0.157518367004278,0.0,0.15492315240168858,0.20158486236844228,0.0,0.0,0.18597361822559122,0.0,0.2807362197368258
2020-11-19,风险平价策略,1.0,0.3,0.15,0.15,0.15513218449014118,0.0,0.15389617132917424,0.20254989779238214,0.0,0.0,0.18842174638830236,0.0,0.27865838258006953
2020-11-20,风险平价策略,1.0,0.3,0.15,0.15,0.15513570937989685,0.0,0.15389907421290824,0.20254792935965885,0.0,0.0,0.18841728704753605,0.0,0.27866147726768725
2020-11-23,风险平价策略,1.0,0.3,0.15,0.15,0.15582943490370418,0.0,0.15463642391370594,0.2004412823624831,0.0,0.0,0.1890928588201068,0.0,0.2792239395545083
2020-11-24,风险平价策略,1.0,0.3,0.15,0.15,0.15214883634272328,0.0,0.16023823339635132,0.2065983891455523,0.0,0.0,0.18101454111537305,0.0,0.27637458629442635
2020-11-25,风险平价策略,1.0,0.3,0.15,0.15,0.14528372910025356,0.0,0.15988650616603312,0.2105232286759444,0.0,0.0,0.18430653605776895,0.0,0.2705091363624799
2020-11-26,风险平价策略,1.0,0.3,0.15,0.15,0.14602880003398816,0.0,0.16078503814133796,0.20870556339779456,0.0,0.0,0.18448059842687928,0.0,0.2711297740757437
2020-11-27,风险平价策略,1.0,0.3,0.15,0.15,0.14684122656632134,0.0,0.16163433890377546,0.2096991129311483,0.0,0.0,0.18182532159875492,0.0,0.2718918706677473
2020-11-30,风险平价策略,1.0,0.3,0.15,0.15,0.07245065529671182,0.3558927669324631,0.07959451229938287,0.10276367630700689,0.0,0.0,0.08929838916443524,0.0,0.16413407523842236
2020-12-01,风险平价策略,1.0,0.3,0.15,0.15,0.15352660369134088,0.0,0.1585374297897641,0.22831653245061198,0.0,0.0,0.1596194340682829,0.0,0.27817376407867783
2020-12-02,风险平价策略,1.0,0.3,0.15,0.15,0.1566202156869269,0.0,0.16189250443047204,0.23171542514200372,0.0,0.0,0.1497718547405973,0.0,0.2810678255348007
2020-12-03,风险平价策略,1.0,0.3,0.15,0.15,0.16946875702796854,0.0,0.19173277571969954,0.168202699339772,0.0,0.0,0.17059576791255987,0.0,0.2912358828661168
2020-12-04,风险平价策略,1.0,0.3,0.15,0.15,0.16941573128096496,0.0,0.191766268123677,0.1682145056401598,0.0,0.0,0.17060349495519816,0.0,0.2911911094273546
2020-12-07,风险平价策略,1.0,0.3,0.15,0.15,0.16473537400278254,0.0,0.19481021765772202,0.1614637134152163,0.0,0.0,0.1789906949242792,0.0,0.28700799331460897
2020-12-08,风险平价策略,1.0,0.3,0.15,0.15,0.07218013300655526,0.393936475396185,0.08542373478963859,0.07117913344217563,0.0,0.0,0.07728052336544546,0.0,0.15913147184605808
2020-12-09,风险平价策略,1.0,0.3,0.15,0.15,0.15954471812635204,0.0,0.19965045458882444,0.16086068951485852,0.0,0.0,0.179944137769965,0.0,0.28261923909303677
2020-12-10,风险平价策略,1.0,0.3,0.15,0.15,0.15831076880434558,0.0,0.20021986319898086,0.16116658231401232,0.0,0.0,0.18030278568266128,0.0,0.28157196222517045
2020-12-11,风险平价策略,1.0,0.3,0.15,0.15,0.15143642571351199,0.0,0.19169888960186357,0.1400019579632262,0.0,0.06355049393044582,0.15331223279095238,0.0,0.2867753096444928
2020-12-14,风险平价策略,1.0,0.3,0.15,0.15,0.12581644847179702,0.0,0.16124141103395906,0.11779481459665668,0.11278882855355792,0.053441241041714556,0.1289172563023147,0.0,0.26549678587944997
2020-12-15,风险平价策略,1.0,0.3,0.15,0.15,0.1263530950766776,0.0,0.16162707869554202,0.11735825678960544,0.11154711278135082,0.05303608469065979,0.13007837196616434,0.0,0.26583549338374335
2020-12-16,风险平价策略,1.0,0.3,0.15,0.15,0.12615847953950746,0.0,0.16168816596322508,0.1174026342183865,0.11157951772433727,0.05305403686359603,0.13011716569094764,0.0,0.26567404891787655
2020-12-17,风险平价策略,1.0,0.3,0.15,0.15,0.1261445194770299,0.0,0.16167130547653208,0.1173933054826067,0.11156685825721585,0.05304351302798224,0.1301804982786332,0.0,0.26565861207939545
2020-12-18,风险平价策略,1.0,0.3,0.15,0.15,0.1265111857134239,0.0,0.16214365582760565,0.11769056727042228,0.10966540090870285,0.05327805070009894,0.1307111395797464,0.0,0.26596920393298656
2020-12-21,风险平价策略,1.0,0.3,0.15,0.15,0.14150378410816206,0.0,0.18141763080666407,0.11094731554602698,0.11897499550046468,0.0,0.14715627403868212,0.0,0.2696382403847003
2020-12-22,风险平价策略,1.0,0.3,0.15,0.15,0.0,0.0,0.18357256654845708,0.12748095048747757,0.1624536733149413,0.0,0.22649280964912402,0.0,0.1488297524436757
2020-12-23,风险平价策略,1.0,0.3,0.15,0.15,0.1310108199482494,0.0,0.149130346782415,0.10368138592153199,0.13201273202417219,0.0,0.1841647153236314,0.0,0.2598442746170623
2020-12-24,风险平价策略,1.0,0.3,0.15,0.15,0.11978328940082276,0.0,0.13946849414409257,0.09694545024785596,0.12336331598694554,0.050558657947314456,0.16988079227296873,0.0,0.25884455775994186
2020-12-25,风险平价策略,1.0,0.3,0.15,0.15,0.11982341180306838,0.0,0.13951382000638157,0.09688703909214126,0.12339699200388612,0.050573796687084234,0.16980494040743835,0.0,0.2588832950923266
2020-12-28,风险平价策略,1.0,0.3,0.15,0.15,0.11987916589847479,0.0,0.1439816688502464,0.09212003199473688,0.11904483001670749,0.05116566035471921,0.17380864288511516,0.0,0.2588611940250875
2020-12-29,风险平价策略,1.0,0.3,0.15,0.15,0.12306880706988808,0.0,0.1406922248527621,0.09124591189588417,0.12424599470509196,0.05286212487187269,0.167884936604501,0.0,0.2620416497671215
2020-12-30,风险平价策略,1.0,0.3,0.15,0.15,0.05494728921311083,0.38746701188297167,0.06281546690882299,0.040738521065735805,0.055472608490689176,0.023602491727320374,0.07495661071134918,0.0,0.1499301027747496
2020-12-31,风险平价策略,1.0,0.3,0.15,0.15,0.0573661504170133,0.3788108219158576,0.061284746587879205,0.04219401313869105,0.05781832957121581,0.02404125015447677,0.07848468821486627,0.0,0.15311834806563285
2021-01-04,风险平价策略,1.0,0.3,0.15,0.15,0.05727048194629262,0.37527458651854106,0.06215865535921901,0.042628316615507804,0.05861078155048566,0.024364983628889256,0.07969219438106465,0.0,0.15353887501957797
2021-01-05,风险平价策略,1.0,0.3,0.15,0.15,0.0,0.41035142366427113,0.0679313852580364,0.04627633815938739,0.06262302136081176,0.025662010345645178,0.08715582121184812,0.0,0.1007200350378793
2021-01-06,风险平价策略,1.0,0.3,0.15,0.15,0.05750032295308507,0.3766411074854913,0.06235175003431754,0.042475301689090965,0.057479573660980575,0.023554385846051993,0.07999755833098256,0.0,0.1533972924920988
2021-01-07,风险平价策略,1.0,0.3,0.15,0.15,0.057701749003525156,0.37780684437829887,0.06257199992021259,0.04208021783163509,0.05762583449258167,0.023621203110977387,0.07859215126276914,0.0,0.1534634314766899
2021-01-08,风险平价策略,1.0,0.3,0.15,0.15,0.05954267322549111,0.37004301006371054,0.06452867497632979,0.043330043042141844,0.05689398213163825,0.024423680647858048,0.08123793591283048,0.0,0.1560996297984004
2021-01-11,风险平价策略,1.0,0.3,0.15,0.15,0.0,0.42322021934910725,0.05301024729779513,0.044485496042474745,0.04942260668348696,0.02587797873806996,0.103983451889066,0.0,0.09838046949612461
2021-01-12,风险平价策略,1.0,0.3,0.15,0.15,0.062427429931315136,0.385483421138651,0.04828451696694422,0.04050478625108658,0.04501655616028247,0.02357093022232825,0.0947123593293924,0.0,0.1557789229058804
2021-01-13,风险平价策略,1.0,0.3,0.15,0.15,0.0,0.4233902905203732,0.05305994353778637,0.0441527786756047,0.04945910524844812,0.025898519816234658,0.10403936220155288,0.0,0.09835948413678505
2021-01-14,风险平价策略,1.0,0.3,0.15,0.15,0.0,0.4308662349429824,0.05371863189939502,0.044796867144316126,0.048676059339548536,0.02496570395321081,0.09697650272054707,0.0,0.09740503642699018
2021-01-15,风险平价策略,1.0,0.3,0.15,0.15,0.14338058804186193,0.0,0.1119702269270791,0.09357514934731376,0.10184002901719078,0.05136418622468012,0.19786982044187432,0.0,0.27774026942802854
2021-01-18,风险平价策略,1.0,0.3,0.15,0.15,0.067417156184075,0.3827259336282726,0.052662628110802155,0.04393724424002583,0.04482354124171525,0.023129200362468454,0.08530429623264056,0.0,0.16055218873823907
2021-01-19,风险平价策略,1.0,0.3,0.15,0.15,0.06783249345514122,0.38442196872461226,0.052009665790197265,0.042950070440267295,0.04498362876749575,0.02325020070145241,0.08455197212083362,0.0,0.16071563796077828
2021-01-20,风险平价策略,1.0,0.3,0.15,0.15,0.15145095271156347,0.0,0.1263466978628116,0.10471423680392837,0.10908551348688605,0.05687981371743966,0.1515227854173708,0.0,0.2868647420448514
2021-01-21,风险平价策略,1.0,0.3,0.15,0.15,0.06412499134495488,0.4039216748373942,0.053502430965293744,0.04433798056956131,0.04597148877931128,0.02400144610959263,0.06413998739389189,0.0,0.15571131327022505
2021-01-22,风险平价策略,1.0,0.3,0.15,0.15,0.0,0.46598400962962083,0.0564433883468642,0.04946097776927856,0.04558491729359286,0.025187578866651343,0.05733912809399218,0.0,0.09385784664878156
2021-01-25,风险平价策略,1.0,0.3,0.15,0.15,0.055120664747698195,0.4305841316191467,0.0523859011836773,0.045866253668055454,0.04232008263046246,0.023363310267360687,0.05035965588359914,0.0,0.14482304141205604
2021-01-26,风险平价策略,1.0,0.3,0.15,0.15,0.0,0.0,0.1654504615211766,0.14995372170374704,0.13636630215114887,0.07660448586048078,0.17162502876344668,0.0,0.16247162989628502
2021-01-27,风险平价策略,1.0,0.3,0.15,0.15,0.0,0.0,0.16547127171904208,0.1499516500201506,0.13637473923362378,0.07660251190921434,0.1715998271179692,0.0,0.16247215448427146
2021-01-28,风险平价策略,1.0,0.3,0.15,0.15,0.0,0.0,0.15476918335177017,0.15537313006963094,0.13919908074615434,0.080727413580273,0.16993119225217151,0.0,0.1632104412127401
2021-01-29,风险平价策略,1.0,0.3,0.15,0.15,0.0,0.0,0.1545273247022825,0.15544985877899714,0.1392611098649858,0.08076149760434553,0.170000209049389,0.0,0.1632144444438635
2021-02-01,风险平价策略,1.0,0.3,0.15,0.15,0.0,0.0,0.1545294881557016,0.15544930251124928,0.13925743601805593,0.08076099655889267,0.17000277675610045,0.0,0.16321425050692037
2021-02-02,风险平价策略,1.0,0.3,0.15,0.15,0.0,0.43449292644335524,0.058881263585108076,0.05562735167533266,0.056958863770221704,0.03304540523509887,0.06099418929088349,0.0,0.09937048272673858
2021-02-03,风险平价策略,1.0,0.3,0.15,0.15,0.0,0.0,0.15426413726916058,0.14926088306212779,0.14582438969918385,0.08897996442742676,0.16167062554210104,0.0,0.1648449194391171
2021-02-04,风险平价策略,1.0,0.3,0.15,0.15,0.0,0.0,0.1544474489603611,0.1490958004721817,0.14595198272911944,0.0889114928891998,0.1615932749491379,0.0,0.16483756044108902
2021-02-05,风险平价策略,1.0,0.3,0.15,0.15,0.0,0.0,0.15469431664945688,0.14926281696572122,0.14528277599350142,0.08906661737351751,0.16169347301780293,0.0,0.16485268234916373
2021-02-08,风险平价策略,1.0,0.3,0.15,0.15,0.0,0.0,0.1555678459397541,0.15012174417749463,0.14607705102860227,0.08956308946338724,0.15867026939076176,0.0,0.16503075674270512
2021-02-09,风险平价策略,1.0,0.3,0.15,0.15,0.0,0.0,0.15557183591374119,0.15011996002531547,0.1460758275832377,0.08956333865898558,0.15866903781872008,0.0,0.1650308213267085
2021-02-10,风险平价策略,1.0,0.3,0.15,0.15,0.0,0.0,0.15997114665666745,0.15393524845631043,0.14551339516008815,0.08747729535866092,0.15310291436827297,0.0,0.16485841377793845
2021-02-18,风险平价策略,1.0,0.3,0.15,0.15,0.0,0.0,0.16054414381315174,0.15342195580749005,0.14613132789244238,0.08735501803686509,0.15254755445005078,0.0,0.16486168953132133
2021-02-19,风险平价策略,1.0,0.3,0.15,0.15,0.0,0.39532091238377215,0.07080576064143161,0.06728118051438464,0.06449233989290488,0.03662050724289516,0.06547929932461155,0.0,0.10517150240624469
2021-02-22,风险平价策略,1.0,0.3,0.15,0.15,0.0,0.0,0.16269590029612965,0.15456756797652402,0.14816754262938453,0.08412959575297373,0.15043939334498801,0.0,0.16442922894642
2021-02-23,风险平价策略,1.0,0.3,0.15,0.15,0.0,0.0,0.16291639926160062,0.15396866240768334,0.14827906264500257,0.08419176163148526,0.15064411405422815,0.0,0.16443414906586082
2021-02-24,风险平价策略,1.0,0.3,0.15,0.15,0.0,0.0,0.16345895416816222,0.1534397770662625,0.14906425780580493,0.08279657965733885,0.15124043130243148,0.0,0.1642008823841593
2021-02-25,风险平价策略,1.0,0.3,0.15,0.15,0.0,0.0,0.16382938940712266,0.15370020379086946,0.14943068245673047,0.08297311787265474,0.1500666064726226,0.0,0.16426800749001338
2021-02-26,风险平价策略,1.0,0.3,0.15,0.15,0.0,0.0,0.13547960670223097,0.20630799918166476,0.15140951787454834,0.0885821066126637,0.11822076962889211,0.0,0.1661406091479049
2021-03-01,风险平价策略,1.0,0.3,0.15,0.15,0.0,0.41930789892865555,0.055458723852848474,0.07619080774006466,0.06240147752222545,0.03733532639138915,0.04930576556481667,0.0,0.10251192767553152
2021-03-02,风险平价策略,1.0,0.3,0.15,0.15,0.0,0.0,0.15303317711563344,0.20754369248433352,0.1298146164688977,0.0837822125711382,0.12582630135999714,0.0,0.16492851113527118
2021-03-03,风险平价策略,1.0,0.3,0.15,0.15,0.0,0.0,0.15307158214677583,0.20759668071761642,0.1296593267067648,0.08380695389343112,0.12586545653541176,0.0,0.16492974219395426
2021-03-04,风险平价策略,1.0,0.3,0.15,0.15,0.0,0.0,0.15007536690953893,0.18639821853122956,0.14302564283151442,0.09234063938781785,0.12816013233989923,0.0,0.16635995476016902
2021-03-05,风险平价策略,1.0,0.3,0.15,0.15,0.0,0.45512430820282723,0.05159502194701459,0.06546415162415553,0.05026414530668679,0.03245145661712258,0.04510091630219318,0.0,0.096900065415359
2021-03-08,风险平价策略,1.0,0.3,0.15,0.15,0.0,0.4551542981056304,0.051529933830569224,0.0654706196025305,0.05027202801682413,0.03245880124029385,0.04511431920415189,0.0,0.0968968686582306
2021-03-09,风险平价策略,1.0,0.3,0.15,0.15,0.0,0.4649847721831591,0.05656226356051863,0.062043997813730156,0.042340715869963415,0.030421072456269047,0.04364717811635956,0.0,0.09520841916348541
2021-03-10,风险平价策略,1.0,0.3,0.15,0.15,0.0,0.47355751059589624,0.054519760396071884,0.06339858399404959,0.03868971187564762,0.02913969448577736,0.040694738652557266,0.0,0.09389814214645814
2021-03-11,风险平价策略,1.0,0.3,0.15,0.15,0.17714102397880607,0.0,0.12690028939951575,0.14723053679388445,0.08999135171778375,0.06775988752135335,0.09097691058865658,0.0,0.3118106483451318
2021-03-12,风险平价策略,1.0,0.3,0.15,0.15,0.17935733789383948,0.0,0.12604067956170262,0.1429692449020247,0.09102742267999978,0.06856696437089227,0.09203835059154117,0.0,0.3137800018392217
2021-03-15,风险平价策略,1.0,0.3,0.15,0.15,0.17937910785220432,0.0,0.12606999554444262,0.14295184215323137,0.09098448430450153,0.06855963803368101,0.09205493211193909,0.0,0.3137961895609274
2021-03-16,风险平价策略,1.0,0.3,0.15,0.15,0.18309605686006789,0.0,0.1234176051159856,0.1448055160318073,0.08808802350452964,0.06657075502867293,0.09402204345893656,0.0,0.31651222749832186
2021-03-17,风险平价策略,1.0,0.3,0.15,0.15,0.1822465903627522,0.0,0.12363621526029507,0.14501846777851998,0.08822945269842189,0.06669017206566713,0.09417910183434361,0.0,0.3158144849071725
2021-03-18,风险平价策略,1.0,0.3,0.15,0.15,0.18453067073501253,0.0,0.1253098939060723,0.14073882725088602,0.08953083348892964,0.06512202529762676,0.0947677493214727,0.0,0.31747756332027594
2021-03-19,风险平价策略,1.0,0.3,0.15,0.15,0.06846250143999298,0.43608024928959277,0.04778867245217491,0.05775636682710009,0.02857805662863697,0.020724144588858972,0.04061000877364329,0.0,0.15502101099279358
2021-03-22,风险平价策略,1.0,0.3,0.15,0.15,0.06845583564570869,0.4360912429708724,0.047803055026887496,0.05776258562847091,0.028572396799176374,0.02071805334286679,0.04059683058601737,0.0,0.15501329172659747
2021-03-23,风险平价策略,1.0,0.3,0.15,0.15,0.06446493001849445,0.44320390371812957,0.04890714586178044,0.05270848217967843,0.029083999921426785,0.021102865701637198,0.040528672598853135,0.0,0.15076945254709848
2021-03-24,风险平价策略,1.0,0.3,0.15,0.15,0.06243343562655203,0.4459647193163168,0.04806916695591847,0.05308313101707181,0.029142032433106063,0.02038306316151712,0.040924451489517705,0.0,0.14856382570408921
2021-03-25,风险平价策略,1.0,0.3,0.15,0.15,0.06241944835651733,0.4467801657866416,0.04713083217938176,0.05313145553535455,0.029072781721985564,0.020442761048442948,0.04102255537167616,0.0,0.14844790716209838
2021-03-26,风险平价策略,1.0,0.3,0.15,0.15,0.06295349664487103,0.44457407553619605,0.0475511389558149,0.053592875573461096,0.029316351093015457,0.020613089074210857,0.04139897312243063,0.0,0.14921272555343618
2021-03-29,风险平价策略,1.0,0.3,0.15,0.15,0.17297642012669576,0.0,0.13064864273710824,0.14703305818467408,0.08011163769217268,0.05664323896658861,0.1125870022927605,0.0,0.30578661744921753
2021-03-30,风险平价策略,1.0,0.3,0.15,0.15,0.17266184111970118,0.0,0.12908845253943907,0.1468503262352177,0.08089491251333988,0.057203001805140125,0.11330146578716195,0.0,0.3055983319808899
2021-03-31,风险平价策略,1.0,0.3,0.15,0.15,0.1741548135239932,0.0,0.12927898763544615,0.14369983344796103,0.08143549612603342,0.057970298694420594,0.11346057057214567,0.0,0.3069758289953576
2021-04-01,风险平价策略,1.0,0.3,0.15,0.15,0.17499126649517535,0.0,0.1277388651382717,0.14427910697688665,0.08169167357278999,0.057291554505038964,0.11400753331183731,0.0,0.3075560033131263
2021-04-02,风险平价策略,1.0,0.3,0.15,0.15,0.20678128206145352,0.0,0.1533099381078561,0.17312378315620228,0.09803416369228099,0.06875083298220713,0.0,0.0,0.3396767518456969
2021-04-06,风险平价策略,1.0,0.3,0.15,0.15,0.2086113864502565,0.0,0.15410488291350755,0.17419832339921026,0.09939974972451043,0.06368565751251518,0.0,0.0,0.340417267317463
2021-04-07,风险平价策略,1.0,0.3,0.15,0.15,0.17525268897792157,0.0,0.1291121482106057,0.1454150114983968,0.0834894148896119,0.053258010122657844,0.1134727263008062,0.0,0.3071642527209513
2021-04-08,风险平价策略,1.0,0.3,0.15,0.15,0.21086522132515784,0.0,0.15608922769354622,0.17563445869323976,0.09324631099961957,0.06416478128843663,0.0,0.0,0.34232561402927864
2021-04-09,风险平价策略,1.0,0.3,0.15,0.15,0.21119522450164624,0.0,0.1560406704794666,0.17550625464685507,0.09297917937894573,0.06427867099308636,0.0,0.0,0.3426183677340661
2021-04-12,风险平价策略,1.0,0.3,0.15,0.15,0.21828828974528416,0.0,0.14765868406495106,0.1755182928483971,0.09386991418542939,0.06466481915593825,0.0,0.0,0.3486472335928431
2021-04-13,风险平价策略,1.0,0.3,0.15,0.15,0.07128169582864699,0.4687885692079838,0.049047360572485224,0.058270319021107256,0.031148873278007718,0.021463182091768906,0.0,0.0,0.15433576552044875
2021-04-14,风险平价策略,1.0,0.3,0.15,0.15,0.07131912011505459,0.46866926529895125,0.04907384127612318,0.05829897351059301,0.03116549806796614,0.021473301731311793,0.0,0.0,0.154385093338977
2021-04-15,风险平价策略,1.0,0.3,0.15,0.15,0.0716272877749557,0.46765801961748843,0.04929405522789047,0.05855421908206294,0.031299336900613615,0.021567081396988833,0.0,0.0,0.1547968154751262
2021-04-16,风险平价策略,1.0,0.3,0.15,0.15,0.21783893939907956,0.0,0.14994358801431729,0.17162746216743946,0.09507620246923515,0.06551380794992853,0.0,0.0,0.34841768039190774
2021-04-19,风险平价策略,1.0,0.3,0.15,0.15,0.07167818331556809,0.4691823466098164,0.04951933713141422,0.056666664906447464,0.0314097264322014,0.02154374160455239,0.0,0.0,0.15463115311380238
2021-04-20,风险平价策略,1.0,0.3,0.15,0.15,0.07096615012298144,0.4710083026771656,0.04932663046016474,0.055566594071851896,0.031509428147777664,0.02162289452005862,0.0,0.0,0.1538002026465742
2021-04-21,风险平价策略,1.0,0.3,0.15,0.15,0.07160212719601076,0.47362763887461323,0.04781055074985499,0.0551079440834562,0.0309864576306075,0.02086528146545722,0.0,0.0,0.1538543652073555
2021-04-22,风险平价策略,1.0,0.3,0.15,0.15,0.06851524575199684,0.4438688019589291,0.04577475906829165,0.052667815296885266,0.02901179844823965,0.019592577479021187,0.04056900199663633,0.0,0.1538383784884486
2021-04-23,风险平价策略,1.0,0.3,0.15,0.15,0.06739284011336687,0.4445741427655964,0.04588073359375219,0.05278045089703997,0.029073594997885265,0.019636016901308267,0.04066222073105095,0.0,0.15280510845412928
2021-04-26,风险平价策略,1.0,0.3,0.15,0.15,0.18193184601210946,0.0,0.1268930683527705,0.1456158708111171,0.07940570545749522,0.05360119038161314,0.11255231898489461,0.0,0.3128164285962582
2021-04-27,风险平价策略,1.0,0.3,0.15,0.15,0.1808594540012916,0.0,0.12715634905631493,0.14589356706838633,0.07956477329548144,0.05370943252224143,0.11281642405628423,0.0,0.31192660557590984
2021-04-28,风险平价策略,1.0,0.3,0.15,0.15,0.07104516643393376,0.43508936332228504,0.045898765898417904,0.0551191504292586,0.031184711976315616,0.021042125660888093,0.040620716278900966,0.0,0.1574008414931341
2021-04-29,风险平价策略,1.0,0.3,0.15,0.15,0.07108134130284316,0.435136345772341,0.04592956206541333,0.055147266130085484,0.031201085985998012,0.021052144280478646,0.04045225446284036,0.0,0.15743170632597359
2021-04-30,风险平价策略,1.0,0.3,0.15,0.15,0.06827245128080289,0.4386991112483298,0.04513213873278571,0.05567838578272046,0.030501086083678557,0.021308365624974568,0.04040846124670798,0.0,0.15462657458078138
2021-05-06,风险平价策略,1.0,0.3,0.15,0.15,0.06826753064407881,0.4387200371957389,0.045128655851523286,0.05567313700569205,0.030497809018354534,0.021307012278250433,0.040405818006361845,0.0,0.1546194462341142
2021-05-07,风险平价策略,1.0,0.3,0.15,0.15,0.0691300201304585,0.4355294082629624,0.04569825618899686,0.0563587004864617,0.030890713269043746,0.021467632695743036,0.040925268966333764,0.0,0.15578871708910452
2021-05-10,风险平价策略,1.0,0.3,0.15,0.15,0.06913661577071586,0.43565568406593375,0.04570685019838218,0.056366221106241086,0.030870454665800153,0.021470194405837785,0.040793979787089124,0.0,0.15578135615647964
2021-05-11,风险平价策略,1.0,0.3,0.15,0.15,0.06685242986624534,0.45562374122475297,0.039549621032825506,0.046809906274333346,0.0283606650519196,0.020737384435791113,0.04206625211413204,0.0,0.15098643661912625
2021-05-12,风险平价策略,1.0,0.3,0.15,0.15,0.06154296120118096,0.41952438823152666,0.03640738592305452,0.04309170890092175,0.02610845485478839,0.01909066150414684,0.03872530632655687,0.05550913305782396,0.15787522216408945
2021-05-13,风险平价策略,1.0,0.3,0.15,0.15,0.06265948640659878,0.4350664949621124,0.03414534382638906,0.03916302194827522,0.02150567588342089,0.019478351352015616,0.03314394143007388,0.054837684191114205,0.156817788596846
2021-05-14,风险平价策略,1.0,0.3,0.15,0.15,0.06330876021734931,0.44348143518320243,0.031379612063124576,0.03557599747956247,0.020869683513920597,0.01839840010767965,0.03040614213014258,0.056579969305018366,0.15633921773790696
2021-05-17,风险平价策略,1.0,0.3,0.15,0.15,0.06363383548850368,0.44217504645927813,0.03153483762822062,0.035747396280331585,0.020971616414042254,0.01849222177376811,0.03055406035330312,0.0568909856025525,0.15683755864799107
2021-05-18,风险平价策略,1.0,0.3,0.15,0.15,0.0637597381925544,0.44166209744811225,0.031595850491694,0.035816450765115006,0.021011315143116695,0.01852739281484217,0.03061278876140556,0.05701436638315987,0.15703163323119346
2021-05-19,风险平价策略,1.0,0.3,0.15,0.15,0.06527858260159905,0.4508695754668136,0.027524816899979494,0.03167195688715371,0.01972599574444436,0.016786136273563953,0.0290786065770853,0.059064329549360584,0.15706501980714876
2021-05-20,风险平价策略,1.0,0.3,0.15,0.15,0.059433524959627865,0.4563925467755581,0.02715510648687952,0.0312932902559425,0.020156074415181666,0.016190797946016005,0.02948063906542794,0.05989802009536634,0.15140659880638255
2021-05-21,风险平价策略,1.0,0.3,0.15,0.15,0.06347424989941809,0.4805272878013899,0.026353707976455604,0.029708875226389445,0.02027404237944098,0.0160828906622368,0.0,0.063578946054669,0.1528526625186361
2021-05-24,风险平价策略,1.0,0.3,0.15,0.15,0.06834628171348524,0.4848683925899755,0.027814010883319477,0.02852340075192759,0.021877493500752333,0.0,0.0,0.06857042056053983,0.15440086904195321
2021-05-25,风险平价策略,1.0,0.3,0.15,0.15,0.06896452406568547,0.4879659293645747,0.02805650715516467,0.028768411974357946,0.0,0.017510250117395727,0.0,0.06873437732282144,0.15710456504848008
2021-05-26,风险平价策略,1.0,0.3,0.15,0.15,0.06903894478319442,0.48828768268575234,0.027863821330195347,0.028465674471252863,0.0,0.01754299991761286,0.0,0.0688008768119921,0.15713686165956384
2021-05-27,风险平价策略,1.0,0.3,0.15,0.15,0.07529163873195355,0.47302339244513336,0.030394099594636455,0.031024804020350936,0.0,0.018617327873116755,0.0,0.07164873733480888,0.16496343949462372
2021-05-28,风险平价策略,1.0,0.3,0.15,0.15,0.07314476022355136,0.4493071445555631,0.029492085508701405,0.030100914092830104,0.0,0.01806877079647788,0.03226806382974924,0.06761826099312683,0.1648222868045013
2021-05-31,风险平价策略,1.0,0.3,0.15,0.15,0.07089229338787252,0.43548306056419905,0.028583964293504252,0.029173830181876827,0.021588671148931416,0.017503988406155593,0.03124046938458923,0.06553372263287104,0.16470267076052708
2021-06-01,风险平价策略,1.0,0.3,0.15,0.15,0.0708903872631862,0.4354804154285524,0.028584781139911457,0.02917533714603915,0.02158909614735641,0.01750456269027328,0.03124044871527873,0.06553497146940222,0.164701673325009
2021-06-02,风险平价策略,1.0,0.3,0.15,0.15,0.07956299584495896,0.42168076051817877,0.03080031832359297,0.03002037716059524,0.02317275162662574,0.019430619772794706,0.035196416452645145,0.060135760300608514,0.17340703926221848
2021-06-03,风险平价策略,1.0,0.3,0.15,0.15,0.07881439515250369,0.4242779191580069,0.030314969337595993,0.029543129469263633,0.02330921368050248,0.019544946856789636,0.03541103153430316,0.05878439481103454,0.1722786529069586
2021-06-04,风险平价策略,1.0,0.3,0.15,0.15,0.09563457751418408,0.41333936244191516,0.03061977987021206,0.03555512537889747,0.0,0.024020597011226098,0.03789890413960435,0.06293165364396082,0.18879035801713945
2021-06-07,风险平价策略,1.0,0.3,0.15,0.15,0.0886811256547819,0.3880186010203478,0.03155646214965781,0.036575934107157676,0.026475920246483337,0.024445350425594876,0.039082992556438455,0.0651636138395381,0.18693279356688128
2021-06-08,风险平价策略,1.0,0.3,0.15,0.15,0.08874105854659387,0.3882583429549084,0.03159964631613894,0.036273015568259556,0.026407804011516867,0.02447131498368342,0.03904082283219621,0.06520799478670262,0.18696083600716915
2021-06-09,风险平价策略,1.0,0.3,0.15,0.15,0.08906538888403497,0.3871500256737226,0.03171464356681245,0.036399096150095,0.02650302565543456,0.024556016857256908,0.03918221999560291,0.06542958321704058,0.18741974953652904
2021-06-10,风险平价策略,1.0,0.3,0.15,0.15,0.08931459072718871,0.38803624350879856,0.031646163233375976,0.03650184809606804,0.026147806615692257,0.024172551852115247,0.03930680042680407,0.06487399553995704,0.1873741251516368
2021-06-11,风险平价策略,1.0,0.3,0.15,0.15,0.09017513695228366,0.3823768317027197,0.03230456044822986,0.03725396831470156,0.026699466107444017,0.024667381686960543,0.04013370319191971,0.06638895159574096,0.18910268158677057
2021-06-15,风险平价策略,1.0,0.3,0.15,0.15,0.07854317604808926,0.413195707212139,0.030039096931482788,0.036195426102517275,0.028976421754446598,0.026604859361469835,0.030983053944686964,0.05546225864516827,0.17446736854121545
2021-06-16,风险平价策略,1.0,0.3,0.15,0.15,0.07883654755323138,0.4155935818090624,0.02835781631813492,0.034541638434683636,0.029251578656751143,0.02685203959003966,0.030855643778728185,0.05571115385936866,0.17446607767122718
2021-06-17,风险平价策略,1.0,0.3,0.15,0.15,0.08073780095889412,0.4138714986556386,0.029181952630220904,0.035472474440474064,0.030045666710043068,0.027003578437188588,0.03112345891851811,0.05256356924902263,0.17594205424633763
2021-06-18,风险平价策略,1.0,0.3,0.15,0.15,0.07893476686335223,0.43460429082839586,0.026924874914445188,0.033219810332742135,0.02541253763030035,0.023683225416927328,0.028387826219383943,0.048832667794452986,0.17068535169514665
2021-06-21,风险平价策略,1.0,0.3,0.15,0.15,0.08170476536859257,0.45236287074527876,0.0,0.03433769788526225,0.026475066904445833,0.02467232334447144,0.029586324626079366,0.05086095112586977,0.170991062159487
2021-06-22,风险平价策略,1.0,0.3,0.15,0.15,0.07860353247908414,0.43517723072806275,0.026584425845498926,0.03303616913350801,0.025470528646307063,0.023735107553574424,0.028464321025911614,0.048928684588053085,0.1703478761489662
2021-06-23,风险平价策略,1.0,0.3,0.15,0.15,0.07860224229756728,0.43520260569770575,0.026581821699702628,0.033031814465562345,0.025468149891964803,0.023734075298943717,0.028451462336178575,0.048927828312374945,0.17034346083491653
2021-06-24,风险平价策略,1.0,0.3,0.15,0.15,0.07871230252124621,0.4353718398882332,0.02658761759069004,0.0329737097560852,0.025501692941075713,0.023746122613015095,0.028498390943169364,0.0486083237464851,0.17037557940171164
2021-06-25,风险平价策略,1.0,0.3,0.15,0.15,0.0821811042504748,0.4535118130013193,0.027758724743641498,0.03442633985073314,0.026624612686360183,0.024790895978437453,0.0,0.0507065094890335,0.17212560343731834
2021-06-28,风险平价策略,1.0,0.3,0.15,0.15,0.07377167972669563,0.4322007845416185,0.027737833649797528,0.03423601801976907,0.02670532154198531,0.02452223600452889,0.029851112310754577,0.050975014204850566,0.16703318436870976
2021-06-29,风险平价策略,1.0,0.3,0.15,0.15,0.07300385929613884,0.4359738180658271,0.027491853205881406,0.034164287540487934,0.024844027416649567,0.02385200810657345,0.030265485321770216,0.05040466104667154,0.1656721327070357
2021-06-30,风险平价策略,1.0,0.3,0.15,0.15,0.07306416116754874,0.43645473583242594,0.027518101361029657,0.03415162884483983,0.02486023829521043,0.023866812236653486,0.030302899383562364,0.049781422878729546,0.16558448214812077
2021-07-01,风险平价策略,1.0,0.3,0.15,0.15,0.07426018739108593,0.43299243696586437,0.02789052985913503,0.03402501845676273,0.02515881780481073,0.024252569335166087,0.030792342440209758,0.050628097746965396,0.16720817914622474
2021-07-02,风险平价策略,1.0,0.3,0.15,0.15,0.07128330587174855,0.4350966691008055,0.028014182912172246,0.03416433726531878,0.025266393149753832,0.024373268527790367,0.030943132049558186,0.05085871112285247,0.1644670648728596
2021-07-05,风险平价策略,1.0,0.3,0.15,0.15,0.07064983108660325,0.435773247699371,0.028075577966013406,0.03422484411765713,0.025310179561391387,0.02441510203728654,0.030587677518048133,0.05096354001362918,0.16387398227100547
2021-07-06,风险平价策略,1.0,0.3,0.15,0.15,0.07193853427070376,0.43174476866835676,0.028598566344568022,0.03437046248479012,0.025763913779890898,0.02484112855534382,0.030791679049501003,0.05195094684684557,0.16568540797395337
2021-07-07,风险平价策略,1.0,0.3,0.15,0.15,0.07192557374252523,0.4439397085353044,0.02752236853226435,0.03333399609894318,0.020610470852690885,0.02023631863070995,0.02853971717837346,0.053891846429188484,0.163540367037047
2021-07-08,风险平价策略,1.0,0.3,0.15,0.15,0.06211829098616194,0.45512239643099944,0.02776415334548928,0.032571598959936186,0.019272713105613383,0.01914389912922219,0.029601378785297165,0.054405569257280344,0.1536342188492375
2021-07-09,风险平价策略,1.0,0.3,0.15,0.15,0.06232150508448914,0.45435958397495174,0.027851517271529697,0.032671081503929875,0.01933123334050889,0.019201753761240174,0.029672083025148333,0.05459124203820215,0.15393789992338572
2021-07-12,风险平价策略,1.0,0.3,0.15,0.15,0.061983193256980734,0.45470328053915,0.02787235452531936,0.03270010690490903,0.01934740051562386,0.0192183232239976,0.02969641524753381,0.05447892578648556,0.15359592382102666
2021-07-13,风险平价策略,1.0,0.3,0.15,0.15,0.06198229804340415,0.45470252922631227,0.027874198354557702,0.03269916761250715,0.01934682773960308,0.01921841901150326,0.029697497083744227,0.05447906292836803,0.1535952668690357
2021-07-14,风险平价策略,1.0,0.3,0.15,0.15,0.06198577172355649,0.454727157250843,0.027834309406859718,0.03270221750499307,0.019348728272263964,0.01921962282682504,0.02969996097757279,0.05448223203708591,0.15359537796906142
2021-07-15,风险平价策略,1.0,0.3,0.15,0.15,0.07437263665768047,0.41023817645616995,0.03371216265724025,0.038172947246934076,0.021399620951267764,0.01933446591855684,0.03609753562492256,0.06667245448722804,0.17131614019707012
2021-07-16,风险平价策略,1.0,0.3,0.15,0.15,0.07818677121600592,0.43133298980637574,0.0,0.040128686214899616,0.0225050477376742,0.02014977715010854,0.03794953233726406,0.06974719553767192,0.17212712651338108
2021-07-19,风险平价策略,1.0,0.3,0.15,0.15,0.07934961499249299,0.43256089654226393,0.0,0.03936301708983673,0.022850910549508295,0.020193479539030945,0.03864737571869551,0.0670347055681716,0.17260216478884824
2021-07-20,风险平价策略,1.0,0.3,0.15,0.15,0.07784067231253963,0.4386741018302892,0.0,0.037816269017818094,0.020796440772964598,0.018050877284818887,0.039088092092837236,0.06773354668873237,0.1702166486086077
2021-07-21,风险平价策略,1.0,0.3,0.15,0.15,0.07725518585598858,0.4410422962560207,0.0,0.03698177920875608,0.020941115845039538,0.01808121459935662,0.03862736375874275,0.06707104447609569,0.16934575604318428
2021-07-22,风险平价策略,1.0,0.3,0.15,0.15,0.0931671537562543,0.5151856722258367,0.0,0.0446420407850904,0.02522628283140002,0.02177885040141849,0.0,0.0,0.1664472222973066
2021-07-23,风险平价策略,1.0,0.3,0.15,0.15,0.08269930958260886,0.4644657616172457,0.0,0.04029078322128311,0.022766163022636753,0.01964855485230964,0.0,0.07012942770391588,0.1725515039621291
2021-07-26,风险平价策略,1.0,0.3,0.15,0.15,0.06908195732531901,0.47417884242404407,0.0,0.04140575379772284,0.02296866455367399,0.020203342637156816,0.0,0.07216143926208324,0.16013629460495382
2021-07-27,风险平价策略,1.0,0.3,0.15,0.15,0.0,0.4665642275092821,0.047622817189261236,0.0510349135812371,0.02846530007015152,0.025094933523239406,0.0,0.08121780812682865,0.10505980862588618
2021-07-28,风险平价策略,1.0,0.3,0.15,0.15,0.0,0.5009490031168675,0.0,0.05430933295525476,0.030573793356513924,0.02695128508320067,0.0,0.08721658548816295,0.10145581838467967
2021-07-29,风险平价策略,1.0,0.3,0.15,0.15,0.0,0.4682118015521395,0.0,0.05075814559765306,0.028574090799145285,0.025189245873988953,0.04575553523192346,0.0815111809451498,0.10351610269475114
2021-07-30,风险平价策略,1.0,0.3,0.15,0.15,0.0,0.46821860559322964,0.0,0.050758562350809604,0.0285727362002048,0.02518713600530565,0.04575266777362601,0.08151029207682421,0.10351481238377506
2021-08-02,风险平价策略,1.0,0.3,0.15,0.15,0.0,0.5742900079340254,0.0,0.0605392750029275,0.03479494320052929,0.030375773862517712,0.0,0.0,0.08167892217891469
2021-08-03,风险平价策略,1.0,0.3,0.15,0.15,0.0,0.6281657483973552,0.0,0.0,0.03852549733383062,0.03330875426881424,0.0,0.0,0.07491227962270565
2021-08-04,风险平价策略,1.0,0.3,0.15,0.15,0.0,0.6278453738201665,0.0,0.0,0.03870113869988891,0.03345348747994449,0.0,0.0,0.07498044391806752
2021-08-05,风险平价策略,1.0,0.3,0.15,0.15,0.0,0.6628287985319171,0.0,0.0,0.03717120146808276,0.0,0.0,0.0,0.064889824212872
2021-08-06,风险平价策略,1.0,0.3,0.15,0.15,0.0,0.5749817127096141,0.0,0.06404494786581527,0.03249668457267967,0.028476654851891072,0.0,0.0,0.08125870040623148
2021-08-09,风险平价策略,1.0,0.3,0.15,0.15,0.0,0.47533936893140677,0.0,0.08241361906057248,0.03586957478497595,0.031153724593093776,0.07522371262995092,0.0,0.0929157654981063
2021-08-10,风险平价策略,1.0,0.3,0.15,0.15,0.0,0.49747849858108645,0.0,0.08625166719571897,0.037539110032972604,0.0,0.0787307241902219,0.0,0.0848538720661764
2021-08-11,风险平价策略,1.0,0.3,0.15,0.15,0.09706662519276986,0.4274087181864842,0.0,0.0748269807641762,0.03252862749481006,0.0,0.06816904836175972,0.0,0.17611600303084662
2021-08-12,风险平价策略,1.0,0.3,0.15,0.15,0.09384287480739734,0.4120875044389924,0.0,0.0721545519872798,0.03144067784862456,0.027157927612585807,0.06331646330512009,0.0,0.17995638303629616
2021-08-13,风险平价策略,1.0,0.3,0.15,0.15,0.09435667064277582,0.4099779133568383,0.0,0.07282969763181708,0.03164985607601974,0.027312316792130958,0.06387354550041807,0.0,0.18068284791924713
2021-08-16,风险平价策略,1.0,0.3,0.15,0.15,0.09537405802021849,0.4080972013309689,0.0,0.07372785802226514,0.030988549342630185,0.02724065560758766,0.06457167767632958,0.0,0.18175232661765317
2021-08-17,风险平价策略,1.0,0.3,0.15,0.15,0.09049500166331664,0.4118138793768536,0.0,0.07431078390465605,0.03124799273162839,0.027052131883218106,0.06508021044032716,0.0,0.1771093423967321
2021-08-18,风险平价策略,1.0,0.3,0.15,0.15,0.0,0.5024646677151205,0.0,0.08356658739918664,0.03699258233955682,0.0,0.07697616254613594,0.0,0.08422791080547021
2021-08-19,风险平价策略,1.0,0.3,0.15,0.15,0.0,0.5188368849445594,0.0,0.07750769126488477,0.03455337889937459,0.0,0.06910204489118117,0.0,0.08222949297474279
2021-08-20,风险平价策略,1.0,0.3,0.15,0.15,0.0,0.5171692850189133,0.0,0.07849891852991181,0.03492531825689086,0.0,0.06940647819428397,0.0,0.0824492053591871
2021-08-23,风险平价策略,1.0,0.3,0.15,0.15,0.0,0.5151271023657237,0.0,0.08056626976699797,0.03577255901196967,0.0,0.06853406885530869,0.0,0.08275954470508774
2021-08-24,风险平价策略,1.0,0.3,0.15,0.15,0.0,0.5151145127811498,0.0,0.08057252947260524,0.0357764027882214,0.0,0.06853655495802333,0.0,0.08276120815368626
2021-08-25,风险平价策略,1.0,0.3,0.15,0.15,0.0,0.5151940080868815,0.0,0.08053825076921411,0.035758200896422565,0.0,0.06850954024748172,0.0,0.08275110470981076
2021-08-26,风险平价策略,1.0,0.3,0.15,0.15,0.0,0.4999909367626922,0.0,0.08467070548976081,0.0391893538328377,0.0,0.07614900391470922,0.0,0.08460864695792365
2021-08-27,风险平价策略,1.0,0.3,0.15,0.15,0.10863779489067929,0.47395469470803986,0.0,0.08026121994120189,0.037146290460078925,0.0,0.0,0.0,0.181643326827186
2021-08-30,风险平价策略,1.0,0.3,0.15,0.15,0.09850423446713348,0.42978336570341563,0.0,0.07278237981268953,0.03353690233796753,0.0,0.06539311767879384,0.0,0.17709637807544687
2021-08-31,风险平价策略,1.0,0.3,0.15,0.15,0.11005946511955338,0.47272413081124887,0.0,0.08022937572701234,0.03698702834218537,0.0,0.0,0.0,0.18300206332432808
2021-09-01,风险平价策略,1.0,0.3,0.15,0.15,0.10620872281697245,0.48044534967354824,0.0,0.0754725473512116,0.037873380158267765,0.0,0.0,0.0,0.17873393876191054
2021-09-02,风险平价策略,1.0,0.3,0.15,0.15,0.10762059210145548,0.47846966139229613,0.0,0.07652074926837679,0.037388997237871646,0.0,0.0,0.0,0.18018178304964136
2021-09-03,风险平价策略,1.0,0.3,0.15,0.15,0.10295477923479628,0.45645764716762394,0.0,0.07178801651652736,0.03612343282994164,0.032676124251110696,0.0,0.0,0.18444964639807676
2021-09-06,风险平价策略,1.0,0.3,0.15,0.15,0.10869693529585892,0.4775154310153534,0.0,0.0758055866540141,0.037982047034773564,0.0,0.0,0.0,0.1812206629317965
2021-09-07,风险平价策略,1.0,0.3,0.15,0.15,0.10118674828363694,0.42481693527982656,0.0,0.07061912392676581,0.03541297752716527,0.0,0.06796421498260546,0.0,0.17996178562127194
2021-09-08,风险平价策略,1.0,0.3,0.15,0.15,0.09918898532024048,0.41925020116684425,0.04943724176291104,0.06952871366698597,0.0,0.0,0.0625948580830182,0.0,0.17884212476898748
2021-09-09,风险平价策略,1.0,0.3,0.15,0.15,0.0998530897920962,0.41802436366418433,0.04978511670962147,0.06998942846316908,0.0,0.0,0.06234800137092885,0.0,0.17957286628956806
2021-09-10,风险平价策略,1.0,0.3,0.15,0.15,0.08014080154105888,0.3455636815149501,0.04118844711738221,0.057897197718275506,0.02620398409037656,0.025211723081659927,0.05159302425067525,0.07220114068562154,0.18607943797869486
2021-09-13,风险平价策略,1.0,0.3,0.15,0.15,0.08376236961056992,0.33127269438925655,0.04307604995638706,0.06050003692779226,0.027446898499839396,0.026392455802554227,0.0538585365064747,0.07369095830712583,0.191362997545397
2021-09-14,风险平价策略,1.0,0.3,0.15,0.15,0.06945374289938834,0.3544891818297539,0.03950727231953214,0.039108764483484826,0.029886446111276433,0.028919921206897275,0.059751469260162934,0.07888320188950407,0.17708459649162134
2021-09-15,风险平价策略,1.0,0.3,0.15,0.15,0.06940289515325514,0.35034270683335506,0.040137564943133155,0.03978037503590158,0.030385265534997756,0.029405780559599196,0.06016856204656746,0.08037684989319058,0.17785110917690305
2021-09-16,风险平价策略,1.0,0.3,0.15,0.15,0.06852448776854796,0.352560703743027,0.04013746464318366,0.03993979756074373,0.030515307034123182,0.0295304148170528,0.06047235876360765,0.07831946566971405,0.17657905927879877
2021-09-17,风险平价策略,1.0,0.3,0.15,0.15,0.07182536837559346,0.42445212608688354,0.047141152300537316,0.048315728430247604,0.0,0.03546881263235011,0.07279681217438783,0.0,0.1605233780697136
2021-09-22,风险平价策略,1.0,0.3,0.15,0.15,0.06418831982951909,0.37895609114337026,0.04148599395205297,0.0432107417203737,0.0,0.03170152050958157,0.06312842745618874,0.07732890538891374,0.1692169754569581
2021-09-23,风险平价策略,1.0,0.3,0.15,0.15,0.0685987198541767,0.40583362119999483,0.04426119319268128,0.046190804390126065,0.03370017543174006,0.033909051568423484,0.06750643436285753,0.0,0.16057264278988856
2021-09-24,风险平价策略,1.0,0.3,0.15,0.15,0.05451203622353792,0.40535189943149413,0.049955705974255825,0.04614208830775844,0.03716827445835029,0.03743482734580895,0.06943516825879435,0.0,0.14934580407666923
2021-09-27,风险平价策略,1.0,0.3,0.15,0.15,0.05780442172196318,0.44971176292548243,0.05727134577770827,0.05024903140393023,0.04231102605208958,0.04265241211882626,0.0,0.0,0.14909212245104203
2021-09-28,风险平价策略,1.0,0.3,0.15,0.15,0.05876027068607138,0.44625045209586556,0.058118852944099915,0.05055041734478895,0.043033622892024795,0.04328638403714949,0.0,0.0,0.1504709740182223
2021-09-29,风险平价策略,1.0,0.3,0.15,0.15,0.058623638615638934,0.5361823121121825,0.0,0.0616225135467457,0.0,0.04357153572543281,0.0,0.0,0.1378306900180613
2021-09-30,风险平价策略,1.0,0.3,0.15,0.15,0.0598131287886653,0.5350619852656747,0.0,0.060770551400768716,0.0,0.04435433454489119,0.0,0.0,0.13910635369879534
2021-10-08,风险平价策略,1.0,0.3,0.15,0.15,0.054544370462194985,0.43850211251420335,0.06179072847774901,0.058471477810385857,0.04408719852414667,0.04260411221131996,0.0,0.0,0.14787701593787897
2021-10-11,风险平价策略,1.0,0.3,0.15,0.15,0.058221916314746665,0.42151898436510005,0.06573350507230137,0.06221207170483819,0.04696690926690049,0.04534661327611326,0.0,0.0,0.15372647403194584
2021-10-12,风险平价策略,1.0,0.3,0.15,0.15,0.05748634605087518,0.42500558932825855,0.06440289674357773,0.06287408596343716,0.044195434067001015,0.046035647846850304,0.0,0.0,0.1527204341195863
2021-10-13,风险平价策略,1.0,0.3,0.15,0.15,0.054183125626637144,0.4289999258393862,0.06510542548123435,0.06335490273392788,0.043383015806653234,0.04497360451216112,0.0,0.0,0.14922844241807037
2021-10-14,风险平价策略,1.0,0.3,0.15,0.15,0.05393273527481397,0.4291724943278365,0.06513640264724434,0.06339889053694109,0.04335905590097609,0.04500042131218793,0.0,0.0,0.14899886886554564
2021-10-15,风险平价策略,1.0,0.3,0.15,0.15,0.13940197772188392,0.0,0.16835389513431576,0.16385717548265116,0.11207443434017357,0.11631251732097556,0.0,0.0,0.2908284084011403
2021-10-18,风险平价策略,1.0,0.3,0.15,0.15,0.13988571854765666,0.0,0.1682910100381423,0.1634662969294363,0.11216716350060982,0.11618981098415493,0.0,0.0,0.2912160449725025
2021-10-19,风险平价策略,1.0,0.3,0.15,0.15,0.1446715122188773,0.0,0.17001198963919475,0.15863679526802332,0.11478923669747365,0.11189046617643092,0.0,0.0,0.2945744372190606
2021-10-20,风险平价策略,1.0,0.3,0.15,0.15,0.15784591857646244,0.0,0.1594630753975127,0.12081569790614861,0.1279983510325365,0.13387695708733974,0.0,0.0,0.3092908682485282
2021-10-21,风险平价策略,1.0,0.3,0.15,0.15,0.05872403547164168,0.44010274900813284,0.0589825459015081,0.04496570941770834,0.04739520440959087,0.049829755791418094,0.0,0.0,0.15236103165080386
2021-10-22,风险平价策略,1.0,0.3,0.15,0.15,0.16599936338322618,0.0,0.16579866540364596,0.10474167266425347,0.13332403475176402,0.13013626379711024,0.0,0.0,0.31559450779696524
2021-10-25,风险平价策略,1.0,0.3,0.15,0.15,0.16610563398993802,0.0,0.16545132608997237,0.10480918225794648,0.13341980689373945,0.13021405076840362,0.0,0.0,0.3156971787434299
2021-10-26,风险平价策略,1.0,0.3,0.15,0.15,0.16534288514637158,0.0,0.1665395523403534,0.10299863122740238,0.1345239453701968,0.13059498591567587,0.0,0.0,0.31512846072316225
2021-10-27,风险平价策略,1.0,0.3,0.15,0.15,0.16791807943407208,0.0,0.16713320923468736,0.09366318000624411,0.12283047896754211,0.14845505235745432,0.0,0.0,0.3200322998914887
2021-10-28,风险平价策略,1.0,0.3,0.15,0.15,0.0555032020168883,0.4974280164365552,0.061980046590797554,0.033873127262316484,0.0,0.05121560769344239,0.0,0.0,0.14166440470620198
2021-10-29,风险平价策略,1.0,0.3,0.15,0.15,0.2739088832468282,0.0,0.0,0.16911299856543546,0.0,0.25697811818773625,0.0,0.0,0.4251999608373735
2021-11-01,风险平价策略,1.0,0.3,0.15,0.15,0.27741858765129973,0.0,0.0,0.17055978253065668,0.0,0.25202162981804355,0.0,0.0,0.42735507439797876
2021-11-02,风险平价策略,0.0,0.0,0.0,0.0,0.3838269429282713,0.0,0.0,0.24887997090133218,0.0,0.3672930861703965,0.0,0.0,0.5411815258470113
2021-11-03,风险平价策略,0.0,0.0,0.0,0.0,0.27283703557565714,0.0,0.30565310472704055,0.1765922356874383,0.0,0.24491762400986405,0.0,0.0,0.42836992972513027
2021-11-04,风险平价策略,0.0,0.0,0.0,0.0,0.28880930421957773,0.0,0.3013043227530037,0.17448828820039466,0.0,0.23539808482702387,0.0,0.0,0.4402635091167691
2021-11-05,风险平价策略,0.0,0.0,0.0,0.0,0.07437692702915479,0.7761824922715335,0.08298561155606234,0.0,0.0,0.06645496914324941,0.0,0.0,0.1283247773107529
2021-11-08,风险平价策略,0.0,0.0,0.0,0.0,0.3323016410255119,0.0,0.37076153243367543,0.0,0.0,0.29693682654081266,0.0,0.0,0.48664327070796004
2021-11-09,风险平价策略,0.0,0.0,0.0,0.0,0.06364096529416051,0.6641576306188878,0.07116204488927369,0.0,0.0,0.056186812840042184,0.0,0.1448525463576359,0.15016932633086805
2021-11-10,风险平价策略,0.0,0.0,0.0,0.0,0.06387379634884659,0.6623553906388544,0.07133614182390598,0.0,0.0,0.05655041977464615,0.0,0.14588425141374678,0.1507901885303788
2021-11-11,风险平价策略,0.0,0.0,0.0,0.0,0.06834259768700017,0.6440796522128542,0.07668664099015268,0.0,0.0,0.053465087272444346,0.0,0.15742602183754859,0.15790256559244176
2021-11-12,风险平价策略,0.0,0.0,0.0,0.0,0.06818458439006947,0.6432567051652343,0.07710059659091716,0.0,0.0,0.05322237691409177,0.0,0.15823573693968737,0.1579392644293689
2021-11-15,风险平价策略,0.0,0.0,0.0,0.0,0.06806800547874056,0.6459185668582791,0.07749979853299112,0.0,0.0,0.0523938743608472,0.0,0.15611975476914183,0.15709550854630694
2021-11-16,风险平价策略,0.0,0.0,0.0,0.0,0.06772144479613172,0.6453313849303313,0.07694871787235433,0.0,0.0,0.05279221850027836,0.0,0.1572062339009043,0.15707777969130898
2021-11-17,风险平价策略,0.0,0.0,0.0,0.0,0.06853039601561237,0.645898060816933,0.07746500686314707,0.0,0.0,0.052487966153665896,0.0,0.1556185701506417,0.157441597445492
2021-11-18,风险平价策略,0.0,0.0,0.0,0.0,0.06912254347046508,0.6540538299919122,0.0717960302550274,0.0,0.0,0.04648777007949019,0.0,0.15853982620310514,0.1562284918233736
2021-11-19,风险平价策略,0.0,0.0,0.0,0.0,0.20028717812374708,0.0,0.2078380536733223,0.0,0.0,0.13486765547471544,0.0,0.45700711272821515,0.4046609080272878
2021-11-22,风险平价策略,0.0,0.0,0.0,0.0,0.21429393885910153,0.0,0.218158352660939,0.0,0.0,0.12778984957416928,0.0,0.43975785890579017,0.4132242276422072
2021-11-23,风险平价策略,0.0,0.0,0.0,0.0,0.08731063814124075,0.7712474375818635,0.08913869162113111,0.0,0.0,0.052303232655764406,0.0,0.0,0.13759104919001292
2021-11-24,风险平价策略,0.0,0.0,0.0,0.0,0.0827696683054648,0.7316328176438128,0.0845152319032196,0.0,0.05148806175727574,0.04959422039022696,0.0,0.0,0.13920604687468477
2021-11-25,风险平价策略,0.0,0.0,0.0,0.0,0.08302746510546037,0.7304061754704566,0.08516889783936203,0.0,0.0519142431604562,0.04948321842426476,0.0,0.0,0.139574694379562
2021-11-26,风险平价策略,0.0,0.0,0.0,0.0,0.08272165609025872,0.7863261957396895,0.0817193520486187,0.0,0.0,0.04923279612143301,0.0,0.0,0.1312094020703885
2021-11-29,风险平价策略,0.0,0.0,0.0,0.0,0.08216655506616496,0.7891032161195601,0.08394023894617506,0.0,0.0,0.04478998986809986,0.0,0.0,0.12965737045833392
2021-11-30,风险平价策略,0.0,0.0,0.0,0.0,0.08551625124303514,0.7938992098875061,0.0817090704363317,0.0,0.0,0.038875468433127267,0.0,0.0,0.13087733265863657
2021-12-01,风险平价策略,0.0,0.0,0.0,0.0,0.08667052914650339,0.7911081256413333,0.08280159039064947,0.0,0.0,0.03941975482151393,0.0,0.0,0.1323108082929251
2021-12-02,风险平价策略,0.0,0.0,0.0,0.0,0.0,0.9516582212785595,0.0,0.0,0.0,0.048341778721440534,0.0,0.0,0.03926082472282496
2021-12-03,风险平价策略,0.0,0.0,0.0,0.0,0.431122576520981,0.0,0.3829160854586998,0.0,0.0,0.18596133802031928,0.0,0.0,0.5518967783608751
2021-12-06,风险平价策略,0.0,0.0,0.0,0.0,0.0,0.8635610403830496,0.09150142224202802,0.0,0.0,0.044937537374922426,0.0,0.0,0.0506092655282759
2021-12-07,风险平价策略,0.0,0.0,0.0,0.0,0.4313446009577119,0.0,0.3810430485970338,0.0,0.0,0.18761235044525432,0.0,0.0,0.5523474408757186
2021-12-08,风险平价策略,0.0,0.0,0.0,0.0,0.0,0.0,0.6700530535347167,0.0,0.0,0.32994694646528333,0.0,0.0,0.21279151143444533
2021-12-09,风险平价策略,0.0,0.0,0.0,0.0,0.0,0.8481708640362492,0.10173750293973911,0.0,0.0,0.050091633024011845,0.0,0.0,0.05351159463894828
2021-12-10,风险平价策略,0.0,0.0,0.0,0.0,0.0,0.849660795551403,0.10144854081322724,0.0,0.0,0.04889066363536976,0.0,0.0,0.053118298782219756
2021-12-13,风险平价策略,0.0,0.0,0.0,0.0,0.0,0.8483011608815598,0.10236480805780301,0.0,0.0,0.049334031060637176,0.0,0.0,0.053372788250691375
2021-12-14,风险平价策略,0.0,0.0,0.0,0.0,0.0,0.8548622310194535,0.09833765421622014,0.0,0.0,0.046800114764326384,0.0,0.0,0.052081617174666
2021-12-15,风险平价策略,-1.0,0.0,0.0,0.0,0.0,0.950098948313415,0.0,0.0,0.0,0.04990105168658507,0.0,0.0,0.0397208102475426
2021-12-16,风险平价策略,-1.0,0.0,0.0,0.0,0.0,0.8595495684516978,0.09455454430776296,0.0,0.0,0.04589588724053931,0.0,0.0,0.0513041502175071
2021-12-17,风险平价策略,-1.0,0.0,0.0,0.0,0.0,0.8595539673553655,0.09455799756653158,0.0,0.0,0.045888035078103004,0.0,0.0,0.05130230001952215
2021-12-20,风险平价策略,-1.0,0.0,0.0,0.0,0.0,0.9040039582744379,0.09599604172556213,0.0,0.0,0.0,0.0,0.0,0.03795946563295089
2021-12-21,风险平价策略,-1.0,0.0,0.0,0.0,0.0,0.7537169662826146,0.07996881670696836,0.0,0.0,0.0,0.0,0.166314217010417,0.07820591559309706
2021-12-22,风险平价策略,-1.0,0.0,0.0,0.0,0.0,0.8655744241722985,0.0918394731908955,0.0,0.0,0.04258610263680605,0.0,0.0,0.049961229158628676
2021-12-23,风险平价策略,-1.0,0.0,0.0,0.0,0.0,0.7271270871085884,0.0771587977179923,0.0,0.0,0.035779412686259594,0.0,0.15993470248715969,0.08675471356860126
2021-12-24,风险平价策略,-1.0,0.0,0.0,0.0,0.0,0.7231497873820417,0.07734267781296349,0.0,0.0,0.03646594534262028,0.0,0.16304158946237443,0.08777432069372854
2021-12-27,风险平价策略,-1.0,0.0,0.0,0.0,0.08653589245046006,0.6861392850443137,0.07294361726818009,0.0,0.0,0.0,0.0,0.15438120523704624,0.15858709080584965
2021-12-28,风险平价策略,-1.0,0.0,0.0,0.0,0.0,0.7511291353277877,0.0798757025927084,0.0,0.0,0.0,0.0,0.16899516207950382,0.07887698618028911
2021-12-29,风险平价策略,-1.0,0.0,0.0,0.0,0.0,0.7281593589035811,0.076541292023982,0.0,0.0,0.03594163850242513,0.0,0.15935771057001172,0.08657207397680597
2021-12-30,风险平价策略,-1.0,0.0,0.0,0.0,0.0,0.7297432686898475,0.07641838933137972,0.0,0.0,0.03601222901095305,0.0,0.1578261129678198,0.08618574892476147
2021-12-31,风险平价策略,-1.0,0.0,0.0,0.0,0.0,0.6836805413979282,0.07366782483182101,0.0,0.0,0.0,0.09029180708292749,0.15235982668732329,0.08327755190127067
2022-01-04,风险平价策略,-1.0,0.0,0.0,0.0,0.08082491776229858,0.6350523674526238,0.06621901847584778,0.0,0.0,0.0,0.08382843262346215,0.13407526368576755,0.15573503997781482
2022-01-05,风险平价策略,-1.0,0.0,0.0,0.0,0.08168106204669083,0.6309628936799078,0.06691529948758719,0.0,0.0,0.0,0.08481048637629318,0.135630258409521,0.15716341789028648
2022-01-06,风险平价策略,-1.0,0.0,0.0,0.0,0.09091276219387293,0.6254045764862146,0.06940756719004997,0.0,0.0,0.0,0.07741982310558933,0.13685527102427314,0.16603714024695937
2022-01-07,风险平价策略,-1.0,0.0,0.0,0.0,0.10960789004367759,0.7544474656866295,0.0,0.0,0.0,0.042553335372727395,0.09339130889696562,0.0,0.15422701416172163
2022-01-10,风险平价策略,-1.0,0.0,0.0,0.0,0.11456134252735353,0.7878791228437323,0.0,0.0,0.0,0.0,0.09755953462891417,0.0,0.1469410601002057
2022-01-11,风险平价策略,-1.0,0.0,0.0,0.0,0.09789262605622748,0.6732121053560258,0.0,0.0,0.0,0.0,0.08333840115450143,0.14555686743324536,0.16631284372152202
2022-01-12,风险平价策略,-1.0,0.0,0.0,0.0,0.09384573763235159,0.6480502192796311,0.0,0.0,0.0,0.036330406425398025,0.0807460357802438,0.14102760088237548,0.17165743606896655
2022-01-13,风险平价策略,-1.0,0.0,0.0,0.0,0.09391570050933261,0.6479830260781171,0.0,0.0,0.0,0.036346021264887195,0.08067515094543587,0.14108010120222728,0.17173620092557973
2022-01-14,风险平价策略,-1.0,0.0,0.0,0.0,0.07725079534993148,0.6682118015641395,0.0,0.0,0.0,0.03745872310894092,0.07384000741622164,0.14323867256076636,0.15564891106501946
2022-01-17,风险平价策略,-1.0,0.0,0.0,0.0,0.07777390167663029,0.6725089326869451,0.0,0.0,0.0,0.03793283209977692,0.07267805945389287,0.13910627408275483,0.15512303573790998
2022-01-18,风险平价策略,-1.0,0.0,0.0,0.0,0.0778375366057134,0.6731901977196281,0.0,0.0,0.0,0.03796201590197733,0.07237070135056868,0.13863954842211249,0.15504240137110228
2022-01-19,风险平价策略,-1.0,0.0,0.0,0.0,0.08543919754215279,0.7389172749578522,0.0,0.054534662435965726,0.0,0.041670535144994775,0.07943832991903448,0.0,0.1362992295417264
2022-01-20,风险平价策略,-1.0,0.0,0.0,0.0,0.06628894074929297,0.5776120939074292,0.06005518120731122,0.04276539929227201,0.03820327377281487,0.03280984706557452,0.06259436230813081,0.11967090169717456,0.15581936315454029
2022-01-21,风险平价策略,-1.0,0.0,0.0,0.0,0.06410745394253077,0.5805997727920862,0.060789000915511926,0.042883373780660504,0.036421913350232746,0.03201536936116773,0.06317217511551482,0.12001094074229547,0.15346211785169342
2022-01-24,风险平价策略,-1.0,0.0,0.0,0.0,0.06485789258885209,0.5853635070275918,0.05855668447107778,0.04104842629166268,0.03681398196053779,0.0323550020157551,0.06236275447538973,0.11864175116913314,0.15336762397407136
2022-01-25,风险平价策略,-1.0,0.0,0.0,0.0,0.055588538746073626,0.5947118255547701,0.055032261416940065,0.04256343790590895,0.036121951360107506,0.031176147501850198,0.06361190608768752,0.12119393142666206,0.14439259379927383
2022-01-26,风险平价策略,-1.0,0.0,0.0,0.0,0.05786553674204779,0.5770356920042211,0.05729145538950029,0.04431461407152283,0.03762823884668904,0.03247972318472092,0.06657738621874304,0.12680735354255498,0.14949983137931686
2022-01-27,风险平价策略,-1.0,0.0,0.0,0.0,0.061136244942574317,0.6162453619531029,0.0,0.0512871893471988,0.043541429612652054,0.03758290931151785,0.07763194040219225,0.11257492443076193,0.1457900343936886
2022-01-28,风险平价策略,-1.0,0.0,0.0,0.0,0.05682569319961667,0.5835397870822695,0.05696327825261726,0.04858707063927964,0.0410968017476152,0.034761548129881976,0.07355349198192698,0.10467232896679281,0.14528260146638622
2022-02-07,风险平价策略,-1.0,0.0,0.0,0.0,0.06549207517723744,0.6403800538339735,0.06567610668154916,0.05597923624396046,0.04736727480547609,0.040065080216047766,0.08504017304175572,0.0,0.13289491627266278
2022-02-08,风险平价策略,-1.0,0.0,0.0,0.0,0.06553144068368286,0.640514256433762,0.0657159226311016,0.056006769339392866,0.047433280954680905,0.03973097847236204,0.08506735148501779,0.0,0.13285625437630993
2022-02-09,风险平价策略,-1.0,0.0,0.0,0.0,0.06716148819292933,0.6373898049542585,0.06688426653216915,0.05733726807599001,0.045711719595962416,0.03843767196386044,0.08707778068483024,0.0,0.13436283770286814
2022-02-10,风险平价策略,-1.0,0.0,0.0,0.0,0.06721176103762962,0.6371219595468656,0.06693695968859519,0.05738166527226808,0.04573756473594976,0.038465710049655495,0.08714437966903617,0.0,0.1344439725980153
2022-02-11,风险平价策略,-1.0,0.0,0.0,0.0,0.0933622261941119,0.5782571401252513,0.07149880344334938,0.060820032820766305,0.05296697776006397,0.05077151615089996,0.09232330350555706,0.0,0.16624296934272298
2022-02-14,风险平价策略,-1.0,0.0,0.0,0.0,0.08845825754653065,0.5761105585063708,0.0731737529807999,0.06266198462520584,0.054497978156089893,0.05222117697957231,0.09287629120543082,0.0,0.16264409030285526
2022-02-15,风险平价策略,-1.0,0.0,0.0,0.0,0.07504387971682121,0.5003831723729676,0.06288533705848226,0.05437158400305659,0.04689252162077868,0.04541288204801852,0.07811914440056127,0.13689147877931393,0.1773035201571708
2022-02-16,风险平价策略,-1.0,0.0,0.0,0.0,0.08802697026532216,0.5886872543578131,0.07490148544263318,0.06267423876167869,0.04609103727241169,0.048094786451608425,0.09152422744853281,0.0,0.15988022506609134
2022-02-17,风险平价策略,-1.0,0.0,0.0,0.0,0.08731146024546027,0.5903037450460557,0.07434497160470363,0.06276699066043653,0.04501837987884307,0.04839370439644673,0.09186074816805413,0.0,0.1590879750821474
2022-02-18,风险平价策略,-1.0,0.0,0.0,0.0,0.07759143854088707,0.5166370007066431,0.06611103201621366,0.05580719411380282,0.04001195350530125,0.04299984955837798,0.0817217170782745,0.11911981448049966,0.17455363496865353
2022-02-21,风险平价策略,-1.0,0.0,0.0,0.0,0.08339113104832745,0.48415043053755463,0.06949789560483241,0.0578264383351233,0.04292122553956889,0.046248980897621424,0.08884791095773494,0.12711598707923696,0.1851057722778167
2022-02-22,风险平价策略,-1.0,0.0,0.0,0.0,0.0824130189772447,0.4848895155133678,0.06895573668255336,0.057967657874881603,0.04300940692222773,0.04634393195101329,0.08907436281367904,0.12734636926503246,0.18422130795535882
2022-02-23,风险平价策略,-1.0,0.0,0.0,0.0,0.08126867042380906,0.49056834653566644,0.07009980753348842,0.05761366703511241,0.04248934008537361,0.04569552950109691,0.09024823676055278,0.12201640212490036,0.18170965564688535
2022-02-24,风险平价策略,-1.0,0.0,0.0,0.0,0.08216834720930385,0.5299858413716074,0.0,0.06243460078991529,0.04600095009875289,0.04949227305439571,0.09792831085576122,0.13198967662026356,0.17875300812909786
2022-02-25,风险平价策略,-1.0,0.0,0.0,0.0,0.0853017867231036,0.573284362267855,0.0,0.058045866975405785,0.045520141876547356,0.04890288779551565,0.071211087080112,0.11773386728146074,0.17453150686866653
2022-02-28,风险平价策略,-1.0,0.0,0.0,0.0,0.07961011956991723,0.5351095577053812,0.07310684103086537,0.05426881952569226,0.041418517945217115,0.0457772305286659,0.06382082605056578,0.10688808764369527,0.1732831979482692
2022-03-01,风险平价策略,-1.0,0.0,0.0,0.0,0.08120454153939487,0.5257659963628397,0.07478093430137649,0.054891875507667956,0.042270129794675704,0.046694603220649965,0.06521329054582453,0.10917862872757093,0.1762722799282929
2022-03-02,风险平价策略,-1.0,0.0,0.0,0.0,0.08137051160001131,0.5248319567321346,0.07495154432570732,0.055019397754662344,0.042357928541808684,0.04678846544553591,0.06525825339910087,0.10942194220103911,0.17658153480402686
2022-03-03,风险平价策略,-1.0,0.0,0.0,0.0,0.17160254152872711,0.0,0.15878151916113928,0.11649456994245667,0.08949445519252636,0.09874861906765846,0.13724665939351632,0.2276316357139758,0.344039254990753
2022-03-04,风险平价策略,-1.0,0.0,0.0,0.0,0.08149483211136796,0.5165447252640512,0.07951579915962943,0.05603623387800938,0.03918249891931461,0.04287616052724509,0.06911874716873023,0.11523100297165223,0.17772828967799092
2022-03-07,风险平价策略,-1.0,0.0,0.0,0.0,0.08127072731724624,0.5166268540359916,0.07955680677742756,0.05605534067116789,0.03919315435985233,0.04288693807402706,0.06914166582507769,0.11526851293920963,0.17753459886502365
2022-03-08,风险平价策略,-1.0,0.0,0.0,0.0,0.0649015321646174,0.5389326313168418,0.07439532593240994,0.04573851177669266,0.03536106473921677,0.046116561712485286,0.07347525343757232,0.12107911892016396,0.16181887897918731
2022-03-09,风险平价策略,-1.0,0.0,0.0,0.0,0.06605427563664076,0.5208229698599091,0.07152091796511985,0.0386089622480455,0.03908765470403804,0.05029951349643854,0.08106592860953542,0.13253977748027293,0.16708608474950778
2022-03-10,风险平价策略,-1.0,0.0,0.0,0.0,0.08252869926556328,0.5789477552332819,0.07688391887411487,0.046278665013849106,0.029360991795850257,0.024910253726823765,0.07473641458872288,0.08635330150179393,0.163565714683384
2022-03-11,风险平价策略,-1.0,0.0,0.0,0.0,0.08253452797946567,0.5789605518011296,0.07690129944042358,0.04627671680801467,0.029385931570117513,0.024760829409739133,0.07476834790100949,0.08641179509010041,0.1635512860046399
2022-03-14,风险平价策略,-1.0,0.0,0.0,0.0,0.07795882463072056,0.5849823423089504,0.07647649731847214,0.04611925226856217,0.028541404069671237,0.025139944502303953,0.07578682653578551,0.08499490836553399,0.15874638584695283
2022-03-15,风险平价策略,-1.0,0.0,0.0,0.0,0.0,0.5759982436721897,0.11131366349695127,0.06497572959250487,0.03720750822414712,0.027089048815356738,0.08609660896811047,0.09731919723074006,0.09604196539559848
2022-03-16,风险平价策略,-1.0,0.0,0.0,0.0,0.0,0.5763749403508588,0.11137637174514851,0.06500602516082245,0.037241887852458605,0.027117080758229533,0.08616330224321571,0.09672039188926647,0.0959220828118909
2022-03-17,风险平价策略,-1.0,0.0,0.0,0.0,0.058082139343396524,0.5432650756557185,0.1049860057653868,0.061253599981539106,0.03493719243650691,0.02537629902505772,0.08085205419979463,0.09124763359259992,0.14838194600842355
2022-03-18,风险平价策略,-1.0,0.0,0.0,0.0,0.05808222062588055,0.5432628474457601,0.1049869440722812,0.0612539346452802,0.034937283543384164,0.025376079516223338,0.08085216881020436,0.09124852134098607,0.1483823839752038
2022-03-21,风险平价策略,-1.0,0.0,0.0,0.0,0.05828366871039537,0.540203010131011,0.10587724859537578,0.061769711573915136,0.035142325483219265,0.025596912099358625,0.08154769787189244,0.09157942553483239,0.14902090466779833
2022-03-22,风险平价策略,-1.0,0.0,0.0,0.0,0.05968572972448365,0.5300795376542969,0.1084235250156831,0.0625991408077902,0.03591231159812818,0.02616714168298187,0.0834467872820633,0.09368582623457264,0.15186003670018136
2022-03-23,风险平价策略,-1.0,0.0,0.0,0.0,0.059732415841119046,0.5304992069113411,0.10850878633422097,0.06262004639333991,0.03596916624890251,0.026025472780915816,0.08355378006244275,0.09309112542771794,0.15174592533039738
2022-03-24,风险平价策略,-1.0,0.0,0.0,0.0,0.059693827598529176,0.5306216888993599,0.10853097813903592,0.0626354412248828,0.035977329445393315,0.02603274887915836,0.08339043735994475,0.09311754845369573,0.15170629299011534
2022-03-25,风险平价策略,-1.0,0.0,0.0,0.0,0.059765971012464336,0.5312094030597259,0.10862066843012425,0.0624790980089468,0.0360192725822291,0.026058668884327996,0.08260585304789858,0.09324106497428314,0.15173047819019886
2022-03-28,风险平价策略,-1.0,0.0,0.0,0.0,0.06143171143124845,0.5435940363228793,0.10483945238612626,0.06341477405731333,0.03403174769533252,0.02586293571013868,0.07628561664423314,0.09053972575272842,0.15127202848023594
2022-03-29,风险平价策略,-1.0,0.0,0.0,0.0,0.06115947845045922,0.5479511826547172,0.10577586396706513,0.06326879301817238,0.03418071072029434,0.025027782556637103,0.07292393322721662,0.08971225540543794,0.15032455720809984
2022-03-30,风险平价策略,-1.0,0.0,0.0,0.0,0.06129550709616831,0.5491321950650534,0.10602458225504906,0.06330016588367018,0.03427900315151417,0.02510659659829061,0.07120513923675459,0.08965681071349972,0.15033788822275815
2022-03-31,风险平价策略,-1.0,0.0,0.0,0.0,0.06389854397161514,0.5401525464006812,0.103685120910188,0.0643535680752696,0.035594317280440144,0.02532618457603125,0.07407752409090632,0.09291219469486833,0.15408945351769116
2022-04-01,风险平价策略,-1.0,0.0,0.0,0.0,0.06546307874892586,0.5515282356572291,0.10449008524592991,0.06449910468044001,0.03504052800739933,0.024346806983980066,0.05801347370550707,0.09661868697058874,0.15463240695818806
2022-04-06,风险平价策略,-1.0,0.0,0.0,0.0,0.06550564718781238,0.5518558982230294,0.10455978823855776,0.06435468249700507,0.035065591836015576,0.024362861909659618,0.05804617822984907,0.09624935187807117,0.1545814480800322
2022-04-07,风险平价策略,-1.0,0.0,0.0,0.0,0.060870540951269626,0.5659289815945152,0.10423828257090315,0.05625174404828301,0.03448576846662536,0.021588687451111862,0.05763811389750089,0.09899788101979085,0.14868049186610097
2022-04-08,风险平价策略,-1.0,0.0,0.0,0.0,0.061041582050261944,0.56481036023418,0.1045279959925089,0.056408962875644404,0.034510643666684694,0.02162343807893092,0.05779536194569108,0.09928165515609798,0.14901032458026253
2022-04-11,风险平价策略,-1.0,0.0,0.0,0.0,0.062346250766950044,0.5590891249314739,0.10516300826982114,0.05183001277471727,0.034438469044977923,0.02265635816181503,0.06047699080140884,0.10399978524883592,0.1515288852806473
2022-04-12,风险平价策略,-1.0,0.0,0.0,0.0,0.06207231650307094,0.5571379667874158,0.1058707218713814,0.052189637671400536,0.03465840182991666,0.022805265699662236,0.06057539764131859,0.10469029199583378,0.15166811998678406
2022-04-13,风险平价策略,-1.0,0.0,0.0,0.0,0.06200971964792426,0.5572624707083421,0.10590852023695065,0.052200328708652696,0.0346226737958369,0.022813464890661897,0.06046290414281147,0.10471991786882012,0.15160661509906856
2022-04-14,风险平价策略,-1.0,0.0,0.0,0.0,0.062008563529883126,0.5572565116399367,0.10590807271334088,0.052201666812153116,0.03462424457885382,0.02281382964618207,0.06046362866689386,0.1047234824127564,0.151606928512412
2022-04-15,风险平价策略,-1.0,0.0,0.0,0.0,0.06192321808389361,0.5569917337563861,0.10601586128208827,0.05226305263290181,0.034657931805737084,0.022837768415372755,0.060485353198751465,0.104825080824869,0.15158669050089726
2022-04-18,风险平价策略,-1.0,0.0,0.0,0.0,0.13433575331677924,0.0,0.2385132865570799,0.1196059477046605,0.07888260055734898,0.0519994480859652,0.13751656704222232,0.23914639673594396,0.30652284108246913
2022-04-19,风险平价策略,-1.0,0.0,0.0,0.0,0.1347349661522271,0.0,0.23925411511836123,0.11990799279136236,0.07916125689570251,0.052132698744473405,0.13794558349228983,0.2368633868055836,0.3065954548478449
2022-04-20,风险平价策略,-1.0,0.0,0.0,0.0,0.12991761466375043,0.0,0.23807666047533305,0.12398283474595452,0.08256717456105,0.05254439943124973,0.14527045267386315,0.22764086344879914,0.3013223620058008
2022-04-21,风险平价策略,-1.0,0.0,0.0,0.0,0.1277092774590271,0.0,0.23876937127137385,0.12423102800286814,0.08277651522726213,0.05268814007557653,0.1455864687786119,0.2282391991852804,0.29955477046882295
2022-04-22,风险平价策略,-1.0,0.0,0.0,0.0,0.12826448892756984,0.0,0.23983201180371297,0.12472487987025753,0.08213532909024766,0.052425025448744764,0.14317931536637943,0.22943894949308788,0.3001888225400395
2022-04-25,风险平价策略,-1.0,0.0,0.0,0.0,0.0,0.0,0.2971301032521718,0.0,0.10932511006348204,0.07034578879126356,0.1779930310293322,0.34520596686375044,0.2084335024000071
2022-04-26,风险平价策略,-1.0,0.0,0.0,0.0,0.0,0.0,0.2983121129945289,0.0,0.11002516241439593,0.07079762123811698,0.17902366509246032,0.3418414382604978,0.2080781336607286
2022-04-27,风险平价策略,-1.0,0.0,0.0,0.0,0.0,0.0,0.29843378486524813,0.0,0.110056470515086,0.07081998538467921,0.17906753237821038,0.3416222268567763,0.20805440361816638
2022-04-28,风险平价策略,-1.0,0.0,0.0,0.0,0.11810433083369662,0.0,0.2322642811020537,0.10408788453480072,0.0856549380500851,0.05469750445461643,0.13934972672775697,0.2658413342969905,0.2965362563073508
2022-04-29,风险平价策略,-1.0,0.0,0.0,0.0,0.1318254849332521,0.0,0.25925612225037575,0.0,0.09560266264593445,0.061050276978380336,0.1555403745969733,0.296725078595084,0.31239827648043283
2022-05-05,风险平价策略,-1.0,0.0,0.0,0.0,0.13432026682351644,0.0,0.2525219829770815,0.0,0.09740570230762728,0.062144454145240446,0.15621583985716225,0.2973917538893721,0.31474672908907836
2022-05-06,风险平价策略,-1.0,0.0,0.0,0.0,0.12831498448506465,0.0,0.24815726601492805,0.0,0.10205304299745575,0.06505229824589605,0.1521777691977354,0.30424463905892013,0.3111575087279106
2022-05-09,风险平价策略,-1.0,0.0,0.0,0.0,0.13054293757436958,0.0,0.24412365227506433,0.0,0.10236073889820291,0.06617239220734754,0.14778788246513758,0.3090123965798781,0.31391510882025936
2022-05-10,风险平价策略,-1.0,0.0,0.0,0.0,0.0,0.0,0.2887221660455361,0.0,0.11345949615310039,0.07197745123090366,0.1752972364526056,0.3505436501178544,0.20945730807903998
2022-05-11,风险平价策略,-1.0,0.0,0.0,0.0,0.0,0.0,0.28948411454680334,0.0,0.11436485415600724,0.07256178248168622,0.17656248766927762,0.34702676114622555,0.20909987044609862
2022-05-12,风险平价策略,-1.0,0.0,0.0,0.0,0.0,0.0,0.0,0.0,0.16100294572323404,0.10209756399335095,0.24863070057785777,0.4882687897055572,0.22907897344349964
2022-05-13,风险平价策略,-1.0,0.0,0.0,0.0,0.0,0.6738243733084386,0.09428613983553757,0.0,0.038108503995314215,0.02417480379620463,0.05874972962534948,0.11085644943915562,0.08482304529464488
2022-05-16,风险平价策略,-1.0,0.0,0.0,0.0,0.04922844426095495,0.6419002681984022,0.08980940949779369,0.0,0.0363208170097814,0.023041150168299624,0.05595760763302946,0.10374230323173866,0.12951549732826137
2022-05-17,风险平价策略,-1.0,0.0,0.0,0.0,0.04880597159743964,0.6422197291973537,0.08996627306915093,0.0,0.036352011922919744,0.023058631139091304,0.05582581395427035,0.10377156911977424,0.12912806767743515
2022-05-18,风险平价策略,-1.0,0.0,0.0,0.0,0.04878392574708211,0.650607462214531,0.08800521981743968,0.0,0.03512629282072795,0.02262989919072233,0.056738788392365035,0.09810841181713198,0.12718938279359504
2022-05-19,风险平价策略,-1.0,0.0,0.0,0.0,0.0488024921501268,0.6507016490138373,0.0880362590678649,0.0,0.03514871552187712,0.022559474157223074,0.05660226976312645,0.09814914032594427,0.12719020255583244
2022-05-20,风险平价策略,-1.0,0.0,0.0,0.0,0.0,0.6823930409617148,0.09306254772193191,0.0,0.03714336649451494,0.023840909771096944,0.059815263494593894,0.10374487155614752,0.08271784538038905
2022-05-23,风险平价策略,-1.0,0.0,0.0,0.0,0.0,0.6824226658041548,0.09308508985655649,0.0,0.03711835604788176,0.023844824666400935,0.05982099824897028,0.10370806537603584,0.08270963352119728
2022-05-24,风险平价策略,-1.0,0.0,0.0,0.0,0.0,0.6884560078880573,0.09224047749064246,0.0,0.036029596566479506,0.022929826249225627,0.054981337964155434,0.10536275384143955,0.08208159742270123
2022-05-25,风险平价策略,-1.0,0.0,0.0,0.0,0.046273703792147125,0.6566036501660647,0.08797038678900176,0.0,0.034362516966456244,0.021867765707603647,0.05243626999704645,0.10048570658168013,0.12455608278575624
2022-05-26,风险平价策略,-1.0,0.0,0.0,0.0,0.046308823524064756,0.6569935404505651,0.08740654215236286,0.0,0.034386805748952205,0.021880445313342708,0.052472166858522684,0.1005516759521897,0.12454205921551956
2022-05-27,风险平价策略,-1.0,0.0,0.0,0.0,0.04630651572548772,0.6570174323499529,0.08740769182708115,0.0,0.03437137273758807,0.021878486675524098,0.05246758252611769,0.10055091815824845,0.12453647414083208
2022-05-30,风险平价策略,-1.0,0.0,0.0,0.0,0.04826634126595979,0.6469123019124787,0.09113343882136957,0.0,0.03583615503918334,0.022818143546370136,0.05433509593228673,0.10069852348235173,0.12767360036294625
2022-05-31,风险平价策略,-1.0,0.0,0.0,0.0,0.049788137216849514,0.6351695841322282,0.09445339788805363,0.0,0.03709637358859877,0.023628248085252854,0.056224124237898396,0.10364013485111866,0.13097571728882654
2022-06-01,风险平价策略,-1.0,0.0,0.0,0.0,0.05325706054728243,0.6391795750741746,0.09330819116004108,0.0,0.03606071838909471,0.02331053041461425,0.05325757712699803,0.10162634728779497,0.13313441463565837
2022-06-02,风险平价策略,-1.0,0.0,0.0,0.0,0.05858599620830053,0.7034128423646683,0.0,0.0,0.040154936689050034,0.02540952044059229,0.05926228499691325,0.11317441930047563,0.13052163749927717
2022-06-06,风险平价策略,-1.0,0.0,0.0,0.0,0.053525420297997,0.6342490671300187,0.09503131029643919,0.0,0.036733984966659035,0.02324680653761797,0.05420686486453716,0.10300654590673101,0.13415913744632205
2022-06-07,风险平价策略,-1.0,0.0,0.0,0.0,0.06683786581774187,0.7912326473514281,0.0,0.0,0.045891750437621365,0.029029977224615124,0.06700775916859365,0.0,0.11242088097971722
2022-06-08,风险平价策略,-1.0,0.0,0.0,0.0,0.06694059674524809,0.7909237372318342,0.0,0.0,0.045958682219831855,0.029071899585734653,0.06710508421735124,0.0,0.11255333496910612
2022-06-09,风险平价策略,-1.0,0.0,0.0,0.0,0.059891585162290054,0.7076284822686838,0.10532997768722309,0.0,0.041116392836791284,0.02601058807262047,0.0600229739723913,0.0,0.11755125523086679
2022-06-10,风险平价策略,-1.0,0.0,0.0,0.0,0.06063413268996458,0.7050739514564378,0.1058062759623703,0.0,0.04149772120724156,0.02624906390110953,0.06073885478287633,0.0,0.11854034980571482
2022-06-13,风险平价策略,-1.0,0.0,0.0,0.0,0.05875776408672445,0.720108881569381,0.09818108861817001,0.0,0.03993687487104434,0.02694795790431423,0.0560674329503659,0.0,0.11517084184587184
2022-06-14,风险平价策略,-1.0,0.0,0.0,0.0,0.058820411756865955,0.7220414762049135,0.09733643958757147,0.0,0.03959697792693303,0.02715510594413916,0.055049588579576814,0.0,0.11502284566104837
2022-06-15,风险平价策略,-1.0,0.0,0.0,0.0,0.06327988130341755,0.7187724979118431,0.09346263583920736,0.0,0.040066330636528764,0.027647826726755666,0.05677082758224758,0.0,0.11924200383195069
2022-06-16,风险平价策略,-1.0,0.0,0.0,0.0,0.06014916707224762,0.7082182250699341,0.0,0.0,0.038576227067231614,0.026815400462575367,0.05608998374190794,0.11015099658610329,0.13112748637900642
2022-06-17,风险平价策略,-1.0,0.0,0.0,0.0,0.05980454628390453,0.7089605124945748,0.0,0.0,0.037931060556295915,0.026573634159428372,0.056345449272107696,0.1103847972336888,0.13071305395266317
2022-06-20,风险平价策略,-1.0,0.0,0.0,0.0,0.07175667256029544,0.7276240386514303,0.0,0.0,0.04556882046611749,0.026277533507893257,0.0,0.12877293481426347,0.14215920547634078
2022-06-21,风险平价策略,-1.0,0.0,0.0,0.0,0.07180438159164715,0.7280395173015967,0.0,0.0,0.04546065797323774,0.026304235378021647,0.0,0.12839120775549684,0.14210057487214353
2022-06-22,风险平价策略,-1.0,0.0,0.0,0.0,0.0799264292024625,0.8694795385170273,0.0,0.0,0.050594032280510216,0.0,0.0,0.0,0.11026440315307492
2022-06-23,风险平价策略,-1.0,0.0,0.0,0.0,0.07098355705781029,0.7222103730789108,0.0,0.0,0.044959793064638376,0.02608399788338473,0.0,0.1357622789152557,0.14304229862472628
2022-06-24,风险平价策略,-1.0,0.0,0.0,0.0,0.0908814169663722,0.8665776144570951,0.0,0.0,0.04254096857653266,0.0,0.0,0.0,0.11977782198581013
2022-06-27,风险平价策略,-1.0,0.0,0.0,0.0,0.6814329867187102,0.0,0.0,0.0,0.31856701328128983,0.0,0.0,0.0,0.7355893789765295
2022-06-28,风险平价策略,-1.0,0.0,0.0,0.0,0.550903965410456,0.0,0.0,0.0,0.2576962467361509,0.191399787853393,0.0,0.0,0.6559602594686875
2022-06-29,风险平价策略,-1.0,0.0,0.0,0.0,0.5596641192656051,0.0,0.0,0.0,0.24527448976263963,0.1950613909717553,0.0,0.0,0.6637804276362156
2022-06-30,风险平价策略,-1.0,0.0,0.0,0.0,0.5601769386403592,0.0,0.0,0.0,0.24547508054698386,0.1943479808126569,0.0,0.0,0.6640990561933967
2022-07-01,风险平价策略,-1.0,0.0,0.0,0.0,0.5799929403199042,0.0,0.0,0.0,0.23404096950035042,0.18596609017974527,0.0,0.0,0.6792890539924823
2022-07-04,风险平价策略,-1.0,0.0,0.0,0.0,0.0,0.0,0.0,0.0,0.2989405797913643,0.2376172207570595,0.4634421994515762,0.0,0.18710489513549589
2022-07-05,风险平价策略,-1.0,0.0,0.0,0.0,0.0,0.0,0.0,0.0,0.2942883086629324,0.23939694211937557,0.4663147492176921,0.0,0.18725695134919867
2022-07-06,风险平价策略,-1.0,0.0,0.0,0.0,0.0,0.0,0.0,0.0,0.5772828576250238,0.42271714237497604,0.0,0.0,0.2334075713562464
2022-07-07,风险平价策略,-1.0,0.0,0.0,0.0,0.0,0.0,0.0,0.0,0.2879734406040792,0.20678118410465818,0.5052453752912627,0.0,0.18080736260404823
2022-07-08,风险平价策略,-1.0,0.0,0.0,0.0,0.0,0.0,0.0,0.0,0.5820414615446119,0.41795853845538816,0.0,0.0,0.2326937807683082
2022-07-11,风险平价策略,-1.0,0.0,0.0,0.0,0.0,0.8721143625078573,0.0,0.0,0.03666881072081499,0.02649222306576863,0.064724603705559,0.0,0.04492826674800362
2022-07-12,风险平价策略,-1.0,0.0,0.0,0.0,0.0,0.9065935526154483,0.0,0.0,0.0,0.027458981344363257,0.06594746604018839,0.0,0.04002488343080694
2022-07-13,风险平价策略,-1.0,0.0,0.0,0.0,0.0,0.9351432091722703,0.0,0.0,0.0,0.0,0.06485679082772972,0.0,0.03180996303691162
2022-07-14,风险平价策略,-1.0,0.0,0.0,0.0,0.0,0.9349038019139161,0.0,0.0,0.0,0.0,0.06509619808608398,0.0,0.03183510079903882
2022-07-15,风险平价策略,-1.0,0.0,0.0,0.0,0.0,1.0,0.0,0.0,0.0,0.0,0.0,0.0,0.025
2022-07-18,风险平价策略,-1.0,0.0,0.0,0.0,0.0,1.0,0.0,0.0,0.0,0.0,0.0,0.0,0.025
2022-07-19,风险平价策略,-1.0,0.0,0.0,0.0,0.0,0.9734500134690306,0.0,0.0,0.0,0.0265499865309694,0.0,0.0,0.032832246026635974
2022-07-20,风险平价策略,-1.0,0.0,0.0,0.0,0.07796643183554886,0.8975679064885593,0.0,0.0,0.0,0.024465661675891832,0.0,0.0,0.10823464123404823
2022-07-21,风险平价策略,-1.0,0.0,0.0,0.0,0.0,0.9734359705897134,0.0,0.0,0.0,0.026564029410286617,0.0,0.0,0.032836388676034556
2022-07-22,风险平价策略,-1.0,0.0,0.0,0.0,0.075659415466856,0.8991413085667025,0.0,0.0,0.0,0.02519927596644146,0.0,0.0,0.10620171649028484
2022-07-25,风险平价策略,-1.0,0.0,0.0,0.0,0.07578331930395298,0.8994867313635942,0.0,0.0,0.0,0.024729949332452695,0.0,0.0,0.1061840713744277
2022-07-26,风险平价策略,-1.0,0.0,0.0,0.0,0.0757896392801651,0.8994798264818649,0.0,0.0,0.0,0.0247305342379701,0.0,0.0,0.10619040589836216
2022-07-27,风险平价策略,-1.0,0.0,0.0,0.0,0.07740612697847005,0.8978437042715984,0.0,0.0,0.0,0.0247501687499316,0.0,0.0,0.10777227358523812
2022-07-28,风险平价策略,-1.0,0.0,0.0,0.0,0.0,0.9726439041089571,0.0,0.0,0.0,0.02735609589104292,0.0,0.0,0.03307004828785766
2022-07-29,风险平价策略,-1.0,0.0,0.0,0.0,0.0,0.9727004135368497,0.0,0.0,0.0,0.02729958646315036,0.0,0.0,0.03305337800662936
2022-08-01,风险平价策略,-1.0,0.0,0.0,0.0,0.07365684244135813,0.8475178568573549,0.0,0.0,0.0,0.023815286275314675,0.05501001442597221,0.0,0.10961698234626908
2022-08-02,风险平价策略,-1.0,0.0,0.0,0.0,0.0,0.9176147425881472,0.0,0.0,0.0,0.0252554908184238,0.057129766593428985,0.0,0.03844899528374507
2022-08-03,风险平价策略,-1.0,0.0,0.0,0.0,0.0,0.9175718099441051,0.0,0.0,0.0,0.02521702720419715,0.05721116285169767,0.0,0.03844619512466641
2022-08-04,风险平价策略,-1.0,0.0,0.0,0.0,0.0,0.9170316346188396,0.0,0.0,0.0,0.0249287854852668,0.05803957989589365,0.0,0.038448147607222545
2022-08-05,风险平价策略,-1.0,0.0,0.0,0.0,0.0,0.939415000561672,0.0,0.0,0.0,0.0,0.060584999438327944,0.0,0.03136142494102444
2022-08-08,风险平价策略,-1.0,0.0,0.0,0.0,0.0,0.9401950990686121,0.0,0.0,0.0,0.0,0.05980490093138785,0.0,0.031279514597795724
2022-08-09,风险平价策略,-1.0,0.0,0.0,0.0,0.0,1.0,0.0,0.0,0.0,0.0,0.0,0.0,0.025
2022-08-10,风险平价策略,-1.0,0.0,0.0,0.0,0.0,1.0,0.0,0.0,0.0,0.0,0.0,0.0,0.025
2022-08-11,风险平价策略,-1.0,0.0,0.0,0.0,0.0,0.9724921904407238,0.0,0.0,0.0,0.027507809559276255,0.0,0.0,0.033114803819986494
2022-08-12,风险平价策略,-1.0,0.0,0.0,0.0,0.0,0.9145560577092697,0.0,0.0,0.0,0.026059560456662353,0.05938438183406792,0.0,0.03892293042729253
2022-08-15,风险平价策略,-1.0,0.0,0.0,0.0,0.0,0.9729559391787875,0.0,0.0,0.0,0.027044060821212502,0.0,0.0,0.03297799794225769
2022-08-16,风险平价策略,-1.0,0.0,0.0,0.0,0.0,0.9731221721121645,0.0,0.0,0.0,0.026877827887835576,0.0,0.0,0.0329289592269115
2022-08-17,风险平价策略,-1.0,0.0,0.0,0.0,0.07578555843814912,0.8993388424975974,0.0,0.0,0.0,0.024875599064253455,0.0,0.0,0.10622922120115016
2022-08-18,风险平价策略,-1.0,0.0,0.0,0.0,0.0,0.9729297500464488,0.0,0.0,0.0,0.027070249953551218,0.0,0.0,0.032985723736297615
2022-08-19,风险平价策略,-1.0,0.0,0.0,0.0,0.0,0.9724892717334978,0.0,0.0,0.0,0.027510728266502294,0.0,0.0,0.03311566483861818
2022-08-22,风险平价策略,-1.0,0.0,0.0,0.0,0.0,0.972248328724224,0.0,0.0,0.0,0.027751671275776026,0.0,0.0,0.033186743026353924
2022-08-23,风险平价策略,-1.0,0.0,0.0,0.0,0.0,0.9176904637500078,0.0,0.0,0.0,0.026663367205846708,0.05564616904414543,0.0,0.03870854107536005
2022-08-24,风险平价策略,-1.0,0.0,0.0,0.0,0.0,0.9176680392231599,0.0,0.0,0.0,0.02667384305934088,0.055658117717499185,0.0,0.038712886062842976
2022-08-25,风险平价策略,-1.0,0.0,0.0,0.0,0.07987735171669444,0.8380610164086832,0.0,0.0,0.0,0.027542028332865072,0.05451960354175727,0.0,0.11672987465385679
2022-08-26,风险平价策略,-1.0,0.0,0.0,0.0,0.08449375130842905,0.886552920349094,0.0,0.0,0.0,0.028953328342476936,0.0,0.0,0.11592263938674902
2022-08-29,风险平价策略,-1.0,0.0,0.0,0.0,0.08043606271823742,0.8393147150508721,0.0,0.0,0.0,0.026836584946209694,0.053412637284680826,0.0,0.11695028062430483
2022-08-30,风险平价策略,-1.0,0.0,0.0,0.0,0.08501552041059733,0.8866130580721802,0.0,0.0,0.0,0.028371421517222387,0.0,0.0,0.116259701747913
2022-08-31,风险平价策略,-1.0,0.0,0.0,0.0,0.08480811323171097,0.8874246726289445,0.0,0.0,0.0,0.02776721413934464,0.0,0.0,0.11587923857202487
2022-09-01,风险平价策略,-1.0,0.0,0.0,0.0,0.08795160892724807,0.9120483910727519,0.0,0.0,0.0,0.0,0.0,0.0,0.11075281870406686
2022-09-02,风险平价策略,-1.0,0.0,0.0,0.0,0.09156623216836854,0.9084337678316314,0.0,0.0,0.0,0.0,0.0,0.0,0.11427707636415932
2022-09-05,风险平价策略,-1.0,0.0,0.0,0.0,0.08411530686729643,0.8345306276562049,0.0,0.0,0.0,0.025677669973506925,0.05567639550299172,0.0,0.1204333583656127
2022-09-06,风险平价策略,-1.0,0.0,0.0,0.0,0.08642459274664206,0.8576614998498535,0.0,0.0,0.0,0.0,0.055913907403504416,0.0,0.11513493820534397
2022-09-07,风险平价策略,-1.0,0.0,0.0,0.0,0.09715894945379785,0.839617306598914,0.0,0.0,0.0,0.0,0.06322374394728818,0.0,0.12636846883191816
2022-09-08,风险平价策略,-1.0,0.0,0.0,0.0,0.09756090552942229,0.8390160983186219,0.0,0.0,0.0,0.0,0.06342299615195578,0.0,0.1267812974871421
2022-09-09,风险平价策略,-1.0,0.0,0.0,0.0,0.10523747336837332,0.8261329553241423,0.0,0.0,0.0,0.0,0.06862957130748445,0.0,0.13481264152144987
2022-09-13,风险平价策略,-1.0,0.0,0.0,0.0,0.10112584075669831,0.8038575932969336,0.0,0.0,0.0,0.02815500106724127,0.06686156487912681,0.0,0.13892388436492534
2022-09-14,风险平价策略,-1.0,0.0,0.0,0.0,0.0991554424363853,0.800751175142516,0.0,0.0,0.0,0.030095811250022655,0.06999757117107598,0.0,0.13790456566719533
2022-09-15,风险平价策略,-1.0,0.0,0.0,0.0,0.09966151835081435,0.8022514300553321,0.0,0.0,0.0,0.030262201565470156,0.06782485002838344,0.0,0.13821893910683797
2022-09-16,风险平价策略,-1.0,0.0,0.0,0.0,0.07890063043635456,0.8211027451721974,0.0,0.0,0.0,0.02977850031678092,0.07021812407466727,0.0,0.11808567529673614
2022-09-19,风险平价策略,-1.0,0.0,0.0,0.0,0.07509401985120813,0.783880757597372,0.0,0.047408464143709965,0.0,0.026531287233686814,0.06708547117402315,0.0,0.11948751622153882
2022-09-20,风险平价策略,-1.0,0.0,0.0,0.0,0.07840052276938146,0.8232542317287226,0.0,0.0,0.0,0.02787407416448826,0.07047117133740773,0.0,0.11706283456909877
2022-09-21,风险平价策略,-1.0,0.0,0.0,0.0,0.07839868268250315,0.8232608382664923,0.0,0.0,0.0,0.02787306559365775,0.0704674134573468,0.0,0.11706034837859103
2022-09-22,风险平价策略,-1.0,0.0,0.0,0.0,0.07531691117230752,0.7885154788226346,0.04068701201440827,0.0,0.0,0.0267887744218336,0.06869182356881605,0.0,0.11904206494411154
2022-09-23,风险平价策略,-1.0,0.0,0.0,0.0,0.08146198492894348,0.8122700769755281,0.0,0.0,0.0,0.03066602498914026,0.07560191310638814,0.0,0.12141011355368703
2022-09-26,风险平价策略,-1.0,0.0,0.0,0.0,0.0,0.7974145809885661,0.0601754513311679,0.0,0.0,0.03420637086744293,0.1082035968128231,0.0,0.054575943000949756
2022-09-27,风险平价策略,-1.0,0.0,0.0,0.0,0.09504849370045701,0.7471694421238101,0.05638725355451386,0.0,0.0,0.0,0.10139481062121918,0.0,0.13593101570303298
2022-09-28,风险平价策略,-1.0,0.0,0.0,0.0,0.0,0.8170237490857565,0.06450935729300565,0.0,0.0,0.0,0.11846689362123784,0.0,0.046147787064785735
2022-09-29,风险平价策略,-1.0,0.0,0.0,0.0,0.08159390436363993,0.6061271262493652,0.050097294136552804,0.0,0.0,0.02915383167790987,0.09194548184808983,0.14108236172444238,0.16554784964174923
2022-09-30,风险平价策略,-1.0,0.0,0.0,0.0,0.07799968519679813,0.575511796652881,0.04790596469870263,0.049560116944088864,0.0,0.02786900058275503,0.08629064570545793,0.13486279021931638,0.16587949856556652
2022-10-10,风险平价策略,-1.0,0.0,0.0,0.0,0.0780013783931777,0.5755588149466544,0.047896518043407006,0.049559422176042776,0.0,0.02786747407002997,0.08626138938951974,0.13485500298116845,0.16587427235973035
2022-10-11,风险平价策略,-1.0,0.0,0.0,0.0,0.07740886087561312,0.5784583529512165,0.04859606854477469,0.04949777086232816,0.0,0.027826463930122617,0.08296300688669848,0.13524947594924644,0.16512484662322904
2022-10-12,风险平价策略,-1.0,0.0,0.0,0.0,0.0750342483592375,0.5609018997980396,0.047136263887083904,0.04766628377112613,0.030782976583243474,0.02688925542155305,0.08044193212465853,0.1311471400550578,0.16524152162517225
2022-10-13,风险平价策略,-1.0,0.0,0.0,0.0,0.07509955000367038,0.5613769922688182,0.046850805464444874,0.047723317248281744,0.030483374981642882,0.026691583909971794,0.0805000840614759,0.1312742920616943,0.16521112774776364
2022-10-14,风险平价策略,-1.0,0.0,0.0,0.0,0.07511282335998869,0.5614243927096303,0.04685614099763745,0.04772925582948071,0.030487864857426272,0.02669634104204392,0.08051648652150602,0.1311766946822866,0.1652044805881209
2022-10-17,风险平价策略,-1.0,0.0,0.0,0.0,0.07704500498270882,0.5756052690925066,0.04774108589163711,0.04532394268607841,0.030776634959202336,0.02690481283028722,0.06793583034058961,0.12866741921698982,0.16502564465624608
2022-10-18,风险平价策略,-1.0,0.0,0.0,0.0,0.076784095044313,0.5776082407421768,0.04732337477103111,0.045028966444333,0.030894957819752232,0.027003315268858824,0.06616358196159637,0.12919346794793882,0.16466931605314877
2022-10-19,风险平价策略,-1.0,0.0,0.0,0.0,0.07527922757939731,0.5822585356858697,0.04655863882782738,0.04537685473983154,0.02964707877883756,0.026382680345456256,0.06565317535169789,0.12884380869108245,0.1626390102745417
2022-10-20,风险平价策略,-1.0,0.0,0.0,0.0,0.07568051965928976,0.5757102070068907,0.04804720972728389,0.046797071695322545,0.03058163576552922,0.027235768070206615,0.06764186011932649,0.12830572795615078,0.1638817293679198
2022-10-21,风险平价策略,-1.0,0.0,0.0,0.0,0.07662492759207616,0.5726393370726315,0.04867286230345651,0.0473895772052666,0.03042113073712894,0.027219046020070657,0.06818090059084547,0.12885221847852418,0.16513472654281885
2022-10-24,风险平价策略,-1.0,0.0,0.0,0.0,0.07219296712348207,0.5756776489714358,0.048880532867491805,0.04759949936876074,0.030390820517224568,0.027356402190003386,0.0684103587806725,0.1294917701809293,0.16109324398644526
2022-10-25,风险平价策略,-1.0,0.0,0.0,0.0,0.0,0.6139940657459568,0.05383816824505291,0.05213198101413287,0.032941403625678316,0.030137286049695334,0.07435894395668945,0.14259815136279436,0.09714319077333852
2022-10-26,风险平价策略,-1.0,0.0,0.0,0.0,0.0,0.6355354570531698,0.055285483703079875,0.053967307304786834,0.0,0.030937263606046983,0.07693381283762855,0.14734067549528798,0.09452554214909531
2022-10-27,风险平价策略,-1.0,0.0,0.0,0.0,0.0,0.637273592672823,0.05547912728670322,0.05364908796477782,0.0,0.031031841037076076,0.0761395816658006,0.1464267693728193,0.09422018442986536
2022-10-28,风险平价策略,-1.0,0.0,0.0,0.0,0.0,0.677806213107606,0.05618214406704165,0.0,0.0,0.03315639185456536,0.0769079532839124,0.15594729768687454,0.09020762105111123
2022-10-31,风险平价策略,-1.0,0.0,0.0,0.0,0.0,0.6845815762664704,0.053375884620325026,0.0,0.0,0.032861735051414015,0.07790374813700944,0.15127705592478097,0.08865549907911616
2022-11-01,风险平价策略,-1.0,0.0,0.0,0.0,0.0,0.6783033408812997,0.05448420907829144,0.0,0.0,0.033555230401017135,0.07951559724387035,0.15414162239552143,0.08990941261533375
2022-11-02,风险平价策略,-1.0,0.0,0.0,0.0,0.0,0.6471192940199018,0.05250982837815707,0.043975544864795164,0.0,0.03233441057742307,0.07551856098598896,0.14854236117373387,0.09337192751096934
2022-11-03,风险平价策略,-1.0,0.0,0.0,0.0,0.0,0.6484017855215849,0.05237212919669269,0.04408791954702984,0.0,0.032413440255473776,0.07565605047018568,0.1470686750090331,0.09303046888244024
2022-11-04,风险平价策略,-1.0,0.0,0.0,0.0,0.058119659781797325,0.586477075177735,0.04872808127777105,0.04102363195724249,0.02950146049189386,0.030167304209576796,0.06952437129791594,0.13645841580606763,0.14905717110395741
2022-11-07,风险平价策略,-1.0,0.0,0.0,0.0,0.058158937913317575,0.5867246547286235,0.048774871827190584,0.04084386872061306,0.02922334655979674,0.030190115824772473,0.06957009860295524,0.13651410582273074,0.14906292119702316
2022-11-08,风险平价策略,-1.0,0.0,0.0,0.0,0.0,0.64289889109742,0.053449630384576674,0.04475613511519381,0.0,0.0330807190638137,0.07622884681104257,0.14958577752795316,0.09416499265108158
2022-11-09,风险平价策略,-1.0,0.0,0.0,0.0,0.0,0.642701836801129,0.05366760303934564,0.04490486499859325,0.0,0.0319958536478569,0.07646772512270274,0.15026211639037237,0.09409201082866828
2022-11-10,风险平价策略,-1.0,0.0,0.0,0.0,0.0,0.6424458395162104,0.05390097610378282,0.04483570229967862,0.0,0.031170172414341498,0.07672786155040952,0.15091944811557725,0.09406553717896324
2022-11-11,风险平价策略,-1.0,0.0,0.0,0.0,0.06721257358485044,0.5634893603502589,0.05663512154153994,0.047138748863971285,0.0,0.032768934067943976,0.07391678949418751,0.15883847209724788,0.16247364058170458
2022-11-14,风险平价策略,-1.0,0.0,0.0,0.0,0.0,0.0,0.16235480735747965,0.14791326726689716,0.0,0.09336461007947779,0.193367217376682,0.4030000979194634,0.2174973328417516
2022-11-15,风险平价策略,-1.0,0.0,0.0,0.0,0.1620451316218387,0.0,0.1363521513749993,0.12419727078549692,0.0,0.07733581063485334,0.16156939715370205,0.3385002384291098,0.3442645869608032
2022-11-16,风险平价策略,-1.0,0.0,0.0,0.0,0.0,0.0,0.16017728737996836,0.1481885536830441,0.0,0.09140845555614938,0.19390356665325234,0.4063221367275859,0.21756690229669667
2022-11-17,风险平价策略,-1.0,0.0,0.0,0.0,0.0,0.0,0.1601278616168288,0.1495187368708373,0.0,0.0895448024731912,0.19109022429534783,0.4097183747437949,0.21776066663610558
2022-11-18,风险平价策略,-1.0,0.0,0.0,0.0,0.0,0.0,0.15510585633897842,0.15269439872076024,0.0,0.08770844931765598,0.18759850663870134,0.4168927889839041,0.21843253136973242
2022-11-21,风险平价策略,-1.0,0.0,0.0,0.0,0.0,0.0,0.17032442666249495,0.16533862989755146,0.0,0.0,0.21953604841020669,0.4448008950297469,0.20679002595126345
2022-11-22,风险平价策略,-1.0,0.0,0.0,0.0,0.0,0.0,0.16803753457648718,0.16527338519417722,0.0,0.0,0.2208506298944298,0.4458384503349058,0.20687509514335584
2022-11-23,风险平价策略,-1.0,0.0,0.0,0.0,0.0,0.0,0.16804651199604542,0.1652901600918297,0.0,0.0,0.2208669422380819,0.445796385674043,0.2068695580137427
2022-11-24,风险平价策略,-1.0,0.0,0.0,0.0,0.17648204606428144,0.0,0.13844125303912008,0.13604409661540148,0.0,0.0,0.18172052574252726,0.3673120785386697,0.346870752346361
2022-11-25,风险平价策略,-1.0,0.0,0.0,0.0,0.17677977347539825,0.0,0.13871415801111078,0.13368537723793536,0.0,0.0,0.1825726593662847,0.36824803190927086,0.3472075937674585
2022-11-28,风险平价策略,-1.0,0.0,0.0,0.0,0.0,0.0,0.15858331894328268,0.16052397071614552,0.0,0.0,0.19506165919645105,0.4858310511441208,0.212447876361401
2022-11-29,风险平价策略,-1.0,0.0,0.0,0.0,0.17261209677814204,0.0,0.13280857105330893,0.13419306313217966,0.0,0.0,0.16362200505564053,0.39676426398072895,0.3476972128196576
2022-11-30,风险平价策略,-1.0,0.0,0.0,0.0,0.1739013339796257,0.0,0.13221296916736788,0.13204157196788788,0.0,0.0,0.16475751843967834,0.39708660644544,0.34878478776314803
2022-12-01,风险平价策略,-1.0,0.0,0.0,0.0,0.17256132327826995,0.0,0.1326466600883607,0.13248537698203022,0.0,0.0,0.16401835670456608,0.398288282946773,0.3478255548062225
2022-12-02,风险平价策略,-1.0,0.0,0.0,0.0,0.17130360407528036,0.0,0.1328562053425955,0.1327039169087382,0.0,0.0,0.16424902656054782,0.39888724711283813,0.3468340262799597
2022-12-05,风险平价策略,1.0,0.3,0.15,0.15,0.12741805028746908,0.0,0.09936680470484795,0.09881843915033933,0.0,0.0,0.11655010966581045,0.25784659619153316,0.28847625049448367
2022-12-06,风险平价策略,1.0,0.3,0.15,0.15,0.0,0.0,0.1264520851208062,0.12571451850098633,0.0,0.0,0.15655008644474877,0.29128330993345863,0.18425749459867258
2022-12-07,风险平价策略,1.0,0.3,0.15,0.15,0.0,0.0,0.12540774857465523,0.1260444587210903,0.0,0.0,0.15821582269358167,0.2903319700106728,0.1840933617204733
2022-12-08,风险平价策略,1.0,0.3,0.15,0.15,0.0,0.0,0.12540488508917721,0.12603213756480836,0.0,0.0,0.15821908338482904,0.2903438939611854,0.1840946947737974
2022-12-09,风险平价策略,1.0,0.3,0.15,0.15,0.0,0.0,0.12542226717646535,0.12601294561130996,0.0,0.0,0.1581979368118657,0.290366850400359,0.1840980839436871
2022-12-12,风险平价策略,1.0,0.3,0.15,0.15,0.0,0.0,0.12162406362338056,0.11561248476069856,0.0,0.0,0.15058393956949592,0.31217951204642497,0.18694402325848614
2022-12-13,风险平价策略,1.0,0.3,0.15,0.15,0.0,0.0,0.12171292129334382,0.1154670759978304,0.0,0.0,0.15039390275075132,0.31242609995807447,0.1869793149124464
2022-12-14,风险平价策略,1.0,0.3,0.15,0.15,0.0,0.0,0.12315542655073952,0.11687762504322444,0.0,0.0,0.14447123579473128,0.3154957126113047,0.18752534843951463
2022-12-15,风险平价策略,1.0,0.3,0.15,0.15,0.0,0.0,0.1240775213858782,0.12166462210255588,0.0,0.0,0.15026635686785636,0.3039914996437095,0.18597098925120945
2022-12-16,风险平价策略,1.0,0.3,0.15,0.15,0.0,0.0,0.1230271686115309,0.12294357311286186,0.0,0.0,0.15280367238213513,0.30122558589347215,0.18556296013575263
2022-12-19,风险平价策略,1.0,0.3,0.15,0.15,0.0,0.0,0.12519214540407422,0.12056167721745781,0.0,0.0,0.14630385056729253,0.3079423268111754,0.18656396370032227
2022-12-20,风险平价策略,1.0,0.3,0.15,0.15,0.0,0.0,0.12499783121338943,0.12057074447982997,0.0,0.0,0.1464049393875125,0.308026484919268,0.18657103000868677
2022-12-21,风险平价策略,1.0,0.3,0.15,0.15,0.0,0.0,0.1250004036506303,0.12057295660777013,0.0,0.0,0.14640716774584092,0.3080194719957587,0.18657012160711584
2022-12-22,风险平价策略,1.0,0.3,0.15,0.15,0.0,0.0,0.12502010155177257,0.12050504309682128,0.0,0.0,0.14643437377677218,0.3080404815746339,0.18657182657565288
2022-12-23,风险平价策略,1.0,0.3,0.15,0.15,0.0,0.3895751953232791,0.055853933482571096,0.05514796061287333,0.0,0.0,0.06688254963820095,0.13254036094307556,0.11530571545538038
2022-12-26,风险平价策略,1.0,0.3,0.15,0.15,0.0,0.3661790479157103,0.05351585119509531,0.052814837387184274,0.03631001033881472,0.0,0.06411606271668685,0.1270641904465085,0.11825314960684767
2022-12-27,风险平价策略,1.0,0.3,0.15,0.15,0.0,0.0,0.11218920263635385,0.11061529429362217,0.07608241998669986,0.0,0.13451585908517238,0.26659722399815167,0.18271701530709003
2022-12-28,风险平价策略,1.0,0.3,0.15,0.15,0.0,0.3642096452153918,0.05523084763485023,0.05086578088609388,0.03730005251907514,0.0,0.06196104057245479,0.1304326331721341,0.11899778318459531
2022-12-29,风险平价策略,1.0,0.3,0.15,0.15,0.0,0.36469894924572904,0.0553855251612164,0.050442178071511204,0.03736127108225114,0.0,0.06209831113558706,0.13001376530370515,0.1188779570650261
2022-12-30,风险平价策略,1.0,0.3,0.15,0.15,0.0,0.36471690960447567,0.05533531093863856,0.05044853394721825,0.03736545784085034,0.0,0.06210466340743552,0.13002912426138155,0.118877226790947
2023-01-03,风险平价策略,1.0,0.3,0.15,0.15,0.0,0.41786610493442317,0.062092967865272845,0.0,0.0,0.0,0.0715186711841947,0.14852225601610927,0.11326518642026015
2023-01-04,风险平价策略,1.0,0.3,0.15,0.15,0.0,0.430393421382457,0.05404752296137796,0.0,0.0,0.0,0.06090231929528866,0.15465673636087643,0.11262862689781483
2023-01-05,风险平价策略,1.0,0.3,0.15,0.15,0.0,0.4290699223078747,0.05479346164147597,0.0,0.0,0.0,0.059805365221348154,0.15633125082930116,0.11304114963131262
2023-01-06,风险平价策略,1.0,0.3,0.15,0.15,0.0,0.4335867649232049,0.05654534003715279,0.0,0.0,0.0,0.059464853811718656,0.1504030412279236,0.11173020606836662
2023-01-09,风险平价策略,1.0,0.3,0.15,0.15,0.0,0.0,0.14857669312127306,0.0,0.0,0.0,0.15624022981935098,0.3951830770593759,0.19673476235254458
2023-01-10,风险平价策略,1.0,0.3,0.15,0.15,0.0,0.0,0.15067216841136952,0.0,0.0,0.0,0.1514290979182376,0.39789873367039286,0.19720497510290003
2023-01-11,风险平价策略,1.0,0.3,0.15,0.15,0.0,0.0,0.12649584357910817,0.11235097811087306,0.0,0.0,0.1271368143867938,0.3340163639232249,0.19026785923918318
2023-01-12,风险平价策略,1.0,0.3,0.15,0.15,0.0,0.0,0.11262103825910957,0.10002105872109407,0.07695011787100323,0.0,0.1131902933249743,0.29721749182381874,0.18703989139781904
2023-01-13,风险平价策略,1.0,0.3,0.15,0.15,0.12004179220641174,0.0,0.09323376689172896,0.08282320962483573,0.06373974917254441,0.0,0.09380494960112544,0.24635653250335365,0.28222113835748
2023-01-16,风险平价策略,1.0,0.3,0.15,0.15,0.12059863425247427,0.0,0.09362436194728078,0.08286310631039205,0.062286106025864194,0.0,0.09295533963217739,0.2476724518318113,0.28285774786318907
2023-01-17,风险平价策略,1.0,0.3,0.15,0.15,0.12037531159664534,0.0,0.09337547669020914,0.08304900385994894,0.06240165496928401,0.0,0.09268632659515041,0.24811222628876214,0.2827321556476719
2023-01-18,风险平价策略,1.0,0.3,0.15,0.15,0.12050225256309789,0.0,0.09347824007870423,0.08312164781139011,0.06246929970360069,0.0,0.09278189081659409,0.2476466690266129,0.28278072870873394
2023-01-19,风险平价策略,1.0,0.3,0.15,0.15,0.12221248019451786,0.0,0.09118543367287228,0.0846413101917634,0.06346389104607297,0.0,0.08764862248388938,0.2508482624108841,0.28476545508864515
2023-01-20,风险平价策略,1.0,0.3,0.15,0.15,0.12267410891321766,0.0,0.09152046100129674,0.08491380996461324,0.06367117805124106,0.0,0.08549531271332962,0.2517251293563016,0.28532511940897154
2023-01-30,风险平价策略,1.0,0.3,0.15,0.15,0.12315881510741654,0.0,0.0868723594385585,0.07717997036791516,0.06543497751865993,0.0,0.09106227492566006,0.2562916026417898,0.28613087853466146
2023-01-31,风险平价策略,1.0,0.3,0.15,0.15,0.12830729321999085,0.0,0.09024391249012252,0.07900746197885186,0.0656144292289386,0.0,0.09471679189740649,0.2421101111846896,0.28864598018232224
2023-02-01,风险平价策略,1.0,0.3,0.15,0.15,0.12840741079483572,0.0,0.0903021809298153,0.07903789487815913,0.06565310261362009,0.0,0.09429793437085622,0.24230147641271352,0.28876599523219815
2023-02-02,风险平价策略,1.0,0.3,0.15,0.15,0.1299566755115502,0.0,0.08772457121935287,0.08001200064245548,0.059387773337433454,0.0,0.0944972786990016,0.24842170059020632,0.2907331708729312
2023-02-03,风险平价策略,1.0,0.3,0.15,0.15,0.1330354382323823,0.0,0.09258082437037454,0.08539069716957319,0.06360594275906885,0.0,0.10047135379174577,0.22491574367685527,0.2903615761702621
2023-02-06,风险平价策略,1.0,0.3,0.15,0.15,0.1386005146608978,0.0,0.0942121863026297,0.0905717708020879,0.06872041786934954,0.0,0.1076995631690544,0.20019554719598062,0.2919041152622937
2023-02-07,风险平价策略,1.0,0.3,0.15,0.15,0.14012310938185016,0.0,0.09497935023666418,0.09157759875431899,0.06945356408316715,0.0,0.10463194064849131,0.19923443689550815,0.29316712172959203
2023-02-08,风险平价策略,1.0,0.3,0.15,0.15,0.13920376535179044,0.0,0.09527074362996715,0.0918405177065047,0.0689536818159075,0.0,0.10489861504870208,0.19983267644712815,0.29245366243585735
2023-02-09,风险平价策略,1.0,0.3,0.15,0.15,0.14084131263121646,0.0,0.09654048853639269,0.08947274551148453,0.06959750646482793,0.0,0.10202440831795677,0.20152353853812158,0.294124770049906
2023-02-10,风险平价策略,1.0,0.3,0.15,0.15,0.1488685018161604,0.0,0.10019567943414205,0.08533593673859424,0.06407271526246079,0.0,0.10744715275911805,0.19408001398952435,0.2997564557741687
2023-02-13,风险平价策略,1.0,0.3,0.15,0.15,0.07511388100872617,0.390034077790237,0.050367730110170865,0.0,0.03233555522889949,0.0,0.05422464622890516,0.0979241096330613,0.1748885688670372
2023-02-14,风险平价策略,1.0,0.3,0.15,0.15,0.07512085548598016,0.39008425403687297,0.05036919354208034,0.0,0.032325901172718254,0.0,0.0542228496952617,0.0978769460670866,0.17488195136216522
2023-02-15,风险平价策略,1.0,0.3,0.15,0.15,0.07472809711592766,0.3934819725057713,0.05097330281581308,0.0,0.03263094865217982,0.0,0.05183748056329301,0.09634819834701502,0.17398450416036493
2023-02-16,风险平价策略,1.0,0.3,0.15,0.15,0.07435679388871416,0.3938754607574179,0.05090569605493068,0.0,0.03266184579793773,0.0,0.05184178355550529,0.09635841994549411,0.173620895009042
2023-02-17,风险平价策略,1.0,0.3,0.15,0.15,0.07387898727567146,0.3942830209167419,0.051934986251778566,0.0,0.031873106954035064,0.0,0.05228241643321373,0.09574748216855923,0.17307009792457492
2023-02-20,风险平价策略,1.0,0.3,0.15,0.15,0.07641008506889566,0.3837288999184333,0.05366853738019855,0.0,0.032972494786618914,0.0,0.05413926378398482,0.09908071906186872,0.17697630329065475
2023-02-21,风险平价策略,1.0,0.3,0.15,0.15,0.07210627031941112,0.3616752812098589,0.0506659361496018,0.04047664870702827,0.031132214118530913,0.0,0.050875344770643365,0.09306830472492554,0.17569636247003145
2023-02-22,风险平价策略,1.0,0.3,0.15,0.15,0.07210317704878492,0.3617094710699658,0.05065252439611085,0.04046127347941588,0.031133603085500287,0.0,0.05087876114284507,0.09306118977737707,0.17568820609638883
2023-02-23,风险平价策略,1.0,0.3,0.15,0.15,0.07471898758913367,0.38887675161854834,0.053812315168625294,0.0,0.032958356669281694,0.0,0.052038911021003026,0.09759467793340802,0.17474536569443996
2023-02-24,风险平价策略,1.0,0.3,0.15,0.15,0.07478746509384758,0.389040559302008,0.0534369609878782,0.0,0.03298854172248146,0.0,0.052079721386745235,0.09766675150703949,0.1747884991295281
2023-02-27,风险平价策略,1.0,0.3,0.15,0.15,0.0734491971143327,0.40133120723244925,0.046440992708799735,0.0,0.031077206272147592,0.0,0.05001810616550034,0.09768329050677031,0.17204983633822774
2023-02-28,风险平价策略,1.0,0.3,0.15,0.15,0.07358792026346675,0.4020987613130475,0.046541997480982124,0.0,0.03112643318624017,0.0,0.04885206545188278,0.09779282230438054,0.17211136128888221
2023-03-01,风险平价策略,1.0,0.3,0.15,0.15,0.07363652627441797,0.40237627141549226,0.04657539973388244,0.0,0.03114394271960684,0.0,0.04843384314022641,0.09783401671637404,0.1721323915683738
2023-03-02,风险平价策略,1.0,0.3,0.15,0.15,0.0754504776786052,0.3973424924894172,0.046937802727395846,0.0,0.03160791219144734,0.0,0.049200642756193805,0.09946067215694057,0.17451250526201859
2023-03-03,风险平价策略,1.0,0.3,0.15,0.15,0.07545734781262244,0.39733404382095033,0.04693931584926255,0.0,0.031607149336182236,0.0,0.049197313732943754,0.09946482944803858,0.17452000786191268
2023-03-06,风险平价策略,1.0,0.3,0.15,0.15,0.07563635707598644,0.3975153612795285,0.04622692712466028,0.0,0.03169069722639959,0.0,0.04931697331032621,0.0996136839830989,0.17466100602201834
2023-03-07,风险平价策略,1.0,0.3,0.15,0.15,0.07312348493458583,0.3859614952947389,0.044891507287424436,0.0,0.030771095784493125,0.020635322228505323,0.047884074957022946,0.09673301951322938,0.17709972808754496
2023-03-08,风险平价策略,1.0,0.3,0.15,0.15,0.07519760871320806,0.3949345860795699,0.04353691538445829,0.0,0.0328155366384941,0.019387621811876938,0.04983163644628227,0.08429609492611044,0.17590057935238287
2023-03-09,风险平价策略,1.0,0.3,0.15,0.15,0.07505881965268633,0.39529154411502937,0.04363093888457177,0.0,0.03246015311828466,0.01929728307139962,0.049899512403021165,0.08436174875500704,0.17572364135384455
2023-03-10,风险平价策略,1.0,0.3,0.15,0.15,0.06315765346631624,0.44037368061893956,0.046350622086305276,0.0,0.035614706942023434,0.01945106957507787,0.0,0.09505226731133765,0.162476572306942
2023-03-13,风险平价策略,1.0,0.3,0.15,0.15,0.06343860571942107,0.4390386219962477,0.04655421790973319,0.0,0.03581429398090122,0.01955793984786381,0.0,0.0955963205458329,0.16297718661578742
2023-03-14,风险平价策略,1.0,0.3,0.15,0.15,0.06193109821773427,0.4492281524154836,0.04365599135250358,0.0,0.02908645104106353,0.01703804721630837,0.0,0.09906025975690658,0.16028050516265527
2023-03-15,风险平价策略,1.0,0.3,0.15,0.15,0.05978016852480078,0.4273527574058491,0.04212655629567319,0.0,0.02807785907839995,0.0,0.047014127339367634,0.09564853135590934,0.15687089784435512
2023-03-16,风险平价策略,1.0,0.3,0.15,0.15,0.058920844958208804,0.4596828342836664,0.0,0.0,0.027698359001098308,0.0,0.04846964892775023,0.10522831282927625,0.15288661879829207
2023-03-17,风险平价策略,1.0,0.3,0.15,0.15,0.0606075310893941,0.4684747737276712,0.03425974775888181,0.0,0.02849514745958914,0.0,0.0,0.10816279996446364,0.15493071913218695
2023-03-20,风险平价策略,1.0,0.3,0.15,0.15,0.05733379339856451,0.4710815295118792,0.033658919416059405,0.0,0.02914874186321349,0.0,0.0,0.10877701581028333,0.15190910928655663
2023-03-21,风险平价策略,1.0,0.3,0.15,0.15,0.05893312615634938,0.4707252195162964,0.03508379897317232,0.0,0.030282775757019223,0.0,0.0,0.10497507959716254,0.15285575864586315
2023-03-22,风险平价策略,1.0,0.3,0.15,0.15,0.06003233478706326,0.4814640820319484,0.03572151006642943,0.0,0.03080133110494437,0.0,0.0,0.0919807420096144,0.15077521249902326
2023-03-23,风险平价策略,1.0,0.3,0.15,0.15,0.06094965847379891,0.47849645496837734,0.03625113516650578,0.0,0.03095226745142064,0.0,0.0,0.0933504839398974,0.15211227244456205
2023-03-24,风险平价策略,1.0,0.3,0.15,0.15,0.05676534282117893,0.4480792069566622,0.03531537628875356,0.03874358846153929,0.030137009710298583,0.0,0.0,0.09095947576156745,0.152408702219132
2023-03-27,风险平价策略,1.0,0.3,0.15,0.15,0.05456482150138363,0.45407661517476244,0.03469737073936085,0.03941677577957228,0.030084316377327038,0.0,0.0,0.08716010042759367,0.14929416222765382
2023-03-28,风险平价策略,1.0,0.3,0.15,0.15,0.054657098051871064,0.4546459259298556,0.03475429174262542,0.039470855505788355,0.030133559325864614,0.0,0.0,0.08633826944399495,0.14919669028957924
2023-03-29,风险平价策略,1.0,0.3,0.15,0.15,0.05748200183727177,0.4821396633753038,0.03684517963912439,0.0,0.03196368403886086,0.0,0.0,0.09156947110943912,0.14850400036116357
2023-03-30,风险平价策略,1.0,0.3,0.15,0.15,0.05486199649043198,0.45211116604537505,0.035152302576734816,0.03994331285461721,0.030506243036418013,0.0,0.0,0.08742497899642285,0.14984512954577214
2023-03-31,风险平价策略,1.0,0.3,0.15,0.15,0.0549805197566693,0.45255974604146687,0.034728362865382535,0.04006264003374755,0.030134745654669223,0.0,0.0,0.08753398564806436,0.14989349661431858
2023-04-03,风险平价策略,1.0,0.3,0.15,0.15,0.05823517961305238,0.4368509271432387,0.0365266026611206,0.04111643904090988,0.03184605364785752,0.015509886932934869,0.0,0.07991491096088607,0.15633250747168126
2023-04-04,风险平价策略,1.0,0.3,0.15,0.15,0.05822776949531799,0.4368834859586138,0.03651555001123503,0.04110904148698003,0.0318416309504451,0.015508211529513614,0.0,0.07991431056789446,0.1563215031940282
2023-04-06,风险平价策略,1.0,0.3,0.15,0.15,0.055931871479060716,0.44023956905399503,0.03562374670231087,0.040847115390203415,0.02996860070264827,0.016046589552963827,0.0,0.08134250711881781,0.1541786714098805
2023-04-07,风险平价策略,1.0,0.3,0.15,0.15,0.055444226517695844,0.44071381333804194,0.035701791323157164,0.040942722140631264,0.029711425247609623,0.016082828007957743,0.0,0.08140319342490633,0.15371553541896693
2023-04-10,风险平价策略,1.0,0.3,0.15,0.15,0.055794708565270155,0.44776543611125924,0.035450492741103776,0.04060394752136881,0.029615817788376547,0.016076337743114864,0.0,0.07469325952950658,0.15225078468012987
2023-04-11,风险平价策略,1.0,0.3,0.15,0.15,0.0558387713761695,0.4479072982533441,0.03548217853971107,0.040317430707267114,0.0296391267526033,0.01608861216346375,0.0,0.07472658220744098,0.15227484177035405
2023-04-12,风险平价策略,1.0,0.3,0.15,0.15,0.056147274047377516,0.4488544486408409,0.03567994378528644,0.03993671185811181,0.02831628922426551,0.016193722868654573,0.0,0.07487160957546324,0.15242711133356657
2023-04-13,风险平价策略,1.0,0.3,0.15,0.15,0.05647616511191657,0.4474765593913901,0.03588302401903522,0.04016219429990838,0.02838565137435951,0.01628774413249886,0.0,0.0753286616708913,0.15295997815162263
2023-04-14,风险平价策略,1.0,0.3,0.15,0.15,0.05577307318118194,0.44616233662421567,0.03631825169404887,0.040667229365665074,0.028740591585825374,0.016240628051455812,0.0,0.07609788949760718,0.15263511917172776
2023-04-17,风险平价策略,1.0,0.3,0.15,0.15,0.0591051698419525,0.43861103454323047,0.0384333287973341,0.04300419192342759,0.03040583887367528,0.017203236483833123,0.0,0.07323719953654691,0.15628089317443966
2023-04-18,风险平价策略,1.0,0.3,0.15,0.15,0.059393862114236,0.44065390629871304,0.037912414916617475,0.04327711005855302,0.029892974223125608,0.01702922567850907,0.0,0.07184050671024572,0.15604703348165416
2023-04-19,风险平价策略,1.0,0.3,0.15,0.15,0.060085503184614766,0.4420137639339652,0.037246144586262984,0.04378253370483715,0.028664582128871224,0.016719559857260438,0.0,0.07148791260418817,0.15634028945494405
2023-04-20,风险平价策略,1.0,0.3,0.15,0.15,0.06426310960073389,0.46687018735305247,0.0,0.046888541797083086,0.028894154725258022,0.016956779731337968,0.0,0.07612722679253438,0.15709083029132515
2023-04-21,风险平价策略,1.0,0.3,0.15,0.15,0.05758650955402332,0.5172548675341874,0.0,0.0,0.030407528893248915,0.017312175250377215,0.0,0.07743891876816314,0.14490995448943672
2023-04-24,风险平价策略,1.0,0.3,0.15,0.15,0.059272342543441825,0.5317592332475304,0.0,0.0,0.030546424916993217,0.0,0.0,0.07842199929203446,0.1417173754122886
2023-04-25,风险平价策略,1.0,0.3,0.15,0.15,0.05784060993351551,0.5184546259403803,0.0,0.0,0.0298059432564347,0.017391525364476537,0.0,0.0765072955051929,0.14485631679370542
2023-04-26,风险平价策略,1.0,0.3,0.15,0.15,0.058228108622756486,0.5186272641374398,0.0,0.0,0.029498420021592607,0.016931827175426566,0.0,0.07671438004278458,0.14510673273797942
2023-04-27,风险平价策略,1.0,0.3,0.15,0.15,0.06125572467066338,0.5307012425079982,0.0,0.0,0.028805392663685,0.0,0.0,0.0792376401576533,0.1436067117303327
2023-04-28,风险平价策略,1.0,0.3,0.15,0.15,0.06076245858945899,0.5204732757963861,0.0,0.0,0.02855727376354662,0.01446895807621122,0.0,0.07573803377439703,0.14646574306539034
2023-05-04,风险平价策略,-1.0,0.0,0.0,0.0,0.09122135525378146,0.7653705065983546,0.0,0.0,0.03144601300030417,0.0,0.0,0.1119621251475598,0.14705083517010878
2023-05-05,风险平价策略,-1.0,0.0,0.0,0.0,0.08981245393201231,0.766462225217307,0.0,0.0,0.03152671461724688,0.0,0.0,0.11219860623343383,0.14574916079273845
2023-05-08,风险平价策略,-1.0,0.0,0.0,0.0,0.10096239712088931,0.7530002927677644,0.0,0.0,0.03521877843713846,0.0,0.0,0.11081853167420792,0.15680378564317518
2023-05-09,风险平价策略,-1.0,0.0,0.0,0.0,0.0910190576133935,0.761604184345335,0.0,0.0,0.034906955949911354,0.0,0.0,0.11246980209136022,0.14748488931909268
2023-05-10,风险平价策略,-1.0,0.0,0.0,0.0,0.07455963815950307,0.7760007252272495,0.0,0.0,0.034765162054903376,0.0,0.0,0.11467447455834397,0.1319785867158542
2023-05-11,风险平价策略,-1.0,0.0,0.0,0.0,0.07543579405987737,0.7742335998270514,0.0,0.0,0.035347962561621475,0.0,0.0,0.11498264355144969,0.1329959278854352
2023-05-12,风险平价策略,-1.0,0.0,0.0,0.0,0.06728088678441002,0.7878610053979718,0.0,0.0,0.032747044472377494,0.0,0.0,0.11211106334524083,0.12393550721633093
2023-05-15,风险平价策略,-1.0,0.0,0.0,0.0,0.06750181680554379,0.7854716260365545,0.0,0.0,0.03293483413477197,0.0,0.0,0.1140917230231296,0.12468321170584518
2023-05-16,风险平价策略,-1.0,0.0,0.0,0.0,0.06470673569309564,0.7893549159795216,0.0,0.0,0.03311427351825004,0.0,0.0,0.11282407480913285,0.12166077603724339
2023-05-17,风险平价策略,-1.0,0.0,0.0,0.0,0.06709312317746188,0.7854717627726142,0.0,0.0,0.03455182949731961,0.0,0.0,0.11288328455260432,0.12421104793605078
2023-05-18,风险平价策略,-1.0,0.0,0.0,0.0,0.06300667947693557,0.7376913397748827,0.0,0.06101459941093271,0.032445503591694694,0.0,0.0,0.10584187774555438,0.1263627602564002
2023-05-19,风险平价策略,-1.0,0.0,0.0,0.0,0.06249345599618236,0.7928528723495785,0.0,0.0,0.034890775616837726,0.0,0.0,0.10976289603740144,0.11897982055025665
2023-05-22,风险平价策略,-1.0,0.0,0.0,0.0,0.0646547772714583,0.8210167327770233,0.0,0.0,0.0,0.0,0.0,0.11432848995151845,0.11719217277730905
2023-05-23,风险平价策略,-1.0,0.0,0.0,0.0,0.05929047561409043,0.8009484037765381,0.0,0.0,0.03192536518546914,0.0,0.0,0.10783575542390224,0.11493550930872626
2023-05-24,风险平价策略,-1.0,0.0,0.0,0.0,0.05514450397796741,0.8029413175466389,0.0,0.0,0.03260861143355311,0.0,0.0,0.10930556704184065,0.1113670596320528
2023-05-25,风险平价策略,-1.0,0.0,0.0,0.0,0.056402213303500696,0.7975438884076386,0.0,0.0,0.03434516884858643,0.0,0.0,0.11170872944027428,0.11345793346122816
2023-05-26,风险平价策略,-1.0,0.0,0.0,0.0,0.056047307823186183,0.7503189003262397,0.0,0.053282192800550174,0.033695422360235434,0.0,0.0,0.10665617668978847,0.11892238245381101
2023-05-29,风险平价策略,-1.0,0.0,0.0,0.0,0.05930396522881152,0.7924123994053217,0.0,0.0,0.03562964549717024,0.0,0.0,0.11265398986869656,0.11671443211169855
2023-05-30,风险平价策略,-1.0,0.0,0.0,0.0,0.06068401941697858,0.7896074987915347,0.0,0.0,0.03608665365016028,0.0,0.0,0.11362182814132646,0.11837304988686562
2023-05-31,风险平价策略,-1.0,0.0,0.0,0.0,0.06025635721881246,0.8213930530978377,0.0,0.0,0.0,0.0,0.0,0.11835058968334984,0.11392934865759635
2023-06-01,风险平价策略,-1.0,0.0,0.0,0.0,0.05815071311348273,0.7927699486466101,0.0,0.0,0.03486082357007948,0.0,0.0,0.11421851466982766,0.11587748594411325
2023-06-02,风险平价策略,-1.0,0.0,0.0,0.0,0.06630491818133948,0.6958676956649525,0.0,0.06430877061045293,0.039688570931748275,0.0,0.0,0.13383004461150683,0.13821048342025488
2023-06-05,风险平价策略,-1.0,0.0,0.0,0.0,0.07266429890802178,0.7582342379288322,0.0,0.0,0.042638936793049864,0.0,0.0,0.1264625263700962,0.134278281494688
2023-06-06,风险平价策略,-1.0,0.0,0.0,0.0,0.07130999343978614,0.7598429500897192,0.0,0.0,0.041994308302312267,0.0,0.0,0.12685274816818237,0.13296386909051328
2023-06-07,风险平价策略,-1.0,0.0,0.0,0.0,0.07131954404569331,0.7598904575117321,0.0,0.0,0.04199423508858438,0.0,0.0,0.1267957633539903,0.13295863918766324
2023-06-08,风险平价策略,-1.0,0.0,0.0,0.0,0.06870935273208843,0.7150759131872143,0.0,0.05885464269129032,0.03944973451981608,0.0,0.0,0.1179103568695909,0.13572434818422943
2023-06-09,风险平价策略,-1.0,0.0,0.0,0.0,0.0687168450931207,0.7150311116795505,0.0,0.05886429313387081,0.039482121596730445,0.0,0.0,0.11790562849672755,0.13573644643705668
2023-06-12,风险平价策略,-1.0,0.0,0.0,0.0,0.06604637490842408,0.7195676842248017,0.0,0.05598711376007766,0.037978766335950105,0.0,0.0,0.12042006077074656,0.1331675125085771
2023-06-13,风险平价策略,-1.0,0.0,0.0,0.0,0.06591410782619547,0.719630804302933,0.0,0.05600661020795605,0.038008727512807594,0.0,0.0,0.12043975015010774,0.13305054928624924
2023-06-14,风险平价策略,-1.0,0.0,0.0,0.0,0.05949918254253728,0.6656266878807332,0.05833749697723434,0.0517987575761698,0.03510644389844659,0.02199349638469936,0.0,0.10763793474017946,0.13690628650119024
2023-06-15,风险平价策略,-1.0,0.0,0.0,0.0,0.07074767502337727,0.61667354536685,0.06946716582597379,0.06026050710691971,0.04187551777628693,0.024766868726239264,0.0,0.11620872017435299,0.15450361898999565
2023-06-16,风险平价策略,-1.0,0.0,0.0,0.0,0.06893077277134664,0.562674426075335,0.06767701633817762,0.05870001644912258,0.04078357517843084,0.024180748572089347,0.06282893461649125,0.11422450999900674,0.15803963029246565
2023-06-19,风险平价策略,-1.0,0.0,0.0,0.0,0.06748008354670279,0.5725033167914094,0.07421299316183054,0.06040347245154395,0.0,0.026961861018090394,0.07045494353933505,0.12798332949108787,0.15695357140803504
2023-06-20,风险平价策略,-1.0,0.0,0.0,0.0,0.06442731103168003,0.5499570930996996,0.07130162851250697,0.058036400657669976,0.03973528990729753,0.025899622086892,0.06769344163822566,0.12294921306602832,0.15713912844990413
2023-06-21,风险平价策略,-1.0,0.0,0.0,0.0,0.0634492846363004,0.5531141162386168,0.07183863520077366,0.05694160183463877,0.03996069322986173,0.026033037106970257,0.06805048970840115,0.12061214204443728,0.15562382862577337
2023-06-26,风险平价策略,-1.0,0.0,0.0,0.0,0.06609906500954658,0.6792912201108944,0.0,0.0,0.0,0.030842705786356298,0.07849329872055719,0.14527371037264553,0.14383177910196615
2023-06-27,风险平价策略,-1.0,0.0,0.0,0.0,0.06296157821072304,0.634978060551469,0.0,0.06187901033643868,0.0,0.029370435656798387,0.0728006408603484,0.1380102743842225,0.14624217092794303
2023-06-28,风险平价策略,-1.0,0.0,0.0,0.0,0.06768950998041622,0.6813837632345324,0.0,0.0,0.0,0.030584775837822934,0.07710403599088417,0.14323791495634433,0.14464137319597423
2023-06-29,风险平价策略,-1.0,0.0,0.0,0.0,0.06735913125842317,0.681509605864786,0.0,0.0,0.0,0.03065114385410427,0.07702785926871783,0.1434522597539688,0.14438549187440078
2023-06-30,风险平价策略,-1.0,0.0,0.0,0.0,0.06735211932751115,0.6815135606112179,0.0,0.0,0.0,0.030650342947683994,0.0770285934223829,0.14345538369120406,0.1443792926644974
2023-07-03,风险平价策略,-1.0,0.0,0.0,0.0,0.06791429915525657,0.6785968066662551,0.0,0.0,0.0,0.030912621218561198,0.07771763713159036,0.1448586358283366,0.14543496897089353
2023-07-04,风险平价策略,-1.0,0.0,0.0,0.0,0.07188328466515216,0.6911724011563756,0.0,0.0,0.0,0.0,0.08262631870831745,0.15431799547015468,0.14311305485778614
2023-07-05,风险平价策略,-1.0,0.0,0.0,0.0,0.07166414807839973,0.6911087304358257,0.0,0.0,0.0,0.0,0.08272545968064655,0.154501661805128,0.14295664140321526
2023-07-06,风险平价策略,-1.0,0.0,0.0,0.0,0.06601724486807417,0.6350637046219421,0.07946092329363295,0.0,0.0,0.0,0.07642529253582195,0.14303283468052883,0.14459206695080892
2023-07-07,风险平价策略,-1.0,0.0,0.0,0.0,0.0718785156753579,0.6912229726142927,0.0,0.0,0.0,0.0,0.08233583528264926,0.15456267642770022,0.1431402979772157
2023-07-10,风险平价策略,-1.0,0.0,0.0,0.0,0.07188333938490718,0.6911864441258082,0.0,0.0,0.0,0.0,0.08233949248860496,0.1545907240006798,0.14315253723176138
2023-07-11,风险平价策略,-1.0,0.0,0.0,0.0,0.06733980775694857,0.6475019633122877,0.0,0.06320370643936991,0.0,0.0,0.07713807376573893,0.1448164487256549,0.1442165051027844
2023-07-12,风险平价策略,-1.0,0.0,0.0,0.0,0.06441176940956153,0.618852346728942,0.0,0.06029202195571247,0.044276345593017026,0.0,0.0737602959558711,0.13840722035689582,0.14539964051570606
2023-07-13,风险平价策略,-1.0,0.0,0.0,0.0,0.06025635978124327,0.5735626264984712,0.07129635902351525,0.056391646770172374,0.041347372818803595,0.0,0.06766831452102254,0.12947732058677172,0.14710509040192069
2023-07-14,风险平价策略,-1.0,0.0,0.0,0.0,0.06530631713297361,0.6183919420834944,0.0,0.061107448883755,0.04481449912679752,0.0,0.07333318436867572,0.1370466084043037,0.14606813667915022
2023-07-17,风险平价策略,-1.0,0.0,0.0,0.0,0.07003615479221305,0.6923889722793949,0.0,0.0,0.0,0.0,0.08318261721345689,0.15439225571493514,0.14138945093712915
2023-07-18,风险平价策略,-1.0,0.0,0.0,0.0,0.0,0.7444882348305607,0.0,0.0,0.0,0.0,0.08946517572387762,0.16604658944556164,0.07673572375962537
2023-07-19,风险平价策略,-1.0,0.0,0.0,0.0,0.06049094105590043,0.5971668520937728,0.07050181305037673,0.0,0.038553882860055184,0.027596329771079772,0.07201100974742046,0.1336791714213945,0.14887698732441507
2023-07-20,风险平价策略,-1.0,0.0,0.0,0.0,0.0,0.6876196121902229,0.0,0.0,0.04445548571024656,0.031781243099489584,0.08298633090453147,0.15315732809550947,0.0885901955516659
2023-07-21,风险平价策略,-1.0,0.0,0.0,0.0,0.059939717177065255,0.6045739014859522,0.07045179002178441,0.0,0.03893178965471775,0.027860726738142712,0.07020974498940682,0.1280323299329309,0.1468365071450508
2023-07-24,风险平价策略,-1.0,0.0,0.0,0.0,0.060264811192667585,0.6059742892493135,0.06911325918385744,0.0,0.038043476627799895,0.028050482891895014,0.07046522177339733,0.12808845908106925,0.14694108281869103
2023-07-25,风险平价策略,-1.0,0.0,0.0,0.0,0.07036282602147347,0.4789264166571432,0.08024280526854426,0.06924351001564427,0.04432878610168069,0.0327945497018858,0.08338694678671846,0.14071415944691,0.17452421415266958
2023-07-26,风险平价策略,-1.0,0.0,0.0,0.0,0.07023828176122003,0.4790639009079449,0.0803131874319747,0.06897930477275174,0.044359204054346006,0.03281828734696973,0.08343998838345783,0.14078784534133496,0.17441238986236732
2023-07-27,风险平价策略,-1.0,0.0,0.0,0.0,0.07024418913279443,0.479095743524833,0.08025087518469348,0.0689854535686361,0.04436522531955074,0.03281937461816011,0.08344232246588712,0.14079681618544515,0.17441429395607283
2023-07-28,风险平价策略,-1.0,0.0,0.0,0.0,0.07291704136210987,0.47904501858330534,0.08313874471783234,0.0707034272450807,0.04588065843587441,0.034022340936523926,0.0810529642248902,0.13323980449438327,0.17603880598220795
2023-07-31,风险平价策略,-1.0,0.0,0.0,0.0,0.0,0.6020406988271652,0.10636177709343017,0.09022737284949618,0.05644029455150728,0.0436285825974453,0.10130127408095596,0.0,0.08323044359701036
2023-08-01,风险平价策略,-1.0,0.0,0.0,0.0,0.0,0.6020878969333756,0.10636360154357075,0.09020643115142846,0.05642776866693543,0.043621715177645154,0.10129258652704458,0.0,0.08322310843327553
2023-08-02,风险平价策略,-1.0,0.0,0.0,0.0,0.0,0.5214842701562207,0.07967952430306785,0.07841382793401573,0.047181192182104155,0.038555699614410736,0.08865396455565207,0.14603152125452884,0.11110451100291088
2023-08-03,风险平价策略,-1.0,0.0,0.0,0.0,0.0,0.5506807973723269,0.07669796943415423,0.08060725118694287,0.040965578123049934,0.03415332139028054,0.07866098519791785,0.13823409729532768,0.10576054167791304
2023-08-04,风险平价策略,-1.0,0.0,0.0,0.0,0.0,0.6389954897759188,0.08900995070036913,0.09353844840293651,0.0475374295317482,0.039631667129148264,0.09128701445987909,0.0,0.0778134394824358
2023-08-07,风险平价策略,-1.0,0.0,0.0,0.0,0.0,0.644211330833109,0.08769454147625928,0.09468755231703982,0.046967096411686164,0.04035181154865745,0.08608766741324833,0.0,0.0773748011270349
2023-08-08,风险平价策略,-1.0,0.0,0.0,0.0,0.0,0.5552739829051903,0.07468393866755409,0.08156764332528685,0.04062470132838077,0.03426692871020567,0.07350263984190308,0.14008016522147926,0.10553150854603645
2023-08-09,风险平价策略,-1.0,0.0,0.0,0.0,0.0,0.5548969246892099,0.07451825786124905,0.08184207409054477,0.040736095206506485,0.034336204031964294,0.07369757329657937,0.13997287082394624,0.10557588606411221
2023-08-10,风险平价策略,-1.0,0.0,0.0,0.0,0.07137836269643755,0.5157546816207144,0.06951208480442549,0.0760985326598686,0.03801016295609596,0.03204135868661125,0.0687947259137767,0.12841009066207007,0.16918303076766497
2023-08-11,风险平价策略,-1.0,0.0,0.0,0.0,0.0,0.5564409705313924,0.0733942817420587,0.08075053973975264,0.041257523510529824,0.034707904910327485,0.07454009201020169,0.1389086875557373,0.10527914874540216
2023-08-14,风险平价策略,-1.0,0.0,0.0,0.0,0.0,0.5604939681103235,0.073008478085528,0.07583833011225989,0.0390298282781014,0.0354099028532253,0.07562966733683467,0.14058982522372715,0.1049910860511456
2023-08-15,风险平价策略,-1.0,0.0,0.0,0.0,0.06887898673682108,0.5218955815757622,0.06797774507689529,0.07061673109052564,0.03633842427214163,0.032968446972943925,0.07041628035958367,0.13090780391532655,0.16663722916364593
2023-08-16,风险平价策略,-1.0,0.0,0.0,0.0,0.06768367114916175,0.5270678577951294,0.06207151300146456,0.07199870671102664,0.035943794993909275,0.03210270399331025,0.06989437149743104,0.13323738085856707,0.16508764810992727
2023-08-17,风险平价策略,-1.0,0.0,0.0,0.0,0.06802790750835108,0.5236936385634089,0.06256015123416347,0.07257868902016693,0.03619630740931659,0.03228785783764099,0.07048400992312896,0.13417143850382302,0.16595887375183532
2023-08-18,风险平价策略,-1.0,0.0,0.0,0.0,0.06782456823807363,0.5263277157589487,0.06284285404612193,0.07196820715012402,0.03634393581957036,0.03241305966194302,0.07078775737085195,0.13149190195436655,0.16512332011002884
2023-08-21,风险平价策略,-1.0,0.0,0.0,0.0,0.06695532948757821,0.5266453625210048,0.06295853128211291,0.07210126829706182,0.036394342883577534,0.0324440325114673,0.0708862171563146,0.1316149158608828,0.1643675448485171
2023-08-22,风险平价策略,-1.0,0.0,0.0,0.0,0.07032878452203499,0.5257601222660172,0.06616377415033523,0.07552353651251445,0.03858783586533765,0.031102419856476892,0.05678888323468687,0.1357446435925968,0.16804651876235777
2023-08-23,风险平价策略,-1.0,0.0,0.0,0.0,0.06987408411760733,0.5254839255313117,0.0664465192043487,0.07581067872866813,0.038476982879868595,0.0307362175267632,0.05701463813250496,0.13615695387892734,0.16768486066664
2023-08-24,风险平价策略,-1.0,0.0,0.0,0.0,0.06893949093302618,0.5270479134007432,0.06676684463649142,0.07431719189801289,0.03880022627541613,0.029870625174510272,0.05739986676533679,0.13685784091646305,0.16662595127233293
2023-08-25,风险平价策略,-1.0,0.0,0.0,0.0,0.07059774821306747,0.5168648909238138,0.06872480977192763,0.07660631762263444,0.039957685959865305,0.030778171608619145,0.05928622801854886,0.13718414788152325,0.16953294344646583
2023-08-28,风险平价策略,-1.0,0.0,0.0,0.0,0.07097149948681626,0.5148465158633385,0.06902406912135021,0.0770322566581448,0.0395780079161861,0.030958163917664865,0.05960837353117975,0.13798111350531964,0.1702303486480662
2023-08-29,风险平价策略,-1.0,0.0,0.0,0.0,0.07255079973830096,0.5044001105289664,0.07058103539837499,0.07879012280227728,0.03961620204961695,0.031304486373287484,0.06105460049935158,0.14170264260982435,0.1734262157971829
2023-08-30,风险平价策略,-1.0,0.0,0.0,0.0,0.0,0.5436502405737532,0.0762714676951093,0.08513209301233535,0.04276915686148573,0.03378157136791479,0.06554113166196167,0.15285433882744007,0.10881624721945853
2023-08-31,风险平价策略,-1.0,0.0,0.0,0.0,0.06977781248986537,0.5057014542628995,0.07105760193726242,0.07928932914554844,0.03957423403652897,0.03138607299824061,0.061001888134823164,0.14221160699483165,0.1709965163814144
2023-09-01,风险平价策略,-1.0,0.0,0.0,0.0,0.0,0.5110619017714965,0.08238994229693593,0.09211668709646997,0.046100350026616485,0.036662754402174876,0.06760444979974899,0.1640639146065572,0.11499322372425651
2023-09-04,风险平价策略,-1.0,0.0,0.0,0.0,0.08499468582562496,0.45770224131370035,0.07864390785455849,0.06989621565429464,0.04205617508797746,0.03871947870623661,0.05635036853163039,0.17163692702597705,0.19512733204722138
2023-09-05,风险平价策略,-1.0,0.0,0.0,0.0,0.0,0.4977914713324668,0.08494817309146684,0.07721972127565556,0.04607154753491497,0.04271590889521339,0.06209125925989818,0.18916191861038423,0.12093010472414945
2023-09-06,风险平价策略,-1.0,0.0,0.0,0.0,0.08254844011079132,0.4428280929889279,0.08064720574054371,0.07340378802624452,0.04376378393603651,0.04052175363683406,0.0591488381853745,0.17713809737524747,0.19596212210028172
2023-09-07,风险平价策略,-1.0,0.0,0.0,0.0,0.14840429783416254,0.0,0.14283695061004395,0.1327875663576235,0.07663492152158721,0.07327143332690678,0.10687606076495523,0.31918876958472076,0.3322457592554353
2023-09-08,风险平价策略,-1.0,0.0,0.0,0.0,0.14931217717073675,0.0,0.13995808962616496,0.12547599859999317,0.0765779736335702,0.07714375713952919,0.09696120909398342,0.33457079473602225,0.33577066879758244
2023-09-11,风险平价策略,-1.0,0.0,0.0,0.0,0.08207395834676345,0.45088740920442294,0.0769330928973603,0.06895578671101822,0.04210095268908227,0.042211911450180335,0.05330224045192458,0.18353464824924798,0.19567233070395593
2023-09-12,风险平价策略,-1.0,0.0,0.0,0.0,0.08168049479789213,0.4516054144528056,0.0770909908762002,0.0691433259945494,0.04219077836618744,0.04230968905967657,0.052207536884502706,0.18377176956818606,0.19532272895395802
2023-09-13,风险平价策略,-1.0,0.0,0.0,0.0,0.08230264044405036,0.4546086525519416,0.07696588619022773,0.067363085429666,0.041833701417082945,0.04269127334416868,0.04948474861170872,0.18475001201115404,0.19569644961071525
2023-09-14,风险平价策略,-1.0,0.0,0.0,0.0,0.08230509804668547,0.4546870934508323,0.07696087389741636,0.06737631920926258,0.041836199844576274,0.04269573140093726,0.04938893830358849,0.18474974584670126,0.19569150511844566
2023-09-15,风险平价策略,-1.0,0.0,0.0,0.0,0.08694449827274678,0.43744169761896473,0.08117110195324155,0.07121803465384166,0.04421023245636067,0.045108277959795745,0.052359014313544755,0.18154714277150416,0.20185306287185215
2023-09-18,风险平价策略,-1.0,0.0,0.0,0.0,0.09252549338472245,0.44181230001126115,0.08141196961411842,0.0702463183710207,0.04373249343574037,0.04784090586317505,0.052389620768899865,0.170040898551062,0.20500184301717247
2023-09-19,风险平价策略,-1.0,0.0,0.0,0.0,0.0940212462990378,0.4465102299185913,0.0762931954142445,0.07178878540975495,0.044651671554966535,0.04707180140419142,0.047557564521911254,0.17210550547730238,0.20590290451402118
2023-09-20,风险平价策略,-1.0,0.0,0.0,0.0,0.09438287840111137,0.44607052859603247,0.07644299991017375,0.07206381024441336,0.04446076112614812,0.04604648573842485,0.04777116445587976,0.17276137152781626,0.20617237147554018
2023-09-21,风险平价策略,-1.0,0.0,0.0,0.0,0.08825348398691671,0.45492244414295824,0.07634735491257699,0.07434802984267377,0.042288204011519046,0.04531580661667005,0.046167262058343414,0.17235741442834185,0.19968967955814382
2023-09-22,风险平价策略,-1.0,0.0,0.0,0.0,0.1626250474183908,0.0,0.13667899724829008,0.13719880474529872,0.0780218912889994,0.08345181413461918,0.08524819255049433,0.3167752526139075,0.3461931335430314
2023-09-25,风险平价策略,-1.0,0.0,0.0,0.0,0.19066891986993706,0.0,0.0,0.15497313484223324,0.08956915159018736,0.09588593335069139,0.09788738379605681,0.371015476550894,0.3779845692149852
2023-09-26,风险平价策略,-1.0,0.0,0.0,0.0,0.10078019370181533,0.4782124627100179,0.0,0.08381641069192772,0.04435389331131939,0.04810132435964811,0.05287752906767798,0.19185818615759367,0.20967308754121028
2023-09-27,风险平价策略,-1.0,0.0,0.0,0.0,0.10023879586709925,0.4914241932332372,0.0,0.0855185715807783,0.045265861465619846,0.04910517463390984,0.053847417640360135,0.17459998557899542,0.20550438473822677
2023-09-28,风险平价策略,-1.0,0.0,0.0,0.0,0.09489837112510818,0.47748847223353713,0.07509776141566953,0.08170109760246075,0.0432369536090928,0.046948549625068905,0.05063958128784146,0.12998921310122127,0.19727734360317664
2023-10-09,风险平价策略,-1.0,0.0,0.0,0.0,0.1015699180910119,0.5425386002968939,0.09366219787409209,0.06779297629408945,0.031003910297336783,0.022232216210146524,0.03772604586216667,0.10347413507426262,0.18722832868601264
2023-10-10,风险平价策略,-1.0,0.0,0.0,0.0,0.1091984832065595,0.6862992557547463,0.0,0.08597173077167444,0.041412629353520504,0.03164586050078018,0.04547204041271894,0.0,0.1631896291278977
2023-10-11,风险平价策略,-1.0,0.0,0.0,0.0,0.34858424118063236,0.0,0.0,0.2745921450395292,0.13135060026569492,0.10089409529857299,0.14457891821557037,0.0,0.46592995629569267
2023-10-12,风险平价策略,-1.0,0.0,0.0,0.0,0.27957922513969025,0.0,0.0,0.2204199962990442,0.0,0.07928968103574979,0.11618427670263365,0.30452682082288207,0.4405905882807266
2023-10-13,风险平价策略,-1.0,0.0,0.0,0.0,0.4055606916370044,0.0,0.0,0.3097283666411107,0.0,0.11536088522449761,0.16935005649738716,0.0,0.5140482209160817
2023-10-16,风险平价策略,-1.0,0.0,0.0,0.0,0.1047918145307558,0.6271773371684787,0.0,0.08002004726735837,0.0,0.02980287446418386,0.043752546212111255,0.11445538035711207,0.1805467128588498
2023-10-17,风险平价策略,-1.0,0.0,0.0,0.0,0.26028996864091486,0.0,0.0,0.18151904284697548,0.09430339624247382,0.07199741841073856,0.10855144192709254,0.28333873193180475,0.4218502991405152
2023-10-18,风险平价策略,-1.0,0.0,0.0,0.0,0.25716090669746366,0.0,0.0,0.18232869768887386,0.09463406414041815,0.07223712542504349,0.10900696029862664,0.2846322457495742,0.4194051030162707
2023-10-19,风险平价策略,-1.0,0.0,0.0,0.0,0.0,0.0,0.0,0.2464275942505109,0.1247106298746934,0.09603212041204791,0.1469411740035172,0.3858884814592306,0.21851062811967675
2023-10-20,风险平价策略,-1.0,0.0,0.0,0.0,0.2350286315300288,0.0,0.0,0.21477426626989463,0.0,0.08400725747250083,0.1285788777830268,0.33761096694454895,0.4075211613806794
2023-10-23,风险平价策略,-1.0,0.0,0.0,0.0,0.0,0.0,0.0,0.27913784393870517,0.0,0.10720456600840163,0.16717735354183455,0.44648023651105867,0.2257150383364163
2023-10-24,风险平价策略,-1.0,0.0,0.0,0.0,0.0,0.0,0.0,0.2473342533209156,0.12225663642891849,0.09313580167197165,0.1455969878193956,0.3916763207587987,0.21875754348827864
2023-10-25,风险平价策略,-1.0,0.0,0.0,0.0,0.0,0.6217957002432327,0.0,0.09416748948554939,0.046614726507680664,0.03456211621144812,0.05548478694468062,0.14737518060740848,0.09807414439062069
2023-10-26,风险平价策略,-1.0,0.0,0.0,0.0,0.0,0.0,0.0,0.24793572942380937,0.12347734168799705,0.09146299843135754,0.14696137964900644,0.3901625508078296,0.21827951787336652
2023-10-27,风险平价策略,-1.0,0.0,0.0,0.0,0.0,0.0,0.0,0.2467434306701364,0.12365584717651909,0.09161453315511157,0.1472057100584501,0.3907804789397827,0.21837236994760345
2023-10-30,风险平价策略,-1.0,0.0,0.0,0.0,0.0,0.0,0.0,0.2817958958397344,0.0,0.10386742009051741,0.1681339252625286,0.44620275880721955,0.22511910051347328
2023-10-31,风险平价策略,-1.0,0.0,0.0,0.0,0.0,0.6537376636845468,0.0,0.09878601713615182,0.0,0.0352196431718184,0.05586663189260819,0.1563900441148748,0.09447136464708386
2023-11-01,风险平价策略,-1.0,0.0,0.0,0.0,0.0,0.6556904152999881,0.0,0.09924385896837991,0.0,0.03491824272178512,0.05614492013885261,0.15400256287099442,0.093864672710341
2023-11-02,风险平价策略,-1.0,0.0,0.0,0.0,0.0,0.6557705969754771,0.0,0.09910718396422794,0.0,0.034928670375162604,0.05615598154430201,0.15403756714083042,0.09385938527890722
2023-11-03,风险平价策略,-1.0,0.0,0.0,0.0,0.0,0.6240046603355142,0.0,0.09471305060417816,0.047325744491770676,0.03342404853460196,0.053757649460608924,0.1467748465733261,0.09758072817014048
2023-11-06,风险平价策略,-1.0,0.0,0.0,0.0,0.0,0.6288416507931678,0.0,0.09584160130755837,0.04628393874117409,0.03260262462970764,0.05446976471381639,0.14196041981457577,0.09618679390742192
2023-11-07,风险平价策略,-1.0,0.0,0.0,0.0,0.0,0.6312637620668493,0.0,0.0964949111549839,0.046707641492988214,0.030306135647995853,0.05555400038751923,0.1396735492496635,0.0951896561379186
2023-11-08,风险平价策略,-1.0,0.0,0.0,0.0,0.0,0.6336184192168477,0.0,0.09701233906503341,0.04706416153876174,0.02953709392280322,0.05594123989667068,0.13682674635988323,0.09439906241504757
2023-11-09,风险平价策略,-1.0,0.0,0.0,0.0,0.0,0.6406706812979803,0.0,0.09459224238705913,0.04811317362121777,0.02871391953426946,0.05737320723386588,0.1305367759256075,0.09252803378052489
2023-11-10,风险平价策略,-1.0,0.0,0.0,0.0,0.0,0.6439075489452186,0.0,0.0938375143090823,0.04854037120288228,0.028965483172658176,0.05340098606178544,0.1313480963083731,0.09235210388720082
2023-11-13,风险平价策略,-1.0,0.0,0.0,0.0,0.0,0.6827484179115734,0.0,0.0933593899920745,0.0,0.030668305676219393,0.05682590041873867,0.13639798600139394,0.0873988737977378
2023-11-14,风险平价策略,-1.0,0.0,0.0,0.0,0.0,0.0,0.2444922967804821,0.20898586815575732,0.1138486150500469,0.0,0.12719817790536744,0.30547504210834625,0.193979545866341
2023-11-15,风险平价策略,-1.0,0.0,0.0,0.0,0.0,0.0,0.0,0.2765843380960592,0.15068664470515028,0.0,0.16838027038770317,0.40434874681108746,0.20497730795275093
2023-11-16,风险平价策略,-1.0,0.0,0.0,0.0,0.0,0.0,0.24592100775456613,0.20883137556336148,0.11483162659130162,0.0,0.12716259537315308,0.3032533947176178,0.19372384577083257
2023-11-17,风险平价策略,-1.0,0.0,0.0,0.0,0.0,0.0,0.2518200814106384,0.2035540168504264,0.11690844607048344,0.0,0.11534635956851634,0.31237109609993546,0.1951932252056416
2023-11-20,风险平价策略,-1.0,0.0,0.0,0.0,0.0,0.0,0.2951546621631912,0.23904334533504035,0.13736877347465015,0.0,0.0,0.32843321902711825,0.20078567401800068
2023-11-21,风险平价策略,-1.0,0.0,0.0,0.0,0.21923135436409671,0.0,0.271573272914475,0.21538328249466238,0.0,0.0,0.0,0.2938120902267659,0.3794117884930531
2023-11-22,风险平价策略,-1.0,0.0,0.0,0.0,0.0,0.0,0.0,0.33740138770214173,0.0,0.0,0.18812240074208553,0.4744762115557728,0.2112934733644302
2023-11-23,风险平价策略,-1.0,0.0,0.0,0.0,0.0,0.0,0.0,0.4146320157541349,0.0,0.0,0.0,0.5853679842458651,0.23024415810950383
2023-11-24,风险平价策略,-1.0,0.0,0.0,0.0,0.0,0.0,0.0,0.4145963123544293,0.0,0.0,0.0,0.5854036876455707,0.2302484425174685
2023-11-27,风险平价策略,-1.0,0.0,0.0,0.0,0.0,0.0,0.0,0.4152678665633352,0.0,0.0,0.0,0.5847321334366647,0.23016785601239978
2023-11-28,风险平价策略,-1.0,0.0,0.0,0.0,0.0,0.0,0.0,0.40924446743334736,0.0,0.0,0.0,0.5907555325666526,0.2308906639079983
2023-11-29,风险平价策略,-1.0,0.0,0.0,0.0,0.0,0.0,0.0,0.37979342259555326,0.0,0.0,0.0,0.6202065774044467,0.23442478928853364
2023-11-30,风险平价策略,-1.0,0.0,0.0,0.0,0.0,0.0,0.0,0.37977818543921293,0.0,0.0,0.0,0.6202218145607871,0.23442661774729448
2023-12-01,风险平价策略,0.0,0.0,0.0,0.0,0.3941644208552661,0.0,0.0,0.0,0.0,0.0,0.0,0.605835579144734,0.5637983830157917
2023-12-04,风险平价策略,0.0,0.0,0.0,0.0,0.0,0.0,0.0,0.0,0.0,0.0,0.0,1.0,0.28
2023-12-05,风险平价策略,0.0,0.0,0.0,0.0,0.0,0.8397100866551926,0.0,0.0,0.0,0.0,0.0,0.1602899133448073,0.06587392790292587
2023-12-06,风险平价策略,0.0,0.0,0.0,0.0,0.0,0.8398802029898951,0.0,0.0,0.0,0.0,0.0,0.16011979701010487,0.06583054823757674
2023-12-07,风险平价策略,0.0,0.0,0.0,0.0,0.0,0.8392931978228041,0.0,0.0,0.0,0.0,0.0,0.16070680217719577,0.06598023455518492
2023-12-08,风险平价策略,0.0,0.0,0.0,0.0,0.0,0.8392826021533673,0.0,0.0,0.0,0.0,0.0,0.1607173978466326,0.06598293645089132
2023-12-11,风险平价策略,0.0,0.0,0.0,0.0,0.0,0.737264255746436,0.1278908920490737,0.0,0.0,0.0,0.0,0.13484485220449047,0.07665070773877003
2023-12-12,风险平价策略,0.0,0.0,0.0,0.0,0.0,0.8463464538333425,0.0,0.0,0.0,0.0,0.0,0.1536535461666576,0.0641816542724977
2023-12-13,风险平价策略,0.0,0.0,0.0,0.0,0.0,0.8502595056657029,0.0,0.0,0.0,0.0,0.0,0.14974049433429715,0.06318382605524578
2023-12-14,风险平价策略,0.0,0.0,0.0,0.0,0.0,0.8440652646103352,0.0,0.0,0.0,0.0,0.0,0.15593473538966485,0.06476335752436455
2023-12-15,风险平价策略,0.0,0.0,0.0,0.0,0.0,0.8446927394409213,0.0,0.0,0.0,0.0,0.0,0.1553072605590788,0.0646033514425651
2023-12-18,风险平价策略,0.0,0.0,0.0,0.0,0.0,0.8438366963260351,0.0,0.0,0.0,0.0,0.0,0.156163303673965,0.06482164243686109
2023-12-19,风险平价策略,0.0,0.0,0.0,0.0,0.0,0.7591521181587627,0.0,0.10033474535008065,0.0,0.0,0.0,0.1405131364911565,0.07437604042750579
2023-12-20,风险平价策略,0.0,0.0,0.0,0.0,0.0,0.6712990535285549,0.11339205020385425,0.08970844110939963,0.0,0.0,0.0,0.1256004551581912,0.08444668239262804
2023-12-21,风险平价策略,0.0,0.0,0.0,0.0,0.0,0.6713889423048246,0.11339872021780377,0.08958993223299033,0.0,0.0,0.0,0.1256224052443813,0.08443718141817444
2023-12-22,风险平价策略,0.0,0.0,0.0,0.0,0.0,0.6714990253277572,0.1133401150485094,0.08957117034570596,0.0,0.0,0.0,0.12558968927802738,0.08441839429411606
2023-12-25,风险平价策略,0.0,0.0,0.0,0.0,0.0,0.7373095645987838,0.12466219650531107,0.0,0.0,0.0,0.0,0.1380282388959051,0.0770265974466728
2023-12-26,风险平价策略,0.0,0.0,0.0,0.0,0.0,0.6717548654557935,0.11365473114993571,0.08874978632365767,0.0,0.0,0.0,0.12584061707061306,0.08441396721194144
2023-12-27,风险平价策略,0.0,0.0,0.0,0.0,0.0,0.67180897487084,0.11358490182415454,0.08877033056521283,0.0,0.0,0.0,0.1258357927397926,0.0844060835212117
2023-12-28,风险平价策略,0.0,0.0,0.0,0.0,0.0,0.6618416845408609,0.11708852163983949,0.09143794188235999,0.0,0.0,0.0,0.1296318519369397,0.08620719481941656
2023-12-29,风险平价策略,0.0,0.0,0.0,0.0,0.0,0.6745380256846255,0.10843070909784748,0.09329267329988715,0.0,0.0,0.0,0.12373859191763989,0.08378599756269235
2024-01-02,风险平价策略,0.0,0.0,0.0,0.0,0.0,0.6632857043811489,0.1121337828241679,0.0965205488263757,0.0,0.0,0.0,0.12805996396830754,0.08582362558474183
2024-01-03,风险平价策略,0.0,0.0,0.0,0.0,0.08852928560095154,0.6233995788656622,0.0987490504579089,0.06921936364408811,0.0,0.0,0.0,0.1201027214313892,0.1646179833297016
2024-01-04,风险平价策略,0.0,0.0,0.0,0.0,0.08587024788940749,0.6029244822835711,0.09387667129441332,0.06523786436005692,0.03904856114063519,0.0,0.0,0.11304217303191601,0.16469174949405646
2024-01-05,风险平价策略,0.0,0.0,0.0,0.0,0.08578850012816593,0.6033925299520645,0.09383701957817585,0.0649303213806732,0.039091635283215305,0.0,0.0,0.11295999367770528,0.16455046415828747
2024-01-08,风险平价策略,0.0,0.0,0.0,0.0,0.0,0.6905282257618434,0.10743105592623786,0.07324606319338817,0.0,0.0,0.0,0.12879465511853058,0.08223404813637482
2024-01-09,风险平价策略,0.0,0.0,0.0,0.0,0.0,0.6938456091207031,0.10783418630332728,0.07030939128360675,0.0,0.0,0.0,0.12801081329236286,0.08169214036378863
2024-01-10,风险平价策略,0.0,0.0,0.0,0.0,0.0,0.6815999043519587,0.10799621252791644,0.07627965656012556,0.0,0.0,0.0,0.13412422655999923,0.08407892009968547
2024-01-11,风险平价策略,0.0,0.0,0.0,0.0,0.0,0.681675985306358,0.10801568375611172,0.07621976309777283,0.0,0.0,0.0,0.13408856783975762,0.0840643701244126
2024-01-12,风险平价策略,0.0,0.0,0.0,0.0,0.08557297223762261,0.598623245596689,0.10723399223462048,0.07485592360024045,0.0,0.0,0.0,0.1337138663308274,0.16711282248374926
2024-01-15,风险平价策略,0.0,0.0,0.0,0.0,0.08676865679699489,0.6042623404843276,0.10093707492378698,0.07212040546556917,0.0,0.0,0.0,0.13591152232932144,0.16761963842361008
2024-01-16,风险平价策略,0.0,0.0,0.0,0.0,0.08377301901391855,0.5782577075555364,0.09750633822773119,0.06890337995586286,0.04061043626358522,0.0,0.0,0.1309491189833659,0.16842454409233396
2024-01-17,风险平价策略,0.0,0.0,0.0,0.0,0.07393678240153366,0.5963505880307721,0.09914485774851187,0.07109987033570123,0.04141308232894706,0.0,0.0,0.11805481915453411,0.1561802769549676
2024-01-18,风险平价策略,0.0,0.0,0.0,0.0,0.0,0.691714216659277,0.11928513443220709,0.0,0.0497983553185076,0.0,0.0,0.13920229359000832,0.08382083953498368
2024-01-19,风险平价策略,0.0,0.0,0.0,0.0,0.0,0.6919611128713641,0.1185102335473612,0.0,0.04993927463554918,0.0,0.0,0.1395893789457255,0.0838353679822084
2024-01-22,风险平价策略,0.0,0.0,0.0,0.0,0.0,0.6945615469529602,0.11964955133413059,0.0,0.05039931175472412,0.0,0.0,0.135389589958185,0.08298493507387981
2024-01-23,风险平价策略,0.0,0.0,0.0,0.0,0.0,0.7999767920211382,0.14075114826854737,0.0,0.059272059710314406,0.0,0.0,0.0,0.05259585367424949
2024-01-24,风险平价策略,0.0,0.0,0.0,0.0,0.07402180778024073,0.7407496185579769,0.13034845859561078,0.0,0.05488011506617142,0.0,0.0,0.0,0.12272592118073702
2024-01-25,风险平价策略,0.0,0.0,0.0,0.0,0.07412055473739411,0.7405516797015043,0.13081890701813725,0.0,0.05450885854296439,0.0,0.0,0.0,0.12283187780513763
2024-01-26,风险平价策略,0.0,0.0,0.0,0.0,0.07488447356122466,0.738056133075301,0.1319768101681994,0.0,0.055082583195274815,0.0,0.0,0.0,0.1238162056582158
2024-01-29,风险平价策略,0.0,0.0,0.0,0.0,0.06546253970707437,0.6469544694493881,0.11422899096582602,0.0,0.047910056669259356,0.0,0.0,0.1254439432084522,0.14318205372998194
2024-01-30,风险平价策略,0.0,0.0,0.0,0.0,0.06355809289791316,0.6479476242443204,0.11472899913402405,0.0,0.04777371802709328,0.0,0.0,0.12599156569664918,0.14151259382513265
2024-01-31,风险平价策略,0.0,0.0,0.0,0.0,0.06266035560498115,0.6488894052345848,0.1150148592129603,0.0,0.047093461719836235,0.0,0.0,0.1263419182276374,0.14066659380603005
2024-02-01,风险平价策略,0.0,0.0,0.0,0.0,0.060519798279189456,0.6451664651350847,0.11244541027932259,0.0,0.04503243151633688,0.0,0.0,0.13683589479006636,0.14060978945125405
2024-02-02,风险平价策略,0.0,0.0,0.0,0.0,0.06101647891939624,0.6507480107247651,0.10570663560801612,0.0,0.04434997328359998,0.0,0.0,0.1381789014642227,0.1404278287529923
2024-02-05,风险平价策略,0.0,0.0,0.0,0.0,0.06186192817812255,0.6570019459211021,0.10593219807798356,0.0,0.04487913203748311,0.0,0.0,0.13032479578530862,0.13935652378488603
2024-02-06,风险平价策略,0.0,0.0,0.0,0.0,0.06855159436043912,0.5570721552858819,0.1049155122274013,0.0802694843146424,0.049602181227614214,0.0,0.0,0.139589072584021,0.15962530882153345
2024-02-07,风险平价策略,0.0,0.0,0.0,0.0,0.06855562477105287,0.5570329675060155,0.10491695302814791,0.08028462676175119,0.04960863091902306,0.0,0.0,0.13960119701400944,0.1596355041452437
2024-02-08,风险平价策略,0.0,0.0,0.0,0.0,0.07384704640703948,0.5764919291035829,0.11179754041970448,0.08680639430347899,0.0,0.0,0.0,0.15105708976619414,0.16233195932487277
2024-02-19,风险平价策略,0.0,0.0,0.0,0.0,0.07942433080812243,0.6180200250949847,0.12035954857049165,0.0,0.0,0.028226113770704084,0.0,0.15396998175569718,0.16627631050499622
2024-02-20,风险平价策略,0.0,0.0,0.0,0.0,0.07956352067144905,0.6181386153261897,0.1205280843438322,0.0,0.0,0.028353141148802025,0.0,0.153416638509727,0.16633114349995715
2024-02-21,风险平价策略,0.0,0.0,0.0,0.0,0.07313099080335943,0.568143211544721,0.11081206188851636,0.08119445346672648,0.0,0.025704467172867,0.0,0.1410148151238098,0.1657651912788005
2024-02-22,风险平价策略,0.0,0.0,0.0,0.0,0.07541728004136593,0.585555983753043,0.11441761666331236,0.0,0.05320130650374255,0.02654662586991915,0.0,0.14486118716861718,0.16646327309254516
2024-02-23,风险平价策略,0.0,0.0,0.0,0.0,0.06994173273339437,0.5425453502303806,0.10607670330625521,0.07542667592824259,0.04863687511201994,0.02462359629186797,0.0,0.13274906639783923,0.16586346534050966
2024-02-26,风险平价策略,0.0,0.0,0.0,0.0,0.05463631926161186,0.5597583731702617,0.10073530405404776,0.07547849996334961,0.04684954557844944,0.02382607241630392,0.0,0.13871588555597564,0.15125370111087882
2024-02-27,风险平价策略,0.0,0.0,0.0,0.0,0.05471023165179248,0.5593275904796058,0.10075767247487143,0.07558843760150523,0.046917184067993147,0.023857265750973886,0.0,0.13884161797325806,0.15139469839038563
2024-02-28,风险平价策略,0.0,0.0,0.0,0.0,0.05768289607018094,0.6080600520488507,0.10666768362235393,0.0,0.05098214048699212,0.025987860723312075,0.0,0.15061936704831033,0.14910772883875426
2024-02-29,风险平价策略,0.0,0.0,0.0,0.0,0.053350899543961244,0.5624211333111166,0.09868026430464509,0.07503005477163066,0.04715156677288479,0.02403629407596944,0.0,0.13932978721979208,0.1499247998061857
2024-03-01,风险平价策略,0.0,0.0,0.0,0.0,0.06201601042905609,0.493419676406138,0.11493471367052328,0.08697720481472697,0.05266489016742644,0.02786912229110767,0.0,0.1621183822210215,0.16992170678035257
2024-03-04,风险平价策略,0.0,0.0,0.0,0.0,0.06201392706383287,0.4934128304326633,0.11494477370819046,0.08697162134167107,0.0526605371100001,0.027868267900868052,0.0,0.16212804244277393,0.1699218599535818
2024-03-05,风险平价策略,0.0,0.0,0.0,0.0,0.06255330830139579,0.49599799638554976,0.11390197561463528,0.08787938365604316,0.04940455046006393,0.02725700514622227,0.0,0.1630057804360899,0.17000090944145024
2024-03-06,风险平价策略,0.0,0.0,0.0,0.0,0.06256128456791632,0.4959564492015787,0.11394015911004736,0.08786549819943384,0.04941667137739922,0.02724818527930436,0.0,0.16301175226432016,0.1700126450250177
2024-03-07,风险平价策略,0.0,0.0,0.0,0.0,0.0628775498969252,0.49385592280365875,0.11458617598537493,0.08829863436349217,0.04920617274664517,0.02739351036443721,0.0,0.1637820338394666,0.17067545978143564
2024-03-08,风险平价策略,0.0,0.0,0.0,0.0,0.06304281974028193,0.49257586326378705,0.11490507486489339,0.08852360798857152,0.049313303058685296,0.027458934048384384,0.0,0.16418039703539647,0.17104643716380152
2024-03-11,风险平价策略,0.0,0.0,0.0,0.0,0.06202286949694054,0.4923077801764462,0.10603715792782041,0.09163627602970452,0.04943257713139653,0.027027755919914066,0.0,0.17153558331777755,0.1710406967702433
2024-03-12,风险平价策略,0.0,0.0,0.0,0.0,0.0546141547247859,0.4741035452065075,0.11618843038973242,0.09905130778360956,0.053755060438990365,0.029256701645422385,0.0,0.1730307998109518,0.16785423021091334
2024-03-13,风险平价策略,0.0,0.0,0.0,0.0,0.054561735296561796,0.4750666855508727,0.11644201142361565,0.0992814807674507,0.05385829678756426,0.029319543291259312,0.0,0.17147024688267562,0.16750399462014232
2024-03-14,风险平价策略,0.0,0.0,0.0,0.0,0.05584133050574613,0.4656006268113838,0.11935005245986503,0.0986506900900344,0.055131391254535644,0.029967585425435643,0.0,0.1754583234529994,0.17045175940026494
2024-03-15,风险平价策略,0.0,0.0,0.0,0.0,0.055831331145426225,0.46556771294488053,0.11938674997905696,0.09864997923445347,0.05513810253252823,0.029967906339878655,0.0,0.17545821782377596,0.17044790909315816
2024-03-18,风险平价策略,0.0,0.0,0.0,0.0,0.05881042634797959,0.4851226059714246,0.11620429543934586,0.10233454704422557,0.05792260851990019,0.02868456639370443,0.0,0.15092095028341984,0.16718847706836265
2024-03-19,风险平价策略,0.0,0.0,0.0,0.0,0.05850332582976857,0.4856512342387157,0.11637930601560943,0.1015938004913887,0.05800577580795055,0.02871986086547774,0.0,0.1511466967510894,0.16689271618146567
2024-03-20,风险平价策略,0.0,0.0,0.0,0.0,0.060730616804635394,0.4739357427730143,0.11562475730214092,0.10533002032290012,0.05818132621841,0.0297872788308114,0.0,0.1564102577480878,0.17114940164642126
2024-03-21,风险平价策略,0.0,0.0,0.0,0.0,0.057314978728100215,0.44670898497048495,0.10923861117562995,0.09954473814891288,0.05186681834872058,0.02787231342729641,0.06015616971006404,0.1472973854907909,0.16868810866003633
2024-03-22,风险平价策略,0.0,0.0,0.0,0.0,0.07064689154400204,0.4527860898284716,0.10001627908883655,0.11771086258539776,0.06939447462209558,0.03473596194654115,0.0,0.1547094403846553,0.18303409827394423
2024-03-25,风险平价策略,0.0,0.0,0.0,0.0,0.07589351855932772,0.48578502904807797,0.10773711846874373,0.1266022936104519,0.0,0.037386676882223434,0.0,0.16659536343117523,0.18414288858124153
2024-03-26,风险平价策略,0.0,0.0,0.0,0.0,0.07609272603565051,0.4856908551154974,0.10665851694214717,0.126980094724891,0.0,0.03749694058257153,0.0,0.1670808665992424,0.1843988389144748
2024-03-27,风险平价策略,0.0,0.0,0.0,0.0,0.0696557198480372,0.45386800813607553,0.09992197632579261,0.11591676098953367,0.06986553376175889,0.034302328715028245,0.0,0.1564696722237739,0.18220201217285603
2024-03-28,风险平价策略,0.0,0.0,0.0,0.0,0.06965264726603426,0.45357947077415933,0.10000200839116156,0.11596350730562123,0.06987965807031518,0.03432147998646373,0.0,0.15660122820624478,0.182257375912244
2024-03-29,风险平价策略,-1.0,0.0,0.0,0.0,0.074889276263571,0.4876376201234154,0.10752350897067578,0.12467708401123435,0.0,0.03690215206109815,0.0,0.1683703585700053,0.1831847007029149
2024-04-01,风险平价策略,-1.0,0.0,0.0,0.0,0.07223142268998951,0.4336678295189976,0.10403999241764159,0.11997556734170989,0.07233832081365629,0.035451547223508406,0.0,0.1622953199944968,0.18800030723776406
2024-04-02,风险平价策略,-1.0,0.0,0.0,0.0,0.07220711350766644,0.4336614343504205,0.10406463502077411,0.11996615964311552,0.07231771896651855,0.035456065396776364,0.0,0.16232687311472843,0.18798505413604985
2024-04-03,风险平价策略,-1.0,0.0,0.0,0.0,0.07219658007881244,0.43367803406008726,0.1040916826352727,0.11997556244733615,0.07224208884453652,0.03546342852358874,0.0,0.16235262341036635,0.18797747692955422
2024-04-08,风险平价策略,-1.0,0.0,0.0,0.0,0.06846607048439173,0.4112277487716844,0.09871798201485672,0.11380684183124011,0.06783930618968172,0.033641067768497866,0.05238380429821356,0.1539171786414339,0.18495526433559378
2024-04-09,风险平价策略,-1.0,0.0,0.0,0.0,0.06727254995184596,0.4121941199594948,0.09898289715162834,0.11415461507631795,0.06685887812312678,0.033769757272418176,0.05249171311797626,0.15427546934719188,0.18387279063796075
2024-04-10,风险平价策略,-1.0,0.0,0.0,0.0,0.06783117725110036,0.4081505237131173,0.09994503382391122,0.11510128127329221,0.06736557431397973,0.03360527926586438,0.05238397823041155,0.15561715212832336,0.18503090752381804
2024-04-11,风险平价策略,-1.0,0.0,0.0,0.0,0.0706200885719301,0.4255408869132817,0.0940000290316219,0.11593050838255942,0.06690275274012326,0.0352847017902167,0.05066464542882404,0.14105638714144297,0.1835942615750726
2024-04-12,风险平价策略,-1.0,0.0,0.0,0.0,0.07030361052442043,0.4259012049032252,0.0941024780755323,0.11610555386533905,0.0663229754588561,0.035353907110043346,0.0507221882075992,0.14118808185498435,0.1832991292471434
2024-04-15,风险平价策略,-1.0,0.0,0.0,0.0,0.07240979859681082,0.4367768740362868,0.09778854150539656,0.11609365210740276,0.06815366359569877,0.035033962097254394,0.05251902610568779,0.1212244819554622,0.1811176904494249
2024-04-16,风险平价策略,-1.0,0.0,0.0,0.0,0.07414392238448787,0.4534399576193959,0.09801867342108084,0.08315847179465245,0.07162890674161744,0.03699582917151789,0.05496891570735744,0.1276453231598902,0.18137049356717652
2024-04-17,风险平价策略,-1.0,0.0,0.0,0.0,0.07451227346194299,0.45700692180918223,0.09923312433136777,0.08359554688579623,0.07220943780845242,0.036398533602810056,0.04806064076301859,0.1289835213374297,0.18147643835592767
2024-04-18,风险平价策略,-1.0,0.0,0.0,0.0,0.07663744800345913,0.4651783076787901,0.1022929645096153,0.08566455084401926,0.06480317389886406,0.03251285619008231,0.049390951789906455,0.12351974708526339,0.18076711461220524
2024-04-19,风险平价策略,-1.0,0.0,0.0,0.0,0.07692797061151925,0.4644031706720888,0.10276314854621041,0.08470134718545148,0.0650269343379198,0.03262844528265565,0.049561521425537096,0.1239874619386175,0.18118753765141626
2024-04-22,风险平价策略,-1.0,0.0,0.0,0.0,0.06089494140108667,0.49701647573560703,0.11302623035186417,0.09118740893193286,0.06968722968117688,0.029009263940288313,0.051115696201541765,0.08806275375650235,0.1584269406445978
2024-04-23,风险平价策略,-1.0,0.0,0.0,0.0,0.05556285510665643,0.5629862741525501,0.07656866281060494,0.0753435609912853,0.07621545215956631,0.03416367912126193,0.05833624029511979,0.06082327536295514,0.14244670029469572
2024-04-24,风险平价策略,-1.0,0.0,0.0,0.0,0.05946095647026776,0.5261285416414013,0.0835229214768009,0.08160849890024179,0.08280199927778965,0.037010444961278297,0.06361701845623215,0.06584961881598805,0.15166298520424976
2024-04-25,风险平价策略,-1.0,0.0,0.0,0.0,0.06505685224690723,0.5739050959805424,0.09140992964850875,0.08922931312370429,0.0,0.04054511199539785,0.06826949860096551,0.07158419840397393,0.1501998046997404
2024-04-26,风险平价策略,-1.0,0.0,0.0,0.0,0.06465195310490945,0.5515022912300872,0.09743696799338086,0.09463062313727731,0.0,0.043051601516818416,0.07257942974248084,0.07614713327504599,0.15370336063548423
2024-04-29,风险平价策略,-1.0,0.0,0.0,0.0,0.07313738939819343,0.5044686649255095,0.10970455705532395,0.1026574188143743,0.0,0.046877847151764275,0.08098117612217141,0.08217294653266312,0.1682639111740754
2024-04-30,风险平价策略,-1.0,0.0,0.0,0.0,0.07324992738734461,0.5046939807443256,0.10986311740368307,0.10276948450928391,0.0,0.04678605533817115,0.08106864947840037,0.08156878513879133,0.16823821519129586
2024-05-06,风险平价策略,-1.0,0.0,0.0,0.0,0.07636213912388361,0.5160400526390679,0.09792607545871232,0.10677985137624711,0.0,0.03888641261095729,0.08408792182207706,0.07991754696905465,0.16776808375716548
2024-05-07,风险平价策略,-1.0,0.0,0.0,0.0,0.07699783527400222,0.5193663681757666,0.09406127677859294,0.10507649084948496,0.0,0.038984715359754854,0.08466801034388295,0.08084530321851538,0.16796267245989951
2024-05-08,风险平价策略,-1.0,0.0,0.0,0.0,0.0790486475063861,0.5288900732945276,0.08677885387299486,0.09770061126929439,0.0,0.038479520754937484,0.0865094415259508,0.08259285177590883,0.16847328629872366
2024-05-09,风险平价策略,-1.0,0.0,0.0,0.0,0.08153725123149543,0.5180514752094226,0.08934293387651403,0.10047612899681865,0.0,0.03962105239785123,0.08671940764603736,0.08425175064186056,0.17240233811248243
2024-05-10,风险平价策略,-1.0,0.0,0.0,0.0,0.08173813810865337,0.5199437679466269,0.0895884919771169,0.10070776825052666,0.0,0.03977484188647586,0.08377053803716936,0.08447645379343091,0.17245566035440696
2024-05-13,风险平价策略,-1.0,0.0,0.0,0.0,0.08304190221064205,0.5239385051984784,0.09150549115358958,0.09651831583198908,0.0,0.03852029232686465,0.08468286880674118,0.08179262447169515,0.1724613752998443
2024-05-14,风险平价策略,-1.0,0.0,0.0,0.0,0.08228776718529324,0.5266885829068446,0.09212065026753563,0.09660604411153029,0.0,0.038794363042853504,0.08309022275240965,0.08041236973353302,0.17138264151553054
2024-05-15,风险平价策略,-1.0,0.0,0.0,0.0,0.08229898608442496,0.5272801713765821,0.09068572238361072,0.09650324703499473,0.0,0.0385554913434004,0.08358440907893673,0.08109197269805037,0.1713407082414204
2024-05-16,风险平价策略,-1.0,0.0,0.0,0.0,0.08374938077605427,0.5205387400717851,0.0921749459705647,0.09804433390097608,0.0,0.03911589654843136,0.08396821950644617,0.08240848322574215,0.1737052647918393
2024-05-17,风险平价策略,-1.0,0.0,0.0,0.0,0.08377242928396016,0.5204577774406494,0.09219578301116897,0.09805407696125626,0.0,0.039120533315669004,0.08398325586049903,0.08241614412679725,0.17373676559394663
2024-05-20,风险平价策略,-1.0,0.0,0.0,0.0,0.0838243707766742,0.5207393198468665,0.09226882066491603,0.09775527396890835,0.0,0.039141974542557564,0.0837916598673717,0.0824785803327057,0.1737590590437921
2024-05-21,风险平价策略,-1.0,0.0,0.0,0.0,0.08703261063255041,0.51981268866259,0.09001026975289919,0.10142198403087424,0.0,0.03806103813939469,0.08587150858784792,0.07778990019384352,0.17578108882982163
2024-05-22,风险平价策略,-1.0,0.0,0.0,0.0,0.08718817756030406,0.5223379488484428,0.08567873866624325,0.10243396637372071,0.0,0.0373883792537705,0.08636485429223759,0.07860793500528118,0.17554659330858555
2024-05-23,风险平价策略,-1.0,0.0,0.0,0.0,0.0830994731021878,0.5891307274642463,0.055071403365794525,0.07039835079395249,0.0,0.04238517431896238,0.09713039454967291,0.06278447640518359,0.16167276242133033
2024-05-24,风险平价策略,-1.0,0.0,0.0,0.0,0.0846789367902936,0.5896370709989812,0.05607855277715448,0.07161573441437749,0.0,0.042480186105140906,0.09421131980852993,0.061298199105522345,0.1628555763942135
2024-05-27,风险平价策略,-1.0,0.0,0.0,0.0,0.07623241819569891,0.530680032487283,0.050249441072541694,0.06449607791293681,0.10014591623879358,0.03823787641608044,0.0847705923925501,0.055187645284115544,0.16359234594988206
2024-05-28,风险平价策略,-1.0,0.0,0.0,0.0,0.0833064855095761,0.5927145758095557,0.056058268564255956,0.07194616484711286,0.0,0.04281525671979251,0.09151972897907049,0.061639519570636514,0.161462571648025
2024-05-29,风险平价策略,-1.0,0.0,0.0,0.0,0.08358146300251092,0.59573987699241,0.056185825162666035,0.07210747204293196,0.0,0.043004306458739115,0.08752586755055229,0.06185518879018954,0.16146108118983823
2024-05-30,风险平价策略,-1.0,0.0,0.0,0.0,0.0715949097092974,0.5484761189124443,0.04176003786016697,0.06913658149539642,0.10293220552421721,0.03732410822406538,0.0748720156570897,0.05390402261732265,0.1573189497180885
2024-05-31,风险平价策略,-1.0,0.0,0.0,0.0,0.074359599843385,0.5393000242804894,0.04253609929094935,0.07109028566108357,0.10200990957319332,0.037031364027857595,0.07771305640905957,0.055959660913982114,0.16098544554817254
2024-06-03,风险平价策略,-1.0,0.0,0.0,0.0,0.07611480034958693,0.6641647984863124,0.04841735991178566,0.06958041881789415,0.0,0.0,0.07838407381301986,0.06333854862140106,0.13952328811817838
2024-06-04,风险平价策略,-1.0,0.0,0.0,0.0,0.07633162551580126,0.6631834765158525,0.04856977179532919,0.06965649378287322,0.0,0.0,0.07866158192632977,0.06359705046381402,0.13986059470150075
2024-06-05,风险平价策略,-1.0,0.0,0.0,0.0,0.06972707617615329,0.6753669816120922,0.04451408159525242,0.06559165325454423,0.0,0.0,0.08058275702605942,0.06421745033589851,0.13268481279986236
2024-06-06,风险平价策略,-1.0,0.0,0.0,0.0,0.06972438880425502,0.6753650255769351,0.0445126656073768,0.06559635645312174,0.0,0.0,0.08058228087784845,0.06421928268046279,0.13268305363800806
2024-06-07,风险平价策略,-1.0,0.0,0.0,0.0,0.0637910167706128,0.6178486199603193,0.04072777766917947,0.05989964119577837,0.08540054933477298,0.0,0.07357787187171745,0.058754523197619826,0.13587210251358228
2024-06-11,风险平价策略,-1.0,0.0,0.0,0.0,0.05365926546656225,0.6190413690382224,0.036826860869285126,0.053176848867413,0.08677600676771655,0.035877901143434913,0.07033598352947762,0.0443057643178882,0.13131803463464128
2024-06-12,风险平价策略,-1.0,0.0,0.0,0.0,0.05603712514016772,0.6402549119200978,0.038457983735903756,0.05498861787175029,0.09057359691648144,0.0,0.07342241587710328,0.046265348538495746,0.12489167732599889
2024-06-13,风险平价策略,-1.0,0.0,0.0,0.0,0.05362550417505255,0.6508380908778681,0.039376282862402,0.053361109892017894,0.0901600935182089,0.0,0.06519967752083465,0.04743924115361583,0.12182060078652289
2024-06-14,风险平价策略,-1.0,0.0,0.0,0.0,0.05902276750374708,0.7155444432296066,0.04305809751722442,0.05842544484846755,0.0,0.0,0.07172738091588443,0.052221865985069844,0.1170954273578825
2024-06-17,风险平价策略,-1.0,0.0,0.0,0.0,0.054612352386157303,0.7342594726680027,0.03971363992574885,0.05312944845181953,0.0,0.0,0.06285838034226456,0.055426706226007025,0.11151480053104468
2024-06-18,风险平价策略,-1.0,0.0,0.0,0.0,0.05470335947551967,0.7349682476274213,0.03975291399246708,0.053198893986671755,0.0,0.0,0.061900183496505605,0.05547640142141464,0.11153027119540926
2024-06-19,风险平价策略,-1.0,0.0,0.0,0.0,0.05469895372830317,0.7349758397971679,0.03975506971240511,0.05319758525768703,0.0,0.0,0.06190101809235673,0.05547153341208011,0.11152493622583591
2024-06-20,风险平价策略,-1.0,0.0,0.0,0.0,0.05469350033015514,0.7349977075914887,0.039751416895924443,0.053193166345417826,0.0,0.0,0.06189644895678266,0.05546775988023113,0.11151708746940359
2024-06-21,风险平价策略,-1.0,0.0,0.0,0.0,0.056059401045301376,0.7103887817805701,0.04000571708896591,0.05264026040205857,0.08431769984122835,0.0,0.0,0.05658813984187569,0.11882116511711356
2024-06-24,风险平价策略,-1.0,0.0,0.0,0.0,0.051044935207073906,0.6850831585434699,0.03796907643962165,0.050106357354944696,0.08158569885348975,0.04307101841478477,0.0,0.05113975518661519,0.12423550972786791
2024-06-25,风险平价策略,-1.0,0.0,0.0,0.0,0.04829093115740518,0.6481020338628357,0.03592161867698586,0.047385306486516406,0.07718870731159355,0.04074528135021188,0.05398609803826558,0.0483800231161858,0.1245477595226817
2024-06-26,风险平价策略,-1.0,0.0,0.0,0.0,0.05064793903473389,0.6760245086569038,0.03749854398078482,0.04966648461679033,0.07966954728725506,0.0,0.056568437749373486,0.04992453867415855,0.11637154710178482
2024-06-27,风险平价策略,-1.0,0.0,0.0,0.0,0.05289721196813716,0.7040206082205854,0.03804023797605711,0.05075711944156431,0.0,0.04401121465833087,0.059064589105815704,0.0512090186295095,0.12080581485115581
2024-06-28,风险平价策略,-1.0,0.0,0.0,0.0,0.0488607989936777,0.6502843437929136,0.03513732412950167,0.04688332219187016,0.0763212952455422,0.04065313987311037,0.054558611709772914,0.04730116406361152,0.12456178141113923
2024-07-01,风险平价策略,-1.0,0.0,0.0,0.0,0.06446022179088678,0.6952754422666465,0.045265760773581645,0.061700801047009216,0.0,0.0,0.07117700275659473,0.06212077136528112,0.12560358407948352
2024-07-02,风险平价策略,-1.0,0.0,0.0,0.0,0.061205794077160224,0.6601721687721043,0.04298092360029091,0.058586250763504315,0.0,0.05048656666798279,0.06758347022835548,0.05898482589060191,0.1354181499074793
2024-07-03,风险平价策略,-1.0,0.0,0.0,0.0,0.06299668507607756,0.6965016027626677,0.04541948567078653,0.0619284797034557,0.0,0.0,0.07080078726953311,0.06235295951747939,0.12424783061495655
2024-07-04,风险平价策略,-1.0,0.0,0.0,0.0,0.06536930352562448,0.6923830233099557,0.04864803592073581,0.06451841886002202,0.0,0.0,0.0628246699204934,0.06625654846316846,0.12750455253264595
2024-07-05,风险平价策略,-1.0,0.0,0.0,0.0,0.06588336348305655,0.6828935179873156,0.0508624093540385,0.06529968991850107,0.0,0.0,0.06590233051649196,0.06915868874059629,0.1294733731308567
2024-07-08,风险平价策略,-1.0,0.0,0.0,0.0,0.07641317098996693,0.7025535910426249,0.05908525953171767,0.07876813963073839,0.0,0.0,0.0,0.08317983880495208,0.1393239094974121
2024-07-09,风险平价策略,-1.0,0.0,0.0,0.0,0.09128034990748841,0.8382615304865768,0.07045811960593482,0.0,0.0,0.0,0.0,0.0,0.1235101873066024
2024-07-10,风险平价策略,-1.0,0.0,0.0,0.0,0.07029196519909248,0.7758698336852979,0.060956731655518015,0.0,0.0,0.0,0.0,0.09288146946009153,0.12544859955493343
2024-07-11,风险平价策略,-1.0,0.0,0.0,0.0,0.07749879652850936,0.8553272021141566,0.06717400135733394,0.0,0.0,0.0,0.0,0.0,0.1096298167985367
2024-07-12,风险平价策略,-1.0,0.0,0.0,0.0,0.0,0.8360376567413451,0.0634577516863142,0.0,0.0,0.0,0.0,0.10050459157234061,0.05919546732859928
2024-07-15,风险平价策略,-1.0,0.0,0.0,0.0,0.0,0.9294731834453492,0.0705268165546507,0.0,0.0,0.0,0.0,0.0,0.03452112023487784
2024-07-16,风险平价策略,-1.0,0.0,0.0,0.0,0.0,0.8368505807220995,0.06307307312046953,0.0,0.0,0.0,0.0,0.10007634615743097,0.05903433314140829
2024-07-17,风险平价策略,-1.0,0.0,0.0,0.0,0.0,0.8926692835538875,0.0,0.0,0.0,0.0,0.0,0.10733071644611246,0.05236933269375868
2024-07-18,风险平价策略,-1.0,0.0,0.0,0.0,0.0,0.8905061479915908,0.0,0.0,0.0,0.0,0.0,0.10949385200840912,0.052920932262144324
2024-07-19,风险平价策略,-1.0,0.0,0.0,0.0,0.0,0.9150294221147939,0.0,0.0,0.0,0.0,0.0,0.08497057788520604,0.04666749736072754
2024-07-22,风险平价策略,-1.0,0.0,0.0,0.0,0.0,0.9144144848567003,0.0,0.0,0.0,0.0,0.0,0.08558551514329976,0.046824306361541446
2024-07-23,风险平价策略,-1.0,0.0,0.0,0.0,0.0,0.915809842014931,0.0,0.0,0.0,0.0,0.0,0.084190157985069,0.0464684902861926
2024-07-24,风险平价策略,-1.0,0.0,0.0,0.0,0.0,0.915738392346971,0.0,0.0,0.0,0.0,0.0,0.084261607653029,0.0464867099515224
2024-07-25,风险平价策略,-1.0,0.0,0.0,0.0,0.0,1.0,0.0,0.0,0.0,0.0,0.0,0.0,0.025
2024-07-26,风险平价策略,-1.0,0.0,0.0,0.0,0.0,0.9301132002272029,0.0,0.0,0.0,0.0,0.0,0.06988679977279703,0.042821133942063244
2024-07-29,风险平价策略,-1.0,0.0,0.0,0.0,0.0,0.930180703511022,0.0,0.0,0.0,0.0,0.0,0.06981929648897801,0.0428039206046894
2024-07-30,风险平价策略,-1.0,0.0,0.0,0.0,0.0,0.929256526712662,0.0,0.0,0.0,0.0,0.0,0.07074347328733807,0.04303958568827121
2024-07-31,风险平价策略,-1.0,0.0,0.0,0.0,0.0,0.9292564938867788,0.0,0.0,0.0,0.0,0.0,0.07074350611322122,0.043039594058871415
2024-08-01,风险平价策略,-1.0,0.0,0.0,0.0,0.0,0.9292731568360562,0.0,0.0,0.0,0.0,0.0,0.07072684316394384,0.043035345006805684
2024-08-02,风险平价策略,-1.0,0.0,0.0,0.0,0.0,0.9289141609868281,0.0,0.0,0.0,0.0,0.0,0.07108583901317189,0.04312688894835884
2024-08-05,风险平价策略,-1.0,0.0,0.0,0.0,0.0,1.0,0.0,0.0,0.0,0.0,0.0,0.0,0.025
2024-08-06,风险平价策略,-1.0,0.0,0.0,0.0,0.0,1.0,0.0,0.0,0.0,0.0,0.0,0.0,0.025
2024-08-07,风险平价策略,-1.0,0.0,0.0,0.0,0.0,0.9372760188575362,0.0,0.0,0.0,0.0,0.0,0.06272398114246391,0.040994615191328306
2024-08-08,风险平价策略,-1.0,0.0,0.0,0.0,0.0,1.0,0.0,0.0,0.0,0.0,0.0,0.0,0.025
2024-08-09,风险平价策略,-1.0,0.0,0.0,0.0,0.0,1.0,0.0,0.0,0.0,0.0,0.0,0.0,0.025
2024-08-12,风险平价策略,-1.0,0.0,0.0,0.0,0.0,0.8983818179227773,0.0,0.0,0.0,0.0,0.0,0.1016181820772227,0.05091263642969179
2024-08-13,风险平价策略,-1.0,0.0,0.0,0.0,0.0,1.0,0.0,0.0,0.0,0.0,0.0,0.0,0.025
2024-08-14,风险平价策略,-1.0,0.0,0.0,0.0,0.0,1.0,0.0,0.0,0.0,0.0,0.0,0.0,0.025
2024-08-15,风险平价策略,-1.0,0.0,0.0,0.0,0.0,1.0,0.0,0.0,0.0,0.0,0.0,0.0,0.025
2024-08-16,风险平价策略,-1.0,0.0,0.0,0.0,0.0,0.8969395975340404,0.0,0.0,0.0,0.0,0.0,0.10306040246595968,0.05128040262881973
2024-08-19,风险平价策略,-1.0,0.0,0.0,0.0,0.0,0.8964455256819805,0.0,0.0,0.0,0.0,0.0,0.10355447431801947,0.05140639095109497
2024-08-20,风险平价策略,-1.0,0.0,0.0,0.0,0.0,0.89607199735105,0.0,0.0,0.0,0.0,0.0,0.10392800264895,0.051501640675482255
2024-08-21,风险平价策略,-1.0,0.0,0.0,0.0,0.0,0.8893600019827278,0.0,0.0,0.0,0.0,0.0,0.11063999801727223,0.05321319949440442
2024-08-22,风险平价策略,-1.0,0.0,0.0,0.0,0.0,0.89027202279379,0.0,0.0,0.0,0.0,0.0,0.10972797720620991,0.05298063418758353
2024-08-23,风险平价策略,-1.0,0.0,0.0,0.0,0.0,0.890836689600835,0.0,0.0,0.0,0.0,0.0,0.10916331039916509,0.0528366441517871
2024-08-26,风险平价策略,-1.0,0.0,0.0,0.0,0.0,0.8908395485120442,0.0,0.0,0.0,0.0,0.0,0.10916045148795582,0.052835915129428736
2024-08-27,风险平价策略,-1.0,0.0,0.0,0.0,0.0,0.8864809931688503,0.0,0.0,0.0,0.0,0.0,0.11351900683114963,0.05394734674194315
2024-08-28,风险平价策略,-1.0,0.0,0.0,0.0,0.0,0.8864840711656216,0.0,0.0,0.0,0.0,0.0,0.11351592883437836,0.053946561852766486
2024-08-29,风险平价策略,-1.0,0.0,0.0,0.0,0.0,0.8819798283758442,0.0,0.0,0.0,0.0,0.0,0.11802017162415585,0.05509514376415975
2024-08-30,风险平价策略,-1.0,0.0,0.0,0.0,0.0,0.8815007385916948,0.0,0.0,0.0,0.0,0.0,0.11849926140830525,0.05521731165911784
2024-09-02,风险平价策略,-1.0,0.0,0.0,0.0,0.0,0.8844313057924995,0.0,0.0,0.0,0.0,0.0,0.1155686942075005,0.05447001702291263
2024-09-03,风险平价策略,-1.0,0.0,0.0,0.0,0.0,0.8841282670180275,0.0,0.0,0.0,0.0,0.0,0.11587173298197258,0.054547291910403015
2024-09-04,风险平价策略,-1.0,0.0,0.0,0.0,0.0,0.8884261512137762,0.0,0.0,0.0,0.0,0.0,0.11157384878622378,0.05345133144048707
2024-09-05,风险平价策略,-1.0,0.0,0.0,0.0,0.0,0.8880488174836102,0.0,0.0,0.0,0.0,0.0,0.11195118251638975,0.053547551541679395
2024-09-06,风险平价策略,-1.0,0.0,0.0,0.0,0.0,0.8880340972649292,0.0,0.0,0.0,0.0,0.0,0.11196590273507089,0.05355130519744308
2024-09-09,风险平价策略,-1.0,0.0,0.0,0.0,0.0,0.8938669624775044,0.0,0.0,0.0,0.0,0.0,0.10613303752249562,0.052063924568236386
2024-09-10,风险平价策略,-1.0,0.0,0.0,0.0,0.0,0.8934293721758094,0.0,0.0,0.0,0.0,0.0,0.10657062782419062,0.05217551009516862
2024-09-11,风险平价策略,-1.0,0.0,0.0,0.0,0.0,0.8931206204824658,0.0,0.0,0.0,0.0,0.0,0.10687937951753423,0.05225424177697123
2024-09-12,风险平价策略,-1.0,0.0,0.0,0.0,0.0,0.8927635637944626,0.0,0.0,0.0,0.0,0.0,0.10723643620553731,0.05234529123241202
2024-09-13,风险平价策略,-1.0,0.0,0.0,0.0,0.0,0.8927612456360252,0.0,0.0,0.0,0.0,0.0,0.10723875436397477,0.05234588236281357
2024-09-18,风险平价策略,-1.0,0.0,0.0,0.0,0.0,0.8929251658037464,0.0,0.0,0.0,0.0,0.0,0.10707483419625359,0.052304082720044665
2024-09-19,风险平价策略,-1.0,0.0,0.0,0.0,0.0,0.89022362848424,0.0,0.0,0.0,0.0,0.0,0.10977637151576004,0.052992974736518816
2024-09-20,风险平价策略,-1.0,0.0,0.0,0.0,0.0,0.890193262379004,0.0,0.0,0.0,0.0,0.0,0.10980673762099599,0.05300071809335398
2024-09-23,风险平价策略,-1.0,0.0,0.0,0.0,0.0,0.8881223064970365,0.0,0.0,0.0,0.0,0.0,0.11187769350296342,0.05352881184325567
2024-09-24,风险平价策略,1.0,0.3,0.15,0.15,0.0,0.6178917926610907,0.0,0.0,0.0,0.0,0.0,0.08210820733890922,0.08043759287142185
2024-09-25,风险平价策略,1.0,0.3,0.15,0.15,0.0,0.6179309937729122,0.0,0.0,0.0,0.0,0.0,0.08206900622708775,0.08042759658790738
2024-09-26,风险平价策略,1.0,0.3,0.15,0.15,0.0,0.6074951724501934,0.0,0.0,0.0,0.0,0.0,0.09250482754980656,0.08308873102520067
2024-09-27,风险平价策略,1.0,0.3,0.15,0.15,0.0,0.5673230448422036,0.0,0.0,0.0,0.0,0.0,0.13267695515779632,0.09333262356523807
2024-09-30,风险平价策略,1.0,0.3,0.15,0.15,0.089899512998441,0.42291620510837763,0.0,0.08696197673871905,0.0,0.0,0.0,0.10022230515446234,0.18444857984759494
2024-10-08,风险平价策略,1.0,0.3,0.15,0.15,0.09008784625310716,0.4217769527037752,0.0,0.08790036602779873,0.0,0.0,0.0,0.10023483501531893,0.18476208243943865
2024-10-09,风险平价策略,1.0,0.3,0.15,0.15,0.04537135301284409,0.46568042401357246,0.0,0.09460168727840396,0.0,0.0,0.0,0.09434653569517949,0.1405666635723783
2024-10-10,风险平价策略,1.0,0.3,0.15,0.15,0.045373782511242675,0.46539024018684333,0.0,0.09475386422629388,0.0,0.0,0.0,0.09448211307562009,0.1406241484532944
2024-10-11,风险平价策略,1.0,0.3,0.15,0.15,0.04403735240085299,0.4661500863515528,0.0,0.09501810537044117,0.0,0.0,0.0,0.094794455877153,0.13943644906451524
2024-10-14,风险平价策略,1.0,0.3,0.15,0.15,0.04404727274508462,0.46607533061169165,0.0,0.09506026833523658,0.0,0.0,0.0,0.09481712830798712,0.13945759487025117
2024-10-15,风险平价策略,1.0,0.3,0.15,0.15,0.04114166074738925,0.47220548589887695,0.0,0.08639180148766339,0.0,0.0,0.0,0.10026105186607034,0.136842580655387
2024-10-16,风险平价策略,1.0,0.3,0.15,0.15,0.04141934789049555,0.47063429026001824,0.0,0.0870187744620161,0.0,0.0,0.0,0.10092758738747003,0.13736793352941018
2024-10-17,风险平价策略,1.0,0.3,0.15,0.15,0.040441389514491076,0.4745719022676292,0.0,0.08181975415328221,0.0,0.0,0.0,0.10316695406459757,0.1362835948737943
2024-10-18,风险平价策略,1.0,0.3,0.15,0.15,0.0407713935125614,0.47269989686067104,0.0,0.08249155771713827,0.0,0.0,0.0,0.10403715190962927,0.1369179427035165
2024-10-21,风险平价策略,0.0,0.0,0.0,0.0,0.05762197787350639,0.6752941933204897,0.0,0.11815004245065927,0.0,0.0,0.0,0.14893378635534466,0.13510979967812062
2024-10-22,风险平价策略,0.0,0.0,0.0,0.0,0.054177325778289404,0.6123587011017528,0.08422080725087323,0.10888804203348705,0.0,0.0,0.0,0.14035512383559748,0.13968314386529818
2024-10-23,风险平价策略,0.0,0.0,0.0,0.0,0.054683452654465614,0.6091137607275914,0.084059289638109,0.11014902539442173,0.0,0.0,0.0,0.14199447158541217,0.14074307912177572
2024-10-24,风险平价策略,0.0,0.0,0.0,0.0,0.14099926458210688,0.0,0.21932744419789688,0.2871789546694732,0.0,0.0,0.0,0.3524943365505231,0.32073870263503257
2024-10-25,风险平价策略,0.0,0.0,0.0,0.0,0.14575712043864986,0.0,0.2200906902137904,0.26701239172852914,0.0,0.0,0.0,0.3671397976190306,0.3264927568827496
2024-10-28,风险平价策略,0.0,0.0,0.0,0.0,0.05600945707851329,0.6159066556189549,0.08452548949185319,0.10258282317632109,0.0,0.0,0.0,0.1409755746343576,0.14081761439351517
2024-10-29,风险平价策略,0.0,0.0,0.0,0.0,0.05407536429836985,0.6181046839149859,0.0834524008857253,0.10097355107922,0.0,0.0,0.0,0.14339399982169906,0.1391864536607115
2024-10-30,风险平价策略,0.0,0.0,0.0,0.0,0.05396251462688277,0.6179947285196673,0.0835045705685891,0.10103626101303625,0.0,0.0,0.0,0.14350192527182473,0.13911945496904543
2024-10-31,风险平价策略,0.0,0.0,0.0,0.0,0.054141198539718646,0.6219755651139605,0.08400579300562412,0.09886377844394999,0.0,0.0,0.0,0.14101366489674685,0.13843354527058863
2024-11-01,风险平价策略,0.0,0.0,0.0,0.0,0.054574544241092086,0.625608662912211,0.08475373093060594,0.09964081823217426,0.0,0.0,0.0,0.13542224368391675,0.1376361169114389
2024-11-04,风险平价策略,0.0,0.0,0.0,0.0,0.14695480790164459,0.0,0.22819733612693907,0.2681577662272834,0.0,0.0,0.0,0.3566900897441331,0.3262448494066774
2024-11-05,风险平价策略,0.0,0.0,0.0,0.0,0.05496292433592231,0.6260211442194853,0.08541443139990852,0.10032881605115165,0.0,0.0,0.0,0.13327268399353226,0.13764872405176812
2024-11-06,风险平价策略,0.0,0.0,0.0,0.0,0.13370397732964764,0.0,0.1979916044261752,0.24363791871637128,0.0,0.10148319558879472,0.0,0.3231833039390111,0.3273306487237925
2024-11-07,风险平价策略,0.0,0.0,0.0,0.0,0.05420152744872002,0.6132006270383191,0.07886314455567232,0.09852999028082471,0.0,0.04103315038531628,0.0,0.11417156029114746,0.14301308970334004
2024-11-08,风险平价策略,0.0,0.0,0.0,0.0,0.13688786811873155,0.0,0.20505381972707878,0.25636909214618403,0.0,0.10510624179563181,0.0,0.2965829782123739,0.3273927652925205
2024-11-11,风险平价策略,0.0,0.0,0.0,0.0,0.050449403543272764,0.5988692473538952,0.0752070802543913,0.08892283437207457,0.0,0.0,0.07391188258187655,0.11263955189448963,0.13282954033345573
2024-11-12,风险平价策略,0.0,0.0,0.0,0.0,0.05177393621688253,0.6286919887148864,0.06938166509287008,0.07403344590133625,0.0,0.0,0.07972281020975432,0.09639615386427057,0.12779254210309152
2024-11-13,风险平价策略,0.0,0.0,0.0,0.0,0.052613704367460455,0.6280822544539064,0.06715009201385863,0.07369877572717559,0.0,0.0,0.08114847334299227,0.09730670009460661,0.12864675712845244
2024-11-14,风险平价策略,0.0,0.0,0.0,0.0,0.052998427774766606,0.6478502561730795,0.06380700435919968,0.07178866734467897,0.0,0.0,0.0791608496334353,0.08439479471483989,0.12481144462421594
2024-11-15,风险平价策略,0.0,0.0,0.0,0.0,0.05335744655742993,0.654158938154599,0.06499632932700286,0.0729009752133664,0.0,0.0,0.06914982575573786,0.08543648499186388,0.1246866818837218
2024-11-18,风险平价策略,0.0,0.0,0.0,0.0,0.054873273883195316,0.6481761389419046,0.06673525802684957,0.07113787301622451,0.0,0.0,0.07110856245274283,0.08796889367908323,0.12701278167263466
2024-11-19,风险平价策略,0.0,0.0,0.0,0.0,0.054873214478918825,0.6481747093573925,0.06673481513423246,0.07113795919124777,0.0,0.0,0.07111269943303364,0.08796660240517473,0.12701252570467378
2024-11-20,风险平价策略,0.0,0.0,0.0,0.0,0.055084218858203526,0.6469912054360039,0.06701093556300343,0.07142876875937763,0.0,0.0,0.0711700606774782,0.08831481070593339,0.12738960657141812
2024-11-21,风险平价策略,0.0,0.0,0.0,0.0,0.05290855612467764,0.6217814187819608,0.06427045953778969,0.06836676297552863,0.0,0.03947711462424092,0.06829046880231424,0.08490521915348805,0.1349589461833922
2024-11-22,风险平价策略,0.0,0.0,0.0,0.0,0.0543197333821086,0.7242663668738744,0.0,0.07286647288907276,0.0,0.047277161975906444,0.0,0.10127026487903788,0.12756939421462776
2024-11-25,风险平价策略,0.0,0.0,0.0,0.0,0.04778341522800526,0.6357316794020081,0.06311589865737625,0.0641416093538752,0.0,0.04161598496818852,0.06256974477949312,0.0850416676110535,0.12930075743710512
2024-11-26,风险平价策略,0.0,0.0,0.0,0.0,0.04936042856913304,0.6373720417743817,0.06335054758221204,0.06530100361813264,0.0,0.04017410556815873,0.0642561898167541,0.08018568307122785,0.12953998752348037
2024-11-27,风险平价策略,0.0,0.0,0.0,0.0,0.05509661920753406,0.7108175897406669,0.0,0.0728901208332237,0.0,0.0,0.0716947010508956,0.08950096916767972,0.11891006078793327
2024-11-28,风险平价策略,0.0,0.0,0.0,0.0,0.055645647913584326,0.7162110082661309,0.0,0.06783823975194035,0.0,0.0,0.07216731458325383,0.0881377894850907,0.11846537343219646
2024-11-29,风险平价策略,0.0,0.0,0.0,0.0,0.060187559061057765,0.7710992824382514,0.0,0.07338109611413432,0.0,0.0,0.0,0.09533206238655662,0.1178989939685114
2024-12-02,风险平价策略,0.0,0.0,0.0,0.0,0.05758059980335744,0.736871325938743,0.0,0.07024508780305587,0.0,0.046364090335785056,0.0,0.08893889611905861,0.1269809968211026
2024-12-03,风险平价策略,0.0,0.0,0.0,0.0,0.05797111500790458,0.7085050001416571,0.07328548647900665,0.0707044986707208,0.0,0.0,0.0,0.08953389970071088,0.12379162955160145
2024-12-04,风险平价策略,0.0,0.0,0.0,0.0,0.055436167925629345,0.6772076553369373,0.07012080221571514,0.06759166544039488,0.0,0.04457727553962331,0.0,0.08506643354170015,0.1324836836983859
2024-12-05,风险平价策略,0.0,0.0,0.0,0.0,0.058924063944444216,0.7076024043995992,0.07316969039932239,0.07018514960046558,0.0,0.0,0.0,0.09011869165616855,0.12478413211812747
2024-12-06,风险平价策略,0.0,0.0,0.0,0.0,0.056857440862562836,0.6792197927483576,0.07070538950378287,0.06589710886149816,0.0,0.04155039544304932,0.0,0.08576987258074925,0.13300602628410232
2024-12-09,风险平价策略,0.0,0.0,0.0,0.0,0.05697123078429502,0.6785149043970539,0.07086389078520884,0.0660420348111016,0.0,0.041659006849246547,0.0,0.08594893237309414,0.13323563474585629
2024-12-10,风险平价策略,0.0,0.0,0.0,0.0,0.05698042515956782,0.6785757260815791,0.07088225663308304,0.06593841914713935,0.0,0.04166506651406619,0.0,0.08595810646456445,0.1332372175310221
2024-12-11,风险平价策略,0.0,0.0,0.0,0.0,0.05751760407741764,0.6754869626149782,0.07158864142919666,0.06658033981193795,0.0,0.04206416315730841,0.0,0.08676228890916116,0.13426578824627747
2024-12-12,风险平价策略,0.0,0.0,0.0,0.0,0.05482469453010812,0.6438621486196062,0.06821492784382685,0.06345936123285446,0.046844426805799914,0.040094125722315216,0.0,0.08270031524548915,0.1359388955547311
2024-12-13,风险平价策略,0.0,0.0,0.0,0.0,0.054184360696985366,0.6856614900182588,0.06946787599003347,0.06427068094650842,0.0,0.04332350621846959,0.0,0.08309208612974449,0.12985337316352727
2024-12-16,风险平价策略,0.0,0.0,0.0,0.0,0.05196000045189733,0.6553975094268333,0.0654646014043281,0.06037085502477525,0.04841286757556555,0.04155020370979397,0.0,0.07684396240680662,0.13152117336511077
2024-12-17,风险平价策略,0.0,0.0,0.0,0.0,0.05216153115294462,0.6496593055987074,0.06803079722527718,0.0576101926121475,0.0501944575918995,0.043147533411375984,0.0,0.07919618240764785,0.1330207717233049
2024-12-18,风险平价策略,0.0,0.0,0.0,0.0,0.06333005814947261,0.7327223338432942,0.0,0.0,0.05926840459169768,0.049481237648948115,0.0,0.09519796576658736,0.13421317173845143
2024-12-19,风险平价策略,0.0,0.0,0.0,0.0,0.06142575507194358,0.7373468301877887,0.0,0.0,0.058634425584979416,0.050144073596020994,0.0,0.09244891555926728,0.13175907808340637
2024-12-20,风险平价策略,0.0,0.0,0.0,0.0,0.06093677719760184,0.7383189259288215,0.0,0.0,0.058550809407564255,0.04950974130834695,0.0,0.09268374615766554,0.13114295408792567
2024-12-23,风险平价策略,0.0,0.0,0.0,0.0,0.058087827055900806,0.6840676806528556,0.0,0.06644036059282701,0.05584082482860386,0.047218993130197714,0.0,0.08834431373961489,0.13515940263669263
2024-12-24,风险平价策略,0.0,0.0,0.0,0.0,0.06686497510331646,0.7786935480350764,0.0,0.0,0.0,0.054083232926439004,0.0,0.10035824393516807,0.1317392566425009
2024-12-25,风险平价策略,0.0,0.0,0.0,0.0,0.06743128799485866,0.7767783163096516,0.0,0.0,0.0,0.05457071195921262,0.0,0.10121968373627716,0.1326548851757056
2024-12-26,风险平价策略,0.0,0.0,0.0,0.0,0.06861563979329133,0.7711708393634953,0.0,0.0,0.0,0.056074112420838026,0.0,0.10413940842237546,0.134997661110312
2024-12-27,风险平价策略,0.0,0.0,0.0,0.0,0.06865354828564971,0.7712428108420393,0.0,0.0,0.0,0.055935039356118446,0.0,0.1041686015161926,0.13500103957519252
2024-12-30,风险平价策略,0.0,0.0,0.0,0.0,0.07282904721456747,0.7595228978008466,0.0,0.0,0.0,0.05942674469443331,0.0,0.10822131029015258,0.14113564484305002
2024-12-31,风险平价策略,0.0,0.0,0.0,0.0,0.0,0.8750900757043787,0.0,0.0,0.0,0.0,0.0,0.1249099242956214,0.05685203069538346
2025-01-02,风险平价策略,0.0,0.0,0.0,0.0,0.06813102532029151,0.7623704879747354,0.0,0.0,0.0,0.06007767569647054,0.0,0.10942081100850252,0.1370529708249112
2025-01-03,风险平价策略,0.0,0.0,0.0,0.0,0.0,0.817550470833055,0.0,0.0,0.0,0.064696428593949,0.0,0.11775310057299596,0.07411248708132892
2025-01-06,风险平价策略,0.0,0.0,0.0,0.0,0.06536883779996648,0.7655867128749375,0.0,0.0,0.0,0.06070637587925973,0.0,0.10833807344583626,0.1342692064680372
2025-01-07,风险平价策略,0.0,0.0,0.0,0.0,0.0,0.8138210243644374,0.0,0.0,0.0,0.067195556559083,0.0,0.11898341907647965,0.0751634610494318
2025-01-08,风险平价策略,0.0,0.0,0.0,0.0,0.06706957813719153,0.7592289316093157,0.0,0.0,0.0,0.06268509700820647,0.0,0.11101639324528641,0.1371941225787307
2025-01-09,风险平价策略,0.0,0.0,0.0,0.0,0.0,0.7997865787123596,0.0,0.0,0.0,0.06842291583457853,0.0,0.13179050545306184,0.07879133906173144
2025-01-10,风险平价策略,0.0,0.0,0.0,0.0,0.0,0.7425017729989997,0.0,0.0,0.07044847685711646,0.06397152398700813,0.0,0.12307822615687578,0.08547157639045261
2025-01-13,风险平价策略,0.0,0.0,0.0,0.0,0.0,0.7354737652840122,0.0,0.0,0.07233691170090562,0.06578523934298407,0.0,0.12640408367209816,0.08712853913919665
2025-01-14,风险平价策略,0.0,0.0,0.0,0.0,0.0,0.7395684938581489,0.0,0.0,0.07294497070241021,0.06471607535937027,0.0,0.12277046008007064,0.08597473030328173
2025-01-15,风险平价策略,0.0,0.0,0.0,0.0,0.0,0.7393874778850951,0.0,0.0,0.07298043451877498,0.06474252830185688,0.0,0.12288955929427303,0.08601804647430977
2025-01-16,风险平价策略,0.0,0.0,0.0,0.0,0.0,0.7393146883343907,0.0,0.0,0.07300312526940954,0.06476908241185658,0.0,0.12291310398434316,0.08603517399156958
2025-01-17,风险平价策略,0.0,0.0,0.0,0.0,0.0,0.7231640168846113,0.0,0.0,0.07606881592320253,0.06883124591177645,0.0,0.1319359212804098,0.08997885577934292
2025-01-20,风险平价策略,0.0,0.0,0.0,0.0,0.06434413227948657,0.6313275413505499,0.0,0.0,0.061754507914775554,0.055603966269109656,0.07182256534573131,0.11514728684034696,0.14999703017511948
2025-01-21,风险平价策略,0.0,0.0,0.0,0.0,0.0,0.6747971122272536,0.0,0.0,0.06601786743339658,0.05931043372446648,0.07678330579828595,0.1230912808165975,0.09151969244361251
2025-01-22,风险平价策略,0.0,0.0,0.0,0.0,0.0,0.6692893102215813,0.0,0.0,0.06502568836099298,0.06023774150328749,0.07852104224112959,0.12692621767300863,0.0928097534977496
2025-01-23,风险平价策略,0.0,0.0,0.0,0.0,0.06340645437285304,0.6281178069551655,0.0,0.0,0.05753679317286036,0.05353782512960094,0.07439848180555726,0.1230026385639629,0.1501352998602228
2025-01-24,风险平价策略,0.0,0.0,0.0,0.0,0.06348167032065846,0.6287907804822908,0.0,0.0,0.05686556370691961,0.05321931283557069,0.07449908119614322,0.12314359145841726,0.15006385193413013
2025-01-27,风险平价策略,0.0,0.0,0.0,0.0,0.06784772510875492,0.6699441214639468,0.0,0.0,0.0,0.055833573523382043,0.07702796761395868,0.12934661228995759,0.1486937589038386
2025-02-05,风险平价策略,0.0,0.0,0.0,0.0,0.0,0.7184271458432153,0.0,0.0,0.0,0.05999586723839853,0.08267657699120308,0.138900409927183,0.08679942595083556
2025-02-06,风险平价策略,0.0,0.0,0.0,0.0,0.0,0.724194733416994,0.0,0.0,0.0,0.05859026602658136,0.08016159090145013,0.13705340965497448,0.08564971498451227
2025-02-07,风险平价策略,0.0,0.0,0.0,0.0,0.0,0.6200339421589829,0.08422238416358091,0.0,0.05586117373640792,0.050959305582429705,0.06975889964942662,0.11916429470917186,0.09721446681470795
2025-02-10,风险平价策略,1.0,0.3,0.15,0.15,0.0,0.4273784341824085,0.06050300129809393,0.0,0.04018745214179716,0.036649324178664684,0.04967156805220466,0.08561022014683099,0.11135275715143275
2025-02-11,风险平价策略,1.0,0.3,0.15,0.15,0.0,0.46779370994202285,0.0,0.0,0.04399350060955699,0.0401207125193723,0.054372772264698194,0.09371930466434963,0.10732223155880306
2025-02-12,风险平价策略,1.0,0.3,0.15,0.15,0.04685805980094352,0.4222153589027277,0.06377432906545599,0.0,0.04323360759709872,0.03954286696778668,0.0,0.08437577766598721,0.1532459848916596
2025-02-13,风险平价策略,1.0,0.3,0.15,0.15,0.04843791884793054,0.4272432889485199,0.06673295731841118,0.0,0.039281828428810235,0.03111742433037141,0.0,0.08718658212595666,0.1528440038564738
2025-02-14,风险平价策略,1.0,0.3,0.15,0.15,0.05005449189847926,0.41826732588357085,0.0688711838068697,0.0,0.04059270680041378,0.032145611701395835,0.0,0.09006867990927059,0.15593715072978045
2025-02-17,风险平价策略,1.0,0.3,0.15,0.15,0.052550468348691155,0.38457845016834724,0.058711033182915415,0.06117294586166951,0.043693329066741386,0.02978533202399377,0.0,0.0695084413476414,0.15976790201639707
2025-02-18,风险平价策略,1.0,0.3,0.15,0.15,0.0540169494810407,0.3914023034745126,0.0600673843940765,0.0,0.04491086371597181,0.030618869777464888,0.047508057666940585,0.07147557148999284,0.15903488124536
2025-02-19,风险平价策略,1.0,0.3,0.15,0.15,0.049556837993476224,0.3591394251452967,0.05511557782250569,0.05770754316949949,0.04120885139541189,0.028095517060301917,0.043592272764830305,0.06558397464867777,0.15861360153840381
2025-02-20,风险平价策略,1.0,0.3,0.15,0.15,0.0,0.3721145923981849,0.062021117888557804,0.06494230463438697,0.04638090567218469,0.031404778553633717,0.04925432158842599,0.07388197926462593,0.11664131151565062
2025-02-21,风险平价策略,1.0,0.3,0.15,0.15,0.0,0.3972824935584368,0.06918988112407179,0.0,0.05288177390743821,0.03795202599459493,0.06070581373295344,0.0819880116825048,0.11498539225773258
2025-02-24,风险平价策略,1.0,0.3,0.15,0.15,0.0,0.3786185345508827,0.07830160200347867,0.0,0.055055770742167116,0.03570605274486876,0.05987598528976233,0.09244205466884044,0.1184467909837995
2025-02-25,风险平价策略,1.0,0.3,0.15,0.15,0.05534365077509349,0.3141641977808516,0.06354546924865062,0.06541579239982523,0.04544709590084586,0.02967314069112511,0.04975114343460578,0.07665950976900232,0.17098528028949417
2025-02-26,风险平价策略,1.0,0.3,0.15,0.15,0.06225219962141413,0.35543580735783853,0.07219897866372345,0.0,0.04742174718864723,0.03073133215638157,0.05304909512261937,0.07891083988937567,0.1715770722386337
2025-02-27,风险平价策略,1.0,0.3,0.15,0.15,0.06279736629417351,0.3535060004483099,0.07270065591008605,0.0,0.04785185587407839,0.030870992821486958,0.05355317432900974,0.07871995432285529,0.17228415432563493
2025-02-28,风险平价策略,1.0,0.3,0.15,0.15,0.06221380472469459,0.3560150620732983,0.07237703619455807,0.0,0.048180689419766116,0.031095556675840637,0.053519628082531884,0.07659822282931034,0.17124085644822162
2025-03-03,风险平价策略,1.0,0.3,0.15,0.15,0.056140745135582246,0.3214165646511316,0.06533250657963169,0.06809819227921417,0.04349659391935863,0.028053734729712638,0.04831234847565261,0.06914931422971632,0.1695391004352303
2025-03-04,风险平价策略,1.0,0.3,0.15,0.15,0.05795432459679803,0.3250572767867847,0.06670926207380871,0.06925764916369219,0.03785320422764213,0.025307561962620895,0.04606312735242984,0.07179759383622344,0.17046045969116408
2025-03-05,风险平价策略,1.0,0.3,0.15,0.15,0.061608203022347915,0.3475759026383132,0.0710596760307841,0.07368313045023492,0.0,0.026732161467463728,0.04274726149529483,0.0765936648955613,0.17101411146000267
2025-03-06,风险平价策略,1.0,0.3,0.15,0.15,0.0,0.36759702190678734,0.08201587114482911,0.08497875336704963,0.0,0.0293145457538275,0.04942627670846788,0.08666753111903848,0.11798204479622669
2025-03-07,风险平价策略,1.0,0.3,0.15,0.15,0.0,0.3350871836211628,0.09083600984244572,0.09272089008123056,0.0,0.032606049358232386,0.054095328488972944,0.0946545386079555,0.12371588288674568
2025-03-10,风险平价策略,1.0,0.3,0.15,0.15,0.0,0.31306598684363635,0.08472711126832329,0.08670451954059608,0.0460118346676059,0.030498078215194353,0.050546870237569964,0.08844559922707398,0.12617296843733802
2025-03-11,风险平价策略,1.0,0.3,0.15,0.15,0.0,0.0,0.15766325333954406,0.1632309594285287,0.08499309066669843,0.05750729243835431,0.078493730820745,0.1581116733061294,0.18066968656891685
2025-03-12,风险平价策略,1.0,0.3,0.15,0.15,0.0,0.3131205632020273,0.0993320177465612,0.10287358728773896,0.0,0.03620188573342416,0.048900184339529924,0.09957176169071846,0.1280026315577745
2025-03-13,风险平价策略,1.0,0.3,0.15,0.15,0.0,0.0,0.17962633204098966,0.1858961057885719,0.0,0.06556006359290673,0.08856809369082443,0.18034940488670725,0.1834744959505452
2025-03-14,风险平价策略,1.0,0.3,0.15,0.15,0.0,0.0,0.17962957704036017,0.18589822198232436,0.0,0.06554450389744058,0.08857270927724552,0.1803549878026293,0.18347253788158865
2025-03-17,风险平价策略,1.0,0.3,0.15,0.15,0.0,0.0,0.18060301404944806,0.18285047159787637,0.0,0.06598499001510255,0.08884049297768298,0.18172103135988996,0.1836989073762727
2025-03-18,风险平价策略,1.0,0.3,0.15,0.15,0.12869204525968972,0.0,0.14775267494939445,0.14363455011498666,0.0,0.05483017298700408,0.07381747795104272,0.15127307873788232,0.2868123908060746
2025-03-19,风险平价策略,1.0,0.3,0.15,0.15,0.0,0.0,0.18163539279739221,0.17616804254586224,0.0,0.06536489882206703,0.09085425330061946,0.185977412534059,0.18405004571659922
2025-03-20,风险平价策略,1.0,0.3,0.15,0.15,0.0,0.0,0.182556693643506,0.17711356668292275,0.0,0.0657454371834891,0.08759262694761559,0.18699167554246648,0.18433049220602576
2025-03-21,风险平价策略,1.0,0.3,0.15,0.15,0.0,0.0,0.16984083606507566,0.17294697067529466,0.0,0.07096837765471972,0.09458198998443879,0.19166182562047118,0.18551689979967856
2025-03-24,风险平价策略,0.0,0.0,0.0,0.0,0.19330282477639352,0.0,0.19574292033190974,0.19930164723555663,0.0,0.08178658130435319,0.10899611249312909,0.22086991385865803,0.3586947321091122
2025-03-25,风险平价策略,0.0,0.0,0.0,0.0,0.19343316615995404,0.0,0.1959230706908915,0.19885927204914755,0.0,0.08185698990125166,0.1090749043285216,0.22085259687023376,0.3588110424531341
2025-03-26,风险平价策略,0.0,0.0,0.0,0.0,0.1925300515446541,0.0,0.19702142521761645,0.20005474350377717,0.0,0.08239530525924427,0.10576956771022979,0.22222890676447837,0.35840287391941905
2025-03-27,风险平价策略,0.0,0.0,0.0,0.0,0.17245769502591796,0.0,0.17316063723015915,0.17938562304000247,0.10742620105125761,0.07356461673692709,0.09472824889556149,0.19927697802017424,0.33878045440574606
2025-03-28,风险平价策略,0.0,0.0,0.0,0.0,0.0,0.0,0.22079978923170288,0.23457095923028548,0.0,0.10960797431124242,0.13621339686154313,0.29880788036522604,0.2093078196277796
2025-03-31,风险平价策略,0.0,0.0,0.0,0.0,0.0,0.0,0.21625369195849548,0.23160691147011528,0.0,0.10880574868135728,0.13871781403323197,0.3046158338568001,0.20980128543083623
2025-04-01,风险平价策略,0.0,0.0,0.0,0.0,0.0,0.0,0.18911866116570789,0.20260984514647593,0.12798632379998434,0.09526229113108263,0.11837029518642346,0.2666525835703256,0.20496903099181943
2025-04-02,风险平价策略,0.0,0.0,0.0,0.0,0.0,0.0,0.1862726599663258,0.20187153811173153,0.1308982708618004,0.09523597789309372,0.12073049974658417,0.2649910534204644,0.20472375058957124
2025-04-03,风险平价策略,0.0,0.0,0.0,0.0,0.21213713253166688,0.0,0.15455960072701405,0.1892351256370993,0.0,0.08239898882280802,0.112948345764964,0.24872080651644773,0.3778370759472743
2025-04-07,风险平价策略,0.0,0.0,0.0,0.0,0.0,0.0,0.17869156194007124,0.0,0.0,0.0,0.4469964053808541,0.37431203267907465,0.19150755176006334
2025-04-08,风险平价策略,0.0,0.0,0.0,0.0,0.18399370443833626,0.0,0.14440303078233324,0.0,0.0,0.0,0.36426306710796336,0.30734019767136694,0.3405076434355276
2025-04-09,风险平价策略,0.0,0.0,0.0,0.0,0.22533675215480206,0.0,0.0,0.0,0.0,0.0,0.39176879807176357,0.38289444977343434,0.3834771418406929
2025-04-10,风险平价策略,0.0,0.0,0.0,0.0,0.15890052349382244,0.0,0.11708860451881753,0.18536425647424232,0.0,0.0,0.26848531335836945,0.2701613021547482,0.31784123659262953
2025-04-11,风险平价策略,0.0,0.0,0.0,0.0,0.0,0.0,0.17844290644155525,0.0,0.0,0.0,0.4094015623751595,0.4121555311832852,0.19717661687073945
2025-04-14,风险平价策略,0.0,0.0,0.0,0.0,0.19440678452252896,0.0,0.14374889894514806,0.0,0.0,0.0,0.32980962665324065,0.33203468987908225,0.35325157298481696
2025-04-15,风险平价策略,0.0,0.0,0.0,0.0,0.1974279526000236,0.0,0.14443794165249338,0.0,0.0,0.0,0.32070579764843776,0.3374283080990454,0.3567097032264522
2025-04-16,风险平价策略,0.0,0.0,0.0,0.0,0.06864490642996914,0.7115498289485408,0.0,0.0,0.0,0.0,0.10241431582043249,0.11739094880105752,0.132616978874635
2025-04-17,风险平价策略,0.0,0.0,0.0,0.0,0.20326915441345297,0.0,0.14546585463580713,0.0,0.0,0.0,0.3035487522134223,0.34771623873731744,0.3633655757893759
2025-04-18,风险平价策略,0.0,0.0,0.0,0.0,0.20327486740069386,0.0,0.14546232514937066,0.0,0.0,0.0,0.3035585846759429,0.3477042227739926,0.36336863780918366
2025-04-21,风险平价策略,0.0,0.0,0.0,0.0,0.2011294602388731,0.0,0.14567288624462518,0.0,0.0,0.0,0.3046336046951527,0.34856404882134895,0.3616374243183607
2025-04-22,风险平价策略,0.0,0.0,0.0,0.0,0.2012204325147769,0.0,0.14549030101995322,0.0,0.0,0.0,0.30461024089199545,0.3486790255732743,0.36172833915444563
2025-04-23,风险平价策略,0.0,0.0,0.0,0.0,0.23431185211945776,0.0,0.17414395557069806,0.0,0.0,0.0,0.34839112579706705,0.2431530665127771,0.37554858998796575
2025-04-24,风险平价策略,0.0,0.0,0.0,0.0,0.2348177399409916,0.0,0.17268331240693005,0.0,0.0,0.0,0.3490279799297358,0.24347096772234253,0.37599257827922195
2025-04-25,风险平价策略,0.0,0.0,0.0,0.0,0.23667533264713844,0.0,0.17436867668304926,0.0,0.0,0.0,0.34561566843081903,0.24334032223899313,0.3776396480393509
2025-04-28,风险平价策略,0.0,0.0,0.0,0.0,0.2427102271589444,0.0,0.17891832463579496,0.0,0.0,0.0,0.3352229080498882,0.24314854015537238,0.3829977283906613
2025-04-29,风险平价策略,0.0,0.0,0.0,0.0,0.2430971262398873,0.0,0.18091648639915553,0.0,0.0,0.0,0.33086837727933993,0.24511801008161715,0.3836896959329192
2025-04-30,风险平价策略,0.0,0.0,0.0,0.0,0.34727156477097376,0.0,0.2794088523979477,0.0,0.0,0.0,0.0,0.37331958283107847,0.49650646434734735
2025-05-06,风险平价策略,0.0,0.0,0.0,0.0,0.34749674220454185,0.0,0.280028601147823,0.0,0.0,0.0,0.0,0.37247465664763507,0.49659422224953137
2025-05-07,风险平价策略,0.0,0.0,0.0,0.0,0.3475295025477586,0.0,0.2802161611083485,0.0,0.0,0.0,0.0,0.3722543363438928,0.4965953025013844
2025-05-08,风险平价策略,0.0,0.0,0.0,0.0,0.3540193058694943,0.0,0.28154202224797786,0.0,0.0,0.0,0.0,0.3644386718825279,0.5011088575562785
2025-05-09,风险平价策略,0.0,0.0,0.0,0.0,0.3544000352652387,0.0,0.2818353485382076,0.0,0.0,0.0,0.0,0.3637646161965537,0.501347783566387
2025-05-12,风险平价策略,0.0,0.0,0.0,0.0,0.36650981432051094,0.0,0.2901435216972537,0.0,0.0,0.0,0.0,0.34334666398223535,0.5090698437070974
2025-05-13,风险平价策略,0.0,0.0,0.0,0.0,0.3681511829048553,0.0,0.2903573001144882,0.0,0.0,0.0,0.0,0.3414915169806564,0.5102259756777572
2025-05-14,风险平价策略,0.0,0.0,0.0,0.0,0.3696054486687565,0.0,0.29137280865149046,0.0,0.0,0.0,0.0,0.339021742679753,0.5111511860033258
2025-05-15,风险平价策略,1.0,0.3,0.15,0.15,0.39058185961928216,0.0,0.0,0.0,0.0,0.0,0.0,0.3094181403807178,0.5192189389258831
2025-05-16,风险平价策略,1.0,0.3,0.15,0.15,0.27124853412657873,0.0,0.2083618984462245,0.0,0.0,0.0,0.0,0.22038956742719676,0.40829551675758974
2025-05-19,风险平价策略,1.0,0.3,0.15,0.15,0.27158217536276374,0.0,0.2078130984267696,0.0,0.0,0.0,0.0,0.22060472621046667,0.40860159444997757
2025-05-20,风险平价策略,1.0,0.3,0.15,0.15,0.27210098671294336,0.0,0.2074267547468641,0.0,0.0,0.0,0.0,0.22047225854019245,0.4090214998636955
2025-05-21,风险平价策略,1.0,0.3,0.15,0.15,0.06897245826458427,0.5225570163865342,0.05258264351369053,0.0,0.0,0.0,0.0,0.055887881835190945,0.14809821355029157
2025-05-22,风险平价策略,1.0,0.3,0.15,0.15,0.06932748932894271,0.5219519806855546,0.05261144870892912,0.0,0.0,0.0,0.0,0.05610908127657357,0.14850466339695084
2025-05-23,风险平价策略,1.0,0.3,0.15,0.15,0.06861479245801913,0.5225283227618497,0.05264846012227934,0.0,0.0,0.0,0.0,0.05620842465785183,0.1478401130508286
2025-05-26,风险平价策略,1.0,0.3,0.15,0.15,0.0684967134744817,0.5227125768377275,0.05268134468872838,0.0,0.0,0.0,0.0,0.05610936499906232,0.1477041652453589
2025-05-27,风险平价策略,1.0,0.3,0.15,0.15,0.06966329315820363,0.5207128828554424,0.05347092200096008,0.0,0.0,0.0,0.0,0.056152901985393924,0.14895927530565362
2025-05-28,风险平价策略,1.0,0.3,0.15,0.15,0.06971884191455686,0.5205825630144346,0.05352020316249441,0.0,0.0,0.0,0.0,0.05617839190851406,0.14902658823030077
2025-05-29,风险平价策略,1.0,0.3,0.15,0.15,0.07209105599281652,0.5151645308627875,0.05566795940113576,0.0,0.0,0.0,0.0,0.05707645374326008,0.15185844981668076
2025-05-30,风险平价策略,1.0,0.3,0.15,0.15,0.07283028488368211,0.5152053857725442,0.05467770545728533,0.0,0.0,0.0,0.0,0.05728662388648835,0.1524991070893781
2025-06-03,风险平价策略,1.0,0.3,0.15,0.15,0.07358249621650408,0.5134238188165587,0.05533491189548826,0.0,0.0,0.0,0.0,0.05765877307144883,0.15341613405020185
2025-06-04,风险平价策略,1.0,0.3,0.15,0.15,0.07359128612162837,0.5134236555196005,0.05533509053165751,0.0,0.0,0.0,0.0,0.057649967827113714,0.15342248298627542
2025-06-05,风险平价策略,1.0,0.3,0.15,0.15,0.07247509299274368,0.5133885626544087,0.055931185532462145,0.0,0.0,0.0,0.0,0.058205158820385614,0.15255624121400582
2025-06-06,风险平价策略,1.0,0.3,0.15,0.15,0.06408662617791618,0.45395655570399857,0.049457544777708064,0.0,0.0,0.0,0.08103354150446461,0.05146573183591261,0.15029351254458537
2025-06-09,风险平价策略,1.0,0.3,0.15,0.15,0.0726116918454357,0.5143396436345806,0.05604589055165256,0.0,0.0,0.0,0.0,0.05700277396833102,0.15239830213569733
2025-06-10,风险平价策略,1.0,0.3,0.15,0.15,0.06421283143801615,0.4547313092167276,0.0495562192765307,0.0,0.0,0.0,0.08109401213312178,0.0504056279356037,0.15016590665195412
2025-06-11,风险平价策略,1.0,0.3,0.15,0.15,0.06420707413492231,0.45473368173848905,0.0495554443712439,0.0,0.0,0.0,0.08109633722553733,0.05040746252980741,0.15016090062544948
2025-06-12,风险平价策略,1.0,0.3,0.15,0.15,0.06940876105288002,0.4885428825354322,0.0,0.0,0.0,0.0,0.08757198923432313,0.05447636717736464,0.15026007452638993
2025-06-13,风险平价策略,1.0,0.3,0.15,0.15,0.06612835808276034,0.47222582994462364,0.0,0.0,0.0,0.024913761490319996,0.08400631307417754,0.0527257374081184,0.15359043468219458
2025-06-16,风险平价策略,1.0,0.3,0.15,0.15,0.06616187171212981,0.47224298670043946,0.0,0.0,0.0,0.02492709575926195,0.08404248090069245,0.052625564927476394,0.15360529771938802
2025-06-17,风险平价策略,1.0,0.3,0.15,0.15,0.06585881983538434,0.47364075136213846,0.0,0.0,0.0,0.024569719391763067,0.08419308720581103,0.051737622204903126,0.1529937843789303
2025-06-18,风险平价策略,1.0,0.3,0.15,0.15,0.05736569227961695,0.41205053612747017,0.0,0.06227624242824298,0.028871681276824837,0.0214012020903514,0.07296986568423026,0.04506478011326335,0.15349194592795892
2025-06-19,风险平价策略,1.0,0.3,0.15,0.15,0.06287939779257706,0.4526167407640816,0.0,0.0,0.031790358893854974,0.023557508841714255,0.08020101204711998,0.04895498166065213,0.1532711065840912
2025-06-20,风险平价策略,1.0,0.3,0.15,0.15,0.06315838495243617,0.45372447229886914,0.0,0.0,0.03181665435998604,0.023385475512746487,0.07930467971113196,0.048610333164830224,0.15331418181378403
2025-06-23,风险平价策略,1.0,0.3,0.15,0.15,0.06331247153122929,0.45521402898040353,0.0,0.0,0.03191815544796812,0.023453219858406888,0.07738323130084071,0.04871889288115145,0.15332504911241587
2025-06-24,风险平价策略,1.0,0.3,0.15,0.15,0.07309590608260698,0.470687995514608,0.0,0.0,0.0,0.017668310386500546,0.0887895264306295,0.0497582615856549,0.15799191697411757
2025-06-25,风险平价策略,1.0,0.3,0.15,0.15,0.07416391706131598,0.4746617285118203,0.0,0.0,0.0,0.01746424544120889,0.08319410265825834,0.050516006327396404,0.1585787339325429
2025-06-26,风险平价策略,1.0,0.3,0.15,0.15,0.08739866225027168,0.5530283417108091,0.0,0.0,0.0,0.0,0.0,0.05957299603891926,0.1599048096839393
2025-06-27,风险平价策略,1.0,0.3,0.15,0.15,0.05993732626561827,0.41437786967630275,0.05012968979620347,0.06745774553654738,0.0,0.0,0.06541069081297082,0.04268667791235725,0.15156642228191222
2025-06-30,风险平价策略,1.0,0.3,0.15,0.15,0.06691460648101917,0.45335192710819283,0.056143944884488636,0.0757336114278123,0.0,0.0,0.0,0.047855910098486915,0.15474846849626847
2025-07-01,风险平价策略,1.0,0.3,0.15,0.15,0.060557624299174065,0.41032532023284995,0.0508057759181235,0.0685435055608928,0.0,0.0,0.06646171221798688,0.043306061770972744,0.1526773622258486
2025-07-02,风险平价策略,1.0,0.3,0.15,0.15,0.06691505764786704,0.45347459655954947,0.05601500967517944,0.0757577082091671,0.0,0.0,0.0,0.04783762790823691,0.15473009323765757
2025-07-03,风险平价策略,1.0,0.3,0.15,0.15,0.06699087187811882,0.45316072606156504,0.0560883048268727,0.07585910016800711,0.0,0.0,0.0,0.04790099706543627,0.15484375400716088
2025-07-04,风险平价策略,1.0,0.3,0.15,0.15,0.16419041165407489,0.0,0.13080042185640678,0.18336062810194417,0.06618845651022576,0.0408033296088368,0.0,0.11465675226851159,0.3128691733641604
2025-07-07,风险平价策略,1.0,0.3,0.15,0.15,0.17068194427017816,0.0,0.1312910836150127,0.17336950692176237,0.06865144249811866,0.041997626647084264,0.0,0.11400839604784378,0.3184599754012056
2025-07-08,风险平价策略,1.0,0.3,0.15,0.15,0.16989092094903183,0.0,0.1314520541507816,0.17362485547414705,0.06873854893955113,0.04205633149790574,0.0,0.1142372889885827,0.3178332468048771
2025-07-09,风险平价策略,1.0,0.3,0.15,0.15,0.17386400732518895,0.0,0.125051350436212,0.17699506533069356,0.07004003661213136,0.04282378940296698,0.0,0.11122575089280709,0.3209450629308916
2025-07-10,风险平价策略,1.0,0.3,0.15,0.15,0.17377971603981315,0.0,0.1248731542837542,0.17695877787740993,0.07006496646806352,0.042852567224044825,0.0,0.1114708181069143,0.3209085200668006
2025-07-11,风险平价策略,1.0,0.3,0.15,0.15,0.16792034371593512,0.0,0.1261074072587237,0.1800987586524364,0.06981389849283817,0.04257502422748393,0.0,0.11348456765258251,0.31618137970102117
2025-07-14,风险平价策略,1.0,0.3,0.15,0.15,0.17163154654399518,0.0,0.128920982636683,0.16872256136246502,0.07136360595697969,0.043425822897838307,0.0,0.11593548060203879,0.3197445244924245
2025-07-15,风险平价策略,1.0,0.3,0.15,0.15,0.19817629116687255,0.0,0.15570860782144477,0.2084161444472443,0.0854625228230739,0.05223643374136452,0.0,0.0,0.329680539207022
2025-07-16,风险平价策略,1.0,0.3,0.15,0.15,0.19575667092044313,0.0,0.15606556975310354,0.2097023614052959,0.08593715218367172,0.05253824573748569,0.0,0.0,0.32770109441300665
2025-07-17,风险平价策略,1.0,0.3,0.15,0.15,0.14880009612335077,0.0,0.11867670746414882,0.15954259977676463,0.06550783193239934,0.039945042017424964,0.16752772268591143,0.0,0.2810125341051493
2025-07-18,风险平价策略,1.0,0.3,0.15,0.15,0.14878586506203204,0.0,0.11863967814332947,0.15956097315711412,0.06550899292507002,0.03994950550039576,0.16755498521205853,0.0,0.28100048790505916
2025-07-21,风险平价策略,1.0,0.3,0.15,0.15,0.14879779626403136,0.0,0.11865870604891192,0.15957691970248103,0.0655271823552318,0.03986903590565495,0.1675703597236889,0.0,0.2809973556385328
2025-07-22,风险平价策略,1.0,0.3,0.15,0.15,0.14891677173929252,0.0,0.11852179807484205,0.15976805099416877,0.06571448392668994,0.03927756385894183,0.16780133140606493,0.0,0.2809976033755214
2025-07-23,风险平价策略,1.0,0.3,0.15,0.15,0.15009445938544605,0.0,0.11857714275284503,0.15675486447731793,0.06594577975698421,0.03953730451500529,0.16909044911240145,0.0,0.2819920589303733
2025-07-24,风险平价策略,1.0,0.3,0.15,0.15,0.18134747093960377,0.0,0.16303461757947563,0.21072008319625363,0.0902822951275395,0.05461553315712737,0.0,0.0,0.3159731838456829
2025-07-25,风险平价策略,1.0,0.3,0.15,0.15,0.14386344115516142,0.0,0.1293985184986015,0.1740351250749533,0.07438083905393872,0.044979145068012004,0.13334293114933293,0.0,0.2787854742372769
2025-07-28,风险平价策略,1.0,0.3,0.15,0.15,0.15085169970882925,0.0,0.1345013051686326,0.17016212071306402,0.0692558316765457,0.04634454147596167,0.12888450125696674,0.0,0.2849565776706269
2025-07-29,风险平价策略,1.0,0.3,0.15,0.15,0.1458818721098252,0.0,0.13470511771424198,0.17239420224767588,0.07021473605807309,0.04708580207352054,0.12971826979666318,0.0,0.2808851001706973
2025-07-30,风险平价策略,1.0,0.3,0.15,0.15,0.14588092094694213,0.0,0.13469535539861402,0.17240141389129285,0.07021277723771577,0.04708380744239174,0.12972572508304347,0.0,0.2808837388060999
2025-07-31,风险平价策略,1.0,0.3,0.15,0.15,0.13926559798724822,0.0,0.13073402349008792,0.1735050145392122,0.07147748303376646,0.05058382699752988,0.13443405395215532,0.0,0.2757582678406663
2025-08-01,风险平价策略,1.0,0.3,0.15,0.15,0.1395497218079913,0.0,0.13101732765546378,0.1739829677387622,0.07023962568580824,0.050467357475424475,0.13474299963655006,0.0,0.2759566497825422
2025-08-04,风险平价策略,1.0,0.3,0.15,0.15,0.14009918449037786,0.0,0.13121490500736915,0.17480915835949332,0.0695203962416065,0.04910788663135857,0.13524846926979453,0.0,0.276178326717257
2025-08-05,风险平价策略,1.0,0.3,0.15,0.15,0.13279316846205647,0.0,0.12437896094640111,0.16571443840246589,0.0,0.046321121313947944,0.12819320486877342,0.10259910600635516,0.28142373749305855
2025-08-06,风险平价策略,1.0,0.3,0.15,0.15,0.13295325579982642,0.0,0.12385751221649384,0.165950388941711,0.0,0.046237426894624345,0.12828237402663537,0.10271904212070894,0.2815565370086801
2025-08-07,风险平价策略,1.0,0.3,0.15,0.15,0.16158393218282108,0.0,0.0,0.20174518877096057,0.0,0.05588490569176114,0.15592792260411287,0.12485805075034424,0.3089772163561694
2025-08-08,风险平价策略,1.0,0.3,0.15,0.15,0.13358955804208086,0.0,0.12459666568717451,0.16463507700977698,0.0,0.04505460545805844,0.1288900610258264,0.10323403277708282,0.2819453477311124
2025-08-11,风险平价策略,1.0,0.3,0.15,0.15,0.13107831161982508,0.0,0.12803494604933072,0.16903404228428956,0.0,0.0460675332896632,0.12610512326915368,0.09968004348773761,0.27965503860745305
2025-08-12,风险平价策略,1.0,0.3,0.15,0.15,0.13123426131457414,0.0,0.12812082601928645,0.16915751619665392,0.0,0.04610363120645105,0.1262833700514932,0.09910039521154129,0.2797169068211146
2025-08-13,风险平价策略,1.0,0.3,0.15,0.15,0.1301491448455722,0.0,0.128544693095521,0.1696728357998026,0.0,0.045697619341901086,0.12658210006183054,0.09935360685537258,0.2787618705857746
2025-08-14,风险平价策略,1.0,0.3,0.15,0.15,0.15557817709243615,0.0,0.14689331301176145,0.19548007475360513,0.0,0.05317798467974888,0.14887045046244826,0.0,0.28872803279253273
2025-08-15,风险平价策略,1.0,0.3,0.15,0.15,0.1394375661090343,0.0,0.1335034861639037,0.17762188790879427,0.0689881607939611,0.0482908875688757,0.1321580114554309,0.0,0.2755792388068856
2025-08-18,风险平价策略,1.0,0.3,0.15,0.15,0.14246878782487477,0.0,0.13469573682531255,0.16831509107727785,0.0704401678609076,0.04875912126312704,0.1353210951485001,0.0,0.2781200099991492
2025-08-19,风险平价策略,1.0,0.3,0.15,0.15,0.15859869653728884,0.0,0.15010887569484463,0.18612420928597642,0.0,0.054153951128181846,0.1510142673537083,0.0,0.2913571092512205
2025-08-20,风险平价策略,1.0,0.3,0.15,0.15,0.1434593819748328,0.0,0.1329484599522249,0.16785913073563166,0.07072233536867287,0.04859809729548103,0.13641259467315672,0.0,0.27889642193962855
2025-08-21,风险平价策略,1.0,0.3,0.15,0.15,0.12588280673890181,0.0,0.11559795770385577,0.14711379492538282,0.06197066434773118,0.04253928566380968,0.11191768462432697,0.09497780599599173,0.2752073561911536
2025-08-22,风险平价策略,1.0,0.3,0.15,0.15,0.12374490858557079,0.0,0.11717816476814595,0.1494655439072725,0.06273004523199639,0.04308714179216164,0.10814732129708857,0.09564687441776401,0.2737001716421643
2025-08-25,风险平价策略,1.0,0.3,0.15,0.15,0.12374460794499464,0.0,0.11718869582233697,0.14946679489955944,0.0627171358521927,0.04308082208937691,0.10814873174274574,0.09565321164879358,0.2736994970121906
2025-08-26,风险平价策略,1.0,0.3,0.15,0.15,0.14540497128115848,0.0,0.1337121988535561,0.17441821446257263,0.07492395481928944,0.05132292430913713,0.12021773627428615,0.0,0.28149455122559935
2025-08-27,风险平价策略,1.0,0.3,0.15,0.15,0.12762758898440466,0.0,0.14539860098855167,0.18827182150407457,0.07645711906552713,0.04759393320540355,0.11465093625203834,0.0,0.2661472471628586
2025-08-28,风险平价策略,1.0,0.3,0.15,0.15,0.12983327511263318,0.0,0.14411021756850467,0.18669098926413719,0.07556955067791163,0.04843340071504325,0.11536256666177006,0.0,0.2681041137159448
2025-08-29,风险平价策略,1.0,0.3,0.15,0.15,0.10967959834246649,0.0,0.12212123796960907,0.15804648153861509,0.06395594175973113,0.04104485810250508,0.09775295334087866,0.10739892894619446,0.263292882194987
2025-09-01,风险平价策略,1.0,0.3,0.15,0.15,0.10948015319873587,0.0,0.12316901256522914,0.15562696185980596,0.06412874534436945,0.04116345737415037,0.09832325439538965,0.10810841526231947,0.26321408151986253
2025-09-02,风险平价策略,1.0,0.3,0.15,0.15,0.12752563762989794,0.0,0.14292742788246618,0.1812945446534254,0.07435728934207339,0.04795359318420276,0.0,0.12594150730793433,0.2846506642889596
2025-09-03,风险平价策略,1.0,0.3,0.15,0.15,0.12299827062502935,0.0,0.1445706840930015,0.18256543554308302,0.0741380586994643,0.04851540895994136,0.0,0.12721214207948042,0.28108785039514755
2025-09-04,风险平价策略,1.0,0.3,0.15,0.15,0.1297791284008163,0.0,0.14463045611605513,0.1779002935087987,0.0709760391900517,0.04641911871851016,0.0,0.13029496406576804,0.28678668293144
2025-09-05,风险平价策略,1.0,0.3,0.15,0.15,0.12747772144891256,0.0,0.14556919898202775,0.17948623463827543,0.0,0.0,0.11558644146946698,0.1318804034613172,0.2734393411883606
2025-09-08,风险平价策略,1.0,0.3,0.15,0.15,0.128094129162749,0.0,0.14273760367283614,0.18052330310490208,0.0,0.0,0.11607178129974641,0.13257318275976632,0.27402569698888873
2025-09-09,风险平价策略,1.0,0.3,0.15,0.15,0.15359019064087512,0.0,0.17099459726117608,0.216441506324025,0.0,0.0,0.0,0.1589737057739238,0.302092604831206
2025-09-10,风险平价策略,1.0,0.3,0.15,0.15,0.15199300425523574,0.0,0.17157546019011635,0.2175019609539658,0.0,0.0,0.0,0.158929574600682,0.3007456725264798
2025-09-11,风险平价策略,1.0,0.3,0.15,0.15,0.15221646149545165,0.0,0.1718669438982634,0.21782546330949287,0.0,0.0,0.0,0.15809113129679203,0.30083276341179443
2025-09-12,风险平价策略,1.0,0.3,0.15,0.15,0.14617565248487513,0.0,0.17382172669023746,0.22027594278302973,0.0,0.0,0.0,0.1597266780418576,0.29595474945231803
2025-09-15,风险平价策略,1.0,0.3,0.15,0.15,0.0,0.0,0.22568683996192823,0.27050231185083573,0.0,0.0,0.0,0.203810848187236,0.17845730178246832
2025-09-16,风险平价策略,1.0,0.3,0.15,0.15,0.0,0.0,0.22597955557353494,0.269601911310898,0.0,0.0,0.0,0.20441853311556699,0.17853022397386803
2025-09-17,风险平价策略,1.0,0.3,0.15,0.15,0.0,0.0,0.20592968736296163,0.24936981018765192,0.0,0.0644990567470642,0.0,0.18020144570232222,0.18594402256380896
2025-09-18,风险平价策略,1.0,0.3,0.15,0.15,0.0,0.0,0.15897049230437274,0.20545163712556402,0.0,0.05832360375313985,0.13645686355510353,0.14079740326181972,0.17613375908526763
2025-09-19,风险平价策略,1.0,0.3,0.15,0.15,0.0,0.0,0.0,0.2666056198638944,0.0,0.07391920669156847,0.1768587796566382,0.18261639378789885,0.18243527693549969
2025-09-22,风险平价策略,1.0,0.3,0.15,0.15,0.0,0.0,0.16010552590274452,0.20401630263014556,0.0,0.05667449361364592,0.13736329455481633,0.14184038329864757,0.17596786613737656
2025-09-23,风险平价策略,1.0,0.3,0.15,0.15,0.0,0.0,0.0,0.40083719186736894,0.0,0.0,0.0,0.299162808132631,0.18989953697591572
2025-09-24,风险平价策略,1.0,0.3,0.15,0.15,0.0,0.0,0.0,0.40088656058569544,0.0,0.0,0.0,0.29911343941430446,0.18989361272971653
2025-09-25,风险平价策略,1.0,0.3,0.15,0.15,0.0,0.0,0.21925759458984123,0.27831845205533146,0.0,0.0,0.0,0.20242395335482727,0.1782908744025793
2025-09-26,风险平价策略,1.0,0.3,0.15,0.15,0.0,0.0,0.19684087613418288,0.2522884678124918,0.0,0.06642422608529548,0.0,0.18444642996802976,0.18676144776981085
2025-09-29,风险平价策略,1.0,0.3,0.15,0.15,0.0,0.0,0.19661505106257557,0.2521656386190418,0.0,0.06650982850546257,0.0,0.18470948181292016,0.18680671037842445
2025-09-30,风险平价策略,1.0,0.3,0.15,0.15,0.0,0.0,0.22012618725728367,0.27378263424083205,0.0,0.0,0.0,0.20609117850188408,0.17873094142022605
2025-10-09,风险平价策略,1.0,0.3,0.15,0.15,0.0,0.0,0.22014210927834454,0.27381659933593894,0.0,0.0,0.0,0.20604129138571645,0.178724954966286
2025-10-10,风险平价策略,1.0,0.3,0.15,0.15,0.0,0.0,0.2188434376434907,0.28716046222792835,0.0,0.0,0.0,0.19399610012858093,0.17727953201542973
2025-10-13,风险平价策略,1.0,0.3,0.15,0.15,0.0,0.0,0.21199776334096615,0.28573595522875644,0.0,0.0,0.0,0.20226628143027742,0.1782719537716333
2025-10-14,风险平价策略,1.0,0.3,0.15,0.15,0.0,0.0,0.2020690775197928,0.29029375160628246,0.0,0.0,0.0,0.20763717087392478,0.17891646050487098
2025-10-15,风险平价策略,1.0,0.3,0.15,0.15,0.0,0.0,0.20206914173917398,0.29033829649370013,0.0,0.0,0.0,0.2075925617671259,0.17891110741205513
2025-10-16,风险平价策略,1.0,0.3,0.15,0.15,0.0,0.0,0.1975176959251402,0.293092384592108,0.0,0.0,0.0,0.20938991948275176,0.17912679033793022
2025-10-17,风险平价策略,1.0,0.3,0.15,0.15,0.0,0.0,0.19023941900144378,0.2889701023859714,0.0,0.0,0.0,0.2207904786125849,0.1804948574335102
2025-10-20,风险平价策略,1.0,0.3,0.15,0.15,0.0,0.0,0.20748924832251328,0.31473325302744837,0.0,0.0,0.0,0.17777749865003833,0.1753332998380046
2025-10-21,风险平价策略,1.0,0.3,0.15,0.15,0.0,0.0,0.20749330267591667,0.3147258634443829,0.0,0.0,0.0,0.17778083387970037,0.17533370006556404
2025-10-22,风险平价策略,1.0,0.3,0.15,0.15,0.0,0.0,0.22030145138530333,0.33330312372335813,0.0,0.0,0.0,0.14639542489133853,0.17156745098696063
2025-10-23,风险平价策略,1.0,0.3,0.15,0.15,0.0,0.0,0.22129007769705272,0.33488123624190963,0.0,0.0,0.0,0.14382868606103758,0.1712594423273245
2025-10-24,风险平价策略,1.0,0.3,0.15,0.15,0.0,0.0,0.22174892830787596,0.3356704709391943,0.0,0.0,0.0,0.1425806007529297,0.17110967209035155
2025-10-27,风险平价策略,1.0,0.3,0.15,0.15,0.07403939433145697,0.40602808062389373,0.06969906763202849,0.10551633801960006,0.0,0.0,0.0,0.04471711939302081,0.1667453546813607
2025-10-28,风险平价策略,1.0,0.3,0.15,0.15,0.07999386055919602,0.43492833427670147,0.05945907862176381,0.08980825708940474,0.0,0.0,0.0,0.035810469452933855,0.166776774076722
2025-10-29,风险平价策略,1.0,0.3,0.15,0.15,0.0,0.49103407736206717,0.06713395602329765,0.10143539818215742,0.0,0.0,0.0,0.0403965684324777,0.09255798776801825
2025-10-30,风险平价策略,1.0,0.3,0.15,0.15,0.0,0.4941163128728851,0.06453825267319598,0.1005912890836645,0.0,0.0,0.0,0.04075414537025431,0.09218479520659101
2025-10-31,风险平价策略,1.0,0.3,0.15,0.15,0.07793400453900427,0.440083527411661,0.05571867351453842,0.08989014593426739,0.0,0.0,0.0,0.0363736486005289,0.16441812544425283
2025-11-03,风险平价策略,1.0,0.3,0.15,0.15,0.07793443780178765,0.44008705670234016,0.055710635894188926,0.08989606736953136,0.0,0.0,0.0,0.036371802232151904,0.16441779136654394
2025-11-04,风险平价策略,1.0,0.3,0.15,0.15,0.08061263167670242,0.4474499604551453,0.049749262043172926,0.08582715979970372,0.0,0.0,0.0,0.03636098602527553,0.16567218427001848
2025-11-05,风险平价策略,0.7,0.21,0.105,0.105,0.085186196752225,0.4695934538548325,0.05252689881540444,0.08949236695386958,0.0,0.0,0.05496600947189954,0.03823507415176897,0.1669005176155219
2025-11-06,风险平价策略,0.7,0.21,0.105,0.105,0.08576003142585524,0.4669396539663853,0.053015636365982936,0.09035890913010927,0.0,0.0,0.05531972128281612,0.038606047828851166,0.16777470721323406
2025-11-07,风险平价策略,0.7,0.21,0.105,0.105,0.25506046684764805,0.0,0.15476240185983361,0.2653127226171465,0.0,0.0,0.0,0.11486440867537194,0.38383452119306904
2025-11-10,风险平价策略,0.7,0.21,0.105,0.105,0.2550786478298701,0.0,0.15475366506710767,0.26529646261260637,0.0,0.0,0.0,0.11487122449041584,0.3838506111159408
2025-11-11,风险平价策略,0.7,0.21,0.105,0.105,0.0946180491732525,0.49897206470058464,0.057506985477113845,0.09637467666343712,0.0,0.0,0.0,0.04252822398561199,0.17302131944922663
2025-11-12,风险平价策略,0.7,0.21,0.105,0.105,0.09462513987961017,0.498989590083687,0.057509460488168844,0.09639302359122644,0.0,0.0,0.0,0.04248278595730771,0.17301945715245176
2025-11-13,风险平价策略,0.7,0.21,0.105,0.105,0.09518164954725562,0.49147624845963944,0.05950655514752687,0.09992897897156228,0.0,0.0,0.0,0.04390656787401583,0.1746720802225253
2025-11-14,风险平价策略,0.7,0.21,0.105,0.105,0.08842041383424426,0.47135738068019045,0.054746684444740665,0.08603487728809818,0.04858952779269847,0.0,0.0,0.04085111596002806,0.17182793042206984
2025-11-17,风险平价策略,0.7,0.21,0.105,0.105,0.08355917373304603,0.5243725698355091,0.057773376889906095,0.08717120865783257,0.0,0.0,0.0,0.03712367088370646,0.15965424951400975
2025-11-18,风险平价策略,0.7,0.21,0.105,0.105,0.08066875681256988,0.5403048022357166,0.05565469991763557,0.07706951881165694,0.0,0.0,0.0,0.036302222222421056,0.1549768740874275
2025-11-19,风险平价策略,0.5,0.15,0.075,0.075,0.0876542067121791,0.5787388311780892,0.06044335576669951,0.0837189295670545,0.0,0.0,0.0,0.0394446767759776,0.1572331526423057
2025-11-20,风险平价策略,0.5,0.15,0.075,0.075,0.0878452641897096,0.5796069677512796,0.060624756073616934,0.08295495154553328,0.0,0.0,0.0,0.03896806043986064,0.15721924852571662
2025-11-21,风险平价策略,0.5,0.15,0.075,0.075,0.0,0.651678583962146,0.06853137269246361,0.08608191223508832,0.0,0.0,0.0,0.04370813111030205,0.07426836689834654
2025-11-24,风险平价策略,0.5,0.15,0.075,0.075,0.0,0.6516270792976594,0.06852981535645786,0.08613472359438874,0.0,0.0,0.0,0.04370838175149403,0.07427535010499528
2025-11-25,风险平价策略,0.5,0.15,0.075,0.075,0.0,0.647491103859672,0.06994823834844435,0.08793703554378693,0.0,0.0,0.0,0.04462362224809677,0.0749435356487159
2025-11-26,风险平价策略,0.5,0.15,0.075,0.075,0.0,0.6141846591975424,0.08139388022213427,0.10215534783417077,0.0,0.0,0.0,0.052266112746152664,0.08035700453787012
2025-11-27,风险平价策略,0.5,0.15,0.075,0.075,0.07634653414055415,0.5082494257894467,0.06739824083762093,0.08458238842151686,0.0,0.0,0.0701889991743869,0.043234411636474554,0.15559987561763552
2025-11-28,风险平价策略,0.5,0.15,0.075,0.075,0.07629390511664556,0.5084708927693966,0.06742881872464829,0.08461497642619097,0.0,0.0,0.06993824333830377,0.04325316362481471,0.15553554210894238
2025-12-01,风险平价策略,0.5,0.15,0.075,0.075,0.08312797040990627,0.5540572447356643,0.07347260846581662,0.09221275325232435,0.0,0.0,0.0,0.04712942313628832,0.15768529788136115
2025-12-02,风险平价策略,0.5,0.15,0.075,0.075,0.08331085650556018,0.5526320771240814,0.07316249572696212,0.0937379628231266,0.0,0.0,0.0,0.04715660782026963,0.15803458199135192
2025-12-03,风险平价策略,0.5,0.15,0.075,0.075,0.0751082967576972,0.5076269796487453,0.06724911412186087,0.0861826724989539,0.0,0.0,0.07074661058066023,0.04308632639208237,0.15460928787351508
2025-12-04,风险平价策略,0.5,0.15,0.075,0.075,0.18775164884668125,0.0,0.17401106653047535,0.22338599674634485,0.15507393789047647,0.0,0.0,0.10977734998602197,0.32943540640843966
2025-12-05,风险平价策略,0.5,0.15,0.075,0.075,0.18596085536611306,0.0,0.17611385646238237,0.22622023306025693,0.15076335149818557,0.0,0.0,0.11094170361306196,0.3280277564560843
2025-12-08,风险平价策略,0.5,0.15,0.075,0.075,0.08003681746718212,0.4817518524538279,0.07705879376257595,0.09710252971350054,0.06596415918974571,0.0,0.0,0.048085847413167744,0.1656243698726438
2025-12-09,风险平价策略,0.5,0.15,0.075,0.075,0.0,0.63624162142339,0.07365590823738176,0.07915543818977422,0.0,0.0,0.0,0.06094703214945393,0.07842102496577681
2025-12-10,风险平价策略,0.5,0.15,0.075,0.075,0.0,0.6361514670500322,0.07370152596799215,0.07922397052791173,0.0,0.0,0.0,0.06092303645406395,0.07843031632273334
2025-12-11,风险平价策略,0.5,0.15,0.075,0.075,0.0,0.6362193985669329,0.07374127690843976,0.07910795037355574,0.0,0.0,0.0,0.06093137415107157,0.07842214609159265
2025-12-12,风险平价策略,0.5,0.15,0.075,0.075,0.0,0.6313631888666372,0.07543849866816728,0.08091533342884523,0.0,0.0,0.0,0.06228297903635029,0.07923992698736602
2025-12-15,风险平价策略,0.5,0.15,0.075,0.075,0.0,0.5788927429241817,0.06451176822743045,0.07249977714403173,0.07257243662225137,0.0,0.0,0.06152327508210478,0.08695799708131056
2025-12-16,风险平价策略,0.5,0.15,0.075,0.075,0.0,0.6389410959843822,0.06880360874723092,0.07873633922353829,0.0,0.0,0.0,0.06351895604484861,0.07836522676749025
2025-12-17,风险平价策略,0.5,0.15,0.075,0.075,0.08832387738197359,0.5725478552833252,0.061658439960840146,0.07056285955362149,0.0,0.0,0.0,0.05690696782023957,0.16072693267603766
2025-12-18,风险平价策略,0.5,0.15,0.075,0.075,0.08834634398038822,0.5726307562718504,0.06150924748277847,0.07059555107565754,0.0,0.0,0.0,0.05691810118932533,0.16073594898954535
2025-12-19,风险平价策略,0.5,0.15,0.075,0.075,0.08171223877553957,0.5295379018360202,0.05688403199148272,0.06528552874154007,0.06399753658532702,0.0,0.0,0.05258276207009031,0.1611005706378546
2025-12-22,风险平价策略,0.5,0.15,0.075,0.075,0.08133443522163639,0.5219106623358724,0.05874598358544777,0.06744519149520799,0.0661890023025752,0.0,0.0,0.05437472505926022,0.16204984320096877
2025-12-23,风险平价策略,0.7,0.21,0.105,0.105,0.07562515739676774,0.4852072837510495,0.05440813747178466,0.06265071964340323,0.06154501601070233,0.0,0.0,0.050563685726292586,0.16050524135415536
2025-12-24,风险平价策略,0.7,0.21,0.105,0.105,0.07562681125083778,0.48521695788268243,0.05440370677416468,0.06264864823706788,0.0615441752550415,0.0,0.0,0.05055970060020573,0.16050483796111673
2025-12-25,风险平价策略,0.7,0.21,0.105,0.105,0.06986076208516459,0.4449880367961212,0.050267968508585524,0.05741826524861447,0.05682739650544014,0.0,0.06455367599633097,0.046083894859743034,0.15857138625239553
2025-12-26,风险平价策略,0.7,0.21,0.105,0.105,0.06965331006246778,0.4451138892490787,0.050282830072022645,0.057434428405507415,0.056848986901532776,0.0,0.06456920926132081,0.046097346048069934,0.15838150052079142
2025-12-29,风险平价策略,0.7,0.21,0.105,0.105,0.08592330920732977,0.4048908248000711,0.061035941186749994,0.06964297303207931,0.04660834578247424,0.0,0.0718515970615472,0.050047008929748435,0.17763149500369557
2025-12-30,风险平价策略,0.7,0.21,0.105,0.105,0.08690976859087889,0.4061865341208325,0.059301678311303695,0.07116812669515034,0.04739787911007141,0.0,0.07308800386894124,0.045948009302821946,0.177764123301397
2025-12-31,风险平价策略,1.0,0.3,0.15,0.15,0.07915083209984924,0.35894663579243374,0.05391570828139073,0.0646752899241047,0.0417621539783536,0.0,0.06131870451951477,0.04023067540435312,0.17543464458461527
2026-01-05,风险平价策略,1.0,0.3,0.15,0.15,0.07798077939738325,0.3608762706844732,0.054144214381897815,0.06503059727591894,0.039906603417803506,0.0,0.06168293913567566,0.04037859570684762,0.17417956749632754
2026-01-06,风险平价策略,1.0,0.3,0.15,0.15,0.1609802128076905,0.0,0.11169746205881387,0.13412910960705873,0.08245389623344483,0.0,0.12738212048729075,0.08335719880570125,0.2962293179628599
2026-01-07,风险平价策略,1.0,0.3,0.15,0.15,0.15970283943679733,0.0,0.09734595105521153,0.14156365012796954,0.08611791808302048,0.0,0.13214544674089795,0.0831241945561032,0.2950221042522454
2026-01-08,风险平价策略,1.0,0.3,0.15,0.15,0.0,0.0,0.12177527159125741,0.14654304124121906,0.11896540780136677,0.0,0.17828363565620692,0.1344326437099498,0.16597306225352143
2026-01-09,风险平价策略,1.0,0.3,0.15,0.15,0.0,0.0,0.121779905185338,0.1465473205782304,0.11897366856253158,0.0,0.1782685093114285,0.1344305963624715,0.16597335296977905
2026-01-12,风险平价策略,1.0,0.3,0.15,0.15,0.0,0.0,0.12177705355948092,0.1465456794045241,0.11896891044587475,0.0,0.17827994961187987,0.13442840697824024,0.16597269945349116
2026-01-13,风险平价策略,1.0,0.3,0.15,0.15,0.0,0.0,0.10562237476175199,0.1282330152497823,0.11078264795943261,0.07606580015758596,0.1539723731370061,0.125323788734441,0.17769803795883082
2026-01-14,风险平价策略,1.0,0.3,0.15,0.15,0.0,0.4221548261822314,0.042166165792153196,0.051273626584538136,0.04353688771224891,0.030397524664345636,0.060474646258727616,0.04999632280575505,0.10649339063774532
2026-01-15,风险平价策略,1.0,0.3,0.15,0.15,0.0,0.4304450605006002,0.039898052807915876,0.04924717665711165,0.04068850989538974,0.03075791712785928,0.059838130050706026,0.04912515296041727,0.10531794312555925
2026-01-16,风险平价策略,1.0,0.3,0.15,0.15,0.0,0.46227666859837324,0.03702314369787531,0.044669623006086664,0.04218705341924563,0.0,0.061656493259069495,0.05218701801934962,0.09642726763796194
2026-01-19,风险平价策略,1.0,0.3,0.15,0.15,0.0,0.5067657494783846,0.04063061534170562,0.049021210532200384,0.0463065029672729,0.0,0.0,0.05727592168043642,0.09292279945174317
2026-01-20,风险平价策略,1.0,0.3,0.15,0.15,0.0,0.506894287344849,0.04067211038468804,0.048796625928733274,0.04633447572315958,0.0,0.0,0.05730250061857013,0.0929089160399054
2026-01-21,风险平价策略,1.0,0.3,0.15,0.15,0.0,0.506760659696342,0.04071153876673865,0.04887473354330091,0.04635573867064295,0.0,0.0,0.05729732932297559,0.09292654784645735
2026-01-22,风险平价策略,1.0,0.3,0.15,0.15,0.0,0.0,0.14694807367796114,0.17668566958697599,0.16950064967466416,0.0,0.0,0.20686560706039872,0.1805188793439945
2026-01-23,风险平价策略,1.0,0.3,0.15,0.15,0.0,0.0,0.1469799940520311,0.17675380980231947,0.16958748532065956,0.0,0.0,0.2066787108249898,0.18049732015220538
2026-01-26,风险平价策略,1.0,0.3,0.15,0.15,0.0,0.0,0.14716811846964112,0.17640319940876995,0.16952359142830659,0.0,0.0,0.20690509069328228,0.18052384679747693
2026-01-27,风险平价策略,1.0,0.3,0.15,0.15,0.0,0.0,0.1552316711461185,0.18639604665177759,0.14105391205334766,0.0,0.0,0.21731837014875627,0.18148874353838423
2026-01-28,风险平价策略,1.0,0.3,0.15,0.15,0.0,0.0,0.15523164164663653,0.1864011747108609,0.14105945207735893,0.0,0.0,0.21730773156514363,0.18148752230859083
2026-01-29,风险平价策略,1.0,0.3,0.15,0.15,0.0,0.0,0.1343324684126323,0.16086987365643596,0.12124159252174448,0.0955542655849675,0.0,0.18800179982421977,0.19306131439771862
2026-01-30,风险平价策略,1.0,0.3,0.15,0.15,0.0,0.0,0.12026630039365507,0.14642317214246595,0.1679087377760464,0.15367462408222438,0.0,0.11172716560560822,0.19367428710358936
2026-02-02,风险平价策略,1.0,0.3,0.15,0.15,0.0,0.0,0.18075367354312652,0.17367143331969528,0.2481093084598457,0.0,0.0,0.09746558467733252,0.16817696324587836
2026-02-03,风险平价策略,1.0,0.3,0.15,0.15,0.0,0.6192075142508379,0.0208683280084831,0.020047171149259004,0.028634137548023415,0.0,0.0,0.011242849043396584,0.07204246883682472
2026-02-04,风险平价策略,1.0,0.3,0.15,0.15,0.0,0.0,0.18080885427746407,0.17368539516279696,0.2480967720146534,0.0,0.0,0.09740897854508553,0.1681700451455568
2026-02-05,风险平价策略,1.0,0.3,0.15,0.15,0.0,0.6023735659091827,0.018548951660792744,0.018656696563789186,0.02673770145233442,0.023044758649837488,0.0,0.01063832576406348,0.0779107060924453
2026-02-06,风险平价策略,1.0,0.3,0.15,0.15,0.0,0.6230107945069877,0.019081543092565833,0.019279171405813044,0.027679661519502685,0.0,0.0,0.010948829475130643,0.07148419889376735
2026-02-09,风险平价策略,1.0,0.3,0.15,0.15,0.0,0.6026342068500798,0.018458319803742886,0.018650312424019072,0.026782240022658253,0.022883217861968896,0.0,0.010591703037531038,0.07784452369788455
2026-02-10,风险平价策略,1.0,0.3,0.15,0.15,0.0,0.6026292433040719,0.01845308106237419,0.01865104589514536,0.02678882740652901,0.022888311666875452,0.0,0.010589490665004012,0.07784580917451613
2026-02-11,风险平价策略,1.0,0.3,0.15,0.15,0.0,0.6026240123844874,0.018454419580453806,0.01865225441658813,0.026790134822015154,0.022889288165659424,0.0,0.010589890630796094,0.0778467326585154
2026-02-12,风险平价策略,1.0,0.3,0.15,0.15,0.0,0.6028851651589213,0.018480808203321906,0.018643386029449174,0.026450473960458524,0.022966295679087353,0.0,0.010573870968761688,0.07781847926805559
2026-02-13,风险平价策略,1.0,0.3,0.15,0.15,0.0,0.6205305301801811,0.019191848388165608,0.019450381687370052,0.029318324263573715,0.0,0.0,0.01150891548070942,0.07190263152599641
2026-02-24,风险平价策略,1.0,0.3,0.15,0.15,0.0,0.6015466220724662,0.0186171604838505,0.01886504677425006,0.028436081229020072,0.021374269315197952,0.0,0.011160820125215212,0.07783474833796476
2026-02-25,风险平价策略,1.0,0.3,0.15,0.15,0.0,0.5421964108090872,0.01769246318450907,0.017930387923988978,0.026525745275933717,0.01995357214594283,0.06508970356423041,0.010611717096307812,0.08358202848151346
2026-02-26,风险平价策略,1.0,0.3,0.15,0.15,0.0,0.0,0.0786875860797945,0.08008485947839601,0.11559801996878306,0.08762861880826026,0.2908029503424866,0.04719796532227944,0.1661162265374084
2026-02-27,风险平价策略,1.0,0.3,0.15,0.15,0.0,0.5376343325682232,0.018253938800199723,0.018576386602650038,0.026808636974722917,0.020328424752455512,0.06744938038257481,0.010948899919173662,0.08423038601225356
2026-03-02,风险平价策略,0.7,0.21,0.105,0.105,0.0,0.6069059613483642,0.02060202347106595,0.02097095048536788,0.030261658440263,0.022947261366697662,0.07595239024356078,0.012359754644680521,0.07704647247109993
2026-03-03,风险平价策略,0.7,0.21,0.105,0.105,0.0,0.6713540848832289,0.022510997620270205,0.022634781045244665,0.0339975229354022,0.02577041344829495,0.0,0.013732200067559102,0.07127830392995241
2026-03-04,风险平价策略,0.7,0.21,0.105,0.105,0.0,0.6714742083113597,0.022376807142706883,0.022754582433354684,0.03415643461399248,0.02592371217403222,0.0,0.013314255324554049,0.07123805081089801
2026-03-05,风险平价策略,0.7,0.21,0.105,0.105,0.0,0.6069063868019685,0.020204646536733012,0.02058159761239754,0.030897350495606605,0.023449218519520632,0.07592026822566884,0.012040531808104877,0.07709574202001615
2026-03-06,风险平价策略,0.7,0.21,0.105,0.105,0.0,0.6067821994410435,0.020223943956549407,0.020566118698920412,0.03092759525963097,0.023472457097834097,0.07600546051341953,0.012022225032602135,0.07711177535221858
2026-03-09,风险平价策略,0.7,0.21,0.105,0.105,0.0,0.591472465685615,0.021475102591456085,0.02228277618644513,0.033654502398106176,0.025567347431020064,0.08253088100739933,0.013016924699958247,0.07946464227915927
2026-03-10,风险平价策略,0.7,0.21,0.105,0.105,0.0,0.6104932124716833,0.022475795775794085,0.023162070090495902,0.030930513708579885,0.014093376016795658,0.07518324887832911,0.013661783058322078,0.07533157811674464
2026-03-11,风险平价策略,0.7,0.21,0.105,0.105,0.06693130517393671,0.5580343583380352,0.020617087620376683,0.021304298092400125,0.028458365457532588,0.012928944311790085,0.06915913251677797,0.01256650848915073,0.1384740797581286
2026-03-12,风险平价策略,1.0,0.3,0.15,0.15,0.059356703241008876,0.49492948816587873,0.018266932156657006,0.01889428978082678,0.025236119460678122,0.01146568730222359,0.06072564462067622,0.011125135272050606,0.13864426787704215
2026-03-13,风险平价策略,1.0,0.3,0.15,0.15,0.061357313098459806,0.48980144115852,0.01860908852097872,0.019066677198984458,0.025326354058312597,0.011837288581185351,0.06271038387674326,0.01129145350681573,0.1410378410643944
2026-03-16,风险平价策略,1.0,0.3,0.15,0.15,0.2164400184234529,0.0,0.06424610700530094,0.06723665637501529,0.0893423707193843,0.041721807911420425,0.18240901505332552,0.03860402451210062,0.34253874093857384
2026-03-17,风险平价策略,1.0,0.3,0.15,0.15,0.21744993128325832,0.0,0.06422843623110604,0.06686395982826908,0.08822674573639366,0.04152944013799512,0.18295892883444587,0.038742557948531826,0.3433452592461706
2026-03-18,风险平价策略,0.7,0.21,0.105,0.105,0.07128505015409448,0.5626986559855541,0.021802294479633656,0.022672583415174297,0.027845010510309604,0.013447815755552846,0.056692543626122686,0.013556046073558354,0.14207117341742445
2026-03-19,风险平价策略,0.7,0.21,0.105,0.105,0.0703868019347398,0.5673983633974437,0.01901083400624648,0.02114262518148024,0.028441561678286265,0.013557802588792155,0.05756402337347035,0.012497987839541062,0.14055263643705695
2026-03-20,风险平价策略,0.7,0.21,0.105,0.105,0.07149391245512456,0.5652119448072206,0.020555035420154393,0.022099015617586096,0.026066300745321153,0.012793194401302228,0.05915958150721282,0.012621015046078194,0.14159858238530443
2026-03-23,风险平价策略,0.5,0.15,0.075,0.075,0.0,0.6687900966195384,0.024756237172796226,0.027906885255680827,0.03757336641361653,0.017915419719119134,0.07305799481924896,0.0,0.06776379793098009
2026-03-24,风险平价策略,0.5,0.15,0.075,0.075,0.0,0.683149108394448,0.02499885661838199,0.028579647275949277,0.026053534530109376,0.013336779767751036,0.06127588764428971,0.01260618576907062,0.06684375613785057
2026-03-25,风险平价策略,0.7,0.21,0.105,0.105,0.20027158019336977,0.0,0.08991470498535939,0.10284748235509868,0.09172069674965945,0.047438635743096404,0.2124662337471901,0.04534066622622627,0.3316024089835541
2026-03-26,风险平价策略,0.7,0.21,0.105,0.105,0.048677579437527076,0.5976722033651576,0.021915323144668517,0.024977566528488284,0.022370256848150666,0.01156743659907409,0.05183121722554925,0.010988416851384592,0.11784158520295952
2026-03-27,风险平价策略,0.5,0.15,0.075,0.075,0.2151890598840206,0.0,0.09710074012971223,0.11066223870976623,0.09914204050461636,0.05126588903686416,0.227948610058411,0.04869142167660941,0.34595728525296254
2026-03-30,风险平价策略,0.5,0.15,0.075,0.075,0.05234996446154593,0.6434140749174536,0.02359467059018468,0.02692967972897183,0.02388166798812527,0.012488624361239374,0.05549483139789927,0.011846486554580028,0.11610680005613452
2026-03-31,风险平价策略,0.5,0.15,0.075,0.075,0.05398358576031429,0.6635633957383581,0.0,0.027790219865550126,0.024211136776074036,0.012596735424080824,0.05564055037674744,0.012214376058875237,0.11481925126536195
2026-04-01,风险平价策略,0.5,0.15,0.075,0.075,0.2701859645787161,0.0,0.0,0.1311594305345767,0.09745036678320264,0.04753937442775357,0.24204765220665475,0.06161721146909627,0.392669649632486
2026-04-02,风险平价策略,0.5,0.15,0.075,0.075,0.06678084798073448,0.6406906433354871,0.0,0.03244659922397827,0.024033627118207484,0.011719189228037111,0.059389863545087324,0.01493922956846832,0.12872909364305782
2026-04-03,风险平价策略,0.5,0.15,0.075,0.075,0.06469269568431478,0.6432772010408209,0.0,0.03244025910622753,0.02411327607360383,0.011758059571887717,0.058686529999237735,0.015031978523907497,0.12666510604944345
2026-04-07,风险平价策略,0.5,0.15,0.075,0.075,0.06345003625711566,0.644718970313513,0.0,0.03243646622275639,0.023759859625544166,0.01168435186874863,0.05888114250500744,0.01506917320731456,0.12540993086863564
2026-04-08,风险平价策略,0.5,0.15,0.075,0.075,0.0629937023397173,0.6501770532097385,0.0,0.032418379758588155,0.019381290633124378,0.009945570395432812,0.060167017205249286,0.014916986458149623,0.12391093981046881
2026-04-09,风险平价策略,0.5,0.15,0.075,0.075,0.06240146297076165,0.6499299977699987,0.0,0.03219362985921201,0.019602171029731087,0.010053490799583986,0.060960737734041676,0.014858509836670837,0.12343545848309996
2026-04-10,风险平价策略,0.5,0.15,0.075,0.075,0.06247865325264276,0.6493619161470434,0.0,0.03242577933780164,0.01910248294645798,0.010155866812201547,0.06151596825515607,0.014959333248696556,0.1235838145139748
2026-04-13,风险平价策略,0.5,0.15,0.075,0.075,0.062144777244059646,0.6496935519993295,0.0,0.03244553074659741,0.019066968570385777,0.010160628638871912,0.0615439122054859,0.01494463059526967,0.12325639193829174
2026-04-14,风险平价策略,0.5,0.15,0.075,0.075,0.060021079639521524,0.6275805359579714,0.02897032162591651,0.03134157108291909,0.01842090417324615,0.009805630293054448,0.05942400786793644,0.014435949359434439,0.12439703811858716
2026-04-15,风险平价策略,0.7,0.21,0.105,0.105,0.05774539658941067,0.6039198165639406,0.0,0.030132690388135545,0.017742490665318602,0.009371769852852875,0.05719993616614838,0.013887899774193468,0.12440441587000142
2026-04-16,风险平价策略,0.7,0.21,0.105,0.105,0.055808959426273175,0.5832202642397919,0.026936512237722136,0.02912246657089955,0.017147834167805624,0.009057529428858428,0.05528432635302011,0.01342210757562911,0.12551759641447785
2026-04-17,风险平价策略,0.7,0.21,0.105,0.105,0.05698985133163483,0.6072815583124896,0.0,0.02998061078908162,0.017845084868130537,0.009430059500501253,0.05459746714369159,0.013875368054470505,0.12340284526737437
2026-04-20,风险平价策略,0.7,0.21,0.105,0.105,0.05545318523567726,0.586422447810877,0.02713413290483041,0.028111962921391908,0.01712278116092321,0.009018358422938959,0.05321654491909644,0.01352058662426485,0.12485378435011886
2026-04-21,风险平价策略,0.7,0.21,0.105,0.105,0.055501579690934756,0.5866766739473155,0.027046061551392213,0.027872109298748463,0.017131736479435798,0.009006672138686384,0.05324552207185216,0.01351964482163486,0.12485735258092243
2026-04-22,风险平价策略,0.7,0.21,0.105,0.105,0.05526973876559504,0.5868779830808594,0.027053089008836313,0.027879117427624743,0.017132734811861984,0.009006706037370749,0.05325609899175903,0.013524531876092802,0.12463571401666013
2026-04-23,风险平价策略,0.7,0.21,0.105,0.105,0.05755936126497847,0.5823548044462438,0.02814992306702333,0.028651893201028684,0.01782546257281394,0.009377971088398697,0.052252159732382904,0.013828424627130315,0.12730254102549513
2026-04-24,风险平价策略,0.7,0.21,0.105,0.105,0.05919203653148221,0.5921711251186434,0.02876360721509558,0.029196345043292465,0.017955576302975677,0.009665301834855304,0.05305600795365534,0.0,0.12571253261342513
2026-04-27,风险平价策略,1.0,0.3,0.15,0.15,0.055062785327505755,0.509111857720047,0.0281322312331323,0.028524072855450767,0.017560484634283665,0.00945041445318154,0.05215815377639897,0.0,0.1316455654284584
2026-04-28,风险平价策略,1.0,0.3,0.15,0.15,0.05519378005232276,0.5094511978510068,0.027996790760504233,0.028128253618908024,0.017568275215745298,0.009451577631573449,0.052210124869939395,0.0,0.13170849496117623
2026-04-29,风险平价策略,1.0,0.3,0.15,0.15,0.05524204687408528,0.5096306178451459,0.027798570540972612,0.02817511220777124,0.017454540213311966,0.00944557871772369,0.052253533600989305,0.0,0.13172141795407616
2026-04-30,风险平价策略,1.0,0.3,0.15,0.15,0.05706243934384206,0.5296480947522167,0.0,0.02935151848917262,0.018488485939750235,0.010001445805971248,0.055448015669047036,0.0,0.13055163197555955
2026-05-06,风险平价策略,1.0,0.3,0.15,0.15,0.05717821946952093,0.5284872055286309,0.02979105150034177,0.0,0.019038341153301348,0.009930965892190868,0.05557421645601411,0.0,0.13079604306863554
2026-05-07,风险平价策略,1.0,0.3,0.15,0.15,0.057422878443435216,0.5600857305485161,0.0,0.0,0.017437105827205784,0.009617892399392496,0.05543639278145045,0.0,0.12667378632716725
2026-05-08,风险平价策略,1.0,0.3,0.15,0.15,0.05485724299253785,0.5362165703569797,0.030162437867739214,0.0,0.01644154315155654,0.009219175598580513,0.05310303003260613,0.0,0.1277372397418498
2026-05-11,风险平价策略,1.0,0.3,0.15,0.15,0.05169697793848822,0.5052403178541811,0.028428081737580862,0.026305958406430578,0.015491034478866614,0.008686092904829678,0.05003701550538971,0.014114521174233214,0.13095533584332336
2026-05-12,风险平价策略,1.0,0.3,0.15,0.15,0.05265603199084016,0.5158488549916862,0.029023384392863682,0.026856459817272877,0.015791695552886724,0.008869703430756578,0.050953869823693695,0.0,0.1286399248581672
2026-05-13,风险平价策略,1.0,0.3,0.15,0.15,0.05263962060926208,0.5160232879734535,0.029008267361244226,0.026857095112016612,0.015656455000533438,0.008832371372497438,0.050982902570992646,0.0,0.12859439432783906
2026-05-14,风险平价策略,1.0,0.3,0.15,0.15,0.0,0.5607536251159333,0.029881032181963377,0.02892747450829262,0.016990810241050078,0.009558329458605318,0.05388872849415526,0.0,0.0783808395703117
2026-05-15,风险平价策略,1.0,0.3,0.15,0.15,0.0,0.5726391067896146,0.027234098778771327,0.02752926609510926,0.01725806113367315,0.009705360987346031,0.04563410621548558,0.0,0.07705013576624956
2026-05-18,风险平价策略,0.5,0.15,0.075,0.075,0.0,0.6955951420726053,0.03292321050058325,0.03332189674944677,0.020944160218338555,0.011775962145599068,0.05543962831342688,0.0,0.06352506251627468
2026-05-19,风险平价策略,0.5,0.15,0.075,0.075,0.0,0.695665431712762,0.032922544355535814,0.03332773081066115,0.020845265176098034,0.011785689841947136,0.05545333810299593,0.0,0.06351572960215979
2026-05-20,风险平价策略,0.5,0.15,0.075,0.075,0.0,0.6972297252608188,0.03251493321883862,0.03346779994695105,0.020691959724341458,0.011621903651059739,0.05447367819799026,0.0,0.06330620092526272
2026-05-21,风险平价策略,0.5,0.15,0.075,0.075,0.0,0.6895997876922534,0.035407032129566134,0.03521162763729843,0.02260947783174462,0.012249852558433949,0.054922222150703456,0.0,0.06444243318469156
2026-05-22,风险平价策略,0.5,0.15,0.075,0.075,0.0,0.6868947699276384,0.03643686274482037,0.03637950126370271,0.021311948861147456,0.012409306026155658,0.0565676111765353,0.0,0.06477078617726913
2026-05-25,风险平价策略,0.5,0.15,0.075,0.075,0.0,0.6900856924610484,0.036456265517525524,0.03625655408819109,0.020444025546046084,0.011752802639937185,0.055004659747251765,0.0,0.06427318040319134
2026-05-26,风险平价策略,0.5,0.15,0.075,0.075,0.0,0.6903505280114209,0.03618932372544724,0.03631109438002649,0.020457721144460664,0.011712776560926376,0.05497855617771819,0.0,0.06423194349431945
2026-05-27,风险平价策略,0.5,0.15,0.075,0.075,0.0,0.6906657786332769,0.036072817691098165,0.0361051407202478,0.02045548228109155,0.01167209745997388,0.05502868321431163,0.0,0.06418134980448499
2026-05-28,风险平价策略,0.5,0.15,0.075,0.075,0.0,0.6916214561954499,0.03576579415786462,0.03533686142051718,0.02045475026818653,0.011638826086210733,0.05518231187177108,0.0,0.06404239373393672
2026-05-29,风险平价策略,0.5,0.15,0.075,0.075,0.0,0.7220642314234038,0.03730606705793677,0.0,0.021158156280031617,0.011975388679086145,0.057496156559541656,0.0,0.05992408781250834
2026-06-01,风险平价策略,0.5,0.15,0.075,0.075,0.0,0.6921155026565062,0.035696659525640176,0.035324176814764234,0.020277768238888695,0.011476714525690027,0.055109178238510505,0.0,0.06395018380071561
2026-06-02,风险平价策略,0.5,0.15,0.075,0.075,0.06224024777803901,0.6793166071057477,0.03503374210371975,0.0,0.019900898381751516,0.0,0.053508504630742075,0.0,0.11616782001917209
2026-06-03,风险平价策略,0.5,0.15,0.075,0.075,0.0,0.7262106228589751,0.03985131269708343,0.0,0.022657679162373844,0.0,0.06128038528156755,0.0,0.05734973114721506
2026-06-04,风险平价策略,0.3,0.09,0.045,0.045,0.0,0.8436334270499644,0.042512842462703294,0.0,0.02385373048733233,0.0,0.0,0.0,0.044548024653128133
2026-06-05,风险平价策略,0.3,0.09,0.045,0.045,0.0,0.8415893899846283,0.04379086718529052,0.0,0.02461974283008113,0.0,0.0,0.0,0.044831629780375984
2026-06-08,风险平价策略,0.3,0.09,0.045,0.045,0.0,0.8370894238165848,0.0459492060260624,0.0,0.026961370157352848,0.0,0.0,0.0,0.04546254148633459
2026-06-09,风险平价策略,0.3,0.09,0.045,0.045,0.0,0.8582286276081593,0.051771372391840716,0.0,0.0,0.0,0.0,0.0,0.042339135272898495
2026-06-10,风险平价策略,0.3,0.09,0.045,0.045,0.0,0.8528954655696828,0.05710453443031729,0.0,0.0,0.0,0.0,0.0,0.04305911214809284
2026-06-11,风险平价策略,0.3,0.09,0.045,0.045,0.0,0.8526965304659023,0.05730346953409772,0.0,0.0,0.0,0.0,0.0,0.04308596838710319
2026-06-12,风险平价策略,0.3,0.09,0.045,0.045,0.0,0.8527728934152242,0.05722710658477578,0.0,0.0,0.0,0.0,0.0,0.04307565938894473
2026-06-15,风险平价策略,0.3,0.09,0.045,0.045,0.0,0.8531490462787976,0.05685095372120244,0.0,0.0,0.0,0.0,0.0,0.043024878752362335
2026-06-16,风险平价策略,0.7,0.21,0.105,0.105,0.0,0.7426721426720871,0.047327857327912906,0.0,0.0,0.0,0.0,0.0,0.055539260739268244
2026-06-17,风险平价策略,0.7,0.21,0.105,0.105,0.0,0.7427049819538049,0.04729501804619517,0.0,0.0,0.0,0.0,0.0,0.055534827436236354
2026-06-18,风险平价策略,0.7,0.21,0.105,0.105,0.0,0.7437238999189753,0.046276100081024785,0.0,0.0,0.0,0.0,0.0,0.05539727351093835
2026-06-22,风险平价策略,0.7,0.21,0.105,0.105,0.0,0.7019375412011171,0.0437317374850934,0.044330721313789595,0.0,0.0,0.0,0.0,0.06103843193784921
2026-06-23,风险平价策略,1.0,0.3,0.15,0.15,0.0,0.6583053071675573,0.04169469283244262,0.0,0.0,0.0,0.0,0.0,0.06512878353237976
2026-06-24,风险平价策略,1.0,0.3,0.15,0.15,0.0,0.6582156906406477,0.04178430935935236,0.0,0.0,0.0,0.0,0.0,0.06514088176351257
2026-06-25,风险平价策略,1.0,0.3,0.15,0.15,0.0,0.665707091453453,0.03429290854654709,0.0,0.0,0.0,0.0,0.0,0.06412954265378386
2026-06-26,风险平价策略,1.0,0.3,0.15,0.15,0.0,0.6657048476203125,0.034295152379687534,0.0,0.0,0.0,0.0,0.0,0.06412984557125782
2026-06-29,风险平价策略,1.0,0.3,0.15,0.15,0.0,0.6657065850194523,0.03429341498054753,0.0,0.0,0.0,0.0,0.0,0.06412961102237391
2026-06-30,风险平价策略,1.0,0.3,0.15,0.15,0.0,0.6606055256144574,0.0393944743855426,0.0,0.0,0.0,0.0,0.0,0.06481825404204826
2026-07-01,风险平价策略,1.0,0.3,0.15,0.15,0.0,0.655636889407493,0.044363110592506985,0.0,0.0,0.0,0.0,0.0,0.06548901992998844
2026-07-02,风险平价策略,1.0,0.3,0.15,0.15,0.0,0.5789504793614592,0.039162870428469894,0.0,0.0,0.0,0.08188665021007088,0.0,0.07338508577990088
2026-07-03,风险平价策略,0.7,0.21,0.105,0.105,0.0,0.6537383876200114,0.04447966953222777,0.0,0.0,0.0,0.09178194284776092,0.0,0.06479185938586565
2026-07-06,风险平价策略,0.7,0.21,0.105,0.105,0.0,0.6537410534339088,0.04447607038162934,0.0,0.0,0.0,0.09178287618446197,0.0,0.06479147150088847
2026-07-07,风险平价策略,0.7,0.21,0.105,0.105,0.0,0.6536309097902248,0.04451482262608593,0.0,0.0,0.0,0.09185426758368936,0.0,0.06480419915080898
2026-07-08,风险平价策略,0.7,0.21,0.105,0.105,0.0,0.6536283038135924,0.04451076028889889,0.0,0.0,0.0,0.09186093589750882,0.0,0.06480435090823979
2026-07-09,风险平价策略,0.7,0.21,0.105,0.105,0.0,0.6516462724577725,0.045154142157710665,0.0,0.0,0.0,0.09319958538451686,0.0,0.06503176565666521
2026-07-10,风险平价策略,0.7,0.21,0.105,0.105,0.0,0.6515193841009177,0.045288858914125874,0.0,0.0,0.0,0.09319175698495641,0.0,0.06504913043682742
2026-07-13,风险平价策略,0.7,0.21,0.105,0.105,0.0,0.6506905748662838,0.045173782078850956,0.0,0.0,0.0,0.09413564305486527,0.0,0.06513270310140573
2026-07-14,风险平价策略,0.7,0.21,0.105,0.105,0.0,0.6507160320582173,0.045179876390696726,0.0,0.0,0.0,0.09410409155108607,0.0,0.0651302129256081
2026-07-15,风险平价策略,0.7,0.21,0.105,0.105,0.0,0.6505875721899445,0.045131531134391695,0.0,0.0,0.0,0.09428089667566403,0.0,0.0651422508540876
2026-07-16,风险平价策略,0.7,0.21,0.105,0.105,0.0,0.6489179762490213,0.04564705260120538,0.0,0.0,0.0,0.09543497114977346,0.0,0.06533302407188894
2026-07-17,风险平价策略,0.7,0.21,0.105,0.105,0.0,0.6508189392506276,0.044561850294864994,0.0,0.0,0.0,0.09461921045450745,0.0,0.06510086688753006
2026-07-20,风险平价策略,0.5,0.15,0.075,0.075,0.0,0.6986476355219859,0.04847664402671278,0.0,0.0,0.0,0.10287572045130125,0.0,0.05959629759099286
2026-07-21,风险平价策略,0.5,0.15,0.075,0.075,0.0,0.6985057907559419,0.04845874792910225,0.0,0.0,0.0,0.10303546131495582,0.0,0.059610654408499164
2026-07-22,风险平价策略,0.25,0.075,0.0375,0.0375,0.0,0.7601620855999377,0.052735124090315465,0.0,0.0,0.0,0.11210279030974683,0.0,0.052515034734716005
2026-07-23,风险平价策略,0.25,0.075,0.0375,0.0375,0.0,0.7567084559690196,0.053831438177337834,0.0,0.0,0.0,0.11446010585364248,0.0,0.052910555268573065
2026-07-24,风险平价策略,0.35,0.105,0.0525,0.0525,0.0,0.7345911490164049,0.049321879586458416,0.0,0.0,0.0,0.11108697139713668,0.0,0.05539758574087124
2026-07-27,风险平价策略,0.35,0.105,0.0525,0.0525,0.0,0.7533953288649807,0.05502896038362355,0.0,0.0,0.0,0.0865757107513957,0.0,0.05359435928068573
2026-07-28,风险平价策略,0.25,0.075,0.0375,0.0375,0.0,0.7884297599471642,0.058455742782851525,0.0,0.0,0.0,0.07811449726998435,0.0,0.049718547489033316
2026-07-29,风险平价策略,0.25,0.075,0.0375,0.0375,0.06266546952413113,0.7350122187007475,0.05449617868395515,0.0,0.0,0.0,0.07282613309116631,0.0,0.10972756088293426
2026-07-30,风险平价策略,0.25,0.075,0.0375,0.0375,0.06279450487213767,0.7375294130349581,0.05433220749882602,0.0,0.0,0.0,0.07034387459407826,0.0,0.10957059709505396
2026-07-31,风险平价策略,0.25,0.075,0.0375,0.0375,0.06233374987617476,0.7380877002405039,0.054326039619112136,0.0,0.0,0.0,0.07025251026420933,0.0,0.10911093505559251
2026-08-03,风险平价策略,0.25,0.075,0.0375,0.0375,0.06306077775439166,0.735764375436038,0.055109248010542136,0.0,0.0,0.0,0.07106559879902846,0.0,0.11001089466585305
2026-08-04,风险平价策略,0.25,0.075,0.0375,0.0375,0.05803778623038581,0.7399844586544019,0.05554092834028993,0.0,0.0,0.0,0.07143682677492244,0.0,0.10521073371193217
2026-08-05,风险平价策略,0.5,0.15,0.075,0.075,0.0,0.7260066192114836,0.055032381539455534,0.0,0.0,0.0,0.0689609992490609,0.0,0.0569202764289779
2026-08-06,风险平价策略,0.7,0.21,0.105,0.105,0.0,0.7213948495698629,0.0,0.0,0.0,0.0,0.06860515043013729,0.0,0.05635354079516442
2026-08-07,风险平价策略,0.7,0.21,0.105,0.105,0.0,0.674646494587048,0.05120066454901642,0.0,0.0,0.0,0.06415284086393565,0.0,0.06279813800483046
2026-08-10,风险平价策略,0.7,0.21,0.105,0.105,0.0,0.6756638389930562,0.05048897299254819,0.0,0.0,0.0,0.06384718801439565,0.0,0.06266996609550556
2026-08-11,风险平价策略,0.7,0.21,0.105,0.105,0.047104373437497106,0.6347219713502663,0.04789784866440953,0.0,0.0,0.0,0.060275806547827125,0.0,0.10787193335877682
2026-08-12,风险平价策略,0.7,0.21,0.105,0.105,0.0,0.6746894465026334,0.05104642149224057,0.0,0.0,0.0,0.06426413200512622,0.0,0.06278900076199073
2026-08-13,风险平价策略,0.5,0.15,0.075,0.075,0.0,0.7277392527227586,0.05307303190654545,0.0,0.0,0.0,0.06918771537069585,0.0,0.0566795694213067
2026-08-14,风险平价策略,0.5,0.15,0.075,0.075,0.0,0.7277061145165681,0.053197176285982875,0.0,0.0,0.0,0.0690967091974491,0.0,0.05668677326433985
2026-08-17,风险平价策略,0.5,0.15,0.075,0.075,0.05012448606229477,0.684804957982552,0.050053980114621636,0.0,0.0,0.0,0.06501657584053162,0.0,0.10470540168946714
2026-08-18,风险平价策略,0.5,0.15,0.075,0.075,0.049121010758842176,0.6708669719717042,0.04663282139767855,0.0,0.019741945578697084,0.0,0.06363725029307792,0.0,0.10598290976824198
2026-08-19,风险平价策略,0.5,0.15,0.075,0.075,0.050663445920703654,0.6697220939969148,0.04504350676499623,0.0,0.01917998862292917,0.0,0.06539096469445603,0.0,0.10737488282920317
2026-08-20,风险平价策略,0.5,0.15,0.075,0.075,0.05268627304329088,0.6824002194875034,0.046869367456840116,0.0,0.0,0.0,0.06804414001236561,0.0,0.10709111552518041
2026-08-21,风险平价策略,0.5,0.15,0.075,0.075,0.050036705131125056,0.6513478828461973,0.0459730945378954,0.0,0.0,0.012796193278013934,0.06147242166717674,0.02837370253959157,0.11470693070512633
2026-08-24,风险平价策略,0.5,0.15,0.075,0.075,0.050032803274972754,0.651382398984701,0.04597151203487961,0.0,0.0,0.01276330508789872,0.06148444808044832,0.02836553253709963,0.11469239016414479
2026-08-25,风险平价策略,0.5,0.15,0.075,0.075,0.05094934118642534,0.659604725397699,0.04722525498900104,0.0,0.0,0.0,0.06319356189157843,0.029027116535296278,0.11233825579539614
2026-08-26,风险平价策略,0.5,0.15,0.075,0.075,0.0545249387785621,0.6463692206065444,0.05033964636921696,0.0,0.0,0.0,0.06806256033168552,0.030703633913991016,0.11718366305183703
