date,策略名称,股指期货信号,股指期货仓位,沪深300主连,中证500主连,红利低波ETF,10年国债主连,沪铜主连,沪铝主连,PTA主连,原油主连,豆粕主连,沪金主连,资金占用比例
2018-01-02,风险平价策略,1.0,0.3,0.15,0.15,0.0,0.5592782689289454,0.1407217310710546,0.0,0.0,0.0,0.0,0.0,0.07849743369459238
2018-01-03,风险平价策略,1.0,0.3,0.15,0.15,0.0,0.3367489278409681,0.08323086160860887,0.0815367646465538,0.0,0.0,0.0,0.19848344590386918,0.13235690824993362
2018-01-04,风险平价策略,1.0,0.3,0.15,0.15,0.0,0.4535592708505571,0.11518782543880501,0.0,0.13125290371063786,0.0,0.0,0.0,0.09408202747228117
2018-01-05,风险平价策略,1.0,0.3,0.15,0.15,0.0,0.39118971156743787,0.09866021792974439,0.09694719859937583,0.11320287190344192,0.0,0.0,0.0,0.10232141765743032
2018-01-08,风险平价策略,1.0,0.3,0.15,0.15,0.0,0.4556111988546737,0.11239968032744721,0.0,0.131989120817879,0.0,0.0,0.0,0.09381237936279783
2018-01-09,风险平价策略,1.0,0.3,0.15,0.15,0.0,0.33077641907856076,0.08160315628422159,0.0,0.09582779840390918,0.0,0.0,0.19179262623330845,0.13331857655643042
2018-01-10,风险平价策略,1.0,0.3,0.15,0.15,0.0,0.3846174462590006,0.10010706426323641,0.09821939452479411,0.11705609495296883,0.0,0.0,0.0,0.10324720570456461
2018-01-11,风险平价策略,1.0,0.3,0.15,0.15,0.0,0.0,0.22214141667597045,0.2179941102574002,0.2598644730666293,0.0,0.0,0.0,0.1565986447306663
2018-01-12,风险平价策略,1.0,0.3,0.15,0.15,0.0,0.0,0.12625521777082072,0.12172893432947296,0.14557896149158694,0.0,0.0,0.30643688640811934,0.1922282159838902
2018-01-15,风险平价策略,1.0,0.3,0.15,0.15,0.0,0.0,0.12621515429607424,0.12172829622568873,0.14549397435022782,0.0,0.0,0.3065625751280093,0.19224244875886343
2018-01-16,风险平价策略,1.0,0.3,0.15,0.15,0.0,0.0,0.12337855652905919,0.1053597693337551,0.14464524575623475,0.0,0.0,0.32661642838095095,0.19464042386327646
2018-01-17,风险平价策略,1.0,0.3,0.15,0.15,0.0,0.0,0.14013167142573946,0.0,0.17256210839331113,0.0,0.0,0.38730622018094935,0.20220236750564705
2018-01-18,风险平价策略,1.0,0.3,0.15,0.15,0.0,0.0,0.12247479313139704,0.11042146432821305,0.15071536246599399,0.0,0.0,0.31638838007439596,0.19347375923358748
2018-01-19,风险平价策略,1.0,0.3,0.15,0.15,0.0,0.0,0.12311359293049398,0.1110084775177842,0.15150951060763487,0.0,0.0,0.3143684189440868,0.19323930537936673
2018-01-22,风险平价策略,1.0,0.3,0.15,0.15,0.0,0.0,0.12329923095110178,0.11029716298739076,0.15167768569880685,0.0,0.0,0.31472592036270053,0.19328388730051213
2018-01-23,风险平价策略,1.0,0.3,0.15,0.15,0.0,0.0,0.12287501598399549,0.11032322257859856,0.1518354961634277,0.0,0.0,0.31496626527397814,0.19331430679451164
2018-01-24,风险平价策略,1.0,0.3,0.15,0.15,0.0,0.0,0.11196518502489754,0.11235933179461234,0.15555885716920073,0.0,0.0,0.3201166260112893,0.19396958369304673
2018-01-25,风险平价策略,1.0,0.3,0.15,0.15,0.0,0.0,0.1119636240059719,0.1123559438251798,0.15555997757597803,0.0,0.0,0.3201204545928702,0.1939700543269042
2018-01-26,风险平价策略,1.0,0.3,0.15,0.15,0.0,0.0,0.11613930074791846,0.11348374752238936,0.16314039824476043,0.0,0.0,0.3072365534849317,0.19249979040063941
2018-01-29,风险平价策略,1.0,0.3,0.15,0.15,0.0,0.0,0.11737871941241387,0.11477443298851875,0.16491667167550478,0.0,0.0,0.3029301759235626,0.19200078782758256
2018-01-30,风险平价策略,1.0,0.3,0.15,0.15,0.0,0.0,0.0,0.0,0.26245192236885856,0.0,0.0,0.4375480776311414,0.20913028853942556
2018-01-31,风险平价策略,1.0,0.3,0.15,0.15,0.0,0.0,0.0,0.0,0.26244422133198947,0.0,0.0,0.4375557786680106,0.2091311356534812
2018-02-01,风险平价策略,1.0,0.3,0.15,0.15,0.0,0.0,0.0,0.0,0.25111503086535014,0.0,0.0,0.4488849691346498,0.2103773466048115
2018-02-02,风险平价策略,1.0,0.3,0.15,0.15,0.0,0.0,0.0,0.0,0.25140886150977565,0.0,0.0,0.44859113849022425,0.21034502523392468
2018-02-05,风险平价策略,1.0,0.3,0.15,0.15,0.0,0.0,0.0,0.0,0.7,0.0,0.0,0.0,0.161
2018-02-06,风险平价策略,1.0,0.3,0.15,0.15,0.0,0.0,0.0,0.0,0.7,0.0,0.0,0.0,0.161
2018-02-07,风险平价策略,1.0,0.3,0.15,0.15,0.0,0.0,0.0,0.0,0.7,0.0,0.0,0.0,0.161
2018-02-08,风险平价策略,1.0,0.3,0.15,0.15,0.0,0.0,0.0,0.0,0.7,0.0,0.0,0.0,0.161
2018-02-09,风险平价策略,1.0,0.3,0.15,0.15,0.0,0.0,0.0,0.0,0.7,0.0,0.0,0.0,0.161
2018-02-12,风险平价策略,1.0,0.3,0.15,0.15,0.0,0.0,0.0,0.0,0.30618992883043195,0.0,0.39381007116956795,0.0,0.14524759715321728
2018-02-13,风险平价策略,1.0,0.3,0.15,0.15,0.0,0.0,0.0,0.0,0.3061796912161575,0.0,0.3938203087838425,0.0,0.1452471876486463
2018-02-14,风险平价策略,1.0,0.3,0.15,0.15,0.0,0.0,0.0,0.0,0.30669606381222086,0.0,0.39330393618777915,0.0,0.14526784255248884
2018-02-22,风险平价策略,1.0,0.3,0.15,0.15,0.0,0.0,0.0,0.0,0.30699151836806543,0.0,0.3930084816319346,0.0,0.14527966073472262
2018-02-23,风险平价策略,1.0,0.3,0.15,0.15,0.0,0.0,0.0,0.0,0.30702477949120827,0.0,0.39297522050879163,0.0,0.14528099117964832
2018-02-26,风险平价策略,1.0,0.3,0.15,0.15,0.0,0.0,0.0,0.0,0.3070670026139804,0.0,0.3929329973860195,0.0,0.14528268010455922
2018-02-27,风险平价策略,1.0,0.3,0.15,0.15,0.0,0.0,0.0,0.0,0.307246208846838,0.0,0.3927537911531619,0.0,0.1452898483538735
2018-02-28,风险平价策略,1.0,0.3,0.15,0.15,0.0,0.40928094299491824,0.0,0.0,0.12745974611025615,0.0,0.16325931089482554,0.0,0.09512389082994382
2018-03-01,风险平价策略,1.0,0.3,0.15,0.15,0.0,0.4105804501382091,0.0,0.0,0.12549431690369267,0.0,0.16392523295809822,0.0,0.09490882541163576
2018-03-02,风险平价策略,1.0,0.3,0.15,0.15,0.0,0.41049052520065044,0.0,0.0,0.12553834860642865,0.0,0.16397112619292087,0.0,0.09492002879818885
2018-03-05,风险平价策略,1.0,0.3,0.15,0.15,0.0,0.4172468811867362,0.0,0.0,0.1204082274476807,0.0,0.16234489136558297,0.0,0.09400540657329992
2018-03-06,风险平价策略,1.0,0.3,0.15,0.15,0.0,0.41746703604244195,0.0,0.0,0.12009380872437529,0.0,0.1624391552331827,0.0,0.09396971356451861
2018-03-07,风险平价策略,1.0,0.3,0.15,0.15,0.0,0.4262006932340724,0.0,0.0,0.10925624086573958,0.0,0.16454306590018805,0.0,0.092619176845052
2018-03-08,风险平价策略,1.0,0.3,0.15,0.15,0.0,0.42850590784067105,0.0,0.0,0.10561947729417341,0.0,0.16587461486515548,0.0,0.09223165876849648
2018-03-09,风险平价策略,1.0,0.3,0.15,0.15,0.0,0.5197186725514756,0.0,0.0,0.0,0.0,0.18028132744852438,0.0,0.07842953938209507
2018-03-12,风险平价策略,1.0,0.3,0.15,0.15,0.0,0.536042492382232,0.0,0.0,0.0,0.0,0.16395750761776795,0.0,0.07671553829986563
2018-03-13,风险平价策略,1.0,0.3,0.15,0.15,0.0,0.5218174837580464,0.0,0.0,0.0,0.0,0.17818251624195366,0.0,0.07820916420540514
2018-03-14,风险平价策略,1.0,0.3,0.15,0.15,0.0,0.5213982042252983,0.0,0.0,0.0,0.0,0.1786017957747017,0.0,0.07825318855634368
2018-03-15,风险平价策略,1.0,0.3,0.15,0.15,0.0,0.5293857719659929,0.0,0.0,0.0,0.0,0.17061422803400694,0.0,0.07741449394357072
2018-03-16,风险平价策略,1.0,0.3,0.15,0.15,0.0,0.5293262195380922,0.0,0.0,0.0,0.0,0.17067378046190768,0.0,0.0774207469485003
2018-03-19,风险平价策略,1.0,0.3,0.15,0.15,0.0,0.551269318325185,0.0,0.0,0.0,0.0,0.148730681674815,0.0,0.07511672157585558
2018-03-20,风险平价策略,1.0,0.3,0.15,0.15,0.0,0.5532544716500108,0.0,0.0,0.0,0.0,0.14674552834998908,0.0,0.07490828047674886
2018-03-21,风险平价策略,1.0,0.3,0.15,0.15,0.0,0.5518817632781085,0.0,0.0,0.0,0.0,0.14811823672189145,0.0,0.0750524148557986
2018-03-22,风险平价策略,-1.0,0.0,0.0,0.0,0.0,0.7883958243077367,0.0,0.0,0.0,0.0,0.21160417569226336,0.0,0.04721843844768765
2018-03-23,风险平价策略,-1.0,0.0,0.0,0.0,0.0,0.6208258866241424,0.0,0.0,0.0,0.0,0.1677089346492948,0.21146517872656284,0.09653305871344948
2018-03-26,风险平价策略,-1.0,0.0,0.0,0.0,0.0,0.608648222138432,0.0,0.0,0.0,0.0,0.1741313540732569,0.21722042378831125,0.09867500024371136
2018-03-27,风险平价策略,-1.0,0.0,0.0,0.0,0.0,0.7153115117262887,0.0,0.0,0.0,0.09679110605122071,0.18789738222249058,0.0,0.07328260141847162
2018-03-28,风险平价策略,-1.0,0.0,0.0,0.0,0.0,0.599877015844449,0.0,0.0,0.0,0.06495908509165844,0.1511793473144262,0.1839845517494665,0.10695282226616797
2018-03-29,风险平价策略,-1.0,0.0,0.0,0.0,0.0,0.7406194182516243,0.0,0.0,0.0,0.08284492710316427,0.17653565464521162,0.0,0.06797549723318068
2018-03-30,风险平价策略,-1.0,0.0,0.0,0.0,0.0,0.7400904979573915,0.0,0.0,0.0,0.08302572650409133,0.17688377553851733,0.0,0.06806538575025127
2018-04-02,风险平价策略,-1.0,0.0,0.0,0.0,0.0,0.7404338579785146,0.0,0.0,0.0,0.08254977676985642,0.17701636525162906,0.0,0.0679389024985287
2018-04-03,风险平价策略,-1.0,0.0,0.0,0.0,0.0,0.7364463664963846,0.0,0.0,0.0,0.07689911652637152,0.18665451697724383,0.0,0.0672839636578902
2018-04-04,风险平价策略,-1.0,0.0,0.0,0.0,0.0,0.7363920505621102,0.0,0.0,0.0,0.07654846277043593,0.18705948666745378,0.0,0.06722304261736126
2018-04-09,风险平价策略,-1.0,0.0,0.0,0.0,0.0,0.65420027052443,0.0,0.11144689158438902,0.0,0.0680456520319003,0.16630718585928067,0.0,0.07758105222852758
2018-04-10,风险平价策略,-1.0,0.0,0.0,0.0,0.0,0.7421190577052575,0.0,0.0,0.0,0.08925802863286876,0.16862291366187368,0.0,0.06903652438119302
2018-04-11,风险平价策略,-1.0,0.0,0.0,0.0,0.0,0.742190199899989,0.0,0.0,0.0,0.08925220260616552,0.16855759749384538,0.0,0.0690279475056726
2018-04-12,风险平价策略,-1.0,0.0,0.0,0.0,0.0,0.5975499799495249,0.0,0.0,0.0,0.07168302028388804,0.1305678323603757,0.20019916740621133,0.11090690107017032
2018-04-13,风险平价策略,-1.0,0.0,0.0,0.0,0.0,0.5401714186099636,0.0,0.1049793207476274,0.0,0.06457453396272926,0.11868083864464558,0.17159388803503403,0.1144396253265563
2018-04-16,风险平价策略,-1.0,0.0,0.0,0.0,0.0,0.5425370202805359,0.0,0.10523398530730764,0.0,0.0640635384505697,0.1159569471133464,0.17220850884824046,0.1141939810626073
2018-04-17,风险平价策略,-1.0,0.0,0.0,0.0,0.0,0.5425051999316548,0.0,0.10523941062459588,0.0,0.06406475728726403,0.11596354085190709,0.17222709130457814,0.114200503906181
2018-04-18,风险平价策略,-1.0,0.0,0.0,0.0,0.0,0.5453465253938996,0.0,0.10556182039551894,0.0,0.06430465712145096,0.11235231289030703,0.17243468419882363,0.11398855692840537
2018-04-19,风险平价策略,-1.0,0.0,0.0,0.0,0.0,0.5349778300503993,0.0,0.10836862484946937,0.0,0.06602960375496349,0.11355439828805451,0.17706954305711328,0.11618444276220222
2018-04-20,风险平价策略,-1.0,0.0,0.0,0.0,0.0,0.6723005514856362,0.0,0.10197402864188475,0.0,0.0799955507066578,0.14572986916582142,0.0,0.07766681758752975
2018-04-23,风险平价策略,-1.0,0.0,0.0,0.0,0.0,0.6568815341897021,0.0,0.10926898412684528,0.0,0.08605461265741352,0.14779486902603897,0.0,0.08065588483879518
2018-04-24,风险平价策略,-1.0,0.0,0.0,0.0,0.0,0.5374167548697578,0.08271460702937052,0.0664182785724822,0.12740121063546314,0.07026719582312833,0.11578195306979798,0.0,0.09649204293854392
2018-04-25,风险平价策略,-1.0,0.0,0.0,0.0,0.0,0.5588043024259393,0.0,0.07895616156777364,0.14754976445231363,0.07581561884911688,0.1388741527048566,0.0,0.09400119125173434
2018-04-26,风险平价策略,-1.0,0.0,0.0,0.0,0.0,0.659306584058242,0.0,0.09251446279159375,0.0,0.08938218377192308,0.15879676937824116,0.0,0.08053085747429779
2018-04-27,风险平价策略,-1.0,0.0,0.0,0.0,0.0,0.5559469049491248,0.0,0.0804773886857428,0.1485945947427135,0.07792976287781091,0.1370513487446079,0.0,0.09479033537740678
2018-05-02,风险平价策略,-1.0,0.0,0.0,0.0,0.0,0.5508977910394001,0.0,0.08083468180335036,0.15070008100164578,0.07868031102413728,0.1388871351314667,0.0,0.09555803472961544
2018-05-03,风险平价策略,-1.0,0.0,0.0,0.0,0.0,0.5511430255120838,0.0,0.08088943827079838,0.1503934468383428,0.07872152080440212,0.13885256857437298,0.0,0.09552949229572529
2018-05-04,风险平价策略,-1.0,0.0,0.0,0.0,0.0,0.46093158550187363,0.0,0.0676080263904519,0.1252979708666923,0.06577726286938405,0.11472796359051178,0.1656571907810863,0.12598860171103043
2018-05-07,风险平价策略,-1.0,0.0,0.0,0.0,0.0,0.43512521853544817,0.0,0.07226466106014162,0.13433574014471508,0.07079704126457856,0.10884672847185604,0.17863061052326062,0.13209925091012983
2018-05-08,风险平价策略,-1.0,0.0,0.0,0.0,0.0,0.37892218681365225,0.08603311630360633,0.07032668369037395,0.1312474430718677,0.06935884325268744,0.09061483676424557,0.1734968901035669,0.1393565758408063
2018-05-09,风险平价策略,-1.0,0.0,0.0,0.0,0.0,0.5049107116453032,0.0,0.09418565472631314,0.17996096986795418,0.09573144986265211,0.12521121389777734,0.0,0.10519735918765463
2018-05-10,风险平价策略,-1.0,0.0,0.0,0.0,0.0,0.4535138064864173,0.10181439953865538,0.08458875655554736,0.1616422482744392,0.08598528006020209,0.11245550908473866,0.0,0.11077603814416823
2018-05-11,风险平价策略,-1.0,0.0,0.0,0.0,0.0,0.5132948485487365,0.11495296964253182,0.09536088763095006,0.18285809488771176,0.09353319929006987,0.0,0.0,0.10749908828120888
2018-05-14,风险平价策略,-1.0,0.0,0.0,0.0,0.0,0.5175113489080317,0.11505677353156869,0.09439988923538106,0.183385941369733,0.08964604695528551,0.0,0.0,0.10631319482395873
2018-05-15,风险平价策略,-1.0,0.0,0.0,0.0,0.0,0.5160161231385674,0.11300146237145507,0.09532360144429204,0.18521240288745686,0.09044641015822882,0.0,0.0,0.10666137303048462
2018-05-16,风险平价策略,-1.0,0.0,0.0,0.0,0.0,0.5204332841558956,0.10970953059919858,0.09494511886427022,0.1844944919095539,0.0904175744710818,0.0,0.0,0.10605326347342274
2018-05-17,风险平价策略,-1.0,0.0,0.0,0.0,0.0,0.5112560365109847,0.11275185605168184,0.0973423480105331,0.1857538798692327,0.09289587955756771,0.0,0.0,0.10770131459892024
2018-05-18,风险平价策略,-1.0,0.0,0.0,0.0,0.0,0.5120391478210118,0.11293554170664565,0.09699645876278924,0.18500721523924912,0.09302163647030419,0.0,0.0,0.10760824903180458
2018-05-21,风险平价策略,-1.0,0.0,0.0,0.0,0.0,0.5138470865291745,0.1134281232312662,0.09579298368456973,0.18581707382378151,0.09111473273120814,0.0,0.0,0.10706717129379258
2018-05-22,风险平价策略,-1.0,0.0,0.0,0.0,0.0,0.5233055696624622,0.11676536381108187,0.0938943089497707,0.17272079912075808,0.09331395845592712,0.0,0.0,0.10601118943972351
2018-05-23,风险平价策略,-1.0,0.0,0.0,0.0,0.0,0.5236971748957354,0.11687096450640153,0.09392328043907718,0.17220322981192682,0.09330535034685908,0.0,0.0,0.10595176974269244
2018-05-24,风险平价策略,-1.0,0.0,0.0,0.0,0.0,0.522014606091653,0.11576672016420074,0.0947574060685786,0.17339904164023948,0.09406222603532809,0.0,0.0,0.10631197475968172
2018-05-25,风险平价策略,-1.0,0.0,0.0,0.0,0.0,0.5249270514457671,0.11609794424818191,0.09496748189443717,0.17412649044981535,0.08988103196179835,0.0,0.0,0.10525707807320732
2018-05-28,风险平价策略,-1.0,0.0,0.0,0.0,0.0,0.5352247276702378,0.13575764649909325,0.10854049439825902,0.14183864784123967,0.07863848359117032,0.0,0.0,0.10174520561751756
2018-05-29,风险平价策略,-1.0,0.0,0.0,0.0,0.0,0.5354169980727205,0.1358559333251332,0.10814054760999382,0.1419215562427255,0.07866496474942698,0.0,0.0,0.10172431518251832
2018-05-30,风险平价策略,-1.0,0.0,0.0,0.0,0.0,0.547307432630717,0.12100264267144427,0.10939999623651371,0.14235508890610277,0.07993483955522218,0.0,0.0,0.10032662181274977
2018-05-31,风险平价策略,-1.0,0.0,0.0,0.0,0.0,0.5883098161749888,0.1453518579708969,0.0,0.1704344823213906,0.09590384353272365,0.0,0.0,0.0976271346048262
2018-06-01,风险平价策略,-1.0,0.0,0.0,0.0,0.0,0.0,0.3530793529670104,0.0,0.4139418086543546,0.23297883837863503,0.0,0.0,0.20141603222712517
2018-06-04,风险平价策略,-1.0,0.0,0.0,0.0,0.0,0.0,0.0,0.0,0.6470259780941937,0.35297402190580635,0.0,0.0,0.22294610328587094
2018-06-05,风险平价策略,-1.0,0.0,0.0,0.0,0.0,0.0,0.368663496948655,0.0,0.40486116212866263,0.22647534092268237,0.0,0.0,0.20028466616891583
2018-06-06,风险平价策略,-1.0,0.0,0.0,0.0,0.0,0.0,0.3688165989940691,0.0,0.4048587376590128,0.226324663346918,0.0,0.0,0.200260533512097
2018-06-07,风险平价策略,-1.0,0.0,0.0,0.0,0.0,0.0,0.2801097875876683,0.2407220735462559,0.3072794240040521,0.17188871486202356,0.0,0.0,0.1905749886179643
2018-06-08,风险平价策略,-1.0,0.0,0.0,0.0,0.0,0.5264141472939626,0.13137654186676442,0.10877239439624822,0.14733268787067857,0.08610422857234619,0.0,0.0,0.10418409356559724
2018-06-11,风险平价策略,-1.0,0.0,0.0,0.0,0.0,0.526427495600288,0.13137768725636773,0.1087781449923933,0.14733625298939154,0.08608041916155955,0.0,0.0,0.10417851768970458
2018-06-12,风险平价策略,-1.0,0.0,0.0,0.0,0.0,0.0,0.2737824601077493,0.22952426729973047,0.3133069299567227,0.1833863426357975,0.0,0.0,0.19247488412129482
2018-06-13,风险平价策略,-1.0,0.0,0.0,0.0,0.0,0.5314474171705326,0.13033244328063606,0.10482237173597606,0.14861932574250636,0.08477844207034876,0.0,0.0,0.10330534267065894
2018-06-14,风险平价策略,-1.0,0.0,0.0,0.0,0.0,0.5936507457165741,0.14560759106673932,0.0,0.166033938942922,0.09470772427376474,0.0,0.0,0.0966707246014941
2018-06-15,风险平价策略,-1.0,0.0,0.0,0.0,0.0,0.5947867343511563,0.14655764793427992,0.0,0.16421451699649592,0.0944411007180679,0.0,0.0,0.09645651214744973
2018-06-19,风险平价策略,-1.0,0.0,0.0,0.0,0.0,0.7868194334562716,0.10608689419414052,0.0,0.0,0.10709367234958775,0.0,0.0,0.07091436405933736
2018-06-20,风险平价策略,-1.0,0.0,0.0,0.0,0.0,0.7650261131526195,0.1166190614763781,0.0,0.0,0.11835482537100236,0.0,0.0,0.07565824678375674
2018-06-21,风险平价策略,-1.0,0.0,0.0,0.0,0.0,0.8695320616782626,0.1304679383217375,0.0,0.0,0.0,0.0,0.0,0.04261317167343456
2018-06-22,风险平价策略,-1.0,0.0,0.0,0.0,0.0,0.8697216224457984,0.13027837755420163,0.0,0.0,0.0,0.0,0.0,0.042587580969817226
2018-06-25,风险平价策略,-1.0,0.0,0.0,0.0,0.0,0.8658170769042487,0.13418292309575128,0.0,0.0,0.0,0.0,0.0,0.04311469461792643
2018-06-26,风险平价策略,-1.0,0.0,0.0,0.0,0.0,0.7385792438263054,0.0,0.0,0.0,0.11476569853597313,0.14665505763772152,0.0,0.07425466212007284
2018-06-27,风险平价策略,-1.0,0.0,0.0,0.0,0.0,0.6627997245829501,0.10259572765276462,0.0,0.0,0.10299489442737188,0.13160965333691355,0.0,0.08305293068957385
2018-06-28,风险平价策略,-1.0,0.0,0.0,0.0,0.0,0.6631096706615893,0.10269705591791992,0.0,0.0,0.1030895893245818,0.1311036840959088,0.0,0.08304141822974125
2018-06-29,风险平价策略,-1.0,0.0,0.0,0.0,0.0,0.47641383419988853,0.07378332425017492,0.0,0.09649433683917939,0.07406622823747211,0.09419030641157573,0.18505197006170937,0.12788019948446025
2018-07-02,风险平价策略,-1.0,0.0,0.0,0.0,0.0,0.5139100035701789,0.0,0.0,0.1039475142030735,0.08010723181764237,0.1017438562234547,0.2002913941856505,0.1254614333664538
2018-07-03,风险平价策略,-1.0,0.0,0.0,0.0,0.0,0.5026303036329443,0.0,0.0,0.10733876425409225,0.08299137260162766,0.10067348422056369,0.2063660752907722,0.12824064077662964
2018-07-04,风险平价策略,-1.0,0.0,0.0,0.0,0.0,0.5008902340828638,0.0,0.0,0.11006626456152553,0.07758523482327129,0.09736871692789008,0.21408954960444937,0.1286638030608493
2018-07-05,风险平价策略,-1.0,0.0,0.0,0.0,0.0,0.5007161652562466,0.0,0.0,0.10962633767965829,0.0777462811467248,0.09743462291749559,0.21447659299987476,0.12875313852313938
2018-07-06,风险平价策略,-1.0,0.0,0.0,0.0,0.0,0.4894572590726987,0.0,0.0,0.11328361583323582,0.07914441279579701,0.09544325930297053,0.222671452995298,0.13157648881119222
2018-07-09,风险平价策略,-1.0,0.0,0.0,0.0,0.0,0.6276536124939714,0.0,0.0,0.14647078634177857,0.10237450929144061,0.12350109187280923,0.0,0.08940635890717784
2018-07-10,风险平价策略,-1.0,0.0,0.0,0.0,0.0,0.6317773197871069,0.0,0.0,0.14709973444212682,0.10285345101880701,0.11826949475195932,0.0,0.0890895264936122
2018-07-11,风险平价策略,-1.0,0.0,0.0,0.0,0.0,0.71750817720692,0.0,0.0,0.16432970136981456,0.11816212142326554,0.0,0.0,0.08368563251848646
2018-07-12,风险平价策略,-1.0,0.0,0.0,0.0,0.0,0.641368394156386,0.0,0.0,0.15046921392690968,0.08947757740274084,0.11868481451396352,0.0,0.08567582687717663
2018-07-13,风险平价策略,-1.0,0.0,0.0,0.0,0.0,0.6478634429017012,0.0,0.0,0.14793785208413232,0.08947717407866228,0.1147215309355042,0.0,0.0848925156536325
2018-07-16,风险平价策略,-1.0,0.0,0.0,0.0,0.0,0.731804868406727,0.0,0.0,0.16712344075250227,0.10107169084077082,0.0,0.0,0.07904904770714022
2018-07-17,风险平价策略,-1.0,0.0,0.0,0.0,0.0,0.6571812964086978,0.0,0.0,0.14352554358169836,0.08193195554191926,0.11736120446768447,0.0,0.08230405717331932
2018-07-18,风险平价策略,-1.0,0.0,0.0,0.0,0.0,0.6581928445124757,0.0,0.0,0.14458346503757813,0.08220712271030946,0.1150165677396367,0.0,0.08229244324265197
2018-07-19,风险平价策略,-1.0,0.0,0.0,0.0,0.0,0.658225287198278,0.0,0.0,0.14456686330886406,0.08220299835078491,0.1150048511420731,0.0,0.08228758906318452
2018-07-20,风险平价策略,-1.0,0.0,0.0,0.0,0.0,0.5923395286699217,0.0,0.0,0.1708296190312308,0.0980502082457147,0.13878064405313292,0.0,0.09326707381759328
2018-07-23,风险平价策略,-1.0,0.0,0.0,0.0,0.0,0.592629743322341,0.0,0.0,0.17099577028957522,0.09765762258823799,0.1387168637998457,0.0,0.09316865605450242
2018-07-24,风险平价策略,-1.0,0.0,0.0,0.0,0.0,0.5810827452338713,0.0,0.0,0.17559396368729316,0.10043420873053291,0.14288908234830278,0.0,0.09509256995673651
2018-07-25,风险平价策略,-1.0,0.0,0.0,0.0,0.0,0.5811309522542417,0.0,0.0,0.17551050388286157,0.10044582406515051,0.14291271979774595,0.0,0.09508637674099765
2018-07-26,风险平价策略,-1.0,0.0,0.0,0.0,0.0,0.4481298870940767,0.0,0.0,0.1353768092096447,0.07746019674894232,0.11021062574046697,0.22882248120686935,0.13740224378683719
2018-07-27,风险平价策略,-1.0,0.0,0.0,0.0,0.0,0.5822815393919817,0.0,0.0,0.17588885528904075,0.10065734563293424,0.14117225968604347,0.0,0.09502088824566107
2018-07-30,风险平价策略,-1.0,0.0,0.0,0.0,0.0,0.5813712285449973,0.0,0.0,0.1763791817902558,0.1008100950901772,0.1414394945745696,0.0,0.09516510634151917
2018-07-31,风险平价策略,-1.0,0.0,0.0,0.0,0.0,0.40740828225535924,0.0,0.09385230249018851,0.12241565833878694,0.07071649309876672,0.09912886027254117,0.20647840354435734,0.1393422199918637
2018-08-01,风险平价策略,-1.0,0.0,0.0,0.0,0.0,0.41734310130229185,0.0,0.09033610351102439,0.12652321237522085,0.0647797601133834,0.09080953947622158,0.21020828322185794,0.13778938286842046
2018-08-02,风险平价策略,-1.0,0.0,0.0,0.0,0.0,0.4146641241713413,0.0,0.08865530749012071,0.12974805525549227,0.06614934023963627,0.09283386267656352,0.20794931016684598,0.13807061956749028
2018-08-03,风险平价策略,-1.0,0.0,0.0,0.0,0.0,0.5256874842707407,0.0,0.11245259399731926,0.16437241324158033,0.08396282412351859,0.11352468436684121,0.0,0.10070422508462357
2018-08-06,风险平价策略,-1.0,0.0,0.0,0.0,0.0,0.5248789123494777,0.0,0.11264448885847908,0.16464120107140467,0.08410591362999394,0.11372948409064465,0.0,0.10083282050161425
2018-08-07,风险平价策略,-1.0,0.0,0.0,0.0,0.0,0.5274067130134307,0.0,0.12187441881404003,0.13836537519435796,0.0911738192117471,0.12117967376642423,0.0,0.10113616835601726
2018-08-08,风险平价策略,-1.0,0.0,0.0,0.0,0.0,0.5123253049036585,0.0,0.12806454526044062,0.14721919841913375,0.08332362437839841,0.1290673270383687,0.0,0.10176803591159013
2018-08-09,风险平价策略,-1.0,0.0,0.0,0.0,0.0,0.0,0.0,0.2734410923463289,0.2856337979802157,0.17191473147384143,0.26901037819961404,0.0,0.18229238366962838
2018-08-10,风险平价策略,-1.0,0.0,0.0,0.0,0.0,0.0,0.0,0.2578701152578032,0.2961907917544989,0.16766011919383778,0.27827897379385996,0.0,0.18143915777474323
2018-08-13,风险平价策略,-1.0,0.0,0.0,0.0,0.0,0.0,0.0,0.3569470653390934,0.4096156002536651,0.23343733440724146,0.0,0.0,0.20144612950769528
2018-08-14,风险平价策略,-1.0,0.0,0.0,0.0,0.0,0.0,0.0,0.2679550727208911,0.30720176932524695,0.17537623819521744,0.24946691975864463,0.0,0.18364820821172795
2018-08-15,风险平价策略,-1.0,0.0,0.0,0.0,0.0,0.0,0.0,0.2515693943996652,0.3205682315867484,0.16895667982222073,0.2589056941913656,0.0,0.18247158026168184
2018-08-16,风险平价策略,-1.0,0.0,0.0,0.0,0.0,0.0,0.0,0.2568885286379499,0.36356920936224696,0.14891014748966488,0.2306321145101383,0.0,0.1805423522566647
2018-08-17,风险平价策略,-1.0,0.0,0.0,0.0,0.0,0.0,0.0,0.2624641323200016,0.35110647753093877,0.1535799099633172,0.2328494801857426,0.0,0.18109836596386789
2018-08-20,风险平价策略,-1.0,0.0,0.0,0.0,0.0,0.0,0.0,0.2658462948850444,0.35518759664147953,0.1520608784371986,0.22690523003627755,0.0,0.18107445961527827
2018-08-21,风险平价策略,-1.0,0.0,0.0,0.0,0.0,0.0,0.0,0.31351166511337963,0.41888387224929075,0.0,0.2676044626373297,0.0,0.15616070484337305
2018-08-22,风险平价策略,-1.0,0.0,0.0,0.0,0.0,0.0,0.14584641937576914,0.22599334517003747,0.30390335584306266,0.1301403957348629,0.19411648387626787,0.0,0.17803800235972067
2018-08-23,风险平价策略,-1.0,0.0,0.0,0.0,0.0,0.0,0.0,0.2796494408183161,0.3518046147006717,0.1637542765847038,0.20479166789630857,0.0,0.1835749803636701
2018-08-24,风险平价策略,-1.0,0.0,0.0,0.0,0.0,0.0,0.0,0.2917962462815294,0.32393661595789985,0.17079470840130256,0.21347242935926813,0.0,0.18416234662300937
2018-08-27,风险平价策略,-1.0,0.0,0.0,0.0,0.0,0.0,0.19137214403385955,0.2960112615896691,0.3361302946775209,0.17648629969895038,0.0,0.0,0.19159911089860726
2018-08-28,风险平价策略,-1.0,0.0,0.0,0.0,0.0,0.0,0.0,0.3660687100509877,0.415668820462578,0.21826246948643424,0.0,0.0,0.19907868332245526
2018-08-29,风险平价策略,-1.0,0.0,0.0,0.0,0.0,0.0,0.19670335867439226,0.2920173783319258,0.3345534599196185,0.1767258030740636,0.0,0.0,0.1916216630910464
2018-08-30,风险平价策略,-1.0,0.0,0.0,0.0,0.0,0.0,0.19673097431951053,0.29214761384798493,0.33433096719338745,0.17679044463911706,0.0,0.0,0.1916297808141926
2018-08-31,风险平价策略,-1.0,0.0,0.0,0.0,0.0,0.0,0.0,0.36206243865328663,0.4163513571086125,0.22158620423810102,0.0,0.0,0.19961730624918234
2018-09-03,风险平价策略,-1.0,0.0,0.0,0.0,0.0,0.0,0.0,0.3594924744927223,0.42066175207941414,0.21984577342786354,0.0,0.0,0.1993819412692523
2018-09-04,风险平价策略,-1.0,0.0,0.0,0.0,0.0,0.0,0.0,0.3795185583749687,0.3737131791466285,0.2467682624784029,0.0,0.0,0.20322005378801078
2018-09-05,风险平价策略,-1.0,0.0,0.0,0.0,0.0,0.0,0.0,0.36902684978858,0.3784841642221248,0.25248898598929514,0.0,0.0,0.20418307940050845
2018-09-06,风险平价策略,-1.0,0.0,0.0,0.0,0.0,0.0,0.0,0.36909233942088804,0.3785347642702622,0.2523728963088498,0.0,0.0,0.2041650110521186
2018-09-07,风险平价策略,-1.0,0.0,0.0,0.0,0.0,0.0,0.0,0.37405574981596723,0.37273354784966317,0.25321070233436965,0.0,0.0,0.2042410478519958
2018-09-10,风险平价策略,-1.0,0.0,0.0,0.0,0.0,0.0,0.0,0.3731575472397693,0.3730059686235329,0.25383648413669774,0.0,0.0,0.20434389714810697
2018-09-11,风险平价策略,-1.0,0.0,0.0,0.0,0.0,0.0,0.0,0.4111708101864368,0.3111605802788164,0.27766860953474676,0.0,0.0,0.20753858332834765
2018-09-12,风险平价策略,-1.0,0.0,0.0,0.0,0.0,0.0,0.0,0.301383639338194,0.23893146800071083,0.21361484502358902,0.24607004763750615,0.0,0.18918558845465616
2018-09-13,风险平价策略,-1.0,0.0,0.0,0.0,0.0,0.0,0.0,0.400545814025125,0.31509291233313735,0.2843612736417375,0.0,0.0,0.20864873290600935
2018-09-14,风险平价策略,-1.0,0.0,0.0,0.0,0.0,0.0,0.0,0.4212044395048538,0.3004753276568814,0.2783202328382647,0.0,0.0,0.20753599053069116
2018-09-17,风险平价策略,-1.0,0.0,0.0,0.0,0.0,0.0,0.0,0.0,0.5173487266515221,0.4826512733484779,0.0,0.0,0.24239769100227168
2018-09-18,风险平价策略,-1.0,0.0,0.0,0.0,0.0,0.0,0.0,0.0,1.0,0.0,0.0,0.0,0.17
2018-09-19,风险平价策略,-1.0,0.0,0.0,0.0,0.0,0.0,0.3482832573842443,0.0,0.33091913082934854,0.320797611786407,0.0,0.0,0.2146368091941186
2018-09-20,风险平价策略,-1.0,0.0,0.0,0.0,0.0,0.0,0.0,0.0,0.5079595012077633,0.4920404987922367,0.0,0.0,0.2438060748188355
2018-09-21,风险平价策略,-1.0,0.0,0.0,0.0,0.0,0.0,0.2335219934219103,0.32187945159648534,0.22657456896400568,0.21802398601759884,0.0,0.0,0.19714958345245592
2018-09-25,风险平价策略,-1.0,0.0,0.0,0.0,0.0,0.0,0.25656342125840564,0.0,0.23649773907354166,0.238993131826586,0.26794570784146676,0.0,0.19256550724774518
2018-09-26,风险平价策略,-1.0,0.0,0.0,0.0,0.0,0.0,0.15714128431546623,0.0,0.14477667582089326,0.14631382555343528,0.16402723922214815,0.3877409750880571,0.22646607868066101
2018-09-27,风险平价策略,-1.0,0.0,0.0,0.0,0.0,0.0,0.15519346066112943,0.0,0.14761715155229918,0.1497395309745935,0.1673890068097734,0.38006085000220463,0.22602012826742934
2018-09-28,风险平价策略,-1.0,0.0,0.0,0.0,0.0,0.4710510485079699,0.1006541755750769,0.0,0.0,0.09677128021807828,0.10784043703356855,0.2236830586653063,0.13549826721514627
2018-10-08,风险平价策略,-1.0,0.0,0.0,0.0,0.0,0.42849981191502023,0.09180471275520292,0.0,0.08712816802969729,0.08869030327292338,0.09882943950794217,0.2050475645192139,0.1388550801525044
2018-10-09,风险平价策略,-1.0,0.0,0.0,0.0,0.0,0.41799297871002417,0.08957714390368311,0.11078813802162157,0.0,0.08652987058722955,0.0963980108787413,0.19871385789870036,0.1383694497895853
2018-10-10,风险平价策略,-1.0,0.0,0.0,0.0,0.0,0.4286257618949714,0.09218122555793372,0.0,0.08721231302151504,0.08882655961574971,0.09892713725999776,0.2042270026498323,0.1387593210130939
2018-10-11,风险平价策略,-1.0,0.0,0.0,0.0,0.0,0.4988912031685406,0.08793322774995342,0.0,0.0,0.06664332268252794,0.10744492604832144,0.23908732035065663,0.12877974986208066
2018-10-12,风险平价策略,-1.0,0.0,0.0,0.0,0.0,0.500221916230263,0.0889019742217937,0.0,0.0,0.0671635920679727,0.10209013633047866,0.24162238114949172,0.12914819768781474
2018-10-15,风险平价策略,-1.0,0.0,0.0,0.0,0.0,0.49374527528576256,0.08896124570539125,0.0,0.0,0.06839051595920748,0.10273490751076239,0.2461680555388763,0.13074498982923755
2018-10-16,风险平价策略,-1.0,0.0,0.0,0.0,0.0,0.5014766195722069,0.08614357907324953,0.0,0.0,0.06253562840471427,0.1024434436430673,0.2474007293067619,0.12892114111002576
2018-10-17,风险平价策略,-1.0,0.0,0.0,0.0,0.0,0.5014496560654481,0.08704633729018833,0.0,0.0,0.06317838224669453,0.1033987811868491,0.24492684321082,0.1287020953403286
2018-10-18,风险平价策略,-1.0,0.0,0.0,0.0,0.0,0.5082615105532279,0.0867091104442291,0.0,0.0,0.05744299828483701,0.10061898902041314,0.24696739169729298,0.12719309313395094
2018-10-19,风险平价策略,-1.0,0.0,0.0,0.0,0.0,0.5019292251481143,0.08795746782832319,0.0,0.0,0.05767903018684963,0.10201003511330876,0.25042424172340405,0.12845880738830973
2018-10-22,风险平价策略,-1.0,0.0,0.0,0.0,0.0,0.49575662631037354,0.0918039596478353,0.0,0.0,0.060334154256692106,0.09401170807396556,0.2580935517111336,0.1308771950922874
2018-10-23,风险平价策略,-1.0,0.0,0.0,0.0,0.0,0.4971352087945304,0.09000062632553366,0.0,0.0,0.05962440367558136,0.09426252401076618,0.2589772371935884,0.13067604414373904
2018-10-24,风险平价策略,-1.0,0.0,0.0,0.0,0.0,0.4993165168207782,0.0908323033406342,0.0,0.0,0.05516579659075075,0.09475799409130119,0.2599273891565357,0.12976734455976033
2018-10-25,风险平价策略,-1.0,0.0,0.0,0.0,0.0,0.5045199914561277,0.08558087390395734,0.0,0.0,0.05602267244227756,0.09229981328753517,0.26157664891010235,0.12947363221477343
2018-10-26,风险平价策略,-1.0,0.0,0.0,0.0,0.0,0.5048489324105004,0.08569089456432774,0.0,0.0,0.056072459255936805,0.09235434624941705,0.2610333675198179,0.12937036132042798
2018-10-29,风险平价策略,-1.0,0.0,0.0,0.0,0.0,0.5101525475870426,0.08649116924280692,0.0,0.0,0.055985977407747266,0.08858979727771626,0.25878050848468687,0.12848312956081975
2018-10-30,风险平价策略,-1.0,0.0,0.0,0.0,0.0,0.5147434100898096,0.08759057576560283,0.0,0.0,0.05697941882525996,0.08514396714949372,0.2555426281698338,0.12773714301581254
2018-10-31,风险平价策略,-1.0,0.0,0.0,0.0,0.0,0.5468663845053449,0.08361717962431651,0.0,0.0,0.056699503018620714,0.08973678580189497,0.22308014704982296,0.11932247264667967
2018-11-01,风险平价策略,-1.0,0.0,0.0,0.0,0.0,0.5882625784996418,0.08555857070661865,0.0,0.0,0.0,0.08624476467961273,0.23993408611412687,0.1067892992958552
2018-11-02,风险平价策略,-1.0,0.0,0.0,0.0,0.0,0.5290191953793226,0.10719575814651272,0.0,0.0,0.0,0.06700977893397492,0.2967752675401897,0.12218514736059496
2018-11-05,风险平价策略,-1.0,0.0,0.0,0.0,0.0,0.5289509584097379,0.10709803626722855,0.0,0.0,0.0,0.06700753569326144,0.29694346962977214,0.12221461089946022
2018-11-06,风险平价策略,-1.0,0.0,0.0,0.0,0.0,0.529275117571008,0.1067093688293019,0.0,0.0,0.0,0.06705911476283233,0.2969563988368576,0.12217085354545185
2018-11-07,风险平价策略,-1.0,0.0,0.0,0.0,0.0,0.5309061358530073,0.10508521616468332,0.0,0.0,0.0,0.06734538160155847,0.29666326638075086,0.12190690217748736
2018-11-08,风险平价策略,-1.0,0.0,0.0,0.0,0.0,0.6504816186100534,0.0,0.0,0.0,0.0,0.0,0.3495183813899465,0.11412718725443638
2018-11-09,风险平价策略,-1.0,0.0,0.0,0.0,0.0,0.6540051428849168,0.0,0.0,0.0,0.0,0.0,0.34599485711508304,0.11322868856434619
2018-11-12,风险平价策略,-1.0,0.0,0.0,0.0,0.0,0.6748713717262181,0.0,0.0,0.0,0.0,0.0,0.32512862827378186,0.10790780020981439
2018-11-13,风险平价策略,-1.0,0.0,0.0,0.0,0.0,0.6880674601482017,0.0,0.0,0.0,0.0,0.0,0.3119325398517982,0.10454279766220854
2018-11-14,风险平价策略,-1.0,0.0,0.0,0.0,0.0,0.6893593193158593,0.0,0.0,0.0,0.0,0.0,0.3106406806841407,0.10421337357445588
2018-11-15,风险平价策略,-1.0,0.0,0.0,0.0,0.0,0.6895024460715563,0.0,0.0,0.0,0.0,0.0,0.31049755392844375,0.10417687625175318
2018-11-16,风险平价策略,-1.0,0.0,0.0,0.0,0.0,0.6894910267421148,0.0,0.0,0.0,0.0,0.0,0.31050897325788523,0.10417978818076075
2018-11-19,风险平价策略,-1.0,0.0,0.0,0.0,0.0,0.685506792252874,0.0,0.0,0.0,0.0,0.0,0.314493207747126,0.10519576797551715
2018-11-20,风险平价策略,-1.0,0.0,0.0,0.0,0.0,0.6784040836305153,0.0,0.0,0.0,0.0,0.0,0.32159591636948465,0.1070069586742186
2018-11-21,风险平价策略,-1.0,0.0,0.0,0.0,0.0,0.6835138277754004,0.0,0.0,0.0,0.0,0.0,0.3164861722245996,0.10570397391727292
2018-11-22,风险平价策略,-1.0,0.0,0.0,0.0,0.0,0.669265394348625,0.0,0.0,0.0,0.0,0.0,0.330734605651375,0.10933732444110064
2018-11-23,风险平价策略,-1.0,0.0,0.0,0.0,0.0,0.670809943014014,0.0,0.0,0.0,0.0,0.0,0.32919005698598613,0.10894346453142648
2018-11-26,风险平价策略,-1.0,0.0,0.0,0.0,0.0,1.0,0.0,0.0,0.0,0.0,0.0,0.0,0.025
2018-11-27,风险平价策略,-1.0,0.0,0.0,0.0,0.0,1.0,0.0,0.0,0.0,0.0,0.0,0.0,0.025
2018-11-28,风险平价策略,-1.0,0.0,0.0,0.0,0.0,1.0,0.0,0.0,0.0,0.0,0.0,0.0,0.025
2018-11-29,风险平价策略,-1.0,0.0,0.0,0.0,0.0,0.671145751289254,0.0,0.0,0.0,0.0,0.0,0.3288542487107461,0.10885783342124025
2018-11-30,风险平价策略,-1.0,0.0,0.0,0.0,0.0,1.0,0.0,0.0,0.0,0.0,0.0,0.0,0.025
2018-12-03,风险平价策略,-1.0,0.0,0.0,0.0,0.0,1.0,0.0,0.0,0.0,0.0,0.0,0.0,0.025
2018-12-04,风险平价策略,-1.0,0.0,0.0,0.0,0.0,1.0,0.0,0.0,0.0,0.0,0.0,0.0,0.025
2018-12-05,风险平价策略,-1.0,0.0,0.0,0.0,0.0,1.0,0.0,0.0,0.0,0.0,0.0,0.0,0.025
2018-12-06,风险平价策略,-1.0,0.0,0.0,0.0,0.0,1.0,0.0,0.0,0.0,0.0,0.0,0.0,0.025
2018-12-07,风险平价策略,-1.0,0.0,0.0,0.0,0.0,1.0,0.0,0.0,0.0,0.0,0.0,0.0,0.025
2018-12-10,风险平价策略,-1.0,0.0,0.0,0.0,0.0,0.6659525621674928,0.0,0.0,0.0,0.0,0.0,0.33404743783250723,0.11018209664728935
2018-12-11,风险平价策略,-1.0,0.0,0.0,0.0,0.0,0.6683782064262571,0.0,0.0,0.0,0.0,0.0,0.33162179357374283,0.10956355736130444
2018-12-12,风险平价策略,-1.0,0.0,0.0,0.0,0.0,0.605891935045845,0.11006365566415982,0.0,0.0,0.0,0.0,0.28404440928999514,0.11228991788361034
2018-12-13,风险平价策略,-1.0,0.0,0.0,0.0,0.0,0.5485708369546705,0.12844454762742674,0.0,0.0,0.0,0.0,0.32298461541790296,0.12470109086126788
2018-12-14,风险平价策略,-1.0,0.0,0.0,0.0,0.0,0.6265682240232088,0.0,0.0,0.0,0.0,0.0,0.37343177597679134,0.12022510287408181
2018-12-17,风险平价策略,-1.0,0.0,0.0,0.0,0.0,0.61417932577083,0.0,0.0,0.0,0.0,0.0,0.38582067422917,0.12338427192843836
2018-12-18,风险平价策略,-1.0,0.0,0.0,0.0,0.0,0.6141547736503663,0.0,0.0,0.0,0.0,0.0,0.3858452263496337,0.12339053271915659
2018-12-19,风险平价策略,-1.0,0.0,0.0,0.0,0.0,0.6121042306192631,0.0,0.0,0.0,0.0,0.0,0.3878957693807368,0.12391342119208788
2018-12-20,风险平价策略,-1.0,0.0,0.0,0.0,0.0,0.6147718826596856,0.0,0.0,0.0,0.0,0.0,0.3852281173403145,0.12323316992178021
2018-12-21,风险平价策略,-1.0,0.0,0.0,0.0,0.0,0.6063590871562202,0.0,0.0,0.0,0.0,0.0,0.39364091284377983,0.12537843277516386
2018-12-24,风险平价策略,-1.0,0.0,0.0,0.0,0.0,0.6000176941993017,0.0,0.0,0.0,0.0,0.0,0.39998230580069827,0.12699548797917806
2018-12-25,风险平价策略,-1.0,0.0,0.0,0.0,0.0,0.6019750997048426,0.0,0.0,0.0,0.0,0.0,0.39802490029515736,0.12649634957526515
2018-12-26,风险平价策略,-1.0,0.0,0.0,0.0,0.0,0.5101053458181576,0.0,0.15260974514719633,0.0,0.0,0.0,0.33728490903464603,0.13160996739870626
2018-12-27,风险平价策略,-1.0,0.0,0.0,0.0,0.0,0.6185896089503401,0.0,0.0,0.0,0.0,0.0,0.38141039104965996,0.1222596497176633
2018-12-28,风险平价策略,-1.0,0.0,0.0,0.0,0.0,0.6184490407602986,0.0,0.0,0.0,0.0,0.0,0.38155095923970145,0.12229549460612389
2019-01-02,风险平价策略,-1.0,0.0,0.0,0.0,0.0,0.6145328580086542,0.0,0.0,0.0,0.0,0.0,0.3854671419913458,0.12329412120779318
2019-01-03,风险平价策略,-1.0,0.0,0.0,0.0,0.0,0.6137934269928745,0.0,0.0,0.0,0.0,0.0,0.3862065730071254,0.12348267611681699
2019-01-04,风险平价策略,-1.0,0.0,0.0,0.0,0.0,0.6063047761136547,0.0,0.0,0.0,0.0,0.0,0.3936952238863452,0.12539228209101805
2019-01-07,风险平价策略,-1.0,0.0,0.0,0.0,0.0,0.6265967606795719,0.0,0.0,0.0,0.0,0.0,0.373403239320428,0.12021782602670915
2019-01-08,风险平价策略,-1.0,0.0,0.0,0.0,0.0,0.6077151819828619,0.0,0.0,0.05906153725003115,0.0,0.0,0.3332232807671069,0.11853585949686679
2019-01-09,风险平价策略,-1.0,0.0,0.0,0.0,0.0,0.5557105914294013,0.0,0.0,0.05582096881703198,0.0,0.08575836513954774,0.3027100746140191,0.11928973784469704
2019-01-10,风险平价策略,-1.0,0.0,0.0,0.0,0.0,0.5375895291237324,0.0,0.0,0.05807814315291711,0.0,0.0889056751533743,0.31542665256997615,0.1231902230536212
2019-01-11,风险平价策略,-1.0,0.0,0.0,0.0,0.0,0.6177129738132089,0.0,0.0,0.06635440916193946,0.0,0.0,0.3159326170248517,0.1151842066698184
2019-01-14,风险平价策略,-1.0,0.0,0.0,0.0,0.0,0.5916359501644057,0.0,0.0,0.07163685978591809,0.0,0.0,0.33672719004967616,0.12125277813162556
2019-01-15,风险平价策略,-1.0,0.0,0.0,0.0,0.0,0.5932340904513524,0.0,0.0,0.07210014034624321,0.0,0.0,0.33466576920240426,0.12079429149681836
2019-01-16,风险平价策略,-1.0,0.0,0.0,0.0,0.0,0.5937714540056142,0.0,0.0,0.07165933965759474,0.0,0.0,0.3345692063367912,0.120705751866233
2019-01-17,风险平价策略,-1.0,0.0,0.0,0.0,0.0,0.5938634620836606,0.0,0.0,0.07152901490030877,0.0,0.0,0.33460752301603064,0.1206966255296326
2019-01-18,风险平价策略,-1.0,0.0,0.0,0.0,0.08267392014084346,0.5170339460166536,0.0,0.0,0.06108019168085919,0.03330617638742291,0.0,0.3059057657742207,0.202294992237763
2019-01-21,风险平价策略,-1.0,0.0,0.0,0.0,0.08589822495566882,0.5234294613600161,0.0,0.0,0.06344951564499904,0.034618371081658335,0.0,0.2926044269576577,0.20277749744359388
2019-01-22,风险平价策略,-1.0,0.0,0.0,0.0,0.0853495922504233,0.5237428842793743,0.0,0.0,0.06350024602993248,0.03414506465855912,0.0,0.2932622127817108,0.2022780464521141
2019-01-23,风险平价策略,-1.0,0.0,0.0,0.0,0.09077322678675762,0.5310372065081247,0.0,0.0,0.06642395164860244,0.0,0.0,0.3117656150565153,0.20263560094554744
2019-01-24,风险平价策略,-1.0,0.0,0.0,0.0,0.08788975989825029,0.5138071437985297,0.0,0.0,0.0643439231774005,0.03446032973959055,0.0,0.29949884338622895,0.20656038709818472
2019-01-25,风险平价策略,1.0,0.3,0.15,0.15,0.06494032628485434,0.36897452661094954,0.0,0.0,0.047551834529637495,0.0,0.0,0.21853331257455855,0.18543782884104285
2019-01-28,风险平价策略,1.0,0.3,0.15,0.15,0.06540662334914678,0.37031004045163535,0.0,0.0,0.04540795929902064,0.0,0.0,0.2188753769001972,0.1856688329733264
2019-01-29,风险平价策略,1.0,0.3,0.15,0.15,0.0654437756758016,0.3702684114262994,0.0,0.0,0.045436111513008325,0.0,0.0,0.21885170138489077,0.18570310130643994
2019-01-30,风险平价策略,1.0,0.3,0.15,0.15,0.0631747291053857,0.35773133398846185,0.0,0.0,0.04389239528470104,0.02377173787489924,0.0,0.21142980374655218,0.1883870208224988
2019-01-31,风险平价策略,1.0,0.3,0.15,0.15,0.0631873183533079,0.3576847332051883,0.0,0.0,0.043890584651935745,0.023774763400177375,0.0,0.2114626003893907,0.18840828847135285
2019-02-01,风险平价策略,1.0,0.3,0.15,0.15,0.05766317891890748,0.32085026922168725,0.06721947475839064,0.0,0.040121963432596004,0.02124628528228961,0.0,0.19289882838612898,0.18607076863278227
2019-02-11,风险平价策略,1.0,0.3,0.15,0.15,0.058465817222299835,0.3227523115584989,0.06749881742150211,0.0,0.039818230061367726,0.021457159016918984,0.0,0.19000766471941238,0.18617197191598472
2019-02-12,风险平价策略,1.0,0.3,0.15,0.15,0.06483490874080707,0.3566138551138091,0.0,0.0,0.04415794983437,0.023731735840824872,0.0,0.21066155047018886,0.18983649619121204
2019-02-13,风险平价策略,1.0,0.3,0.15,0.15,0.060757398245522745,0.32331625486968174,0.06981634805968469,0.0,0.03526485191001797,0.02242478127943294,0.0,0.18842036563565986,0.1879395775189207
2019-02-14,风险平价策略,1.0,0.3,0.15,0.15,0.06256955869026787,0.31601694836714234,0.0724408601074944,0.0,0.036443751575300797,0.02326021337696305,0.0,0.1892686678828315,0.19069445307226768
2019-02-15,风险平价策略,1.0,0.3,0.15,0.15,0.056154326518210895,0.32115346332202227,0.0708671421954418,0.0,0.03623705948582455,0.023825867896085994,0.0,0.1917621405824144,0.18499988305494586
2019-02-18,风险平价策略,1.0,0.3,0.15,0.15,0.05665828452483461,0.3175083245685989,0.07150817415474224,0.0,0.036576995618954576,0.024051538028940916,0.0,0.19369668310392868,0.18618695319739176
2019-02-19,风险平价策略,1.0,0.3,0.15,0.15,0.0565603161026819,0.3175416656524425,0.07156069261362455,0.0,0.036538748066586836,0.024060642351797404,0.0,0.1937379352128668,0.18610618314567054
2019-02-20,风险平价策略,1.0,0.3,0.15,0.15,0.08695643299104466,0.0,0.11007170367747982,0.11353976837505457,0.055646900685881476,0.03632739737944865,0.0,0.29745779689109075,0.269107191926979
2019-02-21,风险平价策略,1.0,0.3,0.15,0.15,0.05033673872736182,0.2964988900193567,0.0664409895224505,0.0690629010168831,0.033680193346488536,0.021933777824254756,0.0,0.16204650954320457,0.17954729790890098
2019-02-22,风险平价策略,1.0,0.3,0.15,0.15,0.06749283558553129,0.37640776243823654,0.08924042598762276,0.09291515741192938,0.04464103332498647,0.02930278525169344,0.0,0.0,0.16501378993620516
2019-02-25,风险平价策略,1.0,0.3,0.15,0.15,0.09166761085800801,0.0,0.12157637394332355,0.12617383352716036,0.06101312657458106,0.03784224266596047,0.0,0.26172681243096646,0.26907290070474216
2019-02-26,风险平价策略,1.0,0.3,0.15,0.15,0.08880404727927148,0.0,0.11836706712461365,0.1259567282620639,0.06172735331994707,0.03444127408209885,0.0,0.2707035299320051,0.26720770069276395
2019-02-27,风险平价策略,1.0,0.3,0.15,0.15,0.09008497385849618,0.0,0.11801051944154281,0.12762520791286436,0.06012624098247947,0.03500077717903276,0.0,0.2691522806255845,0.268171038474677
2019-02-28,风险平价策略,1.0,0.3,0.15,0.15,0.09150745769519976,0.0,0.12276324325076744,0.1320234349428941,0.06230403340494522,0.036341166325806924,0.0,0.2550606643803865,0.2679111711357927
2019-03-01,风险平价策略,1.0,0.3,0.15,0.15,0.09244496187481174,0.0,0.12402044153246469,0.13344494583167119,0.06294397521197638,0.03672815408776593,0.0,0.2504175214613099,0.26820981495636137
2019-03-04,风险平价策略,1.0,0.3,0.15,0.15,0.15198944612486753,0.0,0.1725808708277341,0.2204482504961784,0.10332291235998017,0.05165852019123975,0.0,0.0,0.29096972709908686
2019-03-05,风险平价策略,1.0,0.3,0.15,0.15,0.15753576059411012,0.0,0.17606166824578684,0.20666146660736057,0.10671753940218884,0.05302356515055357,0.0,0.0,0.29588098471716295
2019-03-06,风险平价策略,1.0,0.3,0.15,0.15,0.15807197472845694,0.0,0.17645343212743234,0.2052281224722108,0.10705196339957651,0.05319450727232333,0.0,0.0,0.29636209956947135
2019-03-07,风险平价策略,1.0,0.3,0.15,0.15,0.15707829703027362,0.0,0.17546516433790843,0.20649490869214082,0.10669970873439738,0.05426192120527967,0.0,0.0,0.29569467398561855
2019-03-08,风险平价策略,1.0,0.3,0.15,0.15,0.0590090512897019,0.3877576311202986,0.09101056484061143,0.11144520369092464,0.05077754905846342,0.0,0.0,0.0,0.1517280983726939
2019-03-11,风险平价策略,1.0,0.3,0.15,0.15,0.05662457024226958,0.37050464074112166,0.0873489640970267,0.0,0.04869958823807111,0.0,0.0,0.13682223668151094,0.16845217678761706
2019-03-12,风险平价策略,1.0,0.3,0.15,0.15,0.047525135991059855,0.31123212709767106,0.07337436112503952,0.08977879591860065,0.04088441155549181,0.02299162667669234,0.0,0.11421354163544464,0.1696979064543837
2019-03-13,风险平价策略,1.0,0.3,0.15,0.15,0.04746943582152375,0.31195577653869455,0.07297326853958598,0.09007694258322287,0.03997415193447704,0.02309234359878347,0.0,0.11445808098371227,0.1695897824705518
2019-03-14,风险平价策略,1.0,0.3,0.15,0.15,0.046941898960501036,0.30069235443662584,0.07365567658324104,0.09489130889155784,0.04177448578102227,0.024411657628595783,0.0,0.11763261771845618,0.17127725148247666
2019-03-15,风险平价策略,1.0,0.3,0.15,0.15,0.04997796567605613,0.3199123726084563,0.07837616981718878,0.10095203595804549,0.0,0.02598766435453139,0.0,0.12479379158572197,0.1719266021527572
2019-03-18,风险平价策略,1.0,0.3,0.15,0.15,0.06363124690926228,0.3829880840034478,0.09973733323819618,0.12100799009704408,0.0,0.03263534575204964,0.0,0.0,0.1609685113836428
2019-03-19,风险平价策略,1.0,0.3,0.15,0.15,0.1401599811051402,0.0,0.2202283797705956,0.26743231960471725,0.0,0.07217931951954701,0.0,0.0,0.2832830752514453
2019-03-20,风险平价策略,1.0,0.3,0.15,0.15,0.1404247315306604,0.0,0.21924309800121303,0.26800086278125307,0.0,0.07233130768687346,0.0,0.0,0.2835297837156545
2019-03-21,风险平价策略,1.0,0.3,0.15,0.15,0.06395486671242148,0.3810950575768039,0.09989069721295606,0.12210444725671159,0.0,0.03295493124110696,0.0,0.0,0.16154704426414263
2019-03-22,风险平价策略,1.0,0.3,0.15,0.15,0.06523236968373794,0.387668900603731,0.0938900015084731,0.12015506029468191,0.0,0.03305366790937608,0.0,0.0,0.16174847581833637
2019-03-25,风险平价策略,1.0,0.3,0.15,0.15,0.0655249638969069,0.40730039766676496,0.08153630258951972,0.11389652447538234,0.0,0.03174181137142612,0.0,0.0,0.15913410580781673
2019-03-26,风险平价策略,1.0,0.3,0.15,0.15,0.06353966322860408,0.40879549519394875,0.08199844984259559,0.11378856189694715,0.0,0.03187782983790437,0.0,0.0,0.15728637803490902
2019-03-27,风险平价策略,1.0,0.3,0.15,0.15,0.05192892463007163,0.3271693282936474,0.06696529930789138,0.09293605139563704,0.0,0.02606271944853347,0.0,0.13493767692421904,0.17381499371228942
2019-03-28,风险平价策略,1.0,0.3,0.15,0.15,0.06232704051796898,0.40795865743837223,0.08315848806564838,0.11535890052013353,0.0,0.031196913457876792,0.0,0.0,0.15627180143417396
2019-03-29,风险平价策略,1.0,0.3,0.15,0.15,0.05923209880937662,0.3677756822920104,0.08025518909847534,0.11036661556470087,0.05236346617981457,0.03000694805562215,0.0,0.0,0.15942999224115265
2019-04-01,风险平价策略,1.0,0.3,0.15,0.15,0.06275389149187967,0.34801483900001845,0.08491362577134035,0.11683657238431154,0.055627617219597046,0.03185345413285294,0.0,0.0,0.16538409442162888
2019-04-02,风险平价策略,1.0,0.3,0.15,0.15,0.15539227024513946,0.0,0.20198372589327865,0.2635644783071448,0.0,0.07905952555443696,0.0,0.0,0.29717903109462707
2019-04-03,风险平价策略,1.0,0.3,0.15,0.15,0.12662515177015293,0.0,0.1643590381958917,0.21494466082890742,0.0,0.06452605840866572,0.12954509079638227,0.0,0.26680294410842353
2019-04-04,风险平价策略,1.0,0.3,0.15,0.15,0.11096474409934091,0.0,0.14410557190156667,0.18846112727000616,0.08691925796845038,0.055900610185947955,0.11364868857468789,0.0,0.25361421459564193
2019-04-08,风险平价策略,1.0,0.3,0.15,0.15,0.1397719431073822,0.0,0.0,0.2374385524096848,0.10942594674455439,0.0704254308871485,0.14293812685123006,0.0,0.27948261681405345
2019-04-09,风险平价策略,1.0,0.3,0.15,0.15,0.14026787008096733,0.0,0.0,0.23826222094094537,0.10995666534837577,0.07076456173036796,0.14074868189934345,0.0,0.28002444694137485
2019-04-10,风险平价策略,1.0,0.3,0.15,0.15,0.1404288161316974,0.0,0.0,0.23868296214997434,0.10967445346623418,0.07040469624459265,0.14080907200750142,0.0,0.28009742932419796
2019-04-11,风险平价策略,1.0,0.3,0.15,0.15,0.13395065546029844,0.0,0.0,0.24003181104121346,0.11157419288832743,0.0716704753334852,0.14277286527667546,0.0,0.2748183826105913
2019-04-12,风险平价策略,1.0,0.3,0.15,0.15,0.13255214554583805,0.0,0.0,0.24657496113546581,0.11500524584159687,0.07042674696381679,0.13544090051328236,0.0,0.27369890721573215
2019-04-15,风险平价策略,1.0,0.3,0.15,0.15,0.13263617152650792,0.0,0.0,0.24708288513910948,0.11392473778876512,0.06938643113570983,0.1369697744099076,0.0,0.27354636720957065
2019-04-16,风险平价策略,1.0,0.3,0.15,0.15,0.1328385981987438,0.0,0.0,0.2475471338620661,0.11428259070973049,0.06790108655723438,0.13743059067222524,0.0,0.27346850452303284
2019-04-17,风险平价策略,1.0,0.3,0.15,0.15,0.12214977083691324,0.0,0.165675004155517,0.22746620261056266,0.0,0.06257009203340329,0.12213893036360374,0.0,0.26295285431744353
2019-04-18,风险平价策略,1.0,0.3,0.15,0.15,0.11344246778594604,0.0,0.16906912415928632,0.23343253291664423,0.0,0.061483964015854244,0.12257191112226921,0.0,0.2554519498490633
2019-04-19,风险平价策略,1.0,0.3,0.15,0.15,0.11343571637173694,0.0,0.16906471713943372,0.23343105940881195,0.0,0.06148717026022778,0.12258133681978951,0.0,0.25544650888930176
2019-04-22,风险平价策略,1.0,0.3,0.15,0.15,0.10066968286247599,0.0,0.1657239329736122,0.24280345528398334,0.0,0.06399126003717277,0.1268116688427556,0.0,0.2449967851451448
2019-04-23,风险平价策略,1.0,0.3,0.15,0.15,0.12863864055775737,0.0,0.0,0.31944374967220734,0.0,0.08445792968901213,0.1674596800810231,0.0,0.2705459364163274
2019-04-24,风险平价策略,1.0,0.3,0.15,0.15,0.13267888768308464,0.0,0.0,0.31366970466192406,0.0,0.0864856795846148,0.16716572807037644,0.0,0.27427300254521814
2019-04-25,风险平价策略,1.0,0.3,0.15,0.15,0.15390648747058072,0.0,0.0,0.42750232937540167,0.0,0.11859118315401752,0.0,0.0,0.3022560387799306
2019-04-26,风险平价策略,1.0,0.3,0.15,0.15,0.15311642820779195,0.0,0.0,0.4292616182630507,0.0,0.11762195352915739,0.0,0.0,0.30143731225921044
2019-04-29,风险平价策略,1.0,0.3,0.15,0.15,0.15512019239190633,0.0,0.0,0.43644604504358747,0.0,0.10843376256450611,0.0,0.0,0.3016503636195223
2019-04-30,风险平价策略,1.0,0.3,0.15,0.15,0.1305494518204998,0.0,0.0,0.36353949266655083,0.11462746338767489,0.09128359212527451,0.0,0.0,0.2794131889031405
2019-05-06,风险平价策略,1.0,0.3,0.15,0.15,0.0,0.0,0.0,0.527650841230729,0.0,0.1723491587692709,0.0,0.0,0.18157586540308335
2019-05-07,风险平价策略,1.0,0.3,0.15,0.15,0.0,0.0,0.0,0.527621631938756,0.0,0.17237836806124396,0.0,0.0,0.18158053888979903
2019-05-08,风险平价策略,1.0,0.3,0.15,0.15,0.0,0.0,0.0,0.5292771361001023,0.0,0.17072286389989766,0.0,0.0,0.18131565822398363
2019-05-09,风险平价策略,1.0,0.3,0.15,0.15,0.0,0.0,0.0,0.31913022972225297,0.0,0.10415157658517743,0.2767181936925696,0.0,0.1623627064428513
2019-05-10,风险平价策略,1.0,0.3,0.15,0.15,0.0,0.0,0.0,0.3236877139240278,0.0,0.10580853616996426,0.2705037499060079,0.0,0.16281425329001403
2019-05-13,风险平价策略,1.0,0.3,0.15,0.15,0.0,0.0,0.0,0.32412996768384006,0.0,0.10585540944569008,0.2700146228704698,0.0,0.1628364268251963
2019-05-14,风险平价策略,1.0,0.3,0.15,0.15,0.0,0.0,0.0,0.19279632904940444,0.0,0.06446964562978769,0.16357310242299328,0.27916092289781447,0.19290726097581395
2019-05-15,风险平价策略,1.0,0.3,0.15,0.15,0.0,0.0,0.0,0.19425762600370233,0.0,0.06500044421963908,0.1651330126301407,0.2756089171465178,0.19251915075382015
2019-05-16,风险平价策略,1.0,0.3,0.15,0.15,0.0,0.0,0.0,0.19425267137473096,0.0,0.06499543912041707,0.16512409241565748,0.27562779708919444,0.19252088313750035
2019-05-17,风险平价策略,1.0,0.3,0.15,0.15,0.0,0.0,0.0,0.19357285116933,0.0,0.06689234040391735,0.16578517303741366,0.2737496353893389,0.19257917552022502
2019-05-20,风险平价策略,1.0,0.3,0.15,0.15,0.0,0.34096136621114237,0.0,0.10111112135457331,0.0,0.035501538439963995,0.08826830657883239,0.1341576674154879,0.12710133260438358
2019-05-21,风险平价策略,1.0,0.3,0.15,0.15,0.0,0.33268217075676665,0.0,0.10284033901676545,0.0,0.034611616338510245,0.09174019688115062,0.13812567700680697,0.12844864089638047
2019-05-22,风险平价策略,1.0,0.3,0.15,0.15,0.0,0.3363242800848048,0.0,0.09570833613696376,0.0,0.03515084321263887,0.09112684097840952,0.141689699587183,0.12848931582368325
2019-05-23,风险平价策略,1.0,0.3,0.15,0.15,0.0,0.3387326294182304,0.0,0.09688695694741956,0.0,0.031968461713103545,0.09022537734226331,0.1421865745789831,0.12774167653184554
2019-05-24,风险平价策略,1.0,0.3,0.15,0.15,0.0,0.3544695271416236,0.0,0.1020463226120146,0.0,0.0,0.09448869771484553,0.14899545253151628,0.1211914072082174
2019-05-27,风险平价策略,1.0,0.3,0.15,0.15,0.0,0.33501471941553146,0.0,0.10761376066728112,0.0,0.0,0.09977179218473908,0.15759972773244832,0.12469182644125489
2019-05-28,风险平价策略,1.0,0.3,0.15,0.15,0.0,0.33634445517588624,0.0,0.10596088007850128,0.0,0.0,0.10019212176579798,0.15750254297981445,0.12448804005585916
2019-05-29,风险平价策略,1.0,0.3,0.15,0.15,0.0,0.3375752143237406,0.0,0.10391690704763676,0.0,0.0,0.10052966454700328,0.15797821408161933,0.12436884181967924
2019-05-30,风险平价策略,1.0,0.3,0.15,0.15,0.0,0.3381464881130768,0.0,0.10099126044271015,0.0,0.03183756759716704,0.0825241967473133,0.1465004870997327,0.1285485674698299
2019-05-31,风险平价策略,1.0,0.3,0.15,0.15,0.0,0.3545340855911926,0.0,0.10673514183006065,0.0,0.0,0.08619257593988508,0.1525381966388617,0.12185670476365587
2019-06-03,风险平价策略,1.0,0.3,0.15,0.15,0.0,0.3558261051737772,0.0,0.10516672373570826,0.0,0.0,0.08641195976551747,0.15259521132499693,0.12168254236757417
2019-06-04,风险平价策略,1.0,0.3,0.15,0.15,0.0,0.41879744942501995,0.0,0.0,0.0,0.0,0.10169927384149038,0.17950327673348962,0.11595175932039635
2019-06-05,风险平价策略,1.0,0.3,0.15,0.15,0.0,0.4204857416718058,0.0,0.0,0.0,0.0,0.09887427810484228,0.18063998022335184,0.11594499415796317
2019-06-06,风险平价策略,1.0,0.3,0.15,0.15,0.0,0.43326064939152975,0.0,0.0,0.0,0.0,0.07288326225550208,0.19385608835296814,0.1165860450668346
2019-06-10,风险平价策略,1.0,0.3,0.15,0.15,0.0,0.43437859051664923,0.0,0.0,0.0,0.0,0.0730684529466,0.19255295653675067,0.11627319147626443
2019-06-11,风险平价策略,1.0,0.3,0.15,0.15,0.0,0.42530943313643926,0.0,0.0,0.0,0.0,0.0788931952386302,0.19579737162493063,0.1177121152644135
2019-06-12,风险平价策略,1.0,0.3,0.15,0.15,0.0,0.4256745547862631,0.0,0.0,0.0,0.0,0.07837991222547107,0.19594553298826572,0.11769600169568223
2019-06-13,风险平价策略,1.0,0.3,0.15,0.15,0.0,0.4256545273114654,0.0,0.0,0.0,0.0,0.0783933583459903,0.19595211434254417,0.11769909178367775
2019-06-14,风险平价策略,1.0,0.3,0.15,0.15,0.0,0.4259099316156703,0.0,0.0,0.0,0.0,0.0779290928639302,0.1961609755203995,0.11770360350841455
2019-06-17,风险平价策略,1.0,0.3,0.15,0.15,0.0,0.4490304453317224,0.0,0.0,0.0,0.0,0.08243115516618509,0.16853839950209237,0.11113256316548299
2019-06-18,风险平价策略,1.0,0.3,0.15,0.15,0.0,0.4434213820058697,0.0,0.0,0.0,0.0,0.07991903805436579,0.17665957993976444,0.11293969188034834
2019-06-19,风险平价策略,1.0,0.3,0.15,0.15,0.05923960749793784,0.4132054259057781,0.0,0.0,0.0,0.0,0.0688371133219083,0.1587178532743757,0.16495956679425558
2019-06-20,风险平价策略,1.0,0.3,0.15,0.15,0.0592654478899879,0.41326506844351324,0.0,0.0,0.0,0.0,0.06868400825898903,0.1587854754075099,0.16498592878884707
2019-06-21,风险平价策略,1.0,0.3,0.15,0.15,0.059648983297884386,0.4126791269570781,0.0,0.0,0.0,0.0,0.06874929740912102,0.15892259233591655,0.16540169598905372
2019-06-24,风险平价策略,1.0,0.3,0.15,0.15,0.060246739889781936,0.4092257581873733,0.0,0.0,0.0,0.0,0.06960351319176038,0.1609239887310843,0.16658455740409872
2019-06-25,风险平价策略,1.0,0.3,0.15,0.15,0.0591086320172433,0.41032821680436476,0.0,0.0,0.0,0.0,0.06935133624978529,0.16121181492860656,0.16552181932983434
2019-06-26,风险平价策略,1.0,0.3,0.15,0.15,0.059450987999518354,0.40297405668721265,0.0,0.0,0.0420512235935472,0.0,0.06863935490504068,0.12688437681468104,0.1631247890733677
2019-06-27,风险平价策略,1.0,0.3,0.15,0.15,0.05990118498232712,0.40267512913263853,0.0,0.0,0.04236617566694979,0.0,0.06873264103194118,0.1263248691861433,0.16347651978029704
2019-06-28,风险平价策略,1.0,0.3,0.15,0.15,0.05949785123235295,0.4027840497148067,0.0,0.0,0.04250111603353473,0.0,0.06885312793377399,0.12636385508553163,0.1631254282562635
2019-07-01,风险平价策略,1.0,0.3,0.15,0.15,0.06283445909701786,0.43233173658177515,0.0,0.0,0.04461581650630871,0.0,0.06685592338674252,0.09336206442815569,0.15806008939779484
2019-07-02,风险平价策略,1.0,0.3,0.15,0.15,0.06399627890444771,0.4355704067830304,0.0,0.0,0.04531432959247568,0.0,0.06081635765049509,0.09430262706955106,0.158899837178783
2019-07-03,风险平价策略,1.0,0.3,0.15,0.15,0.06447040029961612,0.4385944810000657,0.0,0.0,0.041641698954955,0.0,0.06093569524043572,0.09435772450492746,0.15885615438959647
2019-07-04,风险平价策略,1.0,0.3,0.15,0.15,0.06630968651528509,0.44892897291724354,0.0,0.0,0.03589802169040475,0.0,0.06084302253834239,0.08802029633872417,0.15819085043041226
2019-07-05,风险平价策略,1.0,0.3,0.15,0.15,0.06891349853849216,0.4420805860906848,0.0,0.0,0.034469662053772124,0.0,0.06310514869369754,0.09143110462335338,0.16162973436462016
2019-07-08,风险平价策略,1.0,0.3,0.15,0.15,0.06262900636518347,0.4482934476876578,0.0,0.0,0.03618823030888845,0.0,0.06127062414942434,0.091618691488846,0.155606756466188
2019-07-09,风险平价策略,1.0,0.3,0.15,0.15,0.06917266242566722,0.49645944537553793,0.0,0.0,0.038755158987615175,0.0,0.0,0.09561273321117954,0.15694409088708053
2019-07-10,风险平价策略,1.0,0.3,0.15,0.15,0.06860904819070725,0.49628899333493637,0.0,0.0,0.039052152055663,0.0,0.0,0.09604980641869337,0.15654908467077752
2019-07-11,风险平价策略,1.0,0.3,0.15,0.15,0.06860588113307665,0.4962859815867336,0.0,0.0,0.03905167263824729,0.0,0.0,0.09605646464194244,0.15654762512099094
2019-07-12,风险平价策略,1.0,0.3,0.15,0.15,0.061564509279350275,0.44468145875658766,0.08024975110039034,0.0,0.03172394417318661,0.0,0.0,0.08178033669048507,0.15581307070710498
2019-07-15,风险平价策略,1.0,0.3,0.15,0.15,0.06235306923525935,0.41368354590245354,0.0812622652883003,0.0,0.03162052209171485,0.028125793141068056,0.0,0.08295480434120388,0.16530020810521914
2019-07-16,风险平价策略,1.0,0.3,0.15,0.15,0.06220481213354119,0.4138856496987243,0.08150596813403216,0.0,0.03131692480730468,0.027855403422105976,0.0,0.08323124180429169,0.16513526229497183
2019-07-17,风险平价策略,1.0,0.3,0.15,0.15,0.06256582594164672,0.4166314328137029,0.0816739352883635,0.0,0.03160155007662237,0.026522262278471216,0.0,0.0810049936011932,0.16459022705859816
2019-07-18,风险平价策略,1.0,0.3,0.15,0.15,0.06140964652257519,0.4178198394483187,0.08154945652386641,0.0,0.031735501535296175,0.026285268278958322,0.0,0.08120028769098524,0.16344545721634468
2019-07-19,风险平价策略,1.0,0.3,0.15,0.15,0.05360373464614223,0.3630627495589507,0.07129422263785713,0.09240803703860659,0.026221572120217432,0.02250276951597564,0.0,0.07090691448225019,0.16238515449392943
2019-07-22,风险平价策略,1.0,0.3,0.15,0.15,0.06488692795146025,0.4549154173407386,0.07483532068602604,0.0,0.02565529047099857,0.0,0.0,0.07970704355077643,0.15691283626903005
2019-07-23,风险平价策略,1.0,0.3,0.15,0.15,0.06556742877342135,0.4572796685462967,0.07462978932848319,0.0,0.025027260355158905,0.0,0.0,0.07749585299663987,0.15689365987907228
2019-07-24,风险平价策略,1.0,0.3,0.15,0.15,0.066751681750818,0.4264685976889564,0.07340748117111617,0.0,0.024410437639530408,0.02988584772399483,0.0,0.07907595402558422,0.1670131064779826
2019-07-25,风险平价策略,1.0,0.3,0.15,0.15,0.06678088620643657,0.4266646792776458,0.07327704681753267,0.0,0.024256307780057558,0.02990555230011954,0.0,0.07911552761820777,0.16701752747092916
2019-07-26,风险平价策略,1.0,0.3,0.15,0.15,0.06687454694219444,0.4271236175161978,0.073428762458665,0.0,0.024298247444811915,0.02993095130278934,0.0,0.07834387433534142,0.166946130669892
2019-07-29,风险平价策略,1.0,0.3,0.15,0.15,0.06038066810487715,0.3626353039901716,0.06551529565387915,0.09226503509978855,0.02102626337599727,0.02648939506872783,0.0,0.07168803870655843,0.16881512565896709
2019-07-30,风险平价策略,1.0,0.3,0.15,0.15,0.062255844496168576,0.37385554033202534,0.06754694725676572,0.09512370591704161,0.0,0.02731100552765378,0.0,0.07390695647034506,0.1690630070928242
2019-07-31,风险平价策略,1.0,0.3,0.15,0.15,0.06691794608049279,0.4158553378592921,0.0,0.10435065365936308,0.0,0.030543866852933726,0.0,0.08233219554791839,0.16883748625882913
2019-08-01,风险平价策略,1.0,0.3,0.15,0.15,0.0750629750810034,0.5066600248900338,0.0,0.0,0.0,0.035879409301607226,0.0,0.0823975907273555,0.1642822120834281
2019-08-02,风险平价策略,1.0,0.3,0.15,0.15,0.0,0.5026564955373306,0.0,0.1154367664290791,0.0,0.0,0.0,0.08190673803359018,0.09597018166649118
2019-08-05,风险平价策略,1.0,0.3,0.15,0.15,0.0,0.5017132855294621,0.0,0.11637521036480111,0.0,0.0,0.0,0.08191150410573667,0.096098086946211
2019-08-06,风险平价策略,1.0,0.3,0.15,0.15,0.0,0.6016059446247839,0.0,0.0,0.0,0.0,0.0,0.09839405537521617,0.08459048412068013
2019-08-07,风险平价策略,1.0,0.3,0.15,0.15,0.0,0.601577201678321,0.0,0.0,0.0,0.0,0.0,0.09842279832167897,0.08459781357202814
2019-08-08,风险平价策略,1.0,0.3,0.15,0.15,0.0,0.601460689787149,0.0,0.0,0.0,0.0,0.0,0.09853931021285105,0.08462752410427703
2019-08-09,风险平价策略,1.0,0.3,0.15,0.15,0.0,0.5045476141297855,0.0,0.11281508254877401,0.0,0.0,0.0,0.08263730332144048,0.09580254849105183
2019-08-12,风险平价策略,1.0,0.3,0.15,0.15,0.0,0.46307606330111334,0.0,0.10469803241874451,0.0,0.0,0.05679245134232018,0.07543345293782187,0.0988329722666187
2019-08-13,风险平价策略,1.0,0.3,0.15,0.15,0.0,0.462976392381504,0.0,0.10478749071849741,0.0,0.0,0.05681170015938752,0.07542441674061097,0.09884476603258864
2019-08-14,风险平价策略,1.0,0.3,0.15,0.15,0.0,0.41642735735647884,0.0652571689238833,0.09467416512152611,0.0,0.024909936347325738,0.04574753978326859,0.05298383246751736,0.1067535302750515
2019-08-15,风险平价策略,1.0,0.3,0.15,0.15,0.0,0.47299372748390456,0.0,0.11242180231560822,0.0,0.0,0.0518160375659228,0.0627684326345644,0.09612357757884293
2019-08-16,风险平价策略,1.0,0.3,0.15,0.15,0.0,0.4254003387691125,0.06893497963607335,0.10136656921698506,0.0,0.0,0.04703239795237954,0.05726571442544952,0.10203186805865237
2019-08-19,风险平价策略,1.0,0.3,0.15,0.15,0.0,0.42553100339057226,0.06894371349144815,0.10138491770429923,0.0,0.0,0.04704600209253441,0.057094363321145904,0.10199325807803422
2019-08-20,风险平价策略,1.0,0.3,0.15,0.15,0.0,0.4235412780347775,0.07056103385252745,0.10032841704428581,0.0,0.0,0.04823843776818446,0.05733083330022465,0.10225447432828644
2019-08-21,风险平价策略,1.0,0.3,0.15,0.15,0.0,0.4107611032151034,0.07204773549669691,0.10584837949287074,0.0,0.0,0.05097675655485961,0.06036602524046925,0.10426187139817156
2019-08-22,风险平价策略,1.0,0.3,0.15,0.15,0.0,0.4579062308772305,0.0,0.11803170232201024,0.0,0.0,0.056813502792975694,0.0672485640077836,0.09854808142871865
2019-08-23,风险平价策略,1.0,0.3,0.15,0.15,0.0,0.45880144432169817,0.0,0.11687725402276755,0.0,0.0,0.05695501969119721,0.06736628196433699,0.09843710826155526
2019-08-26,风险平价策略,1.0,0.3,0.15,0.15,0.0,0.46326273602224893,0.0,0.11093729282810058,0.0,0.0,0.05777427772742641,0.06802569342222396,0.09788938551584046
2019-08-27,风险平价策略,1.0,0.3,0.15,0.15,0.0,0.46455648848921266,0.0,0.11122209928580355,0.0,0.0,0.055786967301775514,0.06843444492320828,0.09782339842568802
2019-08-28,风险平价策略,1.0,0.3,0.15,0.15,0.0,0.4640034356349396,0.0,0.11148213398192709,0.0,0.0,0.05592328704694819,0.068591143336185,0.0979127747782169
2019-08-29,风险平价策略,1.0,0.3,0.15,0.15,0.0,0.4666186292833482,0.0,0.10796209733375996,0.0,0.0,0.05631002829158957,0.06910924509130219,0.09761029360895657
2019-08-30,风险平价策略,1.0,0.3,0.15,0.15,0.0,0.4234744288726367,0.0,0.12276373067987166,0.0,0.033957976551268566,0.054482656121088574,0.06532120777513446,0.1084682935997805
2019-09-02,风险平价策略,1.0,0.3,0.15,0.15,0.0,0.41671990282813354,0.0,0.12679723235042523,0.0,0.03345114818799438,0.05643535132533433,0.06659636530811255,0.10939350012549456
2019-09-03,风险平价策略,1.0,0.3,0.15,0.15,0.0,0.4381789966459168,0.0,0.13135275151426717,0.0,0.0,0.05987743411472689,0.07059081772508904,0.1015204105563701
2019-09-04,风险平价策略,1.0,0.3,0.15,0.15,0.0,0.4385336996054625,0.0,0.13140385397712684,0.0,0.0,0.059376379275361824,0.07068606714204885,0.10149898723204757
2019-09-05,风险平价策略,1.0,0.3,0.15,0.15,0.0,0.41995239375282306,0.0,0.12415091298024258,0.0,0.03371965592316592,0.05423874446200839,0.06793829288176005,0.1092270046030264
2019-09-06,风险平价策略,1.0,0.3,0.15,0.15,0.0,0.38511170771613973,0.0784792683451007,0.11293625770179562,0.0,0.030257264796814107,0.045322461996867035,0.04789303944328274,0.11123857269909931
2019-09-09,风险平价策略,1.0,0.3,0.15,0.15,0.0,0.3677538388516445,0.07608959153816222,0.10983455120909161,0.02739969446660784,0.02944778216140818,0.04268152919636168,0.04679301257672389,0.1136735894788354
2019-09-10,风险平价策略,1.0,0.3,0.15,0.15,0.0,0.3730143774213287,0.08511467891614914,0.11378112924401863,0.0,0.032898838723354376,0.04836785826418809,0.046823117430961,0.11307461158764699
2019-09-11,风险平价策略,1.0,0.3,0.15,0.15,0.0,0.3682320119871829,0.08524375295388806,0.11686812285859338,0.0,0.033826934855069365,0.04759296193277471,0.04823621541249156,0.11406154495005716
2019-09-12,风险平价策略,1.0,0.3,0.15,0.15,0.0649306407356677,0.31648263758646816,0.08292029866841899,0.1132872203586871,0.0,0.02943694167543641,0.046241698223375136,0.04670056275194641,0.1747433093953898
2019-09-16,风险平价策略,1.0,0.3,0.15,0.15,0.06364404603698806,0.3085518753595487,0.08142845539829217,0.10014606200148385,0.027373939416257247,0.02878673531511497,0.04431289388430023,0.04575599258801484,0.17484744483614464
2019-09-17,风险平价策略,1.0,0.3,0.15,0.15,0.11930224805517889,0.0,0.16310407032897703,0.20371881391536648,0.058363835109708107,0.06127913184085486,0.0,0.09423190074991471,0.2759100159019739
2019-09-18,风险平价策略,1.0,0.3,0.15,0.15,0.10889636314059875,0.0,0.14875741331149678,0.17965442395822365,0.04638657849803156,0.045938160131322625,0.08533869221287256,0.08502836874745401,0.2609301599274032
2019-09-19,风险平价策略,1.0,0.3,0.15,0.15,0.1318111537169346,0.0,0.16816099228623368,0.19829217277070538,0.05129589690036542,0.050101191137666645,0.0,0.10033859318809422,0.2852911498558267
2019-09-20,风险平价策略,1.0,0.3,0.15,0.15,0.13180942409020172,0.0,0.16814906775617344,0.19830826917569896,0.05129408124671694,0.05009823026771117,0.0,0.10034092746349774,0.2852894851866901
2019-09-23,风险平价策略,1.0,0.3,0.15,0.15,0.12750817556800648,0.0,0.16470055860318092,0.20181310284046927,0.05250102303660989,0.05121548537287983,0.0,0.1022616545788535,0.28209775391661474
2019-09-24,风险平价策略,1.0,0.3,0.15,0.15,0.1796871447378762,0.0,0.23272940166356526,0.0,0.07260897049725754,0.07058289937963125,0.0,0.14439158372166971,0.33428354523212994
2019-09-25,风险平价策略,1.0,0.3,0.15,0.15,0.17202542890953262,0.0,0.2357993106008864,0.0,0.07533253287556292,0.0685745128201675,0.0,0.14826821479385044,0.3280187934392519
2019-09-26,风险平价策略,1.0,0.3,0.15,0.15,0.19704697679720243,0.0,0.270203258450058,0.0,0.0,0.07735526892439429,0.0,0.15539449582834533,0.35054364303695457
2019-09-27,风险平价策略,1.0,0.3,0.15,0.15,0.25896452864145575,0.0,0.33927900683800516,0.0,0.0,0.10175646452053902,0.0,0.0,0.38781123838210907
2019-09-30,风险平价策略,1.0,0.3,0.15,0.15,0.19808207910601872,0.0,0.2625681494571359,0.0,0.0,0.07840907459808302,0.1609406968387623,0.0,0.32810617747958615
2019-10-08,风险平价策略,1.0,0.3,0.15,0.15,0.2074827244592017,0.0,0.24715168698498527,0.0,0.0,0.07809991904283727,0.16726566951297572,0.0,0.33576350550719414
2019-10-09,风险平价策略,1.0,0.3,0.15,0.15,0.24000479093099075,0.0,0.0,0.0,0.0,0.09031169259524684,0.19325685967839737,0.17642665679536496,0.3854273882223636
2019-10-10,风险平价策略,1.0,0.3,0.15,0.15,0.1551528281450724,0.0,0.18203258205040562,0.0,0.0668452909477597,0.0584470835841394,0.12496477380963333,0.11255744146298949,0.30410631168607044
2019-10-11,风险平价策略,1.0,0.3,0.15,0.15,0.15608425990805427,0.0,0.18368586793513636,0.0,0.06487326697413155,0.05910893133170456,0.12633475714726403,0.10991291670370916,0.30461644729560683
2019-10-14,风险平价策略,1.0,0.3,0.15,0.15,0.20963896958929656,0.0,0.24657940574074275,0.0,0.0,0.07919190681370514,0.16458971785625554,0.0,0.33782974800951426
2019-10-15,风险平价策略,1.0,0.3,0.15,0.15,0.2681712453014431,0.0,0.33265454740739553,0.0,0.0,0.09917420729116143,0.0,0.0,0.39513171921979806
2019-10-16,风险平价策略,1.0,0.3,0.15,0.15,0.20611548300171076,0.0,0.24914646346360939,0.0,0.0,0.0756011803151213,0.1691368732195585,0.0,0.3341590883752697
2019-10-17,风险平价策略,1.0,0.3,0.15,0.15,0.20560424977542344,0.0,0.2498108462193682,0.0,0.0,0.07371468234262506,0.17087022166258314,0.0,0.3333758123362982
2019-10-18,风险平价策略,1.0,0.3,0.15,0.15,0.30257050844248745,0.0,0.0,0.0,0.0,0.12008251250731312,0.27734697905019945,0.0,0.4190520197213536
2019-10-21,风险平价策略,1.0,0.3,0.15,0.15,0.19277883709128632,0.0,0.25458268733194583,0.0,0.0,0.07619306828580412,0.1764454072909637,0.0,0.32283175186368024
2019-10-22,风险平价策略,1.0,0.3,0.15,0.15,0.19407094377445708,0.0,0.25646579286482724,0.0,0.0,0.07560007642798654,0.17386318693272917,0.0,0.3238997093910399
2019-10-23,风险平价策略,1.0,0.3,0.15,0.15,0.19315435128437777,0.0,0.25482812031220187,0.0,0.0,0.07692848134008863,0.17508904706333164,0.0,0.32330554068139156
2019-10-24,风险平价策略,1.0,0.3,0.15,0.15,0.1932672654474366,0.0,0.25492935034654907,0.0,0.0,0.07695792816945832,0.17484545603655588,0.0,0.3234124078018634
2019-10-25,风险平价策略,1.0,0.3,0.15,0.15,0.19332532366812083,0.0,0.2549240343684506,0.0,0.0,0.07704985673482388,0.17470078522860472,0.0,0.32348022540193516
2019-10-28,风险平价策略,1.0,0.3,0.15,0.15,0.3270772205219396,0.0,0.0,0.0,0.0,0.1312367915666136,0.24168598791144683,0.0,0.44249217225174403
2019-10-29,风险平价策略,1.0,0.3,0.15,0.15,0.0,0.0,0.0,0.0,0.0,0.24431056505802523,0.4556894349419746,0.0,0.17941900736102478
2019-10-30,风险平价策略,1.0,0.3,0.15,0.15,0.0,0.0,0.37366112416534397,0.0,0.0,0.11284531027762346,0.21349356555703258,0.0,0.1656504426777088
2019-10-31,风险平价策略,1.0,0.3,0.15,0.15,0.0,0.0,0.3764880895675915,0.0,0.0,0.11560178749747407,0.2079101229349344,0.0,0.16625898231154781
2019-11-01,风险平价策略,1.0,0.3,0.15,0.15,0.0,0.0,0.0,0.0,0.0,0.2467890605385891,0.45321093946141083,0.0,0.17988992150233193
2019-11-04,风险平价策略,1.0,0.3,0.15,0.15,0.0,0.0,0.0,0.0,0.0,0.0,0.7,0.0,0.133
2019-11-05,风险平价策略,1.0,0.3,0.15,0.15,0.39346243006469794,0.0,0.0,0.0,0.0,0.0,0.30653756993530196,0.0,0.4753123141562872
2019-11-06,风险平价策略,1.0,0.3,0.15,0.15,0.3988271777379108,0.0,0.0,0.0,0.0,0.0,0.30117282226208913,0.0,0.4799796446319824
2019-11-07,风险平价策略,1.0,0.3,0.15,0.15,0.1905942652756856,0.0,0.2790115393487983,0.0,0.0,0.08652690563710044,0.14386728973841556,0.0,0.3236274690413595
2019-11-08,风险平价策略,1.0,0.3,0.15,0.15,0.20641527693769862,0.0,0.32446745560407486,0.0,0.0,0.0,0.16911726745822656,0.0,0.32231531460392004
2019-11-11,风险平价策略,1.0,0.3,0.15,0.15,0.0,0.0,0.48078647412024145,0.0,0.0,0.0,0.2192135258797585,0.0,0.14742359422360723
2019-11-12,风险平价策略,1.0,0.3,0.15,0.15,0.0,0.0,0.3952173372377134,0.0,0.0,0.12574295473529748,0.17903970802698904,0.0,0.16874768151683792
2019-11-13,风险平价策略,1.0,0.3,0.15,0.15,0.2889734415643386,0.0,0.0,0.0,0.0,0.16500813448526616,0.24601842395039517,0.0,0.4157584397131751
2019-11-14,风险平价策略,1.0,0.3,0.15,0.15,0.0,0.0,0.0,0.0,0.0,0.282995701057699,0.41700429894230084,0.0,0.1867691832009628
2019-11-15,风险平价策略,1.0,0.3,0.15,0.15,0.0,0.0,0.0,0.0,0.0,0.2788914229904916,0.42110857700950843,0.0,0.1859893703681934
2019-11-18,风险平价策略,1.0,0.3,0.15,0.15,0.11272923491945874,0.5245711292271356,0.0,0.0,0.0,0.06269963585340571,0.0,0.0,0.18790739662322697
2019-11-19,风险平价策略,1.0,0.3,0.15,0.15,0.08785373295690026,0.4082793929850692,0.15569264795501436,0.0,0.0,0.0481742261030162,0.0,0.0,0.18038729380729449
2019-11-20,风险平价策略,1.0,0.3,0.15,0.15,0.08618479104456371,0.4095553077803668,0.1587784298376257,0.0,0.0,0.04548147133744382,0.0,0.0,0.17838229334107503
2019-11-21,风险平价策略,1.0,0.3,0.15,0.15,0.0,0.3827685589728648,0.1484088567803939,0.12631781709757092,0.0,0.042504767149170335,0.0,0.0,0.1091270072825305
2019-11-22,风险平价策略,1.0,0.3,0.15,0.15,0.0,0.5257301280379956,0.0,0.1742698719620043,0.0,0.0,0.0,0.0,0.08302643271487058
2019-11-25,风险平价策略,1.0,0.3,0.15,0.15,0.0,0.40265577240615624,0.15972425601594542,0.1376199715778982,0.0,0.0,0.0,0.0,0.09964147072516889
2019-11-26,风险平价策略,1.0,0.3,0.15,0.15,0.0,0.3794067952525645,0.14974986650250025,0.12617788779236966,0.0,0.044665450452565585,0.0,0.0,0.10992655471331429
2019-11-27,风险平价策略,1.0,0.3,0.15,0.15,0.0,0.46127200189844697,0.18391571373442786,0.0,0.0,0.05481228436712512,0.0,0.0,0.10049824524244967
2019-11-28,风险平价策略,1.0,0.3,0.15,0.15,0.0,0.3786738987837933,0.15047241428759534,0.12610068641290442,0.0,0.044753000515706826,0.0,0.0,0.11003950374670098
2019-11-29,风险平价策略,1.0,0.3,0.15,0.15,0.07494522510344524,0.3381808567519703,0.13428639268537512,0.11262105651707716,0.0,0.03996646894213216,0.0,0.0,0.17769420845611916
2019-12-02,风险平价策略,1.0,0.3,0.15,0.15,0.08176714511726305,0.31252094222639804,0.14517751376219018,0.12310965869597275,0.0,0.03742474019817581,0.0,0.0,0.18648203312964534
2019-12-03,风险平价策略,1.0,0.3,0.15,0.15,0.10335881203916876,0.3942511306057742,0.0,0.15525276213197195,0.0,0.04713729522308511,0.0,0.0,0.19513946671681587
2019-12-04,风险平价策略,1.0,0.3,0.15,0.15,0.10241395878193364,0.3950359967609903,0.0,0.1556828797608304,0.0,0.04686716469624562,0.0,0.0,0.19419661216548986
2019-12-05,风险平价策略,1.0,0.3,0.15,0.15,0.10269978605912394,0.39625339386311215,0.0,0.15408881441786612,0.0,0.04695800565989774,0.0,0.0,0.1942868930237276
2019-12-06,风险平价策略,1.0,0.3,0.15,0.15,0.10840976402092548,0.3936138068093197,0.0,0.1484924207273603,0.0,0.04948400844239455,0.0,0.0,0.19984377920910237
2019-12-09,风险平价策略,1.0,0.3,0.15,0.15,0.08082354327589023,0.2914178670269728,0.1384002287717352,0.11080686003652376,0.04168065372610065,0.03687084716277734,0.0,0.0,0.18886650638641184
2019-12-10,风险平价策略,1.0,0.3,0.15,0.15,0.08571285030675709,0.31000924557825016,0.14717676623157996,0.11786352498300254,0.0,0.03923761290041032,0.0,0.0,0.19042556416867784
2019-12-11,风险平价策略,1.0,0.3,0.15,0.15,0.08571740683359545,0.31001291691037963,0.14719795246958545,0.11786424336831364,0.0,0.03920748041812578,0.0,0.0,0.19042407482421905
2019-12-12,风险平价策略,1.0,0.3,0.15,0.15,0.08095807758440265,0.29281002563426084,0.13898843775405972,0.10925078392949628,0.040995488670142466,0.036997186427638065,0.0,0.0,0.18880493642539653
2019-12-13,风险平价策略,1.0,0.3,0.15,0.15,0.08362304552180538,0.28144259078067835,0.14166366970996463,0.11342307444991744,0.04180312247044234,0.03804449706719178,0.0,0.0,0.19275375923838003
2019-12-16,风险平价策略,1.0,0.3,0.15,0.15,0.08367979867074214,0.28164955349574566,0.14176909799965895,0.11301797456633068,0.04182408704076308,0.038059488226759385,0.0,0.0,0.19277610014818686
2019-12-17,风险平价策略,1.0,0.3,0.15,0.15,0.08517365079065901,0.27442260459357576,0.14421926621770914,0.11526676474327513,0.0421201077592806,0.038797605895500326,0.0,0.0,0.1951276330648937
2019-12-18,风险平价策略,1.0,0.3,0.15,0.15,0.14030240114960027,0.0,0.23200753569780377,0.1926133202359687,0.07018268862921488,0.06489405428741232,0.0,0.0,0.28293889253794235
2019-12-19,风险平价策略,1.0,0.3,0.15,0.15,0.08544572897162622,0.27481925779852784,0.14118240014298308,0.11731958433959097,0.041715131104161675,0.0395178976431101,0.0,0.0,0.19541382746730399
2019-12-20,风险平价策略,1.0,0.3,0.15,0.15,0.07863902947312769,0.25275801759191346,0.12885780783834808,0.10711177910265239,0.038379761310028314,0.03636560958677052,0.0,0.05788799509715952,0.19908330694116166
2019-12-23,风险平价策略,1.0,0.3,0.15,0.15,0.07215829810395386,0.25593937915191234,0.13135065542613536,0.10868516621217589,0.03744244289358434,0.035860152530251384,0.0,0.05856390568198686,0.19320087173742756
2019-12-24,风险平价策略,1.0,0.3,0.15,0.15,0.07215815507023796,0.25591191837710564,0.13134486651451077,0.1086934516691502,0.03744731271441302,0.03586604103583362,0.0,0.0585782546187488,0.193207171525218
2019-12-25,风险平价策略,1.0,0.3,0.15,0.15,0.07170974017943425,0.25608928318251,0.13147751597430238,0.10877901274813626,0.037417229257838,0.035896438013532435,0.0,0.05863078064424654,0.19281742457313905
2019-12-26,风险平价策略,1.0,0.3,0.15,0.15,0.0733417180299644,0.26222152040658064,0.13478249078965496,0.09457881425989237,0.03832862298497784,0.03659971529308744,0.0,0.06014711823584241,0.1936640327553266
2019-12-27,风险平价策略,1.0,0.3,0.15,0.15,0.0733914806596591,0.2619051331154802,0.13487128200523862,0.09464670691017849,0.038359366947772415,0.036629230198726555,0.0,0.06019680016294453,0.1937595373043511
2019-12-30,风险平价策略,1.0,0.3,0.15,0.15,0.07398524875282059,0.2633865740229648,0.13129193396297914,0.09530611942545884,0.038620482239406166,0.03687045722454699,0.0,0.060539184371823554,0.19414060156220947
2019-12-31,风险平价策略,1.0,0.3,0.15,0.15,0.11313790740330702,0.0,0.16684128320993893,0.14425844998166365,0.05154618421083342,0.05184678348176848,0.0813605257211438,0.09100886599134467,0.26632703756529624
2020-01-02,风险平价策略,1.0,0.3,0.15,0.15,0.11384520308705358,0.0,0.16786422830362815,0.14349594843418964,0.051080392018328875,0.05186095009579048,0.08190425607721052,0.08994902198379863,0.2667752814843743
2020-01-03,风险平价策略,1.0,0.3,0.15,0.15,0.11404678828070343,0.0,0.15091339536203238,0.1495379169418196,0.05379779761640351,0.054718755839599176,0.08301918520196297,0.09396616075747888,0.26787764480112936
2020-01-06,风险平价策略,1.0,0.3,0.15,0.15,0.07954795388617064,0.2706001759630642,0.10335426848828444,0.10471605988761128,0.037681785065369545,0.03830728371853017,0.0,0.0657924729909697,0.19869033751390455
2020-01-07,风险平价策略,1.0,0.3,0.15,0.15,0.0867413730374301,0.26469907349910465,0.11259505803157116,0.10684763082403875,0.034876901033351525,0.032729334518593035,0.0,0.0615106290559108,0.20409511644907985
2020-01-08,风险平价策略,1.0,0.3,0.15,0.15,0.07645805011896076,0.27049428828951055,0.1109484474932162,0.10964487893084154,0.03584661938842171,0.033586198978482626,0.0,0.06302151680056646,0.1950028732273525
2020-01-09,风险平价策略,1.0,0.3,0.15,0.15,0.08222147287395076,0.31035653104248573,0.11895877483953672,0.09961291146932863,0.02991393865340937,0.021845728717611822,0.0,0.03709064240367692,0.18941323859317627
2020-01-10,风险平价策略,1.0,0.3,0.15,0.15,0.08084667052536787,0.3112332687380953,0.11943223156582307,0.09979836093092133,0.02996742314900646,0.021520583636603984,0.0,0.03720146145418186,0.18810185494951465
2020-01-13,风险平价策略,1.0,0.3,0.15,0.15,0.083757177421694,0.3143070531763052,0.12069314553402652,0.08941200265748117,0.031155045798597167,0.021962539036275985,0.0,0.03871303637562,0.1903956979242863
2020-01-14,风险平价策略,1.0,0.3,0.15,0.15,0.08522276892685061,0.3136952941048622,0.122891757851662,0.08928365830004677,0.03095100735242348,0.02093180826032635,0.0,0.0370237052038286,0.191339705214034
2020-01-15,风险平价策略,1.0,0.3,0.15,0.15,0.08317470583688426,0.3151611919363622,0.12285441471232297,0.08971850894835641,0.0310085429849727,0.02089348730965366,0.0,0.037189148271447627,0.1894357331835419
2020-01-16,风险平价策略,1.0,0.3,0.15,0.15,0.08088603150515418,0.31361863169133525,0.12373445214196652,0.09121465763636737,0.03155283810711169,0.021232531764767755,0.0,0.037760857153297175,0.18784978750782885
2020-01-17,风险平价策略,1.0,0.3,0.15,0.15,0.08059843838637823,0.3139939179246783,0.12392150958355201,0.09087048425058852,0.03158949622380893,0.02125448454024285,0.0,0.03777166909075106,0.1875627221042932
2020-01-20,风险平价策略,1.0,0.3,0.15,0.15,0.0811098456768807,0.31720744950531155,0.12159496808757896,0.08855323003284336,0.03192662486367099,0.021475742110511398,0.0,0.03813213972320309,0.18764050643846564
2020-01-21,风险平价策略,1.0,0.3,0.15,0.15,0.08419171082793082,0.4541116947255724,0.0,0.10766973772874684,0.0,0.0,0.0,0.05402685671774984,0.16989918111363958
2020-01-22,风险平价策略,1.0,0.3,0.15,0.15,0.08028597587165215,0.42876868446901056,0.0,0.10285146941346936,0.038425475577672265,0.0,0.0,0.049668394668195566,0.16990090944483155
2020-01-23,风险平价策略,0.0,0.0,0.0,0.0,0.0,0.7513491924124652,0.0,0.16130078140117032,0.0,0.0,0.0,0.08735002618636445,0.06904986216668094
2020-02-03,风险平价策略,0.0,0.0,0.0,0.0,0.0,0.8934489837625168,0.0,0.0,0.0,0.0,0.0,0.10655101623748318,0.05217050914055822
2020-02-04,风险平价策略,0.0,0.0,0.0,0.0,0.0,0.8880349271704275,0.0,0.0,0.0,0.0,0.0,0.11196507282957242,0.053551093571540975
2020-02-05,风险平价策略,0.0,0.0,0.0,0.0,0.0,0.8892674320828037,0.0,0.0,0.0,0.0,0.0,0.11073256791719645,0.0532368048188851
2020-02-06,风险平价策略,0.0,0.0,0.0,0.0,0.0,0.8898378753911411,0.0,0.0,0.0,0.0,0.0,0.11016212460885891,0.053091341775259024
2020-02-07,风险平价策略,0.0,0.0,0.0,0.0,0.0,0.889832675065574,0.0,0.0,0.0,0.0,0.0,0.11016732493442603,0.05309266785827864
2020-02-10,风险平价策略,0.0,0.0,0.0,0.0,0.0,0.8872732217880223,0.0,0.0,0.0,0.0,0.0,0.11272677821197775,0.05374532844405433
2020-02-11,风险平价策略,0.0,0.0,0.0,0.0,0.0,0.8712958005211618,0.0,0.0,0.0,0.0,0.0,0.12870419947883815,0.05781957086710373
2020-02-12,风险平价策略,0.0,0.0,0.0,0.0,0.0,0.871455825064991,0.0,0.0,0.0,0.0,0.0,0.12854417493500908,0.05777876460842732
2020-02-13,风险平价策略,0.0,0.0,0.0,0.0,0.0,0.8714529211161691,0.0,0.0,0.0,0.0,0.0,0.12854707888383082,0.05777950511537686
2020-02-14,风险平价策略,0.0,0.0,0.0,0.0,0.0,0.8427972543871678,0.0,0.0,0.0,0.0,0.0,0.1572027456128322,0.06508670013127221
2020-02-17,风险平价策略,0.0,0.0,0.0,0.0,0.0,0.841480251521186,0.0,0.0,0.0,0.0,0.0,0.15851974847881403,0.06542253586209759
2020-02-18,风险平价策略,0.0,0.0,0.0,0.0,0.0,0.8413995530904008,0.0,0.0,0.0,0.0,0.0,0.15860044690959924,0.06544311396194781
2020-02-19,风险平价策略,0.0,0.0,0.0,0.0,0.0,0.8413656888662857,0.0,0.0,0.0,0.0,0.0,0.1586343111337143,0.06545174933909714
2020-02-20,风险平价策略,0.0,0.0,0.0,0.0,0.0,0.835854993355696,0.0,0.0,0.0,0.0,0.0,0.164145006644304,0.06685697669429752
2020-02-21,风险平价策略,0.0,0.0,0.0,0.0,0.0,0.8358180987442947,0.0,0.0,0.0,0.0,0.0,0.1641819012557053,0.06686638482020486
2020-02-24,风险平价策略,0.0,0.0,0.0,0.0,0.0,0.8351752936596809,0.0,0.0,0.0,0.0,0.0,0.16482470634031904,0.06703030011678135
2020-02-25,风险平价策略,0.0,0.0,0.0,0.0,0.0,0.8547890476139488,0.0,0.0,0.0,0.0,0.0,0.14521095238605117,0.06202879285844305
2020-02-26,风险平价策略,0.0,0.0,0.0,0.0,0.0,0.8539060485243086,0.0,0.0,0.0,0.0,0.0,0.14609395147569149,0.06225395762630134
2020-02-27,风险平价策略,0.0,0.0,0.0,0.0,0.0,0.8537043902645008,0.0,0.0,0.0,0.0,0.0,0.14629560973549915,0.06230538048255229
2020-02-28,风险平价策略,0.0,0.0,0.0,0.0,0.0,0.874802578261348,0.0,0.0,0.0,0.0,0.0,0.12519742173865195,0.05692534254335625
2020-03-02,风险平价策略,0.0,0.0,0.0,0.0,0.0,0.8044036868860839,0.0,0.0,0.0,0.0,0.08982137238857611,0.10577494072534013,0.06140385398576223
2020-03-03,风险平价策略,0.0,0.0,0.0,0.0,0.0,0.8018528725021462,0.0,0.0,0.0,0.0,0.09121677541841139,0.10693035207944238,0.06184500119919101
2020-03-04,风险平价策略,0.0,0.0,0.0,0.0,0.0,0.8021360903564854,0.0,0.0,0.0,0.0,0.09086056052270708,0.10700334912080761,0.06182621288069019
2020-03-05,风险平价策略,0.0,0.0,0.0,0.0,0.0,0.8013183103371923,0.0,0.0,0.0,0.0,0.09122619577912858,0.1074554938836792,0.0619799014971467
2020-03-06,风险平价策略,0.0,0.0,0.0,0.0,0.0,0.8024461794690343,0.0,0.0,0.0,0.0,0.0894664975732296,0.10808732295773614,0.06195624959941183
2020-03-09,风险平价策略,0.0,0.0,0.0,0.0,0.0,0.8902895198908646,0.0,0.0,0.0,0.0,0.0,0.10971048010913542,0.05297617242782954
2020-03-10,风险平价策略,0.0,0.0,0.0,0.0,0.0,0.7359763943064396,0.0,0.0,0.0,0.0,0.1235649414979745,0.14045866419558595,0.07379127822716175
2020-03-11,风险平价策略,0.0,0.0,0.0,0.0,0.0,0.8397961133726927,0.0,0.0,0.0,0.0,0.0,0.16020388662730736,0.06585199108996338
2020-03-12,风险平价策略,0.0,0.0,0.0,0.0,0.0,0.8399236596277442,0.0,0.0,0.0,0.0,0.0,0.16007634037225585,0.06581946679492526
2020-03-13,风险平价策略,0.0,0.0,0.0,0.0,0.0,0.7342929892390653,0.0,0.0,0.0,0.0,0.13858801513525326,0.12711899562568155,0.07196708547375039
2020-03-16,风险平价策略,0.0,0.0,0.0,0.0,0.05984068867813451,0.7943927140208825,0.0,0.0,0.0,0.0,0.14576659730098285,0.0,0.09865016417778434
2020-03-17,风险平价策略,0.0,0.0,0.0,0.0,0.0,0.8230591776417633,0.0,0.0,0.0,0.0,0.17694082235823674,0.0,0.04357878634761486
2020-03-18,风险平价策略,0.0,0.0,0.0,0.0,0.0,0.8251440387165411,0.0,0.0,0.0,0.0,0.17485596128345893,0.0,0.04335987593476319
2020-03-19,风险平价策略,0.0,0.0,0.0,0.0,0.0,0.80451721935921,0.0,0.0,0.0,0.0,0.19548278064079005,0.0,0.045525691967282955
2020-03-20,风险平价策略,0.0,0.0,0.0,0.0,0.0,0.8045167227678428,0.0,0.0,0.0,0.0,0.19548327723215717,0.0,0.0455257441093765
2020-03-23,风险平价策略,0.0,0.0,0.0,0.0,0.0,0.8005082673332375,0.0,0.0,0.0,0.0,0.19949173266676237,0.0,0.04594663193001004
2020-03-24,风险平价策略,0.0,0.0,0.0,0.0,0.0,0.7145893522618434,0.0,0.0,0.0,0.0,0.17808269308714628,0.10732795465101042,0.07106731121015802
2020-03-25,风险平价策略,0.0,0.0,0.0,0.0,0.0,0.7145887769321814,0.0,0.0,0.0,0.0,0.1780843464730987,0.10732687659471994,0.07106720991132895
2020-03-26,风险平价策略,0.0,0.0,0.0,0.0,0.0,0.7344100053972381,0.0,0.0,0.0,0.0,0.1565357950076352,0.10905419959512679,0.06924507937255903
2020-03-27,风险平价策略,0.0,0.0,0.0,0.0,0.0,0.7297791939931096,0.0,0.0,0.0,0.0,0.1590865425333762,0.11113426347351416,0.07004332415175062
2020-03-30,风险平价策略,0.0,0.0,0.0,0.0,0.0,0.7322624250242192,0.0,0.0,0.0,0.0,0.15966486081384318,0.10807271416193762,0.06932335249674763
2020-03-31,风险平价策略,0.0,0.0,0.0,0.0,0.0,0.732534233848651,0.0,0.0,0.0,0.0,0.15934618344675125,0.10811958270459775,0.06930184285158131
2020-04-01,风险平价策略,0.0,0.0,0.0,0.0,0.0,0.8474135817861015,0.0,0.0,0.0,0.0,0.15258641821389854,0.0,0.04102157391245935
2020-04-02,风险平价策略,0.0,0.0,0.0,0.0,0.0,0.8452459202089359,0.0,0.0,0.0,0.0,0.1547540797910642,0.0,0.041249178378061746
2020-04-03,风险平价策略,0.0,0.0,0.0,0.0,0.0,0.8433233850916262,0.0,0.0,0.0,0.0,0.15667661490837384,0.0,0.04145104456537926
2020-04-07,风险平价策略,0.0,0.0,0.0,0.0,0.0,0.8433311431615019,0.0,0.0,0.0,0.0,0.1566688568384982,0.0,0.04145022996804232
2020-04-08,风险平价策略,0.0,0.0,0.0,0.0,0.0,0.7485710049497301,0.0,0.0,0.0,0.0,0.13897367686588788,0.11245531818438202,0.06826834220793565
2020-04-09,风险平价策略,0.0,0.0,0.0,0.0,0.0,0.8402010382025642,0.0,0.0,0.0,0.0,0.15979896179743586,0.0,0.04177889098873077
2020-04-10,风险平价策略,0.0,0.0,0.0,0.0,0.0,0.739258228552251,0.0,0.0,0.0,0.0,0.1439242331310724,0.11681753831667664,0.06990051674951515
2020-04-13,风险平价策略,0.0,0.0,0.0,0.0,0.0,0.7418642221325503,0.0,0.0,0.0,0.0,0.14122893042670243,0.11690684744074722,0.06964028379219431
2020-04-14,风险平价策略,0.0,0.0,0.0,0.0,0.0,0.7417861092816477,0.0,0.0,0.0,0.0,0.1412690363299742,0.11694485438837804,0.0696541866836837
2020-04-15,风险平价策略,0.0,0.0,0.0,0.0,0.0,0.7422000737524884,0.0,0.0,0.0,0.0,0.14137688548082833,0.11642304076668324,0.0695324483709912
2020-04-16,风险平价策略,0.0,0.0,0.0,0.0,0.0,0.8643514644735977,0.0,0.0,0.0,0.0,0.0,0.1356485355264023,0.05959037655923259
2020-04-17,风险平价策略,0.0,0.0,0.0,0.0,0.0,0.8653925479615144,0.0,0.0,0.0,0.0,0.0,0.13460745203848562,0.05932490026981384
2020-04-20,风险平价策略,0.0,0.0,0.0,0.0,0.0,1.0,0.0,0.0,0.0,0.0,0.0,0.0,0.025
2020-04-21,风险平价策略,0.0,0.0,0.0,0.0,0.0,0.7446343374166572,0.0,0.0,0.0,0.0,0.13564802940570514,0.11971763317763762,0.06977103954789662
2020-04-22,风险平价策略,0.0,0.0,0.0,0.0,0.0,0.7457196929536023,0.0,0.0,0.0,0.0,0.13619120816873923,0.11808909887765853,0.06941279707152055
2020-04-23,风险平价策略,0.0,0.0,0.0,0.0,0.0,0.7457286191397199,0.0,0.0,0.0,0.0,0.13618529449346148,0.11808608636681861,0.0694114079453522
2020-04-24,风险平价策略,0.0,0.0,0.0,0.0,0.0,0.746453502591051,0.0,0.0,0.0,0.0,0.13532042965838348,0.11822606775056549,0.06935629239052447
2020-04-27,风险平价策略,0.0,0.0,0.0,0.0,0.0,0.7402308636957144,0.0,0.0,0.0,0.0,0.14008832280390932,0.11968081350037636,0.07022788133700646
2020-04-28,风险平价策略,0.0,0.0,0.0,0.0,0.08595457668558296,0.7349704089833047,0.06312234614667903,0.0,0.0,0.0,0.0,0.11595266818443331,0.14689515938527556
2020-04-29,风险平价策略,0.0,0.0,0.0,0.0,0.08596279718258433,0.7349604705343601,0.06312451380180908,0.0,0.0,0.0,0.0,0.11595221848124662,0.14690335232898186
2020-04-30,风险平价策略,0.0,0.0,0.0,0.0,0.0817211284482612,0.6422070350274965,0.06004179195920457,0.07829477181907114,0.0,0.026414973671354442,0.0,0.111320299074612,0.1595326298441975
2020-05-06,风险平价策略,0.0,0.0,0.0,0.0,0.07385286163119925,0.5633220071958432,0.0540694338768702,0.07101931808573081,0.0,0.023984122546475875,0.112646463943181,0.10110579272069962,0.1585786936143932
2020-05-07,风险平价策略,0.0,0.0,0.0,0.0,0.08998229726347629,0.6102744677576373,0.0659456651566762,0.08331466962337211,0.0,0.029047856857155142,0.0,0.12143504334168291,0.17241793885218581
2020-05-08,风险平价策略,0.0,0.0,0.0,0.0,0.08599446519296482,0.5832302946458283,0.06302319370463638,0.07959488008980413,0.04434740931721654,0.02776133969320558,0.0,0.1160484173563443,0.17231035951175003
2020-05-11,风险平价策略,0.0,0.0,0.0,0.0,0.09336729033948325,0.5788407468989337,0.06837250986466607,0.08654082199731931,0.04788644121814463,0.0,0.0,0.12499218968145287,0.17576295022776564
2020-05-12,风险平价策略,0.0,0.0,0.0,0.0,0.0971831457806731,0.6112228285782633,0.07106247895657959,0.08963834222036533,0.0,0.0,0.0,0.13089320446411878,0.17482594513339414
2020-05-13,风险平价策略,0.0,0.0,0.0,0.0,0.24977173036423087,0.0,0.18265641791775306,0.23044597093097394,0.0,0.0,0.0,0.33712588078704214,0.410263359200399
2020-05-14,风险平价策略,0.0,0.0,0.0,0.0,0.09126032735772835,0.5780881313487043,0.06839441918534844,0.08687980396080407,0.04853615198068582,0.0,0.0,0.12684116616672902,0.17432307870823108
2020-05-15,风险平价策略,1.0,0.3,0.15,0.15,0.0638567320682704,0.4046621547042395,0.04787997769965821,0.06082110425509273,0.03397742402605855,0.0,0.0,0.08880260724668045,0.16400635116213702
2020-05-18,风险平价策略,1.0,0.3,0.15,0.15,0.1510015932256499,0.0,0.1132682789434084,0.14400579227063645,0.08049415479068311,0.0,0.0,0.21123018076962213,0.30699390154980744
2020-05-19,风险平价策略,1.0,0.3,0.15,0.15,0.152990876318065,0.0,0.11462396062537655,0.14578671952446107,0.08160137084793785,0.0,0.0,0.20499707268415945,0.3079279985377531
2020-05-20,风险平价策略,1.0,0.3,0.15,0.15,0.15280181061825468,0.0,0.11467054487265327,0.1458430763458596,0.08162710703041755,0.0,0.0,0.20505746113281484,0.3077766873255759
2020-05-21,风险平价策略,1.0,0.3,0.15,0.15,0.06641926441321658,0.3994365213752056,0.04983486171039605,0.06220968931935263,0.0353041155471259,0.0,0.0,0.08679554763470335,0.16663675859308485
2020-05-22,风险平价策略,1.0,0.3,0.15,0.15,0.06229571614720498,0.4051148523631733,0.04743794639923454,0.06434890311314499,0.033318554472042614,0.0,0.0,0.08748402750519946,0.16246916533996814
2020-05-25,风险平价策略,1.0,0.3,0.15,0.15,0.1478307687904518,0.0,0.11259438473682573,0.15290842878023805,0.07921439338685583,0.0,0.0,0.2074520243056285,0.3038642326345235
2020-05-26,风险平价策略,1.0,0.3,0.15,0.15,0.14762785928651476,0.0,0.11246949794391588,0.1528275849446602,0.07918911580488992,0.0,0.0,0.2078859420200192,0.3037456060011236
2020-05-27,风险平价策略,1.0,0.3,0.15,0.15,0.14913043945194468,0.0,0.11264309433923975,0.1543783451485508,0.07930081940180848,0.0,0.0,0.20454730165845617,0.30460825353266635
2020-05-28,风险平价策略,1.0,0.3,0.15,0.15,0.14915776583698426,0.0,0.11262000986754221,0.1543688133398783,0.07928751982434817,0.0,0.0,0.20456589113124707,0.3046333054370599
2020-05-29,风险平价策略,1.0,0.3,0.15,0.15,0.14893702276746473,0.0,0.11285879871236291,0.1547185934805158,0.07837266414974431,0.0,0.0,0.20511292088991223,0.3045043762729573
2020-06-01,风险平价策略,1.0,0.3,0.15,0.15,0.14917664832345748,0.0,0.11305549615302334,0.15362599028983273,0.07850672501552315,0.0,0.0,0.20563514021816312,0.30476966866803906
2020-06-02,风险平价策略,1.0,0.3,0.15,0.15,0.1078613241560056,0.0,0.08165291063691851,0.10672751736025927,0.05663118429749441,0.03578452825868125,0.16379028552983374,0.1475522497608072,0.2636879100608105
2020-06-03,风险平价策略,1.0,0.3,0.15,0.15,0.1081816264017584,0.0,0.08187391685988353,0.10703688615909893,0.05681590074375376,0.03589814536717093,0.16434172639220024,0.14585179807613416,0.26375639242103205
2020-06-04,风险平价策略,1.0,0.3,0.15,0.15,0.1098697817292336,0.0,0.08238100176802039,0.10876674965531415,0.05531288356431669,0.034714099841321795,0.16700929702325906,0.1419461864185342,0.2644212649223372
2020-06-05,风险平价策略,1.0,0.3,0.15,0.15,0.10924275805137673,0.0,0.08243036037332198,0.1088799689388722,0.05536544368665546,0.034753066926687795,0.16715780707401245,0.14217059494907347,0.26392379908996155
2020-06-08,风险平价策略,1.0,0.3,0.15,0.15,0.11129012241783362,0.0,0.08384429899797474,0.11084852757242776,0.056385606850625374,0.03543834201891683,0.16231107370448644,0.1398820284377351,0.2656342048239068
2020-06-09,风险平价策略,1.0,0.3,0.15,0.15,0.11140033802268139,0.0,0.0839308680568807,0.11094957557902005,0.056121178131544075,0.03505336951665083,0.16246362503511588,0.14008104565810703,0.2656818515709513
2020-06-10,风险平价策略,1.0,0.3,0.15,0.15,0.11143376716770632,0.0,0.08395559864532963,0.11097162999714821,0.05603999876482754,0.034993842829723974,0.16249511904699573,0.14011004354826853,0.26570213091565975
2020-06-11,风险平价策略,1.0,0.3,0.15,0.15,0.1096390322056431,0.0,0.08635443823364991,0.10900675542882993,0.056152250975741815,0.03510444797931899,0.16065002637563594,0.14309304880118034,0.2646266863040612
2020-06-12,风险平价策略,1.0,0.3,0.15,0.15,0.10999179064528204,0.0,0.08625325334686461,0.10924694906123508,0.056084558023855535,0.034037505128924735,0.16104747580064332,0.14333846799319475,0.26476914242806754
2020-06-15,风险平价策略,1.0,0.3,0.15,0.15,0.10931545941448394,0.0,0.08530144416750153,0.11289485195071065,0.05672698957694523,0.03472207406630577,0.15518572644013945,0.1458534543839133,0.2647946303874103
2020-06-16,风险平价策略,1.0,0.3,0.15,0.15,0.10902010842947397,0.0,0.08508672860767215,0.11294945791490779,0.05674876708541535,0.034771030046392586,0.15515498402447475,0.14626892389166338,0.26460536490530046
2020-06-17,风险平价策略,1.0,0.3,0.15,0.15,0.11005182167942236,0.0,0.08433553165174387,0.11320169660112887,0.05723054350340965,0.035064292485362594,0.15263278151950668,0.14748333255942597,0.2657451389049528
2020-06-18,风险平价策略,1.0,0.3,0.15,0.15,0.11030990407857796,0.0,0.08455701362243057,0.11242542806267149,0.05725282960246717,0.03513408116053024,0.15294553772797925,0.14737520574534327,0.2659509592653168
2020-06-19,风险平价策略,1.0,0.3,0.15,0.15,0.11033013143587579,0.0,0.08456542552458071,0.11243316383063522,0.057262003566531536,0.03514147691289833,0.15286647913105442,0.14740131959842406,0.26597473072574396
2020-06-22,风险平价策略,1.0,0.3,0.15,0.15,0.1082302432865108,0.0,0.08411285430353103,0.11333556749805103,0.05698106554732904,0.03510324303834011,0.1538243234946533,0.14841270283158461,0.26429452853722735
2020-06-23,风险平价策略,1.0,0.3,0.15,0.15,0.10805849793334588,0.0,0.08466402969518229,0.1132703844375422,0.05721835172555205,0.0353185091630806,0.15272525172026502,0.1487449753250319,0.26425992273475485
2020-06-24,风险平价策略,1.0,0.3,0.15,0.15,0.10808385410265152,0.0,0.08470119798442434,0.11310064493926127,0.05723654999129045,0.03532820077429838,0.15277499022140673,0.14877456198666733,0.2642850128017858
2020-06-29,风险平价策略,1.0,0.3,0.15,0.15,0.10742396202177416,0.0,0.08648134175866323,0.11512737477804175,0.05500108367173949,0.03371454459988638,0.15092514078496613,0.15132655238492876,0.263811898133632
2020-06-30,风险平价策略,1.0,0.3,0.15,0.15,0.10742642670219203,0.0,0.08647317159999986,0.11512648174159666,0.05500367378429933,0.033713810836301705,0.15093457032808877,0.15132186500752148,0.2638130315925525
2020-07-01,风险平价策略,1.0,0.3,0.15,0.15,0.10742217935100132,0.0,0.08647149809588536,0.11512918798639397,0.05499678117039003,0.03371424824559862,0.15093300158780648,0.15133310356292418,0.2638108605657575
2020-07-02,风险平价策略,1.0,0.3,0.15,0.15,0.10836060930282407,0.0,0.08724675312452647,0.11463378024468825,0.05551221794426261,0.034007147155860735,0.1523684641536908,0.14787102807414707,0.2641926469830395
2020-07-03,风险平价策略,1.0,0.3,0.15,0.15,0.11815249157635296,0.0,0.09240571290307706,0.1251515820391881,0.0,0.037030445301859394,0.16600550911456516,0.16125425906495716,0.2735433099867919
2020-07-06,风险平价策略,1.0,0.3,0.15,0.15,0.11790407291597765,0.0,0.09251961153905085,0.12549555139596505,0.0,0.03722115590296209,0.16643447441718673,0.1604251338288576,0.27325278802084246
2020-07-07,风险平价策略,1.0,0.3,0.15,0.15,0.1092462018480069,0.0,0.08659115675362819,0.11491095436174832,0.05445539852407428,0.034505752562140314,0.1505853593723981,0.14970517657800386,0.2652793443556975
2020-07-08,风险平价策略,1.0,0.3,0.15,0.15,0.10962755945226128,0.0,0.08689455902659678,0.11535132838157156,0.054661419996950796,0.03465894175497522,0.14819494603855712,0.15061124534908718,0.26580669588139877
2020-07-09,风险平价策略,1.0,0.3,0.15,0.15,0.11891133810552187,0.0,0.09424900052457538,0.1251132072196799,0.0,0.037596673962585106,0.16074837374774642,0.16338140643989119,0.27468430940300653
2020-07-10,风险平价策略,1.0,0.3,0.15,0.15,0.10511924693881046,0.0,0.09724040032372078,0.13226676236439835,0.0,0.037575017338689815,0.16925735392281313,0.1585412191115674,0.26225939587849484
2020-07-13,风险平价策略,1.0,0.3,0.15,0.15,0.10715652606262031,0.0,0.09908713871366165,0.13491395926068656,0.0,0.03834793872102834,0.15861177907461052,0.16188265816739258,0.2648147176958144
2020-07-14,风险平价策略,1.0,0.3,0.15,0.15,0.10044076461519819,0.0,0.089639350114513,0.11558373071287416,0.05654860135754003,0.03611536483031729,0.14870626521930672,0.15296592315025054,0.2586089094846435
2020-07-15,风险平价策略,1.0,0.3,0.15,0.15,0.10779634012223405,0.0,0.0978439034547221,0.12596102972906398,0.0,0.03940168983354578,0.16217811985412922,0.16681891700630477,0.2660061225211766
2020-07-16,风险平价策略,1.0,0.3,0.15,0.15,0.11595217140236613,0.0,0.09329544472479534,0.10641697531008516,0.0,0.0,0.1956591967124458,0.1886762118503075,0.2681711934986511
2020-07-17,风险平价策略,1.0,0.3,0.15,0.15,0.11564132589325289,0.0,0.09403163173179549,0.10724240051905817,0.0,0.0,0.19723772149172417,0.1858469203641692,0.267523212549281
2020-07-20,风险平价策略,1.0,0.3,0.15,0.15,0.11583025439012323,0.0,0.0936396683445905,0.10730677981476944,0.0,0.0,0.19729829181849104,0.18592500563202574,0.2676894656089919
2020-07-21,风险平价策略,1.0,0.3,0.15,0.15,0.11577281539432742,0.0,0.09378869166955556,0.10747916087838126,0.0,0.0,0.19675785995954995,0.1862014720981858,0.2676906057842308
2020-07-22,风险平价策略,1.0,0.3,0.15,0.15,0.1157640763743589,0.0,0.09378968796933174,0.10747367144319121,0.0,0.0,0.19675795319349498,0.18621461101962317,0.2676848388810114
2020-07-23,风险平价策略,1.0,0.3,0.15,0.15,0.11363855273109846,0.0,0.09266407298866004,0.10839306771740082,0.0,0.0,0.1979566087409989,0.18734769782184169,0.26599940977051373
2020-07-24,风险平价策略,1.0,0.3,0.15,0.15,0.0997579513420042,0.0,0.09013421191967393,0.11302632515152705,0.0,0.0,0.20405535285411222,0.1930261587326826,0.25483815758958206
2020-07-27,风险平价策略,1.0,0.3,0.15,0.15,0.0985147431957087,0.0,0.09036682687088535,0.11324169116484228,0.0,0.0,0.2044313962030696,0.19344534256549392,0.25383288350616245
2020-07-28,风险平价策略,1.0,0.3,0.15,0.15,0.10598907378833197,0.0,0.0961374713797982,0.1217849499339735,0.0,0.0,0.16706883183702365,0.20901967306087277,0.2631011177943929
2020-07-29,风险平价策略,1.0,0.3,0.15,0.15,0.0994261530326943,0.0,0.09019055842387812,0.11423710242354264,0.0,0.042990738400008485,0.15692341763201215,0.19623203008786436,0.26323662777304796
2020-07-30,风险平价策略,1.0,0.3,0.15,0.15,0.10763177211546197,0.0,0.09655449563692031,0.12371294673966375,0.0,0.0,0.1658000158787877,0.20630076962916621,0.2641927804561244
2020-07-31,风险平价策略,1.0,0.3,0.15,0.15,0.10768044269429936,0.0,0.09666739242062526,0.12278501144259606,0.0,0.0,0.16623606544332414,0.20663108799915514,0.26426022045981035
2020-08-03,风险平价策略,1.0,0.3,0.15,0.15,0.11080053323630519,0.0,0.0925829371494075,0.1222158402023916,0.0,0.0,0.16945784375840534,0.2049428456534904,0.2665818540841631
2020-08-04,风险平价策略,1.0,0.3,0.15,0.15,0.11118106662802918,0.0,0.09290078789445859,0.12262899895166869,0.0,0.0,0.16759290422388462,0.20569624230195888,0.26704785791706304
2020-08-05,风险平价策略,1.0,0.3,0.15,0.15,0.11104279009537353,0.0,0.09419759495805431,0.12457681687770229,0.0,0.0,0.1582558455489669,0.21192695251990284,0.2679595026160331
2020-08-06,风险平价策略,1.0,0.3,0.15,0.15,0.11159662738775256,0.0,0.09561594778223198,0.12148991276942804,0.0,0.0,0.15688189530475646,0.2144156167558309,0.26876458415726917
2020-08-07,风险平价策略,1.0,0.3,0.15,0.15,0.11163552541256164,0.0,0.09546727003982625,0.12152709349798138,0.0,0.0,0.15688479980288655,0.21448531124674422,0.2688055347020745
2020-08-10,风险平价策略,1.0,0.3,0.15,0.15,0.1058533234393906,0.0,0.0806356483292771,0.10528084861476014,0.07922529709736947,0.0,0.1431746995347122,0.1858301829844904,0.26171342563215927
2020-08-11,风险平价策略,1.0,0.3,0.15,0.15,0.1113033140849283,0.0,0.08794136248713715,0.10675532974224246,0.08511740176769099,0.0,0.14967199139060003,0.15921060052740096,0.2629610701705868
2020-08-12,风险平价策略,1.0,0.3,0.15,0.15,0.18630420096476372,0.0,0.1447189871799128,0.1910165940763478,0.0,0.0,0.0,0.1779602177789756,0.3318507549438786
2020-08-13,风险平价策略,1.0,0.3,0.15,0.15,0.18634828711489754,0.0,0.14474526840354615,0.1910409002090008,0.0,0.0,0.0,0.17786554427255544,0.3318764264892206
2020-08-14,风险平价策略,1.0,0.3,0.15,0.15,0.18652488758398045,0.0,0.14422069682704713,0.19125912368732062,0.0,0.0,0.0,0.1779952919016517,0.33204034059874177
2020-08-17,风险平价策略,1.0,0.3,0.15,0.15,0.08173249869158973,0.39327832784470124,0.0631956263721849,0.08379812366004424,0.0,0.0,0.0,0.07799542343147986,0.17892217545367828
2020-08-18,风险平价策略,1.0,0.3,0.15,0.15,0.07093978867595735,0.3337906590082066,0.05483154630981186,0.0726794438530289,0.0,0.0,0.10012243858667279,0.06763612356632251,0.1736403451920548
2020-08-19,风险平价策略,1.0,0.3,0.15,0.15,0.07208734926772717,0.3259560910430477,0.057479302485405746,0.0761313903183851,0.0,0.0,0.10124181704034643,0.06710404984508786,0.17556453256427954
2020-08-20,风险平价策略,1.0,0.3,0.15,0.15,0.08294958305531158,0.3793146116173067,0.07020965993513849,0.09522935954344508,0.0,0.0,0.0,0.07229678584879812,0.1811457914999811
2020-08-21,风险平价策略,1.0,0.3,0.15,0.15,0.07550618740799492,0.34650828766622854,0.06346192710381744,0.08704366306570936,0.06149508381453558,0.0,0.0,0.06598485094171411,0.17917971153892592
2020-08-24,风险平价策略,1.0,0.3,0.15,0.15,0.07728856075632662,0.35126791687733344,0.0,0.08906540778847488,0.0,0.0,0.11602251782515906,0.06635559675270594,0.1759832183324443
2020-08-25,风险平价策略,1.0,0.3,0.15,0.15,0.1307082680138476,0.0,0.0,0.14414130500466843,0.1089281830027493,0.0,0.20129226588638524,0.11492997809234945,0.2726370563561499
2020-08-26,风险平价策略,1.0,0.3,0.15,0.15,0.12556739720339632,0.0,0.0,0.14554305619901797,0.11004032470297727,0.0,0.20333559066082046,0.11551363123378797,0.2683385849261126
2020-08-27,风险平价策略,1.0,0.3,0.15,0.15,0.10947435489491514,0.0,0.09536158483230067,0.12431361531570409,0.09512144871980238,0.0,0.17467652747575071,0.10105246876152703,0.25379567302603745
2020-08-28,风险平价策略,1.0,0.3,0.15,0.15,0.10976444048858718,0.0,0.09561022306743606,0.12460931800391536,0.09371956531465628,0.0,0.17505019374514488,0.10124625938026026,0.2540373709768367
2020-08-31,风险平价策略,1.0,0.3,0.15,0.15,0.10889399934896406,0.0,0.09598086995945396,0.12395446474136504,0.09402967186070126,0.0,0.17558272287741764,0.10155827121209803,0.25333076703086604
2020-09-01,风险平价策略,1.0,0.3,0.15,0.15,0.10889586901183892,0.0,0.09848858854131014,0.1271957971262471,0.09663436817266713,0.0,0.16476862514669108,0.1040167520012456,0.2539778251374201
2020-09-02,风险平价策略,1.0,0.3,0.15,0.15,0.12553365040726738,0.0,0.0,0.14814276601899898,0.11540479296556785,0.0,0.19455038865561838,0.1163684019525473,0.2687300108463974
2020-09-03,风险平价策略,1.0,0.3,0.15,0.15,0.18812847565579408,0.0,0.0,0.1988305526470417,0.15638058566866658,0.0,0.0,0.15666038602849755,0.3323909717309734
2020-09-04,风险平价策略,1.0,0.3,0.15,0.15,0.18680928429295696,0.0,0.15799677000069656,0.19888232524193608,0.15631162046441027,0.0,0.0,0.0,0.31248291501072795
2020-09-07,风险平价策略,1.0,0.3,0.15,0.15,0.17816387350270313,0.0,0.16061359794890165,0.20152528334965025,0.15969724519874492,0.0,0.0,0.0,0.3052546261942581
2020-09-08,风险平价策略,1.0,0.3,0.15,0.15,0.12507525946611808,0.0,0.11275921471804831,0.14145410392031216,0.11213507620810866,0.0,0.20857634568741273,0.0,0.2539272783429979
2020-09-09,风险平价策略,1.0,0.3,0.15,0.15,0.25480592487241566,0.0,0.0,0.0,0.0,0.0,0.44519407512758424,0.0,0.35468115463900163
2020-09-10,风险平价策略,1.0,0.3,0.15,0.15,0.2539961388673374,0.0,0.0,0.0,0.0,0.0,0.44600386113266255,0.0,0.3539766408145835
2020-09-11,风险平价策略,1.0,0.3,0.15,0.15,0.0,0.0,0.0,0.0,0.0,0.0,0.7,0.0,0.133
2020-09-14,风险平价策略,1.0,0.3,0.15,0.15,0.0,0.0,0.16950086045511312,0.20991090263951576,0.0,0.0,0.3205882369053711,0.0,0.14438235289283888
2020-09-15,风险平价策略,1.0,0.3,0.15,0.15,0.0,0.0,0.24215712585642674,0.0,0.0,0.0,0.4578428741435733,0.0,0.14026471377569283
2020-09-16,风险平价策略,1.0,0.3,0.15,0.15,0.0,0.0,0.17455853957295123,0.22498140588747806,0.0,0.0,0.3004600545395707,0.0,0.14498619836381288
2020-09-17,风险平价策略,1.0,0.3,0.15,0.15,0.0,0.0,0.0,0.2978224542032153,0.0,0.0,0.40217754579678466,0.0,0.14193467362609646
2020-09-18,风险平价策略,1.0,0.3,0.15,0.15,0.15547181506812674,0.0,0.13377394745275645,0.1747565806452528,0.0,0.0,0.23599765683386395,0.0,0.27751639495221053
2020-09-21,风险平价策略,1.0,0.3,0.15,0.15,0.0,0.0,0.17283680859800102,0.22857242433983377,0.0,0.0,0.2985907670621652,0.0,0.14504227698813504
2020-09-22,风险平价策略,1.0,0.3,0.15,0.15,0.0,0.0,0.18848794765402832,0.23297439199012346,0.0,0.0,0.27853766035584826,0.0,0.14564387018932456
2020-09-23,风险平价策略,1.0,0.3,0.15,0.15,0.0,0.0,0.19141010340098782,0.22240911258101106,0.0,0.0,0.286180784018001,0.0,0.14541457647945996
2020-09-24,风险平价策略,1.0,0.3,0.15,0.15,0.0,0.0,0.2609804215092692,0.0,0.0,0.0,0.43901957849073076,0.0,0.14082941264527807
2020-09-25,风险平价策略,1.0,0.3,0.15,0.15,0.0,0.0,0.2636733331983,0.0,0.0,0.0,0.4363266668016999,0.0,0.140910199995949
2020-09-28,风险平价策略,1.0,0.3,0.15,0.15,0.0,0.0,0.26382681593234036,0.0,0.0,0.0,0.4361731840676596,0.0,0.14091480447797022
2020-09-29,风险平价策略,1.0,0.3,0.15,0.15,0.0,0.0,0.19094209451580116,0.19828976797748737,0.0,0.0,0.31076813750671145,0.0,0.14467695587479867
2020-09-30,风险平价策略,1.0,0.3,0.15,0.15,0.0,0.0,0.0,0.0,0.0,0.0,0.7,0.0,0.133
2020-10-09,风险平价策略,1.0,0.3,0.15,0.15,0.0,0.0,0.0,0.26822263098511007,0.0,0.0,0.4317773690148899,0.0,0.1410466789295533
2020-10-12,风险平价策略,1.0,0.3,0.15,0.15,0.0,0.0,0.0,0.2682328384951592,0.0,0.0,0.4317671615048407,0.0,0.14104698515485475
2020-10-13,风险平价策略,1.0,0.3,0.15,0.15,0.0,0.0,0.0,0.28418544698381704,0.0,0.0,0.4158145530161829,0.0,0.1415255634095145
2020-10-14,风险平价策略,1.0,0.3,0.15,0.15,0.0,0.0,0.1991259146868009,0.2040556566126222,0.0,0.0,0.2968184287005768,0.0,0.14509544713898267
2020-10-15,风险平价策略,1.0,0.3,0.15,0.15,0.0,0.0,0.0,0.28552532605624914,0.0,0.0,0.41447467394375087,0.0,0.14156575978168748
2020-10-16,风险平价策略,1.0,0.3,0.15,0.15,0.0,0.0,0.1974705313145932,0.20497493917429713,0.0,0.0,0.2975545295111096,0.0,0.1450733641146667
2020-10-19,风险平价策略,1.0,0.3,0.15,0.15,0.0,0.46810004754949464,0.0,0.09571547868843151,0.0,0.0,0.13618447376207377,0.0,0.086720959367956
2020-10-20,风险平价策略,1.0,0.3,0.15,0.15,0.0,0.0,0.0,0.28829825633844336,0.0,0.0,0.4117017436615566,0.0,0.1416489476901533
2020-10-21,风险平价策略,1.0,0.3,0.15,0.15,0.0,0.0,0.0,0.287978367137825,0.0,0.0,0.412021632862175,0.0,0.14163935101413475
2020-10-22,风险平价策略,1.0,0.3,0.15,0.15,0.0,0.4157259813970094,0.08090680858377437,0.08478393973244583,0.0,0.0,0.1185832702867704,0.0,0.09431949440280063
2020-10-23,风险平价策略,1.0,0.3,0.15,0.15,0.0,0.4162934628813734,0.08114191357351959,0.089907468017016,0.0,0.0,0.11265715552809101,0.0,0.09442066784517186
2020-10-26,风险平价策略,1.0,0.3,0.15,0.15,0.0,0.41645977091423075,0.08025847946462172,0.09029931532040836,0.0,0.0,0.11298243430073918,0.0,0.09438845789755668
2020-10-27,风险平价策略,1.0,0.3,0.15,0.15,0.0,0.47086608640314687,0.0,0.10177779784729464,0.0,0.0,0.1273561157495584,0.0,0.08661239486308842
2020-10-28,风险平价策略,1.0,0.3,0.15,0.15,0.0,0.47126697515616256,0.0,0.09921086792210207,0.0,0.0,0.12952215692173533,0.0,0.086493293646266
2020-10-29,风险平价策略,1.0,0.3,0.15,0.15,0.22142085651435706,0.0,0.0,0.2277379334821333,0.0,0.0,0.2508412100035095,0.0,0.33246828317195465
2020-10-30,风险平价策略,1.0,0.3,0.15,0.15,0.0,0.0,0.0,0.3311747715534924,0.0,0.0,0.36882522844650756,0.0,0.14293524314660477
2020-11-02,风险平价策略,1.0,0.3,0.15,0.15,0.07836072694144655,0.42996255235402986,0.0,0.09126998646381165,0.0,0.0,0.10040673424071189,0.0,0.1587658640357997
2020-11-03,风险平价策略,1.0,0.3,0.15,0.15,0.0784060770451627,0.4301765364659963,0.0,0.09097159430942907,0.0,0.0,0.1004457921794119,0.0,0.1587738985296448
2020-11-04,风险平价策略,1.0,0.3,0.15,0.15,0.07843274394901849,0.4301849865859354,0.0,0.0909246066503293,0.0,0.0,0.10045766281471678,0.0,0.15879480184363276
2020-11-05,风险平价策略,1.0,0.3,0.15,0.15,0.08033737204308768,0.42408413585407295,0.0,0.09290844436291212,0.0,0.0,0.10267004773992716,0.0,0.16115193274369596
2020-11-06,风险平价策略,1.0,0.3,0.15,0.15,0.07525294717318302,0.37361935190373224,0.07038111564415077,0.0866156249239199,0.0,0.0,0.09413096035501399,0.0,0.16394993430781946
2020-11-09,风险平价策略,1.0,0.3,0.15,0.15,0.08655321961134582,0.41385823849891934,0.0,0.09946278217781811,0.0,0.0,0.10012575971191659,0.0,0.16783006948481888
2020-11-10,风险平价策略,1.0,0.3,0.15,0.15,0.2111333793225263,0.0,0.0,0.24380708123562297,0.0,0.0,0.24505953944185063,0.0,0.32400025244766656
2020-11-11,风险平价策略,1.0,0.3,0.15,0.15,0.1653136246997239,0.0,0.1519025897195101,0.19091601922022985,0.0,0.0,0.19186776636053618,0.0,0.28710741175695204
2020-11-12,风险平价策略,1.0,0.3,0.15,0.15,0.16769535306325678,0.0,0.15202016022263895,0.19333772005528815,0.0,0.0,0.18694676665881604,0.0,0.2892556935733712
2020-11-13,风险平价策略,1.0,0.3,0.15,0.15,0.12724997256619847,0.0,0.13296582956978983,0.1684380337920041,0.0,0.0,0.15230923421721065,0.1190369298547969,0.270605131511666
2020-11-16,风险平价策略,1.0,0.3,0.15,0.15,0.1554395241945794,0.0,0.1626054883361187,0.19877725663874957,0.0,0.0,0.18317773083055233,0.0,0.27907386839853016
2020-11-17,风险平价策略,1.0,0.3,0.15,0.15,0.15759633698408845,0.0,0.15494836917425817,0.20178334463523115,0.0,0.0,0.18567194920642224,0.0,0.28081076459044163
2020-11-18,风险平价策略,1.0,0.3,0.15,0.15,0.157518367004278,0.0,0.15492315240168858,0.20158486236844228,0.0,0.0,0.18597361822559122,0.0,0.2807362197368258
2020-11-19,风险平价策略,1.0,0.3,0.15,0.15,0.1336564824614438,0.0,0.1325915766076789,0.17450993132617956,0.09690440104028526,0.0,0.1623376085644124,0.0,0.26237036102108324
2020-11-20,风险平价策略,1.0,0.3,0.15,0.15,0.13365955622413214,0.0,0.13259411417799372,0.17450828349283348,0.09690423480916104,0.0,0.16233381129587957,0.0,0.2623730552374862
2020-11-23,风险平价策略,1.0,0.3,0.15,0.15,0.15582943490370418,0.0,0.15463642391370594,0.2004412823624831,0.0,0.0,0.1890928588201068,0.0,0.2792239395545083
2020-11-24,风险平价策略,1.0,0.3,0.15,0.15,0.12297453428370562,0.0,0.12951280206950105,0.16698347026269042,0.09343719632512258,0.04078671187034126,0.14630528518863897,0.0,0.26036969610515937
2020-11-25,风险平价策略,1.0,0.3,0.15,0.15,0.06796494756566958,0.348481757267627,0.07479624921063223,0.09848453289936274,0.0,0.024052368951427573,0.0862201441052809,0.0,0.1653072934331028
2020-11-26,风险平价策略,1.0,0.3,0.15,0.15,0.0687729281098276,0.3461048389660159,0.07572244561796344,0.09829083512524155,0.0,0.024226974582581884,0.08688197759836955,0.0,0.16631496295710504
2020-11-27,风险平价策略,1.0,0.3,0.15,0.15,0.1367344625170391,0.0,0.15050939692554732,0.19526597650687794,0.0,0.04817948610162449,0.1693106779489112,0.0,0.27148634595210547
2020-11-30,风险平价策略,1.0,0.3,0.15,0.15,0.07007256485130814,0.34421108944915696,0.07698193483641105,0.0993906037549448,0.0,0.022976511461009985,0.086367295647169,0.0,0.16747768036380917
2020-12-01,风险平价策略,1.0,0.3,0.15,0.15,0.14270521226825458,0.0,0.14736284804486835,0.21222353940181699,0.0,0.04933981351785512,0.14836858676720482,0.0,0.2773156908651745
2020-12-02,风险平价策略,1.0,0.3,0.15,0.15,0.18171428485573662,0.0,0.18783131243346216,0.2688414301119927,0.0,0.061612972598808435,0.0,0.0,0.3164980748946281
2020-12-03,风险平价策略,1.0,0.3,0.15,0.15,0.19922768242718733,0.0,0.22540129060876568,0.19773930342764767,0.0,0.0776317235363993,0.0,0.0,0.33377232900466125
2020-12-04,风险平价策略,1.0,0.3,0.15,0.15,0.1307807096973464,0.0,0.14803423773931393,0.12985342189105278,0.10864975057781726,0.05098427457467252,0.1316976055197971,0.0,0.26914884941790285
2020-12-07,风险平价策略,1.0,0.3,0.15,0.15,0.1250884853176911,0.0,0.14792521156265173,0.12260421580454245,0.11548654818372521,0.05298256324764978,0.1359129758837397,0.0,0.26462901399180955
2020-12-08,风险平价策略,1.0,0.3,0.15,0.15,0.15716868525902206,0.0,0.18600597598765248,0.1549890579997579,0.13910968626173195,0.06272659449183561,0.0,0.0,0.29744904759888957
2020-12-09,风险平价策略,1.0,0.3,0.15,0.15,0.15300971158472887,0.0,0.1914727032843736,0.15427178033243674,0.1366274695691054,0.06461833522935542,0.0,0.0,0.2942333660635602
2020-12-10,风险平价策略,1.0,0.3,0.15,0.15,0.12195580388914204,0.0,0.15424076678689902,0.12415579972618657,0.1091380442948615,0.051612077966839795,0.1388975073360711,0.0,0.26162526296444016
2020-12-11,风险平价策略,1.0,0.3,0.15,0.15,0.1270860920723061,0.0,0.16087452288520002,0.1174902381391201,0.11255702495970393,0.05333184459968767,0.1286602773439821,0.0,0.2665511744059647
2020-12-14,风险平价策略,1.0,0.3,0.15,0.15,0.12581644847179702,0.0,0.16124141103395906,0.11779481459665668,0.11278882855355792,0.053441241041714556,0.1289172563023147,0.0,0.26549678587944997
2020-12-15,风险平价策略,1.0,0.3,0.15,0.15,0.1263530950766776,0.0,0.16162707869554202,0.11735825678960544,0.11154711278135082,0.05303608469065979,0.13007837196616434,0.0,0.26583549338374335
2020-12-16,风险平价策略,1.0,0.3,0.15,0.15,0.12615847953950746,0.0,0.16168816596322508,0.1174026342183865,0.11157951772433727,0.05305403686359603,0.13011716569094764,0.0,0.26567404891787655
2020-12-17,风险平价策略,1.0,0.3,0.15,0.15,0.15496339343804852,0.0,0.19860659997016186,0.14421288423716883,0.13705533163419045,0.06516179072043028,0.0,0.0,0.2959656903195715
2020-12-18,风险平价策略,1.0,0.3,0.15,0.15,0.1265111857134239,0.0,0.16214365582760565,0.11769056727042228,0.10966540090870285,0.05327805070009894,0.1307111395797464,0.0,0.26596920393298656
2020-12-21,风险平价策略,1.0,0.3,0.15,0.15,0.0,0.0,0.20657280820445825,0.1263311533348889,0.13547194292728568,0.06406328770057773,0.16756080783278945,0.0,0.16057802122638162
2020-12-22,风险平价策略,1.0,0.3,0.15,0.15,0.0,0.0,0.16753824319439822,0.11634600358320027,0.14826400011396862,0.06114217695419334,0.2067095761542395,0.0,0.15906410102918345
2020-12-23,风险平价策略,1.0,0.3,0.15,0.15,0.0,0.41096038140966357,0.06917833554396342,0.048095547684924106,0.0612378450736653,0.02509787053060446,0.08543001975717907,0.0,0.10058548565261341
2020-12-24,风险平价策略,1.0,0.3,0.15,0.15,0.0,0.0,0.16826117572526741,0.1169594290095846,0.14883115155660656,0.060996279349783876,0.20495196435875757,0.0,0.15909915728076876
2020-12-25,风险平价策略,1.0,0.3,0.15,0.15,0.0,0.4077364529170306,0.07027998842366191,0.048806777604448806,0.06216114768523385,0.025476514409442236,0.08553911896018254,0.0,0.10108725906975849
2020-12-28,风险平价策略,1.0,0.3,0.15,0.15,0.0,0.41176202832580305,0.071538517060737,0.04577062158756778,0.059148436541602074,0.025422093627884012,0.08635830285640611,0.0,0.10048039643620188
2020-12-29,风险平价策略,1.0,0.3,0.15,0.15,0.0,0.4204703553062576,0.06816696359322828,0.044209669445109644,0.06019858031621827,0.025612293396971533,0.08134213794221466,0.0,0.09949619064206641
2020-12-30,风险平价策略,1.0,0.3,0.15,0.15,0.0,0.42047247268710014,0.06816625385937344,0.0442087356105018,0.06019791141736826,0.025613014150377974,0.08134161227527839,0.0,0.0994960291972173
2020-12-31,风险平价策略,1.0,0.3,0.15,0.15,0.0,0.375361985741306,0.06072678720881095,0.041809862976015535,0.05729192975621357,0.02382236957235702,0.07777013409918698,0.06321693064610993,0.11296355800862054
2021-01-04,风险平价策略,1.0,0.3,0.15,0.15,0.0,0.39517335762648054,0.0654545909216163,0.0,0.06171859265315124,0.025656926248233153,0.0839178381950773,0.06807869435544142,0.11102579902347459
2021-01-05,风险平价策略,1.0,0.3,0.15,0.15,0.0,0.39642557918012084,0.06562603951742972,0.0,0.06049782230871397,0.02479113444607357,0.08419806758388067,0.0684613569637812,0.11074352735327991
2021-01-06,风险平价策略,1.0,0.3,0.15,0.15,0.0,0.39642247569608235,0.06562649328854683,0.0,0.06049842791925998,0.024791473275264795,0.08419906774098332,0.06846206207986276,0.1107440612016179
2021-01-07,风险平价策略,1.0,0.3,0.15,0.15,0.0,0.3985356323399064,0.06600508150139506,0.0,0.060787539268663884,0.024917206394060417,0.08290419606347499,0.06685034443249924,0.1103272334998446
2021-01-08,风险平价策略,1.0,0.3,0.15,0.15,0.0,0.3924965861893165,0.06844416446393299,0.0,0.06034621153238186,0.025905667762274157,0.08616731473825885,0.06664005531383566,0.11117311701724247
2021-01-11,风险平价策略,1.0,0.3,0.15,0.15,0.0,0.41745168323706466,0.0522877120505049,0.0,0.048748971355185695,0.02552525916553439,0.10256614650087016,0.05342022769084006,0.10554899687090832
2021-01-12,风险平价策略,1.0,0.3,0.15,0.15,0.0,0.4174496913527983,0.052288517740740816,0.0,0.048749560796589105,0.02552555312792591,0.1025663958583818,0.05342028112356391,0.10554931763488246
2021-01-13,风险平价策略,1.0,0.3,0.15,0.15,0.0,0.4174033637178962,0.052309652363858275,0.0,0.04875973152763245,0.025532303240408775,0.10256819939970513,0.05342674975049912,0.10555747571989448
2021-01-14,风险平价策略,1.0,0.3,0.15,0.15,0.0,0.42580319562712665,0.05308739295968881,0.0,0.04810407485297193,0.024672336011116562,0.09583694754966372,0.05249605299943233,0.10436960103408825
2021-01-15,风险平价策略,1.0,0.3,0.15,0.15,0.0,0.4155087591286535,0.05548492379438771,0.0,0.05046507812221388,0.02545264073005,0.09805099274806812,0.05503760547662671,0.10614637369041507
2021-01-18,风险平价策略,1.0,0.3,0.15,0.15,0.0,0.4551264015781488,0.06262484541483154,0.0,0.05330283432307396,0.027504563468057228,0.10144135521588842,0.0,0.09444845362859315
2021-01-19,风险平价策略,1.0,0.3,0.15,0.15,0.0,0.4198082105418925,0.05679718253018429,0.0,0.0491243951515462,0.02539039374778498,0.09233502505488464,0.05654479297370735,0.10589492293320392
2021-01-20,风险平价策略,1.0,0.3,0.15,0.15,0.0,0.47775129821245016,0.06326765929986428,0.0,0.0546241826544043,0.028482364289584897,0.07587449554369641,0.0,0.09233075998788598
2021-01-21,风险平价策略,1.0,0.3,0.15,0.15,0.0,0.43847611678549786,0.05807942388258868,0.0,0.049904229306127756,0.026054706996368086,0.06962699541802565,0.05785852761139195,0.10432773309726423
2021-01-22,风险平价策略,1.0,0.3,0.15,0.15,0.0,0.45975727067073924,0.05568916022330679,0.0,0.04497578613333047,0.024851008350565307,0.056572930594951505,0.05815384402710669,0.10163996102227822
2021-01-25,风险平价策略,1.0,0.3,0.15,0.15,0.0,0.4618506447775199,0.05618986038327325,0.0,0.04539312068101276,0.025059817858457217,0.05401648094451062,0.05749007535522616,0.1013919796334899
2021-01-26,风险平价策略,1.0,0.3,0.15,0.15,0.0,0.4335046788816073,0.060131689609108155,0.0,0.0495612770052334,0.02784130744681036,0.06237578828051155,0.06658525877672916,0.10654604771731715
2021-01-27,风险平价策略,1.0,0.3,0.15,0.15,0.0,0.4790480911462052,0.0664690537625041,0.0,0.05478110961374856,0.03077087901446573,0.06893086646307629,0.0,0.092731733439822
2021-01-28,风险平价策略,1.0,0.3,0.15,0.15,0.0,0.5158788694400746,0.0,0.0,0.06574063562734743,0.038125765291489006,0.080254729641089,0.0,0.08870623953926898
2021-01-29,风险平价策略,1.0,0.3,0.15,0.15,0.0,0.5158811713716701,0.0,0.0,0.06574126265403155,0.03812523705640194,0.08025232891789644,0.0,0.08870592255285228
2021-02-01,风险平价策略,1.0,0.3,0.15,0.15,0.0,0.5158800732758851,0.0,0.0,0.06574019130723185,0.038125385011798636,0.08025435040508433,0.0,0.08870602311056308
2021-02-02,风险平价策略,1.0,0.3,0.15,0.15,0.0,0.5194697248118172,0.0,0.0,0.06809870423096126,0.03950832457570453,0.072923246381517,0.0,0.08868620873338151
2021-02-03,风险平价策略,1.0,0.3,0.15,0.15,0.0,0.0,0.0,0.0,0.2574615751912585,0.15709938405506427,0.2854390407536772,0.0,0.17314734597811254
2021-02-04,风险平价策略,1.0,0.3,0.15,0.15,0.0,0.0,0.0,0.0,0.2576986966778864,0.15698571138808257,0.28531559193403105,0.0,0.17313523303085115
2021-02-05,风险平价策略,1.0,0.3,0.15,0.15,0.0,0.0,0.19662013931585207,0.0,0.18465784829552925,0.11320577960246729,0.20551623278615128,0.0,0.1677940162357655
2021-02-08,风险平价策略,1.0,0.3,0.15,0.15,0.0,0.0,0.1980392768849161,0.0,0.1859574090033268,0.11401462407454796,0.20198869003720915,0.0,0.16804225324084468
2021-02-09,风险平价策略,1.0,0.3,0.15,0.15,0.0,0.0,0.15557183591374119,0.15011996002531547,0.1460758275832377,0.08956333865898558,0.15866903781872008,0.0,0.1650308213267085
2021-02-10,风险平价策略,1.0,0.3,0.15,0.15,0.0,0.0,0.15997114665666745,0.15393524845631043,0.14551339516008815,0.08747729535866092,0.15310291436827297,0.0,0.16485841377793845
2021-02-18,风险平价策略,1.0,0.3,0.15,0.15,0.1494609677812951,0.0,0.12626545366181877,0.12066396438765212,0.1149299997639135,0.06870335298494745,0.11997626142037307,0.0,0.2880897615689074
2021-02-19,风险平价策略,1.0,0.3,0.15,0.15,0.18176501601906445,0.0,0.15340323874800163,0.14576710855438754,0.13972498458295676,0.0793396520955895,0.0,0.0,0.320774207637138
2021-02-22,风险平价策略,1.0,0.3,0.15,0.15,0.1511240846250739,0.0,0.12757123028969414,0.12119773622912962,0.11617942227079545,0.06596672697005136,0.11796079961525552,0.0,0.2891218776345206
2021-02-23,风险平价策略,1.0,0.3,0.15,0.15,0.14810628041317672,0.0,0.12844648224310967,0.12139191113712038,0.11690611917142579,0.06637843497909657,0.11877077205607091,0.0,0.28663576317375605
2021-02-24,风险平价策略,1.0,0.3,0.15,0.15,0.14813935201708203,0.0,0.12886652052264588,0.12096767828306011,0.1175181398625775,0.06527453442924043,0.11923377488539402,0.0,0.28647914935509133
2021-02-25,风险平价策略,1.0,0.3,0.15,0.15,0.1484163005515478,0.0,0.129093743839374,0.12111218144706973,0.11774789805798616,0.06538088472995914,0.11824899137406317,0.0,0.2867606432594516
2021-02-26,风险平价策略,1.0,0.3,0.15,0.15,0.1663524010279405,0.0,0.12427113766197276,0.18923977114445398,0.13888313892493073,0.08125355124070201,0.0,0.0,0.30812541645123165
2021-03-01,风险平价策略,1.0,0.3,0.15,0.15,0.17395795923421953,0.0,0.126081863088217,0.17321493036068297,0.14186576969090461,0.0848794776259758,0.0,0.0,0.31512405987380954
2021-03-02,风险平价策略,1.0,0.3,0.15,0.15,0.19193831583341844,0.0,0.1354124960493525,0.18364651357507372,0.11486738739312917,0.07413528714902615,0.0,0.0,0.32823850511784697
2021-03-03,风险平价策略,1.0,0.3,0.15,0.15,0.19198786697412024,0.0,0.13544250531030105,0.1836880114268086,0.1147266122144864,0.07415500407428362,0.0,0.0,0.3282818750322912
2021-03-04,风险平价策略,1.0,0.3,0.15,0.15,0.20734732822831922,0.0,0.12929324214072868,0.16058618079331777,0.12321974919504915,0.07955349964258514,0.0,0.0,0.34213251314655224
2021-03-05,风险平价策略,1.0,0.3,0.15,0.15,0.19910502273665176,0.0,0.12936411657086958,0.16413816337973972,0.1260272116846265,0.08136548562811245,0.0,0.0,0.33552696891613176
2021-03-08,风险平价策略,1.0,0.3,0.15,0.15,0.19829873304408166,0.0,0.12943701055256057,0.1644543404274309,0.12627730208828808,0.08153261388763887,0.0,0.0,0.3348789269999337
2021-03-09,风险平价策略,1.0,0.3,0.15,0.15,0.20403794052566437,0.0,0.1465904928639425,0.16079731690781507,0.10973299187273859,0.0788412578298395,0.0,0.0,0.3391038012130598
2021-03-10,风险平价策略,1.0,0.3,0.15,0.15,0.20351716558254845,0.0,0.14572518409338928,0.16945728038193517,0.1034132458514098,0.07788712409071731,0.0,0.0,0.3384504914023696
2021-03-11,风险平价策略,1.0,0.3,0.15,0.15,0.20360265307020836,0.0,0.14585687164261807,0.16922408615958057,0.10343441373189312,0.07788197539569984,0.0,0.0,0.3385216887796059
2021-03-12,风险平价策略,1.0,0.3,0.15,0.15,0.2065099610277174,0.0,0.14512177828821496,0.1646131323066064,0.104807919937052,0.07894720844040921,0.0,0.0,0.3411479998131186
2021-03-15,风险平价策略,1.0,0.3,0.15,0.15,0.20654065988682885,0.0,0.1451594914449719,0.16459758421082687,0.10476133844526551,0.07894092601210688,0.0,0.0,0.341172315851326
2021-03-16,风险平价策略,1.0,0.3,0.15,0.15,0.21150478894253708,0.0,0.14256677598360074,0.16727318234619037,0.1017555437249512,0.07689970900272061,0.0,0.0,0.344985531589416
2021-03-17,风险平价策略,1.0,0.3,0.15,0.15,0.2105780993032745,0.0,0.14285633087972724,0.16756260431479233,0.10194533908602049,0.07705762641618531,0.0,0.0,0.34423427703220044
2021-03-18,风险平价策略,1.0,0.3,0.15,0.15,0.21342463057726077,0.0,0.14493101720192697,0.1627758252557962,0.10354964292135704,0.07531888404365897,0.0,0.0,0.34636320756109806
2021-03-19,风险平价策略,1.0,0.3,0.15,0.15,0.21460662930489596,0.0,0.1498012152376016,0.18104654292430616,0.08958247619000302,0.06496313634319317,0.0,0.0,0.34555949519292356
2021-03-22,风险平价策略,1.0,0.3,0.15,0.15,0.21458363516560178,0.0,0.14984483386894193,0.18106426550500573,0.0895638584019771,0.06494340705847326,0.0,0.0,0.34553683725248097
2021-03-23,风险平价策略,1.0,0.3,0.15,0.15,0.20865579403713794,0.0,0.15829939396431922,0.17060330630216963,0.0941371548164304,0.06830435087994267,0.0,0.0,0.341140934680151
2021-03-24,风险平价策略,1.0,0.3,0.15,0.15,0.0663101597948165,0.47365632699762755,0.051053960270850136,0.056379260004301726,0.030951569587549032,0.021648723344854987,0.0,0.0,0.14953024151401842
2021-03-25,风险平价策略,1.0,0.3,0.15,0.15,0.0663051735772325,0.47459305109758965,0.05006481298335655,0.0564389861563854,0.030882615742437478,0.021715360442998387,0.0,0.0,0.14940956773500483
2021-03-26,风险平价策略,1.0,0.3,0.15,0.15,0.0669106877350825,0.47251953789192624,0.05054015391819013,0.0569616677934464,0.031159146323234715,0.02190880633811995,0.0,0.0,0.1502318405593908
2021-03-29,风险平价策略,1.0,0.3,0.15,0.15,0.06704135839099833,0.47233333147964723,0.05063616459758265,0.05698635653266101,0.031049278334451293,0.02195351066465945,0.0,0.0,0.15037279578837623
2021-03-30,风险平价策略,1.0,0.3,0.15,0.15,0.06758105142716353,0.47036209300356435,0.05052612258242256,0.057478244092843744,0.031662834169420444,0.022389654724585237,0.0,0.0,0.151168173740964
2021-03-31,风险平价策略,1.0,0.3,0.15,0.15,0.06752050091307109,0.4725963740027231,0.05012196806996357,0.05571298627467729,0.03157285968312729,0.02247531105643758,0.0,0.0,0.15082848864247336
2021-04-01,风险平价策略,1.0,0.3,0.15,0.15,0.0706488032358186,0.4865488520454068,0.05157170485973562,0.058249456924358664,0.03298118293468024,0.0,0.0,0.0,0.1479907115213045
2021-04-02,风险平价策略,1.0,0.3,0.15,0.15,0.06746441047608558,0.471618171323529,0.05001886288478396,0.05648332312086044,0.03198460225258805,0.022430629942153005,0.0,0.0,0.15091039848450583
2021-04-06,风险平价策略,1.0,0.3,0.15,0.15,0.07683982928175742,0.5223831729312234,0.0,0.06416413628675743,0.03661286150026162,0.0,0.0,0.0,0.14838985686596368
2021-04-07,风险平价策略,1.0,0.3,0.15,0.15,0.0782955403270507,0.5194395765956882,0.0,0.06496531929598867,0.03729956378127238,0.0,0.0,0.0,0.1500169066721174
2021-04-08,风险平价策略,1.0,0.3,0.15,0.15,0.08408413211654546,0.5458802738856766,0.0,0.07003559399777783,0.0,0.0,0.0,0.0,0.15093683400333183
2021-04-09,风险平价策略,1.0,0.3,0.15,0.15,0.0841204915832581,0.545974175795384,0.0,0.06990533262135784,0.0,0.0,0.0,0.0,0.15095469919755997
2021-04-12,风险平价策略,1.0,0.3,0.15,0.15,0.07686198929726812,0.49726275894612715,0.0,0.061802147802478336,0.0,0.0,0.0,0.06407310395412634,0.1591223710264732
2021-04-13,风险平价策略,1.0,0.3,0.15,0.15,0.0833926168632378,0.5484368053729128,0.0,0.06817057776384935,0.0,0.0,0.0,0.0,0.15001082943977653
2021-04-14,风险平价策略,1.0,0.3,0.15,0.15,0.06930049445383256,0.4554039893949258,0.0,0.05664887177403857,0.0,0.020865518603364323,0.040335929211820366,0.05744519656201829,0.15975470546053022
2021-04-15,风险平价策略,1.0,0.3,0.15,0.15,0.06602528527339857,0.43108227485382256,0.04543874492260355,0.053974667182721967,0.028851401636539247,0.019880310227922433,0.0,0.05474731590299156,0.1613041740855807
2021-04-16,风险平价策略,1.0,0.3,0.15,0.15,0.06279795524306722,0.40960136269559794,0.043225287247004446,0.049476249367552766,0.027408282118036486,0.018886123806843586,0.036540052945273876,0.05206468657662368,0.1599015218713827
2021-04-19,风险平价策略,1.0,0.3,0.15,0.15,0.06702921636776683,0.43875170340729636,0.04630756820881974,0.052991328283693157,0.0,0.0,0.039145150585688855,0.055775033146734966,0.15659171124897664
2021-04-20,风险平价策略,1.0,0.3,0.15,0.15,0.06650176783798706,0.4413778222451116,0.046223560407425465,0.05207097654459485,0.0,0.0,0.039396124504670074,0.05442974846021086,0.15562516506090426
2021-04-21,风险平价策略,1.0,0.3,0.15,0.15,0.0642543028053839,0.42502387732056,0.042904222618465895,0.04945275601138618,0.027806621247618186,0.0,0.03803668072188183,0.05252153927470394,0.15603494142203106
2021-04-22,风险平价策略,1.0,0.3,0.15,0.15,0.06512929115836864,0.42193325181289054,0.04351261647450275,0.05006502479115825,0.027578064523080814,0.0,0.038564122686028025,0.05321762855397097,0.15725258796941594
2021-04-23,风险平价策略,1.0,0.3,0.15,0.15,0.06408578172112456,0.422758284473622,0.043629303548391084,0.05019044233245406,0.02764691411949118,0.0,0.038666870214740544,0.053022403590176494,0.15623883970737953
2021-04-26,风险平价策略,1.0,0.3,0.15,0.15,0.0663616958846439,0.409467547660344,0.04628568003061648,0.05311503371488768,0.028964128010470283,0.0,0.041054729709552096,0.05475118498948549,0.16009384719651082
2021-04-27,风险平价策略,1.0,0.3,0.15,0.15,0.0,0.4503631104301484,0.051536996434223145,0.05913126872217407,0.03224793310008421,0.0,0.04572496526882452,0.06099572604454559,0.09947119759021154
2021-04-28,风险平价策略,1.0,0.3,0.15,0.15,0.06756792260643477,0.41379429317237176,0.043652290755615455,0.052421391591782183,0.029658403394396606,0.0,0.038632570680273294,0.05427312779912583,0.16054520766056588
2021-04-29,风险平价策略,1.0,0.3,0.15,0.15,0.0676003865057922,0.4138270974882647,0.04368032581764917,0.05244662575018752,0.029673124246032717,0.0,0.03847124979068573,0.05430119040138794,0.16057640310085602
2021-04-30,风险平价策略,1.0,0.3,0.15,0.15,0.06319837947021324,0.4060945869935842,0.041777876382459916,0.05154031658410249,0.028234217116970182,0.01972470815671222,0.03740526698204156,0.05202464831391624,0.16082296477529762
2021-05-06,风险平价策略,1.0,0.3,0.15,0.15,0.06319438067038932,0.4061175316684695,0.041775019985602964,0.05153591143343334,0.028231432051744974,0.019723628966169506,0.03740314934936016,0.05201894587483022,0.16081568696748705
2021-05-07,风险平价策略,1.0,0.3,0.15,0.15,0.06392930861542147,0.40276415223647855,0.04226033664650688,0.05211878645143998,0.028566778053881848,0.019852604024398195,0.03784642540216962,0.052661608569703464,0.1619735433757713
2021-05-10,风险平价策略,1.0,0.3,0.15,0.15,0.06393494365868983,0.4028780018350478,0.04226797710118062,0.05212536266791387,0.02854783616140017,0.01985482879623084,0.037724739202609506,0.05266631057692737,0.16196728848773195
2021-05-11,风险平价策略,1.0,0.3,0.15,0.15,0.06155047235937257,0.4194889631781026,0.03641300489862515,0.04309748872326204,0.026111426822691797,0.019092736196344485,0.03873004606105726,0.055515861760544113,0.15788734084190473
2021-05-12,风险平价策略,1.0,0.3,0.15,0.15,0.06154296120118096,0.41952438823152666,0.03640738592305452,0.04309170890092175,0.02610845485478839,0.01909066150414684,0.03872530632655687,0.05550913305782396,0.15787522216408945
2021-05-13,风险平价策略,1.0,0.3,0.15,0.15,0.06265948640659878,0.4350664949621124,0.03414534382638906,0.03916302194827522,0.02150567588342089,0.019478351352015616,0.03314394143007388,0.054837684191114205,0.156817788596846
2021-05-14,风险平价策略,1.0,0.3,0.15,0.15,0.06330876021734931,0.44348143518320243,0.031379612063124576,0.03557599747956247,0.020869683513920597,0.01839840010767965,0.03040614213014258,0.056579969305018366,0.15633921773790696
2021-05-17,风险平价策略,1.0,0.3,0.15,0.15,0.06363383548850368,0.44217504645927813,0.03153483762822062,0.035747396280331585,0.020971616414042254,0.01849222177376811,0.03055406035330312,0.0568909856025525,0.15683755864799107
2021-05-18,风险平价策略,1.0,0.3,0.15,0.15,0.0637597381925544,0.44166209744811225,0.031595850491694,0.035816450765115006,0.021011315143116695,0.01852739281484217,0.03061278876140556,0.05701436638315987,0.15703163323119346
2021-05-19,风险平价策略,1.0,0.3,0.15,0.15,0.06527858260159905,0.4508695754668136,0.027524816899979494,0.03167195688715371,0.01972599574444436,0.016786136273563953,0.0290786065770853,0.059064329549360584,0.15706501980714876
2021-05-20,风险平价策略,1.0,0.3,0.15,0.15,0.059433524959627865,0.4563925467755581,0.02715510648687952,0.0312932902559425,0.020156074415181666,0.016190797946016005,0.02948063906542794,0.05989802009536634,0.15140659880638255
2021-05-21,风险平价策略,1.0,0.3,0.15,0.15,0.06263340617974014,0.474161740312102,0.026004600269356377,0.029315321601220346,0.0,0.01586984052570052,0.02927837568740449,0.06273671542447606,0.151789455313275
2021-05-24,风险平价策略,1.0,0.3,0.15,0.15,0.0687902600463551,0.488018103959876,0.027994691058931195,0.028708689133330804,0.0,0.017472400899238304,0.0,0.06901585490226857,0.1569788611365054
2021-05-25,风险平价策略,1.0,0.3,0.15,0.15,0.06399051945999906,0.4527718232214555,0.026032956674683656,0.02669351599563054,0.020475574335669884,0.01624733899155815,0.03001129947591805,0.06377697184508521,0.15618506783064143
2021-05-26,风险平价策略,1.0,0.3,0.15,0.15,0.06692957888696692,0.4733688946214249,0.02701249032221045,0.027595954878473244,0.021387292809821074,0.017007003809040497,0.0,0.0666987846720628,0.15725489318935207
2021-05-27,风险平价策略,1.0,0.3,0.15,0.15,0.06969905877009716,0.43788773607436454,0.028136459367721172,0.02872031576366089,0.021245655367619704,0.017234453272961244,0.030749573308921887,0.06632674807465339,0.16343905664388314
2021-05-28,风险平价策略,1.0,0.3,0.15,0.15,0.07088920044582828,0.4354518920397878,0.028582640161812726,0.029172694342119585,0.02158585029987959,0.017511585394312728,0.031273015836469346,0.06553312147978994,0.16470441921769394
2021-05-31,风险平价策略,1.0,0.3,0.15,0.15,0.07089229338787252,0.43548306056419905,0.028583964293504252,0.029173830181876827,0.021588671148931416,0.017503988406155593,0.03124046938458923,0.06553372263287104,0.16470267076052708
2021-06-01,风险平价策略,1.0,0.3,0.15,0.15,0.0708903872631862,0.4354804154285524,0.028584781139911457,0.02917533714603915,0.02158909614735641,0.01750456269027328,0.03124044871527873,0.06553497146940222,0.164701673325009
2021-06-02,风险平价策略,1.0,0.3,0.15,0.15,0.07956299584495896,0.42168076051817877,0.03080031832359297,0.03002037716059524,0.02317275162662574,0.019430619772794706,0.035196416452645145,0.060135760300608514,0.17340703926221848
2021-06-03,风险平价策略,1.0,0.3,0.15,0.15,0.07881439515250369,0.4242779191580069,0.030314969337595993,0.029543129469263633,0.02330921368050248,0.019544946856789636,0.03541103153430316,0.05878439481103454,0.1722786529069586
2021-06-04,风险平价策略,1.0,0.3,0.15,0.15,0.09712320500992179,0.41977331505607784,0.03109640085200573,0.0361085688993185,0.027592779285237085,0.024394496516032742,0.0,0.0639112343814064,0.1907624900369502
2021-06-07,风险平价策略,1.0,0.3,0.15,0.15,0.09216713971245837,0.40327143286939815,0.032796932090155356,0.03801371717011234,0.0,0.02540628585124772,0.04061932692817591,0.06772516537845208,0.18795219969486487
2021-06-08,风险平价策略,1.0,0.3,0.15,0.15,0.09398271955129393,0.4111915674323656,0.033466140096699966,0.03841555087650355,0.02796763165808761,0.02591676018779215,0.0,0.06905963019725705,0.190148136390016
2021-06-09,风险平价策略,1.0,0.3,0.15,0.15,0.09434639034441479,0.4101055179989294,0.03359511679092683,0.03855732711201711,0.028074483647641483,0.02601202982154242,0.0,0.06930913428452794,0.1906464886815195
2021-06-10,风险平价策略,1.0,0.3,0.15,0.15,0.09462820799339211,0.4111217894048667,0.033528897039765894,0.038673462484181194,0.027703425194641806,0.0256106560615599,0.0,0.06873356182159238,0.19060901978517947
2021-06-11,风险平价策略,1.0,0.3,0.15,0.15,0.1050533524764043,0.44546611668505204,0.0,0.043400591302456895,0.0,0.028737313084442623,0.0,0.07734262645164405,0.19598597559540568
2021-06-15,风险平价策略,1.0,0.3,0.15,0.15,0.09013130259508303,0.47415789877054026,0.0,0.04153563768043367,0.0,0.030530095041485145,0.0,0.06364506591245785,0.17822120096197938
2021-06-16,风险平价策略,1.0,0.3,0.15,0.15,0.09102853179233479,0.4798646661797647,0.0,0.0,0.03377530270378909,0.03100467759398692,0.0,0.06432682173012445,0.17869995682098372
2021-06-17,风险平价策略,1.0,0.3,0.15,0.15,0.09353590237880123,0.4794760773250594,0.0,0.0,0.03480833655263182,0.03128403358254867,0.0,0.060895650160958784,0.18050189431735916
2021-06-18,风险平价策略,1.0,0.3,0.15,0.15,0.10285190793764801,0.5662888773329893,0.0,0.0,0.0,0.03085921472936276,0.0,0.0,0.16888407858436882
2021-06-21,风险平价策略,1.0,0.3,0.15,0.15,0.10236127699450658,0.5667287691910703,0.0,0.0,0.0,0.0309099538144231,0.0,0.0,0.16842068144489872
2021-06-22,风险平价策略,1.0,0.3,0.15,0.15,0.09773321841044814,0.5410860046183931,0.0,0.0,0.03166927313198671,0.02951150383917192,0.0,0.0,0.16808782618688073
2021-06-23,风险平价策略,1.0,0.3,0.15,0.15,0.09772802550582156,0.5410976850865452,0.0,0.0,0.03166515266581721,0.029509136741815937,0.0,0.0,0.16808146734355522
2021-06-24,风险平价策略,1.0,0.3,0.15,0.15,0.09780842536264467,0.5409959147772538,0.0,0.0,0.03168857155430086,0.029507088305800504,0.0,0.0,0.16816264865416333
2021-06-25,风险平价策略,1.0,0.3,0.15,0.15,0.09798321815177792,0.5407148919815087,0.0,0.0,0.03174410050640262,0.02955778936031073,0.0,0.0,0.16835608013270353
2021-06-28,风险平价策略,1.0,0.3,0.15,0.15,0.09267798597798381,0.5429657884681038,0.0,0.0,0.03354939760860619,0.0308068279453061,0.0,0.0,0.16381371322564742
2021-06-29,风险平价策略,1.0,0.3,0.15,0.15,0.09163548563713268,0.5472405558927756,0.0,0.0,0.031184577629957307,0.029939380840134356,0.0,0.0,0.1621984796003878
2021-06-30,风险平价策略,1.0,0.3,0.15,0.15,0.09161716810199891,0.5472826384740992,0.0,0.0,0.031172938887576603,0.02992725453632531,0.0,0.0,0.16217535512636352
2021-07-01,风险平价策略,1.0,0.3,0.15,0.15,0.0884867970622422,0.5159442124419322,0.0,0.0,0.029978690919482444,0.028898825284359646,0.03669147429198352,0.0,0.16249929557855547
2021-07-02,风险平价策略,1.0,0.3,0.15,0.15,0.32856782548592905,0.0,0.0,0.0,0.11646098274431156,0.1123442823284463,0.14262690944131295,0.0,0.4448578611249355
2021-07-05,风险平价策略,1.0,0.3,0.15,0.15,0.26705282964467236,0.0,0.0,0.12936819982717934,0.09567121345837168,0.09228786516316431,0.11561989190661227,0.0,0.3905785507050164
2021-07-06,风险平价策略,1.0,0.3,0.15,0.15,0.2682761851286404,0.0,0.0,0.1281757635181846,0.0960798628012514,0.0926385736195314,0.11482961493239213,0.0,0.3916900774672237
2021-07-07,风险平价策略,1.0,0.3,0.15,0.15,0.0,0.5684660956720603,0.0,0.04268427953433901,0.02639176822962716,0.025912665214674363,0.03654519134929914,0.0,0.08057066546043705
2021-07-08,风险平价策略,1.0,0.3,0.15,0.15,0.0,0.5732927942749771,0.0,0.04102866202185846,0.02427678276485825,0.024114522843030443,0.03728723809527551,0.0,0.07958794711255325
2021-07-09,风险平价策略,1.0,0.3,0.15,0.15,0.0,0.5728228361156584,0.0,0.04118927436793908,0.02437138402770951,0.024208145785507364,0.03740835970318559,0.0,0.07966368349924882
2021-07-12,风险平价策略,1.0,0.3,0.15,0.15,0.0,0.5728127465845343,0.0,0.04119398045160154,0.024372900093188002,0.024210294893044153,0.03741007797763201,0.0,0.07966535305557786
2021-07-13,风险平价策略,1.0,0.3,0.15,0.15,0.0,0.5728129193808618,0.0,0.04119287766732851,0.024372226160996227,0.02421046286809791,0.03741151392271556,0.0,0.07966530678640782
2021-07-14,风险平价策略,1.0,0.3,0.15,0.15,0.0,0.5728096726296737,0.0,0.04119425507055471,0.02437316208348251,0.02421053082920758,0.03741237938708139,0.0,0.07966573936688963
2021-07-15,风险平价策略,1.0,0.3,0.15,0.15,0.0,0.5467314410300252,0.0,0.05087374031585088,0.028519641202707426,0.025767373735213248,0.04810780371620327,0.0,0.0831559975591217
2021-07-16,风险平价策略,1.0,0.3,0.15,0.15,0.0,0.567632760616079,0.0,0.05280921579006746,0.02961656696110152,0.0,0.049941456632751964,0.0,0.0761674992874578
2021-07-19,风险平价策略,1.0,0.3,0.15,0.15,0.0,0.567641593537307,0.0,0.05165535286689516,0.02998682354736147,0.0,0.05071623004843638,0.0,0.07614676620648408
2021-07-20,风险平价策略,1.0,0.3,0.15,0.15,0.0,0.5724948523038804,0.0,0.049352399094704735,0.027140547479529133,0.0,0.05101220112188581,0.0,0.07545423438011488
2021-07-21,风险平价策略,1.0,0.3,0.15,0.15,0.0,0.5742817761675331,0.0,0.048154025203767666,0.027267455535462618,0.0,0.05029674309323651,0.0,0.07523573247994055
2021-07-22,风险平价策略,1.0,0.3,0.15,0.15,0.0,0.5730017992352628,0.0,0.04965194311571918,0.028057273774635315,0.0,0.04928898387438257,0.0,0.07544666032475439
2021-07-23,风险平价策略,1.0,0.3,0.15,0.15,0.0,0.6163261377890092,0.0,0.05346414066088097,0.030209721550109793,0.0,0.0,0.0,0.07109806861398485
2021-07-26,风险平价策略,1.0,0.3,0.15,0.15,0.0,0.616327509035792,0.0,0.053818312448193274,0.029854178516014622,0.0,0.0,0.0,0.07109432806532821
2021-07-27,风险平价策略,1.0,0.3,0.15,0.15,0.0,0.5108896810071828,0.05214717384650116,0.05588343293899155,0.03116961656114994,0.0,0.04991009564617446,0.0,0.08384428636025658
2021-07-28,风险平价策略,1.0,0.3,0.15,0.15,0.0,0.5112108552590783,0.05221222738868131,0.05542185008027416,0.031200092131237422,0.0,0.0499549751407288,0.0,0.08379988620711494
2021-07-29,风险平价策略,1.0,0.3,0.15,0.15,0.0,0.4535813795196415,0.04627535710015438,0.04917208328735064,0.027681223498063682,0.0,0.044325791708700185,0.07896416488608951,0.10118925203489876
2021-07-30,风险平价策略,1.0,0.3,0.15,0.15,0.0,0.43830796729275634,0.04471724651736933,0.047516015000083296,0.0267474589311472,0.02357813690556885,0.042829905882682394,0.0763032694703926,0.10673989606964703
2021-08-02,风险平价策略,1.0,0.3,0.15,0.15,0.0,0.45961588595771463,0.04606773602327783,0.0484508038295954,0.027847095413501995,0.0,0.044245229013223066,0.073773249762687,0.09975575945096929
2021-08-03,风险平价策略,1.0,0.3,0.15,0.15,0.0,0.4493179645924306,0.045427875928715306,0.049004395873059506,0.02755673656373584,0.0,0.04762916430555295,0.08106386273650563,0.10191643074487329
2021-08-04,风险平价策略,1.0,0.3,0.15,0.15,0.0,0.4491658878631892,0.04531729944626563,0.04925265517869894,0.02768712178236277,0.0,0.047086549446377336,0.08149048628310605,0.10200573822687449
2021-08-05,风险平价策略,1.0,0.3,0.15,0.15,0.0,0.4541929800170317,0.04321436949344332,0.05016616101854526,0.025470979539506246,0.0,0.045797598402249555,0.08115791152922391,0.10130367892453518
2021-08-06,风险平价策略,1.0,0.3,0.15,0.15,0.0,0.45358504633545643,0.043515359529439024,0.05052305143474866,0.02563561562364305,0.0,0.046125975592099876,0.08061495148461292,0.10131238981134037
2021-08-09,风险平价策略,1.0,0.3,0.15,0.15,0.0,0.4547340564470482,0.060147297205732746,0.07884110122446823,0.03431467770420805,0.0,0.0719628674185428,0.0,0.0907951631341343
2021-08-10,风险平价策略,1.0,0.3,0.15,0.15,0.0,0.4547295645126989,0.06015185366447299,0.07883995624789938,0.03431332852811843,0.0,0.07196529704681016,0.0,0.09079568316466251
2021-08-11,风险平价策略,1.0,0.3,0.15,0.15,0.0,0.45328667599876254,0.06056132295401576,0.07935746731964849,0.034498111069159454,0.0,0.07229642265841384,0.0,0.09098238717110625
2021-08-12,风险平价策略,1.0,0.3,0.15,0.15,0.0,0.505248663193164,0.06773619845888797,0.08846662551562978,0.03854851283231821,0.0,0.0,0.0,0.08617691559724604
2021-08-13,风险平价策略,1.0,0.3,0.15,0.15,0.09948298047321188,0.432251630659344,0.058109558542347575,0.07678646711482612,0.033369363210270335,0.0,0.0,0.0,0.17954542709058924
2021-08-16,风险平价策略,1.0,0.3,0.15,0.15,0.09579373897407563,0.4098929792005097,0.0554051772741903,0.07405228773012207,0.0,0.0,0.0648558168211022,0.0,0.17718551404152164
2021-08-17,风险平价策略,1.0,0.3,0.15,0.15,0.0,0.5229810716609731,0.0,0.09437062553897098,0.0,0.0,0.08264830280005603,0.0,0.08091810624176697
2021-08-18,风险平价策略,1.0,0.3,0.15,0.15,0.09558741422327571,0.43385138439305504,0.0,0.07215528167782718,0.03194111763772846,0.0,0.06646480206811352,0.0,0.17404895816882304
2021-08-19,风险平价策略,1.0,0.3,0.15,0.15,0.08674723164181987,0.4545402228836938,0.0,0.06790258033891675,0.030271364665957992,0.0,0.06053860046961157,0.0,0.16399130012240126
2021-08-20,风险平价策略,1.0,0.3,0.15,0.15,0.0917601370450967,0.47297391357605734,0.0,0.07179069172142091,0.0,0.0,0.06347525765742497,0.0,0.16532277905539072
2021-08-23,风险平价策略,1.0,0.3,0.15,0.15,0.1032408148369101,0.5160487664360012,0.0,0.08071041872708865,0.0,0.0,0.0,0.0,0.1710557009941443
2021-08-24,风险平价策略,1.0,0.3,0.15,0.15,0.10325462535620766,0.5160296953095325,0.0,0.08071567933425988,0.0,0.0,0.0,0.0,0.17106987643242755
2021-08-25,风险平价策略,1.0,0.3,0.15,0.15,0.09565624618322296,0.4783766702308384,0.051184342279879634,0.07478274130605897,0.0,0.0,0.0,0.0,0.1697703963127441
2021-08-26,风险平价策略,1.0,0.3,0.15,0.15,0.11471931653329785,0.5005203284214552,0.0,0.08476035504524693,0.0,0.0,0.0,0.0,0.18279398155107374
2021-08-27,风险平价策略,1.0,0.3,0.15,0.15,0.103859543430841,0.4531085912486976,0.0,0.07673106460494557,0.03551247308743197,0.0307883276280839,0.0,0.0,0.18535361381470003
2021-08-30,风险平价策略,1.0,0.3,0.15,0.15,0.08915146966582915,0.38897636124638185,0.04624665801560616,0.06587184968421662,0.0,0.026438241462619937,0.0,0.08331541992534632,0.1906033947760957
2021-08-31,风险平价策略,1.0,0.3,0.15,0.15,0.09754443362576935,0.4189699409417273,0.05063103339320375,0.07110636969695847,0.03278117631427384,0.028967046028067208,0.0,0.0,0.18433892134614654
2021-09-01,风险平价策略,1.0,0.3,0.15,0.15,0.0869934248950551,0.3935231055836145,0.044474607626816154,0.06181804286405477,0.0,0.027401098356411985,0.0,0.08578972067404746,0.18862779987596995
2021-09-02,风险平价策略,1.0,0.3,0.15,0.15,0.08783990164909986,0.3905268237063434,0.04495428003339949,0.06245621733351106,0.0,0.02761253976359115,0.0,0.08661023751405504,0.18987563104874872
2021-09-03,风险平价策略,1.0,0.3,0.15,0.15,0.09408701955039622,0.4171417771198826,0.0,0.06560473019004713,0.0,0.02986164570596597,0.0,0.09330482743370806,0.1926933991161482
2021-09-06,风险平价策略,1.0,0.3,0.15,0.15,0.08677537930639302,0.38121206028696264,0.0,0.060517424134738484,0.0,0.02705878386667048,0.05831156539847204,0.08612478700676325,0.18834272337615487
2021-09-07,风险平价策略,1.0,0.3,0.15,0.15,0.08907512423984412,0.3739681522640611,0.0,0.062166314702128286,0.0,0.02780833883458247,0.059829187083562455,0.08715288287582154,0.19145020835194573
2021-09-08,风险平价策略,1.0,0.3,0.15,0.15,0.11224592154657956,0.47443902200054483,0.0,0.07868126197986779,0.0,0.03463379447300788,0.0,0.0,0.18977871324473455
2021-09-09,风险平价策略,1.0,0.3,0.15,0.15,0.11297839290315978,0.4729720522367235,0.0,0.07918926859893129,0.0,0.034860286261185314,0.0,0.0,0.19062826878848618
2021-09-10,风险平价策略,1.0,0.3,0.15,0.15,0.3436364869372526,0.0,0.0,0.24825793160087778,0.0,0.10810558146186955,0.0,0.0,0.4599515420611913
2021-09-13,风险平价策略,1.0,0.3,0.15,0.15,0.27433401232030713,0.0,0.14108036430185286,0.19814647022394657,0.0,0.08643915315389333,0.0,0.0,0.3982708348536809
2021-09-14,风险平价策略,1.0,0.3,0.15,0.15,0.3536278819647596,0.0,0.0,0.1991246111903229,0.0,0.1472475068449174,0.0,0.0,0.4746070219455848
2021-09-15,风险平价策略,1.0,0.3,0.15,0.15,0.350547365356817,0.0,0.0,0.20092685803594101,0.0,0.14852577660724195,0.0,0.0,0.472223911156885
2021-09-16,风险平价策略,1.0,0.3,0.15,0.15,0.2010319868361656,0.0,0.11775227406353717,0.11717237324838294,0.0,0.08663410929564203,0.17740925655627218,0.0,0.3314060487329937
2021-09-17,风险平价策略,1.0,0.3,0.15,0.15,0.22012381031498715,0.0,0.0,0.14807361912290895,0.0,0.10870156826977424,0.22310100229232957,0.0,0.3496032215189832
2021-09-22,风险平价策略,1.0,0.3,0.15,0.15,0.07546676556549925,0.44554197034431015,0.0,0.05080324463989343,0.0,0.03727175322115582,0.0,0.09091626622914126,0.17411734954141936
2021-09-23,风险平价策略,1.0,0.3,0.15,0.15,0.07556126063740025,0.4470243773076137,0.0,0.05087901664918578,0.0,0.03735070696618385,0.0,0.08918463843961634,0.17380143772623174
2021-09-24,风险平价策略,1.0,0.3,0.15,0.15,0.060890562318733826,0.4527826660544549,0.0,0.051541235629112524,0.0,0.041815126443704186,0.0,0.0929704095539945,0.161869281807857
2021-09-27,风险平价策略,1.0,0.3,0.15,0.15,0.052211258001320586,0.40619759147957524,0.0,0.04538692827974819,0.0,0.0385253589115753,0.07163185836721656,0.08604700496056411,0.1573615241414699
2021-09-28,风险平价策略,1.0,0.3,0.15,0.15,0.06868557991899467,0.5216274658616172,0.0,0.05908898461383474,0.0,0.05059796960555334,0.0,0.0,0.14937185437752573
2021-09-29,风险平价策略,1.0,0.3,0.15,0.15,0.058623638615638934,0.5361823121121825,0.0,0.0616225135467457,0.0,0.04357153572543281,0.0,0.0,0.1378306900180613
2021-09-30,风险平价策略,1.0,0.3,0.15,0.15,0.0598131287886653,0.5350619852656747,0.0,0.060770551400768716,0.0,0.04435433454489119,0.0,0.0,0.13910635369879534
2021-10-08,风险平价策略,1.0,0.3,0.15,0.15,0.14600905456878818,0.0,0.16540672794832298,0.15652147273844902,0.11801639876948877,0.11404634597495106,0.0,0.0,0.29607518518146914
2021-10-11,风险平价策略,1.0,0.3,0.15,0.15,0.14634872444502495,0.0,0.16523012689287403,0.15637852402291055,0.11805772975897653,0.1139848948802139,0.0,0.0,0.29635108901224494
2021-10-12,风险平价策略,1.0,0.3,0.15,0.15,0.14633185502685475,0.0,0.1639379782679236,0.1600463808224183,0.11249975507258482,0.11718403081021846,0.0,0.0,0.2967932007029188
2021-10-13,风险平价策略,1.0,0.3,0.15,0.15,0.13995637475791642,0.0,0.168168949687644,0.16364730545226902,0.11205941975742405,0.11616795034474643,0.0,0.0,0.29127082104938345
2021-10-14,风险平价策略,1.0,0.3,0.15,0.15,0.1393983768327788,0.0,0.16835617098753752,0.1638652738233309,0.1120688943885321,0.11631128396782063,0.0,0.0,0.29082513091827084
2021-10-15,风险平价策略,1.0,0.3,0.15,0.15,0.13940197772188392,0.0,0.16835389513431576,0.16385717548265116,0.11207443434017357,0.11631251732097556,0.0,0.0,0.2908284084011403
2021-10-18,风险平价策略,1.0,0.3,0.15,0.15,0.13988571854765666,0.0,0.1682910100381423,0.1634662969294363,0.11216716350060982,0.11618981098415493,0.0,0.0,0.2912160449725025
2021-10-19,风险平价策略,1.0,0.3,0.15,0.15,0.1446715122188773,0.0,0.17001198963919475,0.15863679526802332,0.11478923669747365,0.11189046617643092,0.0,0.0,0.2945744372190606
2021-10-20,风险平价策略,1.0,0.3,0.15,0.15,0.15784591857646244,0.0,0.1594630753975127,0.12081569790614861,0.1279983510325365,0.13387695708733974,0.0,0.0,0.3092908682485282
2021-10-21,风险平价策略,1.0,0.3,0.15,0.15,0.15816567767942846,0.0,0.15886194245412652,0.12110938639124275,0.1276529203756441,0.13421007309955804,0.0,0.0,0.3096093101504056
2021-10-22,风险平价策略,1.0,0.3,0.15,0.15,0.16599936338322618,0.0,0.16579866540364596,0.10474167266425347,0.13332403475176402,0.13013626379711024,0.0,0.0,0.31559450779696524
2021-10-25,风险平价策略,1.0,0.3,0.15,0.15,0.16610563398993802,0.0,0.16545132608997237,0.10480918225794648,0.13341980689373945,0.13021405076840362,0.0,0.0,0.3156971787434299
2021-10-26,风险平价策略,1.0,0.3,0.15,0.15,0.16534288514637158,0.0,0.1665395523403534,0.10299863122740238,0.1345239453701968,0.13059498591567587,0.0,0.0,0.31512846072316225
2021-10-27,风险平价策略,1.0,0.3,0.15,0.15,0.0,0.0,0.2668527497591184,0.0,0.19611692503727374,0.23703032520360778,0.0,0.0,0.19388602128295
2021-10-28,风险平价策略,1.0,0.3,0.15,0.15,0.0,0.0,0.2757301798521256,0.0,0.19642732087092976,0.22784249927694453,0.0,0.0,0.19241907309302042
2021-10-29,风险平价策略,1.0,0.3,0.15,0.15,0.0,0.0,0.27269003970190764,0.0,0.19536776453935664,0.23194219575873573,0.0,0.0,0.1930644289667913
2021-11-01,风险平价策略,1.0,0.3,0.15,0.15,0.0,0.0,0.27167586615756845,0.0,0.1994743799384737,0.2288497539039577,0.0,0.0,0.19261070442401795
2021-11-02,风险平价策略,0.0,0.0,0.0,0.0,0.0,0.0,0.3838718524724433,0.0,0.28700592295402694,0.32912222457352963,0.0,0.0,0.215529615161305
2021-11-03,风险平价策略,0.0,0.0,0.0,0.0,0.0,0.7705877065485703,0.0919859257762761,0.0,0.06371871008864735,0.07370765758650628,0.0,0.0,0.06840107193067049
2021-11-04,风险平价策略,0.0,0.0,0.0,0.0,0.0,0.7838227656308739,0.08663214369427502,0.0,0.06186255454738492,0.0676825361274661,0.0,0.0,0.06563175796570044
2021-11-05,风险平价策略,0.0,0.0,0.0,0.0,0.0,0.7876077472925199,0.08420714358563154,0.0,0.060751935783795195,0.06743317333805338,0.0,0.0,0.06506978120743631
2021-11-08,风险平价策略,0.0,0.0,0.0,0.0,0.0,0.6721309316214854,0.07191047410505728,0.0,0.05188629290079378,0.057591918545704994,0.0,0.14648038282695852,0.09657354006665522
2021-11-09,风险平价策略,0.0,0.0,0.0,0.0,0.0,0.6727542976287865,0.07208314610900446,0.0,0.051521000918270554,0.056914078925780376,0.0,0.14672747641815806,0.09640692962760035
2021-11-10,风险平价策略,0.0,0.0,0.0,0.0,0.0,0.6708649238990368,0.07225262454614687,0.0,0.051847024651534124,0.057276944665589496,0.0,0.14775848223769272,0.09684703453516283
2021-11-11,风险平价策略,0.0,0.0,0.0,0.0,0.0,0.0,0.22764928087080236,0.0,0.14630674704935828,0.15871458851391804,0.0,0.46732938356592124,0.24293692766063102
2021-11-12,风险平价策略,0.0,0.0,0.0,0.0,0.0,0.0,0.26719206109598226,0.0,0.0,0.18444210826999832,0.0,0.5483658306340194,0.2553146369992821
2021-11-15,风险平价策略,0.0,0.0,0.0,0.0,0.0,0.693096245923065,0.08316035825425584,0.0,0.0,0.05622070566185717,0.0,0.16752269016082205,0.09553004252558203
2021-11-16,风险平价策略,0.0,0.0,0.0,0.0,0.0,0.6922087624220981,0.08253833303666133,0.0,0.0,0.05662708662083715,0.0,0.16862581792040346,0.09584724908279912
2021-11-17,风险平价策略,0.0,0.0,0.0,0.0,0.0,0.6934182908965422,0.0831642884875559,0.0,0.0,0.05634962851084688,0.0,0.16706779210505512,0.09545260634330895
2021-11-18,风险平价策略,0.0,0.0,0.0,0.0,0.0,0.7395538867230524,0.0811814422477244,0.0,0.0,0.0,0.0,0.1792646710292232,0.08167198581589472
2021-11-19,风险平价策略,0.0,0.0,0.0,0.0,0.0,0.7278079258177433,0.08509029437566497,0.0,0.0,0.0,0.0,0.18710177980659168,0.08419814359139566
2021-11-22,风险平价策略,0.0,0.0,0.0,0.0,0.0,0.7434854864350431,0.08505761482862817,0.0,0.0,0.0,0.0,0.17145689873632872,0.08020428717962863
2021-11-23,风险平价策略,0.0,0.0,0.0,0.0,0.0,0.7574835571329676,0.08754789956781679,0.0,0.0,0.0,0.0,0.15496854329921567,0.07633594498295526
2021-11-24,风险平价策略,0.0,0.0,0.0,0.0,0.0,0.6842668913875659,0.07904371375187502,0.0,0.0,0.0,0.09798166516953777,0.13870772969102124,0.08132944727051501
2021-11-25,风险平价策略,0.0,0.0,0.0,0.0,0.0,0.8955719704702056,0.10442802952979448,0.0,0.0,0.0,0.0,0.0,0.039097783986522264
2021-11-26,风险平价策略,0.0,0.0,0.0,0.0,0.0,1.0,0.0,0.0,0.0,0.0,0.0,0.0,0.025
2021-11-29,风险平价策略,0.0,0.0,0.0,0.0,0.0,0.738060914844503,0.0,0.0,0.0,0.0,0.10826173356050443,0.1536773515949926,0.07555520668057608
2021-11-30,风险平价策略,0.0,0.0,0.0,0.0,0.0,0.8280341489341897,0.0,0.0,0.0,0.0,0.0,0.1719658510658103,0.06885129202178164
2021-12-01,风险平价策略,0.0,0.0,0.0,0.0,0.0,0.8270769706611916,0.0,0.0,0.0,0.0,0.0,0.17292302933880846,0.06909537248139616
2021-12-02,风险平价策略,0.0,0.0,0.0,0.0,0.0,1.0,0.0,0.0,0.0,0.0,0.0,0.0,0.025
2021-12-03,风险平价策略,0.0,0.0,0.0,0.0,0.0,1.0,0.0,0.0,0.0,0.0,0.0,0.0,0.025
2021-12-06,风险平价策略,0.0,0.0,0.0,0.0,0.0,1.0,0.0,0.0,0.0,0.0,0.0,0.0,0.025
2021-12-07,风险平价策略,0.0,0.0,0.0,0.0,0.0,1.0,0.0,0.0,0.0,0.0,0.0,0.0,0.025
2021-12-08,风险平价策略,0.0,0.0,0.0,0.0,0.1195617244024813,0.8804382755975186,0.0,0.0,0.0,0.0,0.0,0.0,0.1415726812924193
2021-12-09,风险平价策略,0.0,0.0,0.0,0.0,0.10484320287408436,0.7723156330194424,0.0,0.0,0.0,0.0,0.12284116410647317,0.0,0.14012044503341192
2021-12-10,风险平价策略,0.0,0.0,0.0,0.0,0.10385547436355812,0.7731381416814423,0.0,0.0,0.0,0.0,0.12300638395499953,0.0,0.13917475781974412
2021-12-13,风险平价策略,0.0,0.0,0.0,0.0,0.09495697828373882,0.706181569760831,0.08521518556853466,0.0,0.0,0.0,0.11364626638689543,0.0,0.14101996184902155
2021-12-14,风险平价策略,0.0,0.0,0.0,0.0,0.09863576793285872,0.7879413770795848,0.0,0.0,0.0,0.0,0.11342285498755664,0.0,0.1330792735082307
2021-12-15,风险平价策略,-1.0,0.0,0.0,0.0,0.09859585611812231,0.7881729855314108,0.0,0.0,0.0,0.0,0.11323115835046696,0.0,0.13302023134196828
2021-12-16,风险平价策略,-1.0,0.0,0.0,0.0,0.08491726875152873,0.6677827729321967,0.0,0.0,0.0,0.0,0.09759754569091447,0.1497024126253601,0.15621619454975336
2021-12-17,风险平价策略,-1.0,0.0,0.0,0.0,0.07580271920035951,0.596107590279695,0.06557673190024925,0.041757556455452274,0.0,0.0,0.08712685045324095,0.13362855171100302,0.1566213801322663
2021-12-20,风险平价策略,-1.0,0.0,0.0,0.0,0.09388067659168775,0.7466108500777358,0.0,0.05209169239711038,0.0,0.0,0.10741678093346621,0.0,0.1348448001485194
2021-12-21,风险平价策略,-1.0,0.0,0.0,0.0,0.09380519491682687,0.7471367314733856,0.0,0.05206619858653081,0.0,0.0,0.1069918750232568,0.0,0.13472314873052982
2021-12-22,风险平价策略,-1.0,0.0,0.0,0.0,0.08663929827823784,0.6924612022997553,0.07347175499686966,0.04826172922209126,0.0,0.0,0.0991660152030458,0.0,0.13631976778716143
2021-12-23,风险平价策略,-1.0,0.0,0.0,0.0,0.08665344018006538,0.6924411893246306,0.07347811765775453,0.0482657846716098,0.0,0.0,0.09916146816593979,0.0,0.1363344851474516
2021-12-24,风险平价策略,-1.0,0.0,0.0,0.0,0.09335945260314402,0.7445555178265175,0.0,0.05268412351332702,0.0,0.0,0.10940090605701148,0.0,0.13462491809835078
2021-12-27,风险平价策略,-1.0,0.0,0.0,0.0,0.0946252754794445,0.7502796472776436,0.0,0.05002146804050103,0.0,0.0,0.10507360920241089,0.0,0.13504527074417919
2021-12-28,风险平价策略,-1.0,0.0,0.0,0.0,0.08707309511031326,0.6952306707078135,0.07393141295544699,0.04636944720716303,0.0,0.0,0.09739537401926325,0.0,0.13636339812653042
2021-12-29,风险平价策略,-1.0,0.0,0.0,0.0,0.0863898236897798,0.6990334396562158,0.07347968818229504,0.04661657465602638,0.0,0.0,0.09448047381568303,0.0,0.1353635233313554
2021-12-30,风险平价策略,-1.0,0.0,0.0,0.0,0.08027550887017335,0.6499546608977528,0.06806296194194736,0.04333093777369776,0.0384855725771231,0.03207472696118045,0.08781563097812517,0.0,0.14256989133996534
2021-12-31,风险平价策略,-1.0,0.0,0.0,0.0,0.08227839459194645,0.6464726371859142,0.06965860531499049,0.04400924470488077,0.03937993512871384,0.03282332147487562,0.08537786159867856,0.0,0.14492424037644347
2022-01-04,风险平价策略,-1.0,0.0,0.0,0.0,0.08855525221482134,0.6957906562277852,0.0,0.04653604576257992,0.04250236998755447,0.03476964367672494,0.09184603213053405,0.0,0.14368745899393442
2022-01-05,风险平价策略,-1.0,0.0,0.0,0.0,0.07799307827928142,0.6024742715755698,0.0,0.04098447084802742,0.03743662549972217,0.03062393484118071,0.08098120588918256,0.129506413067036,0.16256568831284948
2022-01-06,风险平价策略,-1.0,0.0,0.0,0.0,0.10281763464091397,0.707300248020061,0.0,0.05400985914737419,0.04831444019180186,0.0,0.08755781799984894,0.0,0.14873768947758204
2022-01-07,风险平价策略,-1.0,0.0,0.0,0.0,0.09882562999297881,0.6802315605507645,0.0,0.05191992448245611,0.046451278962863045,0.03836731256149993,0.08420429344943757,0.0,0.1552594225157345
2022-01-10,风险平价策略,-1.0,0.0,0.0,0.0,0.09900748248552835,0.6809096920022475,0.0,0.05200346139181523,0.04576296463068012,0.03800240924679642,0.08431399024293235,0.0,0.15525207228604665
2022-01-11,风险平价策略,-1.0,0.0,0.0,0.0,0.08631122488395142,0.5935662752228916,0.0,0.04533531807297362,0.03990166740688038,0.033070201065779556,0.07347886938270098,0.12833644396482233,0.17125623778632
2022-01-12,风险平价策略,-1.0,0.0,0.0,0.0,0.08047563969608676,0.5557232248099362,0.062153119562366715,0.04272319331652566,0.03759257567780785,0.031154453801158364,0.06924223780727291,0.12093555532884553,0.17037253986557818
2022-01-13,风险平价策略,-1.0,0.0,0.0,0.0,0.08055306671229347,0.5557858765363458,0.06222368613277742,0.04244434114446751,0.03761525149903667,0.03117459018884659,0.06919642595314782,0.12100676183308474,0.1704424882925014
2022-01-14,风险平价策略,-1.0,0.0,0.0,0.0,0.06602532839064154,0.5711126135714749,0.06446628713387283,0.042097263158846925,0.03874844175138434,0.032015521434552205,0.06311016884601907,0.12242437571320826,0.15666866088323642
2022-01-17,风险平价策略,-1.0,0.0,0.0,0.0,0.06683784705752839,0.5779451489349429,0.059773918807849456,0.0426677787766799,0.03817172649919496,0.032598966693034276,0.062458548658320505,0.11954606457244962,0.15619051964692834
2022-01-18,风险平价策略,-1.0,0.0,0.0,0.0,0.06689082095606264,0.5785158028977854,0.059738120967834485,0.04269802415225573,0.03819928769301927,0.0326232113651446,0.06219281644314316,0.11914191552475464,0.15612160827692118
2022-01-19,风险平价策略,-1.0,0.0,0.0,0.0,0.06689994188998996,0.5785813090274079,0.059720189483255776,0.04270131102479452,0.03820216371490456,0.032628541230733714,0.06220118877871371,0.11906535485019981,0.1561118696216205
2022-01-20,风险平价策略,-1.0,0.0,0.0,0.0,0.06628894074929297,0.5776120939074292,0.06005518120731122,0.04276539929227201,0.03820327377281487,0.03280984706557452,0.06259436230813081,0.11967090169717456,0.15581936315454029
2022-01-21,风险平价策略,-1.0,0.0,0.0,0.0,0.06410745394253077,0.5805997727920862,0.060789000915511926,0.042883373780660504,0.036421913350232746,0.03201536936116773,0.06317217511551482,0.12001094074229547,0.15346211785169342
2022-01-24,风险平价策略,-1.0,0.0,0.0,0.0,0.06485789258885209,0.5853635070275918,0.05855668447107778,0.04104842629166268,0.03681398196053779,0.0323550020157551,0.06236275447538973,0.11864175116913314,0.15336762397407136
2022-01-25,风险平价策略,-1.0,0.0,0.0,0.0,0.055588538746073626,0.5947118255547701,0.055032261416940065,0.04256343790590895,0.036121951360107506,0.031176147501850198,0.06361190608768752,0.12119393142666206,0.14439259379927383
2022-01-26,风险平价策略,-1.0,0.0,0.0,0.0,0.05786553674204779,0.5770356920042211,0.05729145538950029,0.04431461407152283,0.03762823884668904,0.03247972318472092,0.06657738621874304,0.12680735354255498,0.14949983137931686
2022-01-27,风险平价策略,-1.0,0.0,0.0,0.0,0.05767496937459659,0.581356156421893,0.05661576976520113,0.04838352564321352,0.04107629805845444,0.035455123970830525,0.07323674833795592,0.106201408427855,0.14659454253482695
2022-01-28,风险平价策略,-1.0,0.0,0.0,0.0,0.05682569319961667,0.5835397870822695,0.05696327825261726,0.04858707063927964,0.0410968017476152,0.034761548129881976,0.07355349198192698,0.10467232896679281,0.14528260146638622
2022-02-07,风险平价策略,-1.0,0.0,0.0,0.0,0.06549207517723744,0.6403800538339735,0.06567610668154916,0.05597923624396046,0.04736727480547609,0.040065080216047766,0.08504017304175572,0.0,0.13289491627266278
2022-02-08,风险平价策略,-1.0,0.0,0.0,0.0,0.058450926528044206,0.5713082354421182,0.05861547564586954,0.04995537295649751,0.04230822931925074,0.03543814204825789,0.07587602927252851,0.10804758878743354,0.14875478129610115
2022-02-09,风险平价策略,-1.0,0.0,0.0,0.0,0.059749572521018056,0.5670477143965583,0.059502944934738164,0.05100954950882238,0.04066699202991963,0.03419570546064178,0.07746791073258737,0.11035961041571442,0.1504352981960298
2022-02-10,风险平价策略,-1.0,0.0,0.0,0.0,0.059789367197328545,0.5667626945156516,0.05954491297517921,0.05104483802227759,0.04068662999587622,0.034217827760490004,0.07752076771650633,0.11043296181669056,0.15051815581428787
2022-02-11,风险平价策略,-1.0,0.0,0.0,0.0,0.08096726565687805,0.501486536805188,0.06200647572938526,0.052745440585580186,0.045934973213090764,0.04403098558774138,0.08006627247419318,0.1327620499479432,0.18134558592877412
2022-02-14,风险平价策略,-1.0,0.0,0.0,0.0,0.07641837961153634,0.4976972933815238,0.0632142186380526,0.05413318621817054,0.04708036647231732,0.04511345618680111,0.08023508347442652,0.13610801601717182,0.17861717033962402
2022-02-15,风险平价策略,-1.0,0.0,0.0,0.0,0.07504387971682121,0.5003831723729676,0.06288533705848226,0.05437158400305659,0.04689252162077868,0.04541288204801852,0.07811914440056127,0.13689147877931393,0.1773035201571708
2022-02-16,风险平价策略,-1.0,0.0,0.0,0.0,0.0776650283553981,0.5193909567074168,0.06608458718083604,0.05529664960531231,0.04066551087583843,0.04243339220073649,0.08075061198370544,0.11771326309075655,0.17401991573528902
2022-02-17,风险平价策略,-1.0,0.0,0.0,0.0,0.0769982249674583,0.5205770288620573,0.06556333879567555,0.05535294970231509,0.039700805963348754,0.04267743693268519,0.08101015070917485,0.11812006406728498,0.1733701112119493
2022-02-18,风险平价策略,-1.0,0.0,0.0,0.0,0.16052415814681795,0.0,0.13677305071522516,0.11545607379006886,0.0827782713277515,0.08895974582506475,0.16906903755096267,0.2464396626441092,0.3344023232793792
2022-02-21,风险平价策略,-1.0,0.0,0.0,0.0,0.1616578475295179,0.0,0.13472512088602598,0.11209942153365147,0.08320492655309586,0.08965594552267706,0.17223608628833642,0.24642065168669525,0.33537298808770766
2022-02-22,风险平价策略,-1.0,0.0,0.0,0.0,0.15999095623025206,0.0,0.1338659156807414,0.11253441663617689,0.08349549896094938,0.08996891608059664,0.17292283014284218,0.2472214662684414,0.33410127584384436
2022-02-23,风险平价策略,-1.0,0.0,0.0,0.0,0.15952811308671233,0.0,0.13760394953235128,0.11309400710245829,0.08340537890888709,0.08969903850761828,0.17715474911468423,0.23951476374728842,0.33261664411938024
2022-02-24,风险平价策略,-1.0,0.0,0.0,0.0,0.07646680724952981,0.4932109085011975,0.06938851946541842,0.05810235627768862,0.04280901227739783,0.04605807750217297,0.09113321035173068,0.1228311083748641,0.1774517646594968
2022-02-25,风险平价策略,-1.0,0.0,0.0,0.0,0.0,0.5773738168365813,0.07877689779626543,0.05845993013763686,0.04584485429575537,0.04925173062305791,0.0717190627455422,0.11857370756516104,0.10247053319516142
2022-02-28,风险平价策略,-1.0,0.0,0.0,0.0,0.0,0.5813944384691989,0.07943029642688354,0.05896285984840832,0.04500105751473814,0.04973678166395633,0.06934107752330282,0.11613348855351198,0.10177543274876091
2022-03-01,风险平价策略,-1.0,0.0,0.0,0.0,0.0,0.0,0.19026801172166283,0.13966351330174245,0.10754951949164836,0.11880687766108168,0.1659246871665891,0.27778739065727576,0.208441341884565
2022-03-02,风险平价策略,-1.0,0.0,0.0,0.0,0.17124575769111744,0.0,0.15773692146939064,0.11578934765115584,0.08914304979455517,0.09846719725459302,0.13733721011687008,0.2302805160223178,0.34400616413839114
2022-03-03,风险平价策略,-1.0,0.0,0.0,0.0,0.17160254152872711,0.0,0.15878151916113928,0.11649456994245667,0.08949445519252636,0.09874861906765846,0.13724665939351632,0.2276316357139758,0.344039254990753
2022-03-04,风险平价策略,-1.0,0.0,0.0,0.0,0.16856746915395301,0.0,0.1644739509834885,0.11590779293620274,0.08104679164109875,0.0886869225920908,0.14296823466551511,0.23834883802765103,0.3409098631438187
2022-03-07,风险平价策略,-1.0,0.0,0.0,0.0,0.1681324831464626,0.0,0.16458673271715285,0.11596701459154235,0.08108260603035367,0.08872428771047283,0.14303994005952894,0.23846693574448682,0.34056283202456034
2022-03-08,风险平价策略,-1.0,0.0,0.0,0.0,0.0,0.0,0.187788342846994,0.11545294308726202,0.08925823854466017,0.11640721501316782,0.18546590004646601,0.30562736046144995,0.21062904304153346
2022-03-09,风险平价策略,-1.0,0.0,0.0,0.0,0.0,0.0,0.17312267887805857,0.09345639238499763,0.09461510962043025,0.12175440095739982,0.19622721751788277,0.32082420064123096,0.21303894280079952
2022-03-10,风险平价策略,-1.0,0.0,0.0,0.0,0.0,0.0,0.22711542489694442,0.1367073742103745,0.08673249523126626,0.07358499595632643,0.2207716880611128,0.2550880216439756,0.1966283362607686
2022-03-11,风险平价策略,-1.0,0.0,0.0,0.0,0.0,0.0,0.227179266376924,0.1367091408243639,0.08681094369638932,0.0731476204059019,0.22087817173395222,0.2552748569624686,0.19657836638538587
2022-03-14,风险平价策略,-1.0,0.0,0.0,0.0,0.0,0.0,0.22689361564597796,0.13682849326279914,0.0846778107267781,0.07458622067265105,0.22484747202047273,0.252166387671321,0.1962951157748363
2022-03-15,风险平价策略,-1.0,0.0,0.0,0.0,0.0,0.0,0.26253113775050213,0.15324401048534778,0.08775319363389783,0.06388900142765741,0.20305719889883234,0.22952545780376252,0.19255111113425072
2022-03-16,风险平价策略,-1.0,0.0,0.0,0.0,0.0,0.0,0.26291261389822806,0.15345179346722868,0.08791238148966783,0.06401198451453438,0.20339519648478466,0.2283160301455564,0.19241710906014542
2022-03-17,风险平价策略,-1.0,0.0,0.0,0.0,0.0,0.0,0.26335199380371493,0.15365150398084665,0.08763814966557763,0.06365514046264942,0.2028132180228344,0.22888999406437693,0.19244360671771987
2022-03-18,风险平价策略,-1.0,0.0,0.0,0.0,0.12716771626977072,0.0,0.2298629386402138,0.1341120035949035,0.07649319383807995,0.05555948180328903,0.1770212218516705,0.1997834440020726,0.29513870731821307
2022-03-21,风险平价策略,-1.0,0.0,0.0,0.0,0.0,0.0,0.2636954816090781,0.15384224711567349,0.08752468132766736,0.06375109056281625,0.20310085263567615,0.2280856467490887,0.19235267333414766
2022-03-22,风险平价策略,-1.0,0.0,0.0,0.0,0.0,0.0,0.2642963074406317,0.15259346864125634,0.08754088511390619,0.06378577824404423,0.20341229215009435,0.22837126841006725,0.1923833168148914
2022-03-23,风险平价策略,-1.0,0.0,0.0,0.0,0.0,0.0,0.2648051737498307,0.15281815257186457,0.08777926322795192,0.06351264330286253,0.20390490018698576,0.22717986696050452,0.19218425259038852
2022-03-24,风险平价策略,-1.0,0.0,0.0,0.0,0.0,0.0,0.264913567658895,0.15288702342216012,0.08781716392538928,0.06354340944675838,0.2035479514554646,0.22729088409133255,0.1922135846980312
2022-03-25,风险平价策略,-1.0,0.0,0.0,0.0,0.0,0.5649757259176671,0.11552514063662354,0.06645058153896603,0.03830883745083703,0.0277150880322727,0.08785669365407923,0.09916793276955432,0.09781023058351108
2022-03-28,风险平价策略,-1.0,0.0,0.0,0.0,0.0,0.5791736658307737,0.11170146452103,0.06756543432126419,0.03625921321849523,0.02755573145303873,0.08127870669971511,0.0964657839556831,0.09572059715120723
2022-03-29,风险平价策略,-1.0,0.0,0.0,0.0,0.0,0.5836467111052395,0.11266648758671367,0.06739035178599694,0.03640736625202291,0.026658183133520016,0.07767446286495694,0.09555643727154996,0.09497361555131338
2022-03-30,风险平价策略,-1.0,0.0,0.0,0.0,0.0,0.5849894180929534,0.11294777329451969,0.067433538842298,0.036517352809800584,0.02674600663796197,0.0758546909863884,0.09551121933607797,0.09485666873836092
2022-03-31,风险平价策略,-1.0,0.0,0.0,0.0,0.06389854397161514,0.5401525464006812,0.103685120910188,0.0643535680752696,0.035594317280440144,0.02532618457603125,0.07407752409090632,0.09291219469486833,0.15408945351769116
2022-04-01,风险平价策略,-1.0,0.0,0.0,0.0,0.06997650037156208,0.5895539367376353,0.11169426535956108,0.0,0.03745643449697582,0.026025423498566916,0.062013274381410514,0.10328016515428831,0.15426233254434413
2022-04-06,风险平价策略,-1.0,0.0,0.0,0.0,0.06550564718781238,0.5518558982230294,0.10455978823855776,0.06435468249700507,0.035065591836015576,0.024362861909659618,0.05804617822984907,0.09624935187807117,0.1545814480800322
2022-04-07,风险平价策略,-1.0,0.0,0.0,0.0,0.06449870563192206,0.5996609562195245,0.11045136445395039,0.0,0.036541279148482674,0.022875472685606062,0.06107361103345944,0.10489861082705479,0.1480057970306033
2022-04-08,风险平价策略,-1.0,0.0,0.0,0.0,0.06469071838186323,0.5985753764209862,0.11077680041457745,0.0,0.03657372983518128,0.02291611220135103,0.06125043548720593,0.10521682725883466,0.1483533490809439
2022-04-11,风险平价策略,-1.0,0.0,0.0,0.0,0.07023402349473948,0.6298226156833489,0.1184677683540107,0.0,0.038795472290212296,0.025522740691981995,0.0,0.11715737948570674,0.15250100539023312
2022-04-12,风险平价策略,-1.0,0.0,0.0,0.0,0.06549022776093145,0.5878158637331503,0.11170032116052846,0.0,0.03656681041634448,0.024061000603152097,0.06391088349413668,0.11045489283175654,0.1512093385508616
2022-04-13,风险平价策略,-1.0,0.0,0.0,0.0,0.06542492208658182,0.5879538552161444,0.11174146124428763,0.0,0.03652952711902146,0.0240699227713165,0.06379291529024551,0.11048739627240271,0.15114434710713107
2022-04-14,风险平价策略,-1.0,0.0,0.0,0.0,0.0654237946603283,0.5879483980159019,0.11174114682933363,0.0,0.03653123598814299,0.024070341598354056,0.06379376978173099,0.110491313126208,0.1511446652798401
2022-04-15,风险平价策略,-1.0,0.0,0.0,0.0,0.06533798039205087,0.5877071009036433,0.1118621169899625,0.0,0.036569147063454745,0.024097159532313485,0.06382082429811925,0.11060567082045589,0.15112273767264672
2022-04-18,风险平价策略,-1.0,0.0,0.0,0.0,0.06651308534070144,0.5640942691133015,0.11809406053094805,0.0,0.03905680366711482,0.02574626369240135,0.06808798799728888,0.11840752965824398,0.1563944995024195
2022-04-19,风险平价策略,-1.0,0.0,0.0,0.0,0.06674008929980531,0.564052147481996,0.11851297005043547,0.0,0.039212013816330965,0.025823593303277725,0.06833044772050802,0.1173287383276466,0.15646806533615712
2022-04-20,风险平价策略,-1.0,0.0,0.0,0.0,0.08849439234114723,0.8125535104565641,0.0,0.0,0.0,0.0,0.09895209720228858,0.0,0.12167200273885885
2022-04-21,风险平价策略,-1.0,0.0,0.0,0.0,0.07128339723519296,0.6679776658201315,0.1332737313888196,0.0,0.046203309063298156,0.0,0.08126189649255783,0.0,0.12772524498770058
2022-04-22,风险平价策略,-1.0,0.0,0.0,0.0,0.077005323149749,0.7041280093529464,0.14398639658579462,0.07488027091151002,0.0,0.0,0.0,0.0,0.12962719018314142
2022-04-25,风险平价策略,-1.0,0.0,0.0,0.0,0.0,0.7509172350816847,0.11522003994756025,0.0,0.0,0.0,0.0,0.1338627249707549,0.07468970026046313
2022-04-26,风险平价策略,-1.0,0.0,0.0,0.0,0.0,0.8259140862926162,0.12717902549706295,0.0,0.04690688821032079,0.0,0.0,0.0,0.04897066723260001
2022-04-27,风险平价策略,-1.0,0.0,0.0,0.0,0.2404553801203405,0.0,0.4729166130958008,0.0,0.17440228259938254,0.11222572418447609,0.0,0.0,0.381682657996596
2022-04-28,风险平价策略,-1.0,0.0,0.0,0.0,0.13182579942271608,0.0,0.25924895655803387,0.0,0.09560640666814631,0.06105231027734784,0.1555395047374709,0.2967270223362849,0.3123991627643687
2022-04-29,风险平价策略,-1.0,0.0,0.0,0.0,0.15610632050092044,0.0,0.3070083097538775,0.0,0.11321164419235218,0.0722950809510206,0.0,0.3513786446018293,0.34599407596707954
2022-05-05,风险平价策略,-1.0,0.0,0.0,0.0,0.05310680480850872,0.6663892817299569,0.09984074612836853,0.0,0.03851172828954812,0.024570330853785932,0.0,0.1175811081898317,0.13307326620788418
2022-05-06,风险平价策略,-1.0,0.0,0.0,0.0,0.21397779096627711,0.0,0.0,0.0,0.17018343406746722,0.1084810720415624,0.0,0.5073577029246932,0.41968307462996063
2022-05-09,风险平价策略,-1.0,0.0,0.0,0.0,0.054711205598042253,0.745147047685567,0.0,0.0,0.042899903549639774,0.02773318436248591,0.0,0.1295086588042649,0.12576990885480985
2022-05-10,风险平价策略,-1.0,0.0,0.0,0.0,0.05689605126912137,0.7721418893404871,0.0,0.0,0.04180417584583188,0.0,0.0,0.12915788354455962,0.11947051578890167
2022-05-11,风险平价策略,-1.0,0.0,0.0,0.0,0.057967152787205135,0.7702042165298437,0.0,0.0,0.04259105635244306,0.0,0.0,0.129237574330508,0.12064925859290879
2022-05-12,风险平价策略,-1.0,0.0,0.0,0.0,0.05787014242469964,0.7702831518819049,0.0,0.0,0.04261363050279401,0.0,0.0,0.12923307519060157,0.1205567994605907
2022-05-13,风险平价策略,-1.0,0.0,0.0,0.0,0.06769849219192624,0.8823970619427611,0.0,0.0,0.04990444586531271,0.0,0.0,0.0,0.09824217453759843
2022-05-16,风险平价策略,-1.0,0.0,0.0,0.0,0.06767265943092954,0.8823983550677852,0.0,0.0,0.04992898550128526,0.0,0.0,0.0,0.09822054584284266
2022-05-17,风险平价策略,-1.0,0.0,0.0,0.0,0.053630948121056045,0.7057098107377665,0.0,0.0,0.03994578535624102,0.025338215998717006,0.061344774706918535,0.11403046507930092,0.1260760569537543
2022-05-18,风险平价策略,-1.0,0.0,0.0,0.0,0.05993948005918502,0.7993836578454814,0.0,0.0,0.04315871869346327,0.02780474040395979,0.06971340299791061,0.0,0.10522131300220633
2022-05-19,风险平价策略,-1.0,0.0,0.0,0.0,0.0,0.7538587372081764,0.0,0.0,0.04072091462803139,0.026135874599394208,0.06557554552292161,0.11370892804147638,0.07449582455836909
2022-05-20,风险平价策略,-1.0,0.0,0.0,0.0,0.0,0.7524146667972118,0.0,0.0,0.04095471677921923,0.026287270099181317,0.06595301952119016,0.11439032680319747,0.0747877789967856
2022-05-23,风险平价策略,-1.0,0.0,0.0,0.0,0.0,0.7524660342128661,0.0,0.0,0.04092815724245936,0.02629224020876389,0.06596098220450318,0.11435258613140753,0.07477660625672372
2022-05-24,风险平价策略,-1.0,0.0,0.0,0.0,0.0,0.7584123226655113,0.0,0.0,0.0396906842319664,0.02525980249244839,0.06056817538214111,0.11606901522793271,0.07416404824715507
2022-05-25,风险平价策略,-1.0,0.0,0.0,0.0,0.0,0.7584165964363069,0.0,0.0,0.03969076802435284,0.02525858093452997,0.06056703676703162,0.11606701783777872,0.07416307114838941
2022-05-26,风险平价策略,-1.0,0.0,0.0,0.0,0.0,0.7584037791038165,0.0,0.0,0.039694581187859485,0.025257801473562765,0.06057150823123502,0.11607233000352618,0.0741652182221195
2022-05-27,风险平价策略,-1.0,0.0,0.0,0.0,0.0,0.7584303449023986,0.0,0.0,0.03967671297076459,0.02525550674646641,0.060566135314174145,0.11607130006619633,0.07416112359583682
2022-05-30,风险平价策略,-1.0,0.0,0.0,0.0,0.0,0.8513105115456193,0.0,0.0,0.047158935435367096,0.030027757081685237,0.07150279593732835,0.0,0.04820402755064485
2022-05-31,风险平价策略,-1.0,0.0,0.0,0.0,0.0,0.8445075179793693,0.0,0.0,0.04932252294187492,0.03141559930319907,0.07475435977555663,0.0,0.049268575397449034
2022-06-01,风险平价策略,-1.0,0.0,0.0,0.0,0.0,0.8501894554780643,0.0,0.0,0.04796530384722392,0.031005945641811056,0.07083929503290057,0.0,0.048539849000636286
2022-06-02,风险平价策略,-1.0,0.0,0.0,0.0,0.0,0.8492866744551518,0.0,0.0,0.048482271846155056,0.03067894956530121,0.07155210413339184,0.0,0.048593190473462486
2022-06-06,风险平价策略,-1.0,0.0,0.0,0.0,0.0,0.8474317830971689,0.0,0.0,0.0490809494153801,0.031060483548886443,0.07242678393856457,0.0,0.04888439262570089
2022-06-07,风险平价策略,-1.0,0.0,0.0,0.0,0.06683786581774187,0.7912326473514281,0.0,0.0,0.045891750437621365,0.029029977224615124,0.06700775916859365,0.0,0.11242088097971722
2022-06-08,风险平价策略,-1.0,0.0,0.0,0.0,0.06694059674524809,0.7909237372318342,0.0,0.0,0.045958682219831855,0.029071899585734653,0.06710508421735124,0.0,0.11255333496910612
2022-06-09,风险平价策略,-1.0,0.0,0.0,0.0,0.0669426533454945,0.7909379599412761,0.0,0.0,0.045957047639198736,0.029072828443923383,0.06708951063010721,0.0,0.11255374192665961
2022-06-10,风险平价策略,-1.0,0.0,0.0,0.0,0.06780872092926137,0.7885024603759875,0.0,0.0,0.04640797636094261,0.029355007975883435,0.06792583435792522,0.0,0.11363459943883428
2022-06-13,风险平价策略,-1.0,0.0,0.0,0.0,0.05732626023983682,0.7025650105564706,0.0,0.0,0.038963900645439205,0.02629143010742845,0.054701473111678015,0.1201519253391469,0.13068123684732963
2022-06-14,风险平价策略,-1.0,0.0,0.0,0.0,0.06516316193155156,0.7999009906581491,0.0,0.0,0.043866817786286955,0.030083308039744006,0.06098572158426841,0.0,0.11017284810034704
2022-06-15,风险平价策略,-1.0,0.0,0.0,0.0,0.06980394168529118,0.7928768590550387,0.0,0.0,0.0441971089339702,0.030498275989263877,0.06262381433643603,0.0,0.1150399158607432
2022-06-16,风险平价策略,-1.0,0.0,0.0,0.0,0.06759480186131124,0.7958858439497737,0.0,0.0,0.04335143032046371,0.030134776079647617,0.06303314778880381,0.0,0.11269912867256615
2022-06-17,风险平价策略,-1.0,0.0,0.0,0.0,0.06722518466179393,0.7969294030610313,0.0,0.0,0.04263760380706965,0.029870930798839856,0.06333687767126525,0.0,0.1121893043384148
2022-06-20,风险平价策略,-1.0,0.0,0.0,0.0,0.07908186240306023,0.8019026252567705,0.0,0.0,0.05022065630124058,0.0,0.06879485603892871,0.0,0.11661027089075113
2022-06-21,风险平价策略,-1.0,0.0,0.0,0.0,0.07310350258013172,0.7412115744436181,0.0,0.04954345446299677,0.04628315506344627,0.02678014483519051,0.06307816861461667,0.0,0.12419868928324865
2022-06-22,风险平价策略,-1.0,0.0,0.0,0.0,0.07281629607865564,0.7921319661436608,0.0,0.0,0.04609326440717794,0.026697050703787934,0.06226142266671782,0.0,0.11709249135335287
2022-06-23,风险平价策略,-1.0,0.0,0.0,0.0,0.08213429630069326,0.8356617114240646,0.0,0.0,0.05202248405474281,0.030181508220499233,0.0,0.0,0.12152774400616091
2022-06-24,风险平价策略,-1.0,0.0,0.0,0.0,1.0,0.0,0.0,0.0,0.0,0.0,0.0,0.0,1.0
2022-06-27,风险平价策略,-1.0,0.0,0.0,0.0,0.0,0.0,0.0,0.0,0.0,1.0,0.0,0.0,0.32
2022-06-28,风险平价策略,-1.0,0.0,0.0,0.0,0.0,0.0,0.0,0.0,0.5738110045252908,0.4261889954747093,0.0,0.0,0.2339283493212064
2022-06-29,风险平价策略,-1.0,0.0,0.0,0.0,0.7415465777612198,0.0,0.0,0.0,0.0,0.25845342223878015,0.0,0.0,0.8242516728776295
2022-06-30,风险平价策略,-1.0,0.0,0.0,0.0,0.7424233768799218,0.0,0.0,0.0,0.0,0.2575766231200782,0.0,0.0,0.8248478962783468
2022-07-01,风险平价策略,-1.0,0.0,0.0,0.0,0.7572114398097296,0.0,0.0,0.0,0.0,0.2427885601902703,0.0,0.0,0.8349037790706161
2022-07-04,风险平价策略,-1.0,0.0,0.0,0.0,0.7561684003021804,0.0,0.0,0.0,0.0,0.24383159969781967,0.0,0.0,0.8341945122054827
2022-07-05,风险平价策略,-1.0,0.0,0.0,0.0,0.7561566088120016,0.0,0.0,0.0,0.0,0.24384339118799844,0.0,0.0,0.8341864939921612
2022-07-06,风险平价策略,-1.0,0.0,0.0,0.0,1.0,0.0,0.0,0.0,0.0,0.0,0.0,0.0,1.0
2022-07-07,风险平价策略,-1.0,0.0,0.0,0.0,1.0,0.0,0.0,0.0,0.0,0.0,0.0,0.0,1.0
2022-07-08,风险平价策略,-1.0,0.0,0.0,0.0,0.06656494367193858,0.6690649917640366,0.03639003902328341,0.043506563901721466,0.028268843833178674,0.02029959278327695,0.04959967515364935,0.08630534986891503,0.1379900538095999
2022-07-11,风险平价策略,-1.0,0.0,0.0,0.0,0.06600239322009398,0.6699990205254107,0.036165818768095055,0.04310328703779676,0.02817069449026116,0.020352564146019048,0.04972446613758089,0.08648175567474237,0.13741633643905582
2022-07-12,风险平价策略,-1.0,0.0,0.0,0.0,0.06717977391083409,0.6757985927926774,0.03477696139378203,0.03929135008411154,0.026083072521167348,0.02046864429876695,0.049158969440748226,0.08724263555791242,0.1377283610548306
2022-07-13,风险平价策略,-1.0,0.0,0.0,0.0,0.0689277738452037,0.6856363437868621,0.033078843809436626,0.03727228317997574,0.023519914927068824,0.019567292352372753,0.047552259907051364,0.08444528819202891,0.137411256330227
2022-07-14,风险平价策略,-1.0,0.0,0.0,0.0,0.0,1.0,0.0,0.0,0.0,0.0,0.0,0.0,0.025
2022-07-15,风险平价策略,-1.0,0.0,0.0,0.0,0.0,1.0,0.0,0.0,0.0,0.0,0.0,0.0,0.025
2022-07-18,风险平价策略,-1.0,0.0,0.0,0.0,0.0,1.0,0.0,0.0,0.0,0.0,0.0,0.0,0.025
2022-07-19,风险平价策略,-1.0,0.0,0.0,0.0,0.0,1.0,0.0,0.0,0.0,0.0,0.0,0.0,0.025
2022-07-20,风险平价策略,-1.0,0.0,0.0,0.0,0.0,1.0,0.0,0.0,0.0,0.0,0.0,0.0,0.025
2022-07-21,风险平价策略,-1.0,0.0,0.0,0.0,0.0,1.0,0.0,0.0,0.0,0.0,0.0,0.0,0.025
2022-07-22,风险平价策略,-1.0,0.0,0.0,0.0,0.0,1.0,0.0,0.0,0.0,0.0,0.0,0.0,0.025
2022-07-25,风险平价策略,-1.0,0.0,0.0,0.0,0.0,1.0,0.0,0.0,0.0,0.0,0.0,0.0,0.025
2022-07-26,风险平价策略,-1.0,0.0,0.0,0.0,0.0,1.0,0.0,0.0,0.0,0.0,0.0,0.0,0.025
2022-07-27,风险平价策略,-1.0,0.0,0.0,0.0,0.0,1.0,0.0,0.0,0.0,0.0,0.0,0.0,0.025
2022-07-28,风险平价策略,-1.0,0.0,0.0,0.0,0.0,1.0,0.0,0.0,0.0,0.0,0.0,0.0,0.025
2022-07-29,风险平价策略,-1.0,0.0,0.0,0.0,0.0,1.0,0.0,0.0,0.0,0.0,0.0,0.0,0.025
2022-08-01,风险平价策略,-1.0,0.0,0.0,0.0,0.0,0.9726679898922557,0.0,0.0,0.0,0.02733201010774423,0.0,0.0,0.03306294298178455
2022-08-02,风险平价策略,-1.0,0.0,0.0,0.0,0.0,1.0,0.0,0.0,0.0,0.0,0.0,0.0,0.025
2022-08-03,风险平价策略,-1.0,0.0,0.0,0.0,0.0,0.9732527303988109,0.0,0.0,0.0,0.02674726960118904,0.0,0.0,0.032890444532350765
2022-08-04,风险平价策略,-1.0,0.0,0.0,0.0,0.0,0.9404765733703067,0.0,0.0,0.0,0.0,0.05952342662969329,0.0,0.031249959796117797
2022-08-05,风险平价策略,-1.0,0.0,0.0,0.0,0.0,0.939415000561672,0.0,0.0,0.0,0.0,0.060584999438327944,0.0,0.03136142494102444
2022-08-08,风险平价策略,-1.0,0.0,0.0,0.0,0.0,0.9401950990686121,0.0,0.0,0.0,0.0,0.05980490093138785,0.0,0.031279514597795724
2022-08-09,风险平价策略,-1.0,0.0,0.0,0.0,0.0,0.9403363114295565,0.0,0.0,0.0,0.0,0.05966368857044346,0.0,0.031264687299896565
2022-08-10,风险平价策略,-1.0,0.0,0.0,0.0,0.0,0.9394575889318674,0.0,0.0,0.0,0.0,0.06054241106813258,0.0,0.03135695316215392
2022-08-11,风险平价策略,-1.0,0.0,0.0,0.0,0.0,0.9394571174267701,0.0,0.0,0.0,0.0,0.060542882573229935,0.0,0.03135700267018915
2022-08-12,风险平价策略,-1.0,0.0,0.0,0.0,0.0,0.7908577856402529,0.03566276025247041,0.0,0.0,0.02253487482127187,0.05135234775716274,0.09959223152884213,0.06725027626071554
2022-08-15,风险平价策略,-1.0,0.0,0.0,0.0,0.0,0.908105354267567,0.037986056464136164,0.0,0.0,0.0,0.053908589268296836,0.0,0.035788519495829556
2022-08-16,风险平价策略,-1.0,0.0,0.0,0.0,0.0,0.9082413481054609,0.03806133596296926,0.0,0.0,0.0,0.053697315931570004,0.0,0.035776498527815705
2022-08-17,风险平价策略,-1.0,0.0,0.0,0.0,0.0,0.767327598835043,0.032147050816057565,0.03880244426122895,0.0,0.021224184698336146,0.04500677928216053,0.09549194210717375,0.06991547338339901
2022-08-18,风险平价策略,-1.0,0.0,0.0,0.0,0.0,0.7720755801386694,0.031515956883438986,0.03731511923311694,0.0,0.02148179653915305,0.04486154113862984,0.09275000606699181,0.06899103862142425
2022-08-19,风险平价策略,-1.0,0.0,0.0,0.0,0.0,0.7693877417957399,0.03192192858831355,0.03775905714354556,0.0,0.02176519341790837,0.045420313928240245,0.09374576512625232,0.06950196820174352
2022-08-22,风险平价策略,-1.0,0.0,0.0,0.0,0.06050548651577632,0.7219154372288661,0.03021744240036962,0.035726076189466695,0.0,0.02060621685940312,0.042990117953130055,0.08803922285298815,0.12593802254862438
2022-08-23,风险平价策略,-1.0,0.0,0.0,0.0,0.05990057011151411,0.7023056460163631,0.02991983334671475,0.03536614991928186,0.0223282226927782,0.020405391654559974,0.042585839389882155,0.08718834686890582,0.12817838801569245
2022-08-24,风险平价策略,-1.0,0.0,0.0,0.0,0.0,0.7469967833013136,0.0318357249277149,0.03762512395146154,0.02375291551485412,0.021712944236871527,0.045306617559410414,0.09276989050837396,0.07264022282159323
2022-08-25,风险平价策略,-1.0,0.0,0.0,0.0,0.06475715401812251,0.6794222035383132,0.032240563681830654,0.03741719148304607,0.0243404560268649,0.022328524073364782,0.04419944186535504,0.09529446531310296,0.13659933289116938
2022-08-26,风险平价策略,-1.0,0.0,0.0,0.0,0.0648522761088125,0.6804642223266733,0.03232087932969185,0.037364586505217685,0.024248775980364477,0.02222281783988094,0.04308921597685976,0.09543722593249955,0.13657117116408035
2022-08-29,风险平价策略,-1.0,0.0,0.0,0.0,0.06580673326130332,0.6866641368202693,0.031091156775031773,0.03690984258001432,0.02370744755835095,0.021955674202823888,0.04369820023250334,0.09016680856970305,0.13583705083818304
2022-08-30,风险平价策略,-1.0,0.0,0.0,0.0,0.0659452607218822,0.6877324162883919,0.03094249622805897,0.036040553459573944,0.023768222320669212,0.022007285022399632,0.04325038351827251,0.09031338244075156,0.13584908502158077
2022-08-31,风险平价策略,-1.0,0.0,0.0,0.0,0.06565579153873986,0.6870164550562656,0.0315513830125281,0.036852873901009144,0.024388232416183066,0.02149650963420663,0.04426963935285857,0.0887691150882091,0.13541117195557986
2022-09-01,风险平价策略,-1.0,0.0,0.0,0.0,0.06717050599969833,0.6965506677114104,0.02966760485469198,0.03346148249958454,0.025076591621590424,0.02061849293667537,0.04434591775606717,0.08310873662028186,0.13458128054654198
2022-09-02,风险平价策略,-1.0,0.0,0.0,0.0,0.06956912746124698,0.6901992479953939,0.029179775150059546,0.0347205968337228,0.023850080556350062,0.021237630495296814,0.04604817865690592,0.08519536285102397,0.13773968845529597
2022-09-05,风险平价策略,-1.0,0.0,0.0,0.0,0.06956827736006317,0.6902056276373956,0.02917790342611995,0.034720136539949466,0.023850061785406832,0.021236934550988594,0.04604763471732187,0.08519342398275448,0.1377377852338278
2022-09-06,风险平价策略,-1.0,0.0,0.0,0.0,0.06963997111895211,0.6910940529910868,0.029229082533917653,0.034787598949044256,0.02366609850314237,0.02125646799352746,0.045054801798636204,0.08527192611169311,0.13771856152956297
2022-09-07,风险平价策略,-1.0,0.0,0.0,0.0,0.07776020734104777,0.6719794338586433,0.03028895191793341,0.03661510583094974,0.023340019013993463,0.021759792049340827,0.050600500168605615,0.0876559898194858,0.14731702128687788
2022-09-08,风险平价策略,-1.0,0.0,0.0,0.0,0.08304427104365204,0.714174185865325,0.032362843442648274,0.0,0.0,0.02275684084203718,0.05398593272850595,0.09367592607783151,0.1466063002670594
2022-09-09,风险平价策略,-1.0,0.0,0.0,0.0,0.08285258265578914,0.6504075665715773,0.03235316396103401,0.03903347885917484,0.02490916108579229,0.022754989371026654,0.05403148752422982,0.09365756997137589,0.15529900162476035
2022-09-13,风险平价策略,-1.0,0.0,0.0,0.0,0.08192549845861802,0.65123249930789,0.03243704220920597,0.03861962436127017,0.024954985957417724,0.022809328251581232,0.054166837966020724,0.09385418348799614,0.15443757055808008
2022-09-14,风险平价策略,-1.0,0.0,0.0,0.0,0.08831908366931567,0.7132398212139213,0.03629019645115566,0.04417601558364519,0.028820363677085663,0.026806743095236406,0.062347776309640016,0.0,0.14060750366106525
2022-09-15,风险平价策略,-1.0,0.0,0.0,0.0,0.08872275189178865,0.7141969715239669,0.03642549221603905,0.04442892853933665,0.028904758515008403,0.02694064715872922,0.06038045015513118,0.0,0.14089865805925977
2022-09-16,风险平价策略,-1.0,0.0,0.0,0.0,0.0701735480872161,0.7302817817072507,0.037184543185430664,0.044259673164770225,0.029164308586468516,0.02648474432191564,0.06245140094694829,0.0,0.12301340001174543
2022-09-19,风险平价策略,-1.0,0.0,0.0,0.0,0.0701972592468979,0.7327651505239292,0.037493991922161636,0.04431703422705678,0.02771440435243787,0.024801224542077338,0.06271093518543923,0.0,0.12240641436135737
2022-09-20,风险平价策略,-1.0,0.0,0.0,0.0,0.06981562421525574,0.7331074595645202,0.037522528983630773,0.044245270731197446,0.0277327272061283,0.024821848356042973,0.06275454094322457,0.0,0.12204180408033602
2022-09-21,风险平价策略,-1.0,0.0,0.0,0.0,0.0698144225935222,0.7331179313330667,0.03752061018402755,0.04424313237985224,0.02773121060702028,0.024821105581750765,0.06275158732076015,0.0,0.12203933562812215
2022-09-22,风险平价策略,-1.0,0.0,0.0,0.0,0.06982477360536266,0.7310166327341139,0.03772009975402829,0.044922571622010125,0.027997805507903362,0.024835326888145316,0.06368278988843651,0.0,0.12230871106992847
2022-09-23,风险平价策略,-1.0,0.0,0.0,0.0,0.07881606147351033,0.7858871641273976,0.0,0.0,0.03248046874552702,0.029669978122930936,0.07314632753063405,0.0,0.1229883358417552
2022-09-26,风险平价策略,-1.0,0.0,0.0,0.0,0.10072786245881367,0.7918267679796537,0.0,0.0,0.0,0.0,0.10744536956153276,0.0,0.13449142970130426
2022-09-27,风险平价策略,-1.0,0.0,0.0,0.0,0.30367716163344344,0.0,0.18015562840695212,0.19221375109837982,0.0,0.0,0.32395345886122456,0.0,0.4053702120062557
2022-09-28,风险平价策略,-1.0,0.0,0.0,0.0,0.4766204316567932,0.0,0.0,0.0,0.0,0.0,0.5233795683432068,0.0,0.5446597755414101
2022-09-29,风险平价策略,-1.0,0.0,0.0,0.0,0.32277281180231054,0.0,0.19817711406574492,0.0,0.0,0.11532802969634061,0.36372204443560396,0.0,0.43866998533228724
2022-09-30,风险平价策略,-1.0,0.0,0.0,0.0,0.1837499477765582,0.0,0.11285582101212889,0.11675263659461887,0.0,0.06565318037817311,0.20328161071391426,0.3177068035246066,0.356880833094352
2022-10-10,风险平价策略,-1.0,0.0,0.0,0.0,0.1706576048114403,0.0,0.10479180261269196,0.10843003622025968,0.07137389727373558,0.06097067096640173,0.1887295122750036,0.2950464758404673,0.34356512610157747
2022-10-11,风险平价策略,-1.0,0.0,0.0,0.0,0.17066064290943236,0.0,0.10713807446473943,0.10912602643155464,0.0706416851418805,0.06134804427417875,0.18290567685441975,0.29817984992379454,0.34417145566443336
2022-10-12,风险平价策略,-1.0,0.0,0.0,0.0,0.20805348601966048,0.0,0.13069850413771902,0.0,0.0,0.07455799783777588,0.22304780505783153,0.3636422069470131,0.3836398385924656
2022-10-13,风险平价策略,-1.0,0.0,0.0,0.0,0.2083688966722385,0.0,0.12999080077517036,0.0,0.0,0.07405764601097446,0.22335305201019703,0.3642296045314196,0.38388605754990074
2022-10-14,风险平价策略,-1.0,0.0,0.0,0.0,0.0774748666234516,0.5790792836513272,0.04832960754095865,0.04923017886976916,0.0,0.027535850325502147,0.08304845664429511,0.1353017563446961,0.1650536777848852
2022-10-17,风险平价策略,-1.0,0.0,0.0,0.0,0.3507997572228374,0.0,0.21737374595665965,0.0,0.0,0.12250244919977421,0.30932404762072874,0.0,0.46499246651052545
2022-10-18,风险平价策略,-1.0,0.0,0.0,0.0,0.0,0.0,0.15744088028278047,0.0,0.10278492138347516,0.08983775453573696,0.22012066208499315,0.42981578171301427,0.2203761638825646
2022-10-19,风险平价策略,-1.0,0.0,0.0,0.0,0.0,0.0,0.16254664700121466,0.15842077378371197,0.0,0.0,0.22920995516782527,0.4498226240472482,0.20710241623063505
2022-10-20,风险平价策略,-1.0,0.0,0.0,0.0,0.0,0.0,0.1510787241469436,0.14714781411182784,0.0,0.08563962641252604,0.21269176678018023,0.40344206854852227,0.21573463544842145
2022-10-21,风险平价策略,-1.0,0.0,0.0,0.0,0.0,0.0,0.1519533034234168,0.14794697626952447,0.0,0.0849759755856812,0.21285604718641793,0.4022676975349596,0.21548259838231162
2022-10-24,风险平价策略,-1.0,0.0,0.0,0.0,0.0,0.0,0.15192624829547097,0.14794465067396742,0.0,0.08502680531032608,0.21262716554808325,0.40247513017215225,0.21552248950386796
2022-10-25,风险平价策略,-1.0,0.0,0.0,0.0,0.0,0.0,0.15248818154923316,0.14765567337322508,0.0,0.08535914382580047,0.21061006560004616,0.4038869356516951,0.2158055933223301
2022-10-26,风险平价策略,-1.0,0.0,0.0,0.0,0.0,0.0,0.1516896081469993,0.14807286017026855,0.0,0.08488415184617905,0.21108723558014808,0.40426614425640495,0.2157607845387528
2022-10-27,风险平价策略,-1.0,0.0,0.0,0.0,0.0,0.0,0.15295033988705814,0.1479051066618005,0.0,0.08555164556598037,0.20990912193807595,0.403683785947085,0.21583304394606478
2022-10-28,风险平价策略,-1.0,0.0,0.0,0.0,0.0,0.677806213107606,0.05618214406704165,0.0,0.0,0.03315639185456536,0.0769079532839124,0.15594729768687454,0.09020762105111123
2022-10-31,风险平价策略,-1.0,0.0,0.0,0.0,0.0,0.6845815762664704,0.053375884620325026,0.0,0.0,0.032861735051414015,0.07790374813700944,0.15127705592478097,0.08865549907911616
2022-11-01,风险平价策略,-1.0,0.0,0.0,0.0,0.0,0.6783033408812997,0.05448420907829144,0.0,0.0,0.033555230401017135,0.07951559724387035,0.15414162239552143,0.08990941261533375
2022-11-02,风险平价策略,-1.0,0.0,0.0,0.0,0.0,0.6768857120170463,0.05492519369782326,0.0,0.0,0.0338217400232196,0.07899228997788432,0.15537506428402653,0.09030714629616055
2022-11-03,风险平价策略,-1.0,0.0,0.0,0.0,0.0,0.6783069267357016,0.05478760052062062,0.0,0.0,0.0339083906546241,0.079145406797595,0.15385167529145868,0.08994174622646733
2022-11-04,风险平价策略,-1.0,0.0,0.0,0.0,0.0,0.6730631125241905,0.0559221757171139,0.0,0.0,0.034621131033311894,0.0797887790036491,0.1566048017217347,0.09107477361106289
2022-11-07,风险平价策略,-1.0,0.0,0.0,0.0,0.0,0.6730239234384908,0.05594899641217321,0.0,0.0,0.0346306739246347,0.07980292005526893,0.1565934861694322,0.09107980890241907
2022-11-08,风险平价策略,-1.0,0.0,0.0,0.0,0.0,0.6730206963171105,0.05595391119420821,0.0,0.0,0.034630653260257195,0.07980040449695543,0.15659433473146864,0.09108041855169881
2022-11-09,风险平价策略,-1.0,0.0,0.0,0.0,0.0,0.642701836801129,0.05366760303934564,0.04490486499859325,0.0,0.0319958536478569,0.07646772512270274,0.15026211639037237,0.09409201082866828
2022-11-10,风险平价策略,-1.0,0.0,0.0,0.0,0.0,0.6424458395162104,0.05390097610378282,0.04483570229967862,0.0,0.031170172414341498,0.07672786155040952,0.15091944811557725,0.09406553717896324
2022-11-11,风险平价策略,-1.0,0.0,0.0,0.0,0.0,0.0,0.15335883598044187,0.12764418012329473,0.0,0.0887330237526509,0.2001548242096652,0.43010913593394734,0.2198057353862079
2022-11-14,风险平价策略,-1.0,0.0,0.0,0.0,0.0,0.0,0.14745151486559643,0.1343356299835432,0.09179458701871714,0.08479424425506857,0.17561715351463097,0.36600687036244367,0.21313733478905245
2022-11-15,风险平价策略,-1.0,0.0,0.0,0.0,0.0,0.0,0.14775031725337065,0.1345793665557413,0.09199747566593586,0.08380058870447168,0.17507556314415684,0.36679668867632376,0.213091404696209
2022-11-16,风险平价策略,-1.0,0.0,0.0,0.0,0.0,0.0,0.14537993270412455,0.13449873146407604,0.09238110419951052,0.08296404149870042,0.1759905410576015,0.36878564907598704,0.2131726193391776
2022-11-17,风险平价策略,-1.0,0.0,0.0,0.0,0.0,0.5103034177265663,0.0784140665605144,0.07321881443148986,0.0,0.04384978373147144,0.09357622974329569,0.2006376878066623,0.1193942396484496
2022-11-18,风险平价策略,-1.0,0.0,0.0,0.0,0.0,0.0,0.1408372130296028,0.13864759248073963,0.09199293725049268,0.07963989144323882,0.17034076898920114,0.3785415968067249,0.2139770805505541
2022-11-21,风险平价策略,-1.0,0.0,0.0,0.0,0.0,0.0,0.17032442666249495,0.16533862989755146,0.0,0.0,0.21953604841020669,0.4448008950297469,0.20679002595126345
2022-11-22,风险平价策略,-1.0,0.0,0.0,0.0,0.0,0.0,0.16803753457648718,0.16527338519417722,0.0,0.0,0.2208506298944298,0.4458384503349058,0.20687509514335584
2022-11-23,风险平价策略,-1.0,0.0,0.0,0.0,0.0,0.0,0.16804651199604542,0.1652901600918297,0.0,0.0,0.2208669422380819,0.445796385674043,0.2068695580137427
2022-11-24,风险平价策略,-1.0,0.0,0.0,0.0,0.0,0.0,0.1681095747548528,0.16519870145541563,0.0,0.0,0.22066370851304093,0.44602801527669067,0.20690345057781168
2022-11-25,风险平价策略,-1.0,0.0,0.0,0.0,0.17677977347539825,0.0,0.13871415801111078,0.13368537723793536,0.0,0.0,0.1825726593662847,0.36824803190927086,0.3472075937674585
2022-11-28,风险平价策略,-1.0,0.0,0.0,0.0,0.0,0.0,0.15858331894328268,0.16052397071614552,0.0,0.0,0.19506165919645105,0.4858310511441208,0.212447876361401
2022-11-29,风险平价策略,-1.0,0.0,0.0,0.0,0.17261209677814204,0.0,0.13280857105330893,0.13419306313217966,0.0,0.0,0.16362200505564053,0.39676426398072895,0.3476972128196576
2022-11-30,风险平价策略,-1.0,0.0,0.0,0.0,0.1739013339796257,0.0,0.13221296916736788,0.13204157196788788,0.0,0.0,0.16475751843967834,0.39708660644544,0.34878478776314803
2022-12-01,风险平价策略,-1.0,0.0,0.0,0.0,0.17256132327826995,0.0,0.1326466600883607,0.13248537698203022,0.0,0.0,0.16401835670456608,0.398288282946773,0.3478255548062225
2022-12-02,风险平价策略,-1.0,0.0,0.0,0.0,0.17130360407528036,0.0,0.1328562053425955,0.1327039169087382,0.0,0.0,0.16424902656054782,0.39888724711283813,0.3468340262799597
2022-12-05,风险平价策略,1.0,0.3,0.15,0.15,0.12741805028746908,0.0,0.09936680470484795,0.09881843915033933,0.0,0.0,0.11655010966581045,0.25784659619153316,0.28847625049448367
2022-12-06,风险平价策略,1.0,0.3,0.15,0.15,0.13139258111664037,0.0,0.10271656247565786,0.10211743983001456,0.0,0.0,0.1271650579704506,0.23660835860723656,0.28894781943173276
2022-12-07,风险平价策略,1.0,0.3,0.15,0.15,0.12934149797774142,0.0,0.10223571134799543,0.10275477428854829,0.0,0.0,0.12898172053505513,0.23668629585065978,0.2871797621873303
2022-12-08,风险平价策略,1.0,0.3,0.15,0.15,0.12933159767085536,0.0,0.10223515059730105,0.10274651226605165,0.0,0.0,0.128986616476003,0.23670012298978893,0.2871729583080131
2022-12-09,风险平价策略,1.0,0.3,0.15,0.15,0.11836774527871301,0.0,0.09452125210827696,0.09496640165398176,0.054095335119109064,0.0,0.11922178896164513,0.21882747687827397,0.27665250294185356
2022-12-12,风险平价策略,1.0,0.3,0.15,0.15,0.10952314605490585,0.0,0.09225898414827215,0.08769884906911789,0.059485806780512976,0.0,0.11422674822596379,0.23680646572122743,0.27158427419369446
2022-12-13,风险平价策略,1.0,0.3,0.15,0.15,0.10957798209808972,0.0,0.09231304252230565,0.08757588745096483,0.059507723191379695,0.0,0.11406610401097039,0.23695926072628976,0.27165371036113484
2022-12-14,风险平价策略,1.0,0.3,0.15,0.15,0.10931184702176877,0.0,0.09335502157446694,0.08859628449248513,0.06006991769321482,0.0,0.10951296026692259,0.2391539689511417,0.27183573814134726
2022-12-15,风险平价策略,1.0,0.3,0.15,0.15,0.10899763730224198,0.0,0.09369991079673423,0.09187775602539838,0.06238173242476293,0.0,0.1134769946804472,0.22956596877041524,0.2703254390701673
2022-12-16,风险平价策略,1.0,0.3,0.15,0.15,0.11046155159853002,0.0,0.09249703023220497,0.09243417959965824,0.06324883373114686,0.0,0.11488426551172028,0.22647413932673965,0.2711505604339339
2022-12-19,风险平价策略,1.0,0.3,0.15,0.15,0.12263882863203766,0.0,0.0,0.10572443632172039,0.07329356196635929,0.0,0.12829858119031215,0.2700445918895705,0.28630594526161435
2022-12-20,风险平价策略,1.0,0.3,0.15,0.15,0.12035059599444124,0.0,0.0,0.1061293588378864,0.07351823788403083,0.0,0.128869257753448,0.2711325495301935,0.28449951122519074
2022-12-21,风险平价策略,1.0,0.3,0.15,0.15,0.12035234348742115,0.0,0.0,0.10613058215941137,0.07352220666976972,0.0,0.12887034026812072,0.271124527415277,0.2845000236779211
2022-12-22,风险平价策略,1.0,0.3,0.15,0.15,0.1199736202993594,0.0,0.0,0.1061425451446458,0.07357595854051001,0.0,0.12898146608553823,0.27132640992994655,0.28420332584589447
2022-12-23,风险平价策略,1.0,0.3,0.15,0.15,0.0,0.5516218160768328,0.0,0.0,0.05367535392225326,0.0,0.09470283000091388,0.0,0.07722672346882269
2022-12-26,风险平价策略,1.0,0.3,0.15,0.15,0.0,0.39649128909787207,0.0,0.05718684091384562,0.039315747005021495,0.0,0.06942357981189265,0.1375825431713681,0.11529403122804488
2022-12-27,风险平价策略,1.0,0.3,0.15,0.15,0.0,0.39097440335917194,0.0,0.05815299322502963,0.03999827042258764,0.0,0.07071806744259683,0.14015626555061395,0.11631564809353344
2022-12-28,风险平价策略,1.0,0.3,0.15,0.15,0.0,0.3954077993892475,0.0,0.05522293752679575,0.04049517050804223,0.0,0.0672686158164019,0.14160547675951266,0.11599949752418148
2022-12-29,风险平价策略,1.0,0.3,0.15,0.15,0.0,0.3930200758942068,0.05968655338141665,0.0,0.04026260461298089,0.0,0.06692062866067143,0.1401101374507242,0.11615051343467866
2022-12-30,风险平价策略,1.0,0.3,0.15,0.15,0.0585559377192592,0.36016468025362364,0.05464464094237607,0.0,0.036899079317091715,0.0,0.06132950145540344,0.12840616031224586,0.16850260083691684
2023-01-03,风险平价策略,1.0,0.3,0.15,0.15,0.05896992841537406,0.36061655700974377,0.053585950192359705,0.0,0.036933240264853395,0.0,0.06172028948938964,0.12817403462827948,0.1687501125459592
2023-01-04,风险平价策略,1.0,0.3,0.15,0.15,0.061989866656318025,0.37094970617712925,0.04658275839283542,0.0,0.034690515934273046,0.0,0.05249080568082745,0.1332963471586168,0.17076102030534662
2023-01-05,风险平价策略,1.0,0.3,0.15,0.15,0.06835059355640913,0.3968961266911501,0.0,0.0,0.034823661555895,0.0,0.0553208616535717,0.14460875654297414,0.17387518303518712
2023-01-06,风险平价策略,1.0,0.3,0.15,0.15,0.0,0.41079521514494555,0.053573026220300864,0.0,0.036795599255912,0.0,0.056339075339336665,0.14249708403950492,0.11432007977255197
2023-01-09,风险平价策略,1.0,0.3,0.15,0.15,0.0,0.4108502422850502,0.0535931039285802,0.0,0.0366527343804417,0.0,0.05635741850640797,0.14254650089951995,0.11431660218807281
2023-01-10,风险平价策略,1.0,0.3,0.15,0.15,0.0,0.39807377933776916,0.056656474227590375,0.0,0.038708850278115374,0.0,0.05694109850525318,0.14961979765127184,0.11689327105517734
2023-01-11,风险平价策略,1.0,0.3,0.15,0.15,0.0,0.3980624205740705,0.05666087471776915,0.0,0.038713850762811385,0.0,0.05694798270175054,0.1496148712435984,0.11689405679830789
2023-01-12,风险平价策略,1.0,0.3,0.15,0.15,0.0,0.39813666660069313,0.05666225875748239,0.0,0.03871539063770684,0.0,0.056948664195930074,0.14953701980818762,0.11687468636638812
2023-01-13,风险平价策略,1.0,0.3,0.15,0.15,0.0,0.3957980265306384,0.0570506924415306,0.0,0.039003002319599835,0.0,0.0574002049643866,0.15074807374384447,0.11732505914188955
2023-01-16,风险平价策略,1.0,0.3,0.15,0.15,0.0,0.389047591942149,0.058631374817699686,0.0,0.03900608722325709,0.0,0.05821240589441537,0.15510254012247884,0.11873456859790746
2023-01-17,风险平价策略,1.0,0.3,0.15,0.15,0.0,0.389344518611535,0.05841527195949273,0.0,0.039038190485997,0.0,0.05798414280598571,0.15521787613698962,0.11871549274456195
2023-01-18,风险平价策略,1.0,0.3,0.15,0.15,0.0,0.37560532260270607,0.05647872302891289,0.0,0.03774339646102932,0.024488643379992264,0.056057994984899724,0.1496259195424597,0.12386226884959191
2023-01-19,风险平价策略,1.0,0.3,0.15,0.15,0.0,0.35363427082105764,0.051185765765474,0.047512306549980565,0.035624635764782996,0.022032165585045668,0.04920042247341435,0.14081043304024482,0.1255620055810393
2023-01-20,风险平价策略,1.0,0.3,0.15,0.15,0.0,0.0,0.10387707869599759,0.0963784319218643,0.07226773008717612,0.04472656315827674,0.09703844615397676,0.28571174998270843,0.19325318401950176
2023-01-30,风险平价策略,1.0,0.3,0.15,0.15,0.0,0.38190304921254276,0.0512813269194241,0.0,0.03862669893837577,0.023143639324581782,0.0537546616745458,0.1512906239305297,0.12307457265905075
2023-01-31,风险平价策略,1.0,0.3,0.15,0.15,0.06359227595166751,0.3337042047166708,0.04472712066484366,0.039158057179069415,0.032520138062484806,0.01935843849688199,0.04694399060596884,0.11999577432241297,0.1787811689032866
2023-02-01,风险平价策略,1.0,0.3,0.15,0.15,0.06385336965478182,0.3324740410702951,0.04490471775618409,0.03930330724022242,0.03264742902470708,0.01943577876274444,0.04689169280646222,0.1204896636846028,0.17924104271577154
2023-02-02,风险平价策略,1.0,0.3,0.15,0.15,0.06418582188903946,0.33590716529830733,0.043327314133065065,0.03951806247741322,0.02933172172047724,0.018361650478421695,0.04667236581497472,0.12269589818830128,0.17912314117342082
2023-02-03,风险平价策略,1.0,0.3,0.15,0.15,0.06524931546103371,0.3566740303967676,0.04540771613375059,0.041881205572628165,0.031196531386121447,0.0,0.04927774993985788,0.11031345110984062,0.17272967783255105
2023-02-06,风险平价策略,1.0,0.3,0.15,0.15,0.06702354844454977,0.3614984870296374,0.045558525148122635,0.043798116355588106,0.03323137917247196,0.0,0.05208066439853152,0.0968092794510987,0.1718844923383214
2023-02-07,风险平价策略,1.0,0.3,0.15,0.15,0.06735272586038438,0.3635322445365611,0.04565355541358034,0.044018441576567334,0.03338412116571338,0.0,0.05029324888540232,0.09576566256179113,0.17181635996279712
2023-02-08,风险平价策略,1.0,0.3,0.15,0.15,0.06530383118259146,0.35289347825826195,0.04469379504877958,0.04308459364493939,0.03234782899258862,0.01871970179983001,0.049210460874505216,0.09374631019850377,0.17430647260399545
2023-02-09,风险平价策略,1.0,0.3,0.15,0.15,0.06572081775085094,0.3545204198707718,0.04504871286801764,0.04175069013184723,0.03247630224993253,0.018838401016849922,0.04760767575888591,0.09403698035284407,0.17454034478293062
2023-02-10,风险平价策略,1.0,0.3,0.15,0.15,0.0687810509945634,0.35717700853691825,0.046292963605592874,0.03942738285721717,0.02960323132202742,0.019405108507213862,0.04964332953569957,0.08966992464076741,0.1762291274281449
2023-02-13,风险平价策略,1.0,0.3,0.15,0.15,0.06881141460098804,0.35730808040953294,0.046141601426758876,0.039317094738091404,0.029622424874444435,0.01941674281856695,0.04967490113865404,0.08970773999296323,0.17624258227425413
2023-02-14,风险平价策略,1.0,0.3,0.15,0.15,0.07291308425997187,0.37861983731517773,0.04888886353971233,0.0,0.031375856155229934,0.02057271377179981,0.052629262314301775,0.0950003826438065,0.17755987355369537
2023-02-15,风险平价策略,1.0,0.3,0.15,0.15,0.08498291633437738,0.44747888463784335,0.05796828897921752,0.0,0.0,0.0,0.0,0.10956991004856168,0.17812438950059553
2023-02-16,风险平价策略,1.0,0.3,0.15,0.15,0.07218141504248954,0.38235225890096036,0.04941640141810201,0.0,0.03170629238161072,0.020479166902170092,0.05032510278702049,0.09353936256764674,0.17632353373673187
2023-02-17,风险平价策略,1.0,0.3,0.15,0.15,0.08123298369622264,0.4335303905874501,0.05710465244619761,0.0,0.0,0.022853680419001043,0.0,0.10527829285112857,0.17999908758469685
2023-02-20,风险平价策略,1.0,0.3,0.15,0.15,0.08156235506184377,0.4096034280608125,0.057287363278116205,0.04578520210230252,0.0,0.0,0.0,0.10576165149692492,0.17990731364337006
2023-02-21,风险平价策略,1.0,0.3,0.15,0.15,0.07775762146294314,0.39002169276322923,0.05463689449939307,0.04364901851541689,0.03357221098815239,0.0,0.0,0.1003625617708652,0.17904270302822162
2023-02-22,风险平价策略,1.0,0.3,0.15,0.15,0.19057582426333572,0.0,0.13387962892781047,0.1069431453605257,0.08228919047897539,0.05183461595665859,0.13447759501269405,0.0,0.3191657949886763
2023-02-23,风险平价策略,1.0,0.3,0.15,0.15,0.07861905919256089,0.40917476722550883,0.05662113109447641,0.04496203963337246,0.034678668401131034,0.021189173042390326,0.05475516141056004,0.0,0.16689581567478443
2023-02-24,风险平价策略,1.0,0.3,0.15,0.15,0.06862787727798383,0.3569986992664203,0.0490358270090131,0.03915526441533247,0.030271564761142716,0.018497598476785063,0.04779037133450281,0.08962279745881968,0.17603594847146
2023-02-27,风险平价策略,1.0,0.3,0.15,0.15,0.07752447133857984,0.4235987715963522,0.04901773674372791,0.042490174401747,0.03280150201203637,0.021774020220146243,0.05279332368741039,0.0,0.16416278030362097
2023-02-28,风险平价策略,1.0,0.3,0.15,0.15,0.08384196586191944,0.4581288681406799,0.05302735217920414,0.04598293841631342,0.03546371930692638,0.023555156094956658,0.0,0.0,0.16670331629328286
2023-03-01,风险平价策略,1.0,0.3,0.15,0.15,0.0838389550315215,0.4581259849118459,0.053028477053794494,0.04599154662961708,0.03545897321993191,0.023556063153289064,0.0,0.0,0.16670127410010444
2023-03-02,风险平价策略,1.0,0.3,0.15,0.15,0.086057429665291,0.45320155223000785,0.05353639607243431,0.04696431025809901,0.03605140436444825,0.024188907409719657,0.0,0.0,0.169336770596993
2023-03-03,风险平价策略,1.0,0.3,0.15,0.15,0.07406232066879037,0.38998828105076644,0.046071519383831076,0.0404146185517351,0.031022808214458478,0.020814491141965877,0.0,0.09762596098845261,0.17891959340340388
2023-03-06,风险平价策略,1.0,0.3,0.15,0.15,0.07432097713471332,0.39060223440788777,0.04542300193527835,0.0397499178003733,0.03113956931558962,0.020882981270029032,0.0,0.09788131813612863,0.1790967500207903
2023-03-07,风险平价策略,1.0,0.3,0.15,0.15,0.0740332715038492,0.39076354466350305,0.04545003770266139,0.03977058979233753,0.031153943096697844,0.020892062440390883,0.0,0.09793655080056006,0.17884152505115714
2023-03-08,风险平价策略,1.0,0.3,0.15,0.15,0.10077496338782627,0.5292657457306139,0.0,0.0,0.04397725619053176,0.02598203469102799,0.0,0.0,0.171796991684611
2023-03-09,风险平价策略,1.0,0.3,0.15,0.15,0.1006328075565379,0.5299749992302308,0.0,0.0,0.04351995351276731,0.025872239700463952,0.0,0.0,0.1715596913386126
2023-03-10,风险平价策略,1.0,0.3,0.15,0.15,0.08780060829131213,0.6121993917086879,0.0,0.0,0.0,0.0,0.0,0.0,0.14510559308402932
2023-03-13,风险平价策略,1.0,0.3,0.15,0.15,0.07960395602184808,0.5509139231693856,0.0,0.0,0.044940449914970426,0.02454167089379575,0.0,0.0,0.15087001527264235
2023-03-14,风险平价策略,1.0,0.3,0.15,0.15,0.07104290835391089,0.5153222755689976,0.0,0.0,0.0,0.0,0.0,0.11363481607709149,0.15774371374472146
2023-03-15,风险平价策略,1.0,0.3,0.15,0.15,0.07180413419842972,0.5133089367272042,0.0,0.0,0.0,0.0,0.0,0.11488692907436593,0.1588051977574323
2023-03-16,风险平价策略,1.0,0.3,0.15,0.15,0.06611490272214507,0.5158087242852815,0.0,0.0,0.0,0.0,0.0,0.11807637299257343,0.15407150526719768
2023-03-17,风险平价策略,1.0,0.3,0.15,0.15,0.06372646331622181,0.49258301643235947,0.0,0.0,0.029961540036921374,0.0,0.0,0.11372898021449727,0.15497861499336668
2023-03-20,风险平价策略,1.0,0.3,0.15,0.15,0.060229898093367554,0.494877293726715,0.0,0.0,0.030621133678818843,0.0,0.0,0.11427167450109854,0.15180349202224222
2023-03-21,风险平价策略,1.0,0.3,0.15,0.15,0.06204268785410465,0.49556267865416725,0.0,0.0,0.031880623448755724,0.0,0.0,0.11051401004297223,0.15279538361877953
2023-03-22,风险平价策略,1.0,0.3,0.15,0.15,0.06326056765009305,0.5073547654027865,0.0,0.0,0.03245766963734925,0.0,0.0,0.09692699730977122,0.15060179987024805
2023-03-23,风险平价策略,1.0,0.3,0.15,0.15,0.06427846915016867,0.504629892756032,0.0,0.0,0.03264274843080847,0.0,0.0,0.09844888966299098,0.1520091728079444
2023-03-24,风险平价策略,1.0,0.3,0.15,0.15,0.06009127364432988,0.47433255753229153,0.037384534910766085,0.0,0.031902763329171906,0.0,0.0,0.09628887058344067,0.15231546669768237
2023-03-27,风险平价策略,1.0,0.3,0.15,0.15,0.05456482150138363,0.45407661517476244,0.03469737073936085,0.03941677577957228,0.030084316377327038,0.0,0.0,0.08716010042759367,0.14929416222765382
2023-03-28,风险平价策略,1.0,0.3,0.15,0.15,0.054657098051871064,0.4546459259298556,0.03475429174262542,0.039470855505788355,0.030133559325864614,0.0,0.0,0.08633826944399495,0.14919669028957924
2023-03-29,风险平价策略,1.0,0.3,0.15,0.15,0.05423736330390391,0.4549247286087457,0.03476541056698245,0.03951231517279568,0.030159456670536385,0.0,0.0,0.08640072567703574,0.14881422846104825
2023-03-30,风险平价策略,1.0,0.3,0.15,0.15,0.05486199649043198,0.45211116604537505,0.035152302576734816,0.03994331285461721,0.030506243036418013,0.0,0.0,0.08742497899642285,0.14984512954577214
2023-03-31,风险平价策略,1.0,0.3,0.15,0.15,0.0549805197566693,0.45255974604146687,0.034728362865382535,0.04006264003374755,0.030134745654669223,0.0,0.0,0.08753398564806436,0.14989349661431858
2023-04-03,风险平价策略,1.0,0.3,0.15,0.15,0.06550039360147966,0.49135089585333996,0.0,0.0,0.03581905409150624,0.017444845290628817,0.0,0.0898848111630453,0.15662350281202314
2023-04-04,风险平价策略,1.0,0.3,0.15,0.15,0.06549011752382837,0.49137294949877924,0.0,0.0,0.03581301793232347,0.01744244377648542,0.0,0.08988147126858353,0.15661104827347158
2023-04-06,风险平价策略,1.0,0.3,0.15,0.15,0.06279146820104438,0.49423143138423786,0.0,0.0,0.03364400990506131,0.018014575429097728,0.0,0.09131851508055865,0.15420058402937845
2023-04-07,风险平价策略,1.0,0.3,0.15,0.15,0.058424000028076586,0.4643993696010452,0.0,0.0431431322922382,0.03130822483286902,0.01694717742502151,0.0,0.08577809582074944,0.1537002472622653
2023-04-10,风险平价策略,1.0,0.3,0.15,0.15,0.0587710856287995,0.47165155019183946,0.0,0.04276997116767883,0.031195678012574522,0.01693393238164914,0.0,0.0786777826174585,0.15215747252757789
2023-04-11,风险平价策略,1.0,0.3,0.15,0.15,0.0558387713761695,0.4479072982533441,0.03548217853971107,0.040317430707267114,0.0296391267526033,0.01608861216346375,0.0,0.07472658220744098,0.15227484177035405
2023-04-12,风险平价策略,1.0,0.3,0.15,0.15,0.056147274047377516,0.4488544486408409,0.03567994378528644,0.03993671185811181,0.02831628922426551,0.016193722868654573,0.0,0.07487160957546324,0.15242711133356657
2023-04-13,风险平价策略,1.0,0.3,0.15,0.15,0.06335926374637454,0.5020132880944681,0.0,0.0,0.031845185813815076,0.018272831986368532,0.0,0.08450943035897378,0.1528332242732354
2023-04-14,风险平价策略,1.0,0.3,0.15,0.15,0.05577307318118194,0.44616233662421567,0.03631825169404887,0.040667229365665074,0.028740591585825374,0.016240628051455812,0.0,0.07609788949760718,0.15263511917172776
2023-04-17,风险平价策略,1.0,0.3,0.15,0.15,0.0591051698419525,0.43861103454323047,0.0384333287973341,0.04300419192342759,0.03040583887367528,0.017203236483833123,0.0,0.07323719953654691,0.15628089317443966
2023-04-18,风险平价策略,1.0,0.3,0.15,0.15,0.059393862114236,0.44065390629871304,0.037912414916617475,0.04327711005855302,0.029892974223125608,0.01702922567850907,0.0,0.07184050671024572,0.15604703348165416
2023-04-19,风险平价策略,1.0,0.3,0.15,0.15,0.060085503184614766,0.4420137639339652,0.037246144586262984,0.04378253370483715,0.028664582128871224,0.016719559857260438,0.0,0.07148791260418817,0.15634028945494405
2023-04-20,风险平价策略,1.0,0.3,0.15,0.15,0.06082292426605281,0.44187731069783637,0.0374729724291036,0.044378466034221714,0.0273473692061411,0.016049035532253956,0.0,0.07205192183439045,0.15692536943662536
2023-04-21,风险平价策略,1.0,0.3,0.15,0.15,0.05423196693129087,0.48712361781273184,0.0,0.04077656128315663,0.028636222514127598,0.016303702428888994,0.0,0.07292792902980401,0.14543946991490553
2023-04-24,风险平价策略,1.0,0.3,0.15,0.15,0.05444993036998546,0.48849517298398937,0.0,0.040578614933748265,0.028061160372786713,0.016373554941186974,0.0,0.07204156639830302,0.14533646152006333
2023-04-25,风险平价策略,1.0,0.3,0.15,0.15,0.05449209707457872,0.48844021247323116,0.0,0.040524451660347315,0.028080415389739783,0.01638469389457306,0.0,0.07207812950752991,0.1453856635766926
2023-04-26,风险平价策略,1.0,0.3,0.15,0.15,0.05489733909195296,0.4889607005122242,0.0,0.04004146325046964,0.027811048734104716,0.015963291267414928,0.0,0.07232615714383354,0.14561544621547767
2023-04-27,风险平价策略,1.0,0.3,0.15,0.15,0.05689606341763324,0.49293044383838197,0.0,0.03626177935272147,0.02675526992088232,0.013558264300809126,0.0,0.07359817916957183,0.14651573984031727
2023-04-28,风险平价策略,1.0,0.3,0.15,0.15,0.05487359185890323,0.470030982493389,0.03289089963668871,0.03495044199237018,0.025789611241564727,0.013066681607832968,0.0,0.06839779116925121,0.14719593463485028
2023-05-04,风险平价策略,-1.0,0.0,0.0,0.0,0.08325978942281292,0.6985709325686545,0.04760317570614689,0.05229636611674767,0.0,0.01607937804874742,0.0,0.1021903581368906,0.15046669068262097
2023-05-05,风险平价策略,-1.0,0.0,0.0,0.0,0.08201794532778378,0.6999436507020744,0.04763092876086423,0.051856539035202626,0.0,0.01608965436928847,0.0,0.10246128180478646,0.14927237974621885
2023-05-08,风险平价策略,-1.0,0.0,0.0,0.0,0.09125520631640018,0.6806018778511624,0.05277430283587854,0.057410956493371364,0.0,0.017793949420226243,0.0,0.1001637070829613,0.1596397965530608
2023-05-09,风险平价策略,-1.0,0.0,0.0,0.0,0.08698964798566818,0.7278880010164337,0.0,0.05833998582021397,0.0,0.019291596216948315,0.0,0.10749076896073591,0.15079197184074278
2023-05-10,风险平价策略,-1.0,0.0,0.0,0.0,0.07105038612873427,0.7394771826229228,0.0,0.06045114906018774,0.0,0.01974411966960847,0.0,0.10927716251854669,0.13612522334340516
2023-05-11,风险平价策略,-1.0,0.0,0.0,0.0,0.07656820573620154,0.7858560819600124,0.0,0.0,0.0,0.020866995742102944,0.0,0.11670871656168312,0.13557048705994607
2023-05-12,风险平价策略,-1.0,0.0,0.0,0.0,0.06576428802926614,0.7701015929240885,0.0,0.0,0.0,0.0,0.054550184983336816,0.1095839340633086,0.12279185343792855
2023-05-15,风险平价策略,-1.0,0.0,0.0,0.0,0.0698006909856486,0.8122220236666237,0.0,0.0,0.0,0.0,0.0,0.1179772853477277,0.12313988147467796
2023-05-16,风险平价策略,-1.0,0.0,0.0,0.0,0.06692283681603918,0.8163890461510713,0.0,0.0,0.0,0.0,0.0,0.11668811703288952,0.12000523573902504
2023-05-17,风险平价策略,-1.0,0.0,0.0,0.0,0.06949427760842766,0.8135825275463956,0.0,0.0,0.0,0.0,0.0,0.11692319484517674,0.12257233535373704
2023-05-18,风险平价策略,-1.0,0.0,0.0,0.0,0.06950237897485298,0.8137439314234844,0.0,0.0,0.0,0.0,0.0,0.11675368960166255,0.1225370103489056
2023-05-19,风险平价策略,-1.0,0.0,0.0,0.0,0.06475272893192403,0.8215162101018365,0.0,0.0,0.0,0.0,0.0,0.11373106096623939,0.11713533125501698
2023-05-22,风险平价策略,-1.0,0.0,0.0,0.0,0.0646547772714583,0.8210167327770233,0.0,0.0,0.0,0.0,0.0,0.11432848995151845,0.11719217277730905
2023-05-23,风险平价策略,-1.0,0.0,0.0,0.0,0.0689232689135026,0.9310767310864974,0.0,0.0,0.0,0.0,0.0,0.0,0.09220018719066504
2023-05-24,风险平价策略,-1.0,0.0,0.0,0.0,0.05700330252028051,0.8300066829584842,0.0,0.0,0.0,0.0,0.0,0.11299001452123511,0.10939067366018845
2023-05-25,风险平价策略,-1.0,0.0,0.0,0.0,0.05840825467237464,0.8259099034969615,0.0,0.0,0.0,0.0,0.0,0.1156818418306639,0.11144691797238458
2023-05-26,风险平价策略,-1.0,0.0,0.0,0.0,0.06950602252022964,0.9304939774797704,0.0,0.0,0.0,0.0,0.0,0.0,0.0927683719572239
2023-05-29,风险平价策略,-1.0,0.0,0.0,0.0,0.06962877278316283,0.9303712272168372,0.0,0.0,0.0,0.0,0.0,0.0,0.09288805346358377
2023-05-30,风险平价策略,-1.0,0.0,0.0,0.0,0.0713684872981378,0.9286315127018622,0.0,0.0,0.0,0.0,0.0,0.0,0.09458427511568436
2023-05-31,风险平价策略,-1.0,0.0,0.0,0.0,0.06834503206571758,0.9316549679342825,0.0,0.0,0.0,0.0,0.0,0.0,0.09163640626407465
2023-06-01,风险平价策略,-1.0,0.0,0.0,0.0,0.060251116661313046,0.8214047963311267,0.0,0.0,0.0,0.0,0.0,0.11834408700756037,0.11392258093170812
2023-06-02,风险平价策略,-1.0,0.0,0.0,0.0,0.0,0.8387002421304486,0.0,0.0,0.0,0.0,0.0,0.16129975786955136,0.0661314382567356
2023-06-05,风险平价策略,-1.0,0.0,0.0,0.0,0.07152068146965612,0.7463008688618722,0.0,0.0,0.0,0.0,0.057706237009923014,0.1244722126585487,0.13253223354688656
2023-06-06,风险平价策略,-1.0,0.0,0.0,0.0,0.0,0.8035572167166177,0.0,0.0,0.0,0.0,0.062292112754896475,0.13415067052848587,0.06574909282402804
2023-06-07,风险平价策略,-1.0,0.0,0.0,0.0,0.0701631789374156,0.7475696999558961,0.0,0.0,0.0,0.0,0.0575272065187257,0.12473991458796263,0.13125813436837688
2023-06-08,风险平价策略,-1.0,0.0,0.0,0.0,0.07171642488660114,0.7463712868358705,0.0,0.0,0.0,0.0,0.05884157205695173,0.12307071622057654,0.13248491196666307
2023-06-09,风险平价策略,-1.0,0.0,0.0,0.0,0.0717261252501679,0.7463440878956846,0.0,0.0,0.0,0.0,0.058860780036448186,0.1230690068176991,0.13249595076125403
2023-06-12,风险平价策略,-1.0,0.0,0.0,0.0,0.06852001450853892,0.7465177041332277,0.0,0.0,0.0,0.0,0.06003211944440695,0.12493016191382626,0.12996757797551386
2023-06-13,风险平价策略,-1.0,0.0,0.0,0.0,0.060862673565118236,0.664480733702452,0.05827654572201911,0.05171445305098953,0.0,0.0,0.05345593885828332,0.11120965510113781,0.13316122719125634
2023-06-14,风险平价策略,-1.0,0.0,0.0,0.0,0.0,0.7106003359012156,0.062279120868252665,0.055298585833576414,0.0,0.0,0.05691137166667028,0.11491058573028502,0.07615088379097
2023-06-15,风险平价策略,-1.0,0.0,0.0,0.0,0.0,0.7029405491499957,0.07918498865482353,0.06869040236288437,0.047733520730312014,0.028231527740973136,0.0732190113610113,0.0,0.06790083516977907
2023-06-16,风险平价策略,-1.0,0.0,0.0,0.0,0.0,0.6888389117379153,0.08285175249428832,0.07186190375106476,0.04992818624909463,0.02960262588720544,0.07691661988043146,0.0,0.06993495032341229
2023-06-19,风险平价策略,-1.0,0.0,0.0,0.0,0.0,0.6768037568557269,0.08773334774885791,0.07140796547949325,0.04889042803170342,0.03187385696057747,0.08329064492364109,0.0,0.07172149487077707
2023-06-20,风险平价策略,-1.0,0.0,0.0,0.0,0.0,0.6767674198546355,0.08774251621679723,0.07141856269070936,0.048897541217570256,0.03187161441297829,0.08330234560730924,0.0,0.07172576166965715
2023-06-21,风险平价策略,-1.0,0.0,0.0,0.0,0.0,0.6778869565983775,0.08804417090925357,0.06978662818084289,0.048975124521078155,0.031905633534479304,0.08340148625596867,0.0,0.07157786888226747
2023-06-26,风险平价策略,-1.0,0.0,0.0,0.0,0.0,0.6904867333042395,0.08572791083334842,0.06609105274088792,0.04655631347962699,0.03135102962350709,0.07978696001839013,0.0,0.06987241007793338
2023-06-27,风险平价策略,-1.0,0.0,0.0,0.0,0.0,0.6880400474574474,0.08695230668396758,0.06704993424737729,0.0472487017997765,0.03182477820666605,0.0788842316047652,0.0,0.07031251817616599
2023-06-28,风险平价策略,-1.0,0.0,0.0,0.0,0.0,0.6921580507308582,0.08453916176842598,0.06723416495561672,0.046676996118532404,0.031068393419673004,0.07832323300689363,0.0,0.06964667906946033
2023-06-29,风险平价策略,-1.0,0.0,0.0,0.0,0.0,0.693428183235317,0.08334562448240211,0.06680355157871712,0.04686049386734898,0.03118718623175624,0.07837496060445856,0.0,0.06949450118085294
2023-06-30,风险平价策略,-1.0,0.0,0.0,0.0,0.0,0.6934135808906063,0.08335676032259338,0.06680461913243405,0.04686590368076172,0.03118553362286371,0.07837360235074088,0.0,0.06949630292571174
2023-07-03,风险平价策略,-1.0,0.0,0.0,0.0,0.0,0.6019318572315413,0.07328923552527425,0.058721169563279635,0.04120692883212631,0.02742024618918529,0.06893743265324956,0.1284931300053436,0.09688956057337657
2023-07-04,风险平价策略,-1.0,0.0,0.0,0.0,0.0,0.6302116432126008,0.07925817950370208,0.0,0.04467987382204824,0.029804255705014902,0.07533875484417042,0.1407072929124635,0.09476162032149227
2023-07-05,风险平价策略,-1.0,0.0,0.0,0.0,0.0,0.5942621074132243,0.07378943380509455,0.057663776420988515,0.0421424218798153,0.028158309850116324,0.0711329546879652,0.1328509959427958,0.09850950016652803
2023-07-06,风险平价策略,-1.0,0.0,0.0,0.0,0.0,0.5925216254966817,0.07413794095104045,0.057949300021524375,0.042344349322846614,0.028289867192629305,0.07130566308988216,0.13345125392539542,0.09883438338034813
2023-07-07,风险平价策略,-1.0,0.0,0.0,0.0,0.06647603075069956,0.6392697338190948,0.07948165442881429,0.06239608807865711,0.04569054007273433,0.03053858855474147,0.07614736429525851,0.0,0.13259711040563807
2023-07-10,风险平价策略,-1.0,0.0,0.0,0.0,0.05816485393976003,0.5592778370026702,0.06954378927697567,0.05459405614531106,0.03998249066291449,0.026723405490159082,0.06662551566266331,0.12508805181954621,0.15104333984755822
2023-07-11,风险平价策略,-1.0,0.0,0.0,0.0,0.0,0.5938172530552901,0.07384214178531706,0.057963455660810584,0.04245188672350675,0.028373100284610323,0.0707425176523448,0.13280964483812052,0.0986137676013127
2023-07-12,风险平价策略,-1.0,0.0,0.0,0.0,0.0,0.5942296894856874,0.07322069688057939,0.057893146361291364,0.04251469552045416,0.028415894321152692,0.07082554989716718,0.13290032753366776,0.09857395477314629
2023-07-13,风险平价策略,-1.0,0.0,0.0,0.0,0.058632945534535914,0.558109822136958,0.0693755074254875,0.054872354813367455,0.04023340054530989,0.026941790918021808,0.06584520893942221,0.12598896968689724,0.15176318890710244
2023-07-14,风险平价策略,-1.0,0.0,0.0,0.0,0.05897758039373763,0.5584645112479363,0.06981060080857622,0.05518561813644524,0.040471593577603396,0.02709789161719815,0.066226576026726,0.12376562819177718,0.15175391520900744
2023-07-17,风险平价策略,-1.0,0.0,0.0,0.0,0.05714144512957531,0.5649097467616113,0.06672976756722428,0.05504048985395411,0.03633632509669689,0.02600846064653665,0.06786744605467253,0.12596631888972895,0.14934064993556587
2023-07-18,风险平价策略,-1.0,0.0,0.0,0.0,0.05704503029506475,0.5650588429745418,0.06648904852204433,0.05509046558565366,0.03636082054700093,0.026025014343678963,0.06790313978911139,0.1260276379429043,0.1492487145062251
2023-07-19,风险平价策略,-1.0,0.0,0.0,0.0,0.0,0.59840984777282,0.070648561733227,0.05853536415708457,0.03863413230732024,0.02765377120230246,0.07216089980519247,0.13395742302205316,0.09793567903460149
2023-07-20,风险平价策略,-1.0,0.0,0.0,0.0,0.0,0.5990970833040167,0.07002589993037307,0.05871174413455128,0.0387323912141475,0.027689800737406657,0.07230286617428987,0.13344021450521493,0.0977833255394814
2023-07-21,风险平价策略,-1.0,0.0,0.0,0.0,0.0,0.6050829746062578,0.07051111298046547,0.05914815237369573,0.0389645716315611,0.027884186479060585,0.07026886413740471,0.12814013779155456,0.09643366459198491
2023-07-24,风险平价策略,-1.0,0.0,0.0,0.0,0.0,0.6066014862738803,0.06918479296224915,0.05929216412701266,0.03808285248213638,0.02807951577285974,0.07053815486349009,0.12822103351837175,0.096252729777805
2023-07-25,风险平价策略,-1.0,0.0,0.0,0.0,0.0,0.0,0.17803614394614148,0.15363181129104836,0.0983530687510785,0.07276185262758515,0.1850121068383079,0.31220501654583865,0.20453966588827582
2023-07-26,风险平价策略,-1.0,0.0,0.0,0.0,0.07023828176122003,0.4790639009079449,0.0803131874319747,0.06897930477275174,0.044359204054346006,0.03281828734696973,0.08343998838345783,0.14078784534133496,0.17441238986236732
2023-07-27,风险平价策略,-1.0,0.0,0.0,0.0,0.07024418913279443,0.479095743524833,0.08025087518469348,0.0689854535686361,0.04436522531955074,0.03281937461816011,0.08344232246588712,0.14079681618544515,0.17441429395607283
2023-07-28,风险平价策略,-1.0,0.0,0.0,0.0,0.13996802787799034,0.0,0.15958911553498015,0.1357188812223438,0.08807029411851613,0.06530764106334666,0.1555853521248098,0.2557606880580131,0.3149267909320498
2023-07-31,风险平价策略,-1.0,0.0,0.0,0.0,0.07392278101778937,0.47669640721452466,0.08421735790315064,0.0714421210286115,0.04468947977644437,0.034545153868467814,0.08021044672680629,0.13427625246420535,0.17742207739160198
2023-08-01,风险平价策略,-1.0,0.0,0.0,0.0,0.07391210183151986,0.4767420020355412,0.08422025521832341,0.07142677141103863,0.044680332459248844,0.034540312024102904,0.08020495136710101,0.1342732736531242,0.17740589280948946
2023-08-02,风险平价策略,-1.0,0.0,0.0,0.0,0.07002333914456703,0.4849682002485146,0.07410009794991636,0.07292302986696843,0.04387740756069168,0.035855900784354806,0.08244611792906122,0.13580590651592592,0.1733479412930298
2023-08-03,风险平价策略,-1.0,0.0,0.0,0.0,0.07535493021045386,0.5091842843180983,0.07091839930016003,0.07453309739929428,0.03787861984255662,0.03157970024046076,0.07273349214804323,0.1278174765409332,0.173145893651208
2023-08-04,风险平价策略,-1.0,0.0,0.0,0.0,0.07537029828093755,0.5092540113265503,0.07093739340482232,0.07454642610883126,0.03788544217375525,0.031584863718138165,0.07275212272941177,0.12766944225755342,0.17313196103256698
2023-08-07,风险平价策略,-1.0,0.0,0.0,0.0,0.07194298487521496,0.5143837922582492,0.07002151102584771,0.07560522441836426,0.03750184451484082,0.03221973420126914,0.06873846936753958,0.12958643933867442,0.17000868989728316
2023-08-08,风险平价策略,-1.0,0.0,0.0,0.0,0.07219454776137532,0.5151862288256924,0.06929216549041173,0.0756789042034566,0.03769181938803738,0.03179304328880108,0.06819614999924964,0.12996714104297583,0.17010725677335495
2023-08-09,风险平价策略,-1.0,0.0,0.0,0.0,0.07105589197138451,0.5154682287532398,0.06922329658076436,0.07602671251525296,0.03784155562617692,0.031896414427561616,0.06846092648986443,0.13002697363575536,0.16912998928054196
2023-08-10,风险平价策略,-1.0,0.0,0.0,0.0,0.07137836269643755,0.5157546816207144,0.06951208480442549,0.0760985326598686,0.03801016295609596,0.03204135868661125,0.0687947259137767,0.12841009066207007,0.16918303076766497
2023-08-11,风险平价策略,-1.0,0.0,0.0,0.0,0.06854349988174482,0.518300558933576,0.06836358080015115,0.07521561512865008,0.03842958845266474,0.03232890363421084,0.06943085322231518,0.1293873999466873,0.16660644730756632
2023-08-14,风险平价策略,-1.0,0.0,0.0,0.0,0.07390452689213968,0.5599521832726359,0.0,0.07576502324419689,0.03899210125447272,0.03537567492293276,0.07555656216644256,0.14045392824717953,0.16712406137247374
2023-08-15,风险平价策略,-1.0,0.0,0.0,0.0,0.06887898673682108,0.5218955815757622,0.06797774507689529,0.07061673109052564,0.03633842427214163,0.032968446972943925,0.07041628035958367,0.13090780391532655,0.16663722916364593
2023-08-16,风险平价策略,-1.0,0.0,0.0,0.0,0.07216293362168394,0.561948874675722,0.0,0.0767635355030421,0.038322532572747633,0.03422724060343033,0.07451993671830993,0.1420549463050642,0.1654243454383268
2023-08-17,风险平价策略,-1.0,0.0,0.0,0.0,0.06802790750835108,0.5236936385634089,0.06256015123416347,0.07257868902016693,0.03619630740931659,0.03228785783764099,0.07048400992312896,0.13417143850382302,0.16595887375183532
2023-08-18,风险平价策略,-1.0,0.0,0.0,0.0,0.06782456823807363,0.5263277157589487,0.06284285404612193,0.07196820715012402,0.03634393581957036,0.03241305966194302,0.07078775737085195,0.13149190195436655,0.16512332011002884
2023-08-21,风险平价策略,-1.0,0.0,0.0,0.0,0.06695532948757821,0.5266453625210048,0.06295853128211291,0.07210126829706182,0.036394342883577534,0.0324440325114673,0.0708862171563146,0.1316149158608828,0.1643675448485171
2023-08-22,风险平价策略,-1.0,0.0,0.0,0.0,0.07032878452203499,0.5257601222660172,0.06616377415033523,0.07552353651251445,0.03858783586533765,0.031102419856476892,0.05678888323468687,0.1357446435925968,0.16804651876235777
2023-08-23,风险平价策略,-1.0,0.0,0.0,0.0,0.06987408411760733,0.5254839255313117,0.0664465192043487,0.07581067872866813,0.038476982879868595,0.0307362175267632,0.05701463813250496,0.13615695387892734,0.16768486066664
2023-08-24,风险平价策略,-1.0,0.0,0.0,0.0,0.06893949093302618,0.5270479134007432,0.06676684463649142,0.07431719189801289,0.03880022627541613,0.029870625174510272,0.05739986676533679,0.13685784091646305,0.16662595127233293
2023-08-25,风险平价策略,-1.0,0.0,0.0,0.0,0.0,0.6005326335888828,0.0,0.0890070006288127,0.04642585480841346,0.03576040233674739,0.06888321352973868,0.15939089510740495,0.10217442839446098
2023-08-28,风险平价策略,-1.0,0.0,0.0,0.0,0.07097149948681626,0.5148465158633385,0.06902406912135021,0.0770322566581448,0.0395780079161861,0.030958163917664865,0.05960837353117975,0.13798111350531964,0.1702303486480662
2023-08-29,风险平价策略,-1.0,0.0,0.0,0.0,0.07255079973830096,0.5044001105289664,0.07058103539837499,0.07879012280227728,0.03961620204961695,0.031304486373287484,0.06105460049935158,0.14170264260982435,0.1734262157971829
2023-08-30,风险平价策略,-1.0,0.0,0.0,0.0,0.08226237243953995,0.5889521777355832,0.08262710773514277,0.09222608183137766,0.04633307629350633,0.036596562531575526,0.07100262143327467,0.0,0.15378055097989876
2023-08-31,风险平价策略,-1.0,0.0,0.0,0.0,0.06977781248986537,0.5057014542628995,0.07105760193726242,0.07928932914554844,0.03957423403652897,0.03138607299824061,0.061001888134823164,0.14221160699483165,0.1709965163814144
2023-09-01,风险平价策略,-1.0,0.0,0.0,0.0,0.07504255197117114,0.4727105124473235,0.07620719077021634,0.08520401581762103,0.04264086211385495,0.03391148774954339,0.06253123936216891,0.15175213976810087,0.18140639072776765
2023-09-04,风险平价策略,-1.0,0.0,0.0,0.0,0.15673066035073074,0.0,0.14501979142431098,0.12888899969569517,0.07755181432034186,0.07139892814610448,0.10391038433966149,0.3164994217231553,0.33871572041778275
2023-09-05,风险平价策略,-1.0,0.0,0.0,0.0,0.0819138722409034,0.4570154443471278,0.07798973929375427,0.07089435489260335,0.04229764867619924,0.03921688339131681,0.05700512378160607,0.17366693337648906,0.19293812381659978
2023-09-06,风险平价策略,-1.0,0.0,0.0,0.0,0.0,0.0,0.16991828547215054,0.15465688729138793,0.09220737487308305,0.08537663318983708,0.12462265840260649,0.37321816077093484,0.21562983459953874
2023-09-07,风险平价策略,-1.0,0.0,0.0,0.0,0.0,0.0,0.1677285949738486,0.1559279432950506,0.08998979366227887,0.08604016335516697,0.1255009395810014,0.3748125651326535,0.21587880370193788
2023-09-08,风险平价策略,-1.0,0.0,0.0,0.0,0.0,0.0,0.0,0.17654530651827552,0.10774556073298155,0.1085416207253068,0.13642486667470793,0.4707426453487281,0.23084048636498503
2023-09-11,风险平价策略,-1.0,0.0,0.0,0.0,0.0,0.5361369674638101,0.0,0.08199329948369725,0.050061005566532216,0.05019294336846292,0.06338012765835588,0.2182356564591417,0.12043986533235138
2023-09-12,风险平价策略,-1.0,0.0,0.0,0.0,0.0,0.5368403552210609,0.0,0.08219327426145945,0.050153766363941796,0.050295119981257554,0.06206106425949861,0.21845641991278178,0.12042824736754629
2023-09-13,风险平价策略,-1.0,0.0,0.0,0.0,0.0,0.5407299083641951,0.0,0.08012437688336993,0.04975869554354735,0.05077872625995743,0.05885916036139952,0.21974913258753068,0.12022776662752402
2023-09-14,风险平价策略,-1.0,0.0,0.0,0.0,0.0,0.4954665134164202,0.08386324663415376,0.0734190841268182,0.04558835377152895,0.04652497394292957,0.05381847300062808,0.2013193551075213,0.12355566848025103
2023-09-15,风险平价策略,-1.0,0.0,0.0,0.0,0.0,0.0,0.17066599255971213,0.14973920865767518,0.09295405657800211,0.0948422387452939,0.11008724696649799,0.38171125649281873,0.21860703213517038
2023-09-18,风险平价策略,-1.0,0.0,0.0,0.0,0.0,0.0,0.17483052835195717,0.15085252222488355,0.09391462913572675,0.10273736022527882,0.11250563182047163,0.36515932824168207,0.2178210743617896
2023-09-19,风险平价策略,-1.0,0.0,0.0,0.0,0.0,0.0,0.1660466200953105,0.15624309760935434,0.09718113264297505,0.10244837016623831,0.10350559844755997,0.37457518103856186,0.21920740432422853
2023-09-20,风险平价策略,-1.0,0.0,0.0,0.0,0.17038789823168696,0.0,0.1380013230139649,0.13009564207111657,0.08026429973740096,0.08312698297441597,0.08624051783126989,0.3118833361401447,0.35206757958977686
2023-09-21,风险平价策略,-1.0,0.0,0.0,0.0,0.16190995765392155,0.0,0.140066957614011,0.13639899321441354,0.07758199463015503,0.08313643834668379,0.08469851961846647,0.3162071389223486,0.3454859155931929
2023-09-22,风险平价策略,-1.0,0.0,0.0,0.0,0.1626250474183908,0.0,0.13667899724829008,0.13719880474529872,0.0780218912889994,0.08345181413461918,0.08524819255049433,0.3167752526139075,0.3461931335430314
2023-09-25,风险平价策略,-1.0,0.0,0.0,0.0,0.16511417979937687,0.0,0.13402677315208011,0.1342025856540665,0.07756448722858504,0.0830346511130228,0.0847678536135721,0.3212894694392964,0.34876880080615447
2023-09-26,风险平价策略,-1.0,0.0,0.0,0.0,0.193144118054715,0.0,0.0,0.16063321697418567,0.08500374221600049,0.09218565205576368,0.10133919514887037,0.3676940755504648,0.37892391412863247
2023-09-27,风险平价策略,-1.0,0.0,0.0,0.0,0.19709705914711279,0.0,0.0,0.16815304708349577,0.08900514114777615,0.09655428744456557,0.10587884229627742,0.3433116228807723,0.37992129656298734
2023-09-28,风险平价策略,-1.0,0.0,0.0,0.0,0.21210427184465175,0.0,0.0,0.18260747376825964,0.09663751288151692,0.10493318077356395,0.11318288594664665,0.29053467478536105,0.3873919467979368
2023-10-09,风险平价策略,-1.0,0.0,0.0,0.0,0.45629094720962204,0.0,0.0,0.3045519967799095,0.13928143157600745,0.099875624434461,0.0,0.0,0.5606573098813563
2023-10-10,风险平价策略,-1.0,0.0,0.0,0.0,0.4814406715105325,0.0,0.0,0.37903720434782884,0.0,0.1395221241416387,0.0,0.0,0.5867337039315095
2023-10-11,风险平价策略,-1.0,0.0,0.0,0.0,0.0,0.0,0.0,0.7312974898688057,0.0,0.26870251013119434,0.0,0.0,0.2029924016209911
2023-10-12,风险平价策略,-1.0,0.0,0.0,0.0,0.4826248594534482,0.0,0.0,0.3805009820790637,0.0,0.13687415846748807,0.0,0.0,0.5873047472956946
2023-10-13,风险平价策略,-1.0,0.0,0.0,0.0,0.488245012004541,0.0,0.0,0.372874721853438,0.0,0.13888026614202106,0.0,0.0,0.5923466526665379
2023-10-16,风险平价策略,-1.0,0.0,0.0,0.0,0.3184482857553243,0.0,0.0,0.24317020363142391,0.0,0.09056694290673839,0.0,0.34781456770651337,0.4837250190243322
2023-10-17,风险平价策略,-1.0,0.0,0.0,0.0,0.3265276904437676,0.0,0.0,0.22771140256332345,0.0,0.09031908096314037,0.0,0.35544182602976865,0.4913873320504395
2023-10-18,风险平价策略,-1.0,0.0,0.0,0.0,0.32292083669468225,0.0,0.0,0.22895290099598808,0.0,0.09070925002654695,0.0,0.3574170122827827,0.48865702430171454
2023-10-19,风险平价策略,-1.0,0.0,0.0,0.0,0.0,0.0,0.0,0.33833761868657797,0.0,0.1318491909822621,0.0,0.5298131903311599,0.24467345339690114
2023-10-20,风险平价策略,-1.0,0.0,0.0,0.0,0.2697072925339415,0.0,0.0,0.24646437961417514,0.0,0.0964025949460335,0.0,0.38742573290584975,0.44846962886857816
2023-10-23,风险平价策略,-1.0,0.0,0.0,0.0,0.0,0.0,0.0,0.0,0.0,0.19362020687687867,0.0,0.8063797931231212,0.28774480827507515
2023-10-24,风险平价策略,-1.0,0.0,0.0,0.0,0.0,0.0,0.0,0.33782077124534077,0.0,0.12720926409879477,0.0,0.5349699646558644,0.24454987801451092
2023-10-25,风险平价策略,-1.0,0.0,0.0,0.0,0.0,0.0,0.0,0.3410570702013459,0.0,0.1251775337691659,0.0,0.5337653960294882,0.24408025292660515
2023-10-26,风险平价策略,-1.0,0.0,0.0,0.0,0.0,0.0,0.0,0.33984222665734065,0.0,0.12536712282616452,0.0,0.5347906505164947,0.24423361771416568
2023-10-27,风险平价策略,-1.0,0.0,0.0,0.0,0.0,0.6919761793895136,0.0,0.10423652048482987,0.0,0.038702469751656525,0.0,0.16508483037399996,0.0925857905875607
2023-10-30,风险平价策略,-1.0,0.0,0.0,0.0,0.0,0.6924452079931933,0.0,0.10418465275280363,0.0,0.03840152129332138,0.0,0.16496861796068155,0.0924603744831321
2023-10-31,风险平价策略,-1.0,0.0,0.0,0.0,0.0,0.6924208864633481,0.0,0.10463142228960524,0.0,0.037303673783312674,0.0,0.165644017463734,0.09236905022842612
2023-11-01,风险平价策略,-1.0,0.0,0.0,0.0,0.0,0.7213817159876584,0.0,0.10918674974239534,0.0,0.0,0.0,0.16943153426994625,0.08294525245405968
2023-11-02,风险平价策略,-1.0,0.0,0.0,0.0,0.0,0.6795047960137847,0.0,0.1026941542266673,0.0,0.0,0.05818842589193084,0.15961262386761724,0.08567471462549522
2023-11-03,风险平价策略,-1.0,0.0,0.0,0.0,0.0,0.0,0.0,0.3207941717754996,0.0,0.0,0.18207776568599854,0.4971280625385019,0.2141930345340403
2023-11-06,风险平价策略,-1.0,0.0,0.0,0.0,0.0,0.6826972941513691,0.0,0.10404972666374045,0.0,0.0,0.05913469779916843,0.1541182813857219,0.08455601812187673
2023-11-07,风险平价策略,-1.0,0.0,0.0,0.0,0.0,0.6839362781726737,0.0,0.1045464263335199,0.0,0.0,0.06018941454557874,0.15132788094822766,0.08402226572410901
2023-11-08,风险平价策略,-1.0,0.0,0.0,0.0,0.0,0.6861807241611149,0.0,0.10506007251886125,0.0,0.0,0.06058188862346046,0.14817731469656342,0.0833294233431333
2023-11-09,风险平价策略,-1.0,0.0,0.0,0.0,0.0,0.8082784222254025,0.0,0.11933879708132668,0.0,0.0,0.0723827806932709,0.0,0.04871092957877255
2023-11-10,风险平价策略,-1.0,0.0,0.0,0.0,0.0,0.9234184247275146,0.0,0.0,0.0,0.0,0.07658157527248546,0.0,0.03304106540361097
2023-11-13,风险平价策略,-1.0,0.0,0.0,0.0,0.0,0.9231640431389901,0.0,0.0,0.0,0.0,0.07683595686100991,0.0,0.03306777547040604
2023-11-14,风险平价策略,-1.0,0.0,0.0,0.0,0.0,0.9221799505093872,0.0,0.0,0.0,0.0,0.07782004949061286,0.0,0.03317110519651435
2023-11-15,风险平价策略,-1.0,0.0,0.0,0.0,0.0,0.6900833205781954,0.11189113418979288,0.0,0.0,0.0,0.058218797805848106,0.1398067474261637,0.08186899747890784
2023-11-16,风险平价策略,-1.0,0.0,0.0,0.0,0.0,0.6913315517589455,0.11223407279995753,0.0,0.0,0.0,0.058034797908707796,0.13839957753238924,0.08153714587916785
2023-11-17,风险平价策略,-1.0,0.0,0.0,0.0,0.0,0.6933953051306289,0.11362024172316289,0.0,0.0,0.0,0.052043829001430966,0.14094062414477732,0.08174319383469546
2023-11-20,风险平价策略,-1.0,0.0,0.0,0.0,0.0,0.6687299766554881,0.10982895599967124,0.0,0.05111580778396957,0.0,0.04811313762794432,0.12221212193292685,0.08345467173246171
2023-11-21,风险平价策略,-1.0,0.0,0.0,0.0,0.0,0.6340500602275523,0.11050240683112031,0.08763885654661831,0.0,0.0,0.04825735686421705,0.11955131953049204,0.08730167950701298
2023-11-22,风险平价策略,-1.0,0.0,0.0,0.0,0.0,0.6870501132839926,0.12449010394026408,0.0,0.0,0.0,0.053506762798904484,0.13495301997683887,0.08183739421991454
2023-11-23,风险平价策略,-1.0,0.0,0.0,0.0,0.0,0.654356669113665,0.13776187444376983,0.0,0.0,0.0,0.057280027077020325,0.15060142936554485,0.08801562038121
2023-11-24,风险平价策略,-1.0,0.0,0.0,0.0,0.0,0.654377642331249,0.1377546690537961,0.0,0.0,0.0,0.057271412583985604,0.15059627603096928,0.08801242903147814
2023-11-27,风险平价策略,-1.0,0.0,0.0,0.0,0.0,0.0,0.30799082935658584,0.23909148675757666,0.0,0.0,0.11625673225648875,0.33666095162934884,0.19691161222782722
2023-11-28,风险平价策略,-1.0,0.0,0.0,0.0,0.0,0.581637117576099,0.12624191874793006,0.09932443378778495,0.0,0.0,0.04941900508697262,0.14337752480121338,0.09720172195076307
2023-11-29,风险平价策略,-1.0,0.0,0.0,0.0,0.0,0.6823472324673825,0.14943081553409254,0.0,0.0,0.0,0.0,0.16822195199852502,0.08806975785672638
2023-11-30,风险平价策略,-1.0,0.0,0.0,0.0,0.0,0.6823584145332173,0.14942334098761995,0.0,0.0,0.0,0.0,0.16821824447916267,0.08806780337551517
2023-12-01,风险平价策略,0.0,0.0,0.0,0.0,0.0,0.82008710414541,0.17991289585458997,0.0,0.0,0.0,0.0,0.0,0.04928824094036964
2023-12-04,风险平价策略,0.0,0.0,0.0,0.0,0.09818458765306491,0.6092617116603909,0.13736856202406858,0.0,0.0,0.0,0.0,0.1551851386624754,0.17884693919391878
2023-12-05,风险平价策略,0.0,0.0,0.0,0.0,0.0,0.8423605505649769,0.15763944943502312,0.0,0.0,0.0,0.0,0.0,0.04628132567372813
2023-12-06,风险平价策略,0.0,0.0,0.0,0.0,0.0,0.8417436430237234,0.1582563569762767,0.0,0.0,0.0,0.0,0.0,0.04636460819179736
2023-12-07,风险平价策略,0.0,0.0,0.0,0.0,0.0,0.8526784439265114,0.1473215560734886,0.0,0.0,0.0,0.0,0.0,0.04488841006992096
2023-12-08,风险平价策略,0.0,0.0,0.0,0.0,0.0,0.8526577081438517,0.14734229185614828,0.0,0.0,0.0,0.0,0.0,0.044891209400580015
2023-12-11,风险平价策略,0.0,0.0,0.0,0.0,0.0,0.8521757717388023,0.14782422826119776,0.0,0.0,0.0,0.0,0.0,0.0449562708152617
2023-12-12,风险平价策略,0.0,0.0,0.0,0.0,0.09700720378110567,0.7177660542496092,0.12412387920426705,0.0,0.0,0.0,0.06110286276501803,0.0,0.14275454796948098
2023-12-13,风险平价策略,0.0,0.0,0.0,0.0,0.0,0.8056216727255078,0.12722346229556575,0.0,0.0,0.0,0.06715486497892649,0.0,0.049226428232688656
2023-12-14,风险平价策略,0.0,0.0,0.0,0.0,0.0,0.8578918616282658,0.1421081383717342,0.0,0.0,0.0,0.0,0.0,0.04418459868018412
2023-12-15,风险平价策略,0.0,0.0,0.0,0.0,0.0,0.8578302875351783,0.14216971246482157,0.0,0.0,0.0,0.0,0.0,0.04419291118275091
2023-12-18,风险平价策略,0.0,0.0,0.0,0.0,0.0,0.8563532609536932,0.14364673904630682,0.0,0.0,0.0,0.0,0.0,0.04439230977125143
2023-12-19,风险平价策略,0.0,0.0,0.0,0.0,0.0,0.7395495561864981,0.12356558866425307,0.0,0.0,0.0,0.0,0.13688485514924872,0.0765869925327326
2023-12-20,风险平价策略,0.0,0.0,0.0,0.0,0.0,0.7038763516458055,0.11889482367597574,0.0,0.04553313752194363,0.0,0.0,0.13169568715627522,0.08123550636178874
2023-12-21,风险平价策略,0.0,0.0,0.0,0.0,0.0,0.7038771435255609,0.11888603198073316,0.0,0.04553560900648426,0.0,0.0,0.1317012154872217,0.08123608757258073
2023-12-22,风险平价策略,0.0,0.0,0.0,0.0,0.0,0.6435531490520376,0.10862322237591697,0.08584347343187838,0.041617150914074925,0.0,0.0,0.12036300422609193,0.08798005689424668
2023-12-25,风险平价策略,0.0,0.0,0.0,0.0,0.0,0.644032271268662,0.10889113801249091,0.08503997222153607,0.041470380836042646,0.0,0.0,0.12056623766126832,0.08793829570644325
2023-12-26,风险平价策略,0.0,0.0,0.0,0.0,0.0,0.6439169301463585,0.10894480909940261,0.08507194052386904,0.041440615827243246,0.0,0.0,0.12062570440312656,0.08796070511688922
2023-12-27,风险平价策略,0.0,0.0,0.0,0.0,0.0,0.6439661700831932,0.10887742936306993,0.08509128625751021,0.04144452638936502,0.0,0.0,0.1206205879068616,0.08795348285148596
2023-12-28,风险平价策略,0.0,0.0,0.0,0.0,0.0,0.6618416845408609,0.11708852163983949,0.09143794188235999,0.0,0.0,0.0,0.1296318519369397,0.08620719481941656
2023-12-29,风险平价策略,0.0,0.0,0.0,0.0,0.0,0.6745380256846255,0.10843070909784748,0.09329267329988715,0.0,0.0,0.0,0.12373859191763989,0.08378599756269235
2024-01-02,风险平价策略,0.0,0.0,0.0,0.0,0.0,0.6632857043811489,0.1121337828241679,0.0965205488263757,0.0,0.0,0.0,0.12805996396830754,0.08582362558474183
2024-01-03,风险平价策略,0.0,0.0,0.0,0.0,0.0851031570511641,0.5992736968981458,0.09492741179064051,0.0665405389323638,0.038700510531970364,0.0,0.0,0.11545468479571541,0.16482627012253373
2024-01-04,风险平价策略,0.0,0.0,0.0,0.0,0.08587024788940749,0.6029244822835711,0.09387667129441332,0.06523786436005692,0.03904856114063519,0.0,0.0,0.11304217303191601,0.16469174949405646
2024-01-05,风险平价策略,0.0,0.0,0.0,0.0,0.08578850012816593,0.6033925299520645,0.09383701957817585,0.0649303213806732,0.039091635283215305,0.0,0.0,0.11295999367770528,0.16455046415828747
2024-01-08,风险平价策略,0.0,0.0,0.0,0.0,0.07832817161221026,0.6364404123912947,0.09901617774116656,0.06750883298565766,0.0,0.0,0.0,0.11870640526967088,0.15412097711379236
2024-01-09,风险平价策略,0.0,0.0,0.0,0.0,0.07622982032337886,0.6171371696146223,0.09591252527672092,0.06253630226049861,0.03432566709015665,0.0,0.0,0.11385851543462258,0.1547258096967205
2024-01-10,风险平价策略,0.0,0.0,0.0,0.0,0.0781676215859532,0.6030502105925373,0.09555039296855099,0.06748895159579836,0.03707548989027817,0.0,0.0,0.11866733336688191,0.15885985860513674
2024-01-11,风险平价策略,0.0,0.0,0.0,0.0,0.07579055864843297,0.6047476304021338,0.09582592053381164,0.06761822642538116,0.03706123100299676,0.0,0.0,0.11895643298724382,0.15666852342889487
2024-01-12,风险平价策略,0.0,0.0,0.0,0.0,0.0915757424666769,0.6406154506484121,0.0,0.08010691463054065,0.044608269733777794,0.0,0.0,0.1430936225205925,0.16805785523428182
2024-01-15,风险平价策略,0.0,0.0,0.0,0.0,0.09219683218461948,0.6420644926135174,0.0,0.07663219836804115,0.04469244210386866,0.0,0.0,0.14441403472995323,0.1685432411208886
2024-01-16,风险平价策略,0.0,0.0,0.0,0.0,0.09073829803159486,0.6263367469008534,0.0,0.07463232791909445,0.04398697709898755,0.02246881134949087,0.0,0.1418368386999789,0.17272000974583038
2024-01-17,风险平价策略,0.0,0.0,0.0,0.0,0.08207399717644397,0.6619827762100862,0.0,0.07892486483232235,0.045970856341502615,0.0,0.0,0.13104750543964508,0.15575989205602375
2024-01-18,风险平价策略,0.0,0.0,0.0,0.0,0.0793585480531487,0.6432063265210567,0.0,0.07834924982407766,0.046306142652240964,0.023339288114093523,0.0,0.12944044483538236,0.1595585271893255
2024-01-19,风险平价策略,0.0,0.0,0.0,0.0,0.06977404272675583,0.5815212972413811,0.09959551695450854,0.06869630570853467,0.041968762737042496,0.021133729851278968,0.0,0.11731034478049833,0.1579831465401233
2024-01-22,风险平价策略,0.0,0.0,0.0,0.0,0.0,0.7037630163518938,0.0,0.08324473040538845,0.05106699588851019,0.024742042087510144,0.0,0.13718321526669747,0.08592337531738477
2024-01-23,风险平价策略,0.0,0.0,0.0,0.0,0.0,0.6995902262972292,0.0,0.08423233532755599,0.051834195790952456,0.025105514927123544,0.0,0.13923772765713882,0.08679907111498002
2024-01-24,风险平价策略,0.0,0.0,0.0,0.0,0.05860870481135528,0.5865079094268953,0.10320680569064146,0.07060838616908179,0.04345276831762338,0.021037566708745195,0.0,0.1165778588756574,0.1478426256905619
2024-01-25,风险平价策略,0.0,0.0,0.0,0.0,0.05913581999488176,0.5908365227822787,0.10437163300733979,0.06766596220589573,0.04348896278965629,0.021260448314085405,0.0,0.11324065090586244,0.1473365976869468
2024-01-26,风险平价策略,0.0,0.0,0.0,0.0,0.05962444458890955,0.5876543549988932,0.10508245074943612,0.06817937852023484,0.04385780220322287,0.021439162229413666,0.0,0.11416240670988975,0.14831952831375864
2024-01-29,风险平价策略,0.0,0.0,0.0,0.0,0.05964595034613527,0.5894701661997749,0.10407932160475737,0.06736243262376833,0.043653070503562395,0.021491274961770404,0.0,0.11429778376023146,0.1481149946039307
2024-01-30,风险平价策略,0.0,0.0,0.0,0.0,0.057990872006929275,0.5911921838985827,0.10467958368339805,0.06663532885743773,0.043589092137395764,0.020957307062679297,0.0,0.11495563235357709,0.1464851235933438
2024-01-31,风险平价策略,0.0,0.0,0.0,0.0,0.05715878364533599,0.5919169906626888,0.10491656790453598,0.06680875422744928,0.042958661239069766,0.02099112987036503,0.0,0.11524911245055533,0.14572264540833502
2024-02-01,风险平价策略,0.0,0.0,0.0,0.0,0.059137377852990385,0.6304292828400128,0.10987688169161375,0.0,0.044003780480812826,0.022842449339003108,0.0,0.1337102277955671,0.14470750124762688
2024-02-02,风险平价策略,0.0,0.0,0.0,0.0,0.07178887389173837,0.7656368853885026,0.0,0.0,0.0,0.0,0.0,0.16257424071975904,0.13645058342798347
2024-02-05,风险平价策略,0.0,0.0,0.0,0.0,0.07284827314822052,0.7736819498668495,0.0,0.0,0.0,0.0,0.0,0.15346977698492995,0.13516185945067216
2024-02-06,风险平价策略,0.0,0.0,0.0,0.0,0.10547987234507124,0.8571631393077949,0.0,0.0,0.0,0.03735698834713383,0.0,0.0,0.13886318709884893
2024-02-07,风险平价策略,0.0,0.0,0.0,0.0,0.08170298118641552,0.6638587893604027,0.0,0.0,0.05912239954338795,0.02894240670305606,0.0,0.16637342320673784,0.16419638748566606
2024-02-08,风险平价策略,0.0,0.0,0.0,0.0,0.09214800222600468,0.7193595702325446,0.0,0.0,0.0,0.0,0.0,0.18849242754145085,0.16290987119342454
2024-02-19,风险平价策略,0.0,0.0,0.0,0.0,0.10944958369853974,0.8516538166046425,0.0,0.0,0.0,0.03889659969681793,0.0,0.0,0.14318784101663753
2024-02-20,风险平价策略,0.0,0.0,0.0,0.0,0.10958328267256925,0.851365777211361,0.0,0.0,0.0,0.03905094011606966,0.0,0.0,0.14336372793999558
2024-02-21,风险平价策略,0.0,0.0,0.0,0.0,0.09402399366579751,0.7304576778835709,0.14247027820415098,0.0,0.0,0.03304805024648079,0.0,0.0,0.1456560562044248
2024-02-22,风险平价策略,0.0,0.0,0.0,0.0,0.08819302657033856,0.6847496277408512,0.13380005087650412,0.0,0.06221364965015667,0.031043645162149414,0.0,0.0,0.14723006229651495
2024-02-23,风险平价策略,0.0,0.0,0.0,0.0,0.08832986872473049,0.685184048066644,0.133964957852982,0.0,0.061423825603545895,0.031097299752097553,0.0,0.0,0.14728704945614773
2024-02-26,风险平价策略,0.0,0.0,0.0,0.0,0.07393716833908437,0.7574988510505433,0.13632109985062796,0.0,0.0,0.03224288075974441,0.0,0.0,0.12500373743456664
2024-02-27,风险平价策略,0.0,0.0,0.0,0.0,0.06964399801703373,0.7120022786625811,0.1282606000775538,0.0,0.05972375139978169,0.030369371843049685,0.0,0.0,0.12783698772374566
2024-02-28,风险平价策略,0.0,0.0,0.0,0.0,0.05768289607018094,0.6080600520488507,0.10666768362235393,0.0,0.05098214048699212,0.025987860723312075,0.0,0.15061936704831033,0.14910772883875426
2024-02-29,风险平价策略,0.0,0.0,0.0,0.0,0.05767852222570241,0.6080426031272382,0.1066848331815598,0.0,0.0509763230860905,0.02598602711359992,0.0,0.1506316912658091,0.14910753776834684
2024-03-01,风险平价策略,0.0,0.0,0.0,0.0,0.06792383580792376,0.5404242687128221,0.1258837285077865,0.0,0.05768190065477997,0.030524015871315015,0.0,0.17756225044537252,0.17086687740182788
2024-03-04,风险平价策略,0.0,0.0,0.0,0.0,0.05868407584170865,0.46691892181860645,0.10877278923097722,0.08230166132903405,0.04983291818380378,0.026371875230352736,0.0536952162164591,0.15342254214905796,0.16777824705161104
2024-03-05,风险平价策略,0.0,0.0,0.0,0.0,0.059196703095832734,0.4693827860661392,0.10779000528638535,0.08316378340001378,0.046753506482441844,0.02579439656729557,0.05365991498627341,0.15425890411561818,0.1678544640414484
2024-03-06,风险平价策略,0.0,0.0,0.0,0.0,0.05920894132596209,0.4693806481727556,0.10783468149689038,0.0831572299609509,0.046768681562675135,0.025788092661202366,0.053584948984142684,0.15427677583542085,0.1678685694826315
2024-03-07,风险平价策略,0.0,0.0,0.0,0.0,0.05949106040074429,0.46725759163549235,0.10841473829389157,0.08354300380394793,0.046556002893860776,0.025918137433005188,0.05385848369938657,0.1549609818396713,0.16848474119383214
2024-03-08,风险平价策略,0.0,0.0,0.0,0.0,0.0625572435519958,0.4887818846455915,0.11402003881324646,0.08784177052765983,0.0,0.027247436456992614,0.05663579948979177,0.16291582651472203,0.16877294518671332
2024-03-11,风险平价策略,0.0,0.0,0.0,0.0,0.06157870722192696,0.48878223314156033,0.10527779761954704,0.09098004426930309,0.0,0.02683420296670069,0.05623984342719312,0.17030717135376863,0.16878365032661655
2024-03-12,风险平价策略,0.0,0.0,0.0,0.0,0.05419494846277814,0.47046443047531405,0.1152965935053629,0.09829101169018485,0.0,0.02903213362643064,0.06101822886219601,0.1717026533777334,0.16542997151425728
2024-03-13,风险平价策略,0.0,0.0,0.0,0.0,0.05415318627717214,0.4715094667880975,0.1155701133924349,0.09853807787913291,0.0,0.02910000352414066,0.06094284538100791,0.17018630675801405,0.1650849704698254
2024-03-14,风险平价策略,0.0,0.0,0.0,0.0,0.05541372806326969,0.46203531123885067,0.11843613487446156,0.09789527692826984,0.0,0.0297381100062975,0.06236667954834341,0.1741147593405074,0.1679536328913199
2024-03-15,风险平价策略,0.0,0.0,0.0,0.0,0.055404154359603684,0.4620055603843314,0.11847329785317064,0.09789518832787329,0.0,0.029738615838551443,0.06236743165876762,0.174115751577702,0.16794978478391182
2024-03-18,风险平价策略,0.0,0.0,0.0,0.0,0.058608455233476235,0.4834565620488883,0.11580521805600756,0.1019831021763305,0.0,0.028586055734908956,0.061157960353260814,0.15040264639712783,0.1647518141941631
2024-03-19,风险平价策略,0.0,0.0,0.0,0.0,0.05830340920150245,0.4839916746173568,0.11598161651456651,0.1012466357830766,0.0,0.028621719816792658,0.061224743387581895,0.15063020067912308,0.16445434460647304
2024-03-20,风险平价策略,0.0,0.0,0.0,0.0,0.060396867285064534,0.4713311944449973,0.11498933304283815,0.1047511715390611,0.0,0.02962358067455708,0.06335715920737249,0.1555506938061093,0.16860879865782064
2024-03-21,风险平价策略,0.0,0.0,0.0,0.0,0.06045034583462188,0.47114581961206287,0.115214416381229,0.10499024828510341,0.0,0.029397044599529437,0.06344696174992565,0.15535516353752762,0.16861634276138412
2024-03-22,风险平价策略,0.0,0.0,0.0,0.0,0.07144328912535827,0.45789031648204703,0.10114375576929303,0.11903780909661092,0.0,0.03512753807219528,0.05890382211906076,0.15645346933543477,0.18082487788845622
2024-03-25,风险平价策略,0.0,0.0,0.0,0.0,0.06694417819140239,0.42850140782296325,0.09503279059280577,0.11167339008367372,0.06577217712914912,0.032978051442317004,0.05214751532692579,0.14695048941076302,0.18038926289622398
2024-03-26,风险平价策略,0.0,0.0,0.0,0.0,0.0718337695133238,0.4585064402180808,0.10068877436544377,0.11987294098222098,0.0,0.03539821383191446,0.05597061301669389,0.15772924807232236,0.18135410255303527
2024-03-27,风险平价策略,0.0,0.0,0.0,0.0,0.06599374669850047,0.43000704649711746,0.09466883135576029,0.1098227307038514,0.06619253017681608,0.032498970613280685,0.0525724686720026,0.14824367528267102,0.17945762352328307
2024-03-28,风险平价策略,0.0,0.0,0.0,0.0,0.06605349879108557,0.4301417419213045,0.09483462294178799,0.10997134624856035,0.06626877930768764,0.032547992442200635,0.051672816701452184,0.1485092016459212,0.17955709010543175
2024-03-29,风险平价策略,-1.0,0.0,0.0,0.0,0.06605710083383363,0.4301273700321793,0.09484256796775274,0.10997311125310827,0.06626134934815228,0.03255004322790054,0.05167510124128521,0.148513356095788,0.17956273985027765
2024-04-01,风险平价策略,-1.0,0.0,0.0,0.0,0.06836587714264218,0.41045960953668137,0.09847217560802193,0.1135549403783081,0.06846705449340194,0.03355431793723825,0.053516120870800224,0.1536099040329061,0.18489635578508434
2024-04-02,风险平价策略,-1.0,0.0,0.0,0.0,0.06839676089066007,0.41077722113372106,0.09857316838920575,0.11363557324874574,0.06850152972512548,0.033585057056870746,0.052769767851221686,0.15376092170444952,0.18492519629044998
2024-04-03,风险平价策略,-1.0,0.0,0.0,0.0,0.06841696625626721,0.41097425099614704,0.09864230591866384,0.1136946375932977,0.06846009256066432,0.033606857692999814,0.052351701679210536,0.15385318730274963,0.1849422573532249
2024-04-08,风险平价策略,-1.0,0.0,0.0,0.0,0.06846607048439173,0.4112277487716844,0.09871798201485672,0.11380684183124011,0.06783930618968172,0.033641067768497866,0.05238380429821356,0.1539171786414339,0.18495526433559378
2024-04-09,风险平价策略,-1.0,0.0,0.0,0.0,0.06727254995184596,0.4121941199594948,0.09898289715162834,0.11415461507631795,0.06685887812312678,0.033769757272418176,0.05249171311797626,0.15427546934719188,0.18387279063796075
2024-04-10,风险平价策略,-1.0,0.0,0.0,0.0,0.06783117725110036,0.4081505237131173,0.09994503382391122,0.11510128127329221,0.06736557431397973,0.03360527926586438,0.05238397823041155,0.15561715212832336,0.18503090752381804
2024-04-11,风险平价策略,-1.0,0.0,0.0,0.0,0.0756835247122551,0.4560520226192076,0.10073979888769509,0.12424268608979362,0.0,0.03781460281212207,0.05429728313699915,0.15117008174192734,0.1845689654695621
2024-04-12,风险平价策略,-1.0,0.0,0.0,0.0,0.0752975693698484,0.4561547448514486,0.10078696980016084,0.12435301588619382,0.0,0.03786524267041705,0.05432519690899179,0.1512172605129395,0.1842438218972768
2024-04-15,风险平价策略,-1.0,0.0,0.0,0.0,0.07240979859681082,0.4367768740362868,0.09778854150539656,0.11609365210740276,0.06815366359569877,0.035033962097254394,0.05251902610568779,0.1212244819554622,0.1811176904494249
2024-04-16,风险平价策略,-1.0,0.0,0.0,0.0,0.07414392238448787,0.4534399576193959,0.09801867342108084,0.08315847179465245,0.07162890674161744,0.03699582917151789,0.05496891570735744,0.1276453231598902,0.18137049356717652
2024-04-17,风险平价策略,-1.0,0.0,0.0,0.0,0.07451227346194299,0.45700692180918223,0.09923312433136777,0.08359554688579623,0.07220943780845242,0.036398533602810056,0.04806064076301859,0.1289835213374297,0.18147643835592767
2024-04-18,风险平价策略,-1.0,0.0,0.0,0.0,0.07663744800345913,0.4651783076787901,0.1022929645096153,0.08566455084401926,0.06480317389886406,0.03251285619008231,0.049390951789906455,0.12351974708526339,0.18076711461220524
2024-04-19,风险平价策略,-1.0,0.0,0.0,0.0,0.07692797061151925,0.4644031706720888,0.10276314854621041,0.08470134718545148,0.0650269343379198,0.03262844528265565,0.049561521425537096,0.1239874619386175,0.18118753765141626
2024-04-22,风险平价策略,-1.0,0.0,0.0,0.0,0.06089494140108667,0.49701647573560703,0.11302623035186417,0.09118740893193286,0.06968722968117688,0.029009263940288313,0.051115696201541765,0.08806275375650235,0.1584269406445978
2024-04-23,风险平价策略,-1.0,0.0,0.0,0.0,0.05556285510665643,0.5629862741525501,0.07656866281060494,0.0753435609912853,0.07621545215956631,0.03416367912126193,0.05833624029511979,0.06082327536295514,0.14244670029469572
2024-04-24,风险平价策略,-1.0,0.0,0.0,0.0,0.05946095647026776,0.5261285416414013,0.0835229214768009,0.08160849890024179,0.08280199927778965,0.037010444961278297,0.06361701845623215,0.06584961881598805,0.15166298520424976
2024-04-25,风险平价策略,-1.0,0.0,0.0,0.0,0.05984078903268371,0.5278911073504386,0.08408095575895182,0.08207517452430545,0.08017699956381613,0.03729432656862797,0.06279585504141397,0.0658447921597624,0.15178732494969283
2024-04-26,风险平价策略,-1.0,0.0,0.0,0.0,0.059175625541980345,0.5047874272014468,0.0891835939212235,0.08661495980622666,0.08470475059033071,0.039404926347822014,0.06643160724815558,0.06969710934281456,0.15508376340831612
2024-04-29,风险平价策略,-1.0,0.0,0.0,0.0,0.07313738939819343,0.5044686649255095,0.10970455705532395,0.1026574188143743,0.0,0.046877847151764275,0.08098117612217141,0.08217294653266312,0.1682639111740754
2024-04-30,风险平价策略,-1.0,0.0,0.0,0.0,0.07324992738734461,0.5046939807443256,0.10986311740368307,0.10276948450928391,0.0,0.04678605533817115,0.08106864947840037,0.08156878513879133,0.16823821519129586
2024-05-06,风险平价策略,-1.0,0.0,0.0,0.0,0.07945173195535471,0.5369189026251728,0.101888139699219,0.11110013715062007,0.0,0.0,0.08749009786711054,0.08315099070252283,0.16160881893638904
2024-05-07,风险平价策略,-1.0,0.0,0.0,0.0,0.08012134302611666,0.540435075775294,0.09787698310522154,0.10933904229090406,0.0,0.0,0.08810266776930432,0.08412488803315935,0.16179509944317327
2024-05-08,风险平价策略,-1.0,0.0,0.0,0.0,0.08221213090380676,0.5500559631447325,0.09025169587768869,0.10161053599815574,0.0,0.0,0.0899715017966894,0.08589817227892699,0.16240927055422935
2024-05-09,风险平价策略,-1.0,0.0,0.0,0.0,0.08490112307758901,0.53942402267655,0.09302883419048631,0.10462133645024713,0.0,0.0,0.09029707269464446,0.08772761091048313,0.16631310145225917
2024-05-10,风险平价策略,-1.0,0.0,0.0,0.0,0.08173813810865337,0.5199437679466269,0.0895884919771169,0.10070776825052666,0.0,0.03977484188647586,0.08377053803716936,0.08447645379343091,0.17245566035440696
2024-05-13,风险平价策略,-1.0,0.0,0.0,0.0,0.08636885578335363,0.5449293427798442,0.09517152616256544,0.10038518240345581,0.0,0.0,0.08807556533011092,0.08506952754067,0.16655045392771514
2024-05-14,风险平价策略,-1.0,0.0,0.0,0.0,0.08560891033243272,0.5479457908446765,0.09583864963501317,0.10050507445769097,0.0,0.0,0.08644375309267363,0.08365782163751298,0.1653844289189335
2024-05-15,风险平价策略,-1.0,0.0,0.0,0.0,0.08559930952168951,0.5484249653818674,0.09432236761154673,0.10037318448033584,0.0,0.0,0.08693628007270743,0.08434389293185313,0.16537922842130826
2024-05-16,风险平价策略,-1.0,0.0,0.0,0.0,0.08715867030708505,0.5417289537853426,0.09592722539530553,0.10203554575290964,0.0,0.0,0.08738641757609056,0.08576318718326656,0.16774986423163946
2024-05-17,风险平价策略,-1.0,0.0,0.0,0.0,0.08718307778292982,0.5416473090392623,0.09594937368086898,0.10204617786204508,0.0,0.0,0.08740248779620273,0.08577157383869112,0.1677819128441175
2024-05-20,风险平价策略,-1.0,0.0,0.0,0.0,0.08723908065061677,0.5419524071716573,0.09602752770992255,0.10173747981380422,0.0,0.0,0.08720503721398426,0.08583846744001493,0.16780171775472663
2024-05-21,风险平价策略,-1.0,0.0,0.0,0.0,0.09047622986827547,0.5403801169017584,0.09357170602467248,0.10543494759241419,0.0,0.0,0.08926918649989309,0.08086781311298634,0.17007477928617556
2024-05-22,风险平价策略,-1.0,0.0,0.0,0.0,0.09057461564064086,0.5426258499180795,0.08900654928705716,0.1064125595058914,0.0,0.0,0.08971931403164071,0.0816611116166905,0.16993594137225124
2024-05-23,风险平价策略,-1.0,0.0,0.0,0.0,0.08677755489331425,0.6152063561101069,0.0575089293616865,0.07351426576325873,0.0,0.0,0.1014295016585563,0.06556339221307736,0.15466501005133215
2024-05-24,风险平价策略,-1.0,0.0,0.0,0.0,0.09448437238394211,0.6579143609893626,0.06257219403298608,0.07990851061008084,0.0,0.0,0.1051205619836283,0.0,0.14739481720943856
2024-05-27,风险平价策略,-1.0,0.0,0.0,0.0,0.09453090054358905,0.6580620497009806,0.062311087970542474,0.07997742261025886,0.0,0.0,0.10511853917462904,0.0,0.14741402357174355
2024-05-28,风险平价策略,-1.0,0.0,0.0,0.0,0.0930232034117718,0.66184773266322,0.06259680369021306,0.08033783547981413,0.0,0.0,0.10219442475498111,0.0,0.14572421421370418
2024-05-29,风险平价策略,-1.0,0.0,0.0,0.0,0.0933724510944279,0.6655266674119263,0.06276760448717567,0.08055436175685543,0.0,0.0,0.09777891524961466,0.0,0.14565339136122094
2024-05-30,风险平价策略,-1.0,0.0,0.0,0.0,0.0787820487616806,0.6035355379345665,0.0459521682805065,0.07607693838433473,0.1132651758020604,0.0,0.08238813083685137,0.0,0.1433606311715603
2024-05-31,风险平价策略,-1.0,0.0,0.0,0.0,0.27986401270510836,0.0,0.16009127883233226,0.26755943619071504,0.0,0.0,0.29248527227184423,0.0,0.3863112125041357
2024-06-03,风险平价策略,-1.0,0.0,0.0,0.0,0.0,0.7717940656582963,0.056263492343953524,0.08085606833132437,0.0,0.0,0.09108637366642573,0.0,0.05307520992613722
2024-06-04,风险平价策略,-1.0,0.0,0.0,0.0,0.0,0.7710796279264559,0.056471795348658815,0.08098920617102481,0.0,0.0,0.0914593705538605,0.0,0.05316046911331264
2024-06-05,风险平价策略,-1.0,0.0,0.0,0.0,0.0,0.7798195407646602,0.05139864934514713,0.07573608765542544,0.0,0.0,0.0930457222347672,0.0,0.051932990329727854
2024-06-06,风险平价策略,-1.0,0.0,0.0,0.0,0.06972438880425502,0.6753650255769351,0.0445126656073768,0.06559635645312174,0.0,0.0,0.08058228087784845,0.06421928268046279,0.13268305363800806
2024-06-07,风险平价策略,-1.0,0.0,0.0,0.0,0.21496491389453684,0.0,0.13724570735803462,0.20185163779825502,0.0,0.0,0.24794495670640276,0.19799278424277075,0.35689131307935135
2024-06-11,风险平价策略,-1.0,0.0,0.0,0.0,0.06441376687025836,0.7431109256074626,0.044207776792542584,0.0638346633346107,0.0,0.0,0.08443286739512579,0.0,0.11125460319215581
2024-06-12,风险平价策略,-1.0,0.0,0.0,0.0,0.06122424739550732,0.6995206307521059,0.0,0.060078684195450115,0.09895761588848384,0.0,0.08021882176845273,0.0,0.11557609416652309
2024-06-13,风险平价策略,-1.0,0.0,0.0,0.0,0.06236804707784241,0.7569439451686829,0.0,0.0,0.10485885482270743,0.0,0.07582915293076727,0.0,0.1089754409079195
2024-06-14,风险平价策略,-1.0,0.0,0.0,0.0,0.05881135346844154,0.7129814299284424,0.0,0.058216170367070996,0.09852058609298571,0.0,0.07147046014305956,0.0,0.11199013592978928
2024-06-17,风险平价策略,-1.0,0.0,0.0,0.0,0.06411930918986117,0.8620798793043309,0.0,0.0,0.0,0.0,0.07380081150580788,0.0,0.09526541166822447
2024-06-18,风险平价策略,-1.0,0.0,0.0,0.0,0.0588030060431589,0.7900491436198872,0.0,0.0,0.09151386808590019,0.0,0.0,0.05963398225105376,0.11080910723855417
2024-06-19,风险平价策略,-1.0,0.0,0.0,0.0,0.05616267877590241,0.7546435385878075,0.0,0.0,0.08740394703901726,0.04483390317296843,0.0,0.05695593242430449,0.1201819483313857
2024-06-20,风险平价策略,-1.0,0.0,0.0,0.0,0.0,0.7558181668455881,0.0,0.05469998213688538,0.0875452589917405,0.044897583388484597,0.0,0.05703900863730126,0.07286829444439669
2024-06-21,风险平价策略,-1.0,0.0,0.0,0.0,0.0,0.7929893189283143,0.0,0.0,0.09412175006917665,0.049720998704712596,0.0,0.06316793229779653,0.06942317111385896
2024-06-24,风险平价策略,-1.0,0.0,0.0,0.0,0.0,0.8460533796198326,0.0,0.0,0.1007554417049081,0.05319117867525929,0.0,0.0,0.05530093675641317
2024-06-25,风险平价策略,-1.0,0.0,0.0,0.0,0.0,0.8460464192360981,0.0,0.0,0.10076380880523228,0.0531897719586695,0.0,0.0,0.055301735004566185
2024-06-26,风险平价策略,-1.0,0.0,0.0,0.0,0.0,0.8469247607036379,0.0,0.0,0.09981015689161965,0.05326508240474249,0.0,0.0,0.05518567205868388
2024-06-27,风险平价策略,-1.0,0.0,0.0,0.0,0.0,0.8475406284358712,0.0,0.0,0.09947613201944137,0.052983239544687366,0.0,0.0,0.05505409480850177
2024-06-28,风险平价策略,-1.0,0.0,0.0,0.0,0.0,0.8475423959506952,0.0,0.0,0.09947269075736304,0.05298491329194166,0.0,0.0,0.055054089580940435
2024-07-01,风险平价策略,-1.0,0.0,0.0,0.0,0.07076614590554157,0.7632918724914702,0.0,0.0,0.10756938760521115,0.05837259399777707,0.0,0.0,0.1268144686900029
2024-07-02,风险平价策略,-1.0,0.0,0.0,0.0,0.0,0.8214212631220543,0.0,0.0,0.11576067012992718,0.06281806674801857,0.0,0.0,0.060316626859504924
2024-07-03,风险平价策略,-1.0,0.0,0.0,0.0,0.0,0.821324639276806,0.0,0.0,0.11586143783692977,0.06281392288626417,0.0,0.0,0.06033001573780275
2024-07-04,风险平价策略,-1.0,0.0,0.0,0.0,0.0,0.8268465575505723,0.0,0.0,0.10664423302035271,0.06650920942907508,0.0,0.0,0.0600836305695283
2024-07-05,风险平价策略,-1.0,0.0,0.0,0.0,0.0,0.7597177780984437,0.0,0.0,0.09854366922039218,0.06479963912834341,0.0,0.07693891355282068,0.07802414853578746
2024-07-08,风险平价策略,-1.0,0.0,0.0,0.0,0.0,0.7366572824198616,0.0,0.0,0.10772966373918083,0.06839545964256628,0.0,0.08721759419839122,0.08303794835732803
2024-07-09,风险平价策略,-1.0,0.0,0.0,0.0,0.0,0.82765441012386,0.0,0.0,0.0,0.07617923840597124,0.0,0.09616635147016872,0.07199529495465454
2024-07-10,风险平价策略,-1.0,0.0,0.0,0.0,0.0,0.8338107017435109,0.0,0.0,0.0,0.06637157127820281,0.0,0.0998177269782862,0.07003313390653282
2024-07-11,风险平价策略,-1.0,0.0,0.0,0.0,0.0,0.8338652005540583,0.0,0.0,0.0,0.0663630358812934,0.0,0.09977176356464831,0.07001889529396688
2024-07-12,风险平价策略,-1.0,0.0,0.0,0.0,0.0,0.8338735964805699,0.0,0.0,0.0,0.06588196529173058,0.0,0.10024443822769954,0.06999751150912391
2024-07-15,风险平价策略,-1.0,0.0,0.0,0.0,0.0,0.8358565920672496,0.0,0.0,0.0,0.06433451108208706,0.0,0.09980889685066333,0.06942994946613483
2024-07-16,风险平价策略,-1.0,0.0,0.0,0.0,0.0,0.8373905407449773,0.0,0.0,0.0,0.062468540965593955,0.0,0.10014091828942863,0.06896415374865451
2024-07-17,风险平价策略,-1.0,0.0,0.0,0.0,0.0,0.8383612901764793,0.0,0.0,0.0,0.06083775299313284,0.0,0.1008009568303879,0.0686513811247231
2024-07-18,风险平价策略,-1.0,0.0,0.0,0.0,0.0,0.835248483959762,0.0,0.0,0.0,0.06205197365167505,0.0,0.10269954238856291,0.06949371553632769
2024-07-19,风险平价策略,-1.0,0.0,0.0,0.0,0.0,0.8605394181357409,0.0,0.0,0.0,0.059550002067820955,0.0,0.07991057979643808,0.06294444845809889
2024-07-22,风险平价策略,-1.0,0.0,0.0,0.0,0.0,0.8648105552579258,0.0,0.0,0.0,0.05424665774684006,0.0,0.08094278699523419,0.06164317471910254
2024-07-23,风险平价策略,-1.0,0.0,0.0,0.0,0.0,0.8669752768624915,0.0,0.0,0.0,0.05332391388696531,0.0,0.07970080925054318,0.06105426095554328
2024-07-24,风险平价策略,-1.0,0.0,0.0,0.0,0.0,0.915738392346971,0.0,0.0,0.0,0.0,0.0,0.084261607653029,0.0464867099515224
2024-07-25,风险平价策略,-1.0,0.0,0.0,0.0,0.0,0.9301259914280341,0.0,0.0,0.0,0.0,0.0,0.06987400857196592,0.04281787218585131
2024-07-26,风险平价策略,-1.0,0.0,0.0,0.0,0.0,0.9301132002272029,0.0,0.0,0.0,0.0,0.0,0.06988679977279703,0.042821133942063244
2024-07-29,风险平价策略,-1.0,0.0,0.0,0.0,0.0,0.930180703511022,0.0,0.0,0.0,0.0,0.0,0.06981929648897801,0.0428039206046894
2024-07-30,风险平价策略,-1.0,0.0,0.0,0.0,0.0,0.929256526712662,0.0,0.0,0.0,0.0,0.0,0.07074347328733807,0.04303958568827121
2024-07-31,风险平价策略,-1.0,0.0,0.0,0.0,0.0,0.9292564938867788,0.0,0.0,0.0,0.0,0.0,0.07074350611322122,0.043039594058871415
2024-08-01,风险平价策略,-1.0,0.0,0.0,0.0,0.0,0.9292731568360562,0.0,0.0,0.0,0.0,0.0,0.07072684316394384,0.043035345006805684
2024-08-02,风险平价策略,-1.0,0.0,0.0,0.0,0.0,0.9289141609868281,0.0,0.0,0.0,0.0,0.0,0.07108583901317189,0.04312688894835884
2024-08-05,风险平价策略,-1.0,0.0,0.0,0.0,0.0,0.9460070369984901,0.0,0.0,0.0,0.0,0.0,0.05399296300150986,0.03876820556538502
2024-08-06,风险平价策略,-1.0,0.0,0.0,0.0,0.0,0.937245140811721,0.0,0.0,0.0,0.0,0.0,0.06275485918827907,0.04100248909301117
2024-08-07,风险平价策略,-1.0,0.0,0.0,0.0,0.0,0.9372760188575362,0.0,0.0,0.0,0.0,0.0,0.06272398114246391,0.040994615191328306
2024-08-08,风险平价策略,-1.0,0.0,0.0,0.0,0.0,0.9273555202979196,0.0,0.0,0.0,0.0,0.0,0.0726444797020805,0.04352434232403053
2024-08-09,风险平价策略,-1.0,0.0,0.0,0.0,0.0,0.922005497828806,0.0,0.0,0.0,0.0,0.0,0.0779945021711939,0.044888598053654444
2024-08-12,风险平价策略,-1.0,0.0,0.0,0.0,0.0,0.8983818179227773,0.0,0.0,0.0,0.0,0.0,0.1016181820772227,0.05091263642969179
2024-08-13,风险平价策略,-1.0,0.0,0.0,0.0,0.0,0.8985390887040418,0.0,0.0,0.0,0.0,0.0,0.10146091129595826,0.05087253238046936
2024-08-14,风险平价策略,-1.0,0.0,0.0,0.0,0.0,0.8989169571134125,0.0,0.0,0.0,0.0,0.0,0.10108304288658758,0.05077617593607984
2024-08-15,风险平价策略,-1.0,0.0,0.0,0.0,0.0,0.8969396686127905,0.0,0.0,0.0,0.0,0.0,0.10306033138720944,0.05128038450373841
2024-08-16,风险平价策略,-1.0,0.0,0.0,0.0,0.0,0.8969395975340404,0.0,0.0,0.0,0.0,0.0,0.10306040246595968,0.05128040262881973
2024-08-19,风险平价策略,-1.0,0.0,0.0,0.0,0.0,0.8964455256819805,0.0,0.0,0.0,0.0,0.0,0.10355447431801947,0.05140639095109497
2024-08-20,风险平价策略,-1.0,0.0,0.0,0.0,0.0,0.89607199735105,0.0,0.0,0.0,0.0,0.0,0.10392800264895,0.051501640675482255
2024-08-21,风险平价策略,-1.0,0.0,0.0,0.0,0.0,0.8893600019827278,0.0,0.0,0.0,0.0,0.0,0.11063999801727223,0.05321319949440442
2024-08-22,风险平价策略,-1.0,0.0,0.0,0.0,0.0,0.89027202279379,0.0,0.0,0.0,0.0,0.0,0.10972797720620991,0.05298063418758353
2024-08-23,风险平价策略,-1.0,0.0,0.0,0.0,0.0,0.890836689600835,0.0,0.0,0.0,0.0,0.0,0.10916331039916509,0.0528366441517871
2024-08-26,风险平价策略,-1.0,0.0,0.0,0.0,0.0,0.8908395485120442,0.0,0.0,0.0,0.0,0.0,0.10916045148795582,0.052835915129428736
2024-08-27,风险平价策略,-1.0,0.0,0.0,0.0,0.0,0.7898501328534097,0.0,0.10900499961089989,0.0,0.0,0.0,0.10114486753569042,0.06550761616907255
2024-08-28,风险平价策略,-1.0,0.0,0.0,0.0,0.0,0.8780258526638396,0.0,0.12197414733616045,0.0,0.0,0.0,0.0,0.04146650989038166
2024-08-29,风险平价策略,-1.0,0.0,0.0,0.0,0.0,1.0,0.0,0.0,0.0,0.0,0.0,0.0,0.025
2024-08-30,风险平价策略,-1.0,0.0,0.0,0.0,0.0,0.7876892529390864,0.0,0.10642246971055715,0.0,0.0,0.0,0.1058882773503565,0.06636854413526613
2024-09-02,风险平价策略,-1.0,0.0,0.0,0.0,0.0,0.8013159691727524,0.0,0.09397602286960118,0.0,0.0,0.0,0.1047080079576465,0.06438730511659602
2024-09-03,风险平价策略,-1.0,0.0,0.0,0.0,0.0,0.8014256063638033,0.0,0.09354147326740522,0.0,0.0,0.0,0.10503292036879147,0.06441149358514153
2024-09-04,风险平价策略,-1.0,0.0,0.0,0.0,0.0,0.8992776941059336,0.0,0.10072230589406633,0.0,0.0,0.0,0.0,0.03859751129569895
2024-09-05,风险平价策略,-1.0,0.0,0.0,0.0,0.0,0.8094358287097788,0.0,0.08852327397562498,0.0,0.0,0.0,0.10204089731459619,0.0629710708019314
2024-09-06,风险平价策略,-1.0,0.0,0.0,0.0,0.0,0.8093880858177639,0.0,0.08856192762123485,0.0,0.0,0.0,0.10204998656100131,0.06297860680192205
2024-09-09,风险平价策略,-1.0,0.0,0.0,0.0,0.0,0.8154185191908968,0.0,0.0877629967094593,0.0,0.0,0.0,0.0968184840996439,0.06153671800118621
2024-09-10,风险平价策略,-1.0,0.0,0.0,0.0,0.0,0.8143576817960209,0.0,0.08850357156629135,0.0,0.0,0.0,0.09713874663768775,0.061718362554059714
2024-09-11,风险平价策略,-1.0,0.0,0.0,0.0,0.0,0.8136905078976833,0.0,0.08893548168429277,0.0,0.0,0.0,0.09737401041802399,0.06183666268397564
2024-09-12,风险平价策略,-1.0,0.0,0.0,0.0,0.0,0.8129173437974363,0.0,0.08943714017366527,0.0,0.0,0.0,0.09764551602889836,0.0619736205108139
2024-09-13,风险平价策略,-1.0,0.0,0.0,0.0,0.0,0.7634953819420631,0.06078938057882271,0.08400393826855841,0.0,0.0,0.0,0.09171129921055579,0.06793347934308819
2024-09-18,风险平价策略,-1.0,0.0,0.0,0.0,0.0,0.7088639478311451,0.056500190777383545,0.07811952729561414,0.0,0.0,0.07151314168006208,0.08500319241579513,0.07235835588228896
2024-09-19,风险平价策略,-1.0,0.0,0.0,0.0,0.0,0.7571168139869835,0.06271114862976866,0.08680950015810263,0.0,0.0,0.0,0.0933625372251452,0.06899273457877465
2024-09-20,风险平价策略,-1.0,0.0,0.0,0.0,0.0,0.7064525362100277,0.05854349006790903,0.08072675129895003,0.0,0.0,0.06713519207569138,0.08714203034742192,0.07307189549106616
2024-09-23,风险平价策略,-1.0,0.0,0.0,0.0,0.0,0.7610226122087167,0.06247045881389044,0.08064011656353802,0.0,0.0,0.0,0.09586681241385474,0.0687659648414858
2024-09-24,风险平价策略,1.0,0.3,0.15,0.15,0.05205970147035768,0.4516738724996971,0.03943897902050863,0.05081814692351149,0.0,0.0,0.04598886865560405,0.06002043143032109,0.14257696215961177
2024-09-25,风险平价策略,1.0,0.3,0.15,0.15,0.052128799098036506,0.45262940322459927,0.03949407975897885,0.05092528444848856,0.0,0.0,0.044707557074080216,0.060114876395816474,0.1425557802623053
2024-09-26,风险平价策略,1.0,0.3,0.15,0.15,0.05689126399028806,0.43009020166414164,0.04312528958785717,0.055461960726511175,0.0,0.0,0.048940360415566334,0.06549092361563554,0.1501171845485921
2024-09-27,风险平价策略,1.0,0.3,0.15,0.15,0.1497674822117216,0.0,0.11342772527541971,0.14492195135620164,0.0,0.0,0.12202683690164152,0.16985600425501554,0.2965266004613988
2024-09-30,风险平价策略,1.0,0.3,0.15,0.15,0.15033884828986557,0.0,0.11395431570130454,0.14542640990875916,0.0,0.0,0.1226787848082138,0.16760164129185684,0.2967164659742635
2024-10-08,风险平价策略,1.0,0.3,0.15,0.15,0.14549147940770152,0.0,0.09738093338329121,0.141958708369297,0.0,0.06006166173821515,0.09322839502828274,0.16187882207321225,0.30245131537852066
2024-10-09,风险平价策略,1.0,0.3,0.15,0.15,0.07822419419703928,0.0,0.12285569303558141,0.1631016107220466,0.0,0.06199776688032144,0.11115902816349464,0.16266170700151653,0.24581259982164155
2024-10-10,风险平价策略,1.0,0.3,0.15,0.15,0.0365009125787687,0.3743829042214647,0.056375285804636036,0.07622469018904258,0.0,0.02868914525961769,0.05182098181030276,0.07600608013616753,0.14627543789983782
2024-10-11,风险平价策略,1.0,0.3,0.15,0.15,0.03550310656298318,0.3758122431938579,0.056704090300790815,0.07660401310398023,0.0,0.028847175921925917,0.050105665014438104,0.07642370590202378,0.1453711795870529
2024-10-14,风险平价策略,1.0,0.3,0.15,0.15,0.03551556453034652,0.37579916868268126,0.05672123069111069,0.07664763069148028,0.0,0.028752720418287664,0.05011209947038747,0.076451585515706,0.14537144897802823
2024-10-15,风险平价策略,1.0,0.3,0.15,0.15,0.03343081253091669,0.38370383665558605,0.052916146015927965,0.07020008592933429,0.0,0.026091714869352887,0.05218746894528046,0.08146993505360159,0.14266730709463613
2024-10-16,风险平价策略,1.0,0.3,0.15,0.15,0.03492322952751111,0.3968210553609288,0.055275335478711704,0.07337094349660346,0.0,0.0,0.05451110698559768,0.08509832915064712,0.13834113661789366
2024-10-17,风险平价策略,1.0,0.3,0.15,0.15,0.037081595508903165,0.4351453679274107,0.05815467352002865,0.07502232402432057,0.0,0.0,0.0,0.09459603901933691,0.13775544023959865
2024-10-18,风险平价策略,1.0,0.3,0.15,0.15,0.03459765702455656,0.4011221471272523,0.054263327747911795,0.07000041880932174,0.0,0.0,0.05173293996052277,0.08828350933043479,0.13795257495928495
2024-10-21,风险平价策略,0.0,0.0,0.0,0.0,0.052789978636155546,0.618666129732059,0.08385687919214092,0.10824234861432802,0.0,0.0,0.0,0.1364446638253164,0.13719701419958066
2024-10-22,风险平价策略,0.0,0.0,0.0,0.0,0.054177325778289404,0.6123587011017528,0.08422080725087323,0.10888804203348705,0.0,0.0,0.0,0.14035512383559748,0.13968314386529818
2024-10-23,风险平价策略,0.0,0.0,0.0,0.0,0.1258800170980658,0.0,0.1935025003588964,0.25356045616941836,0.0,0.10018910484813325,0.0,0.3268679215254861,0.32099362172113494
2024-10-24,风险平价策略,0.0,0.0,0.0,0.0,0.1266695463781676,0.0,0.1970372536847691,0.25799303297894527,0.0,0.10162973719337919,0.0,0.3166704297647389,0.32066362848037017
2024-10-25,风险平价策略,0.0,0.0,0.0,0.0,0.13083131133811834,0.0,0.19755298078972186,0.23966980994300444,0.0,0.10240192078172866,0.0,0.3295439771474267,0.3258278861067872
2024-10-28,风险平价策略,0.0,0.0,0.0,0.0,0.13124685421863666,0.0,0.1980684187233802,0.24038213439358294,0.0,0.09995479681829202,0.0,0.3303477958461081,0.3258818605361145
2024-10-29,风险平价策略,0.0,0.0,0.0,0.0,0.12790803383422117,0.0,0.1973954804472787,0.2388394152379603,0.0,0.09667776362247943,0.0,0.3391793068580603,0.3236127074233097
2024-10-30,风险平价策略,0.0,0.0,0.0,0.0,0.12759843909277455,0.0,0.19745286029269532,0.2389078656948109,0.0,0.0967197006453184,0.0,0.3393211342744009,0.3233763770541097
2024-10-31,风险平价策略,0.0,0.0,0.0,0.0,0.1141466859752905,0.0,0.17711065016936478,0.2084359596157344,0.11595089571467546,0.0870546227489051,0.0,0.2973011857760299,0.3066476071093392
2024-11-01,风险平价策略,0.0,0.0,0.0,0.0,0.11579146391698696,0.0,0.17982300564027387,0.21140911700555476,0.11744546439692911,0.08820395325607809,0.0,0.28732699578417725,0.3070311563493121
2024-11-04,风险平价策略,0.0,0.0,0.0,0.0,0.11656981224008857,0.0,0.18101429280088208,0.2127123358955183,0.11813575061593622,0.08862846550887665,0.0,0.28293934293869827,0.3072332754218978
2024-11-05,风险平价策略,0.0,0.0,0.0,0.0,0.11657592711617489,0.0,0.18116333237089882,0.21279662406876387,0.11816368939024877,0.0886301200511102,0.0,0.2826703070028036,0.3072066717200035
2024-11-06,风险平价策略,0.0,0.0,0.0,0.0,0.11869763082104012,0.0,0.1757698973299906,0.21629307001467815,0.11223560292158935,0.09009316794547675,0.0,0.2869106309672249,0.3096725485062329
2024-11-07,风险平价策略,0.0,0.0,0.0,0.0,0.12380312578498977,0.0,0.18013337012435612,0.2250549265769599,0.11650144048733824,0.09372489148601806,0.0,0.26078224554033796,0.31144949216686824
2024-11-08,风险平价策略,0.0,0.0,0.0,0.0,0.12085722925257514,0.0,0.18104041534474455,0.22634626843564748,0.11710781303316094,0.09279747968281077,0.0,0.26185079425106117,0.3089608427618718
2024-11-11,风险平价策略,0.0,0.0,0.0,0.0,0.10308509374482791,0.0,0.1536733513935175,0.181699248623197,0.10039659135434192,0.07995841115844717,0.1510268270718822,0.23016047665378625,0.2834772428308483
2024-11-12,风险平价策略,0.0,0.0,0.0,0.0,0.05346019608522178,0.6491682775115379,0.0,0.07644469059046577,0.0,0.03907173570444385,0.08231935560056235,0.09953574450776835,0.13299503363315504
2024-11-13,风险平价策略,0.0,0.0,0.0,0.0,0.1532553508649434,0.0,0.0,0.21467280945476297,0.0,0.11226030868005539,0.23637259348775763,0.2834389375124807,0.3336176388122263
2024-11-14,风险平价策略,0.0,0.0,0.0,0.0,0.06519590122843798,0.7969515905599773,0.0,0.08831067376970865,0.0,0.04954183444187598,0.0,0.0,0.11510278581699111
2024-11-15,风险平价策略,0.0,0.0,0.0,0.0,0.06503100944669726,0.7972760848101244,0.0,0.08885027889539669,0.0,0.048842626847781775,0.0,0.0,0.11480859678150401
2024-11-18,风险平价策略,0.0,0.0,0.0,0.0,0.0,0.802910769465978,0.0,0.08812012804863405,0.0,0.0,0.0,0.10896910248538803,0.06468333842033955
2024-11-19,风险平价策略,0.0,0.0,0.0,0.0,0.0,0.8805031031412252,0.0,0.0,0.0,0.0,0.0,0.11949689685877489,0.055471708698987605
2024-11-20,风险平价策略,0.0,0.0,0.0,0.0,0.063916226745882,0.7507274759707433,0.0,0.08288140369124314,0.0,0.0,0.0,0.10247489359213145,0.12463840844154629
2024-11-21,风险平价策略,0.0,0.0,0.0,0.0,0.0,0.8022433267838516,0.0,0.08820910003771629,0.0,0.0,0.0,0.10954757317843221,0.06484285966559192
2024-11-22,风险平价策略,0.0,0.0,0.0,0.0,0.0,0.8773279573748235,0.0,0.0,0.0,0.0,0.0,0.12267204262517649,0.05628137086942001
2024-11-25,风险平价策略,0.0,0.0,0.0,0.0,0.0,0.8820133014581178,0.0,0.0,0.0,0.0,0.0,0.11798669854188212,0.05508660812817995
2024-11-26,风险平价策略,0.0,0.0,0.0,0.0,0.0,0.8882519408616489,0.0,0.0,0.0,0.0,0.0,0.11174805913835113,0.053495755080279546
2024-11-27,风险平价策略,0.0,0.0,0.0,0.0,0.0,0.8410444393912302,0.0,0.0,0.0,0.053057375863417786,0.0,0.105898184745352,0.06765596298977301
2024-11-28,风险平价策略,0.0,0.0,0.0,0.0,0.0,0.8596159936220424,0.0,0.0,0.0,0.05376682636183202,0.08661718001612556,0.0,0.049956017678433634
2024-11-29,风险平价策略,0.0,0.0,0.0,0.0,0.0,1.0,0.0,0.0,0.0,0.0,0.0,0.0,0.025
2024-12-02,风险平价策略,0.0,0.0,0.0,0.0,0.0,0.9408044000917163,0.0,0.0,0.0,0.05919559990828377,0.0,0.0,0.04246270197294372
2024-12-03,风险平价策略,0.0,0.0,0.0,0.0,0.0712916571763616,0.8713045379746404,0.0,0.0,0.0,0.05740380484899793,0.0,0.0,0.11144348817740694
2024-12-04,风险平价策略,0.0,0.0,0.0,0.0,0.07132612330141898,0.8713191862400701,0.0,0.0,0.0,0.05735469045851089,0.0,0.0,0.11146260390414423
2024-12-05,风险平价策略,0.0,0.0,0.0,0.0,0.07687153200559418,0.9231284679944057,0.0,0.0,0.0,0.0,0.0,0.0,0.09994974370545433
2024-12-06,风险平价策略,0.0,0.0,0.0,0.0,0.07724385195781891,0.9227561480421811,0.0,0.0,0.0,0.0,0.0,0.0,0.10031275565887343
2024-12-09,风险平价策略,0.0,0.0,0.0,0.0,0.07330835348907337,0.8730864644204922,0.0,0.0,0.0,0.05360518209043436,0.0,0.0,0.11228917336852468
2024-12-10,风险平价策略,0.0,0.0,0.0,0.0,0.0733130077484759,0.8730792605501122,0.0,0.0,0.0,0.05360773170141202,0.0,0.0,0.11229446340668056
2024-12-11,风险平价策略,0.0,0.0,0.0,0.0,0.07420968213821637,0.8715187913025,0.0,0.0,0.0,0.05427152655928358,0.0,0.0,0.11336454041974961
2024-12-12,风险平价策略,0.0,0.0,0.0,0.0,0.07420967355698731,0.8715196732837536,0.0,0.0,0.0,0.054270653159258976,0.0,0.0,0.11336427440004401
2024-12-13,风险平价策略,0.0,0.0,0.0,0.0,0.06918600710978974,0.8754958093646305,0.0,0.0,0.0,0.055318183525579934,0.0,0.0,0.10877522107209109
2024-12-16,风险平价策略,0.0,0.0,0.0,0.0,0.06938104590073153,0.8751378808563468,0.0,0.0,0.0,0.05548107324292171,0.0,0.0,0.10901343635987515
2024-12-17,风险平价策略,0.0,0.0,0.0,0.0,0.0700184507719833,0.8720629379963296,0.0,0.0,0.0,0.057918611231687095,0.0,0.0,0.11035397981603141
2024-12-18,风险平价策略,0.0,0.0,0.0,0.0,0.0699932756043465,0.8098150823280235,0.0,0.0,0.06550427867009874,0.05468736339753121,0.0,0.0,0.11887433632367386
2024-12-19,风险平价策略,0.0,0.0,0.0,0.0,0.0,0.8379514302901513,0.0,0.0,0.0,0.05698579890776653,0.0,0.10506277080208215,0.06860181723232209
2024-12-20,风险平价策略,0.0,0.0,0.0,0.0,0.07179460190934409,0.8698739219060693,0.0,0.0,0.0,0.0583314761845867,0.0,0.0,0.11220752233606357
2024-12-23,风险平价策略,0.0,0.0,0.0,0.0,0.06618045106369436,0.7793699636953849,0.0,0.0,0.0,0.053797403389227345,0.0,0.10065218185169339,0.13106248015910588
2024-12-24,风险平价策略,0.0,0.0,0.0,0.0,0.06686497510331646,0.7786935480350764,0.0,0.0,0.0,0.054083232926439004,0.0,0.10035824393516807,0.1317392566425009
2024-12-25,风险平价策略,0.0,0.0,0.0,0.0,0.06743128799485866,0.7767783163096516,0.0,0.0,0.0,0.05457071195921262,0.0,0.10121968373627716,0.1326548851757056
2024-12-26,风险平价策略,0.0,0.0,0.0,0.0,0.06292365064561141,0.7071986012281686,0.08295469028383867,0.0,0.0,0.05142250179202626,0.0,0.09550055605035512,0.13707172238927764
2024-12-27,风险平价策略,0.0,0.0,0.0,0.0,0.06295403517378895,0.707215406249153,0.08301847834792976,0.0,0.0,0.05129139750244193,0.0,0.09552068272668644,0.13707641522994016
2024-12-30,风险平价策略,0.0,0.0,0.0,0.0,0.06643336887458302,0.6928233550775217,0.08781768517637774,0.0,0.0,0.05420802553780059,0.0,0.09871756533371687,0.14279226884527843
2024-12-31,风险平价策略,0.0,0.0,0.0,0.0,0.0721135984648976,0.7598703087853886,0.0,0.0,0.0,0.059552580958114665,0.0,0.10846351179159924,0.1405369653927768
2025-01-02,风险平价策略,0.0,0.0,0.0,0.0,0.06389165129957307,0.7149328686861856,0.0,0.0,0.06222384003159613,0.05633941201446324,0.0,0.10261222796818194,0.13910306149781823
2025-01-03,风险平价策略,0.0,0.0,0.0,0.0,0.0,0.7630588659629238,0.0,0.0,0.06665228241457216,0.06038426396409092,0.0,0.10990458765841311,0.08050360867241513
2025-01-06,风险平价策略,0.0,0.0,0.0,0.0,0.06819693636827308,0.7987088358844011,0.0,0.0,0.06976146870921934,0.06333275903810646,0.0,0.0,0.12029058983814446
2025-01-07,风险平价策略,0.0,0.0,0.0,0.0,0.06130899215573726,0.694050356686731,0.08586177892533996,0.0,0.0,0.05730633468706063,0.0,0.10147253754513119,0.13914847331345606
2025-01-08,风险平价策略,0.0,0.0,0.0,0.0,0.05794830708128295,0.6559759654950662,0.08115247099155465,0.0,0.05484467270973589,0.05416010286245208,0.0,0.0959184808599082,0.14084410349472243
2025-01-09,风险平价策略,0.0,0.0,0.0,0.0,0.05935702774858308,0.6331896431041548,0.08870545503961087,0.0,0.06023925675390059,0.054170303441693504,0.0,0.10433831391205717,0.14616954027740572
2025-01-10,风险平价策略,0.0,0.0,0.0,0.0,0.0,0.6721278887626392,0.0947794157475436,0.0,0.06377141138029462,0.05790834031903953,0.0,0.11141294379048304,0.09253533683675094
2025-01-13,风险平价策略,0.0,0.0,0.0,0.0,0.0,0.6640440584993796,0.09712067262800199,0.0,0.06531150218068128,0.05939613264899936,0.0,0.11412763404293774,0.094205864433383
2025-01-14,风险平价策略,0.0,0.0,0.0,0.0,0.0,0.6674980806186823,0.0974492745945583,0.0,0.06583653622213903,0.05840954076099286,0.0,0.11080656780362758,0.09318843913689347
2025-01-15,风险平价策略,0.0,0.0,0.0,0.0,0.0,0.6251494325261182,0.09058055711206739,0.0,0.06170469285660783,0.054739573009785034,0.06392306754457046,0.10390267695085104,0.09553083442687073
2025-01-16,风险平价策略,0.0,0.0,0.0,0.0,0.0,0.6251551611291493,0.09061559636005856,0.0,0.06173052052238826,0.054767917897848475,0.06379703605014364,0.10393376804041182,0.09554236639978961
2025-01-17,风险平价策略,0.0,0.0,0.0,0.0,0.0,0.604365443734847,0.09613854802919093,0.0,0.06357252658651882,0.057523916438075154,0.06813756413350786,0.11026200107786018,0.09943753019709085
2025-01-20,风险平价策略,0.0,0.0,0.0,0.0,0.0,0.5698800965310042,0.07919663295402836,0.07621538174168983,0.05574390886925671,0.05019200270775469,0.0648320369245587,0.10393994027170758,0.10218217821511592
2025-01-21,风险平价策略,0.0,0.0,0.0,0.0,0.0,0.5698845642973752,0.07922706507103054,0.07624566299622682,0.05575388948234385,0.050089278790471405,0.06484559577580397,0.10395394358674821,0.10216651267828888
2025-01-22,风险平价策略,0.0,0.0,0.0,0.0,0.0,0.6107266086291803,0.08749983108651882,0.0,0.05933595161312148,0.05496694929671645,0.07165046430829335,0.11582019506616965,0.09868888871735808
2025-01-23,风险平价策略,0.0,0.0,0.0,0.0,0.0,0.6706407596846882,0.0,0.0,0.0614319770208682,0.05716228280620041,0.0794351852550294,0.1313297952332138,0.09260030233210262
2025-01-24,风险平价策略,0.0,0.0,0.0,0.0,0.0,0.6143530965041779,0.08498509578953932,0.0,0.05555987179234029,0.05199734259665759,0.07278850555738356,0.12031608775990123,0.09819178086979123
2025-01-27,风险平价策略,0.0,0.0,0.0,0.0,0.0,0.619138617555219,0.08375035223515986,0.0,0.05478754617048134,0.051599410184980286,0.07118651817913006,0.11953755567502947,0.09742897885697674
2025-02-05,风险平价策略,0.0,0.0,0.0,0.0,0.0,0.6555348009775315,0.08754171557906194,0.0,0.0,0.0547437260926955,0.07543892760318878,0.12674082974752246,0.09320752978447158
2025-02-06,风险平价策略,0.0,0.0,0.0,0.0,0.0,0.6107789394959634,0.08169637312988232,0.07491315285478867,0.0,0.04941447223684268,0.06760752214819692,0.11558954013432599,0.09729367787761298
2025-02-07,风险平价策略,0.0,0.0,0.0,0.0,0.0,0.5755846905263662,0.0781846147896165,0.07168841673061108,0.05185657463453125,0.04730611364753393,0.06475799458068965,0.1106215950906514,0.10171546228234879
2025-02-10,风险平价策略,1.0,0.3,0.15,0.15,0.0,0.3962665752609815,0.05609856557987562,0.05095788533799475,0.037261927029985945,0.033981364094076975,0.04605562795311516,0.07937805474396999,0.11445734759580262
2025-02-11,风险平价策略,1.0,0.3,0.15,0.15,0.0,0.3963162250515823,0.05598608914392366,0.05097182491077691,0.03727142481361068,0.033990387203000336,0.04606477468926477,0.07939927418784133,0.11445445548051557
2025-02-12,风险平价策略,1.0,0.3,0.15,0.15,0.0,0.3902389118971623,0.05894438526858227,0.05240008570892107,0.03995931372541004,0.03654809104743731,0.043923627573138405,0.07798558477934853,0.11560559594505482
2025-02-13,风险平价策略,1.0,0.3,0.15,0.15,0.0,0.39460524606988073,0.06163508175496578,0.053852253431730446,0.03628100422916941,0.028740296694108297,0.0443599080849925,0.08052620973515277,0.11402189721958368
2025-02-14,风险平价策略,1.0,0.3,0.15,0.15,0.0,0.38526776519044276,0.06343753248055257,0.05548083762507265,0.03739011025781058,0.02960945599734444,0.045851664566260296,0.08296263388251675,0.11568023189035766
2025-02-17,风险平价策略,1.0,0.3,0.15,0.15,0.0,0.38810391497143065,0.05924924243761604,0.061733723688513015,0.04409386969424381,0.03005837680758156,0.04661524099882182,0.07014563140179297,0.11387526900326284
2025-02-18,风险平价策略,1.0,0.3,0.15,0.15,0.0,0.0,0.13244350516234135,0.13867097218338478,0.09902465823030066,0.06751201968162668,0.10475125135438308,0.15759759338796336,0.18156134339728738
2025-02-19,风险平价策略,1.0,0.3,0.15,0.15,0.0,0.38650202244602305,0.059314797555465766,0.06210424304259884,0.04434852676105004,0.03023609608184964,0.0469135394417063,0.0705807746713063,0.11416577438779889
2025-02-20,风险平价策略,1.0,0.3,0.15,0.15,0.0,0.0,0.1324084009701142,0.13864481977580762,0.09901823386406035,0.0670458168551381,0.10515266709816011,0.15773006143671964,0.18149054039492427
2025-02-21,风险平价策略,1.0,0.3,0.15,0.15,0.0,0.0,0.12657561814893067,0.1462101266855183,0.0967416493915212,0.06942924416441659,0.11105490822716756,0.14998845338244562,0.18074306271930032
2025-02-24,风险平价策略,1.0,0.3,0.15,0.15,0.0,0.0,0.13587424761371475,0.1423170957223597,0.09553650544790625,0.0619595631229757,0.10390086847795107,0.16041171961509249,0.18100127545362774
2025-02-25,风险平价策略,1.0,0.3,0.15,0.15,0.0,0.0,0.13459269238224325,0.13855413654998425,0.0962593725496605,0.06284929428136113,0.1053755747362106,0.16236892950054024,0.1813414851084929
2025-02-26,风险平价策略,1.0,0.3,0.15,0.15,0.0,0.0,0.1551611569277544,0.15933381437184357,0.10191298122923505,0.0,0.11400658465729627,0.1695854628138707,0.17194918781023796
2025-02-27,风险平价策略,1.0,0.3,0.15,0.15,0.0,0.0,0.15533284326340402,0.15981057409729454,0.10224068456196711,0.0,0.11442217033906779,0.16819372773826646,0.17177298906403962
2025-02-28,风险平价策略,1.0,0.3,0.15,0.15,0.128033726639362,0.0,0.1489492839749602,0.15523922803080278,0.0,0.0,0.11014143021925342,0.1576363311356216,0.2771604472067611
2025-03-03,风险平价策略,1.0,0.3,0.15,0.15,0.1279944108220612,0.0,0.14895056463880807,0.15525600840842949,0.0,0.0,0.11014657115143987,0.15765244497926129,0.27712920135349955
2025-03-04,风险平价策略,1.0,0.3,0.15,0.15,0.1301166610317099,0.0,0.149772885825553,0.15549441948950107,0.0,0.0,0.10341903506727679,0.16119699858595915,0.2795390640449331
2025-03-05,风险平价策略,1.0,0.3,0.15,0.15,0.13241268009058027,0.0,0.15272645018052827,0.15836496280925974,0.0,0.0,0.09187541891250472,0.16462048800712692,0.28222484726956754
2025-03-06,风险平价策略,1.0,0.3,0.15,0.15,0.13024857221079766,0.0,0.15417500207931698,0.15974468470775566,0.0,0.0,0.09291245959997795,0.1629192814021517,0.2801717406373289
2025-03-07,风险平价策略,1.0,0.3,0.15,0.15,0.0,0.0,0.1913449053710344,0.19531538174435364,0.0,0.0,0.113951124985466,0.1993885878991459,0.17450809679833354
2025-03-10,风险平价策略,1.0,0.3,0.15,0.15,0.0,0.0,0.19105790380179846,0.19551691903087096,0.0,0.0,0.11398215903700014,0.1994430181303304,0.17451369740452966
2025-03-11,风险平价策略,1.0,0.3,0.15,0.15,0.0,0.0,0.19796296534222985,0.2049538118723067,0.0,0.0,0.09855721853325546,0.19852600425220793,0.17486640395426728
2025-03-12,风险平价策略,1.0,0.3,0.15,0.15,0.15455909182989414,0.0,0.17953548524208018,0.18593661773207165,0.0,0.0,0.0,0.17996880519595393,0.30542589376062557
2025-03-13,风险平价策略,1.0,0.3,0.15,0.15,0.1373634820059358,0.0,0.15929692978018856,0.16485711517760773,0.0,0.0,0.07854430495308959,0.15993816808317832,0.28622157590637476
2025-03-14,风险平价策略,1.0,0.3,0.15,0.15,0.13736333318873642,0.0,0.15929594291097135,0.16485499239077897,0.0,0.0,0.07854649258194277,0.15993923892757037,0.28622151377238875
2025-03-17,风险平价策略,1.0,0.3,0.15,0.15,0.13807845836999352,0.0,0.160066753120102,0.1620586536121596,0.0,0.0,0.07873849354824983,0.16105764134949505,0.2869506671862865
2025-03-18,风险平价策略,1.0,0.3,0.15,0.15,0.13962902155368184,0.0,0.16030953112519433,0.15584142480126453,0.0,0.0,0.08009090382444226,0.16412911869541694,0.2885811452338095
2025-03-19,风险平价策略,1.0,0.3,0.15,0.15,0.15767483409253813,0.0,0.18114916131753372,0.17569644696797618,0.0,0.0,0.0,0.1854795576219519,0.3087044075523663
2025-03-20,风险平价策略,1.0,0.3,0.15,0.15,0.15631174112395377,0.0,0.18156363997695532,0.17615012199470004,0.0,0.0,0.0,0.18597449690439083,0.3076188021726481
2025-03-21,风险平价策略,1.0,0.3,0.15,0.15,0.16721546663686424,0.0,0.16931169021338477,0.17240814753820013,0.0,0.0,0.0,0.19106469561155084,0.31738875544835204
2025-03-24,风险平价策略,0.0,0.0,0.0,0.0,0.23887628612828604,0.0,0.2418916635019696,0.246289402992178,0.0,0.0,0.0,0.27294264737756646,0.3934091980330683
2025-03-25,风险平价策略,0.0,0.0,0.0,0.0,0.31699502771926524,0.0,0.3210754414945853,0.0,0.0,0.0,0.0,0.36192953078614953,0.4697073669785208
2025-03-26,风险平价策略,0.0,0.0,0.0,0.0,0.23715412789401846,0.0,0.24268649958307134,0.24642287188966983,0.0,0.0,0.0,0.27373650063324034,0.3920578475069644
2025-03-27,风险平价策略,0.0,0.0,0.0,0.0,0.23810884298208515,0.0,0.23907938103148904,0.2476740927289806,0.0,0.0,0.0,0.2751376832574452,0.39302795009584496
2025-03-28,风险平价策略,0.0,0.0,0.0,0.0,0.3246166791675967,0.0,0.2869944067724816,0.0,0.0,0.0,0.0,0.3883889140599218,0.4792846801879719
2025-03-31,风险平价策略,0.0,0.0,0.0,0.0,0.27828106584372936,0.0,0.23662428709363326,0.0,0.0,0.0,0.15178470968764068,0.3333099373749967,0.42919974650310305
2025-04-01,风险平价策略,0.0,0.0,0.0,0.0,0.32800419061843683,0.0,0.27883932838459724,0.0,0.0,0.0,0.0,0.39315648099696604,0.4827022978391229
2025-04-02,风险平价策略,0.0,0.0,0.0,0.0,0.33482172763424295,0.0,0.274572323166549,0.0,0.0,0.0,0.0,0.39060594919920805,0.4881229651166691
2025-04-03,风险平价策略,0.0,0.0,0.0,0.0,0.16109252641221128,0.532664719761101,0.11736934625841904,0.0,0.0,0.0,0.0,0.18887340756826868,0.2460727939267011
2025-04-07,风险平价策略,0.0,0.0,0.0,0.0,0.0,0.8787160026339521,0.0,0.0,0.0,0.0,0.0,0.121283997366048,0.05592741932834225
2025-04-08,风险平价策略,0.0,0.0,0.0,0.0,0.06623110565287325,0.6920159119709182,0.0,0.0,0.0,0.0,0.1311215824297544,0.11063139994645414,0.13155410115302144
2025-04-09,风险平价策略,0.0,0.0,0.0,0.0,0.0668306207708609,0.7034189046758359,0.0,0.0,0.0,0.0,0.11619121924595492,0.1135592553073483,0.13131754337578846
2025-04-10,风险平价策略,0.0,0.0,0.0,0.0,0.06696923142521397,0.7060160989087756,0.0,0.0,0.0,0.0,0.11315415889908474,0.11386051076692563,0.13121061756955354
2025-04-11,风险平价策略,0.0,0.0,0.0,0.0,0.06719661450277797,0.7040640001344589,0.0,0.0,0.0,0.0,0.11398631023759402,0.11475307512516915,0.13174729587207404
2025-04-14,风险平价策略,0.0,0.0,0.0,0.0,0.06719119148385214,0.7040610911263306,0.0,0.0,0.0,0.0,0.11398934369550057,0.11475837369431666,0.13174367807683415
2025-04-15,风险平价策略,0.0,0.0,0.0,0.0,0.07669133841735429,0.7922338658041269,0.0,0.0,0.0,0.0,0.0,0.1310747957785188,0.13319812788044272
2025-04-16,风险平价策略,0.0,0.0,0.0,0.0,0.07647727413646706,0.7927374973665366,0.0,0.0,0.0,0.0,0.0,0.13078522849699634,0.13291557554978944
2025-04-17,风险平价策略,0.0,0.0,0.0,0.0,0.06911393796316084,0.7094481940433816,0.0,0.0,0.0,0.0,0.1032101977784627,0.11822767021499486,0.1333712161856441
2025-04-18,风险平价策略,0.0,0.0,0.0,0.0,0.06911705337495343,0.7094420631590684,0.0,0.0,0.0,0.0,0.1032152925138292,0.1182255909521489,0.13337425844732964
2025-04-21,风险平价策略,0.0,0.0,0.0,0.0,0.07017759206587411,0.7019103038971283,0.0,0.0,0.0,0.0,0.10629200125363474,0.12162010278336291,0.13559693860561645
2025-04-22,风险平价策略,0.0,0.0,0.0,0.0,0.07857814412453988,0.7852599841297127,0.0,0.0,0.0,0.0,0.0,0.1361618717457474,0.13633496781659196
2025-04-23,风险平价策略,0.0,0.0,0.0,0.0,0.0747924530432582,0.6807995311943195,0.05558683225784242,0.0,0.0,0.0,0.11120661068216262,0.07761457282241727,0.13689527426332895
2025-04-24,风险平价策略,0.0,0.0,0.0,0.0,0.08003783156259704,0.7180083851111941,0.0,0.0,0.0,0.0,0.11896649152346717,0.08298729180274157,0.13669012679319528
2025-04-25,风险平价策略,0.0,0.0,0.0,0.0,0.08008993097172366,0.7206098542126759,0.0,0.0,0.0,0.0,0.11695487957183653,0.08234533524376389,0.1363660055396332
2025-04-28,风险平价策略,0.0,0.0,0.0,0.0,0.09073035959882729,0.8183754298750554,0.0,0.0,0.0,0.0,0.0,0.09089421052611725,0.1366401242930165
2025-04-29,风险平价策略,0.0,0.0,0.0,0.0,0.0900765799994509,0.8190980269326148,0.0,0.0,0.0,0.0,0.0,0.09082539306793425,0.13598514073178786
2025-04-30,风险平价策略,0.0,0.0,0.0,0.0,0.08618365402642982,0.8211682600606806,0.0,0.0,0.0,0.0,0.0,0.09264808591288959,0.13265432458355592
2025-05-06,风险平价策略,0.0,0.0,0.0,0.0,0.08636198339218469,0.8210683714729026,0.0,0.0,0.0,0.0,0.0,0.09256964513491292,0.13280819331678287
2025-05-07,风险平价策略,0.0,0.0,0.0,0.0,0.08959483264866556,0.8144361496910633,0.0,0.0,0.0,0.0,0.0,0.09596901766027129,0.13682706133581812
2025-05-08,风险平价策略,0.0,0.0,0.0,0.0,0.0900891963376764,0.8171701352300482,0.0,0.0,0.0,0.0,0.0,0.09274066843227545,0.13648583687946472
2025-05-09,风险平价策略,0.0,0.0,0.0,0.0,0.09007982486761233,0.8174601027300366,0.0,0.0,0.0,0.0,0.0,0.09246007240235114,0.13640514770852158
2025-05-12,风险平价策略,0.0,0.0,0.0,0.0,0.10534811657832842,0.7959616902244181,0.0,0.0,0.0,0.0,0.0,0.09869019319725336,0.15288041292916982
2025-05-13,风险平价策略,0.0,0.0,0.0,0.0,0.10541842277522429,0.7967970289661783,0.0,0.0,0.0,0.0,0.0,0.09778454825859732,0.152718022011786
2025-05-14,风险平价策略,0.0,0.0,0.0,0.0,0.10717159455092438,0.7945249283729443,0.0,0.0,0.0,0.0,0.0,0.09830347707613123,0.15455969134156475
2025-05-15,风险平价策略,1.0,0.3,0.15,0.15,0.07521461064753214,0.5652005305505149,0.0,0.0,0.0,0.0,0.0,0.059584858801952925,0.14802838437584184
2025-05-16,风险平价策略,1.0,0.3,0.15,0.15,0.07449747223495673,0.5649732949227377,0.0,0.0,0.0,0.0,0.0,0.06052923284230543,0.1475699898038707
2025-05-19,风险平价策略,1.0,0.3,0.15,0.15,0.07451535870923832,0.564956220069565,0.0,0.0,0.0,0.0,0.0,0.06052842122119656,0.1475872221529125
2025-05-20,风险平价策略,1.0,0.3,0.15,0.15,0.07457701939893281,0.5649962835107536,0.0,0.0,0.0,0.0,0.0,0.06042669709031356,0.14762140167198945
2025-05-21,风险平价策略,1.0,0.3,0.15,0.15,0.07457433802399141,0.5649986176703761,0.0,0.0,0.0,0.0,0.0,0.06042704430563245,0.1476188758713279
2025-05-22,风险平价策略,1.0,0.3,0.15,0.15,0.16300170205778092,0.0,0.123699210375139,0.19210890062605337,0.08926739790730277,0.0,0.0,0.13192278903372395,0.3076448383916559
2025-05-23,风险平价策略,1.0,0.3,0.15,0.15,0.16172793431271973,0.0,0.12409462151374194,0.19201496004722535,0.08967687737543063,0.0,0.0,0.13248560675088217,0.3066465064065447
2025-05-26,风险平价策略,1.0,0.3,0.15,0.15,0.14782440596890964,0.0,0.11369287793867502,0.17590199401358786,0.08213067343219439,0.05935907756859502,0.0,0.12109097107803798,0.3030221766885458
2025-05-27,风险平价策略,1.0,0.3,0.15,0.15,0.16301715293705807,0.0,0.12512583132871213,0.18993017328305017,0.09052498365555312,0.0,0.0,0.13140185879562633,0.30760788135915945
2025-05-28,风险平价策略,1.0,0.3,0.15,0.15,0.16333366408559194,0.0,0.125384338653369,0.19039466975003172,0.089275522999118,0.0,0.0,0.13161180451188928,0.3078864496033151
2025-05-29,风险平价策略,1.0,0.3,0.15,0.15,0.14935543360349188,0.0,0.11533070364521625,0.1753204012311641,0.08211526333267334,0.05962943098637897,0.0,0.11824876720107545,0.30401027788220963
2025-05-30,风险平价策略,1.0,0.3,0.15,0.15,0.16768254481543554,0.0,0.12588852028231823,0.18848496833854703,0.08604874066264907,0.0,0.0,0.13189522590105004,0.31154125215971834
2025-06-03,风险平价策略,1.0,0.3,0.15,0.15,0.15732880317780853,0.0,0.11831313029733831,0.16606188789712248,0.07744900558298917,0.05756532985555584,0.0,0.12328184318918561,0.31093495868478027
2025-06-04,风险平价策略,1.0,0.3,0.15,0.15,0.21215042193599612,0.0,0.15952109852728208,0.22389888515528614,0.10442959438143559,0.0,0.0,0.0,0.3332506503700511
2025-06-05,风险平价策略,1.0,0.3,0.15,0.15,0.2094118729533777,0.0,0.1616093727541467,0.22419632885277205,0.10478242543970348,0.0,0.0,0.0,0.3309537975352343
2025-06-06,风险平价策略,1.0,0.3,0.15,0.15,0.20940960692460062,0.0,0.1616075869340208,0.22420695341183366,0.10477585272954497,0.0,0.0,0.0,0.33095182834396
2025-06-09,风险平价策略,1.0,0.3,0.15,0.15,0.21037513326347626,0.0,0.16237965806900917,0.2236420163702188,0.10360319229729571,0.0,0.0,0.0,0.331751143864293
2025-06-10,风险平价策略,1.0,0.3,0.15,0.15,0.06725885101023499,0.47630208310966665,0.05190698329769351,0.07141014941504717,0.03312193316735761,0.0,0.0,0.0,0.14652787296046596
2025-06-11,风险平价策略,1.0,0.3,0.15,0.15,0.06725380799512697,0.4763115611886077,0.05190693371034832,0.07140557909104336,0.03312211801487359,0.0,0.0,0.0,0.14652235913559333
2025-06-12,风险平价策略,1.0,0.3,0.15,0.15,0.058398328358642976,0.4110444739079274,0.044483784652216016,0.06199617524450203,0.028745523102465167,0.021651422725729747,0.07368029200851654,0.0,0.14910486595057582
2025-06-13,风险平价策略,1.0,0.3,0.15,0.15,0.12098406548543483,0.0,0.0921199706542465,0.13064355831138985,0.06051593078773783,0.04558056844328594,0.15369238821016246,0.09646351810774259,0.27048951579319264
2025-06-16,风险平价策略,1.0,0.3,0.15,0.15,0.12109866662661377,0.0,0.09220675163309411,0.13047398064163795,0.060446680664219744,0.04562504024152506,0.1538262463515014,0.09632263384140789,0.2705712818820657
2025-06-17,风险平价策略,1.0,0.3,0.15,0.15,0.12082574442431214,0.0,0.0927767337841827,0.13113671182898431,0.060803912026104086,0.04507603754859945,0.15446211247711442,0.09491874791070284,0.27007021681943005
2025-06-18,风险平价策略,1.0,0.3,0.15,0.15,0.13995070906994664,0.0,0.10745274111479663,0.15193060415905257,0.07043604123241513,0.052210882296945975,0.17801902212684292,0.0,0.2752761265347854
2025-06-19,风险平价策略,1.0,0.3,0.15,0.15,0.057453802553048966,0.41356237128489076,0.0435277300712814,0.061603151426589536,0.029047304317436132,0.021524831807364,0.07328080853938922,0.0,0.1479662958972718
2025-06-20,风险平价策略,1.0,0.3,0.15,0.15,0.14203568421170187,0.0,0.10624505553873918,0.149229468201126,0.07155186559553611,0.05259114870607257,0.1783467777468242,0.0,0.2770896738543518
2025-06-23,风险平价策略,1.0,0.3,0.15,0.15,0.14299055785341808,0.0,0.10694734484745329,0.1502372002879052,0.07208682180264998,0.052968852895882976,0.1747692223126904,0.0,0.27806487660885826
2025-06-24,风险平价策略,1.0,0.3,0.15,0.15,0.05965593568739673,0.3841437132951903,0.045325840042514755,0.06085031303703791,0.022531181993564093,0.014419680179227467,0.07246400738878607,0.04060932837628249,0.1574832445146649
2025-06-25,风险平价策略,1.0,0.3,0.15,0.15,0.0603448768536596,0.3862175123586002,0.04583152195384912,0.06171322881779714,0.022886981108992163,0.014210114328515433,0.06769245852686942,0.04110330605171698,0.1579544434627154
2025-06-26,风险平价策略,1.0,0.3,0.15,0.15,0.06346896550384187,0.40160954228542667,0.04818876481861339,0.06513910657285117,0.0,0.014729429592946605,0.06360224266551238,0.04326194856080788,0.1587367180968976
2025-06-27,风险平价策略,1.0,0.3,0.15,0.15,0.05868009785547149,0.40568599663571325,0.049078183595804535,0.06604277093796158,0.0,0.014683002094599138,0.06403865465551936,0.04179129422493066,0.15396674865523674
2025-06-30,风险平价策略,1.0,0.3,0.15,0.15,0.057267497719479886,0.3879919768960257,0.04804964722533457,0.06481506277647259,0.0237007778388901,0.014369926039260886,0.06284860938110043,0.04095650212343582,0.15529129912144957
2025-07-01,风险平价策略,1.0,0.3,0.15,0.15,0.05726436946827262,0.388010940190097,0.04804284773333441,0.06481596120247896,0.02369900742084635,0.014368509399863217,0.06284738029257064,0.040950984292536755,0.15528524171219976
2025-07-02,风险平价策略,1.0,0.3,0.15,0.15,0.05732582704261862,0.38848963453628016,0.04798780527587725,0.0649012857583978,0.02370243958677404,0.014368980626261152,0.06224174784844164,0.040982279325349244,0.15529427643305999
2025-07-03,风险平价策略,1.0,0.3,0.15,0.15,0.059392679621095,0.4017626441525441,0.04972669597633414,0.06725506186604238,0.0,0.014898720852952975,0.06449619416761009,0.042468003363421186,0.15519696383618103
2025-07-04,风险平价策略,1.0,0.3,0.15,0.15,0.06163168770657022,0.41417261510456327,0.0490981822295811,0.06882755731600679,0.024844972616382976,0.015316229751213174,0.06610875527568243,0.0,0.1505730984624904
2025-07-07,风险平价策略,1.0,0.3,0.15,0.15,0.06923156061149065,0.46231162926864655,0.05325394347894811,0.07032168269444397,0.027846217259227653,0.017034966687243105,0.0,0.0,0.15274649780493604
2025-07-08,风险平价策略,1.0,0.3,0.15,0.15,0.06935490765461426,0.46087292656503265,0.05366293281423739,0.0708792191524337,0.028061274183362534,0.01716873963031937,0.0,0.0,0.15306788842628127
2025-07-09,风险平价策略,1.0,0.3,0.15,0.15,0.07303525801922339,0.4820947093315576,0.052530467836731376,0.07435052523768498,0.0,0.017989039574802513,0.0,0.0,0.15314507730835575
2025-07-10,风险平价策略,1.0,0.3,0.15,0.15,0.071883854705899,0.4565553266775284,0.051653690567339865,0.07319887135135447,0.028982323048623738,0.01772593364925446,0.0,0.0,0.15587344146585577
2025-07-11,风险平价策略,1.0,0.3,0.15,0.15,0.06105311180940262,0.40531195941049464,0.0458506066923331,0.06548098583780097,0.0,0.01547958786247966,0.06556260132090318,0.0412611470665858,0.15602869306584138
2025-07-14,风险平价策略,1.0,0.3,0.15,0.15,0.060509645045994605,0.38828819990345054,0.045451800997008796,0.05948406633204106,0.025159631504877017,0.015310012537263096,0.06492295279487523,0.04087369088448967,0.158067547494973
2025-07-15,风险平价策略,1.0,0.3,0.15,0.15,0.06106631760351683,0.41680586587623375,0.047980266674882935,0.06422164021527194,0.02633454048000689,0.01609620724327318,0.06749516190681441,0.0,0.14984079860018193
2025-07-16,风险平价策略,1.0,0.3,0.15,0.15,0.06499024807635555,0.4464227743862418,0.0,0.06962014845188344,0.02853071015731647,0.01744243814487114,0.07299368078333156,0.0,0.14921102062324862
2025-07-17,风险平价策略,1.0,0.3,0.15,0.15,0.0648646162606261,0.4465908068873594,0.0,0.06954746523257456,0.02855603249636521,0.017412756372327736,0.07302832275074696,0.0,0.1490772703911461
2025-07-18,风险平价策略,1.0,0.3,0.15,0.15,0.1791489746166402,0.0,0.0,0.19212298640070724,0.0788775795725091,0.04810210260130461,0.2017483568088389,0.0,0.30691780018564646
2025-07-21,风险平价策略,1.0,0.3,0.15,0.15,0.12897396034384123,0.0,0.10285020096163387,0.13831701698713397,0.05679721360611467,0.03455741674237488,0.1452455175576451,0.09325867380125631,0.27526896083308916
2025-07-22,风险平价策略,1.0,0.3,0.15,0.15,0.12903421115647426,0.0,0.10269740970619586,0.13843668639373544,0.056940642051253265,0.034033436324817555,0.14539740672658344,0.09346020764094018,0.27525679631903704
2025-07-23,风险平价策略,1.0,0.3,0.15,0.15,0.12990076483566004,0.0,0.10262378503969878,0.13566507964842503,0.05707344070654536,0.03421795925757929,0.1463410358786105,0.09417793463348098,0.27607337142989197
2025-07-24,风险平价策略,1.0,0.3,0.15,0.15,0.18134747093960377,0.0,0.16303461757947563,0.21072008319625363,0.0902822951275395,0.05461553315712737,0.0,0.0,0.3159731838456829
2025-07-25,风险平价策略,1.0,0.3,0.15,0.15,0.1777166726480067,0.0,0.15984793612958817,0.2149882075936339,0.09188376921400124,0.055563414414769884,0.0,0.0,0.3130909890228288
2025-07-28,风险平价策略,1.0,0.3,0.15,0.15,0.2012233877158705,0.0,0.17941334655478391,0.22698185341557386,0.09238141231377166,0.0,0.0,0.0,0.32395145980446893
2025-07-29,风险平价策略,1.0,0.3,0.15,0.15,0.17906467114152017,0.0,0.165345613239878,0.21160758828859116,0.08618602462177137,0.05779610270823914,0.0,0.0,0.3145235604384129
2025-07-30,风险平价策略,1.0,0.3,0.15,0.15,0.22543415904095773,0.0,0.20814876937919388,0.26641707157984834,0.0,0.0,0.0,0.0,0.34336469359440447
2025-07-31,风险平价策略,1.0,0.3,0.15,0.15,0.3116850326941328,0.0,0.0,0.3883149673058671,0.0,0.0,0.0,0.0,0.41581542746307154
2025-08-01,风险平价策略,1.0,0.3,0.15,0.15,0.0,0.0,0.30069521486948986,0.3993047851305102,0.0,0.0,0.0,0.0,0.15400000000000003
2025-08-04,风险平价策略,1.0,0.3,0.15,0.15,0.0,0.0,0.3001412127354438,0.39985878726455615,0.0,0.0,0.0,0.0,0.154
2025-08-05,风险平价策略,1.0,0.3,0.15,0.15,0.16256403161859387,0.0,0.15226344528224742,0.20286591182447336,0.0,0.05670584049691513,0.0,0.12560077077777024,0.3146988135324577
2025-08-06,风险平价策略,1.0,0.3,0.15,0.15,0.16153517755290056,0.0,0.0,0.20162594275263462,0.0,0.056177420538370555,0.15586016258600863,0.12480129657008557,0.30897828714140574
2025-08-07,风险平价策略,1.0,0.3,0.15,0.15,0.16158393218282108,0.0,0.0,0.20174518877096057,0.0,0.05588490569176114,0.15592792260411287,0.12485805075034424,0.3089772163561694
2025-08-08,风险平价策略,1.0,0.3,0.15,0.15,0.16251676876557206,0.0,0.0,0.20028482115849142,0.0,0.05481063792983644,0.1567996522401581,0.12558811990594204,0.3096503726533627
2025-08-11,风险平价策略,1.0,0.3,0.15,0.15,0.16042032201112624,0.0,0.0,0.20687248072538342,0.0,0.056379796422921846,0.15433388050316268,0.12199352033740574,0.30778304394240735
2025-08-12,风险平价策略,1.0,0.3,0.15,0.15,0.16063530042676455,0.0,0.0,0.20705468344551237,0.0,0.05643244816885764,0.15457523731931958,0.12130233063954589,0.30788186662266537
2025-08-13,风险平价策略,1.0,0.3,0.15,0.15,0.0,0.0,0.0,0.26913511586998395,0.0,0.07248558096286194,0.20078457465874636,0.15759472850840772,0.17848552313530444
2025-08-14,风险平价策略,1.0,0.3,0.15,0.15,0.0,0.0,0.0,0.39737430991769074,0.0,0.0,0.3026256900823092,0.0,0.1449212292975307
2025-08-15,风险平价策略,1.0,0.3,0.15,0.15,0.0,0.0,0.0,0.40136665352185474,0.0,0.0,0.29863334647814527,0.0,0.14504099960565564
2025-08-18,风险平价策略,1.0,0.3,0.15,0.15,0.0,0.0,0.0,0.24368736357783072,0.10198359924912105,0.0,0.19591850440827438,0.1584105327647738,0.16815154479201583
2025-08-19,风险平价策略,1.0,0.3,0.15,0.15,0.0,0.0,0.0,0.38644935398289504,0.0,0.0,0.313550646017105,0.0,0.14459348061948685
2025-08-20,风险平价策略,1.0,0.3,0.15,0.15,0.0,0.0,0.1510533153767829,0.19071810401559808,0.08035326796914863,0.0,0.15498919424816374,0.12288611839030664,0.16490019105908338
2025-08-21,风险平价策略,1.0,0.3,0.15,0.15,0.0,0.0,0.0,0.0,0.16134223010912893,0.0,0.2913805913813828,0.2472771785094883,0.1765452659807884
2025-08-22,风险平价策略,1.0,0.3,0.15,0.15,0.0,0.0,0.2137716994107881,0.0,0.11444033451021297,0.0,0.19729645626509956,0.1744915098138993,0.17016449083481705
2025-08-25,风险平价策略,1.0,0.3,0.15,0.15,0.0,0.0,0.18749276010482588,0.23913519749571913,0.10034251874109167,0.0,0.17302952365836327,0.0,0.14981253947766002
2025-08-26,风险平价策略,1.0,0.3,0.15,0.15,0.13337230786258897,0.0,0.12264714468391123,0.15998462494906227,0.06872379039309945,0.0,0.11026938619529349,0.10500274591604447,0.27601222443257223
2025-08-27,风险平价策略,1.0,0.3,0.15,0.15,0.0,0.0,0.15682869927185517,0.20307227631682467,0.08246757844708624,0.0,0.12366389415344718,0.13396755181078668,0.16719086517716186
2025-08-28,风险平价策略,1.0,0.3,0.15,0.15,0.0,0.0,0.1892155059568184,0.2451237017555716,0.09922218568335238,0.0,0.0,0.16643860660425763,0.17496485464934447
2025-08-29,风险平价策略,1.0,0.3,0.15,0.15,0.0,0.0,0.18932577999736905,0.2450210454023117,0.09915153793430027,0.0,0.0,0.16650163666601894,0.1749717117792653
2025-09-01,风险平价策略,1.0,0.3,0.15,0.15,0.0,0.0,0.37279171428674324,0.0,0.0,0.0,0.0,0.3272082857132567,0.1932649942855908
2025-09-02,风险平价策略,1.0,0.3,0.15,0.15,0.0,0.0,0.0,0.0,0.0,0.0,0.0,0.7,0.23800000000000002
2025-09-03,风险平价策略,1.0,0.3,0.15,0.15,0.0,0.0,0.3723542075498054,0.0,0.0,0.0,0.0,0.32764579245019443,0.19331749509402332
2025-09-04,风险平价策略,1.0,0.3,0.15,0.15,0.0,0.5969146584155045,0.0,0.0,0.0,0.0,0.0,0.10308534158449546,0.08578676210404634
2025-09-05,风险平价策略,1.0,0.3,0.15,0.15,0.0,0.0,0.25925978257104526,0.0,0.0,0.0,0.2058602774013659,0.23487994002758886,0.1760097844812697
2025-09-08,风险平价策略,1.0,0.3,0.15,0.15,0.0,0.0,0.17470763575955453,0.22095648710238877,0.0,0.0,0.14206926533360262,0.162266611804454,0.1692099154565264
2025-09-09,风险平价策略,1.0,0.3,0.15,0.15,0.12826934510931984,0.0,0.14280446502737654,0.1807590065147614,0.0,0.0,0.11540184824389195,0.13276533510465025,0.27421603465706995
2025-09-10,风险平价策略,1.0,0.3,0.15,0.15,0.0,0.0,0.17536963257787525,0.22231173930816947,0.0,0.0,0.1398745287503497,0.16244409936360557,0.1692970560611222
2025-09-11,风险平价策略,1.0,0.3,0.15,0.15,0.12728759270663378,0.0,0.1437198666933255,0.18215164498289835,0.0,0.0,0.11464074240547202,0.13220015321167036,0.27334637398680867
2025-09-12,风险平价策略,1.0,0.3,0.15,0.15,0.12240133551057139,0.0,0.14555099379385383,0.18444979802831957,0.0,0.0,0.1138494790282162,0.13374839363903887,0.2694514446947181
2025-09-15,风险平价策略,1.0,0.3,0.15,0.15,0.0,0.0,0.22568683996192823,0.27050231185083573,0.0,0.0,0.0,0.203810848187236,0.17845730178246832
2025-09-16,风险平价策略,1.0,0.3,0.15,0.15,0.0,0.0,0.22597955557353494,0.269601911310898,0.0,0.0,0.0,0.20441853311556699,0.17853022397386803
2025-09-17,风险平价策略,1.0,0.3,0.15,0.15,0.0,0.0,0.22683016081173568,0.2746791629259316,0.0,0.0,0.0,0.19849067626233272,0.17781888115147992
2025-09-18,风险平价策略,1.0,0.3,0.15,0.15,0.0,0.0,0.22025938708302953,0.2846607003131045,0.0,0.0,0.0,0.1950799126038658,0.17740958951246388
2025-09-19,风险平价策略,1.0,0.3,0.15,0.15,0.0,0.0,0.2199753917525329,0.28488643553193815,0.0,0.0,0.0,0.19513817271552888,0.17741658072586347
2025-09-22,风险平价策略,1.0,0.3,0.15,0.15,0.0,0.0,0.2215064001049087,0.2822570707882263,0.0,0.0,0.0,0.19623652910686493,0.17754838349282379
2025-09-23,风险平价策略,1.0,0.3,0.15,0.15,0.0,0.0,0.35931044244120836,0.0,0.0,0.0,0.0,0.3406895575587916,0.19488274690705498
2025-09-24,风险平价策略,1.0,0.3,0.15,0.15,0.0,0.0,0.3593404864875386,0.0,0.0,0.0,0.0,0.3406595135124613,0.19487914162149536
2025-09-25,风险平价策略,1.0,0.3,0.15,0.15,0.0,0.0,0.17154659906420336,0.21775566769406568,0.09540406840242743,0.0569176649925896,0.0,0.1583759998467139,0.1830659870644443
2025-09-26,风险平价策略,1.0,0.3,0.15,0.15,0.0,0.0,0.3077620373562773,0.0,0.0,0.10385472545798358,0.0,0.28838323718573905,0.20522274453556605
2025-09-29,风险平价策略,1.0,0.3,0.15,0.15,0.0,0.0,0.19661505106257557,0.2521656386190418,0.0,0.06650982850546257,0.0,0.18470948181292016,0.18680671037842445
2025-09-30,风险平价策略,1.0,0.3,0.15,0.15,0.0,0.0,0.22012618725728367,0.27378263424083205,0.0,0.0,0.0,0.20609117850188408,0.17873094142022605
2025-10-09,风险平价策略,1.0,0.3,0.15,0.15,0.0,0.41195446005825787,0.09058707532999248,0.112673786001046,0.0,0.0,0.0,0.08478467861070357,0.10856030932541962
2025-10-10,风险平价策略,1.0,0.3,0.15,0.15,0.0,0.4297806889892659,0.08447960419892087,0.1108518603610782,0.0,0.0,0.0,0.07488784645073504,0.10496614856053732
2025-10-13,风险平价策略,1.0,0.3,0.15,0.15,0.0,0.435741545384018,0.08003171617504055,0.10786877422424657,0.0,0.0,0.0,0.07635796421669486,0.10433784707916095
2025-10-14,风险平价策略,1.0,0.3,0.15,0.15,0.0,0.43968592168082776,0.07514489381624317,0.10795364341600593,0.0,0.0,0.0,0.07721554108692315,0.10390826550351903
2025-10-15,风险平价策略,1.0,0.3,0.15,0.15,0.0,0.4390054077197658,0.07534136180090364,0.10825246473815855,0.0,0.0,0.0,0.07740076574117191,0.10402236184677224
2025-10-16,风险平价策略,1.0,0.3,0.15,0.15,0.0,0.44017489735842785,0.07331436516753771,0.108789655585868,0.0,0.0,0.0,0.07772108188816645,0.10390291868319222
2025-10-17,风险平价策略,1.0,0.3,0.15,0.15,0.0,0.4480336119377166,0.06847705610408727,0.10401536136597342,0.0,0.0,0.0,0.07947397059222261,0.10305233885947496
2025-10-20,风险平价策略,1.0,0.3,0.15,0.15,0.0,0.44597560646238804,0.07529618638671627,0.11421417675202475,0.0,0.0,0.0,0.06451403039887087,0.10153497677544211
2025-10-21,风险平价策略,1.0,0.3,0.15,0.15,0.0,0.44596861861618603,0.07529972900950418,0.11421463692570026,0.0,0.0,0.0,0.06451701544860948,0.10153627834064802
2025-10-22,风险平价策略,1.0,0.3,0.15,0.15,0.0,0.45713126382062963,0.07643476439489948,0.11564129774761188,0.0,0.0,0.0,0.050792674036859047,0.09838240026863809
2025-10-23,风险平价策略,1.0,0.3,0.15,0.15,0.18043381647921342,0.0,0.16424977302868002,0.24856137978133128,0.0,0.0,0.0,0.10675503071077522,0.31837500952783226
2025-10-24,风险平价策略,1.0,0.3,0.15,0.15,0.17626220810882184,0.0,0.165911848666003,0.25114758750395066,0.0,0.0,0.0,0.10667835572122436,0.31486165749795725
2025-10-27,风险平价策略,1.0,0.3,0.15,0.15,0.07403939433145697,0.40602808062389373,0.06969906763202849,0.10551633801960006,0.0,0.0,0.0,0.04471711939302081,0.1667453546813607
2025-10-28,风险平价策略,1.0,0.3,0.15,0.15,0.07999386055919602,0.43492833427670147,0.05945907862176381,0.08980825708940474,0.0,0.0,0.0,0.035810469452933855,0.166776774076722
2025-10-29,风险平价策略,1.0,0.3,0.15,0.15,0.0,0.49103407736206717,0.06713395602329765,0.10143539818215742,0.0,0.0,0.0,0.0403965684324777,0.09255798776801825
2025-10-30,风险平价策略,1.0,0.3,0.15,0.15,0.07812777282598475,0.438967445670391,0.0573350670397139,0.08936418425251952,0.0,0.0,0.0,0.036205530211390904,0.16471138763369134
2025-10-31,风险平价策略,1.0,0.3,0.15,0.15,0.0,0.4952183071184741,0.0626992501515419,0.10115181124368743,0.0,0.0,0.0,0.04093063148629653,0.09205720431736159
2025-11-03,风险平价策略,1.0,0.3,0.15,0.15,0.07793443780178765,0.44008705670234016,0.055710635894188926,0.08989606736953136,0.0,0.0,0.0,0.036371802232151904,0.16441779136654394
2025-11-04,风险平价策略,1.0,0.3,0.15,0.15,0.08061263167670242,0.4474499604551453,0.049749262043172926,0.08582715979970372,0.0,0.0,0.0,0.03636098602527553,0.16567218427001848
2025-11-05,风险平价策略,0.7,0.21,0.105,0.105,0.085186196752225,0.4695934538548325,0.05252689881540444,0.08949236695386958,0.0,0.0,0.05496600947189954,0.03823507415176897,0.1669005176155219
2025-11-06,风险平价策略,0.7,0.21,0.105,0.105,0.08576003142585524,0.4669396539663853,0.053015636365982936,0.09035890913010927,0.0,0.0,0.05531972128281612,0.038606047828851166,0.16777470721323406
2025-11-07,风险平价策略,0.7,0.21,0.105,0.105,0.0826149150711116,0.43738358740366584,0.05012804549396714,0.08593565407136737,0.044107045515313935,0.0,0.05262579675429245,0.03720495569028169,0.16947663559559703
2025-11-10,风险平价策略,0.7,0.21,0.105,0.105,0.08262336229286694,0.4373738211914296,0.050126767739166814,0.08593304822627562,0.04410757583546504,0.0,0.05262710924486648,0.03720831546992959,0.16948541880256546
2025-11-11,风险平价策略,0.7,0.21,0.105,0.105,0.08325159562737798,0.4390306175489604,0.050598679031353004,0.08479719969297232,0.04251870282259711,0.0,0.05238389112962836,0.037419314147110944,0.1698061949498783
2025-11-12,风险平价策略,0.7,0.21,0.105,0.105,0.0832587118106315,0.4390506638102736,0.05060138989766612,0.08481423627957747,0.04251728131715138,0.0,0.052377988437985246,0.03737972844671474,0.16980487888018125
2025-11-13,风险平价策略,0.7,0.21,0.105,0.105,0.0833410831551587,0.4303367622487401,0.05210395895024774,0.08749784633585607,0.044135716846032014,0.0,0.05414002742032985,0.038444605043635525,0.17114155589784008
2025-11-14,风险平价策略,0.7,0.21,0.105,0.105,0.08223118282458676,0.4383634193240979,0.05091453910241595,0.08001262849584759,0.04518836963115734,0.0,0.0552982313201499,0.03799162930174464,0.16904706423681612
2025-11-17,风险平价策略,0.7,0.21,0.105,0.105,0.07358533804838631,0.4617821250593209,0.05087739955666021,0.07676623128976932,0.04662703664465076,0.0,0.047669374376046666,0.032692495025165844,0.1582303856158212
2025-11-18,风险平价策略,0.7,0.21,0.105,0.105,0.07090273810512975,0.4748937680900714,0.04891696325193423,0.06773923541288301,0.04640520697419777,0.0,0.04923472952319378,0.031907358642589985,0.1540635345373063
2025-11-19,风险平价策略,0.5,0.15,0.075,0.075,0.07702192543560535,0.5085389597792644,0.05311169669502744,0.07356398959647903,0.05041608025752516,0.0,0.05268723245355768,0.034660115782540885,0.15612841551858123
2025-11-20,风险平价策略,0.5,0.15,0.075,0.075,0.08242529370959016,0.5438457609945986,0.0,0.07783670877281479,0.053348677843894916,0.0,0.05597979105114985,0.036563767627951764,0.1560598141440436
2025-11-21,风险平价策略,0.5,0.15,0.075,0.075,0.0695727809544182,0.555537496899515,0.0,0.0733823870053439,0.05422988238161565,0.0,0.06001751151085615,0.037259941248251084,0.14365654034855738
2025-11-24,风险平价策略,0.5,0.15,0.075,0.075,0.0645065188212045,0.520173428007765,0.05470519888941623,0.06875864411725567,0.05078211164977443,0.0,0.056183070362635514,0.03489102815194862,0.143971315412616
2025-11-25,风险平价策略,0.5,0.15,0.075,0.075,0.06564378796909615,0.5150909809936729,0.055645099206626344,0.06995551542549286,0.05092229293569004,0.0,0.05724341819914218,0.03549890527027957,0.1456552884757111
2025-11-26,风险平价策略,0.5,0.15,0.075,0.075,0.17990577352341028,0.0,0.15875121964480252,0.19924453801261968,0.1467611541221781,0.0,0.16533731469698945,0.0,0.3046283418599767
2025-11-27,风险平价策略,0.5,0.15,0.075,0.075,0.16598227027854356,0.0,0.14652810573448213,0.18388754661657342,0.1322447388676148,0.06876194484554887,0.15259539365723718,0.0,0.30417160378822344
2025-11-28,风险平价策略,0.5,0.15,0.075,0.075,0.16595246680527373,0.0,0.14666936741555806,0.18405223910255475,0.13237098974145328,0.06882713605415944,0.15212780088100064,0.0,0.30417228975607996
2025-12-01,风险平价策略,0.5,0.15,0.075,0.075,0.0721276492989692,0.4807388709575041,0.06374998102770199,0.08001024317903269,0.057539095968268686,0.029915321015584653,0.06591883855293856,0.0,0.15607175499745912
2025-12-02,风险平价策略,0.5,0.15,0.075,0.075,0.07215947029772088,0.47866076076341274,0.06336949539060985,0.08119087989033977,0.05778535639151179,0.030048624359787616,0.06678541290661741,0.0,0.15637682342130743
2025-12-03,风险平价策略,0.5,0.15,0.075,0.075,0.07013047666638235,0.4739838817851255,0.06279216321430858,0.08047089554210876,0.05633395057895532,0.0,0.06605786226997844,0.04023076994314083,0.1553310723896363
2025-12-04,风险平价策略,0.5,0.15,0.075,0.075,0.0,0.0,0.17635585589586164,0.22639611052813302,0.15716355050916864,0.0,0.17882788944453462,0.11125659362230204,0.1665575900564319
2025-12-05,风险平价策略,0.5,0.15,0.075,0.075,0.0,0.4825131074206323,0.07711787488839573,0.0990587792510862,0.06601723176208861,0.0,0.07671313572956741,0.04857987094822975,0.09604909325773608
2025-12-08,风险平价策略,0.5,0.15,0.075,0.075,0.0,0.0,0.1827082543678986,0.23023243464364893,0.1564026088124135,0.0,0.16664400081283867,0.11401270136320026,0.16724623022732302
2025-12-09,风险平价策略,0.5,0.15,0.075,0.075,0.0,0.0,0.21585372275997114,0.2319704748585001,0.2235663181534252,0.0,0.0,0.1786094842281035,0.18066880128890667
2025-12-10,风险平价策略,0.5,0.15,0.075,0.075,0.0,0.0,0.29294705092716306,0.3148975306016244,0.0,0.0,0.0,0.24215541847121264,0.18605865021654552
2025-12-11,风险平价策略,0.5,0.15,0.075,0.075,0.0,0.0,0.21711165601449162,0.2329124044168698,0.22057964891851464,0.0,0.0,0.17939629065012397,0.18073335136720003
2025-12-12,风险平价策略,0.5,0.15,0.075,0.075,0.0,0.0,0.2194166555635083,0.2353463040517146,0.2140838732359896,0.0,0.0,0.18115316714878738,0.18087921879021437
2025-12-15,风险平价策略,0.5,0.15,0.075,0.075,0.0,0.0,0.2022631322553665,0.22730786050184143,0.227535669071604,0.0,0.0,0.19289333817118812,0.1824225572712586
2025-12-16,风险平价策略,0.5,0.15,0.075,0.075,0.0,0.0,0.20293443084808085,0.2322307576349799,0.2274873245503577,0.0,0.0,0.18734748696658152,0.18175657168149337
2025-12-17,风险平价策略,0.5,0.15,0.075,0.075,0.0,0.0,0.20290495410367032,0.23220752565657707,0.22761866132800943,0.0,0.0,0.1872688589117431,0.18174844968268927
2025-12-18,风险平价策略,0.5,0.15,0.075,0.075,0.0,0.0,0.20248745455229258,0.23239942000637437,0.22773965072920688,0.0,0.0,0.18737347471212618,0.1817622134727472
2025-12-19,风险平价策略,0.5,0.15,0.075,0.075,0.0,0.0,0.2025191860494198,0.23243029157149714,0.22784476705816156,0.0,0.0,0.18720575532092162,0.18174313830909225
2025-12-22,风险平价策略,0.5,0.15,0.075,0.075,0.0,0.0,0.20236309614666423,0.23232937705984497,0.2280021649024827,0.0,0.0,0.187305361891008,0.1817566650759458
2025-12-23,风险平价策略,0.7,0.21,0.105,0.105,0.0,0.0,0.18755895824868618,0.21597327634935057,0.2121616292112968,0.0,0.0,0.17430613619066643,0.17883835263499295
2025-12-24,风险平价策略,0.7,0.21,0.105,0.105,0.0,0.0,0.18755295541857733,0.21597681162822446,0.2121692186489647,0.0,0.0,0.1743010143042335,0.17883781390299766
2025-12-25,风险平价策略,0.7,0.21,0.105,0.105,0.0,0.0,0.18856677018737594,0.21538918617417474,0.2131727009289827,0.0,0.0,0.17287134270946658,0.17867628813442582
2025-12-26,风险平价策略,0.7,0.21,0.105,0.105,0.0,0.53621843211843,0.06057456519540237,0.06918993069655859,0.06848466282480573,0.0,0.0,0.05553240916480328,0.0907592473920364
2025-12-29,风险平价策略,0.7,0.21,0.105,0.105,0.0,0.0,0.2121034974808686,0.24201344106210843,0.16196675204881641,0.0,0.0,0.17391630940820652,0.17828962464947296
2025-12-30,风险平价策略,0.7,0.21,0.105,0.105,0.0,0.0,0.2093165369693428,0.2512014203750588,0.1672998167594963,0.0,0.0,0.16218222589610215,0.17693486527512725
2025-12-31,风险平价策略,1.0,0.3,0.15,0.15,0.0,0.0,0.18815572646492534,0.225704651722062,0.1457420976374217,0.0,0.0,0.14039752417559098,0.17230512387744515
2026-01-05,风险平价策略,1.0,0.3,0.15,0.15,0.0,0.0,0.19001778812026357,0.22822328102042042,0.14005124276729383,0.0,0.0,0.14170768809202214,0.17240543499871558
2026-01-06,风险平价策略,1.0,0.3,0.15,0.15,0.0,0.0,0.1899442878175668,0.22808985746249352,0.14021488321371756,0.0,0.0,0.14175097150622218,0.17241226541288385
2026-01-07,风险平价策略,1.0,0.3,0.15,0.15,0.0,0.0,0.16695303102001632,0.24278853116055038,0.14769640948845628,0.0,0.0,0.14256202833097706,0.17258440749460183
2026-01-08,风险平价策略,1.0,0.3,0.15,0.15,0.0,0.0,0.16338895219646243,0.196620493202043,0.15961888710487307,0.0,0.0,0.18037166749662148,0.17724078897064333
2026-01-09,风险平价策略,1.0,0.3,0.15,0.15,0.0,0.0,0.163390431958076,0.1966205341935063,0.15962534269085166,0.0,0.0,0.18036369115756606,0.17723989636581647
2026-01-12,风险平价策略,1.0,0.3,0.15,0.15,0.0,0.0,0.16339018871945143,0.19662264370873553,0.15962245892248084,0.0,0.0,0.18036470864933216,0.17723998962714466
2026-01-13,风险平价策略,1.0,0.3,0.15,0.15,0.0,0.0,0.15732269757214218,0.19100085490797733,0.16500883511165074,0.0,0.0,0.18666761240822974,0.1780502018401041
2026-01-14,风险平价策略,1.0,0.3,0.15,0.15,0.0,0.0,0.15786405308541288,0.19196107487983757,0.16299583857963956,0.0,0.0,0.1871790334551099,0.17809144240040958
2026-01-15,风险平价策略,1.0,0.3,0.15,0.15,0.0,0.4944364751088336,0.045829431916606975,0.05656842805231904,0.046737401020958746,0.0,0.0,0.05642826390128161,0.09448984153867085
2026-01-16,风险平价策略,1.0,0.3,0.15,0.15,0.0,0.5069271710320548,0.04059914499769592,0.04898418449324178,0.046261827811553156,0.0,0.0,0.05722767166545438,0.09289477078864267
2026-01-19,风险平价策略,1.0,0.3,0.15,0.15,0.0,0.5067657494783846,0.04063061534170562,0.049021210532200384,0.0463065029672729,0.0,0.0,0.05727592168043642,0.09292279945174317
2026-01-20,风险平价策略,1.0,0.3,0.15,0.15,0.0,0.506894287344849,0.04067211038468804,0.048796625928733274,0.04633447572315958,0.0,0.0,0.05730250061857013,0.0929089160399054
2026-01-21,风险平价策略,1.0,0.3,0.15,0.15,0.0,0.506760659696342,0.04071153876673865,0.04887473354330091,0.04635573867064295,0.0,0.0,0.05729732932297559,0.09292654784645735
2026-01-22,风险平价策略,1.0,0.3,0.15,0.15,0.0,0.46174685272185817,0.03707588712466055,0.04457886230280171,0.04276603835356702,0.0,0.061638916566012766,0.05219344293109988,0.09650588092083644
2026-01-23,风险平价策略,1.0,0.3,0.15,0.15,0.0,0.5062171171636983,0.0406888670952358,0.04893123259398974,0.04694735971199486,0.0,0.0,0.05721542343508123,0.09299601359223042
2026-01-26,风险平价策略,1.0,0.3,0.15,0.15,0.0,0.4438014912395026,0.03571956713914328,0.04281529172462079,0.0411455236953459,0.02843202766154934,0.05786761130699484,0.05021848723284318,0.10333756847419984
2026-01-27,风险平价策略,1.0,0.3,0.15,0.15,0.0,0.49327920906649503,0.039597829602380084,0.04754750650675407,0.03598124489029073,0.028158771230870606,0.0,0.05543543870320941,0.0989247752662505
2026-01-28,风险平价策略,1.0,0.3,0.15,0.15,0.0,0.45224889115656386,0.03630417137517614,0.04359381965850562,0.032989707948603945,0.02581653653121057,0.05822490788393636,0.050821965446003425,0.10175883123534593
2026-01-29,风险平价策略,1.0,0.3,0.15,0.15,0.05847037231919509,0.4146539361092224,0.033293054952518955,0.03987010442923457,0.030048602918233636,0.02368223745651616,0.053387191418542,0.04659450039653722,0.155216199700632
2026-01-30,风险平价策略,1.0,0.3,0.15,0.15,0.0,0.5148659267644246,0.02294110131474053,0.027930590830107727,0.03202901687623296,0.029313823648315765,0.05160730083337394,0.021312239732804453,0.09051285158223085
2026-02-02,风险平价策略,1.0,0.3,0.15,0.15,0.0,0.5484430069121083,0.018468032272326868,0.017744422962248346,0.025349917519700522,0.020707217941513246,0.05932911204049477,0.009958290351607805,0.08294196959368258
2026-02-03,风险平价策略,1.0,0.3,0.15,0.15,0.0,0.5991899095749109,0.020193701278820763,0.019399090598392257,0.027708459431268113,0.022629446430575007,0.0,0.010879392686032894,0.07831268535291565
2026-02-04,风险平价策略,1.0,0.3,0.15,0.15,0.0,0.5990851871388299,0.020214904282303298,0.019418482864019662,0.027737870023380486,0.02265297632578979,0.0,0.010890579365676941,0.07833222417249938
2026-02-05,风险平价策略,1.0,0.3,0.15,0.15,0.06357327410062873,0.5476666233141575,0.016864355106205757,0.01696231472884343,0.024309411133405796,0.020951857566653267,0.0,0.009672164050105495,0.1382226071051281
2026-02-06,风险平价策略,1.0,0.3,0.15,0.15,0.058364774139200735,0.5058317320048542,0.015492588694993438,0.015653046062449074,0.022473528951930735,0.019369704392652464,0.05392510822763988,0.008889517526279417,0.13751200330494134
2026-02-09,风险平价策略,1.0,0.3,0.15,0.15,0.06326892952958611,0.5481656051853431,0.01678997961103207,0.016964619134790464,0.02436154908460393,0.02081493686437022,0.0,0.009634380590274104,0.1378736751648092
2026-02-10,风险平价策略,1.0,0.3,0.15,0.15,0.06556213487997238,0.5679210716421212,0.017390283807974093,0.017576846941482913,0.0,0.021570069216458387,0.0,0.009979593511990927,0.1370516109235627
2026-02-11,风险平价策略,1.0,0.3,0.15,0.15,0.058426645436789104,0.5060552363778333,0.015497151575572809,0.015663283944523036,0.022497092268701457,0.01922134514248788,0.05374635433662308,0.008892890917469308,0.13751606768137806
2026-02-12,风险平价策略,1.0,0.3,0.15,0.15,0.05615896895645735,0.5079823541453473,0.01557166273142156,0.015708648465389972,0.022286788276092484,0.019351069854216123,0.054031116234957655,0.008909391336117572,0.13536314864652318
2026-02-13,风险平价策略,1.0,0.3,0.15,0.15,0.0,0.5472556180008312,0.016925592439737257,0.017153597015739087,0.02585629051797336,0.019439054400899117,0.06321995435190365,0.010149893272916237,0.08281069174140421
2026-02-24,风险平价策略,1.0,0.3,0.15,0.15,0.0,0.5480058287062316,0.016960135897630166,0.0171859590125989,0.025905121377590604,0.019471847632874215,0.06230365857137054,0.01016744880170394,0.08274474405875787
2026-02-25,风险平价策略,1.0,0.3,0.15,0.15,0.0,0.5712681241364346,0.0,0.0,0.027948013751126027,0.021023451100725597,0.0685797104415493,0.01118070057016448,0.07980632831038195
2026-02-26,风险平价策略,1.0,0.3,0.15,0.15,0.0,0.567478748991128,0.0,0.0,0.028304534931173284,0.02145614001605448,0.071204007372098,0.011556568689546102,0.08035706465966075
2026-02-27,风险平价策略,1.0,0.3,0.15,0.15,0.057544530661228145,0.4934373106610789,0.016753346884519328,0.017049287390605718,0.024604793499897665,0.018657296664652448,0.06190460475756635,0.010048829480451367,0.13830330561245652
2026-03-02,风险平价策略,0.7,0.21,0.105,0.105,0.06495852069857734,0.5570025265985696,0.01890800199248644,0.01924659362312407,0.02777336405271224,0.02106040041421121,0.06970713085907626,0.011343461761242778,0.13808721548837583
2026-03-03,风险平价策略,0.7,0.21,0.105,0.105,0.06898862041953442,0.5831178920682748,0.0,0.0,0.029529222143755505,0.0223834031937281,0.07405348772781205,0.011927374446895124,0.13811584275741892
2026-03-04,风险平价策略,0.7,0.21,0.105,0.105,0.06173798811263476,0.5742554090747165,0.0,0.019460080345381436,0.02921112544459324,0.02217037044009756,0.07177846393684989,0.011386562645726657,0.13318783391376973
2026-03-05,风险平价策略,0.7,0.21,0.105,0.105,0.06176121904910713,0.5741431996017713,0.0,0.01947052224703952,0.02922939032861635,0.022183337730060315,0.07182179436831859,0.011390536675086795,0.13322393056506754
2026-03-06,风险平价策略,0.7,0.21,0.105,0.105,0.06181334093697292,0.5739990210411899,0.0,0.019454974141745938,0.02925664170527665,0.022204289130431536,0.07189904378980806,0.011372689254574958,0.13328634262127317
2026-03-09,风险平价策略,0.7,0.21,0.105,0.105,0.06639161263869979,0.5569038016940916,0.0,0.020980457232519435,0.03168756183418071,0.02407306140119961,0.0777073558900262,0.012256149309282672,0.13969502407075235
2026-03-10,风险平价策略,0.7,0.21,0.105,0.105,0.06662584920236747,0.5590063406828134,0.020580265421286156,0.021208661749908504,0.02832194188313735,0.012904789756988963,0.0688425554576815,0.012509595845816731,0.13808371795552604
2026-03-11,风险平价策略,0.7,0.21,0.105,0.105,0.2279463920112095,0.0,0.07021513661852026,0.07255555336734922,0.09691999448872306,0.044031805456768734,0.2355336518667417,0.04279746619068751,0.35335894449426647
2026-03-12,风险平价策略,1.0,0.3,0.15,0.15,0.059356703241008876,0.49492948816587873,0.018266932156657006,0.01889428978082678,0.025236119460678122,0.01146568730222359,0.06072564462067622,0.011125135272050606,0.13864426787704215
2026-03-13,风险平价策略,1.0,0.3,0.15,0.15,0.20433117812816437,0.0,0.061971699694234654,0.06349555445503526,0.08434143382585525,0.039420355936306224,0.20883715357356547,0.03760262438683884,0.33103606123493934
2026-03-16,风险平价策略,1.0,0.3,0.15,0.15,0.23831236358261718,0.0,0.0,0.07403125640459607,0.09837086361984804,0.045938005035916954,0.20084235730884076,0.042505154048180956,0.3615915226178601
2026-03-17,风险平价策略,1.0,0.3,0.15,0.15,0.254954031402756,0.0,0.0,0.07839614394525962,0.1034434196888215,0.0486921201703616,0.21451428479280119,0.0,0.3705511312586771
2026-03-18,风险平价策略,0.7,0.21,0.105,0.105,0.2933953757428963,0.0,0.0,0.0933159353297466,0.11460463734790453,0.0553485891921624,0.2333354623872902,0.0,0.40525387239663924
2026-03-19,风险平价策略,0.7,0.21,0.105,0.105,0.07541287401224585,0.6079142696853669,0.0,0.0,0.030472472801715885,0.014525917223223859,0.061674466277447625,0.0,0.13785702525817156
2026-03-20,风险平价策略,0.7,0.21,0.105,0.105,0.33319093207213557,0.0,0.0,0.0,0.12147964410896675,0.059621528887868015,0.27570789493102965,0.0,0.43816338715581155
2026-03-23,风险平价策略,0.5,0.15,0.075,0.075,0.0,0.0,0.0,0.0,0.2484493288361957,0.11846354026507547,0.4830871308987288,0.0,0.16394604580381217
2026-03-24,风险平价策略,0.5,0.15,0.075,0.075,0.2558603954838689,0.0,0.0,0.1313798503585919,0.11976737973105318,0.06130880879090302,0.2816835656355831,0.0,0.37447930844123745
2026-03-25,风险平价策略,0.7,0.21,0.105,0.105,0.28667397426357005,0.0,0.0,0.0,0.13129140257474775,0.0679049030770344,0.3041297200846478,0.0,0.3996599452969324
2026-03-26,风险平价策略,0.7,0.21,0.105,0.105,0.28602671385543305,0.0,0.0,0.0,0.1314463687043102,0.06796960564587004,0.3045573117943868,0.0,0.3991153208751145
2026-03-27,风险平价策略,0.5,0.15,0.075,0.075,0.25973965494418644,0.0,0.0,0.13357264404295252,0.11966741898965759,0.06187946699529611,0.2751408150279073,0.0,0.37802447461142336
2026-03-30,风险平价策略,0.5,0.15,0.075,0.075,0.25999900743965915,0.0,0.0,0.1337477507810675,0.11860963110064908,0.062025446848089374,0.27561816383053483,0.0,0.37824078914109843
2026-03-31,风险平价策略,0.5,0.15,0.075,0.075,0.2633765413840486,0.0,0.0,0.135583657317399,0.11812193238460784,0.06145728487645794,0.27146058403748663,0.0,0.38110686214555556
2026-04-01,风险平价策略,0.5,0.15,0.075,0.075,0.291302744343088,0.0,0.0,0.14141038791845734,0.10506674292075224,0.05125488386027414,0.2609652409574283,0.0,0.40311679686632246
2026-04-02,风险平价策略,0.5,0.15,0.075,0.075,0.29203932534126237,0.0,0.0,0.14189222259834988,0.10510145440395749,0.05124918624408438,0.25971781141234584,0.0,0.4037723832873831
2026-04-03,风险平价策略,0.5,0.15,0.075,0.075,0.28686189149175073,0.0,0.0,0.14384736930897746,0.1069236628860079,0.05213786770493457,0.2602292086083292,0.0,0.3995684080564703
2026-04-07,风险平价策略,0.5,0.15,0.075,0.075,0.2835392694064462,0.0,0.0,0.14494888383764803,0.10617571930340702,0.05221388020848128,0.26312224724401745,0.0,0.39669529691048533
2026-04-08,风险平价策略,0.5,0.15,0.075,0.075,0.28957772314417274,0.0,0.0,0.14902506520237058,0.08909446190142487,0.04571910402960527,0.2765836457224265,0.0,0.4001537793331834
2026-04-09,风险平价策略,0.5,0.15,0.075,0.075,0.2863820319124941,0.0,0.0,0.14774777216424842,0.08996118523729053,0.04613896831789751,0.2797700423680694,0.0,0.3974496523186895
2026-04-10,风险平价策略,0.5,0.15,0.075,0.075,0.28601471677248524,0.0,0.0,0.14843870042983287,0.08744732744941658,0.0464915170006172,0.28160773834764813,0.0,0.3971172459330511
2026-04-13,风险平价策略,0.5,0.15,0.075,0.075,0.28497271658662354,0.0,0.0,0.1487830747488359,0.0874339899753039,0.04659284454549966,0.282217374143737,0.0,0.39623975573548464
2026-04-14,风险平价策略,0.5,0.15,0.075,0.075,0.0,0.0,0.0,0.22388320246978874,0.13158660769699138,0.07004485851828379,0.4244853313149361,0.0,0.15678848350044725
2026-04-15,风险平价策略,0.7,0.21,0.105,0.105,0.0,0.6393359860141826,0.029505523428196824,0.03189978668057009,0.01878297822449068,0.009921366305980965,0.06055435934657877,0.0,0.06944825949888984
2026-04-16,风险平价策略,0.7,0.21,0.105,0.105,0.056773542457042754,0.5933004444809202,0.027402073733219078,0.02962580935595101,0.01744421148827094,0.00921407668000929,0.0562398418045866,0.0,0.12335571478853827
2026-04-17,风险平价策略,0.7,0.21,0.105,0.105,0.05600122757969799,0.5967468234670299,0.027339085324753494,0.02946052619101552,0.017535519667595097,0.009266472816441978,0.05365034495346607,0.0,0.12232869049759998
2026-04-20,风险平价策略,0.7,0.21,0.105,0.105,0.061334761024789776,0.6486206435786739,0.030012082268304208,0.031093624656424394,0.018938888471807924,0.0,0.0,0.0,0.11994680126242055
2026-04-21,风险平价策略,0.7,0.21,0.105,0.105,0.06388265660252183,0.6752684285238011,0.03113018173824087,0.0,0.0197187331354363,0.0,0.0,0.0,0.11849738102675958
2026-04-22,风险平价策略,0.7,0.21,0.105,0.105,0.061134583410523906,0.649153439292008,0.029923776798318386,0.030837457673164852,0.018950742825984964,0.0,0.0,0.0,0.11970684318867887
2026-04-23,风险平价策略,0.7,0.21,0.105,0.105,0.06540201279615007,0.6617025542892279,0.03198544230129042,0.0,0.020254240242825728,0.010655750370505894,0.0,0.0,0.1233153083814295
2026-04-24,风险平价策略,0.7,0.21,0.105,0.105,0.0,0.7534047694279852,0.036595230572014865,0.0,0.0,0.0,0.0,0.0,0.05409035612722201
2026-04-27,风险平价策略,1.0,0.3,0.15,0.15,0.0,0.6633452237667917,0.036654776233208244,0.0,0.0,0.0,0.0,0.0,0.06444839479148312
2026-04-28,风险平价策略,1.0,0.3,0.15,0.15,0.0,0.6425322314639379,0.035310232887972776,0.0,0.02215753564808919,0.0,0.0,0.0,0.06747972410884925
2026-04-29,风险平价策略,1.0,0.3,0.15,0.15,0.0,0.6429120446404963,0.035068606945452975,0.0,0.022019348414050646,0.0,0.0,0.0,0.0674270674576735
2026-04-30,风险平价策略,1.0,0.3,0.15,0.15,0.0,0.642285680057606,0.03529398107455889,0.0,0.02242033886783516,0.0,0.0,0.0,0.06751563658090155
2026-05-06,风险平价策略,1.0,0.3,0.15,0.15,0.0,0.609070096837552,0.03433354380652581,0.03465508212430262,0.021941277231619566,0.0,0.0,0.0,0.07199494969924668
2026-05-07,风险平价策略,1.0,0.3,0.15,0.15,0.0,0.5995683834775855,0.03373590400777643,0.031202084026035182,0.01866631621395993,0.0,0.0,0.01682731227464306,0.07526420886562274
2026-05-08,风险平价策略,1.0,0.3,0.15,0.15,0.057816723174647214,0.5651447888878672,0.031789663959393546,0.029420353341484788,0.0,0.0,0.0,0.01582847063660718,0.12817091744323444
2026-05-11,风险平价策略,1.0,0.3,0.15,0.15,0.056430981735875234,0.5515062637313389,0.031031302511109735,0.028714851768400836,0.016909581925405273,0.0,0.0,0.015407018327869997,0.1289666170730029
2026-05-12,风险平价策略,1.0,0.3,0.15,0.15,0.0,0.5530754167379494,0.03111787544529392,0.028794573375147996,0.016931313337997828,0.0,0.05463098834949396,0.015449832754116901,0.07971918215376603
2026-05-13,风险平价策略,1.0,0.3,0.15,0.15,0.0,0.566813352786681,0.03186343264880935,0.02950052930040641,0.0,0.0,0.05600094145857167,0.015821743805531547,0.0776987783867047
2026-05-14,风险平价策略,1.0,0.3,0.15,0.15,0.0,0.6174545591583794,0.03290247040185795,0.0318524931807446,0.0,0.0,0.0,0.017790477259017893,0.0727784917847009
2026-05-15,风险平价策略,1.0,0.3,0.15,0.15,0.0,0.6682201689154015,0.03177983108459848,0.0,0.0,0.0,0.0,0.0,0.0637902771964208
2026-05-18,风险平价策略,0.5,0.15,0.075,0.075,0.0,0.7889065305741051,0.0373397314046581,0.0,0.0237537380212368,0.0,0.0,0.0,0.05073515575270818
2026-05-19,风险平价策略,0.5,0.15,0.075,0.075,0.0,0.7240549719446343,0.03426608660287146,0.0,0.021695943486940462,0.012266654254832437,0.057716343710721235,0.0,0.05970071259179531
2026-05-20,风险平价策略,0.5,0.15,0.075,0.075,0.0,0.7557146253203493,0.03524234507586282,0.0,0.0,0.0,0.05904302960378798,0.0,0.05320723469363922
2026-05-21,风险平价策略,0.5,0.15,0.075,0.075,0.0,0.751555318488917,0.0385880967248191,0.0,0.0,0.0,0.059856584786263954,0.0,0.0537443344604083
2026-05-22,风险平价策略,0.5,0.15,0.075,0.075,0.0,0.7486358770615005,0.03971196738215335,0.0,0.0,0.0,0.06165215555634626,0.0,0.054084591930007066
2026-05-25,风险平价策略,0.5,0.15,0.075,0.075,0.0,0.7505282798084689,0.03964936318202778,0.0,0.0,0.0,0.05982235700950311,0.0,0.053884011515571574
2026-05-26,风险平价策略,0.5,0.15,0.075,0.075,0.0,0.7508434131136167,0.0393604614492869,0.0,0.0,0.0,0.05979612543709638,0.0,0.053842255466548854
2026-05-27,风险平价策略,0.5,0.15,0.075,0.075,0.0,0.8078089079174932,0.042191092082506786,0.0,0.0,0.0,0.0,0.0,0.047945797431138415
2026-05-28,风险平价策略,0.5,0.15,0.075,0.075,0.0,0.7320802479078835,0.037858038120657314,0.0,0.02165132170653204,0.0,0.05841039226492708,0.0,0.056633367981553225
2026-05-29,风险平价策略,0.5,0.15,0.075,0.075,0.0,0.7513524308929741,0.03881926697266475,0.0,0.0,0.0,0.059828302134361105,0.0,0.053772572765417664
2026-06-01,风险平价策略,0.5,0.15,0.075,0.075,0.0,0.7514141547629072,0.03875505626209085,0.0,0.0,0.0,0.05983078897500187,0.0,0.05376416543775746
2026-06-02,风险平价策略,0.5,0.15,0.075,0.075,0.0,0.8083136190510494,0.04168638094895064,0.0,0.0,0.0,0.0,0.0,0.04787766142810834
2026-06-03,风险平价策略,0.5,0.15,0.075,0.075,0.0,0.7460986992726022,0.04094268471389963,0.0,0.0,0.0,0.06295861601349806,0.0,0.05438791711779374
2026-06-04,风险平价策略,0.3,0.09,0.045,0.045,0.0,0.8663427754852079,0.0436572245147921,0.0,0.0,0.0,0.0,0.0,0.04124372530949694
2026-06-05,风险平价策略,0.3,0.09,0.045,0.045,0.0,0.8415893899846283,0.04379086718529052,0.0,0.02461974283008113,0.0,0.0,0.0,0.044831629780375984
2026-06-08,风险平价策略,0.3,0.09,0.045,0.045,0.0,0.8370894238165848,0.0459492060260624,0.0,0.026961370157352848,0.0,0.0,0.0,0.04546254148633459
2026-06-09,风险平价策略,0.3,0.09,0.045,0.045,0.0,0.8582286276081593,0.051771372391840716,0.0,0.0,0.0,0.0,0.0,0.042339135272898495
2026-06-10,风险平价策略,0.3,0.09,0.045,0.045,0.0,0.8528954655696828,0.05710453443031729,0.0,0.0,0.0,0.0,0.0,0.04305911214809284
2026-06-11,风险平价策略,0.3,0.09,0.045,0.045,0.0,0.8526965304659023,0.05730346953409772,0.0,0.0,0.0,0.0,0.0,0.04308596838710319
2026-06-12,风险平价策略,0.3,0.09,0.045,0.045,0.0,0.8527728934152242,0.05722710658477578,0.0,0.0,0.0,0.0,0.0,0.04307565938894473
2026-06-15,风险平价策略,0.3,0.09,0.045,0.045,0.0,0.8531490462787976,0.05685095372120244,0.0,0.0,0.0,0.0,0.0,0.043024878752362335
2026-06-16,风险平价策略,0.7,0.21,0.105,0.105,0.0,0.7426721426720871,0.047327857327912906,0.0,0.0,0.0,0.0,0.0,0.055539260739268244
2026-06-17,风险平价策略,0.7,0.21,0.105,0.105,0.0,0.7427049819538049,0.04729501804619517,0.0,0.0,0.0,0.0,0.0,0.055534827436236354
2026-06-18,风险平价策略,0.7,0.21,0.105,0.105,0.0,0.7437238999189753,0.046276100081024785,0.0,0.0,0.0,0.0,0.0,0.05539727351093835
2026-06-22,风险平价策略,0.7,0.21,0.105,0.105,0.0,0.7436683706829201,0.04633162931707981,0.0,0.0,0.0,0.0,0.0,0.05540476995780578
2026-06-23,风险平价策略,1.0,0.3,0.15,0.15,0.0,0.7,0.0,0.0,0.0,0.0,0.0,0.0,0.0595
2026-06-24,风险平价策略,1.0,0.3,0.15,0.15,0.0,0.7,0.0,0.0,0.0,0.0,0.0,0.0,0.0595
2026-06-25,风险平价策略,1.0,0.3,0.15,0.15,0.0,0.7,0.0,0.0,0.0,0.0,0.0,0.0,0.0595
2026-06-26,风险平价策略,1.0,0.3,0.15,0.15,0.0,0.7,0.0,0.0,0.0,0.0,0.0,0.0,0.0595
2026-06-29,风险平价策略,1.0,0.3,0.15,0.15,0.0,0.7,0.0,0.0,0.0,0.0,0.0,0.0,0.0595
2026-06-30,风险平价策略,1.0,0.3,0.15,0.15,0.0,0.7,0.0,0.0,0.0,0.0,0.0,0.0,0.0595
2026-07-01,风险平价策略,1.0,0.3,0.15,0.15,0.0,0.7,0.0,0.0,0.0,0.0,0.0,0.0,0.0595
2026-07-02,风险平价策略,1.0,0.3,0.15,0.15,0.0,0.7,0.0,0.0,0.0,0.0,0.0,0.0,0.0595
2026-07-03,风险平价策略,0.7,0.21,0.105,0.105,0.0,0.79,0.0,0.0,0.0,0.0,0.0,0.0,0.049150000000000006
2026-07-06,风险平价策略,0.7,0.21,0.105,0.105,0.0,0.6927415897664859,0.0,0.0,0.0,0.0,0.09725841023351406,0.0,0.05936213307451898
2026-07-07,风险平价策略,0.7,0.21,0.105,0.105,0.0,0.6926608796613026,0.0,0.0,0.0,0.0,0.09733912033869739,0.0,0.05937060763556323
2026-07-08,风险平价策略,0.7,0.21,0.105,0.105,0.0,0.6926543436265358,0.0,0.0,0.0,0.0,0.09734565637346425,0.0,0.05937129391921375
2026-07-09,风险平价策略,0.7,0.21,0.105,0.105,0.0,0.6911504572676862,0.0,0.0,0.0,0.0,0.0988495427323138,0.0,0.05952920198689295
2026-07-10,风险平价策略,0.7,0.21,0.105,0.105,0.0,0.6911408800588548,0.0,0.0,0.0,0.0,0.09885911994114524,0.0,0.05953020759382025
2026-07-13,风险平价策略,0.7,0.21,0.105,0.105,0.0,0.0,0.0,0.0,0.0,0.0,0.79,0.0,0.13210000000000002
2026-07-14,风险平价策略,0.7,0.21,0.105,0.105,0.0,0.0,0.0,0.0,0.0,0.0,0.79,0.0,0.13210000000000002
2026-07-15,风险平价策略,0.7,0.21,0.105,0.105,0.0,0.0,0.0,0.0,0.0,0.0,0.79,0.0,0.13210000000000002
2026-07-16,风险平价策略,0.7,0.21,0.105,0.105,0.0,0.0,0.0,0.0,0.0,0.0,0.79,0.0,0.13210000000000002
2026-07-17,风险平价策略,0.7,0.21,0.105,0.105,0.0,0.0,0.0,0.0,0.0,0.0,0.79,0.0,0.13210000000000002
2026-07-20,风险平价策略,0.5,0.15,0.075,0.075,0.3027148110155257,0.0,0.0,0.0,0.0,0.0,0.5472851889844743,0.0,0.3948618855835074
2026-07-21,风险平价策略,0.5,0.15,0.075,0.075,0.0,0.6985057907559419,0.04845874792910225,0.0,0.0,0.0,0.10303546131495582,0.0,0.059610654408499164
2026-07-22,风险平价策略,0.25,0.075,0.0375,0.0375,0.05578031465755856,0.7143219987615481,0.049555035641382285,0.0,0.0,0.0,0.10534265093951119,0.0,0.10576171495135489
2026-07-23,风险平价策略,0.25,0.075,0.0375,0.0375,0.05685760615988967,0.7101953409772956,0.050522544435816184,0.0,0.0,0.0,0.1074245084269985,0.0,0.10716128288956245
2026-07-24,风险平价策略,0.35,0.105,0.0525,0.0525,0.05112270203043016,0.6796235863072847,0.04563125043481343,0.0,0.0,0.01584784163938457,0.10277461958808706,0.0,0.10854630162873681
2026-07-27,风险平价策略,0.35,0.105,0.0525,0.0525,0.0,0.7533953288649807,0.05502896038362355,0.0,0.0,0.0,0.0865757107513957,0.0,0.05359435928068573
2026-07-28,风险平价策略,0.25,0.075,0.0375,0.0375,0.06546858723694723,0.76790331920379,0.0,0.0,0.0,0.015547274723129395,0.07608081883613342,0.0,0.11003180457714073
2026-07-29,风险平价策略,0.25,0.075,0.0375,0.0375,0.061673257778086674,0.7233744257915243,0.0536333151481775,0.0,0.0,0.014645958484962803,0.0716730427972489,0.0,0.11284315112541364
2026-07-30,风险平价策略,0.25,0.075,0.0375,0.0375,0.06389732859875606,0.7504822173835243,0.0,0.0,0.023833366192877986,0.015207804271291918,0.07157928355354981,0.0,0.11138286051490831
2026-07-31,风险平价策略,0.25,0.075,0.0375,0.0375,0.06136989119559544,0.7266747459690401,0.05348600312247275,0.0,0.0,0.014303154892926473,0.0691662048199651,0.0,0.11216313653674902
2026-08-03,风险平价策略,0.25,0.075,0.0375,0.0375,0.060570256685629126,0.7067061122188397,0.05293276449509174,0.0,0.022671311373852816,0.01386061973517785,0.06825893549140886,0.0,0.11437033467300985
2026-08-04,风险平价策略,0.25,0.075,0.0375,0.0375,0.053078230310214296,0.6767498912953712,0.0507947386963836,0.044007232450926324,0.021764471499059815,0.013273165334790376,0.06533227041325437,0.0,0.11210586119186433
2026-08-05,风险平价策略,0.5,0.15,0.075,0.075,0.04486637689140198,0.6070791955168874,0.04601750594042329,0.039680862461610275,0.018203841864755158,0.010887072437235603,0.05766447142262966,0.025600673465056574,0.11599818187573101
2026-08-06,风险平价策略,0.7,0.21,0.105,0.105,0.04174044645047509,0.5640273378127031,0.04280077128050798,0.03691425069396144,0.016932573410670174,0.010128416809210419,0.05363939093884945,0.023816812603622395,0.11775699262153375
2026-08-07,风险平价策略,0.7,0.21,0.105,0.105,0.04144480588599668,0.5642474984346476,0.04282219965829301,0.03693102206797188,0.016940899565533032,0.010131742687662416,0.05365488484025789,0.023826946859637536,0.11748029955918989
2026-08-10,风险平价策略,0.7,0.21,0.105,0.105,0.041541951849540314,0.5651893314288998,0.042233766620864484,0.037028219729623946,0.016539939041503773,0.0101741218705154,0.053407844885187634,0.023884824573864757,0.11745188230271805
2026-08-11,风险平价策略,0.7,0.21,0.105,0.105,0.04183988679256382,0.5637840711603184,0.04254468151211935,0.03730986612768496,0.0166620996916374,0.01025399406785801,0.05353925205348335,0.02406614859433488,0.1179236756166
2026-08-12,风险平价策略,0.7,0.21,0.105,0.105,0.041722697235851994,0.5635149632759877,0.04263505599751257,0.037398379309876446,0.016710623818133034,0.01022279146361711,0.053674768702181845,0.024120720196839217,0.11785954187077265
2026-08-13,风险平价策略,0.5,0.15,0.075,0.075,0.044780643051446835,0.608883570577266,0.04440504898933832,0.039282148607012964,0.017940395726892752,0.011024853025081934,0.057887853399934415,0.02579548662302669,0.11571866136933162
2026-08-14,风险平价策略,0.5,0.15,0.075,0.075,0.044650150495533204,0.6099564378306135,0.04458937406565729,0.03849643130226259,0.017952472334633155,0.011028090222618721,0.057916213382228326,0.025410830366453228,0.11541783971058794
2026-08-17,风险平价策略,0.5,0.15,0.075,0.075,0.04464725857797382,0.6099746139347396,0.044584456990878533,0.03849503065933795,0.017950578201613457,0.01102733850637886,0.05791205260038064,0.025408670528697153,0.11541268315277715
2026-08-18,风险平价策略,0.5,0.15,0.075,0.075,0.04478762881464329,0.6116840932322178,0.04251894378950299,0.03834425665557338,0.01800034072992708,0.011042264959654328,0.058023267454810505,0.025599204363670646,0.1153222279187911
2026-08-19,风险平价策略,0.5,0.15,0.075,0.075,0.04627696533256428,0.611737033735449,0.04114360488395109,0.036866604634262355,0.017519370276776917,0.011402205654826037,0.05972936406585128,0.025324851416319044,0.11653479918059106
2026-08-20,风险平价策略,0.5,0.15,0.075,0.075,0.04697302072807444,0.6084013501674491,0.041786895179564076,0.03715385551339121,0.017742227870965563,0.011548346213425523,0.060665494342304054,0.025728809984826014,0.11761580517974464
2026-08-21,风险平价策略,0.5,0.15,0.075,0.075,0.04671563020134292,0.6081161169132007,0.04292173271632465,0.038195263732940625,0.018221594309913092,0.011946874431361427,0.05739232650629726,0.02649046118861946,0.11769625498540837
2026-08-24,风险平价策略,0.5,0.15,0.075,0.075,0.046717670292603874,0.608222329317189,0.042925476917506304,0.038193664813374044,0.018126646074005066,0.011917618840250575,0.05741053839735448,0.026486055347716666,0.11767692455295226
2026-08-25,风险平价策略,0.5,0.15,0.075,0.075,0.046817786466707874,0.6061164377593322,0.04339569172878654,0.03859944478121238,0.018333161411104748,0.011995105726664793,0.05806910585722895,0.026673266268962614,0.11806248884146085
2026-08-26,风险平价策略,0.5,0.15,0.075,0.075,0.05105777781830313,0.6052675490081315,0.047138622020461256,0.04208812042513565,0.0,0.011962134049956887,0.06373456185385735,0.028751234824154197,0.12162946702255277
