date,沪深300ETF,中证1000ETF,红利低波ETF,10年国债ETF,30年国债ETF,有色ETF,能源化工ETF,豆粕ETF,黄金ETF
2013-01-04,0.0023770000,-0.0045060000,0.0002790000,-0.0015610000,-0.0016680000,0.0065150000,0.0134380000,0.0000000000,-0.0176560000
2013-01-07,0.0015810000,0.0148140000,0.0088520000,0.0004600000,0.0005020000,-0.0027010000,0.0094280000,0.0058500000,-0.0072260000
2013-01-08,-0.0043410000,0.0148680000,-0.0018150000,0.0009010000,0.0009770000,0.0003440000,-0.0005950000,0.0073470000,0.0000450000
2013-01-09,-0.0007930000,0.0014520000,-0.0016580000,0.0006340000,0.0007200000,0.0003240000,-0.0094040000,-0.0057740000,0.0017220000
2013-01-10,0.0023800000,0.0075220000,0.0012410000,-0.0004220000,-0.0004920000,0.0062510000,0.0014690000,-0.0012210000,0.0111880000
2013-01-11,-0.0150380000,-0.0197550000,-0.0170670000,-0.0009180000,-0.0011850000,-0.0038920000,-0.0131210000,-0.0030610000,-0.0211090000
2013-01-14,0.0353560000,0.0359980000,0.0336280000,0.0007540000,0.0000910000,0.0017360000,0.0079100000,0.0316130000,0.0191720000
2013-01-15,0.0058210000,0.0196030000,0.0095150000,-0.0004230000,0.0008300000,-0.0126430000,-0.0127460000,0.0020870000,0.0155260000
2013-01-16,-0.0073300000,-0.0009100000,-0.0100730000,0.0003120000,-0.0001000000,0.0047080000,0.0000600000,0.0109840000,0.0204210000
2013-01-17,-0.0062180000,-0.0117860000,-0.0070720000,0.0004590000,0.0007200000,-0.0026940000,0.0065950000,-0.0070490000,-0.0227210000
2013-01-18,0.0148610000,0.0157430000,0.0151300000,0.0007710000,0.0016590000,0.0105750000,0.0260590000,-0.0014790000,0.0137940000
2013-01-21,0.0034680000,0.0082910000,0.0073400000,0.0002290000,0.0003370000,-0.0031840000,-0.0055700000,0.0035500000,-0.0045050000
2013-01-22,-0.0015360000,-0.0197240000,-0.0065870000,0.0005600000,0.0007000000,0.0081060000,-0.0052310000,0.0112170000,-0.0150490000
2013-01-23,0.0019230000,0.0035690000,0.0035320000,0.0003480000,0.0008270000,-0.0013150000,0.0046800000,0.0017540000,-0.0045850000
2013-01-24,-0.0065260000,-0.0247440000,-0.0071640000,-0.0004490000,-0.0010170000,-0.0027890000,-0.0017870000,-0.0215590000,-0.0251900000
2013-01-25,-0.0046370000,-0.0009380000,-0.0032370000,0.0016410000,0.0001640000,0.0038910000,0.0056150000,0.0074380000,0.0020150000
2013-01-28,0.0271740000,0.0261420000,0.0275440000,-0.0017580000,-0.0006180000,-0.0033510000,0.0055540000,0.0136050000,0.0099760000
2013-01-29,0.0075590000,0.0094450000,0.0035770000,0.0009350000,-0.0006550000,0.0026480000,0.0036760000,-0.0029170000,0.0152570000
2013-01-30,0.0056260000,-0.0007120000,0.0093190000,0.0000370000,-0.0000460000,0.0075040000,0.0050510000,0.0190090000,-0.0102060000
2013-01-31,0.0026110000,-0.0059660000,-0.0003670000,0.0002110000,0.0000550000,0.0068680000,-0.0044500000,0.0068890000,0.0139240000
2013-02-01,0.0193450000,0.0055700000,0.0177830000,-0.0007330000,0.0006730000,-0.0001770000,0.0041810000,0.0037040000,-0.0062210000
2013-02-04,0.0018250000,-0.0094660000,0.0053250000,0.0002200000,0.0034280000,0.0040220000,0.0131130000,-0.0051100000,0.0182950000
2013-02-05,0.0072860000,0.0090180000,0.0115110000,-0.0000920000,-0.0036070000,-0.0032200000,-0.0072810000,0.0025680000,0.0032810000
2013-02-06,0.0028930000,0.0065070000,-0.0028430000,-0.0003390000,-0.0002460000,0.0005220000,0.0038720000,0.0056970000,-0.0024370000
2013-02-07,-0.0046880000,0.0052320000,-0.0079050000,0.0002290000,0.0009100000,-0.0017480000,0.0052920000,-0.0036780000,0.0152180000
2013-02-08,0.0032610000,0.0148540000,0.0049170000,0.0001190000,0.0000730000,0.0012880000,0.0004730000,0.0096540000,-0.0033900000
2013-02-18,-0.0148070000,0.0112230000,-0.0020620000,0.0016770000,0.0017180000,-0.0114450000,-0.0020500000,-0.0168850000,-0.0376340000
2013-02-19,-0.0161290000,-0.0158100000,-0.0106020000,0.0004300000,-0.0000540000,-0.0012410000,-0.0003600000,0.0077270000,-0.0126070000
2013-02-20,0.0044710000,0.0216150000,0.0058780000,0.0001280000,0.0001720000,-0.0005010000,-0.0034280000,0.0177070000,0.0058420000
2013-02-21,-0.0356080000,-0.0178790000,-0.0298360000,0.0019570000,0.0019230000,-0.0174120000,-0.0167140000,0.0044610000,-0.0402290000
2013-02-22,-0.0030770000,-0.0016190000,-0.0088180000,-0.0010310000,-0.0014490000,0.0002600000,0.0010920000,0.0270070000,0.0069780000
2013-02-25,0.0015430000,0.0125160000,0.0129730000,-0.0001190000,-0.0003170000,-0.0061750000,-0.0073070000,-0.0231070000,-0.0010190000
2013-02-26,-0.0146380000,-0.0124370000,-0.0141930000,-0.0008320000,-0.0012250000,-0.0028410000,-0.0165500000,-0.0132260000,-0.0129950000
2013-02-27,0.0093820000,0.0004270000,0.0060220000,0.0001550000,0.0004720000,0.0065340000,0.0031340000,0.0060360000,0.0083910000
2013-02-28,0.0336950000,0.0187720000,0.0245620000,0.0001010000,0.0001090000,0.0018940000,0.0075410000,0.0035890000,0.0086850000
2013-03-01,-0.0011240000,0.0159660000,0.0047860000,-0.0004390000,-0.0004180000,-0.0151160000,-0.0163670000,0.0116490000,-0.0056740000
2013-03-04,-0.0472620000,-0.0299310000,-0.0289190000,0.0010520000,0.0011530000,-0.0068050000,-0.0153370000,-0.0067930000,-0.0241640000
2013-03-05,0.0287400000,0.0233950000,0.0324080000,0.0009690000,0.0012240000,0.0101860000,0.0057170000,0.0142720000,0.0103300000
2013-03-06,0.0107160000,0.0172140000,0.0146470000,0.0003100000,0.0002900000,-0.0036480000,0.0044590000,-0.0043950000,0.0033320000
2013-03-07,-0.0121170000,-0.0120640000,-0.0138970000,-0.0001550000,-0.0001900000,-0.0031620000,-0.0090490000,0.0011750000,0.0051070000
2013-03-08,-0.0015330000,-0.0099390000,0.0028030000,0.0001280000,0.0000820000,0.0028060000,-0.0012510000,0.0058760000,-0.0101330000
2013-03-11,-0.0069100000,0.0007680000,-0.0048860000,-0.0000640000,0.0001270000,-0.0040780000,-0.0005350000,-0.0102250000,-0.0005070000
2013-03-12,-0.0143020000,-0.0276350000,-0.0193910000,0.0000910000,0.0000910000,-0.0021780000,-0.0084300000,-0.0129920000,-0.0144730000
2013-03-13,-0.0109800000,-0.0079870000,-0.0123040000,-0.0001370000,-0.0001720000,0.0081690000,0.0001730000,0.0000000000,0.0003030000
2013-03-14,0.0019830000,0.0035900000,0.0024030000,0.0002830000,0.0002540000,-0.0006810000,-0.0007950000,-0.0209430000,-0.0147230000
2013-03-15,0.0007910000,0.0014610000,0.0048010000,-0.0005750000,-0.0004800000,0.0055080000,0.0153720000,0.0045830000,-0.0076190000
2013-03-18,-0.0106760000,-0.0116660000,-0.0049410000,0.0003560000,0.0003620000,-0.0304320000,-0.0134620000,-0.0261500000,-0.0060240000
2013-03-19,0.0087930000,0.0010570000,0.0101880000,-0.0004930000,-0.0004620000,-0.0049410000,0.0024950000,0.0024930000,0.0146310000
2013-03-20,0.0305070000,0.0254590000,0.0298360000,0.0007030000,0.0006890000,0.0071090000,-0.0016760000,0.0133970000,0.0151770000
2013-03-21,0.0026910000,0.0129550000,0.0149400000,0.0002010000,0.0001810000,0.0065150000,0.0014960000,0.0058380000,-0.0041500000
2013-03-22,0.0026840000,0.0023570000,0.0040210000,0.0006660000,0.0007150000,-0.0027300000,-0.0129430000,-0.0015250000,0.0055610000
2013-03-25,-0.0015300000,0.0018810000,0.0069070000,0.0001190000,0.0003440000,0.0043010000,0.0019040000,-0.0027590000,-0.0065680000
2013-03-26,-0.0164690000,-0.0052420000,-0.0132400000,0.0003370000,0.0003620000,-0.0023880000,-0.0059480000,0.0052260000,-0.0154900000
2013-03-27,0.0023360000,0.0030310000,0.0001610000,0.0008380000,0.0007860000,-0.0033530000,-0.0078960000,0.0048850000,-0.0068470000
2013-03-28,-0.0310800000,-0.0301930000,-0.0331590000,0.0006370000,0.0008940000,-0.0043260000,0.0001980000,-0.0018290000,0.0054770000
2013-03-29,-0.0028070000,0.0005340000,0.0044150000,0.0010370000,0.0010380000,-0.0076690000,-0.0042810000,-0.0170410000,-0.0136170000
2013-04-01,-0.0016080000,0.0083910000,0.0083960000,0.0006000000,0.0009010000,-0.0178260000,-0.0148530000,-0.0105370000,-0.0187890000
2013-04-02,0.0016110000,-0.0168890000,-0.0056120000,0.0012450000,0.0010630000,0.0116890000,0.0183040000,0.0031330000,0.0041640000
2013-04-03,-0.0020100000,-0.0102060000,-0.0042490000,0.0018960000,0.0018530000,-0.0078530000,0.0026590000,-0.0234020000,-0.0089140000
2013-04-08,-0.0048350000,0.0072530000,0.0023540000,0.0016390000,0.0017960000,0.0104170000,0.0038370000,-0.0054300000,0.0140680000
2013-04-09,0.0060730000,0.0093730000,0.0048140000,0.0022420000,0.0050200000,0.0088500000,-0.0012120000,0.0003210000,-0.0000360000
2013-04-10,0.0000000000,-0.0047710000,-0.0032550000,-0.0005410000,0.0003750000,0.0009300000,0.0125500000,0.0077110000,0.0030180000
2013-04-11,-0.0044270000,-0.0030930000,-0.0041490000,0.0003520000,-0.0032900000,-0.0040560000,-0.0066680000,-0.0076520000,-0.0128270000
2013-04-12,-0.0032340000,-0.0083330000,-0.0083450000,0.0005590000,0.0003760000,0.0038650000,0.0003920000,0.0138100000,-0.0027840000
2013-04-15,-0.0101380000,-0.0135250000,-0.0109330000,0.0009380000,0.0010020000,-0.0290370000,-0.0257290000,-0.0076060000,-0.0477100000
2013-04-16,0.0061450000,0.0098240000,0.0042220000,0.0014950000,0.0016080000,-0.0074560000,-0.0089190000,0.0016020000,-0.0163870000
2013-04-17,0.0024430000,0.0110370000,-0.0012180000,0.0011960000,0.0010440000,-0.0099030000,-0.0020920000,0.0092330000,-0.0054650000
2013-04-18,0.0020310000,0.0033000000,0.0091000000,-0.0012490000,-0.0013810000,-0.0310100000,-0.0135330000,0.0091580000,-0.0033990000
2013-04-19,0.0283750000,0.0192750000,0.0301550000,-0.0025010000,-0.0046220000,0.0054180000,0.0179040000,-0.0031230000,0.0177930000
2013-04-22,-0.0031530000,0.0107570000,0.0002380000,0.0000450000,0.0023220000,-0.0286430000,-0.0064560000,-0.0134980000,-0.0007470000
2013-04-23,-0.0304470000,-0.0283930000,-0.0330930000,0.0019210000,0.0018780000,0.0014760000,-0.0070340000,0.0038200000,-0.0217530000
2013-04-24,0.0171290000,0.0231720000,0.0232230000,0.0004500000,0.0007140000,0.0265320000,0.0098700000,-0.0152130000,0.0079860000
2013-04-25,-0.0104250000,-0.0186850000,-0.0148690000,0.0014750000,0.0014810000,0.0123180000,0.0056250000,0.0135100000,0.0000480000
2013-04-26,-0.0093190000,-0.0197240000,-0.0111610000,0.0003590000,0.0003300000,0.0077790000,-0.0017760000,0.0073090000,0.0041080000
2013-05-02,0.0008180000,0.0109330000,0.0076530000,0.0009970000,0.0021460000,-0.0370750000,-0.0076700000,0.0126040000,-0.0184660000
2013-05-03,0.0179810000,0.0217530000,0.0142530000,0.0010860000,-0.0000710000,0.0260440000,0.0098220000,-0.0059130000,0.0079050000
2013-05-06,0.0116420000,0.0188550000,0.0086390000,-0.0010750000,-0.0011280000,0.0289290000,0.0094720000,0.0040730000,0.0099410000
2013-05-07,0.0023810000,0.0031250000,0.0067940000,0.0007000000,0.0032290000,-0.0098520000,-0.0096880000,-0.0049900000,0.0006290000
2013-05-08,0.0063340000,0.0125970000,0.0039700000,-0.0007980000,0.0016850000,0.0134680000,0.0114100000,0.0166100000,-0.0019750000
2013-05-09,-0.0051140000,0.0039120000,0.0037250000,0.0005560000,0.0040630000,0.0005580000,-0.0042690000,0.0009330000,-0.0022180000
2013-05-10,0.0039540000,0.0049170000,0.0083260000,0.0001880000,-0.0004760000,0.0063800000,0.0041600000,0.0052360000,0.0002030000
2013-05-13,-0.0039390000,0.0063240000,-0.0005180000,0.0004840000,-0.0012440000,-0.0003090000,-0.0034490000,-0.0140970000,-0.0105130000
2013-05-14,-0.0146300000,-0.0119770000,-0.0174090000,0.0003140000,-0.0012890000,-0.0122890000,-0.0008550000,0.0149190000,-0.0096840000
2013-05-15,0.0048150000,0.0165050000,0.0065320000,0.0001790000,-0.0042970000,-0.0112390000,-0.0101380000,-0.0049000000,-0.0038830000
2013-05-16,0.0203670000,0.0060980000,0.0123730000,0.0002960000,0.0014390000,0.0012030000,-0.0086100000,0.0000000000,-0.0007360000
2013-05-17,0.0172210000,0.0134720000,0.0087330000,0.0000270000,0.0007450000,0.0138890000,0.0088570000,0.0101550000,0.0077930000
2013-05-20,0.0057710000,0.0182760000,0.0065760000,0.0001520000,0.0019850000,-0.0070330000,-0.0051200000,0.0063950000,0.0108520000
2013-05-21,0.0000000000,0.0154290000,0.0078350000,0.0003670000,-0.0031310000,0.0148370000,0.0119870000,0.0048440000,0.0006510000
2013-05-22,0.0011480000,-0.0137510000,-0.0087630000,-0.0001520000,0.0033090000,0.0033920000,-0.0030410000,0.0006110000,-0.0014360000
2013-05-23,-0.0106990000,-0.0053730000,-0.0149180000,0.0004030000,-0.0002030000,-0.0215230000,-0.0124120000,0.0045170000,-0.0046690000
2013-05-24,0.0054070000,0.0175560000,0.0052310000,0.0004200000,-0.0018480000,0.0096670000,0.0052940000,-0.0009070000,0.0036160000
2013-05-27,-0.0023050000,0.0120120000,0.0052950000,0.0002330000,0.0005670000,-0.0054620000,-0.0012100000,-0.0038930000,-0.0048090000
2013-05-28,0.0207930000,-0.0073810000,0.0128610000,0.0000720000,-0.0002830000,0.0036190000,0.0027010000,0.0024050000,0.0214320000
2013-05-29,-0.0033950000,0.0081130000,0.0005100000,-0.0005630000,0.0026040000,-0.0074640000,-0.0038480000,0.0177300000,-0.0045610000
2013-05-30,-0.0026500000,0.0041010000,-0.0000330000,0.0000890000,0.0002470000,0.0035280000,-0.0001720000,0.0038400000,0.0054830000
2013-05-31,-0.0113850000,-0.0047440000,-0.0041990000,-0.0004200000,-0.0038160000,0.0055380000,0.0009870000,0.0099980000,-0.0072980000
2013-06-03,0.0019190000,-0.0090910000,-0.0039380000,-0.0003670000,-0.0005760000,0.0055780000,0.0059180000,0.0308680000,-0.0067110000
2013-06-04,-0.0145590000,-0.0221920000,-0.0178470000,-0.0008680000,-0.0007810000,0.0002570000,-0.0037510000,-0.0036740000,-0.0059890000
2013-06-05,-0.0027220000,0.0060830000,-0.0034760000,-0.0008870000,-0.0009500000,0.0094620000,0.0058090000,0.0158800000,-0.0028680000
2013-06-06,-0.0097470000,-0.0165870000,-0.0187050000,-0.0003680000,-0.0003470000,-0.0096410000,-0.0069980000,-0.0089300000,-0.0091320000
2013-06-07,-0.0181100000,-0.0127100000,-0.0169670000,0.0000270000,0.0000890000,0.0025770000,0.0016170000,-0.0067620000,-0.0061950000
2013-06-13,-0.0308740000,-0.0245310000,-0.0309030000,0.0022250000,0.0019730000,-0.0249780000,-0.0087260000,0.0014410000,-0.0255600000
2013-06-14,0.0070340000,0.0225790000,0.0060930000,-0.0007430000,-0.0005860000,-0.0029640000,0.0059440000,0.0027310000,0.0027580000
2013-06-17,-0.0061630000,0.0052370000,-0.0015170000,-0.0005730000,-0.0003550000,0.0037180000,0.0031530000,-0.0081550000,-0.0070250000
2013-06-18,0.0066140000,0.0022020000,0.0106610000,-0.0013080000,-0.0011100000,-0.0127080000,0.0007800000,0.0026170000,-0.0037690000
2013-06-19,-0.0057490000,-0.0044540000,-0.0099090000,-0.0037960000,-0.0039120000,-0.0015430000,-0.0012930000,-0.0031600000,-0.0137300000
2013-06-20,-0.0313920000,-0.0317030000,-0.0317190000,-0.0097200000,-0.0091920000,-0.0231310000,-0.0060970000,0.0021880000,-0.0310050000
2013-06-21,-0.0046910000,-0.0070110000,-0.0070140000,0.0037750000,0.0054860000,-0.0005240000,-0.0021950000,-0.0242470000,0.0002500000
2013-06-24,-0.0612680000,-0.0597500000,-0.0592850000,0.0008160000,0.0097740000,-0.0282790000,-0.0124130000,-0.0079630000,-0.0501360000
2013-06-25,0.0004560000,-0.0006050000,-0.0057880000,0.0005700000,-0.0036910000,0.0092550000,0.0032540000,0.0150860000,-0.0194920000
2013-06-26,-0.0022810000,0.0264780000,0.0033820000,0.0038820000,-0.0026620000,-0.0096030000,-0.0042340000,-0.0034730000,-0.0142420000
2013-06-27,0.0004570000,-0.0195460000,-0.0042200000,0.0011450000,0.0040090000,0.0140310000,0.0037710000,0.0088830000,-0.0031670000
2013-06-28,0.0182820000,-0.0065010000,0.0088600000,0.0010810000,0.0060380000,-0.0030920000,-0.0012740000,-0.0075520000,-0.0023040000
2013-07-01,0.0040390000,0.0253990000,0.0076710000,0.0006210000,-0.0021040000,0.0160870000,0.0062700000,-0.0123610000,-0.0293070000
2013-07-02,0.0031290000,0.0206650000,0.0041010000,-0.0008450000,-0.0058290000,0.0128650000,0.0017010000,0.0077050000,-0.0224720000
2013-07-03,-0.0022280000,0.0028300000,-0.0079380000,-0.0000900000,-0.0021650000,0.0060720000,0.0012550000,0.0105090000,-0.0054650000
2013-07-04,0.0071460000,0.0039700000,0.0092360000,0.0006210000,0.0057770000,-0.0083310000,-0.0024960000,-0.0018920000,0.0044660000
2013-07-05,0.0035480000,-0.0103490000,0.0026650000,0.0010250000,0.0005420000,-0.0122220000,-0.0038020000,0.0047420000,0.0184880000
2013-07-08,-0.0269550000,-0.0361200000,-0.0274110000,-0.0007460000,0.0015790000,-0.0109330000,-0.0013370000,-0.0128910000,-0.0646090000
2013-07-09,-0.0022710000,0.0083000000,0.0037880000,-0.0004940000,-0.0029680000,0.0056220000,0.0087750000,0.0299320000,0.0106940000
2013-07-10,0.0277650000,0.0274880000,0.0258190000,-0.0040650000,-0.0063090000,-0.0036140000,0.0031080000,0.0021720000,0.0206530000
2013-07-11,0.0500440000,0.0215890000,0.0404380000,-0.0010200000,-0.0007420000,0.0345230000,0.0161170000,0.0033870000,0.0475110000
2013-07-12,-0.0248840000,-0.0007390000,-0.0185370000,0.0004250000,0.0003040000,-0.0170930000,-0.0051140000,0.0006210000,-0.0320630000
2013-07-15,0.0142730000,0.0245950000,0.0097390000,-0.0015810000,-0.0017710000,0.0026320000,-0.0009050000,-0.0073760000,0.0037490000
2013-07-16,0.0059700000,0.0110260000,0.0036710000,-0.0010230000,-0.0008070000,0.0050390000,0.0009690000,0.0114540000,-0.0041120000
2013-07-17,-0.0148370000,-0.0145740000,-0.0133930000,-0.0021200000,-0.0018210000,-0.0069780000,0.0020330000,0.0012270000,-0.0109040000
2013-07-18,-0.0154910000,0.0006060000,-0.0149470000,-0.0026150000,-0.0030730000,-0.0035400000,0.0050450000,0.0073370000,-0.0315880000
2013-07-19,-0.0275350000,-0.0202090000,-0.0265740000,-0.0007370000,-0.0003330000,-0.0025650000,0.0012470000,-0.0109260000,-0.0193320000
2013-07-22,0.0062920000,0.0227390000,0.0118880000,-0.0016310000,-0.0017850000,0.0138100000,0.0104700000,-0.0043020000,0.0389390000
2013-07-23,0.0312640000,0.0244740000,0.0208900000,-0.0020710000,-0.0017250000,-0.0003880000,-0.0023290000,0.0243450000,0.0220910000
2013-07-24,-0.0073620000,0.0106200000,-0.0005850000,-0.0013710000,-0.0012490000,0.0047990000,0.0009320000,-0.0105230000,-0.0137520000
2013-07-25,-0.0026180000,-0.0233000000,-0.0080000000,0.0032500000,0.0032160000,-0.0009550000,-0.0008580000,-0.0082140000,-0.0149480000
2013-07-26,-0.0091860000,0.0014180000,-0.0047580000,0.0022720000,0.0022670000,-0.0075740000,0.0003870000,-0.0324910000,-0.0009200000
2013-07-29,-0.0194260000,-0.0170900000,-0.0208080000,-0.0002460000,-0.0007120000,-0.0165740000,-0.0028360000,-0.0003240000,-0.0056600000
2013-07-30,0.0058530000,-0.0048140000,0.0095880000,0.0003460000,0.0002610000,-0.0031050000,0.0085530000,0.0009550000,0.0041750000
2013-07-31,0.0022380000,0.0046800000,0.0000580000,-0.0003000000,0.0000990000,0.0044940000,0.0092080000,-0.0031700000,0.0041570000
2013-08-01,0.0263510000,0.0322990000,0.0225810000,0.0004640000,0.0004510000,0.0142790000,0.0046290000,0.0066760000,-0.0048930000
2013-08-02,-0.0017410000,0.0030550000,-0.0029200000,0.0004460000,0.0003600000,0.0004610000,-0.0012730000,-0.0078880000,-0.0253400000
2013-08-05,0.0143850000,0.0156880000,0.0096160000,-0.0002730000,0.0000990000,0.0022930000,0.0052100000,-0.0025500000,0.0197900000
2013-08-06,0.0064460000,0.0108580000,0.0083810000,0.0001820000,0.0000900000,-0.0000320000,0.0006030000,0.0038270000,-0.0140790000
2013-08-07,-0.0068320000,-0.0126250000,-0.0077240000,-0.0023300000,-0.0025930000,-0.0012910000,-0.0078560000,-0.0073080000,-0.0065610000
2013-08-08,0.0004300000,0.0045800000,-0.0006020000,-0.0049440000,-0.0103810000,0.0240980000,0.0031100000,0.0092820000,0.0050510000
2013-08-09,0.0042970000,0.0000880000,-0.0010780000,-0.0000090000,0.0058010000,0.0013720000,-0.0005440000,0.0082500000,0.0112100000
2013-08-12,0.0299530000,0.0080370000,0.0273260000,-0.0016410000,-0.0017590000,0.0154040000,0.0059570000,0.0081730000,0.0164370000
2013-08-13,0.0000000000,0.0076930000,0.0038960000,-0.0049400000,-0.0042250000,-0.0034580000,0.0106290000,0.0237010000,0.0060170000
2013-08-14,-0.0020770000,-0.0007040000,-0.0017610000,-0.0025930000,-0.0047900000,-0.0008090000,-0.0032630000,-0.0048700000,-0.0127100000
2013-08-15,-0.0116570000,-0.0105900000,-0.0056920000,-0.0005090000,-0.0011090000,-0.0002710000,0.0071560000,0.0162210000,0.0128740000
2013-08-16,-0.0071610000,-0.0239270000,-0.0079390000,0.0005460000,0.0024140000,0.0186180000,0.0054240000,0.0111550000,0.0164490000
2013-08-19,0.0084850000,0.0240700000,0.0138640000,-0.0032380000,-0.0068580000,-0.0060480000,-0.0024420000,0.0113210000,0.0069880000
2013-08-20,-0.0071520000,0.0029280000,-0.0032070000,-0.0044550000,-0.0168710000,-0.0107680000,-0.0166260000,0.0044160000,-0.0105920000
2013-08-21,0.0000000000,0.0055540000,-0.0007010000,0.0007270000,0.0104270000,0.0054680000,-0.0015310000,-0.0002920000,0.0055370000
2013-08-22,-0.0033900000,0.0040410000,-0.0030030000,0.0005500000,0.0058740000,0.0044350000,-0.0004600000,0.0090950000,-0.0044050000
2013-08-23,-0.0063780000,0.0008250000,-0.0071820000,0.0032310000,0.0055630000,-0.0005560000,-0.0035480000,-0.0046470000,0.0088500000
2013-08-26,0.0222510000,0.0197280000,0.0214950000,0.0024410000,0.0029270000,0.0108850000,0.0115940000,0.0385560000,0.0149850000
2013-08-27,0.0000000000,0.0091410000,0.0032450000,-0.0008790000,-0.0011440000,-0.0088240000,0.0034690000,0.0340370000,0.0003600000
2013-08-28,-0.0046040000,-0.0112410000,-0.0023340000,-0.0030020000,-0.0037550000,-0.0082600000,-0.0041340000,-0.0073410000,0.0187190000
2013-08-29,-0.0029440000,0.0006620000,0.0013800000,-0.0005110000,-0.0034200000,-0.0001990000,-0.0006290000,-0.0073960000,-0.0116610000
2013-08-30,-0.0016870000,-0.0185530000,0.0025200000,0.0000280000,-0.0031920000,-0.0077130000,0.0000610000,-0.0182230000,-0.0025030000
2013-09-02,0.0008450000,0.0087670000,-0.0056770000,0.0001490000,0.0027300000,0.0088610000,-0.0023050000,0.0286770000,-0.0068100000
2013-09-03,0.0151960000,0.0171790000,0.0123220000,-0.0006880000,0.0014120000,-0.0026320000,-0.0008860000,-0.0024570000,-0.0032480000
2013-09-04,-0.0004160000,0.0018620000,-0.0003140000,-0.0009860000,-0.0046730000,-0.0055190000,-0.0022520000,-0.0109650000,0.0101380000
2013-09-05,-0.0041600000,0.0060180000,-0.0080770000,0.0005310000,0.0002590000,-0.0068000000,0.0031550000,-0.0074780000,-0.0129030000
2013-09-06,0.0058480000,0.0064120000,0.0115550000,0.0003910000,0.0021850000,0.0036540000,-0.0014960000,0.0195450000,-0.0090780000
2013-09-09,0.0369600000,0.0040160000,0.0310390000,-0.0012280000,0.0022450000,0.0077690000,0.0102960000,-0.0043840000,0.0109930000
2013-09-10,0.0132160000,0.0040780000,0.0147690000,-0.0007360000,-0.0035760000,-0.0054260000,-0.0019070000,-0.0151260000,-0.0061620000
2013-09-11,0.0043480000,-0.0157350000,-0.0015760000,-0.0038590000,-0.0139850000,0.0006770000,-0.0057420000,0.0145160000,-0.0062000000
2013-09-12,0.0098390000,0.0000900000,0.0181030000,-0.0007670000,0.0061440000,-0.0107060000,-0.0012300000,-0.0013700000,-0.0139450000
2013-09-13,-0.0074050000,0.0078350000,-0.0090060000,0.0008620000,0.0040280000,-0.0020030000,-0.0003870000,0.0261800000,-0.0241910000
2013-09-16,-0.0051040000,0.0073610000,-0.0008690000,0.0013380000,0.0004360000,-0.0036490000,-0.0078830000,-0.0241750000,0.0045770000
2013-09-17,-0.0197320000,-0.0136670000,-0.0209540000,0.0026820000,0.0079450000,0.0041980000,0.0007490000,0.0000000000,-0.0079730000
2013-09-18,0.0012080000,0.0094980000,0.0058680000,0.0014260000,0.0016480000,0.0032410000,0.0027180000,-0.0010960000,-0.0088020000
2013-09-23,0.0140730000,0.0205380000,0.0145650000,0.0048120000,0.0030890000,0.0067630000,0.0106180000,-0.0121300000,0.0158300000
2013-09-24,-0.0095160000,0.0028210000,-0.0004150000,-0.0007040000,-0.0009070000,-0.0050720000,-0.0021860000,0.0125570000,-0.0030410000
2013-09-25,-0.0060050000,-0.0047600000,-0.0015220000,-0.0002500000,-0.0036510000,0.0002700000,0.0007200000,0.0049590000,0.0026690000
2013-09-26,-0.0165120000,-0.0154980000,-0.0284230000,0.0026140000,0.0027070000,0.0090680000,0.0013790000,0.0030170000,0.0019010000
2013-09-27,0.0036860000,0.0035520000,0.0033130000,-0.0009430000,-0.0013310000,0.0011570000,-0.0059020000,0.0090150000,-0.0049340000
2013-09-30,0.0065280000,0.0174590000,0.0114720000,0.0004810000,0.0006620000,0.0080780000,-0.0100410000,0.0051450000,0.0106790000
2013-10-08,0.0141870000,0.0160740000,0.0133470000,0.0009810000,0.0011850000,-0.0050150000,-0.0020370000,0.0123990000,-0.0071700000
2013-10-09,0.0011990000,0.0153710000,0.0105600000,-0.0018760000,-0.0066630000,-0.0112960000,-0.0018970000,-0.0013320000,-0.0057010000
2013-10-10,-0.0087820000,-0.0096610000,-0.0126940000,0.0001570000,0.0047580000,-0.0043560000,-0.0004340000,-0.0111940000,-0.0064980000
2013-10-11,0.0161100000,0.0100730000,0.0257400000,0.0017310000,0.0017840000,0.0042140000,-0.0005480000,-0.0148240000,-0.0103890000
2013-10-14,0.0003960000,0.0113430000,0.0125780000,-0.0018670000,-0.0031480000,0.0095170000,0.0034110000,-0.0065670000,-0.0069980000
2013-10-15,-0.0011890000,-0.0006730000,0.0021460000,-0.0029810000,-0.0110400000,-0.0024880000,-0.0016480000,-0.0035790000,-0.0054820000
2013-10-16,-0.0174530000,-0.0308940000,-0.0180420000,-0.0011050000,0.0035100000,0.0005730000,-0.0008980000,0.0016580000,0.0062990000
2013-10-17,-0.0052480000,-0.0002100000,-0.0014220000,-0.0010600000,0.0006030000,-0.0072820000,-0.0130140000,-0.0077290000,-0.0097810000
2013-10-18,0.0048700000,0.0071320000,0.0000390000,0.0004370000,-0.0009090000,0.0080220000,0.0020090000,0.0080660000,0.0320030000
2013-10-21,0.0214050000,0.0272020000,0.0321700000,-0.0004650000,0.0030720000,0.0022060000,-0.0045850000,-0.0030360000,0.0003830000
2013-10-22,-0.0110720000,-0.0112050000,-0.0119770000,-0.0012100000,-0.0048480000,-0.0028470000,-0.0120650000,-0.0069170000,-0.0065060000
2013-10-23,-0.0107960000,-0.0254010000,-0.0130040000,-0.0011830000,-0.0010510000,-0.0012750000,-0.0009980000,0.0061330000,0.0115560000
2013-10-24,-0.0080840000,-0.0076290000,-0.0083110000,-0.0027800000,-0.0115600000,-0.0063770000,0.0064100000,0.0074740000,-0.0003810000
2013-10-25,-0.0158920000,-0.0181290000,-0.0081680000,-0.0006080000,0.0036820000,-0.0102830000,-0.0053020000,-0.0082470000,0.0034290000
2013-10-28,0.0012420000,-0.0009620000,-0.0003050000,0.0013850000,-0.0007320000,0.0070370000,0.0054050000,-0.0077560000,0.0003800000
2013-10-29,0.0012410000,-0.0261680000,-0.0091060000,-0.0007100000,0.0113980000,0.0004560000,0.0049640000,-0.0019620000,-0.0003800000
2013-10-30,0.0140440000,0.0154420000,0.0181120000,-0.0018710000,-0.0014670000,0.0098370000,0.0042980000,-0.0053170000,-0.0015190000
2013-10-31,-0.0097760000,-0.0149050000,-0.0102160000,0.0031870000,0.0027700000,-0.0056880000,-0.0035160000,0.0002800000,-0.0053230000
2013-11-01,0.0041140000,-0.0072020000,0.0023950000,0.0014010000,0.0014930000,0.0078780000,-0.0001160000,0.0000000000,-0.0045870000
2013-11-04,-0.0028680000,0.0064050000,0.0052600000,-0.0009420000,-0.0006290000,-0.0095880000,-0.0011030000,0.0000000000,-0.0034560000
2013-11-05,0.0000000000,0.0171110000,0.0048640000,-0.0022230000,-0.0025290000,-0.0020070000,0.0050680000,0.0022400000,-0.0003850000
2013-11-06,-0.0115040000,-0.0084070000,-0.0120890000,-0.0005710000,-0.0007240000,-0.0003050000,0.0015270000,0.0039580000,-0.0007710000
2013-11-07,-0.0041560000,-0.0134040000,-0.0053260000,-0.0040830000,-0.0133730000,-0.0017270000,0.0000840000,-0.0026750000,0.0011570000
2013-11-08,-0.0150250000,-0.0141370000,-0.0103290000,-0.0020220000,-0.0089200000,-0.0001440000,0.0007210000,-0.0003330000,-0.0053950000
2013-11-11,0.0012710000,0.0064400000,0.0014550000,-0.0045980000,-0.0121550000,0.0025380000,0.0076500000,0.0136690000,-0.0139480000
2013-11-12,0.0101570000,0.0083620000,0.0061060000,-0.0022430000,-0.0100150000,-0.0034800000,-0.0003630000,0.0049030000,-0.0035360000
2013-11-13,-0.0188520000,-0.0176230000,-0.0259090000,-0.0018210000,-0.0038770000,-0.0155290000,-0.0013060000,0.0045670000,-0.0039430000
2013-11-14,0.0029890000,0.0166310000,0.0032730000,-0.0055500000,-0.0040970000,-0.0029890000,0.0072000000,-0.0060690000,0.0019790000
2013-11-15,0.0208600000,0.0191800000,0.0153800000,-0.0060310000,-0.0249800000,-0.0071680000,-0.0029980000,0.0012270000,0.0031610000
2013-11-18,0.0329440000,0.0224200000,0.0328040000,-0.0022690000,-0.0025520000,0.0056330000,0.0081310000,-0.0128060000,0.0007880000
2013-11-19,-0.0044410000,0.0057090000,0.0018110000,-0.0016290000,-0.0059530000,-0.0093650000,-0.0007790000,-0.0037100000,-0.0066900000
2013-11-20,0.0044610000,0.0090250000,0.0072890000,-0.0040640000,-0.0073770000,0.0103630000,0.0052410000,0.0027950000,0.0023770000
2013-11-21,-0.0048450000,-0.0018320000,-0.0005630000,0.0017830000,0.0018270000,-0.0018920000,0.0033570000,0.0006180000,-0.0177870000
2013-11-22,-0.0056800000,-0.0023580000,-0.0026780000,0.0067430000,0.0066840000,0.0032860000,0.0124470000,0.0074140000,-0.0064390000
2013-11-25,-0.0053040000,0.0012780000,-0.0066290000,-0.0016340000,-0.0012050000,0.0002940000,-0.0039770000,0.0033700000,-0.0044550000
2013-11-26,-0.0004100000,0.0037930000,-0.0004190000,0.0005290000,0.0070430000,0.0051630000,0.0015030000,0.0021450000,0.0077300000
2013-11-27,0.0114900000,0.0153520000,0.0096350000,0.0050030000,-0.0018110000,-0.0024880000,-0.0000200000,0.0143340000,-0.0064590000
2013-11-28,0.0105480000,0.0061940000,0.0085530000,0.0036380000,0.0098700000,-0.0046720000,-0.0005540000,-0.0009090000,-0.0060950000
2013-11-29,0.0008030000,0.0121220000,0.0020370000,0.0070110000,0.0088050000,0.0031060000,0.0052790000,0.0045170000,0.0008180000
2013-12-02,-0.0092260000,-0.0621820000,-0.0138530000,-0.0039970000,-0.0124990000,0.0006330000,0.0013830000,0.0113870000,0.0036760000
2013-12-03,0.0089070000,0.0167960000,0.0161180000,0.0023580000,0.0176970000,-0.0082070000,0.0143110000,-0.0062210000,-0.0154660000
2013-12-04,0.0128410000,0.0085820000,0.0198310000,-0.0001420000,0.0003350000,0.0034120000,0.0028420000,0.0041680000,-0.0024800000
2013-12-05,0.0000000000,-0.0064360000,-0.0003150000,-0.0038330000,-0.0099120000,0.0066780000,0.0034830000,-0.0002970000,0.0103610000
2013-12-06,-0.0067350000,-0.0015570000,-0.0057880000,-0.0032960000,-0.0022770000,0.0034090000,0.0129230000,-0.0062360000,-0.0049220000
2013-12-09,-0.0003990000,0.0145460000,0.0055570000,-0.0007170000,-0.0064970000,-0.0003930000,0.0154200000,0.0107590000,0.0008240000
2013-12-10,-0.0003990000,-0.0005630000,0.0044650000,-0.0047340000,0.0024670000,0.0047230000,-0.0010200000,-0.0014760000,0.0070020000
2013-12-11,-0.0155690000,-0.0059930000,-0.0110960000,-0.0021810000,0.0027210000,0.0001140000,-0.0148480000,-0.0002960000,0.0053170000
2013-12-12,-0.0020280000,0.0095180000,-0.0011450000,0.0037370000,0.0044800000,0.0081700000,0.0008140000,-0.0088890000,-0.0028480000
2013-12-13,-0.0004060000,0.0029370000,0.0012660000,0.0035500000,0.0031590000,-0.0077190000,-0.0029810000,-0.0050740000,-0.0155040000
2013-12-16,-0.0162600000,-0.0134180000,-0.0135150000,-0.0021320000,-0.0084860000,0.0048580000,-0.0142310000,0.0054000000,-0.0016580000
2013-12-17,-0.0061980000,-0.0059260000,-0.0057700000,-0.0000770000,-0.0075400000,0.0004540000,-0.0115810000,0.0113530000,0.0083020000
2013-12-18,0.0008320000,-0.0010280000,-0.0003920000,-0.0009490000,0.0070740000,-0.0023560000,-0.0040950000,0.0020650000,-0.0037050000
2013-12-19,-0.0095550000,-0.0080420000,-0.0087750000,-0.0003740000,-0.0037070000,-0.0045060000,0.0003100000,-0.0035330000,-0.0078510000
2013-12-20,-0.0213930000,-0.0101790000,-0.0260320000,0.0007960000,0.0000500000,0.0063440000,-0.0025200000,-0.0008860000,-0.0237400000
2013-12-23,0.0000000000,-0.0033640000,0.0078000000,-0.0000860000,0.0094570000,-0.0018790000,-0.0041710000,-0.0029650000,0.0098120000
2013-12-24,0.0012860000,0.0104060000,0.0031960000,0.0017550000,0.0038450000,0.0030170000,-0.0025570000,-0.0109820000,0.0004220000
2013-12-25,0.0051370000,0.0171330000,0.0068830000,-0.0014260000,-0.0014650000,0.0166320000,0.0044710000,0.0117030000,0.0033780000
2013-12-26,-0.0136290000,-0.0177690000,-0.0178870000,0.0013030000,0.0004360000,-0.0034920000,-0.0057780000,-0.0002960000,0.0008420000
2013-12-27,0.0133850000,0.0183310000,0.0168040000,0.0009570000,0.0023080000,0.0034130000,-0.0002020000,0.0047520000,0.0100930000
2013-12-30,0.0008520000,0.0072140000,-0.0028670000,-0.0004300000,-0.0016510000,-0.0005710000,0.0031640000,-0.0097460000,-0.0099920000
2013-12-31,0.0114940000,-0.0010320000,0.0099970000,0.0006700000,-0.0004060000,-0.0014750000,-0.0066010000,0.0047680000,0.0000000000
2014-01-02,-0.0033670000,0.0126350000,-0.0042220000,-0.0000570000,0.0033870000,0.0071220000,-0.0166970000,-0.0041520000,0.0100930000
2014-01-03,-0.0109800000,-0.0017070000,-0.0132090000,-0.0045030000,-0.0204730000,-0.0134900000,-0.0105020000,-0.0047730000,0.0141550000
2014-01-06,-0.0239110000,-0.0265860000,-0.0188700000,-0.0023720000,0.0070440000,-0.0034070000,-0.0037430000,0.0014960000,-0.0004110000
2014-01-07,0.0004370000,0.0107200000,-0.0007490000,0.0022530000,0.0056340000,0.0017620000,-0.0064990000,-0.0176450000,0.0020530000
2014-01-08,-0.0008750000,0.0103420000,0.0006540000,0.0013160000,0.0038210000,0.0033340000,0.0033500000,0.0045630000,-0.0163930000
2014-01-09,-0.0061270000,-0.0161770000,-0.0075960000,0.0016120000,-0.0029050000,-0.0149970000,-0.0005350000,0.0075780000,-0.0008330000
2014-01-10,-0.0070450000,-0.0173650000,-0.0093880000,-0.0008240000,-0.0063230000,0.0025540000,0.0016600000,-0.0015030000,0.0050040000
2014-01-13,-0.0070950000,-0.0018670000,-0.0018660000,0.0013990000,-0.0031720000,0.0056190000,-0.0012060000,-0.0093380000,0.0033200000
2014-01-14,0.0066990000,0.0232340000,0.0111060000,-0.0005930000,0.0075580000,0.0021220000,0.0028350000,0.0158130000,0.0049630000
2014-01-15,0.0000000000,0.0104320000,-0.0032670000,0.0011780000,0.0078900000,-0.0069240000,-0.0017380000,0.0095780000,-0.0135800000
2014-01-16,0.0004440000,-0.0019650000,0.0017600000,0.0000480000,0.0001280000,0.0065550000,0.0015520000,0.0041550000,0.0087610000
2014-01-17,-0.0141910000,-0.0089340000,-0.0134870000,0.0001530000,0.0001380000,0.0013280000,-0.0075810000,-0.0041380000,-0.0078580000
2014-01-20,-0.0049480000,-0.0067710000,0.0004120000,-0.0000860000,0.0003850000,0.0000210000,0.0017940000,0.0050440000,0.0158400000
2014-01-21,0.0083180000,0.0162560000,0.0092550000,0.0037300000,0.0007510000,-0.0032230000,-0.0072470000,-0.0070820000,0.0012310000
2014-01-22,0.0274980000,0.0216650000,0.0219870000,0.0025730000,0.0051620000,0.0003190000,-0.0026840000,-0.0166390000,-0.0045080000
2014-01-23,-0.0053520000,0.0094370000,-0.0035890000,0.0005320000,0.0000690000,-0.0042570000,0.0033720000,-0.0009060000,-0.0069990000
2014-01-24,0.0053810000,0.0146840000,0.0053720000,-0.0006650000,0.0001280000,-0.0028190000,0.0051210000,-0.0030290000,0.0116090000
2014-01-27,-0.0129350000,-0.0028200000,-0.0066760000,0.0045820000,0.0006680000,-0.0057650000,-0.0029750000,0.0066750000,0.0139340000
2014-01-28,0.0009040000,-0.0030580000,0.0033700000,-0.0024040000,-0.0077700000,0.0004370000,-0.0070570000,-0.0033120000,-0.0056590000
2014-01-29,0.0031600000,0.0135250000,0.0080270000,0.0000090000,-0.0050820000,0.0009890000,0.0065000000,-0.0003020000,-0.0032520000
2014-01-30,-0.0139510000,-0.0034200000,-0.0055630000,0.0002560000,0.0055550000,-0.0020600000,-0.0060020000,0.0006040000,0.0044860000
2014-02-07,0.0063900000,0.0219680000,0.0092200000,0.0028540000,0.0043290000,0.0008620000,0.0003410000,0.0256910000,0.0020300000
2014-02-10,0.0290250000,0.0259700000,0.0208600000,-0.0007570000,-0.0050380000,0.0011840000,0.0251370000,0.0047180000,0.0068880000
2014-02-11,0.0048480000,-0.0003180000,0.0055350000,-0.0002840000,0.0164680000,-0.0127010000,-0.0073840000,-0.0070400000,0.0040240000
2014-02-12,0.0017540000,0.0127930000,0.0025220000,0.0007380000,-0.0097210000,0.0049870000,0.0022490000,0.0129990000,0.0008020000
2014-02-13,-0.0026270000,-0.0206490000,-0.0065680000,-0.0005770000,0.0002160000,-0.0006600000,-0.0048130000,-0.0035030000,0.0048060000
2014-02-14,0.0035120000,0.0201790000,0.0092770000,-0.0002460000,0.0001280000,0.0016050000,-0.0006190000,0.0084930000,0.0155440000
2014-02-17,0.0069990000,0.0233570000,0.0121140000,-0.0009660000,0.0001470000,0.0073420000,0.0039990000,-0.0095810000,0.0180530000
2014-02-18,-0.0117290000,0.0005570000,-0.0029500000,-0.0022840000,-0.0000980000,-0.0072050000,-0.0143750000,0.0014630000,-0.0119510000
2014-02-19,0.0131870000,-0.0000200000,0.0106040000,-0.0007600000,-0.0028190000,0.0011760000,0.0013360000,0.0040990000,0.0007800000
2014-02-20,-0.0086770000,-0.0165950000,-0.0053130000,0.0013400000,0.0001280000,-0.0058930000,-0.0073090000,-0.0023290000,-0.0019490000
2014-02-21,-0.0113790000,-0.0008720000,-0.0119880000,0.0016990000,0.0000790000,0.0022030000,-0.0068930000,-0.0096420000,0.0074220000
2014-02-24,-0.0225760000,0.0067010000,-0.0137480000,0.0017060000,0.0044810000,-0.0117480000,-0.0276460000,0.0067830000,0.0054280000
2014-02-25,-0.0258150000,-0.0424760000,-0.0241730000,0.0059130000,0.0053430000,-0.0069200000,-0.0171720000,-0.0111260000,0.0065560000
2014-02-26,0.0013950000,0.0066730000,0.0011960000,-0.0004420000,0.0095080000,0.0032990000,-0.0064540000,-0.0059250000,0.0107280000
2014-02-27,-0.0023210000,-0.0176540000,0.0004720000,0.0042340000,-0.0171940000,-0.0085270000,-0.0017880000,0.0002160000,-0.0132680000
2014-02-28,0.0102370000,0.0097940000,0.0041590000,-0.0016400000,0.0045610000,0.0012480000,-0.0011560000,-0.0076410000,0.0049940000
2014-03-03,0.0036850000,0.0230560000,0.0115720000,-0.0009670000,-0.0034640000,-0.0100140000,-0.0052320000,0.0071750000,0.0091740000
2014-03-04,-0.0022950000,0.0015680000,-0.0028450000,-0.0038330000,-0.0042410000,0.0045390000,0.0113300000,-0.0054410000,-0.0060610000
2014-03-05,-0.0087400000,0.0003470000,-0.0050390000,-0.0000280000,-0.0045060000,0.0078560000,0.0092740000,0.0043410000,-0.0015240000
2014-03-06,0.0051040000,-0.0002540000,0.0006670000,-0.0010180000,0.0059030000,-0.0050050000,0.0001680000,0.0000000000,-0.0022900000
2014-03-07,-0.0032320000,-0.0025310000,-0.0023920000,0.0005290000,-0.0016350000,-0.0040780000,-0.0063700000,0.0091290000,0.0103290000
2014-03-10,-0.0310330000,-0.0382170000,-0.0303960000,0.0010470000,0.0014990000,-0.0430630000,-0.0140940000,-0.0060330000,-0.0151460000
2014-03-11,0.0043020000,-0.0029280000,0.0029180000,0.0006220000,0.0002460000,-0.0068260000,0.0117510000,0.0012180000,0.0111500000
2014-03-12,0.0009520000,-0.0041860000,-0.0023730000,0.0008190000,-0.0002360000,-0.0318720000,-0.0075660000,-0.0066710000,0.0121670000
2014-03-13,0.0156920000,0.0142040000,0.0221640000,0.0014300000,0.0001970000,-0.0029660000,-0.0072830000,-0.0057970000,0.0086400000
2014-03-14,-0.0084270000,-0.0018690000,-0.0004480000,0.0007800000,0.0041450000,-0.0028330000,-0.0286710000,-0.0088960000,-0.0018620000
2014-03-17,0.0075540000,0.0246790000,0.0087630000,0.0006670000,0.0002940000,-0.0027150000,-0.0016260000,-0.0061940000,0.0130600000
2014-03-18,-0.0009370000,0.0063820000,0.0033990000,-0.0008540000,-0.0003040000,0.0139680000,0.0019240000,0.0052940000,-0.0151010000
2014-03-19,-0.0060980000,0.0006710000,-0.0033700000,-0.0010430000,-0.0020490000,-0.0038030000,-0.0022150000,0.0213840000,-0.0007480000
2014-03-20,-0.0174610000,-0.0282170000,-0.0181840000,0.0000850000,0.0001670000,0.0087390000,-0.0001770000,0.0172960000,-0.0116020000
2014-03-21,0.0369840000,0.0149240000,0.0259060000,-0.0009500000,0.0000690000,-0.0005780000,0.0036490000,-0.0011900000,0.0011360000
2014-03-24,0.0046320000,0.0013260000,0.0055440000,0.0021360000,0.0003930000,0.0048080000,0.0057410000,-0.0050820000,-0.0064300000
2014-03-25,-0.0013830000,-0.0000370000,0.0033270000,-0.0016810000,0.0001280000,0.0097040000,0.0137920000,0.0165060000,-0.0129430000
2014-03-26,0.0000000000,0.0056660000,-0.0010340000,-0.0002450000,0.0001670000,0.0053200000,0.0002420000,-0.0023570000,0.0030850000
2014-03-27,-0.0069250000,-0.0203330000,-0.0056090000,0.0001980000,0.0001280000,-0.0082550000,0.0009810000,-0.0014860000,-0.0107650000
2014-03-28,-0.0004650000,-0.0275630000,-0.0031980000,0.0010630000,0.0001280000,0.0144920000,0.0141640000,0.0056320000,-0.0015550000
2014-03-31,-0.0041860000,-0.0082450000,-0.0013450000,-0.0015220000,0.0003930000,0.0061820000,0.0037500000,0.0002960000,-0.0042820000
2014-04-01,0.0056050000,0.0176290000,0.0147250000,0.0007530000,-0.0002450000,-0.0008720000,-0.0086490000,0.0332970000,-0.0058640000
2014-04-02,0.0078960000,-0.0066110000,0.0054460000,0.0000380000,0.0001370000,0.0011850000,-0.0033690000,0.0057050000,0.0011800000
2014-04-03,-0.0069120000,0.0006770000,-0.0106030000,-0.0015890000,-0.0034040000,-0.0052260000,-0.0068640000,-0.0096440000,0.0062840000
2014-04-04,0.0120650000,0.0121040000,0.0048550000,-0.0015160000,0.0001280000,0.0066810000,0.0074190000,0.0077330000,-0.0015610000
2014-04-08,0.0238420000,0.0065030000,0.0159170000,0.0008110000,0.0004720000,0.0007200000,0.0053260000,-0.0076730000,0.0132920000
2014-04-09,-0.0017910000,0.0117310000,0.0021800000,0.0003300000,0.0001870000,-0.0060090000,-0.0177950000,0.0028600000,0.0019290000
2014-04-10,0.0161510000,0.0039580000,0.0144480000,-0.0000380000,0.0000980000,-0.0025420000,0.0004520000,-0.0028520000,0.0046210000
2014-04-11,-0.0004420000,-0.0055570000,0.0043060000,0.0015550000,0.0006200000,0.0093280000,-0.0035710000,-0.0037230000,0.0007670000
2014-04-14,-0.0004420000,0.0073510000,0.0008020000,0.0020410000,0.0050720000,0.0011540000,0.0024550000,-0.0011470000,0.0099580000
2014-04-15,-0.0176760000,-0.0040160000,-0.0173610000,0.0025250000,0.0007040000,-0.0050400000,-0.0033540000,0.0002890000,-0.0113770000
2014-04-16,0.0000000000,0.0018580000,0.0014070000,-0.0008150000,0.0001370000,-0.0080970000,0.0009430000,0.0135150000,-0.0026850000
2014-04-17,-0.0017990000,0.0000080000,-0.0033500000,0.0057640000,0.0098790000,0.0063050000,-0.0019310000,0.0124870000,-0.0019230000
2014-04-18,-0.0018030000,0.0046680000,-0.0003250000,0.0040720000,0.0108670000,-0.0035080000,-0.0049430000,0.0047630000,-0.0154140000
2014-04-21,-0.0180590000,-0.0154880000,-0.0188500000,-0.0013640000,0.0001440000,0.0049300000,-0.0030460000,-0.0089280000,-0.0039140000
2014-04-22,0.0068970000,-0.0097750000,0.0003100000,-0.0000740000,0.0001530000,-0.0034160000,-0.0049000000,0.0061960000,0.0003930000
2014-04-23,-0.0027400000,-0.0036180000,-0.0014280000,-0.0007900000,-0.0045930000,0.0080340000,-0.0005430000,-0.0078360000,0.0000000000
2014-04-24,0.0018320000,-0.0101460000,-0.0013830000,-0.0001950000,0.0001540000,0.0091980000,0.0102550000,0.0016910000,-0.0023570000
2014-04-25,-0.0123400000,-0.0213970000,-0.0139390000,-0.0013400000,0.0001730000,0.0122610000,-0.0019760000,0.0059130000,0.0055120000
2014-04-28,-0.0138820000,-0.0345260000,-0.0119600000,0.0017330000,0.0046510000,0.0003780000,-0.0077340000,0.0265770000,0.0125290000
2014-04-29,0.0089160000,0.0123970000,0.0094660000,-0.0001770000,0.0000380000,-0.0067830000,0.0034370000,-0.0057200000,-0.0065740000
2014-04-30,-0.0004650000,0.0102810000,0.0034060000,0.0016000000,0.0002680000,-0.0000850000,-0.0063440000,0.0065780000,-0.0073960000
2014-05-05,0.0004650000,0.0115130000,-0.0003340000,0.0024050000,0.0049630000,0.0002400000,-0.0106480000,-0.0149780000,0.0113730000
2014-05-06,-0.0013950000,0.0075890000,0.0003020000,0.0006860000,0.0033590000,-0.0020140000,-0.0089550000,-0.0044280000,0.0000000000
2014-05-07,-0.0065210000,-0.0171590000,-0.0100210000,0.0015370000,0.0001230000,-0.0053970000,-0.0027300000,-0.0024960000,-0.0003880000
2014-05-08,-0.0018750000,-0.0001650000,0.0006470000,-0.0000090000,0.0031100000,-0.0018580000,-0.0070380000,0.0011110000,-0.0147400000
2014-05-09,-0.0004700000,-0.0111250000,-0.0040660000,0.0059900000,0.0087730000,0.0104820000,0.0081850000,-0.0008310000,0.0035430000
2014-05-12,0.0202070000,0.0211030000,0.0223370000,0.0015070000,0.0001590000,0.0140760000,0.0045620000,0.0116880000,0.0011770000
2014-05-13,-0.0027640000,-0.0003540000,-0.0011920000,-0.0007520000,-0.0039070000,0.0021080000,0.0032760000,-0.0016500000,0.0027430000
2014-05-14,0.0000000000,0.0006300000,-0.0009740000,-0.0005230000,0.0000940000,0.0039520000,0.0054870000,0.0137790000,-0.0042990000
2014-05-15,-0.0110850000,-0.0187720000,-0.0104520000,-0.0018460000,0.0001220000,0.0014380000,-0.0055400000,0.0059770000,0.0090270000
2014-05-16,-0.0004670000,-0.0043590000,0.0002770000,0.0015830000,0.0000940000,-0.0103660000,-0.0062430000,-0.0024280000,-0.0050560000
2014-05-19,-0.0135510000,-0.0030840000,-0.0099060000,-0.0018930000,0.0003290000,0.0120010000,0.0151390000,0.0021620000,0.0019550000
2014-05-20,-0.0009470000,0.0048560000,-0.0007620000,0.0012610000,0.0001970000,-0.0025750000,-0.0104380000,0.0135140000,-0.0066330000
2014-05-21,0.0094830000,0.0086230000,0.0063600000,0.0007540000,0.0000190000,-0.0149040000,0.0091170000,-0.0013320000,-0.0007860000
2014-05-22,-0.0028180000,0.0019780000,-0.0016200000,0.0013600000,0.0001970000,0.0046290000,0.0009060000,0.0240300000,-0.0011790000
2014-05-23,0.0113050000,0.0121170000,0.0046790000,0.0005960000,0.0097440000,0.0092780000,0.0082400000,0.0031290000,-0.0019680000
2014-05-26,0.0032600000,0.0136480000,0.0047980000,0.0030630000,0.0120790000,0.0079200000,0.0077830000,0.0049400000,0.0007890000
2014-05-27,-0.0032500000,-0.0044480000,-0.0037960000,-0.0017640000,0.0054890000,-0.0055480000,-0.0054030000,-0.0191420000,0.0007880000
2014-05-28,0.0102470000,0.0143330000,0.0071500000,0.0001830000,0.0003380000,0.0019010000,0.0031580000,0.0007940000,-0.0098430000
2014-05-29,-0.0059940000,-0.0118560000,-0.0064050000,0.0047610000,0.0056860000,-0.0091390000,0.0002940000,0.0134410000,0.0000000000
2014-05-30,-0.0009280000,0.0028520000,-0.0038070000,0.0000000000,0.0001270000,0.0036040000,-0.0037810000,0.0020760000,0.0007950000
2014-06-03,-0.0032500000,-0.0017190000,-0.0015740000,0.0034450000,0.0044530000,0.0009120000,-0.0016150000,-0.0038890000,-0.0071510000
2014-06-04,-0.0088500000,-0.0063620000,-0.0095350000,0.0040050000,0.0008690000,-0.0107910000,0.0051830000,-0.0067740000,0.0004000000
2014-06-05,0.0117480000,0.0131450000,0.0101940000,-0.0016280000,0.0040050000,0.0038570000,0.0107120000,-0.0133770000,-0.0060000000
2014-06-06,-0.0083600000,-0.0019310000,-0.0053350000,0.0010150000,0.0038180000,-0.0009980000,0.0004530000,-0.0069130000,0.0028170000
2014-06-09,-0.0009370000,-0.0074810000,-0.0014730000,-0.0005700000,0.0002960000,-0.0151320000,-0.0058310000,0.0082980000,0.0008030000
2014-06-10,0.0135960000,0.0126770000,0.0112480000,-0.0012040000,0.0000000000,0.0021910000,0.0007010000,-0.0053040000,-0.0032080000
2014-06-11,-0.0018500000,0.0067970000,0.0025080000,0.0013690000,-0.0060260000,0.0080480000,-0.0025690000,0.0040000000,-0.0004020000
2014-06-12,-0.0009270000,-0.0012510000,-0.0060980000,0.0001090000,0.0001170000,-0.0093900000,0.0095170000,0.0056170000,0.0040240000
2014-06-13,0.0111320000,0.0115620000,0.0094580000,-0.0001990000,0.0001260000,0.0030850000,0.0254630000,-0.0086670000,0.0036070000
2014-06-16,0.0064220000,0.0071500000,0.0079600000,0.0007610000,0.0003610000,0.0047710000,0.0112390000,0.0106430000,0.0011980000
2014-06-17,-0.0082040000,-0.0089820000,-0.0080270000,0.0013120000,0.0001170000,0.0013980000,-0.0062390000,-0.0124630000,-0.0035900000
2014-06-18,-0.0045960000,-0.0075210000,-0.0089020000,-0.0017260000,0.0001170000,-0.0027890000,-0.0031730000,0.0004710000,-0.0108090000
2014-06-19,-0.0143120000,-0.0296060000,-0.0161780000,0.0003890000,0.0002070000,-0.0010110000,0.0007790000,0.0039950000,0.0169970000
2014-06-20,0.0037470000,0.0116000000,0.0015890000,0.0006060000,0.0001170000,0.0149270000,0.0049060000,0.0051130000,0.0270590000
2014-06-23,-0.0014000000,0.0134540000,-0.0017070000,0.0033730000,0.0002700000,0.0154180000,0.0017280000,0.0104520000,0.0027120000
2014-06-24,0.0084110000,0.0077360000,0.0057780000,-0.0019200000,0.0001260000,-0.0035090000,0.0050420000,-0.0078300000,0.0027050000
2014-06-25,-0.0032440000,-0.0037830000,-0.0047750000,0.0012190000,0.0001170000,0.0008170000,0.0003120000,-0.0002780000,0.0023120000
2014-06-26,0.0046490000,0.0164360000,0.0084260000,0.0004420000,0.0001170000,0.0086080000,0.0241840000,-0.0002840000,0.0015380000
2014-06-27,0.0018510000,0.0075350000,0.0012260000,0.0003520000,0.0001260000,-0.0015080000,-0.0027530000,0.0028200000,0.0015360000
2014-06-30,0.0064670000,0.0113720000,0.0068560000,-0.0005410000,0.0003330000,0.0015460000,0.0009060000,-0.0104020000,-0.0034500000
2014-07-01,0.0004590000,0.0064160000,-0.0011630000,-0.0017400000,0.0001260000,0.0149670000,-0.0050580000,-0.0406390000,-0.0153850000
2014-07-02,0.0045870000,0.0060600000,0.0073230000,-0.0022580000,-0.0001440000,-0.0022230000,-0.0177720000,-0.0062220000,0.0125000000
2014-07-03,0.0036530000,0.0071160000,0.0045220000,-0.0022540000,-0.0002610000,0.0158230000,0.0060020000,0.0000000000,0.0030860000
2014-07-04,0.0000000000,-0.0006280000,-0.0013770000,-0.0027860000,-0.0005220000,0.0048460000,0.0028050000,-0.0020850000,-0.0011540000
2014-07-07,-0.0009100000,-0.0013500000,0.0000040000,0.0004370000,0.0004770000,-0.0102330000,-0.0042900000,-0.0191170000,-0.0003850000
2014-07-08,0.0013660000,0.0088500000,0.0037870000,0.0014010000,0.0001260000,0.0074360000,-0.0074070000,0.0067040000,-0.0050080000
2014-07-09,-0.0127330000,-0.0154620000,-0.0138060000,-0.0002270000,0.0001170000,-0.0044340000,-0.0109760000,-0.0163360000,0.0061940000
2014-07-10,-0.0009210000,-0.0003300000,-0.0041670000,0.0016530000,0.0001260000,-0.0065110000,-0.0073760000,-0.0024610000,-0.0015390000
2014-07-11,0.0027660000,0.0061770000,0.0015300000,0.0002900000,0.0001170000,0.0048240000,0.0050030000,-0.0046230000,0.0123310000
2014-07-14,0.0137930000,0.0118920000,0.0128550000,-0.0010970000,-0.0071370000,-0.0042640000,-0.0011450000,-0.0037140000,-0.0106590000
2014-07-15,-0.0013610000,-0.0064490000,0.0004790000,0.0005360000,0.0001270000,-0.0004730000,0.0033260000,0.0009340000,-0.0076950000
2014-07-16,-0.0004540000,-0.0134930000,0.0006660000,-0.0043090000,0.0001180000,-0.0036370000,0.0090070000,0.0121070000,-0.0003880000
2014-07-17,-0.0040890000,-0.0035670000,-0.0050690000,-0.0047650000,-0.0096880000,-0.0079670000,0.0071210000,-0.0024560000,-0.0054310000
2014-07-18,0.0050180000,0.0005870000,0.0034370000,-0.0037810000,-0.0130130000,-0.0047990000,0.0002670000,-0.0024620000,0.0120900000
2014-07-21,-0.0004540000,-0.0025490000,-0.0020340000,0.0027110000,0.0003710000,-0.0017900000,-0.0027830000,-0.0154160000,-0.0015410000
2014-07-22,0.0118070000,0.0139930000,0.0088120000,0.0020990000,-0.0002410000,0.0073860000,0.0151590000,0.0037560000,0.0069470000
2014-07-23,0.0017950000,-0.0139390000,0.0037310000,0.0001740000,0.0001480000,0.0032650000,0.0002310000,-0.0152840000,0.0000000000
2014-07-24,0.0215050000,-0.0077470000,0.0120900000,0.0001920000,0.0001300000,0.0115660000,-0.0117300000,0.0190090000,-0.0111150000
2014-07-25,0.0114040000,0.0082540000,0.0094680000,0.0003020000,0.0001200000,0.0088540000,0.0014800000,-0.0015550000,-0.0116280000
2014-07-28,0.0268860000,0.0172560000,0.0217260000,0.0014440000,0.0003800000,-0.0061680000,0.0047430000,0.0186830000,0.0129410000
2014-07-29,0.0025340000,0.0124650000,0.0023910000,-0.0006660000,0.0001110000,0.0028110000,0.0065230000,0.0128440000,0.0058070000
2014-07-30,-0.0033700000,0.0083700000,-0.0094120000,-0.0015070000,0.0001200000,-0.0127920000,-0.0005600000,-0.0038760000,0.0007700000
2014-07-31,0.0135250000,0.0052920000,0.0110370000,-0.0000730000,0.0001300000,0.0066880000,-0.0058140000,-0.0067270000,-0.0092310000
2014-08-01,-0.0120930000,-0.0116390000,-0.0042450000,0.0018750000,0.0002130000,-0.0002290000,-0.0017020000,-0.0084650000,-0.0065990000
2014-08-04,0.0215280000,0.0129920000,0.0139380000,0.0014420000,0.0003430000,-0.0054140000,0.0026580000,0.0046920000,0.0054710000
2014-08-05,-0.0028930000,0.0094560000,-0.0009990000,-0.0000730000,0.0001300000,0.0073480000,-0.0027610000,0.0041720000,-0.0019430000
2014-08-06,-0.0062160000,0.0042840000,0.0004000000,0.0001730000,0.0002040000,-0.0159090000,-0.0015730000,-0.0006360000,0.0023360000
2014-08-07,-0.0108420000,-0.0065120000,-0.0116620000,-0.0005560000,0.0001300000,0.0010350000,0.0046700000,0.0086290000,-0.0007770000
2014-08-08,0.0004220000,0.0092470000,0.0016600000,0.0002370000,0.0001200000,-0.0018780000,0.0062160000,0.0047530000,0.0085540000
2014-08-11,0.0139060000,0.0152660000,0.0123880000,-0.0004380000,0.0004530000,0.0032800000,0.0009550000,-0.0034730000,-0.0053970000
2014-08-12,-0.0041560000,0.0069280000,-0.0003990000,-0.0002280000,-0.0002770000,-0.0011170000,-0.0053820000,-0.0110730000,0.0027130000
2014-08-13,0.0029220000,-0.0002720000,0.0016540000,-0.0002650000,0.0001200000,-0.0103550000,0.0022370000,-0.0044840000,-0.0027060000
2014-08-14,-0.0120680000,-0.0033580000,-0.0056740000,0.0035870000,0.0001290000,-0.0079770000,-0.0021110000,-0.0128520000,-0.0015500000
2014-08-15,0.0126370000,0.0107020000,0.0066960000,0.0015100000,0.0001200000,-0.0008340000,-0.0098730000,0.0078150000,0.0031060000
2014-08-18,0.0033280000,0.0167060000,0.0052120000,-0.0000540000,0.0003510000,0.0004090000,0.0001560000,0.0038770000,-0.0019350000
2014-08-19,0.0008290000,0.0044280000,-0.0003110000,-0.0005360000,0.0003330000,0.0074580000,0.0074440000,0.0019310000,-0.0058160000
2014-08-20,-0.0037280000,-0.0021580000,-0.0038040000,-0.0014080000,0.0001200000,0.0029440000,-0.0043080000,-0.0083560000,-0.0003900000
2014-08-21,-0.0037420000,0.0028840000,-0.0034110000,-0.0006820000,-0.0001660000,0.0130310000,0.0056020000,0.0012980000,-0.0120950000
2014-08-22,0.0050080000,0.0085860000,0.0052420000,-0.0002370000,0.0001480000,0.0102500000,-0.0074130000,0.0000000000,0.0039490000
2014-08-25,-0.0087210000,-0.0071120000,-0.0061360000,0.0018940000,0.0003510000,-0.0032730000,-0.0018560000,-0.0022670000,-0.0027540000
2014-08-26,-0.0062840000,-0.0197320000,-0.0083630000,0.0000090000,0.0002120000,0.0006990000,-0.0058230000,-0.0119920000,0.0035500000
2014-08-27,-0.0004220000,0.0055260000,-0.0005060000,0.0007180000,0.0001290000,-0.0060950000,-0.0065410000,0.0036080000,0.0000000000
2014-08-28,-0.0046390000,-0.0086930000,-0.0081420000,0.0010540000,0.0001200000,-0.0006810000,-0.0057610000,-0.0042530000,-0.0058960000
2014-08-29,0.0097460000,0.0115180000,0.0133760000,-0.0007080000,0.0001290000,-0.0087410000,0.0030160000,0.0042720000,-0.0003950000
2014-09-01,0.0046160000,0.0187210000,0.0076870000,-0.0001000000,0.0003510000,-0.0021450000,-0.0076980000,-0.0045760000,0.0051420000
2014-09-02,0.0150380000,0.0148260000,0.0157960000,0.0003180000,0.0000920000,0.0053800000,0.0065960000,0.0042660000,0.0000000000
2014-09-03,0.0094650000,0.0078610000,0.0066600000,-0.0011440000,0.0000370000,0.0004570000,-0.0104350000,-0.0049070000,-0.0102320000
2014-09-04,0.0093760000,0.0098360000,0.0082720000,-0.0006540000,0.0000550000,-0.0023020000,0.0049980000,-0.0141300000,0.0023860000
2014-09-05,0.0096930000,0.0032500000,0.0103950000,-0.0003460000,0.0000460000,0.0061890000,-0.0010360000,-0.0156760000,-0.0063470000
2014-09-09,-0.0024000000,0.0061250000,0.0012940000,0.0010190000,0.0005350000,-0.0111540000,-0.0063570000,-0.0033820000,-0.0027940000
2014-09-10,-0.0064150000,0.0068740000,-0.0042950000,-0.0001910000,0.0001290000,-0.0103770000,-0.0084950000,-0.0095190000,-0.0004000000
2014-09-11,-0.0056500000,-0.0012680000,-0.0067800000,0.0000820000,0.0001200000,-0.0140340000,-0.0058620000,-0.0034340000,-0.0036040000
2014-09-12,0.0081170000,0.0124470000,0.0062870000,-0.0005540000,0.0002120000,0.0076850000,-0.0004890000,0.0103300000,-0.0024120000
2014-09-15,-0.0028180000,0.0102520000,0.0025210000,0.0023650000,0.0004700000,-0.0061460000,0.0037240000,-0.0057910000,-0.0028200000
2014-09-16,-0.0173600000,-0.0345190000,-0.0194530000,-0.0002090000,0.0002120000,0.0043000000,0.0049970000,0.0054800000,0.0016160000
2014-09-17,0.0032870000,0.0070220000,0.0070780000,0.0043380000,0.0009210000,0.0143540000,0.0043610000,0.0040990000,-0.0056470000
2014-09-18,0.0040950000,0.0079420000,0.0020920000,0.0056470000,-0.0000640000,-0.0080090000,-0.0091660000,-0.0054350000,-0.0073020000
2014-09-19,0.0081570000,0.0114360000,0.0066070000,0.0064690000,0.0140390000,-0.0066040000,-0.0028750000,-0.0228760000,0.0004090000
2014-09-22,-0.0210360000,-0.0084170000,-0.0168780000,0.0014820000,0.0006170000,-0.0195710000,-0.0093470000,-0.0283010000,-0.0114380000
2014-09-23,0.0103310000,0.0145150000,0.0089490000,0.0013730000,0.0001900000,0.0050580000,-0.0055740000,0.0050310000,0.0028930000
2014-09-24,0.0192230000,0.0133750000,0.0135050000,-0.0023500000,-0.0003720000,0.0021940000,0.0048740000,-0.0089390000,0.0053560000
2014-09-25,-0.0052170000,0.0009580000,0.0046120000,0.0003570000,-0.0001720000,-0.0009280000,0.0021020000,-0.0003640000,-0.0020490000
2014-09-26,0.0004030000,0.0042690000,0.0004560000,0.0022210000,0.0008440000,0.0027360000,0.0047350000,-0.0133640000,0.0004110000
2014-09-29,0.0044350000,0.0107470000,0.0042150000,0.0009340000,0.0006160000,-0.0049720000,-0.0140430000,-0.0135450000,0.0024630000
2014-09-30,0.0000000000,0.0077350000,0.0018570000,0.0001420000,0.0002450000,0.0090660000,-0.0006390000,0.0126180000,0.0053240000
2014-10-08,0.0108390000,0.0143360000,0.0068310000,0.0018940000,0.0008690000,-0.0064670000,-0.0351700000,0.0183260000,-0.0122200000
2014-10-09,0.0003970000,0.0037470000,0.0015230000,-0.0017840000,0.0000900000,0.0020040000,0.0011900000,0.0057520000,-0.0020620000
2014-10-10,-0.0047640000,-0.0034110000,-0.0095730000,0.0001780000,0.0000450000,-0.0115360000,-0.0312610000,-0.0171730000,0.0004130000
2014-10-13,-0.0055840000,-0.0000500000,-0.0053000000,0.0027460000,0.0004790000,0.0109250000,-0.0064520000,0.0105620000,0.0045440000
2014-10-14,-0.0036100000,-0.0020380000,-0.0009660000,0.0036870000,0.0075500000,0.0032250000,0.0131910000,0.0226940000,-0.0008220000
2014-10-15,0.0064410000,0.0030300000,0.0063800000,0.0073910000,0.0014090000,0.0029520000,-0.0015960000,-0.0035250000,-0.0069960000
2014-10-16,-0.0036000000,-0.0141510000,-0.0050740000,0.0038310000,0.0123300000,-0.0214450000,-0.0124730000,0.0021210000,0.0029010000
2014-10-17,-0.0044160000,-0.0124000000,-0.0079710000,-0.0018340000,0.0004160000,-0.0154380000,-0.0023320000,0.0045880000,0.0033060000
2014-10-20,0.0044350000,0.0158210000,0.0064310000,0.0062550000,0.0003630000,0.0083110000,-0.0007670000,-0.0049210000,-0.0008240000
2014-10-21,-0.0064230000,-0.0083700000,-0.0042270000,0.0016350000,0.0075980000,-0.0036210000,0.0079270000,0.0056480000,0.0020610000
2014-10-22,-0.0056570000,-0.0123710000,-0.0048040000,-0.0032980000,0.0001140000,0.0112120000,-0.0004310000,0.0080670000,-0.0012340000
2014-10-23,-0.0105650000,-0.0160970000,-0.0129560000,-0.0014280000,0.0001230000,0.0021810000,0.0054310000,-0.0017380000,-0.0070020000
2014-10-24,-0.0008210000,0.0019300000,-0.0020820000,0.0005060000,0.0001580000,0.0051290000,0.0036220000,0.0212710000,-0.0049770000
2014-10-27,-0.0094530000,0.0109240000,-0.0050380000,0.0014990000,0.0003600000,-0.0068920000,-0.0068290000,-0.0044410000,-0.0016670000
2014-10-28,0.0199170000,0.0261090000,0.0213990000,0.0016100000,0.0086310000,0.0090340000,-0.0071920000,0.0130360000,0.0045930000
2014-10-29,0.0126120000,0.0134700000,0.0190210000,0.0023200000,0.0009480000,0.0046950000,0.0049360000,0.0132020000,0.0004160000
2014-10-30,0.0060270000,-0.0008180000,0.0110830000,-0.0019250000,0.0078370000,-0.0046660000,-0.0031730000,0.0040090000,-0.0074780000
2014-10-31,0.0199680000,-0.0052840000,0.0156230000,-0.0010510000,0.0145090000,0.0064510000,-0.0032720000,0.0063180000,-0.0171620000
2014-11-03,-0.0019580000,0.0108530000,0.0042780000,0.0040870000,0.0019460000,-0.0094870000,-0.0216390000,-0.0195070000,-0.0200170000
2014-11-04,-0.0007850000,-0.0070390000,-0.0005350000,0.0045990000,-0.0001190000,0.0085940000,-0.0085780000,-0.0165280000,0.0000000000
2014-11-05,-0.0011780000,-0.0007330000,-0.0074610000,0.0033620000,0.0015440000,-0.0239180000,-0.0027520000,-0.0140570000,-0.0139070000
2014-11-06,0.0003930000,0.0099480000,0.0033030000,0.0000170000,0.0007450000,0.0046420000,0.0027730000,0.0184310000,-0.0074920000
2014-11-07,-0.0019650000,-0.0097030000,-0.0041790000,0.0068820000,0.0094530000,0.0077320000,0.0049120000,0.0109340000,-0.0031080000
2014-11-10,0.0279530000,0.0029620000,0.0248310000,0.0008620000,0.0012410000,0.0065590000,0.0220550000,0.0064140000,0.0173720000
2014-11-11,-0.0065110000,-0.0357970000,-0.0068720000,0.0038360000,0.0012220000,-0.0070380000,-0.0045390000,-0.0164500000,-0.0078810000
2014-11-12,0.0146490000,0.0161140000,0.0137810000,-0.0038220000,-0.0005270000,0.0032960000,0.0146320000,0.0252600000,0.0079440000
2014-11-13,-0.0056990000,-0.0157310000,-0.0068420000,-0.0035810000,-0.0002090000,0.0004060000,0.0070580000,-0.0039950000,-0.0035030000
2014-11-14,0.0011460000,-0.0023800000,-0.0009940000,-0.0056980000,0.0003600000,-0.0071320000,-0.0063280000,-0.0210550000,-0.0035150000
2014-11-17,-0.0041980000,0.0152070000,-0.0020150000,0.0009720000,0.0000080000,0.0088940000,-0.0055440000,-0.0058090000,0.0132280000
2014-11-18,-0.0107320000,0.0063420000,-0.0109600000,0.0013750000,0.0106750000,-0.0013280000,0.0030230000,-0.0013690000,-0.0013050000
2014-11-19,-0.0031000000,0.0088020000,-0.0040950000,0.0006780000,-0.0001160000,-0.0071590000,0.0200820000,-0.0189150000,0.0047930000
2014-11-20,0.0015550000,-0.0012340000,0.0015820000,-0.0016990000,-0.0005550000,0.0027130000,0.0161210000,0.0010510000,-0.0056370000
2014-11-21,0.0190140000,0.0088680000,0.0128400000,-0.0014440000,-0.0006870000,0.0027680000,0.0001600000,0.0066550000,0.0069780000
2014-11-24,0.0285610000,0.0083720000,0.0145680000,0.0149750000,0.0118780000,0.0043590000,-0.0059010000,-0.0073040000,0.0038980000
2014-11-25,0.0103670000,0.0157980000,0.0161130000,-0.0014410000,0.0016630000,0.0008010000,0.0020860000,0.0063070000,-0.0004310000
2014-11-26,0.0109930000,0.0066790000,0.0065670000,-0.0027000000,-0.0009900000,-0.0170370000,-0.0058740000,-0.0027900000,0.0008630000
2014-11-27,0.0090610000,0.0058190000,0.0032600000,0.0014560000,0.0002130000,0.0027720000,-0.0005330000,0.0066360000,0.0008620000
2014-11-28,0.0237070000,0.0008530000,0.0229890000,0.0005190000,0.0001720000,-0.0143710000,-0.0216530000,0.0069340000,-0.0047390000
2014-12-01,0.0010530000,-0.0132210000,-0.0003870000,-0.0002040000,0.0003350000,-0.0298340000,-0.0122890000,-0.0227340000,-0.0134200000
2014-12-02,0.0396070000,0.0101830000,0.0277010000,-0.0012490000,0.0001150000,0.0175420000,0.0074140000,0.0081120000,0.0333480000
2014-12-03,0.0107890000,0.0087340000,0.0058570000,-0.0047830000,-0.0008670000,-0.0038820000,0.0143360000,-0.0087430000,-0.0029720000
2014-12-04,0.0607070000,0.0140260000,0.0364190000,-0.0029930000,-0.0006630000,0.0117760000,-0.0022590000,-0.0091680000,0.0042590000
2014-12-05,-0.0059750000,-0.0216840000,0.0007380000,-0.0066470000,-0.0130570000,0.0056450000,-0.0054980000,0.0110300000,-0.0012720000
2014-12-08,0.0480860000,-0.0007080000,0.0237740000,-0.0028410000,0.0005390000,-0.0039360000,-0.0305630000,0.0130300000,-0.0008490000
2014-12-09,-0.0552370000,-0.0458600000,-0.0453750000,-0.0009180000,0.0000910000,0.0001440000,-0.0171070000,0.0034780000,-0.0038250000
2014-12-10,0.0361020000,0.0333440000,0.0423390000,0.0013350000,-0.0001660000,0.0062830000,0.0076340000,0.0266680000,0.0234640000
2014-12-11,-0.0107920000,0.0151580000,0.0036270000,0.0016180000,0.0056830000,-0.0029050000,-0.0050860000,-0.0057330000,-0.0075030000
2014-12-12,0.0031170000,0.0126670000,-0.0011200000,0.0000430000,0.0044380000,0.0025510000,0.0028070000,-0.0010180000,0.0046200000
2014-12-15,0.0114980000,0.0172580000,0.0068300000,-0.0028950000,-0.0034580000,0.0056580000,0.0000260000,0.0030570000,0.0000000000
2014-12-16,0.0233490000,-0.0034380000,0.0177030000,0.0016720000,-0.0015740000,-0.0190140000,-0.0239150000,-0.0162540000,-0.0125420000
2014-12-17,0.0171120000,-0.0126800000,0.0158310000,0.0009520000,0.0038960000,-0.0078820000,-0.0181290000,-0.0134250000,0.0008470000
2014-12-18,-0.0011810000,-0.0015630000,-0.0050200000,0.0000780000,-0.0016940000,-0.0027650000,-0.0198960000,0.0000000000,0.0012690000
2014-12-19,0.0147750000,-0.0157220000,0.0255570000,0.0032580000,0.0040190000,0.0066000000,0.0059330000,0.0076710000,0.0012670000
2014-12-22,-0.0069890000,-0.0493100000,0.0195160000,0.0009990000,0.0042660000,0.0099710000,0.0011600000,-0.0079610000,-0.0021100000
2014-12-23,-0.0202350000,-0.0158830000,-0.0330590000,0.0003440000,-0.0074330000,-0.0067650000,-0.0140430000,-0.0066340000,-0.0118390000
2014-12-24,-0.0278360000,0.0218340000,-0.0178930000,0.0044990000,-0.0034980000,0.0002790000,0.0117230000,-0.0049160000,0.0012840000
2014-12-25,0.0363300000,0.0109880000,0.0323810000,0.0029890000,0.0080270000,-0.0003170000,-0.0040020000,0.0024740000,-0.0012820000
2014-12-26,0.0389190000,0.0018370000,0.0214510000,-0.0024760000,0.0007050000,-0.0024670000,0.0052410000,0.0080990000,0.0042790000
2014-12-29,-0.0048610000,-0.0216490000,0.0002680000,0.0009070000,0.0028330000,-0.0091100000,0.0061500000,0.0125780000,0.0021300000
2014-12-30,0.0000000000,-0.0190760000,-0.0059470000,0.0002220000,-0.0029470000,0.0047320000,0.0065430000,0.0024180000,-0.0021260000
2014-12-31,0.0270110000,0.0075020000,0.0227710000,-0.0022140000,-0.0004990000,0.0116540000,-0.0030780000,-0.0123920000,0.0098000000
2015-01-05,0.0318970000,0.0036940000,0.0393180000,0.0052870000,-0.0091670000,-0.0145530000,-0.0171660000,-0.0223090000,0.0012660000
2015-01-06,-0.0067790000,0.0202660000,0.0026380000,-0.0004600000,0.0087140000,-0.0055130000,0.0035070000,0.0156830000,0.0092710000
2015-01-07,-0.0002730000,-0.0009110000,-0.0042210000,0.0001190000,-0.0063360000,-0.0036750000,-0.0082820000,0.0031590000,0.0029230000
2015-01-08,-0.0218460000,-0.0004310000,-0.0241830000,-0.0014580000,-0.0010310000,0.0000900000,0.0016840000,0.0020990000,-0.0091590000
2015-01-09,-0.0072590000,-0.0058560000,-0.0049840000,0.0020320000,0.0050530000,-0.0084170000,-0.0056100000,-0.0115220000,0.0046220000
2015-01-12,-0.0030930000,-0.0107260000,-0.0199890000,-0.0006390000,-0.0014050000,-0.0062980000,-0.0156020000,0.0021190000,0.0100380000
2015-01-13,-0.0019750000,0.0172930000,0.0056370000,0.0034200000,0.0047550000,-0.0238890000,-0.0148680000,-0.0183230000,0.0115940000
2015-01-14,-0.0022610000,-0.0045120000,-0.0029060000,0.0007990000,0.0034640000,-0.0399650000,0.0015820000,-0.0237050000,-0.0053210000
2015-01-15,0.0283290000,0.0047840000,0.0292060000,0.0030150000,0.0105260000,-0.0027990000,0.0158730000,0.0099300000,-0.0094650000
2015-01-16,0.0088150000,0.0135230000,0.0078580000,0.0026240000,0.0018730000,0.0002840000,-0.0002020000,-0.0131100000,0.0182800000
2015-01-19,-0.0999450000,-0.0228390000,-0.0827560000,0.0040530000,0.0047150000,0.0173580000,0.0083830000,-0.0106980000,0.0306000000
2015-01-20,0.0371050000,0.0372130000,0.0208750000,-0.0000670000,0.0031290000,-0.0106670000,-0.0041570000,-0.0044760000,0.0027710000
2015-01-21,0.0458310000,0.0203740000,0.0400530000,0.0010260000,-0.0016550000,0.0009500000,0.0129670000,0.0089920000,0.0165810000
2015-01-22,0.0016960000,0.0159150000,-0.0007600000,0.0005970000,0.0029560000,0.0073940000,0.0058200000,0.0018540000,-0.0058250000
2015-01-23,0.0047980000,-0.0101340000,-0.0008650000,0.0001260000,0.0015970000,-0.0142670000,-0.0008020000,-0.0062980000,0.0074220000
2015-01-26,0.0095510000,0.0216150000,0.0081860000,0.0012590000,0.0015230000,-0.0330890000,-0.0184990000,-0.0026140000,0.0031020000
2015-01-27,-0.0100170000,0.0077070000,-0.0076240000,0.0002680000,0.0014090000,0.0236540000,0.0034450000,0.0078530000,-0.0166220000
2015-01-28,-0.0160200000,-0.0041150000,-0.0075090000,-0.0015590000,-0.0022820000,-0.0121690000,0.0084400000,-0.0014790000,0.0047170000
2015-01-29,-0.0105680000,-0.0061890000,-0.0045620000,-0.0008230000,-0.0008130000,-0.0093290000,-0.0019860000,-0.0018630000,-0.0023470000
2015-01-30,-0.0124130000,-0.0118350000,-0.0131570000,-0.0005970000,-0.0037240000,-0.0056260000,-0.0094670000,0.0029840000,-0.0203920000
2015-02-02,-0.0225080000,-0.0016340000,-0.0271640000,0.0003030000,0.0007360000,0.0280110000,0.0052380000,-0.0107700000,0.0200160000
2015-02-03,0.0236240000,0.0181530000,0.0212990000,0.0021600000,0.0045520000,0.0114210000,0.0192860000,0.0097610000,0.0015700000
2015-02-04,-0.0113940000,-0.0001820000,-0.0094920000,-0.0003270000,0.0047700000,0.0089350000,0.0013020000,0.0107740000,-0.0144980000
2015-02-05,-0.0118200000,0.0001120000,-0.0118240000,0.0035990000,0.0055950000,-0.0035760000,-0.0051330000,-0.0014730000,0.0063620000
2015-02-06,-0.0149520000,-0.0191060000,-0.0270860000,-0.0022570000,-0.0092920000,0.0147160000,0.0123440000,0.0033140000,-0.0055310000
2015-02-09,0.0115360000,-0.0079870000,-0.0015580000,0.0010980000,0.0008510000,-0.0099350000,-0.0056250000,0.0044040000,-0.0178780000
2015-02-10,0.0201080000,0.0125100000,0.0225690000,0.0004940000,0.0015180000,0.0003720000,-0.0040640000,-0.0010960000,0.0032360000
2015-02-11,0.0064720000,0.0136810000,0.0009190000,0.0017820000,0.0016030000,-0.0067110000,0.0021460000,0.0036600000,-0.0072580000
2015-02-12,0.0040920000,0.0087740000,0.0041810000,0.0009440000,0.0036530000,-0.0008420000,0.0011190000,-0.0007260000,-0.0044680000
2015-02-13,0.0064050000,0.0167120000,0.0098280000,0.0014430000,0.0011610000,0.0235050000,0.0154590000,0.0189660000,0.0048960000
2015-02-16,0.0083890000,0.0219270000,0.0031470000,0.0025830000,0.0050940000,0.0019260000,0.0108330000,0.0017870000,-0.0004060000
2015-02-17,0.0088930000,0.0078610000,0.0077820000,0.0005400000,0.0069980000,-0.0017130000,-0.0000680000,0.0035750000,0.0040620000
2015-02-25,-0.0153540000,-0.0021920000,-0.0008170000,0.0011710000,0.0006000000,-0.0036260000,-0.0041940000,0.0103210000,-0.0048540000
2015-02-26,0.0297430000,0.0057970000,0.0241330000,-0.0027620000,-0.0003500000,0.0126430000,0.0200350000,0.0045830000,0.0146340000
2015-02-27,-0.0019630000,0.0137140000,0.0012250000,-0.0003080000,-0.0038630000,0.0044830000,-0.0016620000,0.0238480000,-0.0140220000
2015-03-02,0.0078670000,0.0246140000,0.0076230000,0.0007900000,0.0001330000,0.0103590000,0.0145170000,0.0044560000,0.0040630000
2015-03-03,-0.0273210000,-0.0048610000,-0.0203780000,-0.0032260000,-0.0092960000,-0.0144320000,0.0081140000,-0.0163030000,-0.0048560000
2015-03-04,0.0083120000,0.0177040000,0.0047770000,-0.0005590000,-0.0012860000,-0.0020720000,-0.0060270000,-0.0016250000,-0.0016270000
2015-03-05,-0.0085280000,0.0053800000,-0.0151000000,-0.0026290000,-0.0039820000,0.0006090000,-0.0089430000,-0.0124560000,-0.0089610000
2015-03-06,-0.0063070000,-0.0150990000,-0.0042440000,-0.0030120000,-0.0074890000,-0.0066240000,-0.0047450000,-0.0070840000,0.0012330000
2015-03-09,0.0196190000,0.0153180000,0.0256120000,-0.0004950000,-0.0016150000,0.0021420000,-0.0036560000,0.0095160000,-0.0209360000
2015-03-10,-0.0070740000,0.0155240000,-0.0021460000,-0.0002270000,0.0010490000,-0.0014440000,-0.0085760000,-0.0003530000,-0.0142560000
2015-03-11,0.0014250000,-0.0000220000,0.0026700000,0.0029900000,0.0053740000,-0.0034710000,-0.0073890000,0.0129180000,0.0017010000
2015-03-12,0.0182130000,-0.0068550000,0.0215310000,0.0020520000,0.0035320000,0.0108180000,0.0161450000,0.0060240000,-0.0101910000
2015-03-13,0.0055900000,0.0179520000,0.0061850000,-0.0030750000,-0.0066350000,0.0062160000,-0.0080520000,-0.0102190000,0.0051480000
2015-03-16,0.0247360000,0.0332080000,0.0185090000,-0.0014750000,-0.0034630000,-0.0001090000,-0.0102040000,-0.0088920000,0.0072560000
2015-03-17,0.0127470000,0.0113720000,0.0128600000,-0.0025770000,-0.0062700000,-0.0087110000,-0.0008350000,-0.0014380000,-0.0055080000
2015-03-18,0.0265130000,0.0197300000,0.0205290000,0.0017760000,0.0061160000,-0.0178090000,-0.0178270000,-0.0104320000,-0.0106520000
2015-03-19,-0.0052180000,0.0080570000,0.0047580000,-0.0014110000,-0.0036840000,0.0029350000,0.0083010000,0.0087210000,0.0068910000
2015-03-20,0.0141620000,0.0124390000,0.0073570000,0.0028690000,0.0052090000,0.0063510000,0.0015770000,-0.0010800000,-0.0021390000
2015-03-23,0.0201710000,0.0290440000,0.0182870000,-0.0004530000,0.0007360000,0.0362800000,0.0071010000,0.0115430000,0.0060010000
2015-03-24,-0.0010140000,0.0110900000,0.0014890000,0.0005620000,0.0007190000,0.0037620000,0.0217830000,0.0046330000,0.0042610000
2015-03-25,-0.0060900000,0.0149650000,-0.0123870000,-0.0005030000,-0.0010380000,-0.0034070000,-0.0175330000,-0.0067390000,-0.0004240000
2015-03-26,0.0007660000,-0.0196980000,0.0041290000,-0.0012590000,-0.0046040000,0.0052250000,0.0103440000,-0.0067920000,0.0144310000
2015-03-27,0.0076530000,0.0114290000,0.0063520000,-0.0017140000,-0.0053970000,-0.0033170000,-0.0204630000,0.0007240000,0.0008370000
2015-03-30,0.0318990000,0.0010250000,0.0318290000,-0.0022140000,-0.0037220000,0.0012230000,-0.0106870000,-0.0068340000,-0.0096150000
2015-03-31,-0.0110400000,0.0070560000,-0.0138530000,-0.0016450000,-0.0070350000,-0.0094970000,0.0011580000,-0.0036190000,-0.0046430000
2015-04-01,0.0163730000,0.0259050000,0.0146540000,-0.0003800000,-0.0004730000,-0.0017580000,-0.0006410000,0.0148930000,0.0012720000
2015-04-02,-0.0014640000,0.0255160000,0.0050900000,0.0034490000,0.0122650000,0.0054840000,0.0039340000,0.0014330000,0.0067770000
2015-04-03,0.0161330000,0.0196090000,0.0092760000,0.0004890000,0.0018880000,-0.0040180000,-0.0043070000,-0.0089370000,-0.0008410000
2015-04-07,0.0175610000,0.0192710000,0.0211990000,-0.0003370000,-0.0011840000,0.0044310000,0.0189080000,-0.0017990000,0.0084210000
2015-04-08,0.0080380000,-0.0151170000,0.0016030000,-0.0049530000,-0.0103260000,-0.0005900000,0.0133260000,-0.0018100000,-0.0012530000
2015-04-09,-0.0072700000,-0.0090880000,-0.0134970000,-0.0027090000,-0.0090090000,-0.0033240000,-0.0061630000,-0.0199070000,-0.0096150000
2015-04-10,0.0233880000,0.0246270000,0.0222460000,-0.0001440000,0.0032710000,0.0059060000,-0.0164690000,-0.0095980000,0.0042210000
2015-04-13,0.0166200000,0.0222070000,0.0257560000,0.0021560000,-0.0004010000,0.0027900000,0.0130940000,0.0037280000,0.0029420000
2015-04-14,0.0004540000,0.0016780000,0.0132160000,0.0027020000,0.0032210000,-0.0182640000,0.0171150000,0.0014870000,-0.0054480000
2015-04-15,-0.0083980000,-0.0395590000,-0.0134020000,0.0013860000,0.0045750000,0.0033970000,0.0053540000,0.0044470000,-0.0016860000
2015-04-16,0.0327310000,0.0106530000,0.0286440000,0.0023450000,0.0058310000,0.0076650000,0.0205140000,-0.0047990000,-0.0012660000
2015-04-17,0.0172870000,0.0027170000,0.0128480000,-0.0002020000,0.0003230000,0.0074460000,-0.0015690000,0.0044570000,0.0016910000
2015-04-20,-0.0217860000,-0.0223760000,-0.0197490000,0.0066680000,0.0119220000,0.0023900000,0.0077290000,0.0044290000,0.0206750000
2015-04-21,0.0211580000,0.0387800000,0.0170070000,0.0060130000,0.0120130000,-0.0108310000,0.0102950000,0.0025750000,-0.0095080000
2015-04-22,0.0272630000,0.0287060000,0.0286410000,0.0007230000,-0.0007420000,0.0002160000,0.0021870000,-0.0062360000,0.0012520000
2015-04-23,-0.0010620000,0.0110060000,-0.0002620000,-0.0024920000,-0.0026220000,-0.0073290000,-0.0027090000,0.0040620000,-0.0116720000
2015-04-24,-0.0036130000,0.0018450000,-0.0112240000,-0.0003750000,-0.0030960000,0.0070930000,0.0047500000,0.0047780000,0.0046390000
2015-04-27,0.0206910000,0.0050370000,0.0265700000,0.0034240000,0.0057040000,0.0125080000,0.0113770000,0.0029300000,-0.0079760000
2015-04-28,-0.0129570000,-0.0321390000,-0.0085160000,-0.0004150000,0.0034120000,0.0008740000,-0.0068280000,0.0083890000,0.0055010000
2015-04-29,0.0055050000,0.0263520000,0.0009290000,0.0020270000,-0.0016610000,-0.0008180000,-0.0208040000,-0.0065140000,0.0075760000
2015-04-30,-0.0021060000,0.0072310000,0.0051760000,0.0018150000,0.0050230000,0.0109650000,0.0100300000,0.0094730000,-0.0020890000
2015-05-04,0.0054860000,0.0088050000,0.0271000000,-0.0010340000,-0.0011450000,0.0303790000,0.0090020000,-0.0151540000,-0.0104650000
2015-05-05,-0.0379850000,-0.0255950000,-0.0515430000,-0.0002570000,-0.0026310000,-0.0004060000,0.0004470000,0.0000000000,0.0021150000
2015-05-06,-0.0104710000,-0.0033250000,-0.0173590000,-0.0038030000,-0.0023550000,0.0095470000,0.0210680000,0.0065960000,0.0004220000
2015-05-07,-0.0174160000,-0.0167920000,-0.0271890000,-0.0000670000,-0.0090460000,-0.0067220000,-0.0143140000,0.0021820000,-0.0033760000
2015-05-08,0.0154810000,0.0477100000,0.0244570000,0.0030020000,-0.0122520000,0.0019160000,-0.0084920000,-0.0098030000,0.0016930000
2015-05-11,0.0329210000,0.0483960000,0.0338700000,0.0018240000,0.0027580000,-0.0035150000,0.0034820000,0.0021980000,0.0012680000
2015-05-12,0.0115510000,0.0259770000,0.0194180000,0.0001410000,-0.0030640000,-0.0007280000,-0.0100540000,-0.0164670000,0.0000000000
2015-05-13,-0.0093040000,0.0077700000,-0.0089980000,-0.0016630000,0.0003790000,0.0096760000,-0.0013530000,-0.0040940000,0.0016880000
2015-05-14,-0.0023480000,0.0066260000,0.0029640000,0.0012930000,0.0037420000,-0.0045830000,-0.0087890000,-0.0018630000,0.0059000000
2015-05-15,-0.0184000000,0.0006090000,-0.0150140000,-0.0000080000,0.0006590000,-0.0007890000,0.0030080000,0.0000000000,0.0016760000
2015-05-18,-0.0074110000,0.0289140000,-0.0075100000,-0.0019700000,-0.0023200000,0.0009900000,-0.0019340000,-0.0003770000,0.0075280000
2015-05-19,0.0344750000,0.0250450000,0.0281380000,-0.0009790000,-0.0067120000,-0.0084850000,-0.0172980000,-0.0033670000,-0.0058120000
2015-05-20,0.0046700000,0.0254420000,0.0093210000,0.0008640000,0.0010690000,-0.0203560000,-0.0169540000,-0.0270480000,-0.0066810000
2015-05-21,0.0204940000,0.0373940000,0.0168230000,0.0007550000,0.0004050000,0.0073360000,0.0086570000,-0.0027030000,-0.0004200000
2015-05-22,0.0215320000,0.0080440000,0.0307420000,-0.0009950000,-0.0008580000,-0.0000540000,0.0075410000,0.0015500000,0.0046260000
2015-05-25,0.0316170000,0.0150210000,0.0398840000,-0.0008710000,-0.0004620000,-0.0085410000,-0.0136190000,-0.0201020000,0.0016740000
2015-05-26,0.0147350000,0.0406460000,0.0228100000,0.0003990000,-0.0091540000,-0.0044410000,0.0000400000,-0.0027620000,-0.0025070000
2015-05-27,0.0000000000,0.0135240000,0.0057820000,-0.0016020000,-0.0004910000,-0.0016660000,0.0025920000,0.0019820000,-0.0025140000
2015-05-28,-0.0677640000,-0.0562160000,-0.0598720000,-0.0034920000,-0.0058320000,-0.0002230000,0.0002680000,0.0090780000,-0.0067200000
2015-05-29,0.0006230000,0.0162430000,0.0065260000,-0.0050070000,0.0071090000,0.0013200000,0.0054370000,-0.0011730000,-0.0042280000
2015-06-01,0.0523040000,0.0509670000,0.0577760000,-0.0040670000,-0.0037660000,-0.0141700000,0.0066460000,-0.0133170000,0.0016990000
2015-06-02,0.0169630000,0.0427390000,0.0172020000,0.0025430000,0.0039440000,0.0004010000,0.0110350000,0.0146870000,-0.0021200000
2015-06-03,-0.0083400000,0.0056230000,0.0024390000,0.0001090000,0.0000570000,-0.0041730000,-0.0028790000,0.0058720000,-0.0012740000
2015-06-04,0.0113440000,-0.0033400000,0.0089160000,0.0010750000,0.0029570000,-0.0023060000,-0.0034780000,-0.0019490000,0.0008510000
2015-06-05,0.0015470000,0.0109790000,0.0105330000,0.0012160000,0.0001300000,-0.0131560000,-0.0057030000,-0.0007760000,0.0012750000
2015-06-08,0.0245220000,-0.0253030000,0.0114830000,0.0015750000,0.0031670000,0.0072910000,-0.0012320000,-0.0050770000,-0.0004240000
2015-06-09,-0.0081040000,0.0004610000,-0.0018460000,0.0017490000,0.0050890000,0.0021050000,-0.0001720000,0.0039190000,-0.0046710000
2015-06-10,-0.0009500000,0.0252070000,-0.0015390000,-0.0031400000,-0.0029960000,0.0028420000,0.0124560000,-0.0031180000,-0.0012800000
2015-06-11,0.0001900000,0.0212330000,-0.0043880000,-0.0027400000,-0.0060830000,-0.0040010000,-0.0071930000,0.0007800000,0.0012820000
2015-06-12,0.0074160000,0.0160780000,0.0158400000,0.0002690000,0.0000980000,-0.0167620000,-0.0124710000,-0.0254410000,0.0004270000
2015-06-15,-0.0239710000,-0.0198960000,-0.0125540000,-0.0006210000,-0.0026240000,-0.0068810000,0.0010290000,-0.0144540000,-0.0021320000
2015-06-16,-0.0263010000,-0.0411730000,-0.0373160000,0.0011350000,0.0016590000,-0.0011300000,0.0078630000,0.0085590000,-0.0025640000
2015-06-17,0.0148960000,0.0216340000,0.0237850000,0.0012420000,0.0019250000,-0.0088210000,-0.0014040000,0.0189880000,-0.0025710000
2015-06-18,-0.0393350000,-0.0328370000,-0.0368800000,0.0011820000,0.0036800000,0.0065920000,-0.0086750000,-0.0067410000,0.0051550000
2015-06-19,-0.0623340000,-0.0652700000,-0.0645580000,0.0004770000,0.0020520000,-0.0068780000,0.0055390000,0.0107780000,0.0008550000
2015-06-23,0.0354120000,0.0017120000,0.0192620000,-0.0010380000,-0.0061110000,0.0021590000,-0.0007980000,0.0264580000,-0.0025620000
2015-06-24,0.0220310000,0.0204470000,0.0290040000,0.0014750000,0.0068820000,0.0067830000,0.0072980000,-0.0100010000,0.0025680000
2015-06-25,-0.0359270000,-0.0415590000,-0.0316640000,-0.0013640000,-0.0049830000,-0.0069060000,-0.0075090000,0.0000000000,-0.0038430000
2015-06-26,-0.0745320000,-0.0806970000,-0.0712130000,0.0000250000,0.0015360000,0.0090010000,-0.0000530000,0.0120490000,-0.0068580000
2015-06-29,-0.0377360000,-0.0703030000,-0.0177260000,0.0022280000,0.0032060000,0.0040540000,0.0008260000,-0.0015380000,0.0021580000
2015-06-30,0.0722140000,0.0435930000,0.0582400000,-0.0012870000,-0.0037950000,-0.0095960000,-0.0212430000,-0.0169220000,-0.0043070000
2015-07-01,-0.0640050000,-0.0568870000,-0.0496580000,-0.0009210000,0.0002110000,-0.0028580000,0.0028290000,0.0469500000,0.0012980000
2015-07-02,-0.0212060000,-0.0681620000,-0.0448280000,-0.0006950000,-0.0005200000,0.0071490000,0.0146860000,0.0097130000,-0.0077750000
2015-07-03,-0.0460080000,-0.0643480000,-0.0704300000,0.0027410000,0.0025020000,0.0034220000,-0.0120010000,0.0125830000,-0.0030470000
2015-07-06,0.0270480000,-0.0534070000,0.0334380000,0.0045230000,0.0109890000,-0.0367350000,-0.0231580000,-0.0131540000,0.0048030000
2015-07-07,-0.0439750000,-0.0567550000,-0.0146050000,0.0048270000,0.0089130000,-0.0205420000,-0.0293710000,0.0033300000,-0.0039110000
2015-07-08,-0.1000520000,-0.0289040000,-0.0624560000,0.0047870000,0.0077540000,-0.0423370000,-0.0495050000,-0.0358020000,-0.0401400000
2015-07-09,0.0999130000,0.0288700000,0.0672990000,-0.0022830000,-0.0050530000,0.0602890000,0.0472200000,0.0195250000,0.0327270000
2015-07-10,0.0997640000,0.0325070000,0.0516340000,-0.0031890000,-0.0053410000,-0.0017880000,0.0046720000,0.0266600000,0.0052820000
2015-07-13,0.0107420000,0.0478270000,0.0297500000,-0.0008120000,-0.0006610000,-0.0064290000,-0.0133820000,-0.0007360000,0.0013130000
2015-07-14,-0.0188950000,0.0338350000,-0.0157080000,-0.0017010000,-0.0009010000,0.0033170000,-0.0085890000,0.0270920000,-0.0026240000
2015-07-15,-0.0503130000,-0.0423280000,-0.0388240000,-0.0008390000,-0.0007100000,0.0101550000,-0.0003210000,-0.0060580000,-0.0008770000
2015-07-16,0.0230670000,0.0109950000,0.0077040000,0.0006070000,0.0026830000,-0.0022470000,-0.0038810000,-0.0017960000,-0.0065820000
2015-07-17,0.0406340000,0.0553060000,0.0347870000,0.0003080000,0.0015770000,-0.0050380000,-0.0013770000,-0.0229870000,0.0017670000
2015-07-20,-0.0028570000,0.0313020000,0.0014380000,0.0019110000,0.0007310000,-0.0152970000,0.0145200000,-0.0128700000,-0.0229280000
2015-07-21,0.0062080000,0.0226600000,-0.0017290000,-0.0001490000,-0.0017080000,0.0061390000,-0.0066070000,0.0052150000,-0.0067690000
2015-07-22,-0.0047460000,0.0164930000,-0.0020180000,0.0002650000,-0.0013690000,-0.0224930000,0.0050350000,0.0133350000,-0.0077240000
2015-07-23,0.0271820000,0.0317100000,0.0190590000,0.0016670000,0.0058570000,0.0001460000,-0.0049230000,-0.0040160000,0.0032050000
2015-07-24,-0.0208910000,-0.0098050000,-0.0147230000,0.0025500000,0.0043970000,-0.0280710000,-0.0108990000,-0.0095500000,-0.0104970000
2015-07-27,-0.0983880000,-0.0698770000,-0.0872720000,-0.0008590000,-0.0004180000,0.0040900000,-0.0117110000,-0.0211170000,0.0059960000
2015-07-28,0.0115700000,-0.0447560000,-0.0081210000,0.0010990000,0.0048690000,0.0018500000,-0.0064160000,0.0011670000,-0.0036680000
2015-07-29,0.0366520000,0.0476800000,0.0372650000,0.0009000000,-0.0009190000,0.0198740000,0.0039400000,-0.0008420000,0.0027610000
2015-07-30,-0.0343530000,-0.0273980000,-0.0236540000,-0.0002310000,0.0041820000,-0.0068980000,-0.0009700000,0.0024800000,-0.0041300000
2015-07-31,0.0000000000,-0.0250610000,0.0007080000,-0.0012950000,-0.0088060000,-0.0071200000,0.0012250000,0.0041710000,-0.0059910000
2015-08-03,0.0002600000,-0.0542130000,0.0066670000,-0.0015030000,-0.0030250000,-0.0107460000,-0.0173520000,-0.0125990000,0.0051000000
2015-08-04,0.0397200000,0.0620880000,0.0294520000,0.0013980000,0.0026850000,0.0082280000,-0.0020040000,0.0157600000,0.0004610000
2015-08-05,-0.0222220000,-0.0026270000,-0.0216570000,-0.0003140000,0.0002920000,-0.0015840000,0.0137990000,0.0059080000,-0.0009220000
2015-08-06,-0.0109810000,-0.0012480000,-0.0080760000,-0.0001650000,-0.0021010000,-0.0024100000,-0.0201540000,0.0022100000,-0.0004610000
2015-08-07,0.0206560000,0.0385500000,0.0179250000,0.0015460000,0.0022560000,-0.0031630000,0.0097560000,-0.0095300000,0.0023080000
2015-08-10,0.0493300000,0.0514130000,0.0437630000,-0.0006020000,0.0012000000,0.0014230000,0.0071130000,0.0270100000,0.0050670000
2015-08-11,-0.0118130000,0.0075180000,-0.0044530000,-0.0026010000,-0.0069640000,0.0258940000,0.0040960000,0.0122420000,0.0238310000
2015-08-12,-0.0102460000,-0.0145540000,-0.0107720000,-0.0019790000,0.0001270000,0.0073630000,0.0093140000,0.0000000000,0.0295430000
2015-08-13,0.0135570000,0.0302680000,0.0193850000,0.0011360000,0.0010160000,0.0074630000,0.0215030000,-0.0270410000,-0.0052170000
2015-08-14,-0.0024320000,0.0067120000,-0.0029840000,0.0013420000,0.0026810000,-0.0068800000,-0.0168460000,-0.0043950000,-0.0056820000
2015-08-17,0.0017060000,0.0178410000,0.0080450000,-0.0007200000,0.0011080000,0.0003160000,-0.0056520000,-0.0011020000,0.0017580000
2015-08-18,-0.0686300000,-0.0716100000,-0.0675180000,-0.0001490000,-0.0010040000,-0.0087650000,-0.0121130000,-0.0025730000,0.0004390000
2015-08-19,0.0229950000,0.0256090000,0.0156040000,-0.0003730000,-0.0009730000,0.0025330000,0.0086460000,-0.0103270000,0.0039470000
2015-08-20,-0.0255430000,-0.0316100000,-0.0299530000,-0.0001330000,-0.0011800000,-0.0027780000,-0.0164730000,-0.0067030000,0.0104850000
2015-08-21,-0.0498030000,-0.0545960000,-0.0375590000,0.0023780000,0.0047810000,0.0025860000,-0.0029760000,0.0044990000,0.0181580000
2015-08-24,-0.0998620000,-0.0761750000,-0.0877920000,0.0004630000,0.0005760000,-0.0191100000,-0.0342360000,-0.0182960000,0.0072190000
2015-08-25,-0.0858110000,-0.0734260000,-0.0744660000,0.0025860000,0.0058040000,0.0030440000,-0.0293630000,0.0159760000,-0.0059020000
2015-08-26,0.0281600000,-0.0429240000,0.0031020000,0.0018960000,0.0025480000,0.0004490000,-0.0040130000,0.0048650000,-0.0148430000
2015-08-27,0.0619500000,0.0331070000,0.0581160000,0.0024180000,-0.0028230000,0.0023700000,0.0298350000,0.0130420000,-0.0073180000
2015-08-28,0.0445190000,0.0612580000,0.0429410000,0.0017400000,0.0033250000,0.0134450000,0.0176450000,-0.0055140000,0.0026020000
2015-08-31,-0.0020580000,-0.0387500000,0.0020470000,0.0036860000,0.0053700000,-0.0038210000,-0.0176190000,-0.0114670000,0.0008650000
2015-09-01,-0.0038290000,-0.0640370000,0.0013120000,0.0028650000,0.0082420000,-0.0023100000,0.0147830000,0.0033650000,0.0069140000
2015-09-02,-0.0029570000,-0.0418430000,0.0079290000,-0.0002930000,-0.0027530000,0.0008000000,-0.0033410000,0.0059710000,0.0012880000
2015-09-07,-0.0246140000,0.0226510000,-0.0350740000,0.0007410000,0.0015470000,0.0052760000,-0.0053890000,-0.0189020000,-0.0184310000
2015-09-08,0.0270600000,0.0493770000,0.0253850000,-0.0031240000,-0.0072960000,-0.0007820000,0.0016850000,0.0098180000,-0.0034930000
2015-09-09,0.0189460000,0.0398910000,0.0179570000,0.0012650000,0.0016800000,0.0289570000,0.0047010000,0.0014960000,0.0043820000
2015-09-10,-0.0177220000,-0.0142940000,-0.0137980000,-0.0003830000,-0.0020810000,0.0012290000,0.0129590000,0.0041150000,-0.0117800000
2015-09-11,0.0020700000,0.0139150000,-0.0029240000,0.0003990000,0.0033770000,0.0023910000,0.0042800000,-0.0033550000,0.0017660000
2015-09-14,-0.0351240000,-0.0678850000,-0.0249100000,0.0009540000,0.0047920000,-0.0115900000,-0.0108610000,0.0156780000,-0.0039670000
2015-09-15,-0.0293670000,-0.0509160000,-0.0332160000,0.0010750000,0.0010420000,-0.0092790000,-0.0101100000,0.0044160000,-0.0008850000
2015-09-16,0.0542070000,0.0662000000,0.0453370000,0.0005940000,0.0030070000,0.0111670000,0.0152720000,0.0021940000,-0.0008860000
2015-09-17,-0.0194320000,-0.0095960000,-0.0185770000,0.0000330000,-0.0014530000,-0.0000430000,0.0020580000,-0.0073060000,0.0115250000
2015-09-18,-0.0003050000,0.0171720000,0.0016550000,0.0000570000,-0.0019860000,-0.0064690000,-0.0068110000,-0.0080870000,0.0061350000
2015-09-21,0.0182980000,0.0386020000,0.0147410000,-0.0006260000,0.0015500000,-0.0110070000,0.0039810000,-0.0063080000,0.0130660000
2015-09-22,0.0077870000,0.0041990000,0.0055690000,0.0000410000,-0.0016170000,-0.0066150000,-0.0038100000,-0.0018650000,-0.0055890000
2015-09-23,-0.0231800000,-0.0072040000,-0.0221660000,0.0002280000,-0.0039880000,-0.0164100000,0.0087840000,-0.0011210000,-0.0034590000
2015-09-24,0.0085180000,0.0133890000,0.0058280000,0.0002680000,0.0005890000,0.0008650000,-0.0094320000,-0.0011220000,0.0043380000
2015-09-25,-0.0217190000,-0.0364050000,-0.0127100000,-0.0003740000,0.0009830000,0.0016520000,-0.0055550000,0.0022470000,0.0069110000
2015-09-28,0.0058590000,0.0261050000,0.0043480000,0.0020000000,-0.0062400000,-0.0126290000,-0.0127980000,-0.0003740000,-0.0060060000
2015-09-29,-0.0193130000,-0.0151720000,-0.0173730000,0.0028080000,-0.0024820000,-0.0121270000,-0.0036450000,-0.0104660000,-0.0116530000
2015-09-30,0.0068770000,0.0008850000,0.0067000000,0.0014890000,0.0027220000,0.0177110000,0.0025450000,0.0090660000,-0.0039300000
2015-10-08,0.0360140000,0.0425450000,0.0264660000,0.0018830000,0.0026140000,0.0042000000,0.0320340000,-0.0067380000,0.0153440000
2015-10-09,0.0125860000,0.0154060000,0.0108820000,0.0034760000,0.0059660000,0.0269070000,0.0212930000,-0.0075460000,0.0038860000
2015-10-12,0.0417280000,0.0418360000,0.0319100000,0.0029180000,0.0003860000,0.0063200000,0.0001810000,0.0121600000,0.0133330000
2015-10-13,-0.0071020000,0.0150680000,-0.0000830000,0.0029810000,-0.0048960000,-0.0086090000,-0.0108510000,-0.0018760000,-0.0046690000
2015-10-14,-0.0108730000,-0.0134460000,-0.0126400000,0.0059850000,0.0056090000,-0.0038050000,-0.0061470000,0.0127890000,0.0115140000
2015-10-15,0.0257450000,0.0320740000,0.0209100000,-0.0016200000,-0.0014180000,0.0069290000,-0.0017150000,-0.0007420000,0.0092750000
2015-10-16,0.0138180000,0.0152750000,0.0107120000,-0.0035480000,-0.0049380000,-0.0090390000,-0.0069320000,-0.0022290000,-0.0037590000
2015-10-19,-0.0016690000,-0.0008530000,-0.0022740000,-0.0001120000,-0.0009770000,-0.0059610000,-0.0027330000,-0.0096870000,-0.0012580000
2015-10-20,0.0130960000,0.0202730000,0.0102390000,0.0035050000,0.0053860000,-0.0050220000,-0.0043360000,-0.0067740000,-0.0037780000
2015-10-21,-0.0299780000,-0.0630650000,-0.0232670000,0.0013370000,0.0057360000,-0.0070570000,-0.0048680000,-0.0121110000,0.0029500000
2015-10-22,0.0127590000,0.0413450000,0.0120240000,-0.0006440000,-0.0020880000,0.0041010000,0.0087370000,0.0076620000,-0.0058820000
2015-10-23,0.0176370000,0.0323560000,0.0112210000,0.0019320000,0.0036380000,0.0094560000,0.0008990000,-0.0186370000,0.0042270000
2015-10-26,0.0016510000,0.0087490000,0.0041730000,-0.0005870000,-0.0018090000,-0.0139160000,-0.0076310000,0.0000000000,-0.0025250000
2015-10-27,0.0005490000,0.0089690000,0.0008130000,0.0019610000,0.0066870000,0.0056770000,-0.0104040000,0.0007750000,-0.0004220000
2015-10-28,-0.0175680000,-0.0229080000,-0.0123590000,0.0018070000,-0.0001300000,-0.0103250000,-0.0016550000,-0.0007740000,0.0050650000
2015-10-29,0.0013970000,0.0090580000,0.0022590000,-0.0027050000,-0.0055300000,0.0022290000,0.0072000000,-0.0019370000,-0.0096600000
2015-10-30,0.0002790000,-0.0028570000,-0.0035490000,-0.0029430000,-0.0012890000,-0.0096730000,0.0001880000,-0.0085480000,-0.0139950000
2015-11-02,-0.0167360000,-0.0265100000,-0.0126040000,0.0009710000,-0.0013130000,-0.0054270000,0.0130870000,0.0000000000,-0.0038710000
2015-11-03,-0.0076600000,-0.0022660000,-0.0031830000,-0.0006440000,-0.0016000000,-0.0018080000,-0.0081380000,-0.0156600000,-0.0047500000
2015-11-04,0.0600340000,0.0529360000,0.0360710000,-0.0023380000,-0.0022570000,0.0082570000,0.0125870000,0.0019890000,-0.0073750000
2015-11-05,0.0159120000,-0.0005740000,0.0200920000,-0.0013310000,-0.0078820000,-0.0134920000,-0.0140790000,-0.0107260000,-0.0096150000
2015-11-06,0.0238920000,0.0253250000,0.0131480000,0.0004230000,0.0023890000,-0.0035820000,0.0148740000,-0.0080250000,-0.0013240000
2015-11-09,0.0103710000,0.0193940000,0.0189290000,-0.0052340000,-0.0032140000,-0.0081780000,-0.0017860000,-0.0004040000,-0.0110470000
2015-11-10,-0.0028230000,0.0096990000,-0.0085590000,-0.0032480000,-0.0109800000,-0.0068140000,-0.0032080000,-0.0020320000,-0.0022340000
2015-11-11,-0.0012870000,0.0190970000,0.0000380000,0.0049570000,0.0065200000,-0.0145930000,-0.0132590000,0.0024420000,0.0022390000
2015-11-12,-0.0103070000,0.0034230000,-0.0111230000,0.0008330000,0.0036530000,0.0066190000,0.0059430000,0.0012130000,-0.0031280000
2015-11-13,-0.0096330000,-0.0197640000,-0.0069290000,0.0013840000,0.0038120000,-0.0182730000,0.0036470000,-0.0113210000,-0.0053790000
2015-11-16,0.0057830000,0.0261720000,0.0082260000,-0.0004470000,-0.0008150000,-0.0046910000,-0.0150180000,-0.0093980000,0.0126180000
2015-11-17,-0.0036590000,-0.0083750000,0.0055690000,0.0005280000,-0.0011500000,-0.0242300000,-0.0009930000,-0.0066090000,-0.0137960000
2015-11-18,-0.0086570000,-0.0178780000,-0.0080140000,-0.0012380000,-0.0000160000,-0.0060250000,-0.0092800000,0.0062290000,-0.0094770000
2015-11-19,0.0150830000,0.0308890000,0.0122050000,-0.0018960000,-0.0018830000,-0.0105500000,-0.0058780000,-0.0123800000,0.0054670000
2015-11-20,-0.0028680000,0.0200290000,0.0006720000,0.0025320000,0.0043420000,0.0055590000,0.0059290000,-0.0083660000,0.0036250000
2015-11-23,-0.0049670000,-0.0094730000,-0.0042650000,0.0006240000,0.0022820000,-0.0335320000,-0.0153570000,-0.0202350000,-0.0081260000
2015-11-24,0.0007880000,0.0114250000,-0.0034710000,-0.0000480000,-0.0005810000,0.0126280000,0.0251100000,0.0253930000,-0.0009100000
2015-11-25,0.0060380000,0.0226310000,0.0128450000,0.0023650000,0.0060590000,0.0175790000,0.0124210000,0.0013400000,0.0063780000
2015-11-26,-0.0046970000,-0.0070570000,-0.0032710000,0.0030850000,-0.0035040000,0.0195760000,-0.0038660000,0.0235290000,-0.0027160000
2015-11-27,-0.0540120000,-0.0647160000,-0.0497290000,-0.0004210000,0.0014610000,0.0028860000,-0.0014240000,-0.0018330000,-0.0086250000
2015-11-30,0.0002770000,0.0068150000,0.0110710000,0.0014940000,0.0008800000,-0.0116340000,-0.0092930000,-0.0089840000,-0.0077840000
2015-12-01,0.0077580000,-0.0045980000,0.0032030000,0.0005870000,0.0021130000,0.0048370000,-0.0011390000,0.0099020000,0.0124600000
2015-12-02,0.0428920000,-0.0133750000,0.0311860000,0.0004050000,-0.0004310000,-0.0019860000,-0.0016790000,0.0059130000,-0.0022790000
2015-12-03,0.0021090000,0.0285920000,0.0066060000,0.0006260000,0.0009390000,-0.0116680000,-0.0059170000,-0.0184850000,-0.0086800000
2015-12-04,-0.0189420000,-0.0021100000,-0.0181230000,0.0007370000,0.0036300000,0.0070310000,-0.0008940000,0.0021470000,0.0064520000
2015-12-07,0.0016090000,0.0155180000,0.0035430000,-0.0003250000,-0.0010800000,0.0169110000,-0.0006710000,0.0128080000,0.0164840000
2015-12-08,-0.0144580000,-0.0176090000,-0.0159140000,0.0027170000,0.0044180000,-0.0164470000,-0.0281620000,-0.0261450000,-0.0058560000
2015-12-09,0.0013580000,-0.0023410000,0.0052310000,-0.0013030000,-0.0064230000,0.0068750000,0.0111010000,-0.0038960000,0.0036250000
2015-12-10,-0.0018990000,0.0001260000,-0.0064760000,0.0017010000,0.0059190000,-0.0039860000,-0.0048310000,-0.0026110000,-0.0018060000
2015-12-11,-0.0048930000,-0.0089010000,-0.0089470000,0.0006160000,0.0027580000,0.0244890000,0.0084500000,0.0200510000,-0.0004520000
2015-12-14,0.0305930000,0.0173710000,0.0191030000,-0.0014210000,-0.0022940000,0.0023360000,-0.0007780000,0.0021340000,0.0054300000
2015-12-15,-0.0095410000,0.0157700000,-0.0049330000,-0.0009250000,-0.0035440000,-0.0102430000,0.0026110000,-0.0004220000,-0.0058510000
2015-12-16,0.0002680000,0.0093170000,-0.0028990000,0.0014320000,0.0035640000,-0.0026740000,0.0044170000,0.0046920000,0.0000000000
2015-12-17,0.0187270000,0.0294700000,0.0212340000,0.0011220000,0.0012450000,-0.0081340000,-0.0054280000,-0.0174110000,-0.0013580000
2015-12-18,0.0036760000,-0.0046810000,0.0031290000,0.0032190000,0.0011370000,0.0144280000,0.0082750000,0.0220450000,-0.0036260000
2015-12-21,0.0261640000,0.0065510000,0.0292710000,0.0041840000,-0.0021790000,0.0179120000,0.0120140000,0.0224070000,0.0077340000
2015-12-22,0.0012750000,0.0102460000,0.0024540000,0.0022480000,0.0070860000,0.0028490000,-0.0008570000,-0.0049670000,0.0158010000
2015-12-23,-0.0012730000,-0.0158270000,-0.0010210000,0.0020400000,0.0016300000,0.0027120000,-0.0011280000,-0.0037390000,-0.0115560000
2015-12-24,-0.0119840000,-0.0004670000,-0.0107300000,0.0021210000,-0.0011200000,-0.0046380000,0.0029580000,-0.0062590000,-0.0008990000
2015-12-25,0.0051610000,0.0088210000,0.0039950000,0.0028640000,0.0097920000,0.0028850000,-0.0001900000,-0.0075540000,0.0045000000
2015-12-28,-0.0300390000,-0.0197290000,-0.0254760000,-0.0016060000,0.0025370000,-0.0181290000,-0.0134480000,-0.0080400000,-0.0031360000
2015-12-29,0.0092640000,0.0131570000,0.0077000000,0.0014150000,-0.0011380000,0.0133660000,0.0173610000,0.0106650000,0.0022470000
2015-12-30,-0.0002620000,0.0143600000,-0.0005530000,-0.0006990000,0.0009740000,0.0031660000,0.0064780000,-0.0042230000,-0.0017940000
2015-12-31,-0.0089190000,-0.0177960000,-0.0106830000,-0.0000850000,-0.0042300000,0.0054230000,-0.0003920000,0.0084730000,-0.0049420000
2016-01-04,-0.0643200000,-0.0866320000,-0.0601620000,-0.0015300000,-0.0029250000,-0.0144390000,-0.0067370000,-0.0226820000,0.0058690000
2016-01-05,-0.0022630000,-0.0250440000,0.0062010000,-0.0030960000,-0.0043060000,0.0127210000,0.0112100000,0.0073010000,0.0116700000
2016-01-06,0.0155940000,0.0272460000,0.0198370000,-0.0010770000,0.0049760000,-0.0079420000,-0.0039870000,0.0017090000,0.0008870000
2016-01-07,-0.0273590000,-0.0878600000,-0.0584270000,0.0028280000,0.0072120000,-0.0077830000,-0.0047720000,0.0123620000,0.0296990000
2016-01-08,-0.0218140000,0.0022310000,0.0239780000,0.0020410000,0.0007560000,-0.0025190000,0.0071460000,0.0117850000,-0.0030130000
2016-01-11,-0.0513500000,-0.0756100000,-0.0511870000,0.0014690000,0.0029230000,-0.0174440000,-0.0143780000,-0.0087380000,0.0082040000
2016-01-12,0.0071140000,-0.0020920000,0.0015170000,0.0016690000,0.0037650000,-0.0095520000,-0.0192280000,-0.0020960000,-0.0158460000
2016-01-13,-0.0138210000,-0.0429700000,-0.0134220000,0.0039210000,0.0094030000,0.0035620000,-0.0020090000,0.0016750000,-0.0065270000
2016-01-14,0.0168170000,0.0410420000,0.0177500000,0.0015820000,0.0032230000,0.0071090000,0.0047890000,0.0100750000,0.0056940000
2016-01-15,-0.0294030000,-0.0354960000,-0.0307270000,-0.0015570000,-0.0034250000,-0.0029050000,-0.0021170000,-0.0008230000,-0.0091460000
2016-01-18,0.0006310000,0.0244920000,0.0001210000,-0.0013430000,-0.0044520000,0.0091920000,0.0092450000,0.0224550000,0.0065930000
2016-01-19,0.0286980000,0.0406290000,0.0271330000,-0.0025890000,-0.0016480000,0.0118760000,0.0163000000,0.0016290000,-0.0008730000
2016-01-20,-0.0130800000,-0.0079860000,-0.0146540000,-0.0012630000,-0.0034060000,-0.0077400000,-0.0121870000,-0.0036540000,0.0039340000
2016-01-21,-0.0287160000,-0.0452840000,-0.0256110000,-0.0001940000,0.0031950000,-0.0051560000,0.0031160000,-0.0114160000,0.0091420000
2016-01-22,0.0097470000,0.0163280000,0.0095940000,0.0032750000,0.0039700000,0.0097600000,0.0100050000,0.0111390000,-0.0051770000
2016-01-25,0.0038610000,0.0131550000,0.0032610000,-0.0038210000,-0.0096120000,-0.0039750000,-0.0033440000,-0.0073470000,0.0004340000
2016-01-26,-0.0564100000,-0.0776190000,-0.0535890000,-0.0025160000,-0.0009090000,0.0018880000,-0.0030700000,0.0036960000,0.0173390000
2016-01-27,-0.0108700000,-0.0104420000,-0.0036300000,-0.0008100000,-0.0038020000,0.0166060000,0.0088420000,0.0020530000,0.0042610000
2016-01-28,-0.0216350000,-0.0489970000,-0.0195060000,0.0007560000,0.0005910000,-0.0053630000,-0.0092210000,-0.0020480000,-0.0021210000
2016-01-29,0.0284310000,0.0401160000,0.0274130000,0.0024990000,0.0082570000,0.0035240000,0.0063690000,-0.0098240000,-0.0038270000
2016-02-01,-0.0109220000,-0.0126120000,-0.0113900000,0.0008460000,-0.0002300000,-0.0023970000,-0.0035980000,0.0103390000,0.0119500000
2016-02-02,0.0213940000,0.0388680000,0.0162460000,0.0000470000,0.0035840000,0.0035970000,0.0010610000,0.0049050000,0.0012650000
2016-02-03,-0.0047300000,0.0071800000,-0.0061690000,-0.0022040000,-0.0019000000,0.0035790000,-0.0009490000,-0.0012180000,0.0012640000
2016-02-04,0.0132380000,0.0231890000,0.0094050000,0.0002880000,0.0009700000,0.0182270000,0.0171830000,-0.0032640000,0.0117800000
2016-02-05,-0.0117250000,-0.0113600000,-0.0025300000,-0.0007770000,-0.0019390000,-0.0027770000,-0.0005140000,-0.0032660000,0.0216220000
2016-02-15,-0.0037290000,0.0009930000,-0.0072460000,0.0045120000,0.0034920000,-0.0112180000,0.0100160000,-0.0065710000,0.0431420000
2016-02-16,0.0282410000,0.0444220000,0.0273390000,-0.0019360000,-0.0011450000,-0.0013100000,-0.0002780000,-0.0045430000,-0.0218490000
2016-02-17,0.0102580000,0.0164260000,0.0064130000,-0.0000620000,0.0018860000,-0.0066110000,-0.0020830000,-0.0112000000,0.0027920000
2016-02-18,-0.0013100000,-0.0031710000,-0.0015130000,0.0001400000,-0.0002140000,0.0044960000,0.0045300000,0.0000000000,0.0035800000
2016-02-19,-0.0026240000,0.0077200000,-0.0028110000,0.0004730000,0.0039580000,0.0086070000,0.0079100000,0.0041910000,0.0146650000
2016-02-22,0.0207170000,0.0204630000,0.0205800000,-0.0005740000,-0.0000370000,0.0167770000,0.0024280000,0.0037690000,-0.0097660000
2016-02-23,-0.0077320000,-0.0060060000,-0.0090580000,-0.0005820000,-0.0043030000,-0.0030460000,-0.0012950000,-0.0070790000,0.0011830000
2016-02-24,0.0074680000,0.0008740000,0.0063890000,-0.0008000000,-0.0006430000,-0.0087800000,-0.0064060000,-0.0125800000,0.0074860000
2016-02-25,-0.0638090000,-0.0791510000,-0.0513650000,-0.0004820000,-0.0004660000,0.0022580000,-0.0004450000,-0.0046700000,0.0152520000
2016-02-26,0.0096390000,-0.0046440000,0.0110820000,0.0004740000,-0.0016050000,-0.0041710000,-0.0124390000,-0.0059780000,-0.0015410000
2016-02-29,-0.0235250000,-0.0630180000,-0.0162030000,0.0003500000,0.0031930000,0.0004930000,0.0027680000,-0.0124430000,-0.0088730000
2016-03-01,0.0188550000,0.0224690000,0.0136280000,0.0000540000,0.0037730000,0.0035130000,0.0316820000,0.0047800000,0.0136240000
2016-03-02,0.0448940000,0.0499380000,0.0367070000,-0.0000620000,-0.0011990000,0.0191430000,-0.0026300000,-0.0012940000,-0.0107530000
2016-03-03,-0.0022960000,0.0019810000,0.0014110000,-0.0003730000,0.0077630000,0.0058960000,-0.0038430000,0.0082310000,0.0062110000
2016-03-04,0.0121630000,-0.0399060000,0.0112550000,-0.0015310000,0.0051090000,0.0205670000,0.0139490000,0.0068700000,0.0146600000
2016-03-07,0.0077950000,0.0244830000,0.0034080000,-0.0000470000,0.0046830000,0.0060100000,0.0331540000,0.0118830000,0.0003800000
2016-03-08,-0.0035450000,0.0092430000,0.0013490000,-0.0024520000,-0.0056310000,-0.0070200000,-0.0055020000,-0.0186730000,0.0026610000
2016-03-09,-0.0148770000,-0.0222300000,-0.0069290000,0.0016390000,0.0057280000,-0.0167110000,0.0065930000,0.0005880000,-0.0090980000
2016-03-10,-0.0134600000,-0.0164630000,-0.0140140000,0.0021660000,0.0052320000,-0.0020140000,-0.0155380000,-0.0062880000,-0.0045910000
2016-03-11,-0.0019970000,-0.0036780000,0.0002900000,0.0014920000,0.0026210000,0.0100420000,0.0027260000,0.0017300000,0.0111450000
2016-03-14,0.0216740000,0.0395350000,0.0115270000,0.0003650000,-0.0011630000,0.0002330000,-0.0043840000,0.0004360000,-0.0110220000
2016-03-15,-0.0032640000,-0.0089410000,0.0043300000,0.0003880000,0.0009920000,-0.0095750000,-0.0072810000,-0.0012990000,-0.0188320000
2016-03-16,0.0065490000,-0.0115680000,0.0070840000,0.0016290000,0.0046320000,0.0023060000,0.0063140000,-0.0047670000,0.0074420000
2016-03-17,0.0162650000,0.0395030000,0.0040790000,0.0006580000,-0.0017800000,0.0091170000,0.0094780000,0.0069740000,0.0097200000
2016-03-18,0.0140850000,0.0407880000,0.0098320000,-0.0003640000,0.0031870000,0.0106460000,0.0170890000,0.0086500000,0.0019250000
2016-03-21,0.0220960000,0.0282530000,0.0101280000,0.0010450000,0.0003850000,-0.0042510000,-0.0038210000,-0.0012870000,-0.0130670000
2016-03-22,-0.0067940000,-0.0017730000,-0.0031550000,0.0000930000,-0.0023190000,0.0007960000,-0.0013220000,0.0115970000,0.0073990000
2016-03-23,0.0018660000,0.0117220000,-0.0014690000,-0.0008660000,0.0038700000,-0.0017400000,-0.0049630000,0.0008460000,-0.0092770000
2016-03-24,-0.0155180000,-0.0153400000,-0.0118690000,0.0003330000,0.0013540000,-0.0095200000,-0.0272950000,0.0021270000,-0.0136560000
2016-03-25,0.0040980000,0.0076810000,0.0070030000,-0.0006270000,0.0042980000,0.0035380000,0.0093640000,0.0156660000,0.0039560000
2016-03-28,-0.0094190000,-0.0053290000,-0.0043230000,-0.0009830000,-0.0075100000,-0.0050920000,0.0000740000,-0.0129230000,-0.0051220000
2016-03-29,-0.0082410000,-0.0216640000,-0.0064960000,0.0005040000,0.0060890000,0.0009250000,0.0017370000,-0.0063340000,0.0035640000
2016-03-30,0.0274850000,0.0393750000,0.0214020000,0.0008290000,0.0024620000,-0.0150830000,-0.0025870000,0.0042430000,0.0102600000
2016-03-31,-0.0018660000,0.0010070000,0.0009800000,-0.0000390000,-0.0013450000,-0.0025400000,0.0068670000,-0.0135380000,-0.0089840000
2016-04-01,0.0031160000,-0.0068530000,0.0027210000,0.0002480000,-0.0004250000,0.0066060000,0.0067910000,0.0038610000,0.0039420000
2016-04-05,0.0096300000,0.0293680000,0.0102260000,-0.0001160000,0.0035520000,-0.0094390000,-0.0213120000,0.0059790000,-0.0051040000
2016-04-06,-0.0018460000,0.0064340000,-0.0035330000,-0.0003170000,-0.0032710000,-0.0015310000,0.0043080000,-0.0046690000,0.0023680000
2016-04-07,-0.0123300000,-0.0163060000,-0.0121040000,-0.0026320000,-0.0028640000,0.0009350000,0.0017450000,-0.0004300000,-0.0003940000
2016-04-08,-0.0084270000,-0.0076420000,-0.0027330000,-0.0003960000,-0.0039380000,-0.0146460000,-0.0061270000,-0.0068250000,0.0078770000
2016-04-11,0.0110170000,0.0227760000,0.0117570000,0.0010400000,0.0026190000,0.0065660000,0.0001490000,0.0154750000,0.0078160000
2016-04-12,-0.0012450000,-0.0079560000,-0.0029350000,-0.0004810000,-0.0010040000,0.0021530000,0.0077830000,0.0177790000,0.0046530000
2016-04-13,0.0127810000,0.0141100000,0.0102370000,-0.0018390000,-0.0008340000,0.0221330000,0.0131020000,0.0170590000,-0.0046310000
2016-04-14,0.0036930000,0.0122770000,0.0034910000,-0.0004740000,-0.0020040000,0.0046260000,0.0226070000,0.0081760000,-0.0096940000
2016-04-15,0.0009200000,0.0004610000,-0.0011880000,0.0005990000,0.0016510000,-0.0004580000,-0.0161890000,0.0032420000,0.0015660000
2016-04-18,-0.0140930000,-0.0141660000,-0.0103880000,0.0012360000,0.0020690000,-0.0005270000,0.0016050000,0.0186020000,-0.0023460000
2016-04-19,0.0012430000,0.0044350000,0.0019350000,0.0003420000,0.0004490000,0.0043430000,0.0030320000,-0.0003910000,0.0097960000
2016-04-20,-0.0173810000,-0.0505230000,-0.0144990000,-0.0012260000,-0.0028460000,0.0097260000,0.0140770000,0.0270000000,0.0015520000
2016-04-21,-0.0047380000,-0.0136770000,-0.0066920000,-0.0003190000,0.0022980000,0.0185910000,0.0337240000,0.0363560000,0.0116230000
2016-04-22,0.0044430000,0.0102350000,0.0065160000,0.0001240000,0.0009110000,-0.0028390000,-0.0293150000,-0.0339620000,-0.0088090000
2016-04-25,-0.0031600000,-0.0060300000,0.0001590000,-0.0011270000,0.0003340000,0.0043190000,0.0304970000,-0.0069520000,-0.0073420000
2016-04-26,0.0057050000,0.0134760000,0.0041070000,0.0004280000,-0.0001850000,-0.0131540000,-0.0067810000,0.0171170000,-0.0019460000
2016-04-27,-0.0047270000,-0.0023930000,-0.0012660000,0.0009800000,-0.0034920000,-0.0006330000,0.0033860000,0.0045880000,0.0101400000
2016-04-28,-0.0006330000,-0.0023910000,-0.0005490000,0.0007300000,0.0042400000,-0.0080560000,-0.0141040000,0.0007590000,0.0030890000
2016-04-29,-0.0012670000,-0.0014280000,-0.0023370000,0.0015370000,-0.0000850000,0.0104940000,0.0032690000,-0.0045640000,0.0161660000
2016-05-03,0.0193530000,0.0321860000,0.0154130000,0.0008990000,0.0004050000,0.0094940000,-0.0188690000,0.0401260000,0.0162880000
2016-05-04,-0.0037350000,0.0007640000,-0.0019000000,-0.0004570000,-0.0042350000,-0.0173930000,-0.0030940000,-0.0165300000,-0.0085720000
2016-05-05,0.0000000000,0.0074290000,0.0007210000,0.0003720000,-0.0019190000,-0.0071050000,-0.0108060000,-0.0007520000,0.0000000000
2016-05-06,-0.0228050000,-0.0408760000,-0.0213760000,-0.0006970000,-0.0001570000,-0.0089210000,-0.0149680000,-0.0228040000,0.0003760000
2016-05-09,-0.0204600000,-0.0432440000,-0.0158000000,0.0009150000,-0.0036970000,-0.0161800000,-0.0103160000,0.0198930000,-0.0018790000
2016-05-10,-0.0009790000,-0.0024610000,0.0032050000,0.0009450000,0.0029140000,-0.0009660000,0.0028490000,-0.0022500000,-0.0067770000
2016-05-11,0.0039200000,-0.0094550000,0.0070150000,0.0005260000,0.0000140000,0.0050480000,0.0058150000,0.0428600000,0.0049280000
2016-05-12,0.0035800000,-0.0002640000,0.0038420000,0.0003090000,0.0000500000,0.0054830000,-0.0071430000,0.0212640000,-0.0026410000
2016-05-13,-0.0035670000,-0.0019120000,-0.0047190000,-0.0001780000,0.0003580000,-0.0172600000,-0.0171300000,-0.0123510000,0.0068080000
2016-05-16,0.0039050000,0.0197500000,0.0049170000,-0.0007420000,-0.0020240000,0.0013500000,0.0058350000,0.0039280000,0.0052590000
2016-05-17,-0.0016210000,0.0000450000,-0.0038040000,-0.0008360000,-0.0037130000,0.0079880000,0.0151650000,0.0067660000,-0.0048580000
2016-05-18,-0.0064940000,-0.0313440000,-0.0071830000,0.0005340000,-0.0027770000,-0.0113950000,-0.0134990000,0.0088420000,-0.0003760000
2016-05-19,-0.0019610000,0.0071780000,-0.0001520000,-0.0012620000,-0.0004470000,-0.0050520000,-0.0120310000,-0.0014040000,-0.0131480000
2016-05-20,0.0065490000,0.0119490000,0.0011360000,-0.0003490000,0.0012200000,0.0012930000,0.0056820000,0.0073700000,-0.0019030000
2016-05-23,0.0016270000,0.0172330000,0.0025880000,0.0000160000,0.0019170000,-0.0079370000,-0.0206510000,-0.0118480000,-0.0007630000
2016-05-24,-0.0061710000,-0.0102440000,-0.0042350000,0.0012090000,-0.0011940000,-0.0036520000,-0.0061360000,-0.0384330000,-0.0045800000
2016-05-25,-0.0006540000,-0.0030260000,0.0001090000,-0.0002090000,0.0002450000,0.0046760000,0.0049730000,0.0231000000,-0.0157210000
2016-05-26,0.0000000000,0.0050370000,0.0014550000,-0.0003100000,0.0002660000,0.0131610000,0.0156120000,0.0376380000,0.0046750000
2016-05-27,0.0006540000,-0.0020940000,0.0019520000,0.0001240000,0.0000500000,-0.0014340000,-0.0073920000,-0.0082890000,-0.0062040000
2016-05-30,0.0006540000,-0.0057210000,0.0021790000,-0.0006510000,-0.0016630000,0.0007770000,0.0140120000,0.0358740000,-0.0105350000
2016-05-31,0.0349440000,0.0419390000,0.0245620000,-0.0003880000,0.0010600000,0.0025550000,0.0106710000,-0.0147910000,0.0078860000
2016-06-01,-0.0041020000,0.0089000000,-0.0020410000,0.0002020000,0.0025210000,-0.0109200000,-0.0112400000,-0.0109250000,0.0027390000
2016-06-02,0.0009510000,0.0119600000,-0.0019790000,-0.0012330000,-0.0034780000,0.0084730000,0.0067190000,0.0272590000,-0.0007800000
2016-06-03,0.0117130000,0.0026680000,0.0055480000,-0.0011330000,0.0044920000,0.0052130000,0.0136310000,0.0258670000,-0.0023430000
2016-06-06,-0.0059450000,0.0036590000,-0.0021350000,0.0004900000,0.0022470000,0.0101230000,0.0037770000,0.0144100000,0.0191780000
2016-06-07,0.0000000000,0.0014480000,-0.0011940000,0.0009400000,0.0013390000,-0.0074220000,-0.0029580000,0.0103260000,0.0019200000
2016-06-08,-0.0012590000,-0.0003290000,-0.0053140000,-0.0012260000,0.0001860000,-0.0087150000,-0.0003380000,0.0137390000,0.0084320000
2016-06-13,-0.0327770000,-0.0511240000,-0.0230730000,0.0013830000,-0.0002070000,0.0057400000,-0.0081240000,0.0538930000,0.0281260000
2016-06-14,0.0042360000,0.0047210000,0.0032920000,0.0011870000,0.0054570000,-0.0032260000,0.0018510000,-0.0328950000,-0.0029570000
2016-06-15,0.0133030000,0.0375630000,0.0105920000,0.0010000000,-0.0006260000,0.0052660000,-0.0036370000,0.0145360000,0.0051910000
2016-06-16,-0.0060840000,0.0020980000,-0.0069050000,0.0010140000,0.0041860000,0.0000650000,-0.0029380000,-0.0246910000,0.0169680000
2016-06-17,0.0041880000,0.0067570000,0.0072470000,0.0001310000,-0.0022970000,0.0064480000,0.0102230000,0.0093740000,-0.0235760000
2016-06-20,0.0003210000,0.0051610000,0.0025970000,0.0002940000,0.0029700000,-0.0006410000,0.0132280000,0.0080530000,0.0029720000
2016-06-21,-0.0022450000,-0.0126710000,-0.0008230000,-0.0001780000,-0.0002760000,0.0014910000,-0.0061210000,-0.0021520000,-0.0018520000
2016-06-22,0.0061070000,0.0194930000,0.0051440000,0.0014150000,0.0016160000,0.0126950000,0.0061290000,0.0043060000,-0.0126160000
2016-06-23,-0.0031950000,-0.0020860000,-0.0070550000,-0.0002620000,-0.0025040000,-0.0002020000,0.0019920000,-0.0162390000,-0.0003760000
2016-06-24,-0.0105770000,-0.0078810000,-0.0137790000,0.0029340000,0.0018580000,-0.0116090000,-0.0129860000,-0.0102790000,0.0458650000
2016-06-27,0.0126340000,0.0257850000,0.0084870000,0.0039880000,0.0096980000,0.0189340000,0.0232560000,0.0390280000,0.0097050000
2016-06-28,0.0051180000,0.0097190000,0.0026830000,0.0004520000,-0.0056370000,0.0097850000,0.0065220000,0.0309020000,-0.0039160000
2016-06-29,0.0044560000,0.0017890000,0.0041380000,-0.0015560000,-0.0065850000,0.0031260000,0.0008560000,-0.0138140000,0.0039310000
2016-06-30,0.0015840000,-0.0005390000,0.0013790000,-0.0001000000,-0.0061040000,0.0111100000,0.0125640000,0.0113260000,-0.0049840000
2016-07-01,-0.0009490000,-0.0034990000,0.0028860000,0.0028410000,-0.0004000000,0.0048860000,-0.0085210000,0.0164960000,0.0146690000
2016-07-04,0.0167830000,0.0187770000,0.0124320000,0.0013090000,0.0000930000,0.0265190000,0.0247030000,0.0026080000,0.0162200000
2016-07-05,0.0024910000,0.0045940000,-0.0019310000,-0.0016290000,-0.0003500000,-0.0127920000,-0.0157760000,-0.0286180000,-0.0048580000
2016-07-06,0.0049700000,0.0036230000,-0.0001060000,-0.0000080000,-0.0015080000,-0.0124950000,-0.0211840000,-0.0315520000,0.0198740000
2016-07-07,0.0012360000,0.0007980000,-0.0066620000,0.0013860000,-0.0000500000,-0.0085680000,-0.0052380000,-0.0341080000,-0.0030770000
2016-07-08,-0.0037050000,-0.0016770000,-0.0093680000,0.0006580000,0.0044950000,-0.0048600000,-0.0206280000,-0.0216370000,-0.0089160000
2016-07-11,0.0024790000,-0.0071890000,0.0038200000,-0.0004130000,0.0039190000,0.0149690000,0.0042540000,0.0230910000,0.0076120000
2016-07-12,0.0253480000,0.0076700000,0.0226920000,-0.0006270000,0.0021150000,0.0054250000,0.0223110000,0.0120750000,-0.0054950000
2016-07-13,0.0021100000,0.0089650000,0.0028890000,0.0000380000,0.0004040000,0.0203890000,0.0019850000,0.0345480000,-0.0093230000
2016-07-14,-0.0015040000,0.0021640000,-0.0039340000,-0.0000770000,-0.0022160000,0.0034650000,0.0011060000,0.0091060000,-0.0069710000
2016-07-15,0.0012050000,-0.0066220000,0.0018990000,0.0002980000,-0.0001700000,-0.0015810000,-0.0061820000,-0.0373020000,0.0003510000
2016-07-18,-0.0036110000,-0.0050130000,0.0057590000,0.0002750000,-0.0000350000,-0.0129630000,-0.0169140000,-0.0228120000,-0.0021050000
2016-07-19,-0.0051340000,0.0065990000,-0.0086050000,-0.0000230000,0.0026330000,0.0102550000,0.0046390000,0.0135640000,0.0017580000
2016-07-20,-0.0021250000,0.0001170000,-0.0024900000,0.0016140000,0.0059950000,-0.0003870000,-0.0016800000,-0.0273280000,-0.0031590000
2016-07-21,0.0054760000,0.0010740000,0.0050340000,0.0023520000,0.0075140000,0.0057810000,0.0158220000,-0.0058380000,-0.0112680000
2016-07-22,-0.0087750000,-0.0083920000,-0.0106340000,-0.0014630000,-0.0002160000,-0.0085260000,-0.0138470000,-0.0246190000,0.0053420000
2016-07-25,-0.0003050000,-0.0007420000,0.0053860000,-0.0008090000,-0.0023960000,0.0008070000,0.0005550000,0.0005050000,-0.0042510000
2016-07-26,0.0128240000,0.0123490000,0.0124650000,0.0013900000,-0.0018410000,-0.0079670000,-0.0041620000,-0.0027070000,0.0007110000
2016-07-27,-0.0183900000,-0.0478820000,-0.0058260000,0.0005870000,-0.0007440000,0.0010390000,-0.0003810000,0.0057670000,0.0010660000
2016-07-28,0.0027640000,-0.0036450000,0.0135370000,-0.0009520000,0.0060580000,0.0037270000,0.0048560000,0.0043840000,0.0134940000
2016-07-29,-0.0033690000,-0.0082220000,-0.0019520000,0.0018000000,-0.0017440000,-0.0059630000,-0.0128180000,-0.0184700000,-0.0052560000
2016-08-01,-0.0082970000,-0.0161720000,-0.0040460000,-0.0001980000,0.0081920000,0.0181360000,0.0189440000,0.0078730000,0.0070450000
2016-08-02,0.0024790000,0.0098250000,0.0025590000,0.0002890000,-0.0003400000,-0.0038950000,0.0054710000,-0.0149400000,0.0055960000
2016-08-03,0.0012360000,0.0043120000,0.0012400000,0.0006240000,0.0004720000,-0.0068810000,0.0047200000,-0.0041290000,0.0055650000
2016-08-04,0.0030870000,0.0083480000,0.0016990000,0.0002810000,0.0001390000,-0.0029050000,-0.0005170000,0.0076110000,-0.0103770000
2016-08-05,0.0040010000,-0.0055700000,0.0023230000,0.0008820000,0.0020380000,0.0018680000,0.0026880000,0.0133920000,0.0115340000
2016-08-08,0.0082770000,0.0119960000,0.0098430000,0.0010110000,0.0026840000,0.0025960000,0.0061790000,0.0037310000,-0.0203870000
2016-08-09,0.0045610000,0.0106870000,0.0038070000,0.0012680000,0.0050150000,-0.0076990000,0.0126660000,0.0047250000,-0.0003530000
2016-08-10,-0.0030270000,-0.0031740000,-0.0048850000,0.0033740000,0.0054360000,0.0106200000,-0.0043750000,0.0161270000,0.0148200000
2016-08-11,-0.0012140000,-0.0161540000,0.0000330000,-0.0009970000,0.0034680000,0.0002150000,0.0017800000,-0.0069450000,-0.0090400000
2016-08-12,0.0176290000,0.0097710000,0.0224620000,0.0007190000,-0.0003540000,-0.0021900000,0.0058960000,0.0026650000,-0.0017540000
2016-08-15,0.0295700000,0.0223770000,0.0258200000,0.0035750000,0.0074790000,-0.0142940000,0.0030570000,0.0096330000,-0.0014060000
2016-08-16,-0.0029010000,0.0078610000,-0.0069000000,-0.0000300000,0.0053360000,0.0048160000,0.0007830000,0.0029600000,0.0049280000
2016-08-17,-0.0023280000,0.0039070000,-0.0020240000,-0.0024850000,-0.0059460000,0.0012800000,0.0015230000,-0.0026250000,-0.0035030000
2016-08-18,-0.0014580000,-0.0003840000,-0.0027370000,-0.0004610000,0.0000540000,0.0067390000,-0.0087180000,-0.0098650000,0.0038660000
2016-08-19,-0.0011680000,0.0016880000,0.0006540000,-0.0016540000,-0.0063940000,-0.0004660000,-0.0000980000,-0.0083040000,0.0017510000
2016-08-22,-0.0070180000,-0.0126100000,-0.0054850000,0.0003780000,-0.0003270000,-0.0061270000,-0.0183360000,0.0063670000,-0.0087380000
2016-08-23,0.0005890000,0.0010630000,0.0023850000,0.0007790000,-0.0003670000,0.0018300000,0.0027090000,0.0003310000,0.0014100000
2016-08-24,-0.0041200000,0.0034350000,-0.0014080000,-0.0043460000,-0.0035060000,-0.0068910000,-0.0075630000,-0.0083180000,0.0010560000
2016-08-25,-0.0053190000,-0.0074490000,-0.0056770000,0.0017080000,-0.0001300000,-0.0109680000,0.0082250000,-0.0043610000,-0.0066830000
2016-08-26,-0.0011880000,0.0034010000,-0.0023900000,0.0001590000,0.0005470000,0.0028100000,-0.0029290000,-0.0168480000,0.0003540000
2016-08-29,-0.0002970000,0.0025560000,-0.0028160000,0.0006520000,0.0002190000,-0.0014940000,-0.0086260000,0.0010300000,-0.0042480000
2016-08-30,0.0041650000,0.0001660000,0.0037940000,-0.0028770000,-0.0009350000,-0.0033050000,-0.0015320000,-0.0010290000,0.0053320000
2016-08-31,0.0041480000,-0.0000100000,0.0055320000,-0.0006070000,-0.0014830000,0.0012840000,0.0031700000,-0.0191900000,-0.0049500000
2016-09-01,-0.0106230000,-0.0076520000,-0.0079810000,-0.0000760000,0.0005340000,0.0098680000,0.0073310000,0.0066430000,-0.0067520000
2016-09-02,0.0044740000,-0.0052230000,0.0043740000,0.0008890000,0.0002260000,0.0050610000,0.0083660000,0.0010360000,0.0025040000
2016-09-05,0.0020780000,0.0042430000,0.0039300000,-0.0011240000,-0.0035700000,-0.0022650000,0.0119340000,-0.0048520000,0.0092790000
2016-09-06,0.0085930000,0.0165380000,0.0066560000,-0.0001750000,0.0000340000,0.0015020000,0.0052090000,0.0055770000,0.0017680000
2016-09-07,0.0005880000,-0.0010180000,-0.0005820000,-0.0004790000,-0.0013180000,0.0014950000,-0.0144970000,0.0187060000,0.0141190000
2016-09-08,-0.0014680000,0.0045670000,0.0014800000,-0.0004260000,0.0110630000,-0.0038260000,0.0082340000,0.0088430000,-0.0010440000
2016-09-09,-0.0049990000,-0.0073970000,-0.0087550000,0.0012020000,0.0013930000,0.0015340000,-0.0068170000,-0.0064030000,-0.0059230000
2016-09-12,-0.0197990000,-0.0321130000,-0.0158800000,-0.0012390000,-0.0007740000,-0.0158460000,-0.0123550000,0.0020330000,-0.0052580000
2016-09-13,0.0000000000,0.0080680000,0.0002220000,0.0013470000,0.0013520000,0.0078780000,-0.0035390000,-0.0060940000,0.0010570000
2016-09-14,-0.0060300000,-0.0044510000,-0.0098930000,0.0012460000,0.0017970000,-0.0029950000,0.0010500000,-0.0136260000,-0.0052800000
2016-09-19,0.0063690000,0.0114100000,0.0092030000,0.0004860000,0.0014150000,0.0086510000,0.0171960000,0.0293610000,-0.0053080000
2016-09-20,-0.0012060000,-0.0004820000,0.0015370000,0.0007810000,0.0007300000,0.0064340000,0.0036010000,-0.0010090000,0.0017790000
2016-09-21,0.0039230000,0.0022630000,0.0020890000,-0.0001820000,0.0020540000,-0.0007870000,-0.0065150000,0.0043660000,0.0017760000
2016-09-22,0.0066130000,0.0043630000,0.0098460000,0.0004700000,0.0004790000,0.0089680000,-0.0046030000,-0.0173900000,0.0077990000
2016-09-23,-0.0023890000,-0.0046160000,-0.0057260000,0.0004470000,0.0037740000,0.0048240000,0.0042550000,-0.0098720000,0.0014070000
2016-09-26,-0.0167610000,-0.0212420000,-0.0127780000,0.0016970000,0.0051970000,-0.0045900000,-0.0038830000,-0.0147810000,-0.0003510000
2016-09-27,0.0051750000,0.0070130000,0.0046540000,0.0001970000,-0.0001740000,0.0080550000,0.0022760000,-0.0087240000,-0.0007030000
2016-09-28,-0.0015140000,-0.0013920000,-0.0000530000,-0.0008770000,0.0006810000,-0.0025990000,0.0010640000,0.0031670000,-0.0066810000
2016-09-29,0.0045500000,0.0030820000,0.0037420000,0.0000080000,-0.0006070000,0.0064550000,0.0133550000,0.0115810000,-0.0024780000
2016-09-30,0.0030190000,0.0049210000,0.0021170000,0.0000980000,0.0020170000,0.0023080000,-0.0082410000,-0.0024310000,0.0039030000
2016-10-10,0.0114390000,0.0209900000,0.0141560000,0.0024660000,0.0053860000,0.0035270000,0.0143470000,-0.0066030000,-0.0388830000
2016-10-11,0.0023810000,0.0068580000,0.0017770000,0.0015920000,0.0019030000,0.0096840000,0.0143250000,-0.0014010000,-0.0018390000
2016-10-12,-0.0023750000,0.0013460000,-0.0017440000,-0.0009870000,-0.0015680000,-0.0071670000,-0.0003560000,-0.0133200000,-0.0025790000
2016-10-13,0.0000000000,0.0015780000,0.0017470000,-0.0006560000,-0.0005170000,-0.0055970000,-0.0012340000,-0.0163430000,0.0040640000
2016-10-14,0.0029760000,-0.0017710000,-0.0012610000,0.0022720000,0.0021350000,-0.0029010000,0.0031860000,0.0151690000,-0.0036790000
2016-10-17,-0.0091990000,-0.0091550000,-0.0081600000,-0.0000530000,0.0017470000,-0.0003150000,0.0212180000,0.0056940000,0.0029540000
2016-10-18,0.0125790000,0.0152400000,0.0114060000,0.0002030000,0.0001390000,0.0034560000,0.0024800000,0.0102600000,0.0029460000
2016-10-19,-0.0005920000,-0.0013930000,-0.0019830000,0.0009340000,0.0016650000,-0.0071640000,-0.0001600000,-0.0094590000,-0.0003670000
2016-10-20,-0.0014800000,0.0046020000,0.0030160000,0.0030390000,0.0054860000,0.0031310000,0.0097760000,0.0159100000,0.0077120000
2016-10-21,0.0050390000,-0.0058250000,0.0078270000,0.0003820000,0.0037970000,-0.0006480000,0.0022780000,-0.0013920000,-0.0040090000
2016-10-24,0.0120910000,0.0064510000,0.0082640000,0.0007270000,0.0003660000,0.0059220000,0.0174430000,0.0125400000,0.0036590000
2016-10-25,-0.0026220000,0.0043080000,0.0036470000,-0.0028090000,-0.0034940000,0.0220180000,0.0135330000,-0.0075690000,0.0029170000
2016-10-26,-0.0029210000,-0.0042830000,-0.0091610000,-0.0021560000,-0.0031130000,-0.0034610000,-0.0039600000,0.0149090000,0.0058160000
2016-10-27,-0.0014650000,-0.0004160000,-0.0035480000,-0.0011290000,-0.0002240000,-0.0004410000,-0.0141770000,0.0153770000,-0.0039750000
2016-10-28,-0.0014670000,-0.0091580000,-0.0034830000,0.0017330000,0.0029130000,0.0146080000,0.0189750000,-0.0043740000,0.0003630000
2016-10-31,-0.0020570000,-0.0004610000,0.0016760000,-0.0011290000,-0.0014360000,0.0062580000,0.0112190000,-0.0165630000,0.0050780000
2016-11-01,0.0061840000,0.0108050000,0.0052710000,-0.0004290000,-0.0031320000,0.0082560000,-0.0009120000,-0.0027500000,0.0032480000
2016-11-02,-0.0067310000,-0.0066670000,-0.0096240000,-0.0004820000,0.0013630000,-0.0117090000,-0.0057810000,-0.0285980000,0.0089930000
2016-11-03,0.0076610000,0.0064950000,0.0053780000,0.0012970000,-0.0007170000,0.0126180000,0.0044240000,0.0021250000,0.0024960000
2016-11-04,-0.0032160000,-0.0059640000,-0.0028150000,-0.0001510000,-0.0003880000,0.0039600000,0.0007870000,-0.0031850000,-0.0071120000
2016-11-07,0.0008800000,-0.0020000000,-0.0000520000,-0.0012800000,-0.0007510000,0.0305120000,0.0205870000,0.0174040000,-0.0007160000
2016-11-08,0.0052750000,0.0070140000,0.0032960000,-0.0020060000,-0.0027420000,0.0029480000,-0.0216250000,0.0108180000,-0.0028670000
2016-11-09,-0.0037900000,-0.0069650000,-0.0061380000,0.0006350000,-0.0011960000,0.0167910000,0.0176700000,0.0003440000,0.0276780000
2016-11-10,0.0102430000,0.0140280000,0.0113210000,-0.0026430000,-0.0019320000,0.0498910000,-0.0079640000,0.0338280000,-0.0185380000
2016-11-11,0.0086910000,0.0029640000,0.0014230000,-0.0020520000,-0.0034800000,0.0353250000,0.0329670000,0.0033430000,-0.0156810000
2016-11-14,0.0014360000,0.0009850000,0.0012450000,-0.0015700000,-0.0031070000,-0.0187190000,-0.0392480000,-0.0455970000,-0.0293270000
2016-11-15,-0.0011470000,0.0078740000,0.0005830000,-0.0026590000,-0.0058650000,-0.0275900000,-0.0170530000,0.0052340000,0.0111900000
2016-11-16,0.0002870000,-0.0009770000,0.0001640000,0.0008530000,-0.0029060000,0.0148980000,0.0150270000,0.0199270000,0.0044260000
2016-11-17,0.0022960000,-0.0029330000,0.0049530000,-0.0013090000,-0.0076410000,-0.0194170000,-0.0027580000,-0.0023060000,-0.0033050000
2016-11-18,-0.0034360000,-0.0029410000,-0.0015050000,-0.0012500000,-0.0055020000,0.0087760000,-0.0085500000,-0.0019220000,-0.0121590000
2016-11-21,0.0045980000,0.0029500000,0.0065060000,-0.0002750000,0.0009410000,0.0171890000,0.0219270000,0.0211990000,0.0100710000
2016-11-22,0.0100110000,0.0078430000,0.0055610000,0.0019620000,0.0019080000,0.0239840000,0.0159850000,0.0237060000,0.0007390000
2016-11-23,0.0016990000,-0.0048640000,0.0063150000,-0.0000080000,0.0030880000,-0.0071040000,-0.0057930000,0.0078630000,0.0011070000
2016-11-24,0.0028270000,-0.0087980000,0.0067900000,0.0015690000,0.0038990000,0.0404420000,-0.0036110000,-0.0030580000,-0.0114260000
2016-11-25,0.0109950000,-0.0009860000,0.0112100000,-0.0011640000,0.0025330000,0.0008720000,-0.0026990000,-0.0037410000,-0.0078300000
2016-11-28,0.0044620000,0.0019740000,0.0073940000,0.0001900000,0.0021960000,0.0307070000,0.0102000000,0.0283500000,0.0067640000
2016-11-29,0.0077730000,-0.0068970000,0.0088080000,-0.0018730000,0.0038720000,-0.0410790000,-0.0145740000,-0.0119620000,-0.0041060000
2016-11-30,-0.0090910000,-0.0049600000,-0.0101980000,-0.0039360000,-0.0068510000,-0.0227990000,-0.0174960000,-0.0131050000,-0.0052470000
2016-12-01,0.0094520000,0.0009970000,0.0108450000,-0.0022670000,-0.0035870000,0.0186310000,0.0198580000,0.0000000000,-0.0064050000
2016-12-02,-0.0110160000,-0.0069720000,-0.0126160000,-0.0007830000,-0.0070650000,-0.0126680000,0.0059170000,-0.0143050000,-0.0018960000
2016-12-05,-0.0200500000,-0.0060180000,-0.0159930000,-0.0002530000,-0.0025760000,0.0132360000,0.0098030000,0.0075990000,-0.0003800000
2016-12-06,-0.0017050000,-0.0070640000,-0.0018390000,-0.0044030000,-0.0031230000,0.0043730000,0.0033140000,0.0041170000,-0.0015200000
2016-12-07,0.0045550000,0.0111790000,0.0010500000,-0.0018520000,-0.0087460000,0.0136560000,0.0238140000,0.0061500000,-0.0015230000
2016-12-08,0.0022670000,-0.0090450000,0.0010610000,-0.0010820000,0.0035470000,-0.0166100000,0.0002290000,-0.0112030000,0.0080060000
2016-12-09,0.0056550000,-0.0010140000,0.0116310000,0.0008280000,-0.0030250000,-0.0005650000,0.0123130000,-0.0130440000,-0.0018910000
2016-12-12,-0.0264270000,-0.0609140000,-0.0172660000,-0.0044160000,-0.0051350000,-0.0003580000,0.0180850000,0.0194730000,-0.0053050000
2016-12-13,-0.0014440000,0.0043240000,-0.0015160000,-0.0014910000,-0.0062450000,-0.0025630000,0.0030480000,0.0058060000,0.0003810000
2016-12-14,-0.0069400000,-0.0064590000,-0.0078770000,-0.0024270000,-0.0086060000,-0.0036450000,0.0014200000,-0.0186620000,0.0045700000
2016-12-15,-0.0113570000,0.0130010000,-0.0146380000,-0.0089220000,-0.0305610000,0.0083990000,0.0025580000,0.0048420000,-0.0102350000
2016-12-16,0.0000000000,0.0139040000,0.0013550000,0.0017390000,0.0014040000,-0.0110150000,-0.0025050000,0.0006880000,-0.0045960000
2016-12-19,-0.0029460000,-0.0137130000,-0.0018280000,0.0000160000,-0.0075540000,-0.0248360000,-0.0171490000,0.0013760000,0.0042320000
2016-12-20,-0.0073860000,0.0085560000,-0.0067220000,-0.0061510000,-0.0023930000,-0.0154160000,-0.0112020000,-0.0274620000,-0.0061300000
2016-12-21,0.0110120000,0.0063630000,0.0093860000,0.0055480000,0.0041890000,0.0096770000,0.0003590000,-0.0028250000,-0.0019280000
2016-12-22,-0.0017660000,-0.0010540000,0.0008740000,0.0054080000,0.0063490000,-0.0194830000,-0.0157380000,-0.0074340000,-0.0057940000
2016-12-23,-0.0079620000,-0.0084390000,-0.0110440000,0.0035880000,0.0079640000,0.0120120000,-0.0070470000,-0.0003600000,0.0003890000
2016-12-26,0.0035670000,0.0042550000,0.0023940000,0.0022820000,0.0009070000,-0.0336340000,-0.0092260000,-0.0121280000,0.0046600000
2016-12-27,-0.0014810000,-0.0010590000,-0.0009780000,-0.0000850000,0.0014320000,0.0150600000,0.0177840000,0.0151680000,0.0027060000
2016-12-28,-0.0053400000,-0.0042420000,-0.0038770000,0.0005290000,-0.0008260000,0.0132070000,0.0047930000,0.0103180000,0.0023130000
2016-12-29,0.0005960000,-0.0042600000,-0.0012780000,0.0053680000,0.0065440000,0.0063870000,-0.0086950000,-0.0028180000,0.0030770000
2016-12-30,0.0008940000,0.0032090000,0.0046300000,0.0046050000,0.0074880000,-0.0056150000,-0.0134860000,-0.0102410000,0.0061350000
2017-01-03,0.0113160000,0.0063970000,0.0102190000,-0.0025920000,-0.0004750000,0.0030540000,-0.0128060000,-0.0107010000,-0.0019050000
2017-01-04,0.0088340000,0.0137710000,0.0068500000,-0.0062850000,-0.0042290000,-0.0013180000,0.0004750000,0.0068510000,0.0022910000
2017-01-05,-0.0020430000,-0.0031350000,0.0002160000,-0.0060220000,0.0003210000,0.0067150000,0.0080400000,-0.0021500000,0.0003810000
2017-01-06,-0.0032170000,0.0010480000,-0.0032980000,0.0018740000,-0.0007410000,-0.0076110000,-0.0022950000,0.0017990000,0.0003810000
2017-01-09,0.0035210000,0.0041880000,0.0071460000,0.0019330000,0.0019100000,0.0104390000,0.0160620000,-0.0057350000,0.0034260000
2017-01-10,-0.0026320000,-0.0041710000,-0.0033190000,0.0020690000,0.0008390000,0.0149620000,0.0089810000,0.0010780000,0.0098630000
2017-01-11,-0.0073290000,-0.0052360000,-0.0079390000,-0.0034000000,-0.0013510000,0.0134360000,0.0017340000,0.0165590000,0.0011270000
2017-01-12,-0.0050210000,-0.0063160000,-0.0044940000,0.0012770000,-0.0003060000,-0.0061610000,0.0027480000,-0.0056610000,0.0018760000
2017-01-13,0.0017810000,-0.0095340000,0.0028150000,0.0000780000,-0.0003630000,0.0053420000,0.0029220000,0.0224360000,-0.0026220000
2017-01-16,-0.0011850000,-0.0278070000,0.0044120000,-0.0014390000,-0.0012180000,0.0116380000,0.0233280000,0.0132350000,0.0078860000
2017-01-17,0.0014830000,0.0066010000,0.0008780000,-0.0041830000,-0.0065320000,-0.0227680000,-0.0292540000,0.0044680000,0.0052160000
2017-01-18,0.0065170000,-0.0010930000,0.0044430000,-0.0000160000,0.0017370000,0.0010550000,-0.0023750000,0.0047930000,-0.0018530000
2017-01-19,-0.0035310000,-0.0098470000,-0.0013570000,0.0006880000,-0.0012250000,0.0007080000,0.0020770000,0.0105600000,-0.0118830000
2017-01-20,0.0085650000,-0.0033150000,0.0075890000,-0.0005550000,0.0024750000,-0.0170310000,-0.0057940000,-0.0128130000,0.0030060000
2017-01-23,0.0002980000,0.0110860000,0.0001030000,0.0010870000,0.0006080000,0.0198920000,0.0201770000,0.0020490000,0.0048710000
2017-01-24,0.0005950000,-0.0065790000,0.0029930000,-0.0013120000,-0.0022170000,0.0022360000,0.0135880000,0.0013630000,-0.0018640000
2017-01-25,0.0029740000,0.0033110000,0.0020630000,-0.0055380000,-0.0080860000,0.0102230000,0.0146910000,-0.0193930000,-0.0078450000
2017-01-26,0.0041510000,0.0088010000,0.0023510000,0.0010150000,0.0004550000,0.0062850000,0.0010920000,0.0107580000,-0.0052710000
2017-02-03,-0.0059050000,-0.0021810000,-0.0067790000,-0.0046360000,-0.0088130000,-0.0176320000,-0.0137540000,-0.0082430000,0.0117340000
2017-02-06,-0.0002970000,0.0109290000,0.0038160000,-0.0020290000,-0.0023250000,-0.0010920000,0.0157940000,0.0110820000,0.0097270000
2017-02-07,-0.0017830000,0.0021620000,0.0011420000,-0.0038290000,-0.0047040000,0.0043300000,0.0013900000,-0.0017160000,0.0085220000
2017-02-08,0.0068450000,0.0043150000,0.0025870000,0.0006910000,0.0006610000,0.0141720000,0.0018400000,0.0168080000,0.0011020000
2017-02-09,0.0035470000,0.0096670000,0.0028710000,0.0032850000,-0.0001100000,-0.0016200000,-0.0111210000,-0.0003410000,0.0044040000
2017-02-10,0.0053020000,-0.0010640000,0.0048840000,-0.0000400000,-0.0006820000,0.0060420000,0.0132780000,0.0111350000,-0.0102300000
2017-02-13,0.0052740000,0.0042600000,0.0050790000,0.0001420000,-0.0013650000,0.0376380000,0.0125170000,-0.0040060000,0.0073830000
2017-02-14,0.0011660000,-0.0010600000,-0.0017930000,0.0008460000,-0.0019480000,0.0030630000,0.0017420000,-0.0097160000,-0.0025650000
2017-02-15,-0.0034930000,-0.0063690000,0.0008410000,-0.0016520000,-0.0015690000,-0.0196840000,-0.0083290000,-0.0064270000,-0.0036740000
2017-02-16,0.0043820000,0.0053420000,0.0040190000,0.0018520000,0.0023830000,-0.0011460000,0.0028650000,0.0061320000,0.0047940000
2017-02-17,-0.0058170000,-0.0063760000,-0.0077040000,0.0029710000,0.0041060000,-0.0076050000,0.0057240000,-0.0165800000,0.0047710000
2017-02-20,0.0163840000,0.0085560000,0.0178930000,0.0051680000,0.0033570000,0.0059240000,0.0070660000,0.0034360000,-0.0025570000
2017-02-21,0.0000000000,0.0106040000,0.0010600000,-0.0002190000,-0.0023370000,0.0058010000,-0.0092170000,0.0133770000,0.0021970000
2017-02-22,0.0031660000,0.0000000000,0.0054850000,-0.0012540000,0.0015810000,-0.0095820000,-0.0003190000,-0.0138780000,0.0003650000
2017-02-23,-0.0043040000,0.0020990000,-0.0044550000,0.0005180000,0.0035380000,-0.0071790000,-0.0051250000,-0.0116660000,0.0007300000
2017-02-24,-0.0008650000,0.0041880000,-0.0015440000,0.0018040000,0.0005390000,-0.0077750000,0.0040530000,-0.0006950000,0.0124090000
2017-02-27,-0.0077880000,-0.0072990000,-0.0073910000,-0.0005250000,0.0001160000,0.0014040000,0.0120750000,0.0041710000,0.0046860000
2017-02-28,0.0014530000,0.0010500000,0.0036780000,0.0000550000,-0.0003130000,-0.0010060000,-0.0026360000,-0.0031120000,-0.0043060000
2017-03-01,0.0011610000,0.0031480000,0.0006290000,-0.0010810000,-0.0020170000,0.0161530000,-0.0005420000,0.0097160000,-0.0064860000
2017-03-02,-0.0034790000,-0.0062760000,-0.0048570000,-0.0021880000,-0.0033200000,0.0025570000,-0.0014350000,0.0123740000,0.0018140000
2017-03-03,-0.0037820000,0.0063160000,0.0005160000,-0.0005580000,0.0007320000,-0.0088590000,-0.0015170000,-0.0040770000,-0.0072410000
2017-03-06,0.0049650000,0.0115060000,0.0013580000,-0.0004170000,-0.0015070000,-0.0114530000,0.0071750000,0.0098890000,0.0007290000
2017-03-07,0.0014530000,0.0010340000,-0.0005990000,-0.0002830000,0.0024690000,-0.0027950000,-0.0031180000,-0.0037120000,-0.0021870000
2017-03-08,0.0011610000,-0.0041320000,-0.0004120000,-0.0012120000,-0.0025360000,-0.0131320000,-0.0171830000,-0.0162660000,-0.0054780000
2017-03-09,-0.0089860000,-0.0062240000,-0.0074690000,-0.0023870000,-0.0000150000,-0.0186750000,-0.0153350000,-0.0017200000,-0.0066100000
2017-03-10,0.0008770000,0.0010440000,0.0012690000,0.0005840000,-0.0012090000,0.0054780000,-0.0057630000,-0.0131120000,-0.0062850000
2017-03-13,0.0108120000,0.0114700000,0.0084090000,0.0005370000,0.0019000000,0.0171570000,0.0186570000,0.0048900000,0.0070680000
2017-03-14,-0.0023130000,-0.0061860000,0.0026140000,0.0030220000,0.0031920000,-0.0037840000,0.0003800000,-0.0104360000,-0.0029550000
2017-03-15,0.0017390000,-0.0010370000,0.0029020000,0.0007390000,-0.0030140000,0.0084180000,0.0052740000,0.0094950000,0.0011120000
2017-03-16,0.0060750000,0.0124610000,0.0028930000,0.0035600000,0.0042240000,0.0133560000,0.0007330000,-0.0024430000,0.0136940000
2017-03-17,-0.0112130000,-0.0082050000,-0.0106910000,-0.0002980000,-0.0005030000,-0.0064480000,0.0024950000,-0.0045380000,-0.0007300000
2017-03-20,0.0005820000,0.0031020000,0.0033280000,0.0006110000,-0.0008970000,0.0049610000,-0.0065530000,0.0135920000,0.0054800000
2017-03-21,0.0069750000,0.0030930000,0.0083750000,-0.0012140000,-0.0018830000,-0.0096610000,-0.0073320000,-0.0121550000,-0.0047240000
2017-03-22,-0.0051950000,-0.0051390000,-0.0053420000,0.0017480000,0.0005780000,-0.0128000000,-0.0086250000,-0.0004790000,0.0094930000
2017-03-23,0.0029010000,-0.0010330000,0.0007200000,-0.0000860000,-0.0003800000,0.0098780000,0.0128460000,-0.0161570000,0.0003620000
2017-03-24,0.0095460000,0.0031020000,0.0094430000,0.0021360000,0.0035170000,-0.0038520000,-0.0143200000,-0.0053710000,-0.0028920000
2017-03-27,-0.0045850000,-0.0020620000,-0.0001820000,0.0035370000,0.0032860000,-0.0190780000,-0.0062820000,-0.0021290000,0.0101520000
2017-03-28,-0.0014390000,-0.0020660000,-0.0026850000,0.0005210000,0.0005080000,0.0031760000,0.0091580000,-0.0021400000,-0.0007180000
2017-03-29,-0.0020180000,-0.0093170000,-0.0000360000,-0.0014700000,-0.0012120000,0.0186030000,0.0179170000,0.0053590000,-0.0025140000
2017-03-30,-0.0095320000,-0.0188090000,-0.0029730000,-0.0019470000,-0.0018610000,-0.0032490000,-0.0031970000,-0.0110070000,-0.0007200000
2017-03-31,0.0072910000,0.0021300000,0.0078400000,0.0009290000,0.0008450000,0.0064840000,0.0021610000,-0.0017990000,-0.0068470000
2017-04-05,0.0165030000,0.0244420000,0.0132030000,-0.0001950000,0.0002260000,-0.0016820000,0.0179760000,-0.0089890000,0.0101600000
2017-04-06,-0.0011390000,0.0010370000,0.0074520000,-0.0019960000,0.0002330000,0.0062670000,0.0008000000,-0.0003690000,0.0000000000
2017-04-07,0.0019960000,0.0000000000,0.0038460000,0.0015160000,0.0039200000,-0.0216600000,-0.0134550000,-0.0090740000,0.0100570000
2017-04-10,-0.0025610000,-0.0103630000,0.0048980000,-0.0004530000,-0.0004130000,0.0000360000,-0.0035380000,0.0120900000,-0.0049790000
2017-04-11,0.0025680000,0.0073300000,0.0052480000,-0.0014280000,0.0001380000,-0.0121110000,-0.0208350000,0.0000000000,0.0003570000
2017-04-12,-0.0036990000,-0.0062370000,-0.0019250000,0.0010940000,0.0009560000,-0.0109420000,-0.0066090000,0.0076020000,0.0096460000
2017-04-13,0.0037130000,0.0031380000,0.0067620000,0.0000080000,0.0012880000,0.0083840000,-0.0012130000,0.0190490000,0.0056620000
2017-04-14,-0.0082530000,-0.0114700000,-0.0105960000,-0.0016940000,0.0001880000,-0.0087990000,-0.0093020000,-0.0021180000,0.0035190000
2017-04-17,-0.0034430000,-0.0179320000,-0.0055140000,-0.0041450000,-0.0048210000,0.0106010000,0.0048200000,-0.0017630000,-0.0031560000
2017-04-18,-0.0023030000,-0.0064450000,-0.0012340000,-0.0012490000,-0.0031450000,-0.0115450000,-0.0102920000,-0.0046070000,-0.0028140000
2017-04-19,-0.0077920000,-0.0129730000,-0.0038070000,-0.0002910000,0.0006990000,-0.0074540000,-0.0073230000,0.0156510000,0.0003530000
2017-04-20,0.0055260000,-0.0065720000,0.0048400000,-0.0004640000,-0.0017260000,0.0017680000,0.0116690000,-0.0042000000,-0.0007050000
2017-04-21,0.0008680000,0.0000000000,0.0009500000,-0.0015110000,-0.0020200000,0.0055480000,-0.0054100000,-0.0056290000,-0.0010590000
2017-04-24,-0.0106940000,-0.0077180000,-0.0081020000,-0.0028770000,-0.0070310000,-0.0061790000,-0.0124240000,0.0102550000,-0.0067110000
2017-04-25,0.0032140000,-0.0211110000,0.0056660000,0.0015180000,0.0021640000,0.0007540000,-0.0059690000,-0.0021030000,0.0007110000
2017-04-26,0.0023300000,0.0022700000,0.0037750000,0.0027070000,-0.0013950000,0.0042680000,-0.0007080000,-0.0157800000,-0.0046200000
2017-04-27,0.0005810000,0.0033980000,-0.0015360000,0.0006220000,0.0003680000,0.0029250000,0.0076940000,-0.0049930000,0.0014280000
2017-04-28,-0.0037750000,0.0067720000,-0.0031640000,-0.0011720000,-0.0002350000,0.0018910000,-0.0026060000,0.0025090000,0.0017830000
2017-05-02,-0.0014570000,0.0000000000,-0.0061440000,-0.0001810000,0.0000590000,0.0089980000,0.0054800000,0.0285810000,-0.0071170000
2017-05-03,-0.0049620000,-0.0011210000,-0.0064730000,-0.0031270000,-0.0020810000,-0.0064480000,-0.0031420000,-0.0062530000,-0.0017920000
2017-05-04,-0.0038130000,-0.0033670000,-0.0005010000,-0.0005290000,-0.0016800000,-0.0253470000,-0.0289860000,0.0027980000,-0.0147220000
2017-05-05,-0.0064780000,-0.0123870000,-0.0034480000,-0.0029330000,-0.0007310000,-0.0052870000,-0.0134710000,-0.0097610000,-0.0003640000
2017-05-08,-0.0085950000,-0.0193840000,-0.0075330000,-0.0019660000,-0.0023340000,-0.0042280000,0.0007850000,-0.0080930000,-0.0032810000
2017-05-09,0.0008970000,0.0046510000,-0.0019580000,-0.0015970000,-0.0014070000,0.0051610000,0.0012010000,-0.0003540000,-0.0007320000
2017-05-10,-0.0035840000,-0.0173610000,-0.0098030000,-0.0053630000,-0.0033880000,0.0019440000,0.0014780000,0.0074540000,-0.0047580000
2017-05-11,0.0050960000,-0.0106010000,0.0083440000,0.0025920000,0.0005950000,0.0087010000,0.0047420000,-0.0010550000,0.0014710000
2017-05-12,0.0080520000,0.0000000000,0.0101760000,-0.0000720000,0.0001860000,-0.0076000000,-0.0072050000,-0.0151720000,0.0025710000
2017-05-15,0.0041420000,0.0011900000,0.0073600000,0.0026250000,-0.0014720000,0.0069780000,0.0110250000,-0.0039390000,0.0047620000
2017-05-16,0.0117860000,0.0225920000,0.0124700000,-0.0005330000,-0.0004990000,-0.0072530000,0.0132930000,-0.0032370000,0.0010940000
2017-05-17,-0.0066980000,0.0023260000,-0.0022410000,-0.0000160000,-0.0006410000,0.0060580000,0.0059360000,0.0133500000,0.0047340000
2017-05-18,-0.0043980000,-0.0058000000,-0.0040770000,0.0020710000,-0.0009990000,-0.0094300000,-0.0070790000,-0.0145950000,0.0076110000
2017-05-19,0.0017670000,-0.0023340000,0.0049980000,-0.0015890000,-0.0049980000,0.0057790000,0.0275660000,-0.0111980000,-0.0021580000
2017-05-22,0.0008820000,-0.0163740000,-0.0020290000,-0.0016640000,-0.0003520000,0.0135110000,-0.0042690000,0.0047470000,0.0007210000
2017-05-23,0.0044050000,-0.0309160000,0.0058230000,-0.0012920000,-0.0002930000,-0.0002900000,-0.0031640000,-0.0029100000,0.0068440000
2017-05-24,0.0000000000,0.0049080000,0.0007380000,-0.0004710000,-0.0017330000,-0.0017950000,-0.0126350000,-0.0032830000,-0.0107330000
2017-05-25,0.0213450000,0.0073260000,0.0113680000,0.0006710000,0.0003230000,0.0031210000,0.0083430000,-0.0003650000,0.0065100000
2017-05-26,-0.0017180000,0.0036360000,-0.0012350000,-0.0000160000,0.0001950000,-0.0008410000,-0.0052440000,-0.0117110000,-0.0010780000
2017-05-31,0.0005740000,0.0024150000,0.0022020000,0.0028260000,0.0033800000,-0.0179420000,-0.0254060000,-0.0322230000,-0.0046760000
2017-06-01,0.0022930000,-0.0349400000,0.0020430000,0.0008120000,0.0002840000,0.0026160000,0.0066770000,0.0061260000,0.0003610000
2017-06-02,-0.0025740000,0.0137330000,-0.0000430000,-0.0008910000,-0.0007780000,-0.0013180000,-0.0096250000,-0.0007590000,-0.0025290000
2017-06-05,-0.0065940000,0.0073890000,-0.0059420000,0.0019180000,0.0006970000,-0.0002540000,0.0163280000,0.0087530000,0.0123140000
2017-06-06,0.0077920000,0.0036670000,0.0027100000,-0.0011040000,0.0002620000,-0.0055410000,0.0072710000,0.0000000000,0.0057250000
2017-06-07,0.0137460000,0.0243610000,0.0107740000,-0.0032610000,0.0002620000,-0.0018200000,0.0122230000,0.0052800000,0.0017790000
2017-06-08,0.0070620000,-0.0023780000,0.0103220000,0.0022980000,0.0002690000,0.0081590000,0.0097550000,0.0078820000,-0.0042610000
2017-06-09,0.0061710000,0.0023840000,0.0064120000,0.0009390000,0.0011670000,0.0078870000,-0.0002290000,0.0003790000,-0.0096290000
2017-06-12,-0.0019510000,-0.0166470000,0.0032230000,0.0013600000,0.0046310000,0.0098680000,0.0068710000,-0.0033510000,-0.0043210000
2017-06-13,0.0019550000,0.0169290000,0.0050000000,0.0002140000,0.0034870000,-0.0114680000,0.0007650000,-0.0052340000,-0.0007230000
2017-06-14,-0.0100360000,-0.0011890000,-0.0167120000,0.0023670000,0.0025270000,0.0043480000,0.0094110000,0.0063860000,0.0039810000
2017-06-15,-0.0033790000,0.0166670000,-0.0059370000,0.0036130000,0.0005100000,-0.0048550000,-0.0086130000,-0.0059730000,-0.0079310000
2017-06-16,-0.0016950000,0.0000000000,-0.0100110000,-0.0000240000,0.0005690000,0.0012110000,0.0080200000,0.0086390000,0.0003630000
2017-06-19,0.0113220000,0.0046840000,0.0075710000,0.0038600000,-0.0007530000,0.0049100000,0.0121120000,0.0081860000,-0.0025430000
2017-06-20,-0.0030790000,-0.0023310000,-0.0026440000,0.0015960000,0.0029700000,0.0055060000,-0.0009120000,0.0007370000,-0.0032770000
2017-06-21,0.0126330000,0.0011680000,0.0121350000,-0.0023950000,-0.0012230000,-0.0068970000,-0.0042850000,-0.0055290000,0.0010960000
2017-06-22,0.0011090000,-0.0175030000,0.0028620000,-0.0018020000,-0.0026700000,0.0063420000,-0.0100300000,-0.0140960000,0.0051090000
2017-06-23,0.0096930000,0.0035630000,0.0106360000,-0.0007730000,-0.0021080000,0.0154450000,-0.0024820000,-0.0048960000,0.0018160000
2017-06-26,0.0123420000,0.0118340000,0.0085010000,0.0036140000,0.0005340000,-0.0013860000,-0.0061680000,0.0045430000,0.0010870000
2017-06-27,0.0005420000,-0.0023390000,0.0023970000,0.0015100000,0.0019480000,0.0017680000,0.0098010000,0.0022540000,-0.0057930000
2017-06-28,-0.0067700000,-0.0046890000,-0.0087610000,-0.0013190000,0.0000670000,0.0062370000,-0.0042240000,-0.0018740000,-0.0010920000
2017-06-29,0.0059980000,0.0035340000,0.0022890000,-0.0018160000,-0.0008060000,0.0083480000,0.0129040000,0.0026280000,-0.0021870000
2017-06-30,-0.0016260000,0.0035210000,-0.0000130000,-0.0015830000,-0.0012580000,0.0003990000,0.0074930000,-0.0037520000,-0.0087690000
2017-07-03,-0.0043430000,0.0093570000,-0.0050370000,-0.0009230000,-0.0004070000,0.0049790000,-0.0001050000,0.0470830000,-0.0047920000
2017-07-04,-0.0081790000,-0.0046350000,-0.0091430000,-0.0017760000,0.0004590000,-0.0124330000,-0.0082210000,0.0064760000,-0.0066670000
2017-07-05,0.0129190000,0.0093130000,0.0098230000,0.0004110000,-0.0007560000,0.0012680000,0.0252430000,-0.0021470000,0.0000000000
2017-07-06,-0.0008140000,0.0046140000,0.0032010000,0.0026960000,0.0022830000,-0.0028730000,0.0064660000,0.0082430000,0.0014910000
2017-07-07,-0.0005430000,0.0000000000,-0.0019540000,-0.0006540000,-0.0001630000,0.0034020000,-0.0011410000,0.0067500000,-0.0018620000
2017-07-10,0.0010870000,-0.0057410000,-0.0043270000,-0.0000080000,-0.0007030000,-0.0089110000,-0.0016340000,0.0299880000,-0.0134280000
2017-07-11,0.0081430000,-0.0127020000,0.0047750000,0.0000710000,0.0012440000,0.0087560000,0.0264880000,0.0037680000,0.0045370000
2017-07-12,-0.0059240000,-0.0011700000,-0.0060340000,0.0007650000,0.0013160000,0.0059770000,-0.0084940000,-0.0054570000,0.0037640000
2017-07-13,0.0102930000,0.0000000000,0.0018350000,0.0018840000,-0.0015950000,0.0037890000,0.0101180000,-0.0223090000,0.0033750000
2017-07-14,0.0067020000,-0.0023420000,0.0053080000,-0.0004960000,0.0013090000,-0.0057160000,0.0043290000,-0.0161480000,-0.0056050000
2017-07-17,-0.0135820000,-0.0551640000,-0.0088630000,0.0011730000,0.0003250000,0.0161120000,0.0141510000,0.0024990000,0.0090190000
2017-07-18,0.0005400000,0.0124220000,-0.0006280000,-0.0024850000,-0.0010630000,-0.0040730000,0.0029390000,0.0049860000,0.0029800000
2017-07-19,0.0207770000,0.0122700000,0.0130270000,-0.0001340000,-0.0006360000,0.0062950000,0.0009910000,0.0007070000,0.0011140000
2017-07-20,0.0047580000,0.0048480000,0.0073470000,0.0000870000,0.0003250000,-0.0058740000,-0.0072490000,0.0056570000,-0.0003710000
2017-07-21,-0.0049990000,0.0000000000,-0.0012430000,0.0007250000,-0.0022990000,0.0025500000,-0.0053830000,0.0095020000,0.0059370000
2017-07-24,0.0050240000,0.0072380000,0.0073400000,-0.0000950000,0.0009630000,-0.0006930000,-0.0092040000,-0.0223040000,0.0022130000
2017-07-25,-0.0076300000,0.0000000000,-0.0058360000,-0.0002760000,-0.0042050000,0.0149560000,0.0048840000,0.0210340000,0.0014720000
2017-07-26,-0.0055670000,-0.0011980000,-0.0070560000,-0.0016470000,-0.0047800000,0.0187640000,-0.0143150000,-0.0195550000,-0.0091880000
2017-07-27,0.0029330000,0.0167870000,0.0008950000,0.0003240000,-0.0013750000,0.0039770000,0.0002920000,0.0024950000,0.0114990000
2017-07-28,0.0037210000,0.0011790000,0.0013150000,0.0007810000,0.0012270000,-0.0034020000,-0.0121950000,0.0088630000,-0.0014670000
2017-07-31,0.0037080000,0.0070670000,-0.0000010000,-0.0011510000,-0.0018230000,0.0136300000,0.0213480000,-0.0014690000,0.0033050000
2017-08-01,0.0079160000,0.0000000000,0.0071330000,-0.0010260000,-0.0001050000,-0.0110830000,-0.0097050000,-0.0008450000,-0.0003660000
2017-08-02,0.0000000000,-0.0070180000,-0.0043740000,0.0006560000,0.0008760000,0.0011440000,-0.0022820000,-0.0142160000,-0.0007320000
2017-08-03,-0.0099480000,0.0035340000,-0.0112990000,0.0001420000,0.0001270000,-0.0006070000,-0.0072430000,-0.0132340000,-0.0036640000
2017-08-04,-0.0060810000,-0.0046950000,-0.0069900000,0.0006750000,0.0001270000,0.0090630000,0.0096900000,0.0028970000,0.0058850000
2017-08-07,0.0061190000,0.0094340000,0.0041400000,-0.0015800000,-0.0027440000,0.0029860000,-0.0006970000,0.0025350000,-0.0084100000
2017-08-08,0.0002640000,0.0035050000,0.0005410000,-0.0006640000,-0.0003750000,0.0024740000,0.0122800000,0.0158530000,-0.0014750000
2017-08-09,-0.0007930000,0.0023280000,-0.0001120000,-0.0000430000,-0.0002400000,0.0252500000,0.0249740000,0.0003550000,0.0029540000
2017-08-10,-0.0021160000,-0.0069690000,-0.0005670000,-0.0003170000,0.0000830000,-0.0097110000,0.0050730000,0.0031890000,0.0069960000
2017-08-11,-0.0190880000,-0.0163740000,-0.0141900000,0.0020680000,0.0019050000,-0.0141970000,-0.0145150000,-0.0367600000,0.0043880000
2017-08-14,0.0124320000,0.0344830000,0.0060840000,0.0019960000,0.0007710000,-0.0008390000,-0.0118840000,0.0033010000,0.0007280000
2017-08-15,0.0026700000,-0.0068970000,0.0031820000,0.0005660000,-0.0004190000,0.0038730000,-0.0030340000,-0.0021930000,-0.0072750000
2017-08-16,-0.0015970000,0.0057870000,-0.0030620000,-0.0010080000,-0.0013170000,0.0020350000,-0.0019880000,-0.0043960000,-0.0018320000
2017-08-17,0.0077330000,0.0080550000,0.0056890000,-0.0005370000,-0.0022480000,0.0299320000,0.0206800000,0.0033120000,0.0091780000
2017-08-18,0.0005290000,-0.0057080000,0.0029080000,0.0006990000,-0.0010740000,-0.0070180000,0.0035550000,0.0007330000,0.0018190000
2017-08-21,0.0042320000,0.0080370000,0.0012370000,-0.0012230000,-0.0062870000,0.0113520000,0.0038680000,0.0000000000,-0.0021790000
2017-08-22,0.0015800000,-0.0068340000,-0.0009430000,-0.0013220000,-0.0034280000,0.0059530000,0.0012990000,0.0043980000,-0.0003640000
2017-08-23,0.0026300000,-0.0057340000,0.0014540000,0.0006290000,0.0002730000,-0.0089690000,-0.0044210000,-0.0018240000,0.0007280000
2017-08-24,-0.0052450000,-0.0057670000,-0.0025740000,-0.0063920000,-0.0034310000,0.0072550000,0.0046260000,-0.0036550000,-0.0003640000
2017-08-25,0.0174000000,0.0104410000,0.0110740000,0.0032370000,0.0010060000,0.0107840000,0.0181790000,0.0040360000,0.0003640000
2017-08-28,0.0114020000,0.0068890000,0.0071650000,0.0017030000,-0.0014080000,-0.0037560000,-0.0043730000,0.0040270000,0.0054570000
2017-08-29,-0.0020500000,0.0000000000,-0.0034250000,-0.0020600000,-0.0007160000,-0.0021010000,0.0046700000,-0.0083780000,0.0101300000
2017-08-30,-0.0010270000,0.0045610000,-0.0017510000,0.0010420000,0.0006710000,0.0016530000,0.0107610000,-0.0058800000,-0.0111030000
2017-08-31,-0.0017990000,0.0034050000,-0.0054390000,0.0012110000,0.0007770000,0.0005980000,-0.0012390000,-0.0036920000,-0.0014490000
2017-09-01,0.0012870000,0.0090500000,-0.0005430000,-0.0013200000,0.0004490000,0.0050380000,0.0111850000,0.0029640000,0.0065290000
2017-09-04,0.0036000000,0.0067260000,0.0010440000,0.0001200000,-0.0019560000,0.0052560000,0.0049590000,0.0077660000,0.0090090000
2017-09-05,0.0035870000,-0.0033410000,0.0010350000,-0.0000800000,-0.0023790000,0.0047280000,0.0036000000,0.0003670000,-0.0021430000
2017-09-06,-0.0030640000,0.0089390000,-0.0031200000,0.0000100000,-0.0006960000,-0.0149980000,-0.0072460000,0.0036650000,0.0017900000
2017-09-07,-0.0043530000,-0.0044300000,0.0010810000,-0.0004910000,0.0013620000,-0.0067710000,-0.0026580000,0.0018330000,-0.0035730000
2017-09-08,-0.0010290000,0.0022250000,-0.0019220000,0.0013920000,0.0019250000,-0.0176410000,0.0018430000,-0.0091190000,0.0039440000
2017-09-11,0.0015450000,0.0122090000,0.0018630000,0.0003700000,-0.0023870000,0.0000980000,0.0044580000,0.0029430000,-0.0039290000
2017-09-12,0.0025710000,-0.0021930000,0.0009320000,-0.0003600000,-0.0010850000,0.0057430000,0.0154460000,-0.0011000000,-0.0043030000
2017-09-13,0.0007690000,0.0021980000,0.0022080000,0.0003300000,-0.0002450000,-0.0070540000,-0.0123580000,-0.0117560000,0.0010800000
2017-09-14,-0.0033310000,-0.0043860000,0.0001590000,0.0001400000,0.0011940000,-0.0124970000,0.0036310000,0.0085520000,-0.0025180000
2017-09-15,0.0015420000,-0.0011010000,-0.0006100000,0.0018600000,-0.0011010000,-0.0050280000,-0.0110490000,0.0092090000,0.0050490000
2017-09-18,0.0038500000,0.0077180000,0.0015490000,0.0008080000,-0.0016990000,0.0111320000,-0.0062360000,0.0011020000,-0.0078940000
2017-09-19,-0.0063920000,-0.0032820000,-0.0008640000,-0.0015460000,-0.0010810000,0.0001640000,0.0103330000,-0.0040180000,0.0000000000
2017-09-20,0.0046320000,0.0076840000,0.0009840000,0.0010390000,0.0000310000,0.0131810000,0.0040060000,0.0000000000,0.0003620000
2017-09-21,0.0002560000,-0.0119830000,-0.0016640000,0.0005490000,0.0010670000,-0.0137250000,-0.0291870000,0.0040340000,-0.0090380000
2017-09-22,-0.0028170000,-0.0022050000,0.0030060000,0.0017350000,0.0031350000,-0.0190310000,-0.0021880000,0.0178730000,0.0007300000
2017-09-25,-0.0041090000,-0.0154700000,-0.0031080000,0.0009160000,0.0024150000,0.0117820000,0.0046830000,0.0068130000,0.0000000000
2017-09-26,0.0005160000,0.0011220000,0.0002320000,-0.0020490000,-0.0010750000,0.0081190000,-0.0001800000,-0.0078340000,0.0134890000
2017-09-27,0.0007730000,0.0089690000,0.0005170000,-0.0002490000,-0.0019690000,0.0007090000,0.0052550000,-0.0014340000,-0.0086330000
2017-09-28,0.0015450000,-0.0055560000,-0.0009400000,0.0011260000,-0.0000310000,-0.0043670000,-0.0127220000,-0.0075480000,-0.0065310000
2017-09-29,0.0033430000,0.0100560000,0.0020080000,-0.0041620000,-0.0007420000,0.0177820000,0.0070780000,-0.0119480000,0.0058440000
2017-10-09,0.0105070000,0.0132740000,0.0121230000,0.0012600000,0.0013700000,0.0115070000,-0.0168550000,0.0194230000,-0.0058100000
2017-10-10,0.0012680000,0.0087340000,0.0010420000,0.0006390000,0.0000000000,-0.0087830000,-0.0086370000,-0.0028740000,0.0003650000
2017-10-11,0.0037990000,-0.0043290000,0.0036790000,-0.0020560000,0.0012300000,0.0065490000,-0.0074500000,-0.0036100000,-0.0018250000
2017-10-12,0.0042900000,-0.0032610000,0.0017000000,-0.0000400000,-0.0020000000,0.0120150000,0.0004050000,0.0018080000,0.0036580000
2017-10-13,0.0020100000,0.0032720000,0.0038440000,-0.0007600000,0.0003290000,0.0066320000,0.0156310000,0.0310600000,0.0010930000
2017-10-16,-0.0035110000,-0.0195650000,-0.0028410000,-0.0001300000,-0.0016210000,0.0182000000,0.0108930000,-0.0010500000,0.0040040000
2017-10-17,-0.0005030000,0.0000000000,-0.0005610000,-0.0030030000,-0.0029790000,-0.0051070000,-0.0034990000,-0.0035040000,-0.0043510000
2017-10-18,0.0060420000,-0.0088690000,0.0084890000,0.0004920000,0.0000000000,-0.0060530000,0.0046790000,-0.0017580000,-0.0047340000
2017-10-19,-0.0027530000,-0.0078300000,0.0010410000,0.0018670000,0.0009370000,-0.0041260000,-0.0156330000,0.0049320000,-0.0018290000
2017-10-20,-0.0005020000,0.0090190000,0.0028700000,-0.0009520000,0.0003070000,0.0122180000,0.0236000000,0.0003510000,0.0003670000
2017-10-23,0.0030130000,0.0055870000,0.0024310000,-0.0004110000,-0.0002300000,-0.0117880000,-0.0050240000,-0.0059640000,-0.0036640000
2017-10-24,0.0065080000,-0.0066670000,0.0049670000,-0.0003210000,-0.0001380000,0.0142050000,-0.0053570000,-0.0045830000,0.0033100000
2017-10-25,0.0032330000,0.0055930000,0.0043080000,-0.0000800000,-0.0012890000,-0.0115480000,-0.0036440000,0.0028330000,-0.0040320000
2017-10-26,0.0071890000,0.0066740000,0.0001320000,-0.0005220000,-0.0020440000,0.0052930000,0.0012980000,-0.0045910000,0.0033120000
2017-10-27,0.0049220000,-0.0066300000,0.0052610000,-0.0000800000,-0.0015320000,-0.0176470000,-0.0054420000,-0.0071020000,-0.0058690000
2017-10-30,-0.0044090000,-0.0244720000,-0.0032640000,-0.0020080000,-0.0067090000,-0.0038340000,0.0016370000,0.0021440000,0.0000000000
2017-10-31,-0.0007380000,0.0057010000,-0.0048090000,-0.0001410000,-0.0000850000,0.0086660000,-0.0119040000,-0.0039220000,0.0022140000
2017-11-01,-0.0034470000,0.0011340000,-0.0081820000,0.0001410000,-0.0013740000,0.0132220000,0.0040270000,0.0017900000,-0.0029460000
2017-11-02,0.0017290000,-0.0090600000,-0.0001320000,-0.0010060000,0.0011660000,-0.0009910000,0.0091700000,0.0014290000,0.0007390000
2017-11-03,-0.0027130000,-0.0091430000,-0.0054420000,-0.0010070000,-0.0000310000,0.0027570000,0.0002790000,0.0028610000,0.0014760000
2017-11-06,0.0089020000,0.0080740000,0.0049970000,0.0001410000,0.0009010000,0.0065930000,0.0206910000,-0.0089010000,-0.0029480000
2017-11-07,0.0098040000,0.0057210000,0.0067360000,0.0000100000,-0.0011870000,-0.0037910000,0.0041030000,0.0035900000,0.0048040000
2017-11-08,-0.0021840000,0.0034130000,0.0012310000,-0.0001510000,-0.0001480000,-0.0169480000,0.0040860000,0.0035840000,0.0014710000
2017-11-09,0.0075410000,0.0045350000,0.0031250000,-0.0010280000,-0.0002720000,-0.0059020000,0.0053010000,0.0053460000,0.0033050000
2017-11-10,0.0089330000,0.0045150000,0.0047820000,-0.0042580000,-0.0000310000,0.0066230000,0.0018890000,-0.0088700000,0.0010980000
2017-11-13,0.0021540000,0.0011240000,0.0037340000,0.0002430000,-0.0041810000,0.0030520000,0.0115820000,0.0143150000,-0.0025590000
2017-11-14,-0.0076410000,-0.0078560000,-0.0038870000,0.0028370000,-0.0007260000,0.0015710000,0.0132830000,-0.0049370000,-0.0018330000
2017-11-15,-0.0072180000,-0.0067870000,-0.0021130000,-0.0069910000,0.0022810000,-0.0237450000,-0.0151900000,0.0042530000,0.0029380000
2017-11-16,0.0094520000,-0.0022780000,0.0031150000,-0.0029300000,0.0009430000,-0.0008900000,-0.0065890000,0.0102410000,-0.0025630000
2017-11-17,0.0012000000,-0.0616440000,0.0047390000,0.0018670000,-0.0005760000,-0.0012160000,0.0087500000,-0.0038420000,0.0025700000
2017-11-20,0.0079140000,0.0328470000,0.0045160000,0.0003060000,0.0014880000,0.0020320000,0.0123710000,0.0164880000,0.0040280000
2017-11-21,0.0197480000,-0.0011780000,0.0092730000,0.0001830000,-0.0004900000,0.0040440000,-0.0015170000,0.0082860000,-0.0065650000
2017-11-22,-0.0002330000,0.0000000000,0.0013760000,-0.0018630000,-0.0042180000,0.0116310000,-0.0036880000,-0.0065010000,-0.0007340000
2017-11-23,-0.0317390000,-0.0212260000,-0.0243680000,0.0084860000,0.0005940000,-0.0075610000,0.0000100000,-0.0017290000,0.0014700000
2017-11-24,0.0009640000,0.0024100000,0.0002150000,-0.0068770000,0.0012570000,0.0114450000,0.0042000000,0.0047670000,0.0003670000
2017-11-27,-0.0161330000,-0.0120190000,-0.0066580000,0.0050610000,0.0011310000,-0.0130400000,-0.0019340000,-0.0063720000,0.0007330000
2017-11-28,0.0046500000,0.0170320000,-0.0004330000,-0.0060490000,-0.0000310000,-0.0092610000,-0.0013290000,0.0023010000,0.0025650000
2017-11-29,-0.0009740000,0.0011960000,-0.0020100000,-0.0065850000,-0.0015350000,-0.0049360000,0.0031090000,-0.0034470000,0.0000000000
2017-11-30,-0.0114610000,-0.0035840000,-0.0091960000,0.0037760000,0.0006630000,-0.0031980000,0.0028360000,-0.0019230000,-0.0065790000
2017-12-01,0.0007400000,0.0071940000,-0.0022830000,0.0017790000,0.0012710000,0.0004390000,0.0167440000,-0.0056770000,-0.0055190000
2017-12-04,0.0041900000,-0.0119050000,0.0026000000,-0.0000310000,0.0005220000,0.0129970000,0.0171840000,0.0253560000,-0.0014800000
2017-12-05,0.0061360000,-0.0228920000,0.0054100000,0.0000100000,0.0007630000,-0.0158520000,-0.0026460000,-0.0024410000,0.0011120000
2017-12-06,-0.0075630000,0.0098640000,-0.0070000000,-0.0014690000,0.0007160000,-0.0194510000,0.0015570000,0.0167600000,-0.0055510000
2017-12-07,-0.0113080000,-0.0012210000,-0.0077140000,0.0015530000,0.0003190000,-0.0051020000,-0.0277040000,-0.0109870000,-0.0059550000
2017-12-08,0.0096970000,0.0036670000,0.0028560000,-0.0020410000,0.0003960000,0.0083920000,0.0203800000,-0.0017350000,-0.0067390000
2017-12-11,0.0164980000,0.0133980000,0.0091820000,0.0000310000,-0.0015070000,-0.0074910000,-0.0067200000,-0.0086980000,0.0007540000
2017-12-12,-0.0157460000,-0.0120190000,-0.0106950000,0.0009710000,0.0004590000,0.0139900000,0.0103070000,-0.0021030000,-0.0018830000
2017-12-13,0.0071380000,0.0097320000,0.0061890000,0.0005010000,-0.0001560000,0.0032920000,0.0025140000,-0.0007070000,0.0003770000
2017-12-14,-0.0031770000,0.0024100000,-0.0016700000,-0.0004700000,-0.0002800000,-0.0020970000,-0.0123310000,-0.0066830000,0.0086760000
2017-12-15,-0.0132390000,-0.0024040000,-0.0091400000,-0.0010420000,0.0006460000,0.0098650000,0.0035400000,-0.0042530000,-0.0014960000
2017-12-18,0.0002480000,-0.0072290000,-0.0026110000,0.0010120000,0.0001240000,0.0168660000,0.0182410000,0.0014240000,0.0011240000
2017-12-19,0.0131640000,0.0060680000,0.0116840000,-0.0005110000,-0.0011350000,-0.0020910000,0.0013300000,0.0010680000,0.0044890000
2017-12-20,-0.0022060000,-0.0096500000,-0.0035890000,0.0030660000,-0.0001710000,0.0069570000,0.0029950000,-0.0049670000,-0.0026070000
2017-12-21,0.0122850000,0.0000000000,0.0085830000,-0.0000200000,-0.0000620000,0.0049170000,-0.0069280000,-0.0049980000,-0.0003730000
2017-12-22,-0.0046120000,-0.0012180000,-0.0016950000,0.0000710000,0.0011680000,0.0031520000,-0.0004670000,-0.0014340000,0.0000000000
2017-12-25,-0.0046330000,-0.0121950000,0.0006490000,0.0000510000,-0.0025190000,0.0003760000,-0.0067170000,0.0028730000,0.0063500000
2017-12-26,0.0029400000,0.0086420000,0.0060450000,0.0009170000,-0.0007950000,0.0066420000,0.0104280000,0.0093060000,0.0000000000
2017-12-27,-0.0166100000,-0.0024480000,-0.0090440000,-0.0013940000,-0.0038920000,-0.0042820000,-0.0142680000,0.0014190000,0.0025980000
2017-12-28,0.0091900000,-0.0012270000,0.0059800000,-0.0108340000,-0.0017930000,0.0167270000,-0.0020270000,-0.0063730000,0.0022210000
2017-12-29,0.0032000000,0.0098280000,0.0057090000,0.0109840000,0.0016400000,-0.0025150000,0.0012720000,-0.0160350000,0.0003690000
2018-01-02,0.0147200000,0.0109490000,0.0130190000,0.0008560000,0.0011750000,0.0017470000,0.0121810000,0.0014490000,0.0081240000
2018-01-03,0.0053190000,0.0084240000,0.0046100000,-0.0004070000,-0.0023230000,-0.0045300000,-0.0028600000,0.0028870000,0.0018320000
2018-01-04,0.0031270000,0.0000000000,0.0037900000,0.0000100000,0.0005490000,0.0054300000,0.0138250000,-0.0010770000,-0.0021940000
2018-01-05,0.0038360000,0.0011930000,0.0110960000,-0.0008460000,0.0014340000,-0.0026450000,0.0006350000,0.0018040000,0.0040310000
2018-01-08,0.0040600000,0.0011920000,0.0113490000,-0.0009380000,0.0012290000,-0.0049430000,0.0146090000,-0.0028840000,0.0000000000
2018-01-09,0.0080880000,-0.0011900000,0.0023220000,0.0014080000,0.0002340000,0.0065100000,-0.0021420000,0.0032520000,0.0025550000
2018-01-10,0.0042470000,-0.0047680000,0.0028250000,-0.0012230000,0.0004690000,-0.0019120000,0.0022130000,-0.0028830000,-0.0040040000
2018-01-11,-0.0014100000,0.0059880000,-0.0040210000,-0.0026730000,-0.0000700000,0.0062820000,-0.0014220000,-0.0050560000,0.0058480000
2018-01-12,0.0054120000,-0.0047620000,0.0048300000,0.0001330000,0.0005230000,-0.0060170000,-0.0059800000,-0.0090800000,0.0036340000
2018-01-15,-0.0018720000,-0.0275120000,0.0013400000,0.0004600000,-0.0001010000,0.0028510000,-0.0012320000,0.0102650000,0.0014480000
2018-01-16,0.0100820000,0.0024600000,0.0163510000,0.0006030000,-0.0002810000,-0.0142860000,-0.0110620000,-0.0010900000,-0.0014460000
2018-01-17,-0.0030180000,-0.0012270000,-0.0031520000,-0.0022990000,-0.0001640000,-0.0078470000,-0.0006090000,0.0058120000,-0.0021720000
2018-01-18,0.0065190000,0.0000000000,0.0016760000,0.0006960000,0.0003280000,0.0005290000,0.0069170000,-0.0010850000,-0.0058060000
2018-01-19,0.0027760000,-0.0036860000,-0.0021990000,0.0030190000,0.0001720000,0.0036120000,-0.0012490000,0.0046980000,-0.0025550000
2018-01-22,0.0126870000,0.0147970000,0.0091750000,0.0046840000,0.0000860000,0.0049120000,0.0076760000,0.0021560000,0.0000000000
2018-01-23,0.0101290000,-0.0012150000,0.0076750000,-0.0020920000,0.0008510000,0.0013670000,0.0041050000,-0.0007150000,0.0036590000
2018-01-24,0.0006840000,0.0121650000,0.0013400000,0.0000000000,-0.0000310000,-0.0136180000,0.0062080000,-0.0093400000,0.0040100000
2018-01-25,-0.0063770000,-0.0024040000,-0.0056360000,-0.0044170000,-0.0003670000,0.0238280000,0.0061410000,0.0083380000,0.0043570000
2018-01-26,0.0050420000,-0.0024100000,0.0085800000,0.0021570000,0.0014360000,-0.0062160000,-0.0004230000,-0.0035940000,-0.0068690000
2018-01-29,-0.0189280000,-0.0108700000,-0.0115650000,-0.0001730000,-0.0000550000,0.0105840000,0.0056650000,0.0133490000,-0.0047320000
2018-01-30,-0.0102280000,-0.0024420000,-0.0114290000,-0.0015200000,0.0006860000,-0.0128060000,-0.0117610000,-0.0014180000,-0.0084130000
2018-01-31,0.0030530000,-0.0244800000,0.0015740000,0.0019620000,0.0001640000,0.0001500000,-0.0029490000,0.0039190000,0.0014750000
2018-02-01,-0.0070240000,-0.0388960000,-0.0092380000,-0.0008870000,0.0004520000,-0.0038720000,-0.0047690000,-0.0056860000,-0.0018420000
2018-02-02,0.0061310000,-0.0065270000,0.0058090000,0.0020620000,-0.0001630000,0.0099220000,-0.0009620000,-0.0114310000,0.0007380000
2018-02-05,-0.0009370000,-0.0026280000,0.0067540000,0.0000200000,0.0009030000,-0.0082800000,0.0044240000,0.0007270000,-0.0106930000
2018-02-06,-0.0281490000,-0.0474310000,-0.0282230000,-0.0017220000,-0.0002180000,-0.0065090000,-0.0037120000,-0.0018120000,0.0078270000
2018-02-07,-0.0236540000,0.0000000000,-0.0221330000,0.0020410000,0.0007470000,0.0010650000,-0.0035640000,0.0148380000,-0.0129440000
2018-02-08,-0.0081580000,0.0138310000,-0.0077980000,0.0014360000,0.0013910000,-0.0125410000,-0.0070190000,0.0003550000,-0.0037470000
2018-02-09,-0.0461120000,-0.0313780000,-0.0433140000,0.0005900000,0.0009000000,-0.0099340000,-0.0030430000,-0.0017810000,0.0048890000
2018-02-12,0.0143720000,0.0295770000,0.0103810000,-0.0015140000,0.0037760000,0.0027810000,-0.0124420000,0.0142800000,0.0007490000
2018-02-13,0.0121070000,0.0027360000,0.0107090000,0.0003160000,0.0005790000,0.0074230000,0.0015160000,0.0007010000,0.0048620000
2018-02-14,0.0089080000,0.0027290000,0.0037220000,0.0061960000,0.0009730000,0.0132920000,0.0062310000,0.0049300000,0.0074430000
2018-02-22,0.0206860000,0.0149660000,0.0225020000,-0.0029430000,0.0009020000,-0.0032590000,0.0106960000,0.0357000000,-0.0084960000
2018-02-23,0.0054370000,0.0013400000,0.0050420000,0.0000000000,0.0003240000,0.0147020000,0.0063770000,-0.0006790000,0.0033530000
2018-02-26,0.0127830000,0.0240960000,0.0067080000,0.0075560000,0.0031200000,0.0013970000,-0.0060600000,0.0050770000,0.0048270000
2018-02-27,-0.0143200000,0.0065360000,-0.0109700000,0.0015600000,0.0017200000,-0.0007380000,-0.0015460000,0.0000000000,-0.0048040000
2018-02-28,-0.0100960000,0.0012990000,-0.0069380000,-0.0003320000,0.0040400000,-0.0106210000,-0.0017690000,0.0121120000,-0.0074270000
2018-03-01,0.0072140000,0.0142670000,0.0021080000,-0.0007540000,0.0004350000,-0.0035670000,-0.0048930000,0.0152960000,-0.0011220000
2018-03-02,-0.0066680000,-0.0038360000,-0.0014720000,-0.0010060000,-0.0009920000,-0.0052360000,0.0015000000,0.0245570000,0.0048690000
2018-03-05,-0.0022380000,0.0051350000,-0.0010680000,-0.0009160000,-0.0009020000,-0.0088560000,-0.0076650000,-0.0028760000,0.0029820000
2018-03-06,0.0149510000,0.0102170000,0.0135760000,0.0005440000,0.0005740000,0.0052080000,-0.0029900000,0.0009570000,-0.0014860000
2018-03-07,-0.0081020000,-0.0075850000,-0.0040090000,-0.0005540000,0.0002600000,-0.0031680000,-0.0046500000,-0.0019190000,0.0048380000
2018-03-08,0.0101490000,0.0063690000,0.0066980000,-0.0012900000,0.0010930000,-0.0086610000,-0.0051430000,-0.0006390000,-0.0022220000
2018-03-09,0.0073510000,0.0189870000,0.0040510000,0.0000810000,0.0003360000,-0.0114160000,-0.0054260000,-0.0057840000,-0.0059390000
2018-03-12,0.0029190000,0.0124220000,0.0027040000,0.0001210000,0.0026020000,0.0145950000,-0.0014190000,-0.0138790000,0.0003730000
2018-03-13,-0.0106720000,-0.0049080000,-0.0079440000,-0.0004240000,0.0005860000,-0.0034350000,0.0024740000,0.0019620000,0.0000000000
2018-03-14,-0.0034320000,-0.0123300000,-0.0026950000,-0.0007270000,-0.0009350000,0.0095570000,0.0020210000,0.0016330000,0.0011200000
2018-03-15,0.0073800000,-0.0012480000,-0.0008640000,0.0004140000,0.0008070000,-0.0036410000,0.0001480000,-0.0090950000,-0.0011190000
2018-03-16,-0.0109890000,0.0012500000,-0.0029240000,0.0001110000,0.0003580000,0.0013520000,-0.0052110000,0.0117430000,-0.0029860000
2018-03-19,0.0054320000,0.0000000000,-0.0015720000,0.0014140000,0.0009730000,-0.0097870000,0.0017890000,-0.0140330000,-0.0041180000
2018-03-20,-0.0004910000,-0.0012480000,-0.0030060000,0.0003030000,0.0025300000,0.0005050000,-0.0086520000,-0.0047490000,0.0037590000
2018-03-21,-0.0051600000,-0.0050000000,-0.0024200000,-0.0001610000,0.0016670000,-0.0124360000,-0.0036030000,0.0047710000,0.0000000000
2018-03-22,-0.0088910000,-0.0025130000,-0.0070460000,0.0020770000,0.0019140000,0.0116840000,0.0007630000,0.0023320000,0.0082400000
2018-03-23,-0.0296540000,-0.0503780000,-0.0279230000,0.0060370000,0.0086220000,-0.0219130000,-0.0206060000,0.0153370000,0.0107730000
2018-03-26,-0.0046220000,0.0132630000,-0.0052630000,-0.0029000000,-0.0005610000,-0.0149520000,0.0064870000,0.0144470000,-0.0011030000
2018-03-27,0.0090300000,0.0301050000,0.0057510000,-0.0014040000,-0.0007190000,0.0111910000,-0.0066180000,-0.0106840000,-0.0007360000
2018-03-28,-0.0201990000,-0.0076240000,-0.0168860000,0.0010850000,0.0014840000,-0.0075050000,-0.0054430000,-0.0042520000,-0.0051550000
2018-03-29,0.0182670000,0.0076820000,0.0175080000,-0.0033810000,0.0011900000,0.0118270000,0.0001130000,-0.0085400000,-0.0118430000
2018-03-30,-0.0015380000,0.0152480000,-0.0038610000,0.0023560000,0.0009120000,0.0060230000,0.0082640000,0.0463890000,0.0011240000
2018-04-02,-0.0033370000,0.0050060000,-0.0025280000,0.0020490000,0.0016730000,0.0052700000,-0.0084520000,0.0015820000,0.0014960000
2018-04-03,-0.0064380000,-0.0112080000,-0.0076490000,0.0001100000,0.0017670000,-0.0006290000,-0.0061840000,-0.0006340000,0.0070970000
2018-04-04,-0.0025920000,-0.0062970000,-0.0000380000,0.0009920000,0.0013320000,-0.0030830000,-0.0030800000,0.0196140000,-0.0018550000
2018-04-09,0.0012990000,0.0000000000,-0.0000400000,0.0034740000,0.0077380000,0.0020080000,0.0016750000,0.0322680000,-0.0014860000
2018-04-10,0.0194650000,0.0012670000,0.0132220000,-0.0007480000,-0.0011800000,0.0071010000,0.0059930000,-0.0228430000,0.0003720000
2018-04-11,0.0012730000,0.0075950000,0.0036430000,0.0009980000,-0.0004730000,0.0006250000,0.0013110000,-0.0012280000,0.0066960000
2018-04-12,-0.0104250000,-0.0050250000,-0.0071970000,0.0004490000,0.0002590000,-0.0085700000,-0.0001240000,-0.0083150000,0.0029560000
2018-04-13,-0.0069370000,-0.0025250000,-0.0043170000,-0.0000600000,-0.0007530000,0.0026820000,0.0017020000,0.0027910000,-0.0058950000
2018-04-16,-0.0157830000,0.0000000000,-0.0151940000,0.0010970000,0.0035330000,0.0019680000,0.0084620000,-0.0083610000,0.0014830000
2018-04-17,-0.0147210000,-0.0215190000,-0.0116220000,0.0029780000,-0.0006190000,0.0051500000,0.0149550000,0.0196760000,0.0029610000
2018-04-18,0.0021340000,0.0142300000,0.0044620000,0.0029990000,0.0226780000,0.0065340000,0.0110130000,-0.0113280000,-0.0018450000
2018-04-19,0.0141110000,0.0025510000,0.0058860000,0.0059310000,0.0020900000,0.0188390000,0.0041880000,-0.0043370000,0.0025880000
2018-04-20,-0.0154900000,-0.0190840000,-0.0144710000,0.0002070000,0.0007260000,-0.0145380000,-0.0108380000,0.0055980000,-0.0040560000
2018-04-23,0.0042670000,-0.0116730000,-0.0031760000,-0.0002070000,-0.0050810000,0.0072250000,0.0166250000,-0.0083530000,-0.0048130000
2018-04-24,0.0209770000,0.0209970000,0.0216270000,0.0009840000,-0.0022030000,-0.0113540000,0.0048170000,-0.0034300000,-0.0022320000
2018-04-25,-0.0059820000,0.0025710000,-0.0036370000,-0.0009830000,-0.0013100000,-0.0018250000,-0.0122460000,0.0025000000,-0.0011190000
2018-04-26,-0.0198850000,-0.0153850000,-0.0125260000,0.0000000000,-0.0016740000,-0.0019000000,-0.0026400000,-0.0081180000,0.0003730000
2018-04-27,0.0021360000,-0.0026040000,-0.0015140000,0.0000000000,-0.0018300000,0.0042900000,0.0040900000,-0.0025200000,-0.0018660000
2018-05-02,0.0031970000,-0.0013050000,0.0063430000,-0.0050100000,-0.0039720000,-0.0030990000,0.0040540000,0.0183100000,-0.0033640000
2018-05-03,0.0058420000,0.0078430000,0.0083900000,0.0001880000,0.0022860000,-0.0022090000,-0.0019350000,-0.0006220000,0.0003750000
2018-05-04,-0.0047520000,0.0000000000,-0.0011750000,0.0007520000,-0.0005680000,0.0001880000,0.0089310000,-0.0055810000,0.0011250000
2018-05-07,0.0161800000,0.0155640000,0.0164750000,0.0001680000,-0.0013340000,0.0035630000,0.0105680000,-0.0152840000,0.0022470000
2018-05-08,0.0130510000,0.0038310000,0.0099840000,-0.0018970000,-0.0017520000,0.0009640000,-0.0034920000,-0.0215380000,-0.0014950000
2018-05-09,-0.0028340000,-0.0012720000,-0.0003290000,-0.0023860000,-0.0027640000,-0.0086060000,-0.0057430000,0.0055000000,-0.0007490000
2018-05-10,0.0067180000,0.0063690000,0.0061230000,-0.0016870000,0.0011950000,0.0023100000,0.0123560000,0.0028990000,0.0011240000
2018-05-11,-0.0059030000,-0.0075950000,-0.0051270000,0.0009940000,-0.0006300000,0.0042040000,0.0095260000,-0.0131620000,0.0007480000
2018-05-14,0.0087790000,-0.0089290000,0.0047460000,-0.0049060000,0.0005570000,0.0056400000,0.0052790000,-0.0143160000,-0.0003740000
2018-05-15,0.0038390000,0.0102960000,0.0040530000,0.0019460000,0.0009890000,-0.0004860000,0.0076710000,-0.0006620000,-0.0048620000
2018-05-16,-0.0081590000,-0.0050960000,-0.0061780000,0.0009860000,-0.0020860000,-0.0006510000,0.0061660000,-0.0188190000,-0.0093950000
2018-05-17,-0.0084830000,-0.0038410000,-0.0025290000,0.0009950000,0.0002350000,-0.0001610000,-0.0028290000,0.0016810000,-0.0045520000
2018-05-18,0.0108890000,0.0038560000,0.0060290000,0.0000000000,0.0006600000,0.0069370000,-0.0049580000,-0.0050410000,0.0007620000
2018-05-21,0.0048730000,0.0089630000,0.0040710000,0.0009940000,0.0003220000,0.0006820000,-0.0049350000,-0.0016870000,-0.0019040000
2018-05-22,-0.0040840000,0.0050760000,-0.0008080000,0.0019860000,0.0043140000,-0.0017150000,-0.0118140000,0.0006780000,0.0026710000
2018-05-23,-0.0130700000,-0.0088380000,-0.0110370000,0.0000000000,0.0009410000,0.0047080000,-0.0179670000,0.0074320000,0.0011420000
2018-05-24,-0.0080500000,-0.0038220000,-0.0063170000,0.0024080000,0.0011880000,-0.0022870000,0.0041100000,0.0214780000,0.0057010000
2018-05-25,-0.0023560000,-0.0127880000,-0.0000430000,-0.0006130000,0.0026130000,0.0037400000,-0.0036250000,-0.0065700000,0.0045350000
2018-05-28,0.0062980000,-0.0077720000,0.0050650000,0.0047290000,0.0022360000,0.0040040000,0.0113640000,0.0039670000,-0.0037620000
2018-05-29,-0.0093870000,-0.0065270000,-0.0021980000,0.0007380000,0.0005290000,0.0081620000,0.0089290000,0.0131800000,0.0033990000
2018-05-30,-0.0189520000,-0.0302230000,-0.0191730000,0.0016330000,0.0004050000,-0.0133130000,-0.0023740000,-0.0100810000,0.0030110000
2018-05-31,0.0203920000,0.0135500000,0.0201610000,-0.0000880000,0.0009410000,0.0131870000,0.0047490000,-0.0082080000,0.0003750000
2018-06-01,-0.0068370000,-0.0106950000,-0.0075830000,-0.0008550000,0.0010630000,0.0017590000,0.0137090000,0.0029760000,-0.0026260000
2018-06-04,0.0097960000,0.0013510000,0.0092110000,-0.0006100000,-0.0017980000,0.0032900000,-0.0042370000,0.0042910000,-0.0048890000
2018-06-05,0.0083900000,0.0094470000,0.0075440000,-0.0021450000,-0.0026040000,0.0095200000,-0.0044640000,-0.0101870000,-0.0018900000
2018-06-06,-0.0018200000,-0.0026740000,-0.0015490000,0.0004140000,-0.0021180000,0.0135100000,-0.0017460000,0.0006660000,0.0026510000
2018-06-07,-0.0002600000,-0.0026810000,-0.0023990000,-0.0019610000,-0.0003340000,0.0073000000,0.0110760000,-0.0092930000,-0.0003780000
2018-06-08,-0.0132880000,-0.0120970000,-0.0156520000,-0.0015600000,-0.0003780000,-0.0110240000,-0.0010400000,-0.0308220000,-0.0003780000
2018-06-11,0.0026410000,-0.0054420000,-0.0021530000,0.0025020000,0.0014550000,0.0063330000,-0.0043430000,0.0044930000,0.0022680000
2018-06-12,0.0100080000,0.0041040000,0.0147480000,-0.0001780000,-0.0019170000,-0.0024240000,0.0165160000,0.0013740000,-0.0011310000
2018-06-13,-0.0101690000,-0.0136240000,-0.0052690000,-0.0023980000,0.0009310000,-0.0092770000,-0.0072550000,0.0103110000,-0.0007550000
2018-06-14,-0.0026340000,-0.0055250000,-0.0036640000,0.0005930000,0.0020210000,0.0007070000,0.0001880000,0.0023810000,0.0045330000
2018-06-15,-0.0015850000,-0.0208330000,-0.0071330000,0.0009890000,0.0036570000,-0.0007720000,0.0139910000,-0.0040700000,0.0011280000
2018-06-19,-0.0343920000,-0.0723400000,-0.0384740000,-0.0015600000,0.0014100000,-0.0280930000,-0.0226000000,0.0405460000,-0.0086400000
2018-06-20,0.0000000000,0.0152910000,0.0032320000,0.0019490000,-0.0001520000,0.0045900000,0.0055000000,-0.0032770000,-0.0030310000
2018-06-21,-0.0082190000,-0.0225900000,-0.0094410000,0.0029620000,0.0009390000,-0.0008540000,-0.0080400000,-0.0105100000,-0.0034210000
2018-06-22,0.0044200000,0.0138670000,0.0010430000,0.0018500000,0.0021420000,0.0031380000,-0.0003620000,-0.0146100000,0.0041950000
2018-06-25,-0.0140260000,-0.0045590000,-0.0085480000,0.0020830000,-0.0015400000,-0.0053890000,0.0010290000,0.0121310000,0.0026590000
2018-06-26,-0.0097630000,0.0076340000,-0.0110280000,-0.0009800000,0.0011100000,-0.0032440000,-0.0082810000,0.0179750000,0.0007580000
2018-06-27,-0.0236620000,-0.0075760000,-0.0107960000,-0.0029340000,0.0009510000,0.0014900000,0.0100580000,0.0222360000,0.0003790000
2018-06-28,-0.0057700000,-0.0106870000,-0.0149760000,0.0029430000,0.0027840000,0.0060100000,0.0110600000,-0.0022390000,-0.0026490000
2018-06-29,0.0264070000,0.0324070000,0.0235590000,0.0029440000,0.0060050000,0.0028980000,0.0087780000,0.0067330000,0.0026560000
2018-07-02,-0.0265760000,-0.0164420000,-0.0304420000,0.0019180000,0.0036730000,-0.0108700000,-0.0092700000,0.0119080000,0.0018920000
2018-07-03,-0.0037760000,0.0106380000,0.0012970000,0.0039060000,0.0019820000,0.0043370000,0.0029060000,-0.0115130000,0.0003780000
2018-07-04,-0.0104960000,-0.0150380000,-0.0101910000,-0.0028790000,0.0008790000,-0.0238510000,0.0066670000,-0.0066500000,0.0015100000
2018-07-05,-0.0082500000,-0.0213740000,-0.0119370000,0.0000000000,0.0007300000,-0.0143420000,-0.0068930000,0.0021080000,0.0015080000
2018-07-06,0.0086160000,-0.0015600000,-0.0002390000,0.0000000000,-0.0013810000,-0.0015860000,-0.0024670000,-0.0116580000,0.0011290000
2018-07-09,0.0291610000,0.0187500000,0.0229810000,-0.0019510000,-0.0027510000,0.0111490000,0.0021530000,0.0012670000,-0.0003760000
2018-07-10,0.0025760000,0.0092020000,0.0042500000,0.0007230000,0.0005190000,-0.0040170000,0.0007040000,-0.0116870000,-0.0022560000
2018-07-11,-0.0165570000,-0.0243160000,-0.0175230000,-0.0021200000,0.0003770000,-0.0287300000,0.0033470000,0.0028760000,0.0015080000
2018-07-12,0.0240930000,0.0264800000,0.0164190000,0.0023790000,0.0005180000,0.0204060000,0.0018220000,-0.0063700000,-0.0030110000
2018-07-13,0.0017010000,0.0060700000,0.0021000000,0.0000100000,0.0021080000,-0.0075370000,-0.0152870000,-0.0093030000,-0.0007550000
2018-07-16,-0.0042440000,-0.0015080000,-0.0086910000,0.0033110000,0.0016360000,-0.0047740000,0.0012310000,-0.0003260000,0.0015110000
2018-07-17,-0.0062520000,0.0045320000,-0.0082410000,0.0013630000,0.0004740000,-0.0024320000,-0.0033390000,0.0123080000,-0.0026410000
2018-07-18,-0.0045750000,-0.0045110000,-0.0048830000,-0.0014770000,0.0024670000,-0.0030490000,-0.0043380000,-0.0035220000,-0.0090770000
2018-07-19,0.0005750000,-0.0120850000,-0.0019380000,0.0026380000,0.0016500000,0.0052240000,0.0100770000,0.0064240000,0.0049620000
2018-07-20,0.0192360000,0.0076450000,0.0139550000,0.0009810000,0.0029640000,0.0019270000,0.0062200000,0.0070180000,0.0018990000
2018-07-23,0.0064790000,0.0106220000,0.0118670000,-0.0029100000,-0.0016710000,0.0071100000,-0.0051590000,-0.0009500000,0.0049280000
2018-07-24,0.0184720000,0.0165170000,0.0154060000,-0.0018090000,-0.0054630000,0.0015010000,0.0101450000,0.0015830000,-0.0007540000
2018-07-25,-0.0002750000,0.0000000000,-0.0032110000,-0.0011110000,-0.0020640000,0.0109890000,-0.0052740000,0.0066460000,0.0007550000
2018-07-26,-0.0129190000,-0.0044310000,-0.0053890000,0.0008680000,-0.0008430000,0.0024240000,-0.0050580000,0.0062920000,0.0003770000
2018-07-27,-0.0025060000,-0.0059350000,-0.0048310000,0.0005850000,0.0000280000,0.0020290000,0.0009430000,-0.0059380000,-0.0003770000
2018-07-30,-0.0055830000,-0.0164180000,-0.0032970000,-0.0004770000,0.0016090000,-0.0102460000,0.0030530000,0.0144600000,0.0003770000
2018-07-31,0.0036500000,0.0030350000,0.0058370000,0.0009650000,0.0034190000,0.0100090000,-0.0074210000,0.0003120000,0.0011310000
2018-08-01,-0.0223780000,-0.0151290000,-0.0194150000,-0.0000100000,0.0023280000,-0.0006990000,-0.0008800000,-0.0145620000,-0.0011300000
2018-08-02,-0.0223180000,-0.0261140000,-0.0272510000,0.0048880000,-0.0017170000,-0.0109860000,0.0056550000,0.0050310000,-0.0018850000
2018-08-03,-0.0140470000,-0.0094640000,-0.0133240000,0.0009690000,0.0034900000,-0.0042800000,0.0259670000,-0.0106350000,-0.0011330000
2018-08-06,-0.0103890000,-0.0222930000,-0.0085550000,0.0037660000,-0.0006250000,0.0028740000,0.0163220000,0.0126460000,0.0000000000
2018-08-07,0.0278940000,0.0211730000,0.0259830000,-0.0041370000,0.0000910000,0.0069600000,0.0143260000,0.0065550000,0.0007560000
2018-08-08,-0.0145900000,-0.0143540000,-0.0163090000,-0.0040770000,-0.0038380000,0.0041970000,0.0054950000,0.0201620000,-0.0026460000
2018-08-09,0.0239860000,0.0226540000,0.0202060000,0.0001170000,-0.0043820000,0.0069420000,-0.0048800000,-0.0030420000,0.0003790000
2018-08-10,0.0017350000,0.0063290000,0.0008150000,0.0005250000,-0.0004750000,-0.0095040000,-0.0001960000,0.0000000000,-0.0015150000
2018-08-13,-0.0043300000,0.0047170000,-0.0041060000,-0.0054810000,-0.0066020000,0.0028030000,0.0170560000,-0.0222610000,0.0034140000
2018-08-14,-0.0043490000,0.0000000000,-0.0029010000,0.0019540000,0.0029050000,-0.0070550000,0.0020570000,0.0168400000,-0.0083180000
2018-08-15,-0.0238790000,-0.0203440000,-0.0193440000,0.0033550000,-0.0005480000,-0.0172930000,-0.0074070000,0.0098180000,-0.0015250000
2018-08-16,-0.0041770000,-0.0127800000,-0.0069620000,-0.0027210000,-0.0008690000,-0.0166110000,0.0062740000,-0.0157950000,-0.0126000000
2018-08-17,-0.0152790000,-0.0177990000,-0.0120650000,0.0000000000,-0.0055880000,-0.0007810000,-0.0054570000,-0.0049390000,-0.0007730000
2018-08-20,0.0106480000,0.0032950000,0.0096580000,-0.0083230000,-0.0124640000,0.0117240000,0.0143670000,-0.0127190000,0.0050310000
2018-08-21,0.0171580000,0.0114940000,0.0125470000,0.0019660000,-0.0001450000,0.0094830000,0.0022450000,-0.0003100000,0.0061610000
2018-08-22,-0.0017760000,-0.0081170000,-0.0066530000,-0.0020700000,-0.0009440000,-0.0078100000,0.0166140000,0.0059720000,-0.0007650000
2018-08-23,0.0029650000,0.0049100000,-0.0000930000,0.0045210000,-0.0012210000,-0.0027320000,-0.0066950000,-0.0265580000,0.0007660000
2018-08-24,0.0014780000,-0.0048860000,0.0027470000,-0.0019080000,0.0033830000,0.0124450000,-0.0003770000,0.0038500000,-0.0011480000
2018-08-27,0.0250890000,0.0245500000,0.0204330000,0.0021760000,-0.0030380000,0.0022780000,-0.0033330000,-0.0274930000,0.0045980000
2018-08-28,-0.0028790000,-0.0015970000,-0.0017520000,-0.0000880000,-0.0007930000,0.0022570000,0.0173740000,0.0026340000,0.0038140000
2018-08-29,-0.0037540000,-0.0048000000,-0.0044010000,0.0011250000,0.0009170000,-0.0019790000,-0.0010730000,0.0055710000,-0.0037990000
2018-08-30,-0.0098550000,-0.0160770000,-0.0051890000,0.0015930000,-0.0000290000,0.0032170000,0.0038910000,0.0140200000,0.0011440000
2018-08-31,-0.0076110000,-0.0147060000,-0.0021770000,0.0007900000,0.0023780000,-0.0041230000,-0.0098420000,-0.0025700000,0.0007620000
2018-09-03,-0.0020650000,0.0000000000,-0.0013360000,-0.0018230000,-0.0015230000,-0.0101640000,-0.0074550000,0.0096690000,-0.0034260000
2018-09-04,0.0118240000,0.0132670000,0.0104070000,-0.0000880000,-0.0011840000,-0.0097770000,0.0017490000,-0.0038310000,-0.0045840000
2018-09-05,-0.0204500000,-0.0163670000,-0.0180730000,-0.0007910000,0.0000070000,-0.0069550000,-0.0014380000,-0.0012840000,0.0000000000
2018-09-06,-0.0086490000,-0.0049920000,-0.0078150000,-0.0010950000,0.0004440000,0.0028540000,0.0062910000,0.0012860000,0.0034540000
2018-09-07,0.0066190000,0.0050170000,0.0035690000,-0.0003030000,0.0003490000,-0.0022790000,0.0036970000,0.0016000000,0.0022940000
2018-09-10,-0.0143450000,-0.0099830000,-0.0067870000,-0.0004600000,-0.0010900000,0.0036730000,0.0130010000,0.0169610000,-0.0015260000
2018-09-11,-0.0036390000,-0.0100840000,-0.0018250000,-0.0021840000,-0.0020080000,0.0029510000,-0.0218900000,0.0028310000,0.0011460000
2018-09-12,-0.0069990000,0.0000000000,-0.0019530000,-0.0011390000,0.0009410000,-0.0041340000,0.0000090000,-0.0012570000,0.0003820000
2018-09-13,0.0107260000,0.0067910000,0.0112790000,-0.0001970000,-0.0005680000,0.0128160000,-0.0079820000,-0.0263850000,0.0045780000
2018-09-14,0.0015160000,-0.0101180000,0.0024150000,0.0022510000,0.0008530000,-0.0022500000,0.0001550000,0.0067750000,0.0015190000
2018-09-17,-0.0093850000,-0.0153320000,-0.0065280000,0.0011870000,0.0021260000,-0.0117270000,-0.0037120000,0.0121810000,-0.0053090000
2018-09-18,0.0192540000,0.0155710000,0.0147400000,0.0008130000,0.0012140000,0.0090110000,-0.0042890000,0.0066490000,0.0019060000
2018-09-19,0.0134930000,0.0102210000,0.0125750000,-0.0001570000,-0.0012480000,0.0142790000,0.0075880000,-0.0006330000,0.0003810000
2018-09-20,-0.0005920000,-0.0016860000,-0.0035180000,-0.0019380000,0.0012280000,-0.0019790000,0.0064080000,-0.0012550000,0.0019020000
2018-09-21,0.0313800000,0.0135140000,0.0300770000,-0.0014810000,-0.0012990000,0.0045920000,-0.0014670000,0.0069340000,0.0022780000
2018-09-25,-0.0100460000,-0.0016670000,-0.0083690000,0.0016790000,0.0012790000,0.0072900000,-0.0068240000,0.0247240000,-0.0045450000
2018-09-26,0.0110180000,0.0000000000,0.0095200000,0.0003920000,0.0013140000,-0.0003440000,-0.0023880000,0.0054970000,0.0026640000
2018-09-27,-0.0043020000,-0.0116860000,-0.0051010000,0.0010780000,0.0017030000,-0.0062750000,0.0006940000,0.0097230000,-0.0045540000
2018-09-28,0.0103690000,0.0084460000,0.0130830000,0.0022810000,0.0016430000,0.0036490000,0.0031290000,0.0129360000,-0.0076250000
2018-10-08,-0.0476050000,-0.0351760000,-0.0370850000,0.0003320000,0.0002100000,-0.0029070000,0.0175840000,0.0243520000,0.0138300000
2018-10-09,0.0020950000,0.0000000000,-0.0039380000,0.0012210000,0.0019210000,0.0132670000,0.0228500000,0.0110200000,-0.0018950000
2018-10-10,-0.0005970000,-0.0017360000,-0.0001660000,-0.0006050000,-0.0000720000,0.0037660000,0.0063010000,0.0074590000,0.0003800000
2018-10-11,-0.0514050000,-0.0730430000,-0.0514390000,0.0016490000,0.0021200000,-0.0173880000,-0.0131330000,-0.0045560000,0.0041750000
2018-10-12,0.0185890000,-0.0056290000,0.0104550000,0.0017050000,0.0013880000,0.0154410000,0.0097470000,-0.0160150000,0.0139830000
2018-10-15,-0.0145380000,-0.0150940000,-0.0188840000,-0.0000780000,-0.0009700000,-0.0070760000,-0.0070040000,-0.0023280000,0.0085720000
2018-10-16,-0.0065910000,-0.0229890000,-0.0122610000,0.0003310000,0.0007190000,-0.0077070000,-0.0087460000,-0.0023280000,0.0007390000
2018-10-17,0.0034760000,0.0098040000,0.0069580000,0.0007390000,0.0008480000,0.0022910000,0.0010260000,0.0070060000,-0.0025850000
2018-10-18,-0.0220400000,-0.0213590000,-0.0170700000,-0.0002230000,0.0031020000,-0.0047300000,-0.0145100000,-0.0040570000,0.0011110000
2018-10-19,0.0254350000,0.0079370000,0.0297210000,0.0017010000,0.0006010000,0.0041690000,-0.0119020000,0.0014530000,0.0029590000
2018-10-22,0.0527470000,0.0551180000,0.0382950000,-0.0011450000,-0.0003000000,0.0045840000,-0.0050040000,-0.0203470000,-0.0007370000
2018-10-23,-0.0337010000,-0.0205220000,-0.0241380000,-0.0005150000,0.0000290000,-0.0064960000,0.0009710000,0.0000000000,0.0059040000
2018-10-24,0.0015430000,-0.0019050000,0.0010460000,0.0009040000,0.0008590000,0.0083440000,0.0032230000,0.0124610000,0.0003670000
2018-10-25,0.0049310000,-0.0076340000,0.0062370000,0.0017380000,0.0057050000,-0.0079020000,-0.0177370000,-0.0061540000,0.0051340000
2018-10-26,-0.0101200000,0.0019230000,0.0015120000,0.0001360000,0.0003910000,-0.0055050000,-0.0061720000,0.0017690000,-0.0014590000
2018-10-29,-0.0300500000,-0.0134360000,-0.0263130000,0.0001160000,0.0038370000,-0.0008090000,0.0022910000,-0.0141280000,-0.0018270000
2018-10-30,0.0118170000,0.0116730000,0.0072550000,0.0022870000,0.0012670000,-0.0041550000,-0.0014920000,-0.0119440000,-0.0021960000
2018-10-31,0.0116790000,0.0115380000,0.0080330000,-0.0002800000,0.0005730000,-0.0084550000,-0.0054710000,-0.0006080000,-0.0073370000
2018-11-01,0.0071760000,0.0076050000,0.0048410000,0.0006670000,0.0012510000,-0.0064710000,-0.0113140000,-0.0142140000,0.0011090000
2018-11-02,0.0418220000,0.0320750000,0.0257780000,-0.0004930000,-0.0008750000,0.0174390000,-0.0044770000,-0.0475420000,0.0000000000
2018-11-05,-0.0127860000,0.0054840000,-0.0043340000,-0.0012280000,0.0000990000,-0.0074100000,0.0031510000,0.0119160000,0.0018460000
2018-11-06,-0.0063250000,0.0036360000,-0.0042260000,0.0016260000,0.0009180000,0.0018840000,-0.0080830000,0.0050930000,0.0003680000
2018-11-07,-0.0081840000,-0.0036230000,-0.0062550000,0.0011790000,0.0015030000,-0.0057900000,-0.0169150000,0.0126660000,0.0003680000
2018-11-08,-0.0009170000,-0.0072730000,-0.0023270000,0.0030600000,0.0020780000,0.0003390000,0.0045790000,-0.0143900000,-0.0047860000
2018-11-09,-0.0125420000,0.0000000000,-0.0100150000,-0.0006740000,0.0008860000,-0.0009960000,-0.0031430000,-0.0031680000,-0.0022200000
2018-11-12,0.0111520000,0.0293040000,0.0136020000,0.0003950000,0.0006530000,-0.0038230000,-0.0080100000,-0.0012750000,-0.0074160000
2018-11-13,0.0104170000,0.0213520000,0.0092910000,0.0000390000,0.0009340000,0.0013350000,-0.0126470000,-0.0060560000,-0.0029880000
2018-11-14,-0.0121290000,0.0000000000,-0.0066680000,0.0031580000,0.0020410000,-0.0062370000,0.0040560000,-0.0131470000,-0.0003750000
2018-11-15,0.0131980000,0.0156790000,0.0091820000,0.0029560000,0.0034440000,0.0139790000,-0.0033560000,-0.0077960000,0.0052470000
2018-11-16,0.0030290000,0.0102920000,0.0081590000,0.0018850000,0.0095140000,-0.0012150000,0.0120290000,0.0340580000,0.0011190000
2018-11-19,0.0111750000,0.0050930000,0.0102440000,0.0012890000,0.0038550000,0.0026900000,-0.0106220000,-0.0107660000,0.0033520000
2018-11-20,-0.0218040000,-0.0270270000,-0.0196430000,-0.0010210000,0.0016310000,-0.0037400000,-0.0054950000,0.0000000000,0.0037120000
2018-11-21,0.0009160000,0.0069440000,0.0009920000,0.0000670000,-0.0017450000,-0.0062510000,-0.0103040000,0.0147240000,-0.0011090000
2018-11-22,-0.0027460000,0.0017240000,-0.0004450000,-0.0006590000,0.0022780000,-0.0018380000,-0.0038940000,-0.0050480000,0.0029620000
2018-11-23,-0.0260020000,-0.0464720000,-0.0222070000,0.0000960000,-0.0024450000,-0.0066600000,-0.0178480000,-0.0120500000,0.0014770000
2018-11-26,0.0015700000,0.0018050000,0.0040660000,-0.0017770000,-0.0011020000,-0.0045790000,-0.0210110000,-0.0243880000,-0.0018430000
2018-11-27,-0.0009410000,0.0090090000,-0.0039760000,0.0000860000,-0.0011370000,-0.0119050000,0.0015050000,-0.0022780000,-0.0022160000
2018-11-28,0.0150660000,0.0107140000,0.0099950000,0.0003640000,-0.0002350000,0.0072320000,0.0120680000,0.0089330000,-0.0040710000
2018-11-29,-0.0098950000,-0.0229680000,-0.0105080000,0.0019800000,0.0015740000,0.0032260000,-0.0104100000,0.0051590000,0.0070610000
2018-11-30,0.0103060000,0.0072330000,0.0080770000,-0.0015750000,0.0024810000,0.0057440000,-0.0059200000,-0.0008850000,0.0003690000
2018-12-03,0.0259660000,0.0305210000,0.0259660000,0.0014340000,0.0007220000,0.0134690000,0.0078240000,0.0013930000,-0.0047950000
2018-12-04,0.0015060000,0.0121950000,0.0010950000,0.0021860000,0.0037300000,-0.0053130000,0.0133360000,-0.0139650000,0.0011120000
2018-12-05,-0.0045130000,-0.0086060000,-0.0061380000,0.0024480000,0.0050920000,-0.0040920000,0.0091490000,0.0134220000,0.0018510000
2018-12-06,-0.0202480000,-0.0156250000,-0.0145940000,0.0011020000,0.0030100000,-0.0061920000,-0.0002520000,-0.0007380000,0.0040650000
2018-12-07,-0.0021590000,-0.0017640000,0.0034910000,0.0003890000,0.0020030000,0.0045780000,0.0178740000,-0.0018430000,0.0000000000
2018-12-10,-0.0092740000,-0.0106010000,-0.0098410000,0.0011290000,0.0051220000,-0.0063730000,-0.0075180000,-0.0110650000,0.0110420000
2018-12-11,0.0040560000,0.0089290000,0.0062470000,0.0014690000,0.0012000000,0.0009450000,-0.0192290000,0.0011190000,-0.0021840000
2018-12-12,0.0034180000,0.0000000000,0.0043070000,0.0002930000,0.0005920000,0.0000000000,0.0027210000,0.0063360000,-0.0047430000
2018-12-13,0.0170330000,0.0106190000,0.0139240000,-0.0033120000,-0.0001210000,0.0038000000,0.0026650000,0.0003680000,0.0000000000
2018-12-14,-0.0173570000,-0.0262700000,-0.0132080000,-0.0033510000,-0.0065200000,-0.0080170000,0.0078180000,-0.0148010000,0.0000000000
2018-12-17,-0.0012400000,-0.0053960000,0.0065120000,-0.0006860000,-0.0023030000,0.0089470000,-0.0001450000,-0.0037540000,-0.0011000000
2018-12-18,-0.0124110000,-0.0054250000,-0.0064070000,-0.0015630000,-0.0006860000,-0.0047730000,-0.0061550000,0.0060310000,0.0062390000
2018-12-19,-0.0103680000,-0.0127270000,-0.0019020000,0.0013270000,0.0018410000,-0.0105400000,0.0012250000,0.0022490000,0.0025530000
2018-12-20,-0.0073020000,0.0036830000,-0.0040680000,0.0029560000,0.0026920000,0.0017620000,-0.0037190000,-0.0041160000,-0.0010910000
2018-12-21,-0.0124720000,-0.0073390000,-0.0061790000,0.0021580000,0.0018330000,0.0037720000,-0.0077770000,-0.0052530000,0.0083760000
2018-12-24,0.0022670000,0.0073940000,0.0037280000,-0.0016320000,-0.0003780000,-0.0062540000,-0.0058640000,-0.0098170000,0.0050560000
2018-12-25,-0.0061390000,-0.0110090000,-0.0040690000,0.0005320000,0.0029110000,-0.0036560000,-0.0234070000,0.0030520000,0.0057490000
2018-12-26,-0.0055270000,-0.0018550000,0.0028680000,0.0021840000,0.0006330000,-0.0015770000,0.0013560000,0.0011400000,-0.0010720000
2018-12-27,-0.0022880000,-0.0167290000,0.0002060000,0.0011560000,0.0026710000,0.0021790000,0.0081540000,-0.0034230000,-0.0021460000
2018-12-28,0.0022940000,0.0000000000,0.0047050000,0.0045050000,0.0036110000,0.0009650000,-0.0038680000,0.0000000000,0.0053760000
2019-01-02,-0.0137300000,-0.0018900000,-0.0141660000,-0.0005090000,0.0058850000,-0.0138430000,-0.0011270000,0.0080060000,0.0017830000
2019-01-03,0.0000000000,-0.0075760000,-0.0002000000,0.0016690000,0.0035030000,-0.0022840000,0.0065970000,0.0056690000,0.0099640000
2019-01-04,0.0255220000,0.0286260000,0.0134810000,-0.0012990000,0.0003580000,0.0023820000,0.0144390000,0.0139010000,-0.0017620000
2019-01-07,0.0042020000,0.0204080000,0.0048460000,-0.0010550000,-0.0010930000,0.0049750000,0.0046850000,-0.0003680000,-0.0056480000
2019-01-08,0.0000000000,-0.0036360000,0.0004710000,0.0008020000,0.0011200000,-0.0018360000,-0.0031120000,-0.0074170000,-0.0035500000
2019-01-09,0.0074030000,0.0018250000,0.0063650000,0.0007540000,-0.0015960000,0.0080830000,0.0046580000,-0.0011210000,-0.0046310000
2019-01-10,0.0009580000,-0.0036430000,-0.0041360000,0.0001790000,0.0001590000,-0.0039570000,0.0006570000,-0.0014940000,0.0032210000
2019-01-11,0.0073410000,0.0091410000,0.0047650000,-0.0000660000,-0.0016180000,-0.0016070000,0.0027040000,-0.0157360000,-0.0071350000
2019-01-14,-0.0085550000,-0.0054350000,-0.0041620000,-0.0003770000,-0.0002860000,-0.0060420000,0.0126520000,-0.0235860000,0.0000000000
2019-01-15,0.0188560000,0.0109290000,0.0095110000,-0.0004150000,-0.0005850000,0.0038680000,0.0029140000,0.0042820000,-0.0010780000
2019-01-16,0.0000000000,0.0018020000,0.0012590000,0.0023750000,0.0009570000,0.0074420000,0.0057330000,-0.0162970000,0.0021580000
2019-01-17,-0.0054330000,-0.0125900000,0.0030540000,0.0017580000,0.0038990000,-0.0008020000,-0.0036250000,0.0011830000,0.0007180000
2019-01-18,0.0173520000,0.0091070000,0.0019980000,-0.0009290000,0.0002320000,0.0108180000,0.0146490000,0.0086720000,0.0007170000
2019-01-21,0.0053700000,0.0054150000,0.0000000000,-0.0013150000,-0.0011580000,0.0007800000,0.0138420000,0.0097630000,-0.0046590000
2019-01-22,-0.0125670000,-0.0107720000,-0.0029910000,0.0001790000,-0.0002520000,-0.0058250000,-0.0140540000,-0.0019360000,0.0010800000
2019-01-23,-0.0025450000,0.0000000000,0.0030000000,-0.0009220000,-0.0001590000,0.0020180000,-0.0022620000,0.0019400000,0.0010790000
2019-01-24,0.0076560000,0.0072600000,0.0029910000,0.0003950000,0.0005960000,-0.0017360000,-0.0061090000,0.0054180000,-0.0014370000
2019-01-25,0.0075970000,-0.0054050000,0.0049700000,-0.0014120000,-0.0036280000,0.0034990000,0.0097450000,-0.0050060000,-0.0007200000
2019-01-28,-0.0012570000,-0.0090580000,0.0009890000,-0.0000380000,-0.0019870000,0.0033480000,-0.0097080000,-0.0015440000,0.0097230000
2019-01-29,0.0044040000,-0.0182820000,0.0039530000,0.0006790000,0.0009520000,-0.0008170000,-0.0007450000,-0.0085180000,0.0032100000
2019-01-30,-0.0065770000,-0.0130350000,-0.0009840000,0.0008290000,0.0007920000,0.0051160000,0.0056650000,-0.0031270000,0.0028440000
2019-01-31,0.0094580000,-0.0150940000,0.0019700000,0.0007720000,0.0026390000,0.0067200000,0.0237940000,0.0144950000,-0.0017720000
2019-02-01,0.0165520000,0.0287360000,0.0088500000,0.0009870000,0.0014250000,0.0056930000,0.0048340000,-0.0011590000,0.0053270000
2019-02-11,0.0138250000,0.0297950000,0.0116960000,0.0017380000,0.0034090000,-0.0067940000,-0.0069530000,0.0061910000,-0.0010600000
2019-02-12,0.0072730000,0.0126580000,0.0028900000,0.0007410000,0.0001190000,-0.0018750000,0.0024550000,0.0053760000,0.0007070000
2019-02-13,0.0207580000,0.0178570000,0.0105670000,0.0005530000,-0.0000730000,-0.0043910000,-0.0092380000,0.0015330000,-0.0014130000
2019-02-14,0.0011790000,0.0035090000,-0.0009510000,-0.0011990000,0.0016030000,0.0038560000,0.0035950000,-0.0057250000,-0.0010620000
2019-02-15,-0.0164850000,-0.0034970000,-0.0180780000,0.0012000000,0.0004870000,-0.0069430000,-0.0084330000,-0.0092120000,0.0060220000
2019-02-18,0.0290330000,0.0385960000,0.0203490000,-0.0009650000,-0.0032780000,0.0143080000,-0.0011480000,-0.0027160000,0.0045770000
2019-02-19,-0.0026180000,0.0050680000,-0.0018990000,-0.0008340000,-0.0022060000,0.0023740000,0.0029860000,0.0007790000,0.0021030000
2019-02-20,0.0026250000,-0.0016810000,0.0028540000,-0.0010510000,0.0028730000,0.0069650000,0.0023660000,-0.0174680000,0.0066460000
2019-02-21,-0.0011630000,-0.0016840000,-0.0075900000,-0.0006950000,-0.0018350000,-0.0011080000,0.0022950000,0.0015780000,-0.0055590000
2019-02-22,0.0267910000,0.0219220000,0.0086040000,-0.0015700000,0.0003170000,0.0072800000,-0.0018790000,0.0043410000,-0.0080360000
2019-02-25,0.0706180000,0.0577560000,0.0417060000,-0.0011300000,-0.0015010000,0.0103570000,0.0048690000,-0.0094260000,-0.0010570000
2019-02-26,-0.0225170000,-0.0015600000,-0.0090990000,-0.0029590000,-0.0018410000,-0.0061890000,0.0016120000,0.0011890000,-0.0003530000
2019-02-27,-0.0054200000,-0.0078130000,0.0018370000,0.0018900000,-0.0018840000,-0.0016620000,0.0017680000,-0.0178210000,-0.0014110000
2019-02-28,-0.0019070000,0.0047240000,-0.0036660000,0.0000940000,0.0017740000,0.0036320000,-0.0001670000,0.0024190000,-0.0067110000
2019-03-01,0.0204750000,0.0078370000,0.0119600000,-0.0004720000,-0.0009620000,0.0109690000,0.0326220000,0.0104530000,-0.0028450000
2019-03-04,0.0104330000,0.0217730000,0.0136360000,-0.0001230000,0.0003650000,-0.0059170000,-0.0017270000,-0.0151220000,-0.0142650000
2019-03-05,0.0084720000,0.0334860000,0.0107620000,-0.0010100000,-0.0008030000,-0.0076830000,-0.0028560000,0.0040390000,-0.0039800000
2019-03-06,0.0068260000,0.0220910000,0.0070980000,-0.0000660000,0.0007040000,-0.0014530000,0.0091000000,0.0092610000,0.0036320000
2019-03-07,-0.0109520000,0.0201730000,-0.0044050000,0.0032410000,0.0020250000,-0.0045220000,-0.0085430000,0.0071790000,-0.0028950000
2019-03-08,-0.0348010000,-0.0353110000,-0.0371680000,0.0005650000,0.0011130000,-0.0072800000,-0.0131420000,-0.0011880000,0.0094370000
2019-03-11,0.0133840000,0.0351390000,0.0064340000,-0.0000380000,0.0015480000,0.0035480000,-0.0087960000,0.0007880000,0.0028770000
2019-03-12,0.0067390000,0.0226310000,0.0164380000,0.0008000000,0.0006610000,0.0031430000,0.0044510000,-0.0055420000,-0.0007170000
2019-03-13,-0.0058900000,-0.0276630000,-0.0026950000,0.0005270000,0.0009770000,-0.0012770000,-0.0085500000,0.0095610000,0.0053820000
2019-03-14,-0.0072720000,-0.0298720000,-0.0117120000,-0.0001500000,0.0005610000,-0.0008570000,-0.0002130000,0.0126300000,-0.0024980000
2019-03-15,0.0132940000,0.0146630000,0.0182320000,0.0003480000,-0.0005080000,-0.0004150000,-0.0059080000,0.0000000000,-0.0010730000
2019-03-18,0.0307900000,0.0245660000,0.0313340000,-0.0004420000,0.0007260000,-0.0031620000,-0.0139100000,-0.0062400000,-0.0010740000
2019-03-19,-0.0072730000,0.0014100000,-0.0017360000,0.0005080000,0.0000400000,0.0041440000,-0.0024220000,-0.0043090000,0.0046610000
2019-03-20,0.0000000000,-0.0028170000,0.0026090000,0.0008270000,0.0000200000,0.0022270000,0.0090190000,-0.0011880000,-0.0017840000
2019-03-21,0.0005230000,0.0155370000,-0.0017350000,-0.0000280000,0.0011010000,0.0025660000,0.0021430000,0.0015820000,0.0082230000
2019-03-22,0.0013080000,0.0027820000,0.0052130000,0.0016340000,0.0010860000,-0.0073080000,0.0009940000,0.0062970000,-0.0024820000
2019-03-25,-0.0248110000,-0.0083220000,-0.0069140000,0.0021470000,0.0017690000,-0.0135980000,-0.0017800000,-0.0003890000,0.0046210000
2019-03-26,-0.0104450000,-0.0293710000,-0.0139250000,0.0022360000,0.0019630000,0.0050390000,-0.0000940000,0.0007850000,0.0010620000
2019-03-27,0.0086600000,0.0072050000,0.0114740000,-0.0003550000,0.0017030000,0.0024740000,-0.0065240000,-0.0003960000,-0.0003530000
2019-03-28,-0.0026830000,-0.0143060000,-0.0052360000,-0.0009340000,0.0001440000,0.0002790000,-0.0023620000,-0.0203410000,-0.0028290000
2019-03-29,0.0408930000,0.0304790000,0.0263160000,-0.0010280000,0.0006410000,0.0071130000,0.0070370000,-0.0042070000,-0.0187940000
2019-04-01,0.0258460000,0.0408450000,0.0188030000,-0.0009170000,-0.0026470000,0.0145990000,0.0159320000,0.0040570000,0.0000000000
2019-04-02,-0.0017640000,0.0054130000,0.0000000000,-0.0033060000,0.0014020000,-0.0056160000,-0.0081100000,0.0193870000,0.0007230000
2019-04-03,0.0133770000,0.0080750000,0.0109060000,-0.0038430000,-0.0080750000,0.0049170000,0.0061790000,-0.0000410000,0.0021670000
2019-04-04,0.0117060000,0.0053400000,0.0149380000,-0.0027820000,-0.0054760000,-0.0004230000,0.0070870000,0.0025830000,0.0000000000
2019-04-08,-0.0064010000,-0.0092960000,0.0000000000,-0.0021280000,-0.0007890000,-0.0039680000,0.0147100000,-0.0007570000,0.0046850000
2019-04-09,0.0059460000,0.0040210000,0.0024530000,0.0003130000,0.0010690000,0.0053830000,-0.0007080000,-0.0068220000,0.0007170000
2019-04-10,0.0014780000,-0.0026700000,0.0048940000,-0.0017250000,-0.0049540000,-0.0044520000,0.0006540000,0.0000000000,0.0043010000
2019-04-11,-0.0172160000,-0.0214190000,-0.0137990000,0.0020310000,-0.0011860000,-0.0052880000,0.0037040000,0.0026720000,0.0014280000
2019-04-12,-0.0035040000,0.0027360000,-0.0041150000,-0.0013740000,0.0002470000,-0.0033560000,0.0007420000,-0.0102750000,-0.0096220000
2019-04-15,-0.0062780000,-0.0081860000,-0.0008260000,-0.0053120000,-0.0050030000,0.0032590000,-0.0036780000,0.0119190000,-0.0050380000
2019-04-16,0.0303260000,0.0206330000,0.0082710000,-0.0022890000,-0.0065170000,0.0001650000,-0.0009070000,0.0011350000,-0.0010850000
2019-04-17,-0.0024530000,0.0094340000,0.0049220000,0.0026290000,-0.0047170000,-0.0030260000,-0.0047760000,-0.0079660000,-0.0054310000
2019-04-18,-0.0017210000,-0.0053400000,-0.0097960000,-0.0008960000,-0.0032210000,-0.0049110000,-0.0236010000,-0.0022930000,-0.0061890000
2019-04-19,0.0147780000,0.0093960000,0.0065950000,0.0010500000,-0.0013400000,0.0022230000,0.0033920000,0.0011460000,0.0043960000
2019-04-22,-0.0250000000,-0.0132980000,-0.0237510000,-0.0019450000,-0.0039300000,-0.0032300000,0.0099080000,0.0000000000,0.0029180000
2019-04-23,-0.0017430000,-0.0175200000,-0.0100670000,-0.0016040000,-0.0017710000,-0.0009300000,0.0025540000,0.0003860000,-0.0058180000
2019-04-24,0.0014960000,0.0123460000,0.0050850000,-0.0008510000,-0.0032680000,-0.0067200000,-0.0004690000,-0.0038320000,-0.0007320000
2019-04-25,-0.0206670000,-0.0406500000,-0.0269810000,0.0007560000,0.0008250000,0.0045540000,-0.0010310000,-0.0134500000,0.0054900000
2019-04-26,-0.0137300000,-0.0112990000,-0.0121320000,0.0011100000,0.0016760000,-0.0010310000,-0.0066590000,-0.0027280000,0.0010920000
2019-04-29,0.0038670000,-0.0357140000,0.0000000000,-0.0014810000,-0.0001230000,0.0016660000,0.0015210000,0.0023490000,-0.0007270000
2019-04-30,0.0005140000,0.0103700000,0.0114040000,0.0029290000,0.0007340000,0.0006390000,0.0056940000,0.0011650000,0.0021830000
2019-05-06,-0.0572380000,-0.0821110000,-0.0372940000,0.0028050000,0.0053300000,-0.0181270000,-0.0101630000,0.0062300000,0.0054470000
2019-05-07,0.0092570000,0.0175720000,0.0000000000,0.0003620000,0.0007430000,0.0053030000,0.0007630000,0.0058010000,-0.0010830000
2019-05-08,-0.0129480000,-0.0015700000,-0.0108110000,0.0007990000,0.0015320000,-0.0067110000,-0.0023980000,0.0030810000,0.0061460000
2019-05-09,-0.0142120000,-0.0094340000,-0.0136610000,0.0013120000,0.0017070000,-0.0072250000,-0.0007270000,0.0314420000,0.0000000000
2019-05-10,0.0313280000,0.0396830000,0.0304710000,0.0017090000,0.0031630000,0.0056640000,0.0027310000,-0.0118990000,0.0007190000
2019-05-13,-0.0182800000,-0.0106870000,-0.0089610000,0.0039700000,0.0002770000,-0.0023300000,-0.0048620000,0.0003790000,0.0068220000
2019-05-14,-0.0049290000,-0.0046300000,-0.0063290000,-0.0013120000,0.0017050000,-0.0043440000,-0.0191520000,0.0030060000,0.0121260000
2019-05-15,0.0214640000,0.0232560000,0.0136490000,-0.0000570000,-0.0012160000,0.0082600000,0.0032380000,0.0104960000,-0.0059900000
2019-05-16,0.0048490000,0.0060610000,0.0062840000,0.0006240000,0.0012440000,0.0032100000,0.0075950000,0.0115030000,0.0053170000
2019-05-17,-0.0225200000,-0.0331330000,-0.0205170000,0.0011710000,-0.0001690000,-0.0045620000,-0.0052010000,-0.0025690000,-0.0021160000
2019-05-20,-0.0109710000,-0.0046730000,-0.0109290000,0.0001130000,-0.0010540000,-0.0021730000,0.0071130000,0.0084620000,-0.0063600000
2019-05-21,0.0124790000,0.0187790000,0.0128910000,-0.0020750000,-0.0015480000,0.0021330000,0.0006210000,0.0160460000,-0.0007110000
2019-05-22,-0.0024650000,-0.0015360000,-0.0045450000,-0.0008220000,-0.0022690000,-0.0095410000,-0.0042860000,-0.0039480000,0.0007120000
2019-05-23,-0.0159250000,-0.0230770000,-0.0109590000,0.0002080000,0.0004210000,-0.0065480000,-0.0160570000,-0.0014400000,0.0021340000
2019-05-24,0.0016740000,-0.0125980000,0.0027700000,-0.0006620000,0.0009700000,0.0110480000,-0.0096130000,-0.0003640000,0.0053230000
2019-05-27,0.0119780000,0.0303030000,0.0147330000,-0.0031330000,-0.0004340000,0.0020520000,0.0065870000,0.0205830000,0.0007060000
2019-05-28,0.0046790000,-0.0015480000,-0.0018150000,0.0021170000,-0.0014650000,-0.0012150000,0.0002890000,0.0141500000,-0.0017640000
2019-05-29,0.0005480000,0.0031010000,0.0000000000,0.0016770000,0.0044550000,-0.0069220000,0.0011930000,0.0303410000,0.0021200000
2019-05-30,-0.0005480000,-0.0046370000,0.0027270000,0.0010030000,0.0004530000,-0.0039500000,-0.0090040000,-0.0176000000,-0.0042310000
2019-05-31,-0.0049320000,-0.0015530000,0.0000000000,0.0008600000,-0.0012100000,-0.0043890000,-0.0124790000,0.0072330000,0.0102690000
2019-06-03,0.0022030000,-0.0124420000,0.0009070000,0.0018600000,0.0013940000,-0.0031650000,-0.0153370000,0.0123180000,0.0136700000
2019-06-04,-0.0090660000,-0.0204720000,-0.0090580000,0.0019790000,0.0032230000,-0.0018260000,0.0031910000,0.0077750000,0.0096820000
2019-06-05,-0.0022180000,0.0032150000,0.0045700000,0.0014010000,0.0048690000,0.0033170000,-0.0051690000,-0.0093940000,0.0065070000
2019-06-06,-0.0086140000,-0.0256410000,-0.0054600000,0.0002160000,0.0021040000,-0.0055470000,0.0047960000,-0.0270830000,0.0000000000
2019-06-10,0.0128920000,0.0131580000,0.0073190000,-0.0008920000,0.0010230000,0.0038340000,0.0161190000,-0.0034760000,-0.0030620000
2019-06-11,0.0312670000,0.0389610000,0.0199820000,-0.0022560000,-0.0039420000,0.0105200000,0.0076430000,0.0013950000,-0.0047780000
2019-06-12,-0.0075130000,-0.0078130000,-0.0053430000,-0.0001980000,-0.0006370000,-0.0067360000,-0.0121790000,-0.0017450000,0.0109740000
2019-06-13,-0.0018920000,0.0062990000,-0.0044760000,0.0012720000,0.0017180000,0.0017590000,0.0074530000,0.0188640000,0.0023740000
2019-06-14,-0.0059590000,-0.0219090000,-0.0080940000,0.0015530000,0.0024790000,-0.0008130000,-0.0011320000,-0.0027400000,0.0152280000
2019-06-17,0.0008170000,-0.0016000000,0.0000000000,0.0006760000,0.0032020000,-0.0050570000,0.0061650000,0.0220000000,-0.0120000000
2019-06-18,0.0021780000,0.0000000000,0.0018130000,-0.0009580000,-0.0008460000,0.0004160000,0.0119440000,-0.0114380000,0.0064100000
2019-06-19,0.0146700000,0.0144230000,0.0090500000,-0.0005360000,-0.0006000000,0.0073970000,0.0106220000,-0.0187130000,-0.0060340000
2019-06-20,0.0289160000,0.0173780000,0.0161430000,0.0004610000,0.0003270000,0.0019890000,0.0096750000,-0.0038140000,0.0225970000
2019-06-21,0.0018210000,0.0186340000,0.0026480000,-0.0000090000,0.0001600000,-0.0065470000,-0.0056610000,0.0024370000,0.0079160000
2019-06-24,0.0015580000,-0.0030490000,-0.0008800000,-0.0002910000,-0.0010400000,0.0008860000,0.0137320000,0.0111080000,0.0071990000
2019-06-25,-0.0101140000,-0.0091740000,-0.0079300000,0.0006960000,0.0005870000,0.0081810000,-0.0068570000,-0.0020590000,0.0201430000
2019-06-26,0.0002620000,0.0000000000,-0.0026640000,-0.0004890000,-0.0005600000,0.0022300000,0.0122310000,-0.0065420000,-0.0184710000
2019-06-27,0.0110010000,0.0092590000,0.0053430000,-0.0003950000,-0.0015620000,-0.0006240000,-0.0038330000,-0.0024190000,-0.0025960000
2019-06-28,-0.0002590000,-0.0152910000,-0.0035430000,0.0008090000,0.0011030000,-0.0019810000,-0.0007170000,0.0059010000,0.0026020000
2019-07-01,0.0246180000,0.0326090000,0.0195560000,0.0006110000,0.0018100000,0.0015880000,0.0266250000,-0.0110490000,-0.0233610000
2019-07-02,0.0015170000,0.0000000000,0.0069750000,0.0008830000,0.0059530000,-0.0171280000,0.0154830000,-0.0150050000,0.0099670000
2019-07-03,-0.0083330000,-0.0090230000,-0.0017320000,0.0018860000,0.0046520000,-0.0063190000,-0.0156670000,-0.0014160000,0.0282890000
2019-07-04,-0.0066210000,-0.0045520000,-0.0008670000,0.0025660000,0.0031860000,0.0044600000,-0.0198590000,-0.0049700000,-0.0111960000
2019-07-05,0.0051270000,0.0045730000,0.0043400000,-0.0016810000,0.0005980000,-0.0021840000,-0.0095930000,0.0000000000,0.0012940000
2019-07-08,-0.0229530000,-0.0349010000,-0.0198790000,-0.0007020000,-0.0014060000,0.0043740000,0.0022270000,-0.0114150000,-0.0048470000
2019-07-09,-0.0023490000,0.0047170000,-0.0008820000,0.0008990000,-0.0018690000,-0.0052260000,-0.0122700000,-0.0046890000,-0.0074680000
2019-07-10,0.0002620000,-0.0078250000,-0.0070610000,-0.0004580000,0.0012400000,0.0055330000,0.0175750000,0.0072490000,-0.0009810000
2019-07-11,0.0002620000,-0.0015770000,0.0000000000,0.0004770000,0.0006850000,0.0059870000,0.0016820000,0.0036020000,0.0180090000
2019-07-12,0.0081070000,0.0031600000,0.0080000000,0.0000560000,0.0012310000,0.0016310000,-0.0167780000,0.0068100000,-0.0083630000
2019-07-15,0.0036320000,0.0078740000,0.0017640000,0.0006640000,0.0009660000,0.0060550000,-0.0035560000,0.0188740000,0.0042170000
2019-07-16,-0.0041350000,0.0046880000,-0.0008800000,-0.0002710000,-0.0013920000,0.0078200000,-0.0064000000,-0.0167750000,-0.0003230000
2019-07-17,-0.0015570000,0.0015550000,0.0035240000,0.0001780000,-0.0019400000,0.0023910000,-0.0021060000,0.0053310000,-0.0054930000
2019-07-18,-0.0064990000,-0.0155280000,-0.0079020000,0.0007010000,0.0000000000,0.0094120000,0.0082680000,0.0014130000,0.0107210000
2019-07-19,0.0104660000,0.0094640000,0.0097350000,0.0001960000,-0.0005730000,0.0151820000,-0.0055970000,0.0028290000,0.0135000000
2019-07-22,-0.0077680000,-0.0234380000,-0.0043820000,0.0005140000,-0.0019910000,-0.0159670000,-0.0222260000,-0.0151440000,-0.0085630000
2019-07-23,0.0023490000,0.0208000000,0.0017610000,0.0004110000,0.0024440000,-0.0023070000,-0.0091550000,0.0060760000,-0.0070380000
2019-07-24,0.0080710000,0.0109720000,0.0043940000,-0.0003550000,-0.0013050000,-0.0022010000,-0.0059760000,-0.0053290000,0.0041880000
2019-07-25,0.0090390000,0.0077520000,0.0035000000,-0.0009890000,0.0000260000,-0.0021750000,-0.0079110000,0.0039300000,0.0009620000
2019-07-26,0.0012800000,0.0015380000,0.0052310000,0.0002620000,-0.0000660000,0.0021070000,-0.0009670000,-0.0092510000,-0.0041670000
2019-07-29,-0.0015340000,-0.0015360000,-0.0017350000,-0.0005320000,-0.0017020000,-0.0037740000,-0.0076720000,-0.0050310000,0.0016090000
2019-07-30,0.0046080000,0.0046150000,0.0052130000,-0.0002240000,-0.0008530000,0.0099560000,0.0069170000,0.0068630000,0.0041770000
2019-07-31,-0.0071360000,-0.0076570000,-0.0077790000,0.0015050000,0.0026720000,-0.0093090000,0.0070990000,0.0035820000,0.0048000000
2019-08-01,-0.0092400000,-0.0046300000,-0.0087110000,0.0002890000,0.0015300000,-0.0018760000,-0.0043230000,-0.0096990000,-0.0171970000
2019-08-02,-0.0152850000,-0.0139530000,-0.0123020000,0.0025290000,0.0057310000,0.0009590000,-0.0082150000,0.0148340000,0.0236550000
2019-08-05,-0.0173640000,-0.0141510000,-0.0160140000,0.0036950000,0.0071780000,0.0010310000,-0.0127110000,0.0177980000,0.0345050000
2019-08-06,-0.0104420000,-0.0239230000,-0.0144670000,0.0024110000,0.0012750000,0.0027840000,0.0046980000,-0.0022320000,0.0021420000
2019-08-07,-0.0064940000,-0.0016340000,-0.0018350000,-0.0009070000,0.0019420000,-0.0086890000,0.0019740000,0.0053760000,0.0192370000
2019-08-08,0.0147060000,0.0130930000,0.0110290000,0.0011110000,0.0022040000,0.0194560000,0.0039900000,-0.0034730000,0.0056920000
2019-08-09,-0.0077830000,-0.0048470000,-0.0072730000,0.0037000000,0.0003490000,0.0030460000,0.0004530000,0.0090510000,0.0059580000
2019-08-12,0.0159590000,0.0162340000,0.0091580000,-0.0007460000,0.0029350000,-0.0041320000,0.0025140000,-0.0051740000,-0.0071070000
2019-08-13,-0.0085200000,-0.0031950000,-0.0045370000,0.0010240000,0.0007670000,0.0020800000,-0.0015550000,0.0194190000,0.0256490000
2019-08-14,0.0037590000,0.0080130000,0.0018230000,0.0005530000,0.0042450000,0.0009060000,0.0081890000,-0.0173460000,-0.0264610000
2019-08-15,0.0040130000,0.0031800000,0.0018200000,-0.0004050000,0.0050740000,-0.0032250000,-0.0061090000,-0.0076190000,0.0107530000
2019-08-16,0.0042630000,0.0079240000,0.0009080000,-0.0012530000,0.0011610000,0.0028750000,-0.0027170000,-0.0020930000,0.0014780000
2019-08-19,0.0238790000,0.0330190000,0.0145190000,-0.0013000000,0.0023010000,0.0003120000,0.0060630000,0.0055960000,-0.0047210000
2019-08-20,-0.0041460000,-0.0015220000,0.0008940000,-0.0008310000,-0.0017870000,-0.0015080000,0.0003300000,0.0034740000,-0.0044470000
2019-08-21,-0.0002600000,0.0015240000,-0.0008940000,-0.0005360000,-0.0013890000,-0.0013560000,-0.0143470000,0.0038120000,0.0017870000
2019-08-22,0.0020820000,0.0045660000,0.0000000000,-0.0003700000,-0.0023540000,-0.0018460000,-0.0024530000,0.0124220000,0.0026750000
2019-08-23,0.0070130000,-0.0030300000,0.0026830000,-0.0010640000,-0.0002620000,0.0016010000,0.0048770000,0.0081800000,-0.0017790000
2019-08-26,-0.0110910000,-0.0045590000,-0.0080290000,0.0021670000,0.0013560000,-0.0072130000,-0.0066030000,0.0064210000,0.0359370000
2019-08-27,0.0104330000,0.0198470000,0.0134890000,-0.0012470000,-0.0000130000,0.0082700000,-0.0000920000,-0.0141080000,0.0005730000
2019-08-28,-0.0030980000,-0.0044910000,-0.0017750000,0.0004350000,-0.0016160000,0.0045100000,0.0033080000,0.0074990000,0.0008600000
2019-08-29,-0.0028480000,0.0015040000,-0.0080000000,0.0009250000,0.0012540000,-0.0001270000,-0.0088370000,0.0101450000,0.0128830000
2019-08-30,0.0025970000,-0.0120120000,-0.0026880000,-0.0006740000,-0.0029460000,0.0053250000,0.0037160000,-0.0174120000,-0.0161110000
2019-09-02,0.0111370000,0.0243160000,0.0080860000,-0.0010080000,-0.0000770000,0.0113310000,0.0090770000,0.0132870000,-0.0034470000
2019-09-03,0.0010250000,0.0074180000,-0.0017830000,0.0000090000,-0.0021730000,0.0082980000,0.0008790000,0.0070610000,0.0043240000
2019-09-04,0.0125380000,0.0103090000,0.0062500000,0.0000930000,0.0007640000,0.0058480000,0.0073110000,-0.0073430000,0.0037310000
2019-09-05,0.0093510000,0.0058310000,0.0106480000,0.0007400000,0.0012840000,0.0029650000,-0.0006120000,-0.0151350000,0.0040030000
2019-09-06,0.0067600000,0.0057970000,0.0017560000,0.0023030000,0.0040450000,-0.0013430000,0.0037420000,-0.0146890000,-0.0319000000
2019-09-09,0.0039790000,0.0302590000,0.0052590000,-0.0015590000,0.0009260000,0.0028210000,0.0096840000,-0.0117820000,0.0047070000
2019-09-10,-0.0027250000,0.0000000000,-0.0026160000,-0.0009240000,-0.0019460000,0.0031860000,-0.0051370000,0.0056100000,-0.0158130000
2019-09-11,-0.0072030000,-0.0111890000,0.0000000000,0.0000830000,0.0006770000,-0.0000100000,-0.0048950000,-0.0094170000,0.0038680000
2019-09-12,0.0102580000,0.0070720000,0.0061190000,-0.0012120000,-0.0033080000,0.0033440000,-0.0012700000,0.0063380000,0.0005930000
2019-09-16,-0.0034670000,0.0014040000,0.0026060000,-0.0013610000,-0.0021600000,-0.0114780000,0.0239550000,-0.0045460000,0.0011850000
2019-09-17,-0.0181410000,-0.0196350000,-0.0129980000,0.0006210000,-0.0008280000,-0.0083530000,0.0134620000,0.0049230000,-0.0038460000
2019-09-18,0.0043030000,-0.0028610000,0.0026340000,-0.0007230000,-0.0023330000,0.0016900000,-0.0211070000,0.0013970000,0.0038610000
2019-09-19,0.0047880000,0.0086080000,0.0017510000,-0.0003890000,-0.0001290000,-0.0042930000,-0.0112050000,-0.0003470000,-0.0023670000
2019-09-20,0.0015050000,0.0014220000,0.0008740000,0.0001300000,-0.0005350000,0.0028550000,0.0014550000,0.0003470000,0.0032620000
2019-09-23,-0.0087650000,-0.0056820000,-0.0096070000,0.0001110000,-0.0008380000,-0.0014250000,0.0110560000,-0.0003470000,0.0091630000
2019-09-24,0.0007580000,0.0014290000,0.0044090000,-0.0002410000,-0.0008190000,-0.0004390000,-0.0053450000,-0.0059420000,0.0052720000
2019-09-25,-0.0068160000,-0.0185450000,-0.0105360000,-0.0000830000,0.0006010000,-0.0045650000,0.0053440000,0.0123040000,0.0046620000
2019-09-26,-0.0068630000,-0.0319770000,0.0000000000,-0.0024120000,-0.0028780000,0.0005760000,-0.0032480000,-0.0069460000,-0.0124710000
2019-09-27,0.0023040000,0.0090090000,-0.0017750000,-0.0009860000,-0.0026080000,0.0002290000,-0.0083540000,-0.0038480000,-0.0082230000
2019-09-30,-0.0120020000,-0.0133930000,-0.0044440000,0.0000560000,-0.0002080000,0.0018810000,0.0112130000,0.0108850000,-0.0020730000
2019-10-08,0.0064620000,0.0030170000,0.0062500000,0.0010150000,0.0021940000,-0.0031270000,-0.0019990000,0.0104160000,-0.0026710000
2019-10-09,0.0028250000,0.0090230000,0.0079860000,0.0015060000,0.0014570000,-0.0029040000,0.0043420000,0.0168360000,0.0154720000
2019-10-10,0.0071700000,0.0149030000,0.0061620000,0.0001760000,-0.0003430000,0.0023650000,-0.0060620000,-0.0006720000,-0.0061530000
2019-10-11,0.0122040000,0.0014680000,0.0061240000,-0.0011330000,-0.0028980000,0.0007080000,-0.0088080000,0.0108170000,-0.0047170000
2019-10-14,0.0072850000,0.0146630000,0.0130430000,-0.0005860000,-0.0004540000,-0.0010980000,-0.0046870000,-0.0066870000,-0.0142180000
2019-10-15,-0.0032420000,-0.0130060000,-0.0060090000,-0.0001020000,-0.0011680000,-0.0043190000,-0.0114830000,0.0013450000,0.0012020000
2019-10-16,-0.0035030000,-0.0073210000,-0.0008640000,-0.0003070000,-0.0013910000,-0.0003790000,-0.0106230000,-0.0010090000,-0.0033010000
2019-10-17,0.0015060000,0.0000000000,-0.0034570000,0.0001770000,0.0010410000,-0.0059250000,-0.0039240000,-0.0006750000,0.0072270000
2019-10-18,-0.0145400000,-0.0117990000,-0.0112750000,-0.0008460000,-0.0014890000,0.0015950000,0.0026330000,0.0060640000,-0.0011960000
2019-10-21,0.0022890000,-0.0059700000,0.0035090000,-0.0015730000,-0.0024090000,-0.0019360000,-0.0151410000,0.0308110000,-0.0002990000
2019-10-22,0.0038070000,0.0120120000,0.0026220000,-0.0012120000,-0.0028580000,0.0003030000,0.0008330000,-0.0061710000,-0.0032930000
2019-10-23,-0.0053100000,-0.0074180000,-0.0052310000,0.0001960000,-0.0006610000,0.0021200000,-0.0028930000,-0.0022920000,0.0042050000
2019-10-24,0.0012710000,-0.0014950000,0.0017530000,0.0003270000,-0.0006940000,0.0076110000,0.0069410000,-0.0016340000,-0.0023930000
2019-10-25,0.0060930000,0.0074850000,0.0043740000,-0.0005040000,0.0008520000,-0.0008540000,-0.0091220000,-0.0003320000,0.0098950000
2019-10-28,0.0058040000,0.0267460000,0.0034840000,-0.0018760000,-0.0052910000,0.0022430000,-0.0072700000,-0.0210080000,-0.0008910000
2019-10-29,-0.0032610000,-0.0115770000,-0.0060760000,-0.0025440000,-0.0020870000,-0.0004890000,0.0011380000,0.0020120000,-0.0101040000
2019-10-30,-0.0065440000,-0.0087850000,-0.0034930000,-0.0013970000,-0.0025730000,0.0044720000,0.0003370000,0.0003330000,-0.0015010000
2019-10-31,-0.0005070000,-0.0118170000,-0.0078880000,0.0014180000,0.0023350000,-0.0043440000,-0.0043350000,-0.0110400000,0.0027060000
2019-11-01,0.0205320000,0.0089690000,0.0097170000,0.0008440000,0.0022960000,-0.0019790000,-0.0030220000,0.0038210000,0.0071960000
2019-11-04,0.0032290000,0.0059260000,0.0052490000,-0.0006280000,-0.0012380000,-0.0007940000,0.0009750000,0.0012120000,-0.0014890000
2019-11-05,0.0056940000,0.0044180000,0.0087030000,0.0011810000,0.0022940000,-0.0024550000,0.0072330000,-0.0024820000,-0.0059630000
2019-11-06,-0.0041850000,-0.0102640000,-0.0069030000,0.0009460000,0.0029720000,-0.0042670000,-0.0130160000,-0.0134520000,-0.0146970000
2019-11-07,0.0012360000,0.0059260000,0.0052130000,-0.0001960000,-0.0010880000,-0.0000240000,-0.0064450000,0.0011680000,0.0054790000
2019-11-08,-0.0039510000,0.0000000000,-0.0069140000,-0.0015440000,-0.0030520000,-0.0004320000,-0.0055860000,0.0021180000,-0.0190740000
2019-11-11,-0.0166090000,-0.0265100000,-0.0147950000,0.0015560000,0.0012250000,-0.0049140000,-0.0126790000,-0.0158640000,-0.0009260000
2019-11-12,-0.0012600000,0.0015130000,0.0000000000,0.0006270000,0.0017100000,-0.0011840000,0.0019110000,-0.0021530000,-0.0095770000
2019-11-13,-0.0007570000,-0.0030210000,-0.0044170000,0.0013840000,-0.0008400000,-0.0073840000,0.0006870000,0.0007210000,0.0106050000
2019-11-14,0.0007580000,0.0045450000,-0.0008870000,0.0010830000,0.0018070000,-0.0015500000,0.0014160000,-0.0043070000,0.0021600000
2019-11-15,-0.0047960000,-0.0090500000,-0.0026640000,0.0002700000,0.0015540000,-0.0057080000,-0.0016530000,-0.0036010000,-0.0018480000
2019-11-18,0.0071010000,0.0060880000,0.0106860000,0.0018740000,0.0061820000,0.0009770000,0.0066460000,0.0043410000,0.0000000000
2019-11-19,0.0100730000,0.0211800000,0.0123350000,0.0009210000,0.0012100000,-0.0074100000,-0.0062550000,-0.0021640000,0.0067880000
2019-11-20,-0.0102220000,-0.0088890000,-0.0052220000,0.0006040000,0.0031010000,0.0002170000,-0.0056740000,-0.0021630000,0.0033710000
2019-11-21,-0.0050380000,0.0014950000,-0.0026250000,-0.0000560000,0.0023000000,0.0002130000,0.0092770000,-0.0021740000,-0.0027490000
2019-11-22,-0.0106330000,-0.0119400000,-0.0008770000,-0.0003250000,0.0014420000,-0.0036590000,0.0007380000,-0.0054340000,-0.0018380000
2019-11-25,0.0071650000,-0.0075530000,0.0140470000,-0.0010970000,-0.0012270000,0.0032340000,0.0121780000,0.0043740000,-0.0070570000
2019-11-26,0.0015240000,0.0000000000,0.0000000000,0.0004100000,-0.0010730000,-0.0022260000,-0.0101140000,0.0018130000,0.0000000000
2019-11-27,-0.0015220000,0.0015220000,-0.0034630000,0.0007260000,0.0000970000,0.0027920000,-0.0029550000,-0.0047080000,0.0012360000
2019-11-28,-0.0015240000,-0.0030400000,-0.0034750000,0.0002970000,0.0001360000,-0.0020040000,-0.0051240000,0.0021810000,-0.0018520000
2019-11-29,-0.0109410000,-0.0015240000,-0.0008720000,-0.0000090000,0.0014170000,-0.0022220000,0.0077690000,0.0054500000,0.0012370000
2019-12-02,0.0020580000,0.0030530000,0.0017450000,0.0008460000,-0.0013180000,-0.0028630000,-0.0066690000,-0.0093890000,0.0012350000
2019-12-03,0.0041080000,0.0060880000,0.0017420000,-0.0001760000,-0.0008150000,-0.0039210000,0.0056350000,0.0036430000,0.0021590000
2019-12-04,0.0005110000,0.0015130000,-0.0026090000,0.0014020000,0.0015990000,-0.0057430000,0.0030020000,-0.0047220000,0.0184670000
2019-12-05,0.0074110000,0.0090630000,0.0034870000,0.0004920000,0.0007890000,0.0030980000,0.0097150000,0.0030520000,-0.0045330000
2019-12-06,0.0060880000,0.0089820000,0.0017380000,-0.0002870000,-0.0014080000,0.0036490000,-0.0009100000,-0.0020280000,-0.0069820000
2019-12-09,-0.0032780000,0.0000000000,0.0069380000,-0.0000560000,-0.0005690000,0.0100910000,0.0082370000,0.0040650000,-0.0067260000
2019-12-10,0.0007590000,0.0059350000,-0.0008610000,-0.0011030000,0.0009450000,0.0039880000,-0.0041440000,-0.0010120000,0.0006160000
2019-12-11,0.0015410000,-0.0029500000,0.0000000000,0.0002600000,0.0000390000,0.0064840000,-0.0040010000,0.0050660000,0.0012300000
2019-12-12,-0.0028210000,0.0000000000,0.0025860000,0.0004360000,0.0001680000,0.0040850000,0.0118250000,-0.0070560000,0.0061440000
2019-12-13,0.0203140000,0.0162720000,0.0068790000,-0.0006680000,-0.0020100000,0.0007760000,-0.0015560000,-0.0101520000,-0.0128240000
2019-12-16,0.0030240000,0.0174670000,0.0059780000,-0.0002600000,-0.0004920000,0.0001210000,0.0084820000,0.0082050000,0.0098980000
2019-12-17,0.0155780000,0.0114450000,0.0084890000,-0.0018110000,-0.0012900000,0.0026040000,0.0014820000,0.0000000000,-0.0003060000
2019-12-18,-0.0037110000,0.0000000000,-0.0025250000,0.0000000000,-0.0025950000,-0.0047510000,-0.0050500000,0.0030520000,0.0012250000
2019-12-19,-0.0017380000,0.0084870000,0.0025320000,0.0002790000,-0.0004880000,0.0051330000,-0.0006230000,-0.0091280000,-0.0012240000
2019-12-20,-0.0009950000,-0.0140250000,0.0000000000,0.0016270000,0.0026100000,-0.0000340000,0.0048780000,0.0000000000,0.0024510000
2019-12-23,-0.0129480000,-0.0241820000,-0.0109430000,0.0039460000,0.0049590000,0.0016000000,-0.0020170000,0.0030710000,0.0042790000
2019-12-24,0.0052980000,0.0204080000,0.0025530000,0.0007400000,0.0039730000,0.0000000000,0.0064220000,0.0010200000,0.0048690000
2019-12-25,0.0017570000,0.0071430000,-0.0025470000,0.0009240000,0.0015250000,0.0009840000,0.0010880000,-0.0040770000,0.0069650000
2019-12-26,0.0072650000,0.0085110000,0.0076600000,0.0012830000,0.0022420000,-0.0029500000,0.0001570000,-0.0010240000,-0.0006020000
2019-12-27,-0.0009950000,-0.0084390000,0.0025340000,0.0000180000,0.0029930000,0.0019720000,0.0126420000,0.0000000000,0.0039120000
2019-12-30,0.0144390000,0.0070920000,0.0151640000,-0.0000650000,-0.0012460000,-0.0019690000,0.0063550000,0.0122950000,-0.0014990000
2019-12-31,0.0051530000,0.0056340000,0.0058090000,0.0002400000,0.0022910000,-0.0019720000,-0.0130000000,0.0010120000,0.0072050000
2020-01-02,0.0129390000,0.0196080000,0.0132010000,-0.0010970000,-0.0008940000,-0.0029640000,0.0002910000,-0.0010110000,-0.0044710000
2020-01-03,-0.0024100000,0.0041210000,-0.0040720000,0.0000740000,-0.0007800000,-0.0079290000,0.0113910000,-0.0040490000,0.0143710000
2020-01-06,-0.0038660000,0.0095760000,-0.0008180000,0.0013010000,0.0025450000,0.0000000000,0.0156270000,-0.0060980000,0.0227270000
2020-01-07,0.0077610000,0.0162600000,0.0032730000,-0.0006080000,0.0007780000,0.0039960000,-0.0094620000,0.0000000000,-0.0080810000
2020-01-08,-0.0098680000,-0.0120000000,-0.0130510000,0.0000370000,-0.0000060000,0.0009950000,0.0108280000,-0.0030670000,0.0186210000
2020-01-09,0.0106950000,0.0134950000,0.0090910000,0.0001940000,0.0010200000,0.0049700000,-0.0242820000,-0.0051280000,-0.0354180000
2020-01-10,-0.0002410000,-0.0013320000,-0.0024570000,0.0038260000,0.0023810000,0.0019780000,0.0025870000,-0.0144330000,0.0038500000
2020-01-13,0.0108250000,0.0133330000,0.0032840000,-0.0003950000,0.0040140000,-0.0009870000,0.0122200000,-0.0083680000,-0.0005900000
2020-01-14,-0.0042840000,-0.0026320000,0.0008180000,-0.0008270000,-0.0000700000,-0.0029640000,0.0000000000,0.0021100000,-0.0132820000
2020-01-15,-0.0076480000,-0.0013190000,-0.0057240000,0.0003310000,-0.0007720000,0.0029730000,-0.0041700000,0.0126320000,0.0092730000
2020-01-16,-0.0014450000,0.0013210000,-0.0065790000,-0.0002480000,0.0002220000,0.0059290000,-0.0018840000,-0.0031190000,0.0008890000
2020-01-17,0.0012060000,-0.0052770000,-0.0016560000,0.0007820000,0.0004810000,0.0000000000,-0.0188490000,-0.0020860000,-0.0002960000
2020-01-20,0.0072270000,0.0145890000,-0.0008290000,0.0010290000,0.0013030000,-0.0019650000,0.0151670000,0.0000000000,0.0002960000
2020-01-21,-0.0181770000,-0.0104580000,-0.0157680000,0.0023220000,0.0049040000,-0.0127950000,-0.0089640000,0.0094040000,0.0091800000
2020-01-22,0.0034100000,0.0066050000,0.0008430000,0.0011900000,0.0040120000,0.0049850000,-0.0070350000,-0.0124220000,-0.0085090000
2020-01-23,-0.0298620000,-0.0354330000,-0.0261160000,0.0030460000,0.0044280000,-0.0109130000,-0.0141700000,-0.0104820000,0.0073990000
2020-02-03,-0.0843340000,-0.0993200000,-0.0942910000,0.0115990000,0.0256280000,-0.0581750000,-0.0995890000,-0.0264830000,0.0252640000
2020-02-04,0.0303360000,0.0135950000,0.0372490000,-0.0008110000,-0.0002130000,0.0117150000,0.0490310000,0.0293800000,-0.0083090000
2020-02-05,0.0098140000,0.0342770000,0.0064460000,0.0002530000,-0.0017820000,0.0042110000,0.0108700000,-0.0042280000,-0.0063570000
2020-02-06,0.0236410000,0.0273780000,0.0118940000,0.0000180000,-0.0010230000,0.0062890000,0.0053760000,0.0010620000,-0.0049430000
2020-02-07,-0.0023090000,0.0098180000,-0.0054250000,0.0013980000,0.0021890000,-0.0041670000,0.0096260000,-0.0031810000,0.0049680000
2020-02-10,0.0033440000,0.0138890000,0.0145450000,0.0017290000,0.0012720000,-0.0020920000,-0.0052970000,0.0106380000,0.0037800000
2020-02-11,0.0107660000,-0.0027400000,0.0053760000,0.0007370000,-0.0009660000,0.0031450000,-0.0010650000,-0.0021050000,-0.0031870000
2020-02-12,0.0071010000,0.0233520000,0.0053480000,-0.0000270000,-0.0010710000,0.0020900000,-0.0042640000,-0.0042190000,-0.0020340000
2020-02-13,-0.0052880000,-0.0053690000,-0.0044330000,-0.0010060000,0.0000300000,0.0020860000,-0.0010710000,0.0158900000,0.0072800000
2020-02-14,0.0068350000,0.0040490000,0.0062330000,-0.0001080000,-0.0020280000,0.0010410000,0.0032150000,-0.0052140000,0.0011560000
2020-02-17,0.0218760000,0.0376340000,0.0194690000,-0.0016280000,-0.0012330000,0.0062370000,0.0064100000,0.0041930000,0.0031760000
2020-02-18,-0.0061520000,0.0259070000,-0.0052080000,-0.0019460000,-0.0010080000,0.0000000000,-0.0084930000,-0.0083510000,0.0048930000
2020-02-19,0.0002480000,-0.0075760000,-0.0026180000,-0.0002350000,-0.0009420000,0.0010330000,0.0053530000,0.0010530000,0.0117440000
2020-02-20,0.0225250000,0.0152670000,0.0122480000,-0.0013900000,-0.0017080000,-0.0030960000,0.0074550000,0.0000000000,0.0028310000
2020-02-21,0.0033890000,0.0225560000,0.0008640000,0.0019080000,-0.0002270000,-0.0041410000,0.0010570000,0.0000000000,0.0200450000
2020-02-24,-0.0079610000,0.0196080000,-0.0120900000,0.0020850000,0.0046730000,-0.0072770000,-0.0095040000,-0.0147210000,0.0224190000
2020-02-25,-0.0019460000,0.0048080000,-0.0096150000,0.0000720000,0.0025880000,0.0000000000,0.0021320000,0.0053360000,-0.0213860000
2020-02-26,-0.0082850000,-0.0322970000,0.0061780000,0.0008190000,0.0000850000,-0.0062830000,-0.0074470000,0.0010620000,0.0066390000
2020-02-27,0.0002460000,0.0000000000,0.0061400000,0.0018710000,0.0016860000,-0.0031610000,-0.0128620000,0.0021210000,-0.0002750000
2020-02-28,-0.0338980000,-0.0618050000,-0.0235400000,0.0031520000,0.0055860000,-0.0253700000,-0.0152010000,-0.0126980000,-0.0126440000
2020-03-02,0.0363590000,0.0540180000,0.0357140000,0.0000900000,0.0027200000,0.0206070000,0.0154360000,0.0407290000,-0.0228290000
2020-03-03,-0.0007360000,0.0075000000,0.0000000000,-0.0000810000,-0.0025920000,0.0021250000,0.0010860000,-0.0030900000,-0.0019940000
2020-03-04,0.0071200000,0.0049630000,0.0129310000,0.0017900000,0.0084850000,-0.0063630000,-0.0010850000,0.0000000000,0.0225520000
2020-03-05,0.0238910000,0.0172840000,0.0119150000,0.0019570000,-0.0001380000,0.0085380000,0.0000000000,0.0010330000,-0.0005580000
2020-03-06,-0.0188100000,-0.0060680000,-0.0151390000,0.0037910000,0.0039620000,-0.0052910000,-0.0043430000,-0.0051600000,0.0209500000
2020-03-09,-0.0317880000,-0.0402930000,-0.0256190000,0.0124660000,0.0163450000,-0.0244680000,-0.0501640000,-0.0165980000,-0.0073870000
2020-03-10,0.0220550000,0.0267180000,0.0122700000,-0.0076700000,-0.0040120000,0.0130860000,0.0034440000,0.0094940000,-0.0126790000
2020-03-11,-0.0164300000,-0.0136310000,-0.0086580000,0.0001060000,-0.0021880000,-0.0086110000,0.0011440000,-0.0073150000,0.0086540000
2020-03-12,-0.0157070000,-0.0226130000,-0.0139740000,0.0017330000,0.0025530000,-0.0097720000,-0.0137140000,-0.0042110000,-0.0091340000
2020-03-13,-0.0149440000,-0.0064270000,-0.0177150000,-0.0079800000,-0.0022930000,-0.0087720000,-0.0034760000,0.0137420000,-0.0298880000
2020-03-16,-0.0419130000,-0.0491590000,-0.0243460000,0.0000980000,-0.0011050000,-0.0110620000,-0.0116280000,0.0000000000,-0.0256260000
2020-03-17,-0.0088570000,-0.0013610000,-0.0009240000,-0.0037010000,-0.0060570000,-0.0100670000,-0.0082350000,0.0010430000,-0.0460990000
2020-03-18,-0.0167890000,-0.0149860000,-0.0166510000,0.0005540000,-0.0026660000,-0.0519770000,-0.0177940000,-0.0020830000,0.0201360000
2020-03-19,-0.0096390000,0.0096820000,-0.0178740000,-0.0027220000,-0.0025540000,-0.0560190000,-0.0241550000,-0.0093950000,-0.0030370000
2020-03-20,0.0133480000,0.0136990000,0.0201150000,-0.0002690000,-0.0025840000,0.0441920000,0.0235150000,0.0295050000,0.0106610000
2020-03-23,-0.0323820000,-0.0445950000,-0.0291080000,0.0052820000,0.0031790000,-0.0459490000,-0.0326480000,0.0532240000,-0.0021100000
2020-03-24,0.0241070000,0.0155590000,0.0251450000,0.0016560000,0.0037490000,0.0253490000,0.0050000000,-0.0136050000,0.0543640000
2020-03-25,0.0263090000,0.0236770000,0.0216980000,0.0000800000,0.0010600000,0.0197780000,-0.0012440000,0.0167490000,0.0171870000
2020-03-26,-0.0062060000,-0.0081630000,-0.0073870000,0.0014760000,0.0002980000,-0.0084850000,-0.0074720000,-0.0261630000,-0.0033790000
2020-03-27,0.0046160000,-0.0054870000,0.0074420000,0.0002310000,0.0007380000,0.0134470000,-0.0163110000,0.0119400000,0.0118680000
2020-03-30,-0.0091890000,-0.0275860000,-0.0073870000,0.0002480000,0.0000650000,-0.0120630000,-0.0255100000,0.0088500000,-0.0083780000
2020-03-31,0.0008180000,0.0000000000,-0.0037210000,0.0009760000,0.0000360000,0.0109890000,0.0222510000,-0.0029240000,0.0011260000
2020-04-01,0.0010900000,-0.0028370000,-0.0046690000,0.0013740000,0.0037450000,-0.0072460000,-0.0217670000,-0.0293260000,-0.0168780000
2020-04-02,0.0136130000,0.0256050000,0.0103190000,-0.0003280000,0.0012380000,0.0085160000,0.0366490000,-0.0040280000,0.0048640000
2020-04-03,-0.0069840000,-0.0069350000,-0.0027860000,0.0000090000,-0.0012770000,0.0060310000,-0.0025250000,-0.0131450000,0.0091120000
2020-04-07,0.0224510000,0.0363130000,0.0148980000,0.0040730000,0.0039200000,0.0155880000,0.0126580000,0.0030740000,0.0284990000
2020-04-08,-0.0039680000,0.0013480000,-0.0027520000,0.0019050000,0.0026070000,0.0023610000,-0.0037500000,0.0020430000,-0.0101510000
2020-04-09,0.0029220000,0.0121130000,0.0027600000,-0.0010300000,-0.0016180000,-0.0023560000,0.0188210000,0.0010190000,0.0024940000
2020-04-10,-0.0031780000,-0.0159570000,-0.0045870000,-0.0009870000,-0.0018330000,0.0224320000,0.0086210000,0.0010180000,0.0052530000
2020-04-13,-0.0055790000,-0.0175680000,0.0000000000,0.0007590000,-0.0048590000,0.0011550000,-0.0305250000,-0.0071210000,0.0000000000
2020-04-14,0.0165640000,0.0192570000,0.0082950000,-0.0003350000,-0.0007180000,-0.0011530000,-0.0062970000,0.0000000000,0.0121010000
2020-04-15,-0.0057820000,-0.0080970000,-0.0054840000,0.0012610000,-0.0003620000,0.0011550000,0.0126740000,0.0010250000,-0.0035330000
2020-04-16,0.0005290000,0.0108840000,-0.0018380000,0.0026860000,0.0005350000,-0.0034600000,-0.0187730000,-0.0153530000,0.0073630000
2020-04-17,0.0089830000,0.0013460000,0.0055250000,-0.0008690000,-0.0004510000,0.0173610000,0.0089290000,-0.0010400000,-0.0165130000
2020-04-20,0.0041900000,0.0188170000,0.0036630000,-0.0030500000,-0.0063960000,0.0068260000,-0.0063210000,-0.0104060000,-0.0038540000
2020-04-21,-0.0104300000,-0.0079160000,-0.0091240000,-0.0000090000,-0.0013630000,-0.0225990000,-0.0216280000,-0.0010520000,0.0096710000
2020-04-22,0.0089590000,0.0093090000,0.0000000000,0.0025040000,-0.0008500000,-0.0092490000,-0.0286090000,0.0105260000,-0.0035580000
2020-04-23,-0.0018280000,-0.0052700000,0.0000000000,0.0048020000,0.0087150000,0.0210040000,0.0388220000,0.0031250000,0.0173030000
2020-04-24,-0.0083730000,-0.0158940000,-0.0073660000,0.0023810000,0.0001780000,-0.0034290000,-0.0064430000,-0.0041540000,0.0078290000
2020-04-27,0.0044850000,-0.0080750000,0.0083490000,-0.0002440000,-0.0029090000,0.0160550000,-0.0142670000,0.0062570000,-0.0061610000
2020-04-28,0.0063040000,-0.0135690000,0.0009200000,0.0011350000,0.0005540000,-0.0056430000,0.0105260000,-0.0145080000,-0.0078170000
2020-04-29,0.0052210000,0.0000000000,0.0174630000,0.0010030000,0.0014160000,0.0022700000,0.0143230000,-0.0042060000,0.0038030000
2020-04-30,0.0148010000,0.0247590000,0.0099370000,-0.0021610000,-0.0013070000,0.0067950000,0.0179720000,0.0021120000,0.0043300000
2020-05-06,0.0025590000,0.0187920000,-0.0017890000,-0.0018520000,-0.0039330000,0.0022500000,0.0138710000,0.0084300000,-0.0008080000
2020-05-07,-0.0017870000,-0.0013180000,0.0000000000,-0.0046720000,-0.0037580000,0.0022450000,-0.0062190000,-0.0010450000,-0.0043150000
2020-05-08,0.0107390000,0.0131930000,0.0053760000,-0.0024880000,-0.0034660000,0.0089590000,0.0050060000,0.0000000000,0.0124590000
2020-05-11,-0.0017710000,-0.0026040000,0.0062390000,-0.0048470000,-0.0042060000,0.0011100000,0.0012450000,-0.0062760000,-0.0045480000
2020-05-12,-0.0002530000,0.0026110000,-0.0070860000,0.0027720000,-0.0018850000,-0.0066520000,-0.0024880000,0.0000000000,-0.0021500000
2020-05-13,0.0022810000,0.0078130000,0.0026760000,-0.0022610000,-0.0007450000,-0.0055800000,0.0037410000,-0.0042110000,0.0021550000
2020-05-14,-0.0083460000,-0.0077520000,-0.0115660000,-0.0004510000,-0.0028050000,-0.0011220000,0.0037270000,-0.0116280000,0.0064500000
2020-05-15,-0.0048460000,0.0052080000,-0.0027000000,0.0018060000,-0.0009900000,-0.0011240000,0.0111390000,0.0021390000,0.0146860000
2020-05-18,0.0030750000,-0.0064770000,0.0045130000,-0.0043750000,-0.0027000000,0.0101240000,0.0000000000,0.0160090000,0.0239470000
2020-05-19,0.0074090000,0.0156450000,0.0026950000,0.0013050000,-0.0018480000,0.0111360000,0.0024480000,-0.0021010000,-0.0161910000
2020-05-20,-0.0040580000,-0.0077020000,-0.0044800000,0.0018180000,0.0040690000,0.0055070000,0.0219780000,0.0063160000,0.0109720000
2020-05-21,-0.0066210000,-0.0168180000,0.0000000000,0.0004430000,0.0006450000,0.0054760000,-0.0059740000,-0.0062760000,-0.0085270000
2020-05-22,-0.0220460000,-0.0184210000,-0.0180020000,0.0046440000,0.0025600000,-0.0239650000,-0.0240380000,0.0084210000,-0.0013030000
2020-05-25,0.0005240000,0.0000000000,0.0036660000,-0.0031790000,0.0012860000,0.0078130000,0.0147780000,0.0093950000,-0.0026100000
2020-05-26,0.0120510000,0.0227880000,0.0036530000,-0.0036840000,-0.0047670000,0.0033220000,-0.0012140000,0.0020680000,0.0047100000
2020-05-27,-0.0046600000,-0.0065530000,0.0018200000,-0.0000180000,-0.0003650000,-0.0055190000,-0.0036450000,0.0113520000,-0.0101560000
2020-05-28,0.0013000000,-0.0026390000,0.0045410000,0.0028820000,0.0016380000,0.0044400000,0.0073170000,-0.0112240000,0.0071030000
2020-05-29,0.0041560000,0.0119050000,-0.0018080000,-0.0033240000,0.0011980000,0.0055250000,-0.0084750000,0.0041280000,-0.0002610000
2020-06-01,0.0263840000,0.0326800000,0.0153990000,-0.0029450000,0.0009840000,0.0120880000,0.0134310000,-0.0051390000,0.0083620000
2020-06-02,0.0027720000,-0.0012660000,0.0035680000,-0.0030070000,-0.0047860000,-0.0021720000,-0.0012050000,-0.0020660000,-0.0023320000
2020-06-03,-0.0002510000,-0.0012670000,0.0008890000,-0.0017040000,-0.0012920000,0.0087050000,0.0096500000,0.0072460000,-0.0093510000
2020-06-04,0.0005030000,0.0063450000,0.0026640000,-0.0033340000,-0.0032770000,-0.0053940000,-0.0119470000,0.0123330000,-0.0078660000
2020-06-05,0.0057790000,-0.0012610000,-0.0035430000,-0.0008610000,-0.0039490000,0.0097610000,0.0145100000,0.0020300000,0.0000000000
2020-06-08,0.0047460000,0.0000000000,0.0062220000,0.0033930000,0.0013650000,0.0118150000,0.0107270000,-0.0111450000,-0.0092490000
2020-06-09,0.0067130000,0.0063130000,0.0044170000,-0.0001790000,0.0008350000,0.0042460000,-0.0082550000,0.0030740000,0.0000000000
2020-06-10,-0.0022230000,-0.0012550000,0.0000000000,-0.0002680000,-0.0003930000,0.0052850000,-0.0035670000,0.0000000000,0.0098690000
2020-06-11,-0.0091580000,-0.0025130000,-0.0096750000,0.0044030000,0.0038350000,-0.0063090000,-0.0035800000,-0.0071500000,0.0087160000
2020-06-12,0.0024980000,0.0012590000,0.0017760000,0.0008470000,0.0039980000,0.0000000000,-0.0047900000,0.0123460000,-0.0005240000
2020-06-15,-0.0142040000,0.0000000000,-0.0088650000,0.0026800000,0.0030740000,-0.0105820000,-0.0096270000,-0.0091460000,-0.0023580000
2020-06-16,0.0156720000,0.0201260000,0.0107330000,-0.0073880000,-0.0066280000,0.0203210000,0.0109360000,0.0082050000,-0.0010500000
2020-06-17,0.0009960000,0.0036990000,0.0044250000,-0.0008320000,-0.0049610000,-0.0020960000,0.0012020000,-0.0040690000,0.0007890000
2020-06-18,0.0077080000,-0.0024570000,0.0044050000,-0.0016200000,-0.0005530000,0.0010500000,0.0036010000,0.0000000000,-0.0010510000
2020-06-19,0.0128300000,0.0086210000,0.0035090000,0.0002420000,-0.0023780000,0.0125920000,0.0035890000,-0.0030640000,0.0018410000
2020-06-22,0.0009740000,0.0048840000,-0.0069930000,0.0001790000,-0.0025370000,-0.0041450000,0.0011920000,0.0051230000,0.0110240000
2020-06-23,0.0046240000,0.0024300000,-0.0035210000,-0.0049300000,-0.0005490000,0.0052030000,-0.0011900000,-0.0030580000,-0.0012980000
2020-06-24,0.0087210000,-0.0036360000,0.0044170000,0.0045940000,0.0015880000,-0.0010350000,0.0000000000,0.0010220000,0.0070180000
2020-06-29,-0.0086460000,-0.0012170000,-0.0052770000,0.0004120000,0.0019920000,0.0082900000,-0.0119190000,-0.0051070000,-0.0002580000
2020-06-30,0.0121120000,0.0146160000,0.0097260000,-0.0009230000,0.0026780000,0.0051390000,0.0072380000,0.0020530000,0.0010330000
2020-07-01,0.0224990000,0.0060020000,0.0271450000,0.0009240000,-0.0001780000,0.0081800000,0.0059880000,0.0266390000,0.0064480000
2020-07-02,0.0229400000,0.0119330000,0.0281330000,0.0013440000,0.0004110000,0.0010140000,0.0059520000,0.0039920000,-0.0092260000
2020-07-03,0.0199080000,0.0129720000,0.0140960000,-0.0010380000,-0.0037750000,-0.0010130000,0.0047340000,0.0000000000,0.0033630000
2020-07-06,0.0733680000,0.0419090000,0.0662310000,-0.0090950000,-0.0082120000,0.0050710000,0.0094230000,0.0079520000,-0.0018050000
2020-07-07,-0.0100330000,0.0122910000,-0.0023010000,-0.0042410000,-0.0029130000,0.0010090000,-0.0081680000,-0.0059170000,0.0007750000
2020-07-08,0.0130910000,0.0198680000,0.0023060000,-0.0032690000,-0.0041300000,0.0010080000,0.0047060000,-0.0039680000,0.0038710000
2020-07-09,0.0154230000,0.0346320000,0.0084360000,-0.0017220000,-0.0063430000,0.0161130000,0.0000000000,0.0019920000,0.0066840000
2020-07-10,-0.0178570000,-0.0031380000,-0.0220530000,0.0024820000,-0.0001450000,-0.0059460000,-0.0140520000,0.0049700000,-0.0066390000
2020-07-13,0.0208990000,0.0482690000,0.0256610000,-0.0017120000,-0.0014610000,0.0408770000,0.0178150000,-0.0108800000,0.0038560000
2020-07-14,-0.0088020000,-0.0150150000,-0.0053070000,0.0039850000,-0.0011790000,-0.0105360000,0.0046670000,-0.0020000000,-0.0010240000
2020-07-15,-0.0119790000,-0.0335370000,-0.0106710000,0.0035880000,0.0039210000,0.0009680000,0.0000000000,0.0010020000,0.0007690000
2020-07-16,-0.0476590000,-0.0494220000,-0.0130970000,0.0023620000,0.0021570000,-0.0270790000,-0.0023230000,0.0070070000,-0.0038420000
2020-07-17,0.0107550000,0.0055310000,-0.0039030000,-0.0027000000,0.0024720000,0.0069580000,-0.0046570000,0.0039760000,-0.0054000000
2020-07-20,0.0264930000,0.0330030000,0.0407520000,-0.0010050000,0.0013650000,-0.0009870000,-0.0081870000,0.0059410000,0.0054290000
2020-07-21,0.0025390000,0.0074550000,-0.0022590000,0.0005350000,0.0015250000,0.0138340000,0.0070750000,0.0000000000,0.0061710000
2020-07-22,0.0111840000,0.0105710000,0.0007550000,0.0061960000,0.0023970000,0.0087720000,0.0000000000,0.0039370000,0.0235110000
2020-07-23,-0.0054260000,-0.0010460000,-0.0090500000,0.0011790000,0.0000500000,-0.0067630000,0.0035130000,0.0088240000,0.0057430000
2020-07-24,-0.0444820000,-0.0471200000,-0.0304410000,0.0016640000,0.0050500000,-0.0058370000,-0.0105020000,0.0165210000,0.0104270000
2020-07-27,0.0061480000,0.0010990000,-0.0070640000,0.0004670000,0.0032030000,0.0127200000,0.0000000000,0.0047800000,0.0240790000
2020-07-28,0.0076390000,0.0109770000,0.0063240000,-0.0026380000,-0.0021060000,0.0019320000,0.0035380000,-0.0285440000,-0.0028790000
2020-07-29,0.0285900000,0.0314880000,0.0133540000,-0.0015110000,-0.0033480000,0.0077150000,0.0047000000,0.0048970000,0.0031280000
2020-07-30,-0.0073700000,-0.0031580000,0.0085270000,-0.0019820000,-0.0011920000,0.0009570000,0.0000000000,-0.0048730000,-0.0071960000
2020-07-31,0.0076370000,0.0168950000,0.0076860000,-0.0036290000,-0.0023000000,0.0019120000,-0.0035090000,0.0039180000,0.0091810000
2020-08-03,0.0157890000,0.0332290000,0.0266970000,0.0007340000,-0.0023490000,-0.0057250000,-0.0011740000,0.0019510000,-0.0028730000
2020-08-04,0.0008290000,-0.0050250000,0.0022290000,0.0001900000,0.0005750000,0.0067180000,0.0094010000,-0.0058420000,0.0007200000
2020-08-05,0.0004140000,0.0080810000,-0.0059300000,0.0012950000,0.0000120000,0.0028600000,0.0023280000,-0.0107740000,0.0273510000
2020-08-06,-0.0037260000,0.0060120000,-0.0022370000,0.0003620000,-0.0041510000,0.0076050000,0.0046460000,-0.0059410000,0.0079400000
2020-08-07,-0.0099730000,-0.0159360000,0.0022420000,-0.0012290000,-0.0048330000,-0.0028300000,0.0046240000,-0.0009960000,0.0053290000
2020-08-10,0.0033580000,0.0050610000,0.0089490000,0.0009590000,0.0022230000,-0.0151370000,0.0046030000,-0.0029910000,-0.0076050000
2020-08-11,-0.0098310000,-0.0231620000,-0.0036950000,-0.0011570000,0.0048390000,-0.0009610000,0.0068730000,-0.0030000000,-0.0206690000
2020-08-12,-0.0067600000,-0.0164950000,-0.0059350000,-0.0015750000,0.0002880000,-0.0038460000,-0.0022750000,-0.0020060000,-0.0592840000
2020-08-13,-0.0031900000,0.0041930000,0.0089550000,0.0025650000,0.0007320000,0.0057920000,-0.0011400000,0.0110550000,0.0115960000
2020-08-14,0.0194150000,0.0146140000,0.0059170000,0.0003530000,0.0009310000,0.0009600000,-0.0045660000,0.0049700000,0.0094690000
2020-08-17,0.0207200000,0.0216050000,0.0272060000,0.0008130000,0.0023780000,0.0095880000,0.0034400000,0.0029670000,0.0098740000
2020-08-18,-0.0014350000,0.0100700000,0.0007160000,0.0002890000,0.0003920000,0.0037990000,0.0034290000,0.0019720000,0.0232220000
2020-08-19,-0.0156060000,-0.0189430000,-0.0050070000,-0.0016160000,-0.0034670000,0.0170290000,-0.0034170000,-0.0019690000,-0.0102720000
2020-08-20,-0.0106380000,-0.0152440000,-0.0115030000,-0.0023240000,-0.0023610000,-0.0018600000,-0.0034290000,0.0000000000,-0.0236540000
2020-08-21,0.0084330000,0.0092880000,-0.0014550000,0.0003350000,-0.0003320000,-0.0009320000,-0.0091740000,-0.0059170000,0.0039560000
2020-08-24,0.0062720000,0.0112470000,0.0065550000,-0.0001630000,0.0017410000,-0.0055970000,0.0046300000,-0.0029760000,-0.0098500000
2020-08-25,0.0018700000,0.0010110000,-0.0043420000,-0.0027910000,-0.0026450000,-0.0018760000,-0.0080650000,0.0119400000,0.0014920000
2020-08-26,-0.0122360000,-0.0262630000,-0.0138080000,-0.0013090000,-0.0005770000,0.0056390000,0.0046460000,0.0088500000,-0.0019870000
2020-08-27,0.0075580000,0.0134850000,-0.0014740000,0.0006100000,-0.0020200000,0.0018690000,0.0057800000,-0.0038990000,0.0116940000
2020-08-28,0.0245880000,0.0143300000,0.0154980000,-0.0028280000,-0.0012950000,0.0083960000,0.0045980000,0.0019570000,0.0004920000
2020-08-31,-0.0087450000,0.0000000000,-0.0065410000,0.0007210000,0.0018500000,0.0009250000,0.0125860000,0.0166020000,0.0046710000
2020-09-01,0.0069760000,0.0060540000,-0.0051210000,0.0035820000,0.0015450000,0.0166360000,0.0045200000,-0.0115270000,0.0102760000
2020-09-02,-0.0008150000,0.0040120000,-0.0051470000,-0.0014080000,-0.0032930000,-0.0100000000,0.0067490000,-0.0009720000,-0.0104140000
2020-09-03,-0.0040780000,-0.0109890000,-0.0044350000,0.0027650000,-0.0025490000,-0.0055100000,-0.0100560000,-0.0048640000,-0.0173760000
2020-09-04,-0.0112610000,0.0000000000,-0.0051970000,0.0002270000,-0.0004920000,-0.0064640000,-0.0045150000,0.0185730000,0.0034870000
2020-09-07,-0.0200870000,-0.0191920000,-0.0119400000,-0.0022030000,-0.0036990000,0.0065060000,0.0000000000,0.0038390000,-0.0007450000
2020-09-08,0.0050720000,0.0092690000,0.0052870000,0.0031710000,-0.0018940000,0.0027700000,0.0000000000,0.0028680000,0.0004970000
2020-09-09,-0.0233390000,-0.0326530000,-0.0157780000,0.0025910000,0.0032240000,-0.0193370000,-0.0124720000,-0.0085800000,0.0000000000
2020-09-10,0.0008610000,-0.0327000000,-0.0038170000,0.0005690000,0.0029420000,-0.0103290000,-0.0034440000,0.0067310000,0.0074480000
2020-09-11,0.0077440000,0.0152670000,0.0000000000,-0.0050840000,-0.0024410000,0.0000000000,-0.0011520000,0.0210120000,-0.0027110000
2020-09-14,0.0057630000,0.0128890000,0.0000000000,-0.0035030000,-0.0026430000,0.0132830000,0.0023070000,0.0168380000,0.0007410000
2020-09-15,0.0074280000,0.0074230000,0.0038310000,0.0037800000,0.0000000000,0.0028090000,0.0069040000,0.0027600000,0.0037040000
2020-09-16,-0.0058980000,-0.0084210000,0.0022900000,0.0003450000,0.0005580000,-0.0028010000,0.0034290000,-0.0183490000,-0.0034440000
2020-09-17,-0.0061450000,0.0053080000,0.0030460000,-0.0004990000,0.0001770000,-0.0103000000,-0.0034170000,0.0018690000,-0.0069120000
2020-09-18,0.0258000000,0.0168950000,0.0227790000,0.0001910000,-0.0003740000,0.0179750000,0.0022860000,0.0298510000,0.0039770000
2020-09-21,-0.0114320000,0.0000000000,-0.0074240000,0.0045550000,-0.0000130000,-0.0037170000,-0.0114030000,-0.0090580000,0.0002480000
2020-09-22,-0.0119850000,-0.0197300000,-0.0149590000,0.0016260000,0.0026680000,-0.0083960000,-0.0046140000,-0.0118830000,-0.0220300000
2020-09-23,0.0029790000,0.0105930000,-0.0015190000,-0.0022090000,0.0010560000,-0.0065850000,-0.0046350000,-0.0046250000,-0.0156920000
2020-09-24,-0.0163380000,-0.0262050000,-0.0136880000,-0.0004340000,-0.0001260000,-0.0179920000,0.0011640000,0.0009290000,-0.0113140000
2020-09-25,0.0006470000,-0.0053820000,-0.0053970000,-0.0013740000,0.0000380000,0.0038570000,0.0023260000,-0.0046430000,0.0124840000
2020-09-28,0.0021560000,-0.0119050000,0.0046510000,0.0012770000,-0.0023240000,0.0057640000,-0.0046400000,0.0083960000,-0.0030820000
2020-09-29,0.0023660000,0.0098580000,-0.0007720000,-0.0017270000,0.0007790000,0.0009550000,0.0046620000,-0.0083260000,0.0136560000
2020-09-30,-0.0030040000,-0.0054230000,-0.0061780000,-0.0019470000,-0.0018030000,-0.0009540000,-0.0069610000,0.0055970000,0.0002540000
2020-10-09,0.0200170000,0.0294440000,0.0155400000,-0.0013430000,-0.0025850000,0.0105060000,0.0105140000,0.0575140000,-0.0005080000
2020-10-12,0.0312300000,0.0349580000,0.0168320000,-0.0027260000,-0.0021470000,0.0056710000,0.0161850000,0.0078950000,0.0114420000
2020-10-13,0.0032740000,0.0040940000,0.0022570000,0.0004280000,-0.0002800000,-0.0018800000,-0.0079640000,-0.0174060000,-0.0032680000
2020-10-14,-0.0048950000,-0.0101940000,-0.0037540000,-0.0009110000,-0.0005730000,-0.0037660000,0.0022940000,-0.0017710000,-0.0116020000
2020-10-15,-0.0024600000,-0.0082390000,-0.0007540000,-0.0007660000,-0.0018290000,-0.0028360000,0.0057210000,0.0000000000,-0.0015310000
2020-10-16,-0.0028770000,-0.0020770000,0.0052790000,0.0020160000,-0.0003700000,0.0037910000,0.0011380000,0.0150840000,0.0033220000
2020-10-19,-0.0063880000,-0.0072840000,-0.0037510000,0.0021670000,0.0008110000,0.0009440000,-0.0034090000,-0.0008740000,0.0012740000
2020-10-20,0.0062210000,0.0115300000,0.0000000000,-0.0018540000,-0.0003760000,0.0009430000,-0.0034210000,0.0026250000,-0.0040700000
2020-10-21,0.0012370000,-0.0145080000,0.0022590000,0.0002640000,0.0008170000,0.0141380000,0.0080090000,-0.0008730000,0.0033210000
2020-10-22,-0.0032940000,-0.0063090000,-0.0045080000,0.0011740000,0.0027240000,0.0000000000,-0.0045400000,0.0000000000,0.0007640000
2020-10-23,-0.0115650000,-0.0179890000,-0.0037740000,-0.0005450000,-0.0008400000,-0.0065060000,-0.0079820000,-0.0122270000,-0.0033070000
2020-10-26,-0.0075220000,-0.0010780000,-0.0037880000,-0.0013010000,0.0009170000,-0.0056130000,-0.0091950000,0.0070730000,-0.0045940000
2020-10-27,0.0029470000,0.0075510000,-0.0038020000,0.0023950000,0.0009670000,0.0028220000,0.0081210000,-0.0035120000,0.0089740000
2020-10-28,0.0083960000,-0.0010710000,-0.0022900000,-0.0001540000,0.0002860000,0.0093810000,-0.0011510000,-0.0044050000,0.0002540000
2020-10-29,0.0091590000,0.0010720000,0.0099460000,0.0005630000,0.0003880000,-0.0074350000,-0.0034560000,-0.0097350000,-0.0137200000
2020-10-30,-0.0187710000,-0.0256960000,-0.0159090000,-0.0001540000,0.0009400000,-0.0103000000,-0.0034680000,-0.0017870000,-0.0061820000
2020-11-02,0.0058860000,0.0000000000,0.0115470000,0.0020710000,0.0015540000,0.0037840000,0.0046400000,-0.0089530000,0.0095900000
2020-11-03,0.0106580000,0.0219780000,0.0091320000,-0.0004170000,0.0012030000,0.0113100000,0.0000000000,0.0054200000,0.0043650000
2020-11-04,0.0076510000,-0.0053760000,0.0075410000,-0.0000180000,0.0003350000,-0.0037280000,0.0046190000,0.0080860000,0.0043460000
2020-11-05,0.0155960000,0.0194590000,0.0112280000,-0.0001270000,0.0009360000,0.0009350000,-0.0068970000,0.0204990000,-0.0005090000
2020-11-06,0.0004040000,-0.0084840000,0.0044410000,-0.0001000000,-0.0026600000,-0.0018690000,-0.0011570000,0.0000000000,0.0094220000
2020-11-09,0.0195920000,0.0245990000,0.0154750000,-0.0018960000,-0.0012920000,0.0093630000,0.0000000000,-0.0104800000,-0.0027750000
2020-11-10,-0.0053490000,-0.0104380000,-0.0007260000,-0.0003270000,-0.0012500000,-0.0037110000,0.0150640000,0.0035300000,-0.0260560000
2020-11-11,-0.0093610000,-0.0168780000,0.0058100000,-0.0004000000,-0.0014420000,0.0065180000,0.0182650000,0.0316620000,-0.0018180000
2020-11-12,-0.0006030000,0.0032190000,0.0036100000,0.0004360000,-0.0011770000,0.0000000000,0.0033630000,-0.0093780000,-0.0018210000
2020-11-13,-0.0102600000,0.0021390000,-0.0172660000,-0.0029630000,-0.0011400000,0.0064750000,0.0122910000,-0.0077450000,0.0046920000
2020-11-16,0.0107720000,0.0128070000,0.0336750000,0.0009850000,0.0022630000,0.0174630000,0.0022080000,-0.0034690000,-0.0002590000
2020-11-17,-0.0018100000,-0.0126450000,0.0000000000,0.0002640000,-0.0018260000,-0.0117430000,0.0033040000,0.0078330000,-0.0020760000
2020-11-18,-0.0014100000,0.0021340000,0.0056660000,-0.0018850000,-0.0014020000,0.0091410000,-0.0021950000,0.0000000000,-0.0067620000
2020-11-19,0.0084730000,0.0053250000,-0.0070420000,-0.0010400000,-0.0019910000,-0.0072460000,0.0077010000,0.0034540000,-0.0041900000
2020-11-20,0.0030010000,0.0074150000,0.0042550000,-0.0005480000,-0.0012980000,0.0145990000,0.0054590000,0.0129090000,0.0007890000
2020-11-23,0.0115680000,0.0084120000,0.0162430000,0.0012330000,0.0037330000,0.0053960000,-0.0043430000,0.0127440000,0.0021020000
2020-11-24,-0.0063090000,-0.0041710000,-0.0069490000,-0.0003830000,-0.0005930000,0.0107330000,0.0065430000,-0.0050340000,-0.0241220000
2020-11-25,-0.0123020000,-0.0157070000,-0.0132960000,0.0003100000,0.0031150000,-0.0061950000,0.0043340000,-0.0042160000,-0.0110160000
2020-11-26,0.0014060000,-0.0074470000,0.0021280000,-0.0001000000,0.0001720000,0.0115760000,-0.0064720000,-0.0008470000,0.0010870000
2020-11-27,0.0142430000,0.0032150000,0.0063690000,-0.0003100000,-0.0006550000,0.0123240000,0.0108580000,-0.0042370000,-0.0008140000
2020-11-30,-0.0049450000,-0.0053420000,0.0077360000,0.0013880000,0.0047550000,0.0191300000,-0.0032220000,0.0051060000,-0.0247150000
2020-12-01,0.0220630000,0.0150380000,-0.0055830000,-0.0006560000,-0.0016730000,-0.0179180000,0.0107760000,-0.0194750000,0.0077970000
2020-12-02,-0.0021390000,0.0010580000,0.0021050000,-0.0005380000,-0.0026590000,-0.0008690000,0.0106610000,-0.0155440000,0.0146450000
2020-12-03,-0.0003900000,-0.0021140000,-0.0126050000,-0.0002100000,0.0009100000,-0.0130430000,-0.0105490000,-0.0052630000,0.0108930000
2020-12-04,0.0021450000,0.0084750000,-0.0014180000,0.0033960000,0.0033060000,0.0114540000,0.0181240000,0.0070550000,0.0016160000
2020-12-07,-0.0085600000,-0.0031510000,-0.0134940000,-0.0013560000,0.0014890000,-0.0052260000,0.0125650000,-0.0035030000,-0.0021520000
2020-12-08,-0.0031400000,-0.0021070000,-0.0021600000,0.0030800000,0.0024610000,0.0043780000,0.0031020000,-0.0070300000,0.0145550000
2020-12-09,-0.0118110000,-0.0168950000,-0.0108230000,-0.0009450000,0.0018110000,0.0017440000,0.0134020000,0.0008850000,-0.0055790000
2020-12-10,-0.0019920000,0.0000000000,-0.0036470000,-0.0002640000,0.0012410000,0.0095740000,0.0122080000,0.0167990000,-0.0101520000
2020-12-11,-0.0111780000,-0.0139630000,0.0007320000,-0.0015550000,-0.0017870000,0.0086210000,0.0201010000,-0.0165220000,-0.0013500000
2020-12-14,0.0088820000,0.0087150000,-0.0087780000,-0.0014120000,0.0007000000,0.0034190000,-0.0068970000,0.0053050000,0.0002700000
2020-12-15,0.0030010000,0.0032400000,-0.0029520000,0.0002740000,0.0011970000,-0.0008520000,0.0099210000,-0.0026390000,0.0081060000
2020-12-16,0.0019950000,-0.0096880000,-0.0029610000,0.0000460000,-0.0000060000,0.0042630000,-0.0049120000,0.0132280000,0.0067010000
2020-12-17,0.0141350000,0.0108700000,0.0037120000,-0.0008300000,-0.0010700000,0.0110360000,0.0078970000,0.0000000000,0.0053250000
2020-12-18,-0.0056930000,-0.0021510000,0.0081360000,0.0000090000,0.0011530000,0.0117550000,0.0117530000,0.0139250000,0.0074150000
2020-12-21,0.0088850000,0.0172410000,-0.0022010000,-0.0001460000,0.0021960000,-0.0033200000,0.0029040000,0.0309010000,0.0120930000
2020-12-22,-0.0150680000,-0.0190680000,-0.0213240000,0.0018890000,0.0040050000,-0.0283100000,-0.0250970000,0.0083260000,-0.0150650000
2020-12-23,0.0081460000,0.0064790000,-0.0007510000,0.0006010000,0.0006190000,0.0017140000,-0.0079210000,0.0016520000,-0.0026370000
2020-12-24,0.0000000000,-0.0118030000,-0.0075190000,0.0000820000,-0.0029310000,0.0042770000,0.0099800000,-0.0065950000,0.0037020000
2020-12-25,0.0082770000,0.0043430000,0.0090910000,0.0012290000,0.0036410000,0.0076660000,0.0019760000,0.0008300000,0.0047420000
2020-12-28,0.0027370000,-0.0032430000,-0.0060060000,0.0002180000,0.0029040000,-0.0008450000,-0.0187380000,-0.0008290000,0.0018350000
2020-12-29,-0.0031190000,-0.0054230000,-0.0037760000,0.0017180000,0.0025780000,-0.0118440000,-0.0140700000,-0.0074690000,-0.0057580000
2020-12-30,0.0125150000,0.0021810000,0.0030330000,0.0005450000,0.0027880000,0.0008560000,0.0050970000,0.0275920000,-0.0013160000
2020-12-31,0.0210510000,0.0206750000,0.0037790000,-0.0013060000,-0.0007120000,-0.0119760000,0.0101420000,0.0341740000,0.0047440000
2021-01-04,0.0088900000,0.0191900000,-0.0060240000,-0.0006090000,-0.0033900000,0.0077920000,0.0070280000,0.0047210000,0.0133790000
2021-01-05,0.0185600000,0.0020920000,-0.0007580000,0.0015630000,0.0028420000,0.0051550000,0.0019940000,0.0015660000,0.0051770000
2021-01-06,0.0090190000,-0.0104380000,0.0098560000,0.0020870000,0.0016560000,0.0094020000,-0.0019900000,0.0086000000,0.0020600000
2021-01-07,0.0213430000,-0.0158230000,0.0015020000,-0.0001270000,0.0013310000,0.0135480000,0.0149550000,-0.0031010000,-0.0066820000
2021-01-08,-0.0050010000,-0.0053590000,0.0014990000,0.0001810000,-0.0019040000,0.0058480000,-0.0108060000,0.0038880000,-0.0054330000
2021-01-11,-0.0113090000,-0.0172410000,-0.0089820000,-0.0003170000,-0.0018520000,-0.0274090000,-0.0019860000,0.0240120000,-0.0267950000
2021-01-12,0.0290490000,0.0197370000,0.0015110000,0.0005340000,0.0013900000,0.0025620000,0.0049750000,0.0030260000,0.0074850000
2021-01-13,-0.0038810000,-0.0118280000,-0.0015080000,0.0022450000,0.0029370000,-0.0008520000,0.0029700000,0.0444950000,-0.0015920000
2021-01-14,-0.0182430000,-0.0010880000,-0.0022660000,0.0013640000,0.0014210000,0.0000000000,-0.0098720000,-0.0108300000,-0.0066440000
2021-01-15,-0.0030670000,0.0054470000,0.0075700000,0.0014700000,-0.0026410000,0.0008530000,0.0029910000,-0.0043800000,0.0024080000
2021-01-18,0.0108180000,0.0216680000,0.0052590000,-0.0022970000,-0.0018190000,0.0093700000,-0.0019880000,-0.0175950000,-0.0018680000
2021-01-19,-0.0136040000,-0.0095440000,0.0097160000,-0.0009570000,0.0004340000,-0.0075950000,-0.0109560000,-0.0022390000,0.0013370000
2021-01-20,0.0055170000,0.0053530000,-0.0103630000,0.0019430000,0.0016910000,0.0051020000,-0.0090630000,-0.0306660000,0.0026700000
2021-01-21,0.0171910000,0.0117150000,0.0007480000,0.0000540000,0.0022820000,0.0067680000,0.0020330000,0.0077160000,0.0093210000
2021-01-22,0.0005390000,-0.0021050000,-0.0164420000,0.0020380000,0.0014010000,-0.0100840000,-0.0060850000,-0.0245020000,-0.0052770000
2021-01-25,0.0118600000,-0.0105490000,-0.0091190000,-0.0004500000,0.0007150000,0.0135820000,-0.0010200000,-0.0164840000,-0.0045090000
2021-01-26,-0.0213110000,-0.0138590000,-0.0030670000,-0.0040340000,-0.0038730000,-0.0092130000,-0.0112360000,0.0031920000,0.0029310000
2021-01-27,0.0018150000,-0.0010810000,0.0007690000,-0.0007860000,0.0015390000,0.0000000000,0.0082640000,0.0270490000,-0.0058450000
2021-01-28,-0.0246330000,-0.0194810000,-0.0122980000,-0.0003350000,-0.0020550000,-0.0152160000,-0.0030740000,-0.0123930000,-0.0042760000
2021-01-29,-0.0068710000,-0.0143490000,-0.0015560000,-0.0019370000,0.0005570000,-0.0034330000,0.0102770000,0.0007840000,0.0045630000
2021-02-01,0.0117800000,0.0067190000,0.0116910000,0.0030200000,0.0016320000,0.0068910000,0.0061040000,-0.0007840000,0.0109540000
2021-02-02,0.0147850000,0.0088990000,-0.0038520000,0.0013110000,0.0002340000,-0.0119760000,-0.0101110000,-0.0196080000,-0.0081920000
2021-02-03,-0.0010930000,-0.0154360000,-0.0015470000,-0.0007950000,-0.0032950000,-0.0069260000,-0.0081720000,-0.0016000000,-0.0101250000
2021-02-04,-0.0020050000,-0.0212770000,-0.0054220000,-0.0000810000,-0.0008480000,0.0139490000,0.0185380000,0.0224360000,-0.0072680000
2021-02-05,0.0014610000,-0.0183070000,0.0147980000,-0.0028370000,-0.0011150000,0.0111780000,-0.0020220000,0.0109720000,-0.0119310000
2021-02-08,0.0131340000,0.0046620000,0.0007670000,-0.0020210000,0.0005890000,0.0093540000,0.0060790000,-0.0178290000,0.0087820000
2021-02-09,0.0248470000,0.0313230000,0.0030670000,0.0007450000,0.0010540000,0.0084250000,0.0070490000,0.0173640000,0.0114250000
2021-02-10,0.0202040000,0.0056240000,0.0061160000,0.0023770000,-0.0011460000,0.0133670000,-0.0070000000,-0.0131890000,0.0002690000
2021-02-18,-0.0074050000,0.0212530000,0.0205170000,-0.0008780000,-0.0028450000,0.0453420000,0.0221550000,0.0055030000,-0.0287710000
2021-02-19,0.0055520000,0.0175250000,0.0171260000,0.0008240000,0.0025300000,0.0165620000,0.0039410000,-0.0093820000,-0.0041530000
2021-02-22,-0.0357140000,0.0010760000,0.0109810000,-0.0009410000,-0.0010910000,0.0442200000,0.0245340000,0.0142070000,0.0113980000
2021-02-23,-0.0026840000,-0.0107530000,-0.0108620000,0.0015400000,-0.0010990000,-0.0133730000,0.0114940000,0.0256810000,0.0112700000
2021-02-24,-0.0263720000,-0.0065220000,-0.0014640000,0.0003620000,0.0011560000,-0.0120480000,0.0104170000,-0.0007590000,-0.0029900000
2021-02-25,0.0093970000,-0.0043760000,0.0234600000,-0.0002170000,-0.0017380000,0.0312500000,0.0346770000,-0.0045560000,-0.0092690000
2021-02-26,-0.0272000000,-0.0153850000,-0.0186250000,-0.0009140000,-0.0008770000,-0.0266080000,-0.0217390000,-0.0427150000,-0.0154100000
2021-03-01,0.0167010000,0.0267860000,0.0116790000,-0.0014940000,0.0048730000,-0.0098710000,0.0101850000,0.0007970000,-0.0044720000
2021-03-02,-0.0127350000,0.0000000000,-0.0050510000,0.0030380000,0.0016470000,-0.0145710000,-0.0137490000,-0.0238850000,-0.0176870000
2021-03-03,0.0196300000,0.0119570000,0.0224800000,-0.0012660000,0.0000430000,0.0178990000,0.0046470000,0.0163130000,0.0051440000
2021-03-04,-0.0306200000,-0.0161120000,0.0007090000,-0.0000810000,-0.0005380000,-0.0282870000,0.0037000000,-0.0152490000,-0.0102360000
2021-03-05,-0.0039720000,0.0010920000,-0.0148830000,0.0012040000,0.0029320000,-0.0125890000,0.0129030000,0.0024450000,-0.0097670000
2021-03-08,-0.0353210000,-0.0250820000,-0.0057550000,0.0011660000,0.0009930000,-0.0047810000,0.0154690000,0.0186990000,0.0116040000
2021-03-09,-0.0198820000,-0.0279640000,-0.0079590000,0.0002980000,-0.0011830000,0.0016010000,-0.0304660000,-0.0191540000,-0.0043020000
2021-03-10,0.0042180000,-0.0115070000,-0.0080230000,0.0009120000,0.0018690000,-0.0055960000,-0.0277260000,-0.0268510000,0.0100810000
2021-03-11,0.0258000000,0.0279390000,0.0213240000,-0.0011820000,-0.0003630000,0.0369770000,0.0104560000,-0.0200670000,0.0091250000
2021-03-12,0.0025350000,0.0022650000,0.0223180000,-0.0003070000,-0.0007700000,-0.0100780000,-0.0028220000,0.0000000000,-0.0138460000
2021-03-15,-0.0198370000,-0.0101690000,0.0049300000,-0.0006870000,-0.0009250000,0.0039150000,0.0028300000,0.0042660000,0.0088830000
2021-03-16,0.0065480000,0.0114160000,0.0049050000,-0.0006060000,0.0014870000,-0.0124800000,-0.0047040000,0.0050980000,0.0025560000
2021-03-17,0.0045340000,0.0033860000,-0.0062760000,-0.0004250000,0.0016570000,0.0031600000,0.0274100000,0.0101440000,0.0031160000
2021-03-18,0.0078490000,0.0011250000,0.0021050000,-0.0016020000,0.0004370000,-0.0031500000,-0.0064400000,-0.0041840000,0.0084720000
2021-03-19,-0.0270640000,-0.0022470000,-0.0119050000,0.0011060000,0.0027850000,-0.0086890000,-0.0259260000,0.0008400000,-0.0053210000
2021-03-22,0.0114070000,0.0168920000,0.0113390000,0.0008330000,0.0021150000,0.0143430000,0.0104560000,0.0117550000,-0.0047860000
2021-03-23,-0.0089040000,-0.0088590000,-0.0140150000,0.0002710000,-0.0004830000,0.0031420000,0.0028220000,-0.0082990000,0.0036780000
2021-03-24,-0.0151730000,-0.0212290000,-0.0099500000,0.0011580000,0.0033180000,-0.0101800000,0.0009380000,0.0142260000,-0.0011270000
2021-03-25,-0.0008110000,0.0022830000,-0.0014360000,0.0004060000,-0.0000310000,-0.0110760000,-0.0018740000,0.0008250000,0.0022570000
2021-03-26,0.0211000000,0.0170840000,0.0079080000,-0.0007680000,-0.0011350000,0.0128000000,0.0178400000,0.0140150000,-0.0022520000
2021-03-29,0.0019870000,0.0022400000,0.0164050000,-0.0001810000,-0.0012520000,0.0055290000,0.0156830000,-0.0130080000,0.0005640000
2021-03-30,0.0087250000,-0.0011170000,-0.0028070000,0.0007860000,0.0003000000,-0.0031420000,0.0090830000,0.0000000000,-0.0118440000
2021-03-31,-0.0072730000,0.0000000000,-0.0014070000,0.0018510000,0.0036990000,-0.0102440000,-0.0099010000,-0.0049420000,-0.0122720000
2021-04-01,0.0122770000,0.0055930000,0.0063420000,-0.0010730000,-0.0019920000,0.0000000000,0.0018180000,0.0430460000,0.0208030000
2021-04-02,0.0095850000,0.0011120000,-0.0084030000,0.0000540000,0.0000430000,0.0230890000,0.0117970000,-0.0071430000,0.0124540000
2021-04-06,-0.0054250000,0.0122220000,0.0000000000,-0.0002530000,-0.0007630000,0.0015560000,0.0098650000,-0.0015990000,-0.0061500000
2021-04-07,-0.0068190000,0.0000000000,0.0077680000,0.0003160000,-0.0005500000,-0.0007770000,-0.0195380000,0.0152120000,0.0047820000
2021-04-08,0.0021580000,-0.0021950000,-0.0014020000,-0.0009380000,-0.0009110000,0.0031100000,-0.0072460000,-0.0070980000,0.0016800000
2021-04-09,-0.0138970000,0.0011000000,0.0000000000,0.0006680000,0.0013700000,-0.0054260000,-0.0127740000,0.0031770000,0.0053100000
2021-04-12,-0.0166730000,-0.0241760000,0.0000000000,0.0020130000,0.0019980000,-0.0148090000,0.0009240000,-0.0221690000,-0.0061160000
2021-04-13,-0.0014130000,-0.0033780000,-0.0056140000,0.0025130000,0.0039990000,0.0007910000,0.0156970000,-0.0024290000,-0.0097900000
2021-04-14,0.0056600000,0.0135590000,0.0049400000,0.0006290000,0.0005160000,0.0071150000,0.0136360000,-0.0048700000,0.0107340000
2021-04-15,-0.0056280000,-0.0022300000,0.0014040000,-0.0013920000,0.0006190000,0.0188380000,0.0188340000,0.0146820000,-0.0002790000
2021-04-16,0.0032340000,0.0134080000,0.0147270000,0.0032190000,0.0017350000,0.0046220000,0.0070420000,0.0136660000,0.0089460000
2021-04-19,0.0253880000,0.0121280000,-0.0027640000,-0.0005200000,0.0023430000,0.0107360000,0.0078670000,-0.0007930000,0.0072040000
2021-04-20,-0.0015720000,-0.0021790000,-0.0034650000,0.0007530000,0.0026700000,-0.0060700000,0.0000000000,0.0158730000,-0.0099040000
2021-04-21,0.0023620000,0.0010920000,0.0034770000,0.0000540000,0.0002530000,-0.0122140000,-0.0095400000,0.0031250000,0.0108360000
2021-04-22,-0.0007850000,0.0043620000,0.0000000000,-0.0006000000,-0.0008790000,0.0023180000,0.0096320000,0.0140190000,0.0008250000
2021-04-23,0.0100220000,-0.0032570000,-0.0076230000,0.0025730000,-0.0005180000,0.0069390000,0.0008670000,0.0046080000,-0.0021970000
2021-04-26,-0.0124510000,-0.0065360000,-0.0034920000,-0.0011360000,-0.0043310000,0.0176110000,0.0008670000,0.0030580000,-0.0060560000
2021-04-27,0.0025610000,-0.0021930000,-0.0035040000,-0.0009040000,-0.0012780000,0.0165540000,0.0155840000,0.0099090000,0.0019390000
2021-04-28,0.0074670000,0.0054950000,0.0077360000,-0.0026260000,0.0002060000,-0.0118430000,0.0119350000,-0.0218870000,-0.0060810000
2021-04-29,0.0089720000,-0.0043720000,0.0111650000,0.0013030000,0.0005880000,0.0187270000,0.0168490000,-0.0092590000,0.0036150000
2021-04-30,-0.0086990000,-0.0021950000,-0.0082820000,0.0018930000,0.0015940000,-0.0051470000,-0.0016570000,-0.0077880000,-0.0055420000
2021-05-06,-0.0130660000,0.0033000000,0.0111340000,-0.0001970000,0.0038670000,0.0177380000,0.0473030000,0.0306120000,0.0147670000
2021-05-07,-0.0120530000,-0.0109650000,0.0068820000,-0.0001970000,-0.0009160000,0.0196080000,0.0126780000,0.0129470000,0.0109830000
2021-05-10,-0.0002000000,0.0000000000,0.0095690000,0.0000180000,0.0010980000,0.0306270000,0.0179970000,-0.0067670000,0.0029880000
2021-05-11,0.0052010000,0.0000000000,-0.0067700000,0.0020070000,0.0009760000,-0.0234970000,0.0046120000,-0.0045420000,-0.0013540000
2021-05-12,0.0061690000,0.0177380000,0.0102250000,-0.0001790000,0.0018060000,0.0063690000,0.0436110000,0.0296580000,0.0027110000
2021-05-13,-0.0108780000,-0.0098040000,-0.0026990000,-0.0006800000,-0.0021280000,-0.0203940000,-0.0337240000,-0.0236340000,-0.0045970000
2021-05-14,0.0251950000,0.0187020000,-0.0020300000,0.0004920000,0.0015900000,-0.0129220000,-0.0280730000,-0.0242060000,0.0059770000
2021-05-17,0.0118980000,-0.0064790000,0.0054240000,-0.0002590000,-0.0005230000,0.0094550000,-0.0062450000,0.0077520000,0.0108020000
2021-05-18,0.0003860000,0.0065220000,0.0026970000,-0.0004470000,0.0002590000,0.0194520000,0.0164960000,-0.0015380000,0.0061450000
2021-05-19,-0.0026970000,-0.0021600000,-0.0013450000,0.0022020000,0.0020030000,-0.0190810000,-0.0170020000,-0.0146380000,0.0013280000
2021-05-20,0.0027050000,0.0010820000,-0.0134680000,0.0019020000,0.0035600000,-0.0115270000,-0.0385220000,-0.0007820000,0.0005300000
2021-05-21,-0.0105970000,0.0032430000,0.0040960000,0.0028440000,0.0051920000,-0.0145770000,-0.0359770000,-0.0109550000,0.0007950000
2021-05-24,0.0054530000,0.0075430000,0.0067980000,0.0008890000,-0.0018390000,-0.0147930000,0.0101780000,0.0015820000,0.0034430000
2021-05-25,0.0317640000,0.0106950000,0.0148550000,-0.0005240000,0.0000780000,0.0082580000,0.0109150000,0.0039490000,-0.0034310000
2021-05-26,0.0001880000,0.0052910000,0.0053230000,0.0015460000,0.0012940000,-0.0007450000,0.0024920000,-0.0086550000,0.0100640000
2021-05-27,0.0035660000,0.0115790000,0.0066180000,-0.0021650000,-0.0015840000,0.0059610000,-0.0058000000,-0.0095240000,-0.0055060000
2021-05-28,-0.0028050000,-0.0052030000,0.0046020000,0.0000710000,0.0001670000,0.0214810000,0.0091670000,0.0144230000,-0.0076460000
2021-05-31,0.0011250000,0.0219670000,0.0058900000,-0.0007730000,0.0019260000,0.0072520000,0.0165150000,-0.0023700000,0.0079700000
2021-06-01,0.0014990000,0.0030710000,0.0000000000,0.0009610000,0.0012080000,0.0000000000,0.0162470000,0.0039590000,0.0052710000
2021-06-02,-0.0080430000,-0.0132650000,0.0019520000,0.0014040000,-0.0014260000,-0.0036000000,-0.0007990000,0.0086750000,-0.0154690000
2021-06-03,-0.0077310000,0.0000000000,-0.0025970000,0.0007720000,-0.0013870000,-0.0072250000,0.0112000000,0.0078190000,-0.0039950000
2021-06-04,0.0062710000,0.0062050000,-0.0019530000,-0.0017120000,-0.0024910000,-0.0181950000,-0.0229430000,-0.0155160000,-0.0117650000
2021-06-07,-0.0011330000,0.0143880000,-0.0104370000,-0.0015810000,-0.0043740000,0.0014830000,-0.0121460000,0.0244290000,0.0070350000
2021-06-08,-0.0079410000,-0.0070920000,0.0032960000,-0.0000710000,-0.0005760000,-0.0022210000,0.0065570000,-0.0007690000,0.0053730000
2021-06-09,0.0015250000,-0.0010200000,0.0013140000,0.0001070000,-0.0020840000,0.0103860000,0.0073290000,-0.0007700000,-0.0008020000
2021-06-10,0.0064700000,0.0153220000,0.0000000000,0.0000360000,0.0013900000,-0.0044050000,-0.0072760000,0.0007700000,-0.0024070000
2021-06-11,-0.0092650000,-0.0070420000,-0.0026250000,-0.0009520000,-0.0042360000,0.0162240000,0.0171010000,0.0046190000,0.0080430000
2021-06-15,-0.0112600000,-0.0070920000,-0.0111840000,-0.0016740000,-0.0001510000,-0.0203190000,0.0152120000,-0.0406130000,-0.0175530000
2021-06-16,-0.0137040000,-0.0183670000,-0.0006650000,0.0011600000,-0.0006160000,-0.0185190000,0.0000000000,-0.0063900000,-0.0005410000
2021-06-17,0.0021530000,0.0155930000,-0.0006660000,-0.0014170000,-0.0035810000,0.0060380000,0.0094640000,-0.0064310000,-0.0173350000
2021-06-18,0.0009760000,0.0102350000,-0.0046640000,0.0015530000,-0.0000120000,-0.0217550000,-0.0273440000,-0.0210360000,-0.0101980000
2021-06-21,-0.0013660000,0.0202630000,-0.0020080000,0.0011230000,0.0054000000,-0.0053680000,0.0040160000,0.0057850000,0.0008350000
2021-06-22,0.0050790000,-0.0009930000,0.0053660000,-0.0005250000,0.0013740000,0.0138780000,0.0216000000,0.0008220000,0.0038950000
2021-06-23,0.0060250000,0.0119280000,0.0120080000,-0.0002320000,0.0008790000,0.0144490000,0.0093970000,-0.0032840000,0.0005540000
2021-06-24,0.0025120000,-0.0137520000,0.0000000000,0.0004900000,0.0008060000,-0.0007500000,0.0062060000,0.0032950000,-0.0049860000
2021-06-25,0.0156100000,0.0049800000,0.0000000000,0.0010240000,0.0003070000,0.0090020000,0.0115650000,0.0024630000,-0.0005570000
2021-06-28,0.0017080000,0.0079290000,-0.0138430000,-0.0003650000,-0.0016760000,-0.0029740000,-0.0297260000,0.0147420000,0.0013930000
2021-06-29,-0.0102290000,-0.0078660000,-0.0026740000,0.0012900000,0.0007640000,-0.0022370000,-0.0117830000,0.0032280000,-0.0044510000
2021-06-30,0.0059330000,0.0128840000,0.0046920000,0.0015370000,0.0012510000,0.0059790000,0.0047690000,0.0080450000,-0.0078230000
2021-07-01,-0.0003810000,-0.0166340000,0.0093400000,0.0008070000,-0.0011410000,-0.0059440000,-0.0063290000,0.0422980000,0.0121090000
2021-07-02,-0.0268370000,-0.0099500000,-0.0118970000,0.0004880000,-0.0000120000,-0.0007470000,0.0103500000,0.0176110000,0.0008350000
2021-07-05,0.0013690000,0.0190950000,-0.0040130000,-0.0000440000,0.0029160000,0.0179510000,0.0307330000,-0.0127920000,0.0038920000
2021-07-06,0.0013670000,-0.0049310000,0.0033580000,0.0003460000,-0.0008510000,0.0080820000,0.0053520000,-0.0068600000,0.0085850000
2021-07-07,0.0103370000,0.0158570000,-0.0026770000,0.0011510000,0.0040740000,-0.0094750000,-0.0182510000,-0.0168840000,-0.0005490000
2021-07-08,-0.0084940000,0.0029270000,-0.0154360000,0.0032730000,0.0077210000,-0.0044150000,-0.0077460000,0.0031230000,-0.0019230000
2021-07-09,-0.0046730000,0.0038910000,0.0074980000,0.0018170000,0.0000000000,0.0059130000,0.0156130000,0.0000000000,0.0033030000
2021-07-12,0.0133020000,0.0193800000,-0.0040600000,0.0002990000,0.0059840000,0.0000000000,0.0146040000,0.0007780000,-0.0013720000
2021-07-13,0.0030890000,0.0076050000,0.0047550000,0.0043290000,0.0023930000,0.0036740000,0.0204550000,0.0069980000,0.0041210000
2021-07-14,-0.0109700000,-0.0132080000,0.0081140000,0.0017350000,0.0020410000,-0.0029280000,0.0141050000,0.0030890000,0.0010940000
2021-07-15,0.0132320000,-0.0028680000,-0.0013410000,-0.0038830000,-0.0044550000,0.0036710000,-0.0248900000,0.0092380000,0.0071060000
2021-07-16,-0.0097950000,0.0009590000,0.0060440000,0.0004740000,0.0020280000,0.0109730000,0.0187690000,0.0007630000,-0.0021710000
2021-07-19,0.0042670000,-0.0009580000,0.0026700000,-0.0003950000,-0.0002120000,-0.0007240000,0.0154750000,0.0137200000,-0.0095190000
2021-07-20,-0.0025110000,0.0076700000,-0.0033290000,0.0018090000,0.0021130000,-0.0130340000,-0.0087080000,-0.0030080000,0.0082370000
2021-07-21,0.0075510000,0.0180780000,-0.0026720000,0.0006920000,0.0017730000,-0.0029350000,0.0043920000,-0.0067870000,-0.0035400000
2021-07-22,0.0009610000,0.0046730000,0.0060280000,-0.0002630000,-0.0001350000,0.0080940000,0.0109330000,-0.0144270000,-0.0076520000
2021-07-23,-0.0099830000,-0.0055810000,-0.0046600000,0.0004640000,0.0011430000,0.0175180000,-0.0028840000,-0.0092450000,0.0046820000
2021-07-26,-0.0339340000,-0.0130960000,-0.0220740000,0.0013840000,0.0046150000,0.0100430000,-0.0115690000,-0.0233280000,0.0019190000
2021-07-27,-0.0347250000,-0.0284360000,-0.0273600000,0.0004900000,-0.0031940000,0.0042610000,-0.0065840000,0.0103500000,-0.0084820000
2021-07-28,0.0020790000,-0.0195120000,-0.0014060000,0.0003850000,0.0003270000,-0.0021220000,0.0117820000,0.0039400000,0.0107620000
2021-07-29,0.0180540000,0.0388060000,0.0007040000,-0.0008470000,0.0018590000,0.0042520000,0.0145560000,0.0204080000,0.0030030000
2021-07-30,-0.0069300000,0.0105360000,0.0000000000,0.0017490000,0.0074280000,0.0042340000,0.0093260000,0.0084620000,0.0024500000
2021-08-02,0.0248360000,0.0218010000,-0.0028150000,0.0025050000,0.0047380000,-0.0014050000,-0.0270080000,-0.0038140000,-0.0111320000
2021-08-03,0.0004010000,-0.0194810000,-0.0077630000,0.0022990000,-0.0018040000,-0.0182970000,-0.0197220000,-0.0030630000,0.0008240000
2021-08-04,0.0088090000,0.0255440000,0.0078240000,-0.0015030000,-0.0002950000,-0.0007170000,0.0141580000,-0.0092170000,0.0021950000
2021-08-05,-0.0059540000,-0.0036900000,0.0000000000,0.0004790000,0.0058580000,-0.0078910000,-0.0220430000,-0.0093020000,-0.0010950000
2021-08-06,-0.0031940000,0.0055560000,0.0063510000,0.0001390000,-0.0003960000,0.0144610000,0.0120210000,0.0054770000,-0.0063030000
2021-08-09,0.0110150000,0.0009210000,0.0147270000,-0.0030340000,-0.0044640000,-0.0106910000,-0.0051970000,0.0116730000,-0.0264750000
2021-08-10,0.0112920000,0.0082800000,0.0006910000,-0.0009940000,-0.0011890000,0.0050430000,0.0179100000,0.0046150000,-0.0036830000
2021-08-11,-0.0052890000,0.0082120000,0.0255520000,-0.0029070000,-0.0014040000,0.0035840000,0.0058650000,-0.0015310000,-0.0011370000
2021-08-12,-0.0063020000,0.0072400000,0.0121210000,0.0015060000,0.0015850000,0.0107140000,-0.0174930000,-0.0176380000,0.0105320000
2021-08-13,-0.0053510000,-0.0008980000,-0.0013310000,0.0008390000,-0.0010570000,-0.0070670000,0.0044510000,0.0234190000,0.0014080000
2021-08-16,-0.0005980000,-0.0125900000,0.0086610000,-0.0000520000,-0.0019260000,-0.0014230000,-0.0096010000,0.0099160000,0.0087200000
2021-08-17,-0.0223290000,-0.0282330000,-0.0151920000,0.0004450000,0.0011240000,0.0057020000,0.0022370000,0.0007550000,0.0100390000
2021-08-18,0.0108080000,0.0103090000,0.0040240000,0.0022180000,0.0043470000,-0.0120480000,-0.0014880000,-0.0098110000,0.0002760000
2021-08-19,-0.0068590000,0.0083490000,-0.0106880000,0.0004270000,0.0020460000,-0.0172170000,-0.0096870000,-0.0152440000,-0.0038640000
2021-08-20,-0.0182820000,0.0036800000,0.0020260000,-0.0002440000,-0.0003110000,-0.0051090000,0.0015050000,-0.0046440000,0.0038790000
2021-08-23,0.0148980000,0.0201650000,0.0087600000,-0.0004270000,-0.0014090000,0.0110050000,0.0420740000,-0.0116640000,-0.0016560000
2021-08-24,0.0106010000,0.0098830000,0.0033400000,0.0010980000,-0.0005990000,0.0087080000,-0.0036050000,0.0031470000,0.0074650000
2021-08-25,0.0028240000,0.0026690000,0.0066580000,0.0001130000,0.0024500000,0.0093530000,0.0166430000,0.0031370000,-0.0057630000
2021-08-26,-0.0170990000,-0.0124220000,0.0125660000,-0.0034030000,-0.0043930000,-0.0071280000,-0.0206410000,0.0000000000,-0.0046920000
2021-08-27,0.0026610000,0.0026950000,0.0052250000,0.0008910000,0.0010110000,0.0078970000,0.0000000000,-0.0039090000,0.0110930000
2021-08-30,-0.0036740000,0.0044800000,0.0058480000,0.0002090000,0.0016390000,0.0192310000,0.0036340000,0.0070640000,0.0019200000
2021-08-31,-0.0004100000,0.0026760000,0.0335920000,0.0007680000,-0.0004150000,-0.0027950000,-0.0050690000,-0.0031180000,0.0002740000
2021-09-01,0.0143470000,-0.0186830000,-0.0075000000,0.0024930000,0.0045060000,-0.0133150000,0.0065500000,-0.0062550000,-0.0005470000
2021-09-02,-0.0008080000,0.0154130000,0.0188920000,-0.0004700000,-0.0004190000,0.0078130000,0.0130150000,0.0023600000,-0.0005480000
2021-09-03,-0.0054600000,-0.0107140000,-0.0024720000,0.0004350000,-0.0001490000,-0.0070470000,0.0099930000,-0.0023550000,-0.0002740000
2021-09-06,0.0170800000,0.0144400000,0.0074350000,-0.0003300000,-0.0006260000,0.0099360000,0.0176680000,-0.0023600000,0.0060290000
2021-09-07,0.0125950000,0.0186830000,0.0202950000,-0.0005390000,-0.0020960000,-0.0056220000,0.0298610000,0.0118300000,-0.0035410000
2021-09-08,-0.0041460000,0.0061140000,0.0198920000,-0.0009570000,-0.0004890000,0.0000000000,-0.0168580000,-0.0101330000,-0.0117550000
2021-09-09,-0.0003970000,-0.0052080000,0.0307330000,-0.0003750000,-0.0001150000,0.0176680000,0.0048010000,-0.0047240000,-0.0041490000
2021-09-10,0.0097180000,0.0069810000,-0.0086010000,-0.0000350000,-0.0007030000,0.0118060000,-0.0191130000,0.0047470000,0.0063890000
2021-09-13,-0.0053030000,0.0008670000,0.0254480000,-0.0013160000,-0.0000060000,0.0151000000,0.0153100000,0.0086610000,-0.0052440000
2021-09-14,-0.0130330000,-0.0043290000,-0.0197410000,-0.0010040000,-0.0013370000,-0.0236650000,0.0020560000,0.0078060000,0.0013870000
2021-09-15,-0.0106040000,0.0086960000,-0.0051780000,-0.0010920000,-0.0005600000,-0.0013850000,0.0198360000,-0.0046480000,0.0036020000
2021-09-16,-0.0113250000,-0.0310340000,-0.0052050000,0.0011720000,0.0001850000,-0.0020800000,0.0107310000,0.0046690000,-0.0085590000
2021-09-17,0.0079770000,0.0017790000,-0.0203490000,0.0013360000,0.0019220000,0.0013900000,-0.0026540000,0.0077460000,-0.0097470000
2021-09-22,-0.0066960000,0.0044400000,0.0302670000,0.0008460000,0.0021440000,0.0062460000,0.0439120000,-0.0115300000,0.0129360000
2021-09-23,0.0059240000,0.0026530000,-0.0005760000,0.0000170000,0.0005810000,0.0006900000,0.0509880000,0.0015550000,-0.0097170000
2021-09-24,0.0014220000,-0.0141090000,-0.0363110000,-0.0002180000,-0.0008160000,0.0055130000,-0.0206190000,-0.0108700000,-0.0053270000
2021-09-27,0.0064900000,-0.0322000000,-0.0209330000,0.0005930000,-0.0004660000,-0.0164500000,0.0352940000,0.0078490000,0.0028180000
2021-09-28,-0.0018130000,0.0018480000,0.0262680000,-0.0005840000,-0.0007310000,-0.0013940000,0.0472490000,-0.0101250000,-0.0089940000
2021-09-29,-0.0066610000,-0.0322880000,-0.0261900000,0.0018660000,0.0010710000,-0.0034890000,-0.0205600000,-0.0031470000,-0.0017020000
2021-09-30,0.0028450000,0.0238320000,0.0134470000,0.0000170000,0.0005750000,-0.0105040000,0.0472300000,-0.0047360000,-0.0039770000
2021-10-08,0.0143870000,0.0055870000,-0.0096500000,-0.0019840000,-0.0029490000,0.0198160000,-0.0250560000,-0.0301350000,0.0119790000
2021-10-11,-0.0002000000,-0.0064810000,0.0097440000,-0.0007150000,-0.0047740000,0.0201250000,0.0776700000,-0.0073590000,-0.0039460000
2021-10-12,-0.0103900000,-0.0251630000,-0.0066340000,-0.0019630000,-0.0021960000,-0.0047620000,0.0280870000,-0.0082370000,0.0059420000
2021-10-13,0.0113060000,0.0114720000,-0.0176080000,-0.0002190000,-0.0001740000,0.0047850000,0.0000000000,-0.0174420000,-0.0005630000
2021-10-14,-0.0053900000,0.0085070000,-0.0080350000,0.0005420000,-0.0000580000,0.0360540000,0.0041240000,0.0084530000,0.0135100000
2021-10-15,0.0048170000,0.0009370000,0.0056070000,-0.0001310000,-0.0026660000,0.0085360000,0.0338810000,0.0000000000,-0.0027770000
2021-10-18,-0.0115860000,0.0093630000,0.0192070000,-0.0035660000,-0.0081000000,0.0436200000,0.0486590000,-0.0092200000,-0.0128100000
2021-10-19,0.0094990000,0.0111320000,0.0000000000,-0.0005960000,0.0016910000,-0.0049910000,0.0800190000,-0.0025380000,0.0031030000
2021-10-20,-0.0028030000,0.0036700000,-0.0194530000,0.0009040000,0.0020750000,-0.0445140000,-0.0999560000,0.0067850000,-0.0025310000
2021-10-21,0.0044170000,-0.0073130000,0.0161190000,0.0011310000,0.0034910000,-0.0019690000,-0.0793960000,0.0016850000,0.0045110000
2021-10-22,0.0065960000,-0.0064460000,0.0000000000,0.0004380000,-0.0005770000,-0.0144640000,-0.0835980000,0.0058870000,0.0042100000
2021-10-25,0.0033760000,0.0148290000,0.0000000000,-0.0001050000,-0.0010260000,0.0013340000,0.0092380000,0.0025080000,-0.0030740000
2021-10-26,-0.0033640000,-0.0018260000,-0.0062420000,0.0009190000,0.0007240000,-0.0013320000,-0.0154460000,-0.0050040000,0.0044860000
2021-10-27,-0.0131060000,-0.0109790000,-0.0175880000,0.0004810000,0.0013180000,-0.0206800000,-0.0546190000,-0.0025150000,-0.0075360000
2021-10-28,-0.0042250000,-0.0222020000,-0.0294120000,0.0001920000,0.0016310000,-0.0143050000,-0.0460970000,-0.0008400000,0.0098430000
2021-10-29,0.0064660000,0.0170290000,-0.0052700000,0.0011360000,0.0026460000,-0.0048380000,0.0103090000,-0.0067280000,-0.0050130000
2021-11-01,-0.0032120000,0.0074420000,0.0092720000,0.0013010000,0.0037300000,0.0125000000,0.0051020000,-0.0220150000,-0.0047580000
2021-11-02,-0.0104730000,-0.0101570000,-0.0236220000,0.0021100000,0.0033290000,-0.0082300000,0.0012690000,-0.0034630000,0.0064680000
2021-11-03,-0.0040710000,0.0009330000,0.0215050000,0.0016620000,0.0011000000,0.0186720000,0.0247150000,-0.0060820000,-0.0078230000
2021-11-04,0.0096060000,0.0130480000,-0.0039470000,-0.0006080000,0.0003570000,-0.0135780000,-0.0179340000,0.0026220000,-0.0039430000
2021-11-05,-0.0034410000,-0.0137990000,-0.0198150000,0.0006430000,0.0049920000,-0.0247760000,-0.0352640000,-0.0278990000,0.0132880000
2021-11-08,-0.0008130000,0.0065300000,0.0013480000,0.0007120000,0.0008180000,0.0063510000,-0.0221930000,0.0116590000,0.0111610000
2021-11-09,-0.0004070000,0.0139020000,-0.0013460000,-0.0006680000,-0.0012920000,0.0077140000,-0.0253670000,0.0017730000,0.0022080000
2021-11-10,-0.0050840000,0.0009140000,-0.0026950000,-0.0010160000,0.0007670000,-0.0055670000,-0.0061640000,0.0115040000,-0.0005510000
2021-11-11,0.0163530000,0.0100460000,0.0202700000,-0.0017650000,-0.0024030000,0.0174950000,0.0130940000,0.0096240000,0.0157020000
2021-11-12,-0.0004020000,0.0126580000,-0.0052980000,0.0006530000,-0.0008720000,0.0006880000,-0.0210880000,0.0000000000,0.0000000000
2021-11-15,-0.0012070000,-0.0035710000,-0.0026630000,0.0016020000,0.0018020000,-0.0089350000,-0.0305770000,0.0017330000,-0.0027120000
2021-11-16,-0.0008060000,-0.0107530000,-0.0066760000,0.0011990000,0.0014100000,-0.0110960000,0.0021510000,0.0086510000,0.0043510000
2021-11-17,-0.0002020000,0.0190220000,-0.0013440000,-0.0010850000,-0.0005550000,-0.0042080000,0.0050070000,-0.0034310000,-0.0032490000
2021-11-18,-0.0088730000,-0.0035560000,-0.0026920000,0.0019470000,0.0010300000,-0.0133800000,0.0000000000,0.0103270000,0.0043470000
2021-11-19,0.0111900000,0.0124890000,0.0148450000,-0.0012660000,0.0003720000,0.0278370000,0.0121000000,0.0000000000,-0.0024340000
2021-11-22,0.0026160000,0.0211450000,0.0000000000,0.0006340000,0.0007950000,0.0020830000,0.0042190000,-0.0059630000,-0.0094900000
2021-11-23,0.0006020000,-0.0025880000,0.0093090000,0.0000610000,0.0003770000,0.0097020000,0.0098040000,0.0137100000,-0.0175200000
2021-11-24,0.0022060000,-0.0008650000,0.0131750000,0.0002520000,0.0017990000,0.0096090000,0.0214980000,-0.0008450000,-0.0047370000
2021-11-25,-0.0038020000,-0.0034630000,-0.0026010000,0.0006680000,0.0008610000,0.0149560000,0.0020370000,-0.0093060000,-0.0002800000
2021-11-26,-0.0084370000,0.0026060000,-0.0143420000,0.0024190000,0.0018960000,-0.0254520000,-0.0331980000,0.0000000000,0.0050410000
2021-11-29,-0.0014180000,0.0086660000,-0.0092590000,-0.0004840000,-0.0006590000,-0.0013750000,-0.0154170000,0.0051240000,-0.0033440000
2021-11-30,-0.0036520000,0.0060140000,-0.0013350000,-0.0011680000,-0.0006200000,-0.0096350000,-0.0121000000,-0.0101950000,-0.0025160000
2021-12-01,0.0026470000,0.0008540000,0.0133690000,-0.0008490000,-0.0001200000,0.0041700000,0.0180120000,0.0008580000,-0.0036430000
2021-12-02,0.0020310000,-0.0127990000,0.0065960000,0.0010410000,-0.0018900000,-0.0103810000,-0.0113230000,0.0025730000,-0.0047820000
2021-12-03,0.0091200000,0.0060500000,0.0170380000,-0.0003980000,-0.0020420000,0.0083920000,0.0071580000,0.0153980000,-0.0019790000
2021-12-06,-0.0010040000,-0.0146050000,-0.0038660000,0.0013090000,0.0069260000,-0.0145630000,-0.0099500000,-0.0058970000,0.0062310000
2021-12-07,0.0056290000,-0.0156930000,0.0142300000,-0.0009780000,-0.0016400000,0.0147780000,0.0093320000,-0.0101690000,-0.0022520000
2021-12-08,0.0143940000,0.0168290000,0.0012760000,0.0002170000,-0.0012110000,0.0041610000,-0.0085350000,-0.0008560000,0.0014100000
2021-12-09,0.0165550000,0.0060980000,0.0025480000,-0.0012210000,0.0007340000,0.0000000000,0.0000000000,0.0162810000,-0.0036620000
2021-12-10,-0.0029080000,0.0112550000,-0.0038120000,0.0014740000,0.0003240000,0.0013810000,0.0000000000,0.0101180000,-0.0025450000
2021-12-13,0.0025280000,-0.0077050000,-0.0063780000,-0.0014370000,-0.0019560000,0.0027590000,0.0258250000,-0.0008350000,0.0065190000
2021-12-14,-0.0060120000,0.0025880000,-0.0128370000,0.0025930000,0.0012990000,-0.0068780000,-0.0069930000,-0.0158730000,0.0000000000
2021-12-15,-0.0089760000,-0.0034420000,0.0091030000,-0.0006230000,-0.0002160000,-0.0131580000,-0.0063380000,0.0169780000,-0.0107010000
2021-12-16,0.0053160000,0.0034540000,0.0141750000,-0.0005630000,-0.0008990000,0.0042110000,0.0127570000,0.0125210000,0.0099630000
2021-12-17,-0.0142970000,-0.0129090000,0.0012710000,0.0010220000,0.0014240000,0.0195670000,0.0083970000,0.0049460000,0.0121200000
2021-12-20,-0.0149020000,-0.0165650000,-0.0050760000,-0.0003890000,-0.0007110000,-0.0164500000,-0.0235950000,-0.0065630000,-0.0019490000
2021-12-21,0.0042360000,0.0124110000,0.0178570000,-0.0000090000,0.0004550000,0.0132400000,0.0078180000,-0.0033030000,-0.0064170000
2021-12-22,0.0006030000,0.0078810000,-0.0037590000,0.0010040000,0.0015930000,0.0055020000,0.0035260000,0.0091140000,-0.0022470000
2021-12-23,0.0076270000,0.0000000000,0.0050310000,0.0018930000,0.0021530000,0.0116280000,0.0049190000,0.0221670000,0.0101320000
2021-12-24,-0.0045820000,-0.0165070000,-0.0075090000,0.0000000000,-0.0005040000,0.0000000000,0.0034970000,0.0056220000,0.0022290000
2021-12-27,0.0008000000,0.0000000000,0.0050440000,0.0015700000,0.0014970000,-0.0087900000,-0.0076660000,-0.0103830000,-0.0008340000
2021-12-28,0.0051990000,0.0097170000,-0.0075280000,-0.0003450000,0.0019140000,0.0095500000,0.0049160000,0.0080710000,0.0022260000
2021-12-29,-0.0133280000,0.0000000000,-0.0037930000,-0.0001380000,0.0028990000,-0.0027030000,0.0069880000,-0.0120100000,-0.0041640000
2021-12-30,0.0072580000,0.0078740000,0.0012690000,0.0018270000,0.0021300000,0.0060980000,-0.0013880000,0.0048620000,-0.0052970000
2021-12-31,0.0024020000,0.0121530000,0.0076050000,-0.0002750000,-0.0017430000,0.0047140000,-0.0034750000,-0.0153230000,0.0112110000
2022-01-04,-0.0035940000,-0.0042880000,0.0176100000,0.0013770000,-0.0006420000,-0.0120640000,0.0118550000,0.0196560000,-0.0074830000
2022-01-05,-0.0094190000,-0.0258400000,0.0037080000,-0.0003010000,-0.0018660000,0.0081410000,0.0110270000,0.0136550000,0.0036300000
2022-01-06,-0.0113290000,0.0061890000,0.0073890000,-0.0011950000,-0.0027780000,-0.0047110000,0.0020450000,-0.0237720000,-0.0058430000
2022-01-07,0.0024550000,-0.0175750000,0.0085570000,0.0001890000,0.0001130000,0.0060850000,0.0367350000,0.0016230000,-0.0050380000
2022-01-10,0.0026540000,0.0044720000,0.0048480000,0.0009980000,0.0009510000,0.0033600000,-0.0072180000,0.0024310000,0.0019690000
2022-01-11,-0.0091610000,-0.0097950000,0.0036190000,-0.0001810000,0.0018210000,0.0026790000,-0.0039660000,-0.0016170000,0.0078610000
2022-01-12,0.0106840000,0.0179860000,-0.0060100000,-0.0004040000,0.0016660000,0.0227120000,0.0066360000,0.0048580000,0.0047350000
2022-01-13,-0.0164670000,-0.0185510000,0.0096740000,0.0011180000,0.0016230000,-0.0019600000,0.0026370000,0.0008060000,0.0024950000
2022-01-14,-0.0090950000,0.0036000000,-0.0299400000,0.0013150000,0.0005630000,0.0052360000,0.0374750000,-0.0152980000,-0.0011060000
2022-01-17,0.0085520000,0.0188340000,0.0037040000,0.0002320000,0.0004220000,-0.0123700000,-0.0025350000,-0.0065410000,-0.0044300000
2022-01-18,0.0095140000,-0.0052820000,0.0086100000,0.0023760000,0.0014280000,0.0092290000,0.0165180000,-0.0049380000,-0.0013900000
2022-01-19,-0.0054100000,-0.0141590000,0.0182930000,0.0026280000,0.0061980000,-0.0019600000,0.0112500000,0.0090980000,-0.0013920000
2022-01-20,0.0079500000,-0.0215440000,-0.0071860000,-0.0011270000,-0.0012330000,0.0281410000,-0.0055620000,0.0213110000,0.0136640000
2022-01-21,-0.0070570000,-0.0155960000,-0.0096500000,0.0025040000,0.0026760000,-0.0038190000,-0.0049720000,0.0072230000,-0.0005500000
2022-01-24,0.0004180000,0.0055920000,0.0012180000,0.0026090000,0.0030870000,-0.0063900000,-0.0012490000,-0.0039840000,-0.0024770000
2022-01-25,-0.0221480000,-0.0389250000,-0.0267640000,-0.0001870000,0.0019110000,-0.0250800000,-0.0100060000,-0.0032000000,0.0019320000
2022-01-26,0.0055560000,0.0067500000,0.0075000000,-0.0044140000,-0.0046570000,0.0151720000,0.0227420000,-0.0008030000,0.0011020000
2022-01-27,-0.0172120000,-0.0306510000,-0.0111660000,-0.0006580000,-0.0005010000,0.0006500000,0.0098830000,0.0313250000,-0.0184320000
2022-01-28,-0.0153510000,0.0039530000,-0.0075280000,0.0003850000,0.0004400000,0.0012990000,0.0006120000,0.0077880000,-0.0028030000
2022-02-07,0.0158100000,0.0098430000,0.0252840000,-0.0000170000,-0.0003060000,0.0097280000,0.0586800000,0.0888720000,0.0064640000
2022-02-08,-0.0047560000,0.0077970000,0.0234280000,0.0011110000,0.0006130000,0.0051380000,-0.0028870000,0.0063880000,0.0061440000
2022-02-09,0.0084710000,0.0135400000,0.0048190000,0.0000510000,-0.0007520000,-0.0012780000,-0.0283730000,0.0169250000,0.0041630000
2022-02-10,-0.0023690000,-0.0028630000,0.0131890000,0.0002050000,-0.0004740000,0.0287910000,0.0071510000,0.0159500000,0.0024880000
2022-02-11,-0.0077720000,-0.0210530000,0.0035500000,-0.0037200000,-0.0065290000,-0.0199000000,-0.0372780000,-0.0184300000,-0.0057900000
2022-02-14,-0.0106610000,-0.0068430000,-0.0200470000,-0.0019360000,-0.0011280000,0.0025380000,0.0202830000,-0.0055630000,0.0163620000
2022-02-15,0.0092370000,0.0206690000,-0.0084240000,0.0007720000,0.0010230000,-0.0018990000,-0.0078310000,-0.0104900000,0.0103680000
2022-02-16,0.0045760000,0.0077150000,0.0121360000,0.0004030000,-0.0003870000,0.0012680000,-0.0157860000,0.0035340000,-0.0137730000
2022-02-17,0.0021690000,0.0038280000,-0.0047960000,0.0006770000,0.0016900000,-0.0025330000,-0.0283780000,0.0211270000,0.0101310000
2022-02-18,0.0051950000,0.0038130000,0.0240960000,-0.0001280000,-0.0015300000,0.0158730000,0.0120630000,0.0013790000,0.0084030000
2022-02-21,-0.0036610000,0.0123460000,0.0000000000,-0.0018500000,-0.0043230000,-0.0062500000,0.0006270000,0.0068870000,-0.0021510000
2022-02-22,-0.0129670000,-0.0056290000,-0.0082350000,-0.0016820000,-0.0017200000,0.0018870000,0.0106580000,0.0205200000,0.0132000000
2022-02-23,0.0105100000,0.0235850000,-0.0059310000,0.0017190000,0.0019430000,0.0018830000,0.0000000000,0.0080430000,-0.0082420000
2022-02-24,-0.0184180000,-0.0239630000,-0.0214800000,0.0007810000,0.0009240000,0.0068920000,0.0217120000,0.0425530000,0.0222520000
2022-02-25,0.0077260000,0.0094430000,-0.0036590000,0.0006170000,0.0008450000,-0.0136900000,-0.0242870000,-0.0420920000,-0.0115390000
2022-02-28,0.0013140000,0.0084190000,0.0012240000,0.0009170000,0.0015810000,0.0018930000,0.0112010000,-0.0119840000,-0.0058370000
2022-03-01,0.0083130000,0.0018550000,0.0110020000,-0.0023290000,-0.0038480000,0.0025190000,0.0147690000,0.0134770000,-0.0008010000
2022-03-02,-0.0075940000,-0.0018520000,0.0084640000,-0.0001970000,-0.0007220000,0.0094220000,0.0309280000,0.0000000000,0.0146900000
2022-03-03,-0.0063400000,-0.0102040000,0.0107910000,-0.0019910000,-0.0023650000,0.0205350000,0.0394120000,-0.0013300000,-0.0034220000
2022-03-04,-0.0112210000,-0.0121840000,-0.0083040000,-0.0003960000,-0.0003340000,0.0006100000,-0.0288620000,-0.0013320000,0.0031700000
2022-03-07,-0.0329330000,-0.0256170000,-0.0047850000,0.0014030000,0.0009340000,0.0481410000,0.0810020000,0.0506670000,0.0229070000
2022-03-08,-0.0188680000,-0.0301850000,-0.0312500000,0.0009540000,0.0005260000,0.0581400000,-0.0323450000,0.0152280000,0.0231660000
2022-03-09,-0.0093810000,-0.0110440000,-0.0124070000,-0.0031760000,-0.0029220000,-0.0340660000,0.0233980000,0.0150000000,0.0113210000
2022-03-10,0.0142050000,0.0243650000,0.0100500000,0.0018950000,0.0003170000,-0.0563140000,-0.0522590000,-0.0252460000,-0.0328360000
2022-03-11,0.0065360000,0.0069380000,0.0024880000,0.0023460000,0.0032750000,0.0030140000,0.0034460000,0.0170560000,0.0018000000
2022-03-14,-0.0324680000,-0.0275590000,-0.0173700000,0.0048880000,0.0039470000,-0.0144230000,-0.0349170000,0.0086960000,-0.0051350000
2022-03-15,-0.0476990000,-0.0475710000,-0.0568180000,-0.0028930000,-0.0059570000,-0.0152440000,-0.0338080000,-0.0264780000,-0.0203870000
2022-03-16,0.0435440000,0.0329440000,0.0214190000,-0.0010010000,0.0002830000,0.0309600000,0.0171880000,0.0183430000,-0.0108010000
2022-03-17,0.0202600000,0.0185190000,0.0131060000,-0.0007020000,0.0001750000,-0.0072070000,-0.0060350000,-0.0031060000,0.0138480000
2022-03-18,0.0066190000,0.0101010000,0.0297540000,0.0015260000,0.0023470000,0.0205690000,0.0370370000,0.0224300000,0.0002630000
2022-03-21,-0.0014090000,0.0110000000,-0.0050250000,-0.0012240000,-0.0013880000,-0.0094840000,0.0011710000,0.0030470000,-0.0013130000
2022-03-22,-0.0009410000,-0.0049460000,0.0151520000,-0.0004970000,-0.0011190000,-0.0017950000,0.0134500000,0.0309840000,0.0055220000
2022-03-23,0.0058850000,0.0069580000,0.0012440000,0.0003430000,0.0008490000,0.0029980000,-0.0028850000,0.0000000000,-0.0067990000
2022-03-24,-0.0063190000,-0.0128330000,-0.0024840000,0.0002490000,0.0029790000,0.0412430000,0.0028940000,-0.0058930000,0.0107950000
2022-03-25,-0.0181350000,-0.0080000000,0.0000000000,0.0016280000,0.0018370000,0.0063150000,0.0276980000,-0.0077060000,0.0067730000
2022-03-28,-0.0059970000,-0.0100810000,0.0249070000,0.0002740000,0.0013330000,-0.0136910000,-0.0224590000,-0.0161290000,-0.0090560000
2022-03-29,-0.0043440000,-0.0061100000,-0.0048600000,0.0003590000,0.0006400000,-0.0046270000,-0.0086160000,-0.0109290000,-0.0062660000
2022-03-30,0.0298110000,0.0235660000,0.0097680000,0.0006580000,0.0019760000,0.0063920000,0.0040560000,-0.0282380000,-0.0018390000
2022-03-31,-0.0072960000,-0.0140140000,0.0181380000,-0.0013240000,0.0007060000,-0.0138570000,-0.0144260000,0.0044220000,-0.0015790000
2022-04-01,0.0120910000,0.0010150000,0.0154390000,0.0015830000,-0.0018760000,-0.0064400000,-0.0152220000,-0.0559750000,0.0047460000
2022-04-06,-0.0028110000,-0.0040570000,0.0163740000,0.0009140000,0.0028500000,0.0123750000,0.0196200000,0.0106600000,-0.0041980000
2022-04-07,-0.0122150000,-0.0193480000,-0.0195630000,0.0005890000,0.0035180000,-0.0168800000,-0.0157430000,-0.0052740000,0.0015810000
2022-04-08,0.0066590000,-0.0072690000,0.0164320000,0.0020210000,0.0010480000,0.0041440000,-0.0077010000,0.0112660000,0.0023680000
2022-04-11,-0.0311840000,-0.0355650000,-0.0080830000,-0.0006720000,-0.0015540000,-0.0170990000,-0.0137310000,0.0183490000,0.0086610000
2022-04-12,0.0170690000,0.0119310000,-0.0093130000,0.0005280000,0.0008530000,0.0047990000,0.0266340000,-0.0077220000,0.0052040000
2022-04-13,-0.0076720000,-0.0182210000,-0.0023500000,-0.0007830000,0.0016160000,0.0101490000,-0.0082550000,-0.0006490000,0.0051770000
2022-04-14,0.0106310000,0.0065500000,0.0153120000,0.0011840000,0.0003670000,0.0124110000,0.0029730000,0.0038940000,0.0015450000
2022-04-15,-0.0004780000,-0.0108460000,-0.0046400000,-0.0012680000,-0.0000220000,0.0081730000,0.0000000000,0.0000000000,0.0033430000
2022-04-18,-0.0047840000,0.0087720000,-0.0163170000,-0.0015680000,-0.0038480000,0.0040530000,0.0195610000,0.0012930000,0.0058940000
2022-04-19,-0.0064890000,0.0032610000,0.0106640000,-0.0008450000,0.0005360000,0.0063440000,0.0058140000,0.0251780000,-0.0071340000
2022-04-20,-0.0169330000,-0.0205850000,-0.0211020000,-0.0014520000,0.0012830000,-0.0074500000,-0.0080920000,0.0119650000,-0.0125740000
2022-04-21,-0.0167320000,-0.0398230000,-0.0191620000,0.0016590000,0.0027470000,-0.0005770000,0.0029140000,0.0155570000,0.0122140000
2022-04-22,0.0025030000,-0.0115210000,0.0158730000,-0.0001710000,-0.0005720000,0.0075100000,-0.0174320000,-0.0153190000,0.0030810000
2022-04-25,-0.0481780000,-0.0757580000,-0.0396630000,0.0010330000,0.0020070000,-0.0412840000,-0.0591370000,-0.0336030000,-0.0063990000
2022-04-26,-0.0078680000,-0.0315260000,0.0000000000,0.0008700000,0.0011380000,0.0077750000,0.0169700000,0.0083710000,-0.0077280000
2022-04-27,0.0280200000,0.0507810000,0.0050060000,-0.0006820000,-0.0016850000,0.0035610000,0.0006180000,0.0044700000,0.0005190000
2022-04-28,0.0066860000,-0.0123920000,0.0211710000,-0.0012540000,-0.0012880000,0.0000000000,0.0049410000,0.0190720000,-0.0023350000
2022-04-29,0.0255430000,0.0476790000,0.0158540000,0.0010760000,0.0014070000,0.0070960000,0.0215120000,0.0024950000,0.0153450000
2022-05-05,-0.0037360000,0.0179640000,0.0000000000,-0.0002560000,0.0004110000,-0.0135060000,0.0162450000,-0.0062230000,-0.0038420000
2022-05-06,-0.0242500000,-0.0129410000,-0.0264110000,-0.0004270000,-0.0008100000,-0.0196430000,-0.0005920000,-0.0200380000,-0.0020570000
2022-05-09,-0.0081990000,0.0131110000,0.0049320000,0.0010840000,0.0019440000,-0.0200360000,-0.0195500000,-0.0178910000,0.0041230000
2022-05-10,0.0116250000,0.0164710000,0.0098160000,0.0016890000,0.0013530000,-0.0123920000,-0.0229610000,0.0065060000,-0.0074420000
2022-05-11,0.0140450000,0.0104170000,0.0012150000,-0.0009790000,-0.0007810000,-0.0031370000,0.0216450000,0.0019390000,-0.0051710000
2022-05-12,-0.0050370000,0.0057270000,-0.0024270000,0.0008440000,0.0012520000,-0.0176210000,0.0175540000,0.0000000000,0.0096150000
2022-05-13,0.0078460000,0.0079730000,0.0182480000,0.0003580000,-0.0003600000,0.0102500000,0.0190360000,0.0316130000,-0.0095240000
2022-05-16,-0.0077850000,0.0022600000,0.0083630000,-0.0005530000,0.0001770000,0.0019020000,0.0005840000,0.0237650000,-0.0103950000
2022-05-17,0.0124020000,0.0045100000,-0.0094790000,0.0003150000,0.0004540000,-0.0031650000,0.0029170000,-0.0036650000,0.0065650000
2022-05-18,-0.0035000000,0.0000000000,-0.0047850000,0.0003660000,0.0003370000,-0.0114290000,-0.0221060000,-0.0006130000,-0.0104360000
2022-05-19,0.0022580000,0.0123460000,0.0060100000,-0.0001530000,0.0007130000,0.0147720000,0.0053540000,-0.0036810000,0.0039550000
2022-05-20,0.0210260000,0.0088690000,0.0035840000,0.0001190000,0.0001380000,0.0107590000,0.0082840000,0.0135470000,0.0060400000
2022-05-23,-0.0078450000,0.0164840000,-0.0071430000,0.0010980000,0.0017850000,-0.0025050000,0.0093900000,0.0042530000,0.0000000000
2022-05-24,-0.0202620000,-0.0410810000,-0.0179860000,0.0008760000,0.0011690000,-0.0075330000,-0.0197670000,-0.0223840000,0.0023490000
2022-05-25,0.0042880000,0.0169110000,0.0158730000,0.0011640000,0.0024180000,-0.0012650000,0.0106760000,0.0037130000,0.0015630000
2022-05-26,0.0025110000,0.0088690000,0.0108170000,0.0020790000,0.0061660000,-0.0133000000,0.0076290000,0.0024660000,0.0036400000
2022-05-27,0.0025050000,-0.0021980000,0.0047560000,0.0001690000,-0.0006170000,0.0237480000,-0.0023300000,0.0233700000,0.0038860000
2022-05-30,0.0057470000,0.0088110000,0.0011830000,-0.0012190000,-0.0019240000,0.0181820000,0.0040860000,-0.0060100000,-0.0077420000
2022-05-31,0.0159010000,0.0098250000,-0.0023640000,-0.0016360000,-0.0039100000,0.0018470000,0.0127910000,0.0048370000,-0.0023410000
2022-06-01,-0.0014670000,0.0043240000,0.0011850000,0.0005690000,-0.0005660000,-0.0110630000,-0.0063150000,-0.0180510000,-0.0065170000
2022-06-02,0.0026940000,0.0107640000,-0.0071010000,-0.0008060000,0.0003300000,0.0068370000,-0.0023110000,0.0000000000,0.0065600000
2022-06-06,0.0200290000,0.0255590000,-0.0011920000,-0.0005600000,-0.0011160000,0.0024690000,0.0399540000,0.0030640000,-0.0026070000
2022-06-07,0.0014370000,-0.0020770000,0.0011930000,0.0000590000,-0.0004950000,0.0000000000,0.0172610000,-0.0085520000,-0.0041820000
2022-06-08,0.0100430000,0.0031220000,0.0059590000,0.0001360000,0.0006720000,0.0160100000,0.0218940000,0.0191000000,0.0047240000
2022-06-09,-0.0080490000,-0.0176350000,0.0035550000,0.0015120000,0.0008260000,-0.0048480000,-0.0096410000,-0.0012090000,0.0023510000
2022-06-10,0.0138420000,0.0221750000,0.0023610000,-0.0003310000,-0.0001540000,-0.0054810000,-0.0021630000,0.0175540000,-0.0039090000
2022-06-13,-0.0122410000,0.0072310000,-0.0164900000,0.0006450000,0.0005940000,-0.0214330000,-0.0086720000,-0.0232000000,0.0167450000
2022-06-14,0.0095330000,0.0000000000,0.0131740000,-0.0014500000,-0.0003350000,-0.0112640000,-0.0076540000,-0.0036540000,-0.0177560000
2022-06-15,0.0115680000,-0.0041030000,0.0070920000,0.0000510000,-0.0002530000,-0.0069620000,-0.0203860000,-0.0079460000,-0.0065500000
2022-06-16,-0.0063010000,0.0092690000,-0.0152580000,-0.0006110000,0.0006160000,0.0031870000,-0.0123730000,0.0012320000,0.0050110000
2022-06-17,0.0147960000,0.0112240000,-0.0035760000,0.0003400000,0.0006050000,-0.0158830000,-0.0102510000,0.0153850000,0.0065600000
2022-06-20,0.0048600000,0.0090820000,-0.0035890000,-0.0005180000,-0.0011260000,-0.0213040000,-0.0126580000,-0.0127270000,-0.0046920000
2022-06-21,-0.0004610000,-0.0110000000,0.0036010000,0.0001610000,-0.0002030000,0.0039580000,0.0005830000,-0.0079800000,-0.0028810000
2022-06-22,-0.0115210000,-0.0121330000,-0.0131580000,0.0006120000,0.0006820000,-0.0177400000,-0.0232960000,-0.0167080000,0.0005250000
2022-06-23,0.0174830000,0.0235410000,0.0036360000,-0.0001870000,-0.0001700000,-0.0107020000,0.0059630000,-0.0453120000,0.0013130000
2022-06-24,0.0109970000,0.0110000000,-0.0036230000,-0.0002040000,-0.0003680000,-0.0453010000,-0.0450500000,-0.0151620000,-0.0070790000
2022-06-27,0.0108770000,0.0108800000,0.0121210000,-0.0024640000,-0.0040150000,0.0148730000,0.0192430000,0.0113790000,0.0058090000
2022-06-28,0.0116570000,0.0127200000,0.0047900000,0.0001620000,0.0000880000,0.0146550000,0.0194880000,0.0185310000,-0.0039380000
2022-06-29,-0.0121870000,-0.0212560000,0.0071510000,-0.0002210000,0.0001380000,-0.0254470000,-0.0215050000,-0.0051980000,-0.0015810000
2022-06-30,0.0112160000,0.0078970000,0.0035500000,0.0012600000,0.0021200000,0.0091740000,-0.0018320000,0.0071850000,-0.0026400000
2022-07-01,-0.0033270000,0.0029380000,0.0000000000,0.0002980000,-0.0000940000,-0.0307690000,-0.0238530000,-0.0097280000,-0.0095290000
2022-07-04,0.0062320000,0.0087890000,-0.0011790000,-0.0014800000,-0.0028320000,-0.0079370000,0.0150380000,-0.0111330000,0.0045430000
2022-07-05,-0.0022120000,-0.0029040000,0.0035420000,0.0000000000,-0.0003040000,-0.0109090000,-0.0080250000,0.0026490000,-0.0007980000
2022-07-06,-0.0130790000,-0.0126210000,-0.0211760000,0.0012690000,0.0009450000,-0.0272060000,-0.0311140000,-0.0099080000,-0.0186370000
2022-07-07,0.0035940000,0.0117990000,0.0024040000,0.0010550000,-0.0001930000,0.0060470000,-0.0077070000,0.0213480000,-0.0138360000
2022-07-08,-0.0008950000,-0.0048590000,0.0000000000,-0.0004330000,-0.0020160000,-0.0022540000,0.0045310000,0.0065320000,-0.0011000000
2022-07-11,-0.0170250000,-0.0146480000,-0.0059950000,0.0010540000,0.0019760000,0.0000000000,-0.0173970000,0.0240100000,-0.0016520000
2022-07-12,-0.0082040000,-0.0178390000,0.0084440000,0.0001360000,0.0016350000,-0.0060240000,-0.0288520000,-0.0044360000,0.0013790000
2022-07-13,0.0016080000,0.0080730000,0.0000000000,0.0010100000,0.0008710000,-0.0121210000,-0.0243080000,-0.0178230000,-0.0066120000
2022-07-14,0.0002290000,0.0140140000,-0.0167460000,0.0000850000,0.0021430000,-0.0245400000,-0.0159170000,0.0129620000,0.0000000000
2022-07-15,-0.0149080000,-0.0108590000,-0.0145990000,0.0012890000,0.0020400000,-0.0393080000,-0.0253160000,-0.0127960000,-0.0074880000
2022-07-18,0.0107100000,0.0149700000,0.0197530000,-0.0007880000,0.0002190000,0.0474630000,0.0512270000,0.0168500000,0.0050290000
2022-07-19,-0.0050680000,0.0088500000,0.0012110000,-0.0005420000,0.0007790000,-0.0054690000,-0.0288260000,-0.0197580000,-0.0022240000
2022-07-20,0.0027780000,0.0146200000,0.0048370000,0.0003990000,0.0016330000,0.0212100000,0.0183750000,-0.0221070000,-0.0005570000
2022-07-21,-0.0103900000,-0.0057640000,-0.0156440000,0.0011440000,0.0014990000,0.0061540000,-0.0048580000,0.0033240000,-0.0089210000
2022-07-22,0.0007000000,-0.0067630000,-0.0036670000,0.0004150000,-0.0020110000,0.0038230000,0.0139470000,-0.0159050000,0.0154710000
2022-07-25,-0.0041970000,-0.0136190000,0.0012270000,0.0003640000,0.0010460000,-0.0015230000,0.0000000000,0.0080810000,0.0038780000
2022-07-26,0.0067900000,0.0157790000,0.0110290000,0.0010490000,0.0019360000,0.0366130000,0.0337000000,0.0280560000,0.0005520000
2022-07-27,-0.0055810000,0.0087380000,-0.0036360000,0.0005660000,-0.0002350000,-0.0103020000,-0.0099800000,0.0071470000,-0.0013790000
2022-07-28,0.0007020000,0.0077000000,0.0024330000,-0.0001440000,-0.0009060000,0.0223050000,0.0295700000,0.0090320000,0.0093900000
2022-07-29,-0.0137880000,-0.0038200000,-0.0084950000,0.0034980000,0.0041090000,0.0021820000,-0.0026110000,0.0051150000,0.0145010000
2022-08-01,0.0042650000,0.0057530000,0.0000000000,0.0010610000,0.0034560000,0.0137880000,-0.0085080000,0.0044530000,0.0000000000
2022-08-02,-0.0167530000,-0.0276450000,-0.0195840000,0.0011350000,0.0009600000,-0.0150320000,0.0000000000,-0.0139330000,0.0075510000
2022-08-03,-0.0107990000,-0.0078430000,-0.0137330000,-0.0000250000,-0.0000380000,-0.0050870000,0.0052810000,0.0000000000,-0.0029440000
2022-08-04,0.0075210000,0.0049410000,0.0063290000,0.0013440000,0.0004550000,-0.0131480000,-0.0242940000,-0.0070650000,-0.0018790000
2022-08-05,0.0156510000,0.0226160000,0.0050310000,-0.0006040000,-0.0009150000,0.0303480000,-0.0148050000,0.0394570000,0.0091450000
2022-08-08,-0.0033190000,0.0076920000,0.0100130000,-0.0010750000,-0.0007100000,-0.0035920000,0.0293720000,-0.0093340000,-0.0063970000
2022-08-09,0.0016650000,0.0047710000,0.0049570000,-0.0007060000,-0.0007380000,-0.0014420000,-0.0059720000,0.0000000000,0.0048280000
2022-08-10,-0.0106860000,0.0000000000,-0.0036990000,0.0016480000,0.0001470000,0.0007220000,-0.0173560000,0.0094220000,0.0021360000
2022-08-11,0.0211230000,0.0132950000,0.0099010000,-0.0012090000,0.0004720000,0.0245310000,0.0101900000,0.0006220000,-0.0045290000
2022-08-12,0.0002350000,-0.0093720000,0.0085780000,-0.0007310000,-0.0001030000,0.0091550000,0.0060520000,0.0099500000,0.0045490000
2022-08-15,-0.0023500000,0.0066230000,0.0000000000,0.0046270000,0.0096640000,-0.0244240000,0.0053480000,-0.0178570000,0.0015980000
2022-08-16,-0.0023560000,0.0056390000,0.0024300000,0.0015830000,0.0031550000,0.0057220000,-0.0186170000,-0.0037620000,-0.0007980000
2022-08-17,0.0096810000,0.0009350000,0.0024240000,0.0000250000,0.0003160000,0.0000000000,-0.0169380000,-0.0037760000,-0.0039930000
2022-08-18,-0.0086530000,0.0046690000,-0.0072550000,0.0014880000,0.0035510000,-0.0120910000,-0.0006890000,-0.0044220000,-0.0058790000
2022-08-19,-0.0070770000,-0.0167290000,0.0097440000,0.0015280000,0.0056350000,0.0064790000,-0.0137930000,0.0114210000,-0.0005380000
2022-08-22,0.0064150000,0.0056710000,0.0048250000,-0.0008670000,0.0027120000,0.0164520000,0.0132870000,0.0037640000,-0.0026900000
2022-08-23,-0.0033050000,0.0046990000,0.0024010000,0.0000670000,-0.0013340000,0.0035190000,0.0213940000,0.0425000000,0.0024270000
2022-08-24,-0.0182380000,-0.0364830000,-0.0083830000,0.0000330000,0.0002440000,0.0035060000,0.0114860000,0.0107910000,0.0078020000
2022-08-25,0.0086850000,-0.0029130000,0.0193240000,-0.0010090000,-0.0036130000,0.0048920000,0.0020040000,-0.0177940000,0.0021360000
2022-08-26,-0.0014350000,-0.0058420000,0.0000000000,-0.0011020000,-0.0007710000,0.0041720000,0.0053330000,-0.0150970000,0.0007990000
2022-08-29,-0.0059880000,0.0039180000,0.0071090000,0.0007860000,0.0023360000,-0.0207760000,-0.0159150000,0.0049050000,-0.0093160000
2022-08-30,-0.0021690000,-0.0048780000,0.0023530000,0.0012950000,0.0017040000,-0.0077790000,0.0013480000,-0.0067110000,0.0042990000
2022-08-31,0.0000000000,-0.0313730000,-0.0058690000,0.0000920000,-0.0002120000,0.0021380000,-0.0020190000,0.0067570000,-0.0056180000
2022-09-01,-0.0082110000,-0.0060730000,0.0082640000,0.0007760000,0.0028360000,-0.0270270000,0.0026970000,-0.0048810000,-0.0069950000
2022-09-02,-0.0056000000,0.0000000000,0.0000000000,0.0016090000,0.0007560000,-0.0146200000,-0.0174850000,0.0159410000,-0.0008130000
2022-09-05,-0.0004900000,0.0007380000,0.0175640000,-0.0006410000,0.0014210000,0.0207720000,0.0410680000,0.0108630000,0.0092190000
2022-09-06,0.0071040000,0.0195360000,0.0126580000,-0.0007490000,0.0012240000,0.0145350000,0.0072320000,-0.0155220000,0.0053730000
2022-09-07,0.0019460000,0.0061460000,0.0022730000,-0.0000750000,0.0002530000,-0.0157590000,-0.0189300000,0.0072770000,-0.0061460000
2022-09-08,-0.0043700000,-0.0079050000,0.0011340000,-0.0006330000,-0.0000530000,0.0116450000,0.0026610000,0.0000000000,0.0072600000
2022-09-09,0.0141430000,0.0028980000,0.0124580000,0.0002420000,-0.0015540000,0.0323740000,0.0245520000,0.0030100000,-0.0008010000
2022-09-13,0.0033660000,-0.0032500000,-0.0055930000,-0.0010840000,0.0007700000,0.0062720000,0.0090670000,0.0552220000,0.0008010000
2022-09-14,-0.0110230000,-0.0112320000,-0.0101240000,-0.0011180000,-0.0009540000,-0.0083100000,-0.0070600000,-0.0045510000,-0.0074750000
2022-09-15,-0.0089650000,-0.0311470000,0.0102270000,0.0000920000,0.0009600000,0.0034920000,-0.0012930000,-0.0137140000,-0.0043030000
2022-09-16,-0.0220050000,-0.0204240000,-0.0314960000,-0.0018880000,-0.0006540000,-0.0083510000,-0.0032360000,0.0023170000,-0.0035120000
2022-09-19,-0.0027500000,-0.0111970000,-0.0011610000,0.0008540000,0.0005170000,0.0000000000,-0.0162340000,0.0028900000,0.0037950000
2022-09-20,0.0005010000,0.0113240000,-0.0058140000,0.0022660000,0.0011810000,0.0098250000,-0.0033000000,0.0046110000,0.0018900000
2022-09-21,-0.0075170000,0.0000000000,0.0105260000,0.0006420000,0.0006060000,0.0125090000,0.0092720000,0.0114740000,0.0013480000
2022-09-22,-0.0073210000,0.0019310000,-0.0046300000,-0.0001250000,0.0007260000,-0.0027450000,0.0045930000,0.0034030000,-0.0016150000
2022-09-23,-0.0020350000,-0.0184970000,-0.0093020000,-0.0022270000,-0.0015930000,-0.0082590000,-0.0189420000,-0.0090450000,0.0056620000
2022-09-26,-0.0063710000,-0.0137420000,-0.0164320000,-0.0047980000,-0.0048040000,-0.0277590000,-0.0186420000,-0.0068450000,-0.0083110000
2022-09-27,0.0128240000,0.0191080000,0.0083530000,0.0002270000,0.0002280000,0.0092790000,0.0183180000,0.0022980000,0.0013520000
2022-09-28,-0.0141810000,-0.0292970000,-0.0059170000,0.0002600000,-0.0018840000,-0.0176800000,-0.0106600000,0.0097420000,0.0027000000
2022-09-29,0.0002570000,0.0036220000,-0.0095240000,-0.0025440000,-0.0040240000,0.0093590000,0.0222220000,0.0215660000,0.0105010000
2022-09-30,-0.0066770000,-0.0192460000,0.0036060000,0.0006480000,-0.0011710000,0.0057060000,0.0019760000,-0.0144440000,-0.0005330000
2022-10-10,-0.0204240000,-0.0208500000,0.0083830000,0.0030360000,0.0015130000,0.0007090000,0.0381330000,0.0028180000,0.0055990000
2022-10-11,-0.0007920000,0.0025050000,-0.0047510000,0.0007040000,-0.0001700000,0.0099220000,-0.0202660000,-0.0134910000,0.0000000000
2022-10-12,0.0163760000,0.0295710000,0.0083530000,-0.0006870000,0.0007930000,0.0000000000,-0.0064640000,0.0079770000,0.0000000000
2022-10-13,-0.0085760000,0.0109220000,0.0011830000,0.0004950000,0.0016430000,-0.0042110000,-0.0208200000,0.0022610000,0.0005300000
2022-10-14,0.0230670000,0.0268110000,0.0011820000,0.0016930000,0.0035620000,0.0204370000,0.0146180000,0.0180490000,-0.0018550000
2022-10-17,-0.0002560000,0.0058460000,-0.0047230000,0.0001340000,0.0010580000,-0.0110500000,-0.0176820000,-0.0249310000,-0.0047780000
2022-10-18,-0.0017940000,0.0065870000,-0.0023720000,0.0000590000,0.0003060000,-0.0027930000,0.0073330000,-0.0130680000,0.0042680000
2022-10-19,-0.0151480000,-0.0057740000,-0.0059450000,0.0007950000,-0.0008510000,-0.0049020000,-0.0178690000,-0.0011510000,-0.0034530000
2022-10-20,-0.0031280000,-0.0030970000,-0.0071770000,-0.0015710000,-0.0018510000,0.0077410000,0.0087600000,0.0046110000,-0.0031980000
2022-10-21,-0.0057530000,-0.0019420000,0.0036140000,0.0010130000,0.0007420000,-0.0041900000,-0.0113560000,-0.0011470000,-0.0018720000
2022-10-24,-0.0257760000,-0.0038910000,-0.0216090000,0.0006020000,0.0015140000,0.0140250000,-0.0067570000,0.0080410000,0.0123230000
2022-10-25,-0.0043200000,-0.0082030000,-0.0073620000,-0.0002420000,-0.0010360000,0.0055330000,-0.0136050000,-0.0017090000,0.0018520000
2022-10-26,0.0075920000,0.0240250000,-0.0074170000,0.0000250000,0.0009310000,-0.0006880000,-0.0082760000,0.0148400000,-0.0007920000
2022-10-27,-0.0069970000,-0.0057690000,0.0037360000,0.0020730000,0.0019870000,0.0013760000,-0.0069540000,-0.0050620000,-0.0007930000
2022-10-28,-0.0233060000,-0.0367500000,-0.0173700000,0.0009180000,0.0010760000,-0.0178690000,-0.0168070000,-0.0084790000,-0.0005290000
2022-10-31,-0.0108210000,0.0104420000,-0.0252530000,0.0023170000,0.0036570000,-0.0174950000,-0.0156700000,0.0165340000,-0.0026470000
2022-11-01,0.0387100000,0.0270270000,0.0103630000,-0.0014720000,-0.0016120000,0.0206550000,0.0260490000,0.0286030000,0.0000000000
2022-11-02,0.0091820000,0.0096750000,0.0141030000,-0.0024150000,-0.0021350000,0.0041870000,-0.0007050000,-0.0038170000,0.0018580000
2022-11-03,-0.0080280000,0.0049830000,-0.0075850000,0.0017280000,0.0004320000,-0.0006950000,0.0028230000,-0.0010950000,-0.0023840000
2022-11-04,0.0342600000,0.0263160000,0.0127390000,-0.0014750000,-0.0019860000,0.0125170000,0.0288530000,-0.0010960000,-0.0005310000
2022-11-07,0.0000000000,-0.0040880000,0.0088050000,0.0006760000,0.0004430000,0.0151100000,-0.0102600000,0.0054850000,0.0069080000
2022-11-08,-0.0059990000,-0.0003730000,-0.0024940000,0.0005500000,-0.0007180000,0.0033830000,-0.0027640000,0.0076380000,0.0018470000
2022-11-09,-0.0104960000,-0.0044790000,0.0012500000,0.0009340000,-0.0006280000,0.0148350000,-0.0034650000,0.0010830000,0.0210690000
2022-11-10,-0.0055690000,-0.0093740000,0.0000000000,-0.0002580000,-0.0010620000,0.0026580000,-0.0166900000,0.0102760000,0.0005160000
2022-11-11,0.0261330000,0.0037850000,0.0287140000,-0.0023570000,-0.0041520000,0.0251820000,0.0289960000,-0.0160600000,0.0074760000
2022-11-14,0.0005200000,-0.0067870000,-0.0072820000,-0.0053190000,-0.0121560000,-0.0122820000,-0.0006870000,-0.0168660000,-0.0087000000
2022-11-15,0.0194810000,0.0235380000,0.0073350000,-0.0010910000,0.0012960000,0.0117800000,0.0048140000,-0.0016600000,0.0028390000
2022-11-16,-0.0073890000,-0.0074180000,-0.0036410000,-0.0029500000,-0.0041020000,0.0000000000,0.0020530000,0.0049890000,0.0072070000
2022-11-17,-0.0043630000,0.0022420000,-0.0024360000,0.0029670000,0.0047230000,-0.0051750000,-0.0204920000,-0.0055160000,0.0007670000
2022-11-18,-0.0033510000,-0.0082030000,-0.0036630000,-0.0002860000,-0.0016200000,-0.0058520000,0.0160390000,-0.0088740000,-0.0007660000
2022-11-21,-0.0085360000,0.0041350000,-0.0073530000,0.0017650000,0.0014510000,-0.0143880000,-0.0240220000,0.0050360000,-0.0056220000
2022-11-22,-0.0005220000,-0.0142270000,0.0111110000,-0.0014260000,-0.0011160000,-0.0046450000,-0.0042190000,0.0077950000,-0.0007710000
2022-11-23,0.0007830000,-0.0022790000,0.0097680000,0.0018990000,0.0032240000,0.0073330000,-0.0014120000,0.0116020000,0.0002570000
2022-11-24,-0.0046950000,0.0011420000,0.0024180000,0.0024990000,0.0015800000,0.0066180000,0.0077790000,0.0109230000,0.0033430000
2022-11-25,0.0055030000,-0.0098860000,0.0241250000,-0.0017070000,-0.0032880000,0.0019720000,0.0112280000,0.0091840000,0.0028190000
2022-11-28,-0.0117280000,-0.0038400000,-0.0106010000,-0.0025640000,-0.0046460000,-0.0150920000,-0.0194310000,-0.0171310000,0.0010220000
2022-11-29,0.0305910000,0.0154200000,0.0285710000,-0.0036380000,-0.0051900000,0.0153230000,0.0155700000,0.0087150000,-0.0022980000
2022-11-30,0.0007680000,-0.0011390000,0.0000000000,0.0012650000,-0.0004980000,-0.0013120000,-0.0041810000,0.0086390000,-0.0015350000
2022-12-01,0.0115060000,0.0102620000,-0.0069440000,0.0010360000,0.0012360000,0.0157690000,0.0020990000,-0.0037470000,0.0033320000
2022-12-02,-0.0058140000,0.0030100000,-0.0081590000,0.0008160000,0.0000650000,0.0058210000,0.0027930000,-0.0016120000,0.0053640000
2022-12-05,0.0180520000,0.0048760000,0.0176260000,-0.0009080000,0.0000970000,0.0102890000,-0.0076600000,-0.0075350000,-0.0091460000
2022-12-06,0.0057440000,-0.0011200000,-0.0057740000,-0.0021880000,-0.0027710000,-0.0050920000,-0.0098250000,0.0070500000,-0.0107690000
2022-12-07,-0.0029800000,-0.0007470000,-0.0058070000,0.0002020000,0.0022200000,-0.0051180000,-0.0184270000,0.0113090000,-0.0010370000
2022-12-08,0.0022420000,-0.0044880000,0.0058410000,0.0024280000,0.0008610000,0.0167200000,0.0043320000,0.0250270000,0.0025950000
2022-12-09,0.0084490000,0.0026300000,-0.0046460000,-0.0011770000,-0.0022780000,0.0107530000,0.0115030000,0.0098700000,0.0044000000
2022-12-12,-0.0103500000,-0.0037470000,-0.0198370000,0.0001680000,0.0005260000,-0.0181480000,0.0056860000,-0.0154320000,-0.0010310000
2022-12-13,-0.0027390000,-0.0075220000,0.0035710000,-0.0015830000,-0.0013340000,0.0063730000,0.0134280000,-0.0026120000,0.0007740000
2022-12-14,0.0024970000,-0.0056840000,-0.0047450000,0.0024870000,0.0009500000,0.0012670000,0.0027890000,-0.0073340000,0.0108250000
2022-12-15,-0.0004980000,0.0034300000,-0.0083430000,0.0002780000,0.0019030000,-0.0075900000,0.0222530000,0.0031660000,-0.0076490000
2022-12-16,0.0009970000,-0.0087350000,0.0072120000,0.0001350000,0.0012450000,-0.0121100000,0.0006800000,0.0078910000,-0.0056530000
2022-12-19,-0.0144390000,-0.0199230000,-0.0143200000,0.0017820000,0.0048220000,-0.0058060000,-0.0163150000,-0.0135700000,0.0069770000
2022-12-20,-0.0159130000,-0.0105550000,-0.0096850000,-0.0005790000,0.0019800000,0.0006490000,0.0020730000,0.0058200000,0.0002570000
2022-12-21,-0.0007700000,-0.0055310000,0.0000000000,0.0004450000,0.0006930000,0.0084310000,0.0137930000,0.0084170000,0.0097490000
2022-12-22,0.0020550000,-0.0154950000,-0.0048900000,0.0000340000,0.0014330000,0.0038590000,-0.0068030000,0.0062600000,-0.0002540000
2022-12-23,-0.0025630000,-0.0072640000,-0.0061430000,-0.0001260000,0.0023360000,-0.0019220000,-0.0047950000,0.0020740000,-0.0086400000
2022-12-26,0.0023130000,0.0178860000,0.0000000000,-0.0007140000,-0.0004280000,0.0057770000,0.0013760000,0.0227630000,0.0017940000
2022-12-27,0.0120510000,0.0079870000,0.0123610000,-0.0002440000,-0.0008880000,0.0178690000,0.0185570000,0.0040470000,0.0023030000
2022-12-28,-0.0032940000,-0.0067350000,-0.0012210000,0.0002020000,0.0003480000,0.0037620000,0.0080970000,-0.0125940000,0.0015320000
2022-12-29,-0.0030500000,-0.0019940000,-0.0048900000,0.0011680000,0.0021880000,-0.0043720000,-0.0040160000,0.0132650000,-0.0007650000
2022-12-30,0.0040800000,0.0019980000,0.0049140000,0.0013590000,-0.0004380000,0.0025090000,0.0161290000,0.0120850000,0.0051020000
2023-01-03,0.0027930000,0.0227360000,0.0048900000,0.0000590000,0.0015330000,-0.0087610000,0.0059520000,0.0024880000,0.0002540000
2023-01-04,0.0012660000,0.0000000000,0.0060830000,0.0008300000,0.0021230000,-0.0138890000,-0.0138070000,-0.0203470000,0.0035520000
2023-01-05,0.0189680000,0.0105300000,-0.0012090000,0.0000170000,-0.0008890000,-0.0057620000,-0.0113330000,-0.0101320000,0.0002530000
2023-01-06,0.0039710000,0.0015440000,0.0012110000,-0.0012560000,-0.0012300000,-0.0045070000,0.0047200000,-0.0081880000,-0.0065720000
2023-01-09,0.0061800000,0.0046240000,-0.0012090000,0.0004860000,-0.0003310000,0.0064680000,-0.0107380000,0.0056760000,0.0104330000
2023-01-10,0.0014740000,0.0015340000,-0.0072640000,-0.0007790000,-0.0031370000,0.0000000000,0.0033920000,-0.0102620000,0.0010070000
2023-01-11,0.0000000000,-0.0072770000,0.0048780000,-0.0011400000,-0.0009950000,0.0192800000,0.0060850000,0.0108860000,0.0015090000
2023-01-12,0.0014720000,0.0000000000,-0.0024270000,0.0002690000,0.0005410000,0.0012610000,0.0100810000,0.0148720000,-0.0015070000
2023-01-13,0.0151890000,0.0061730000,0.0109490000,-0.0001590000,-0.0011510000,0.0088160000,0.0139720000,0.0106110000,0.0022640000
2023-01-16,0.0154410000,0.0107360000,0.0012030000,-0.0018470000,-0.0025680000,-0.0024970000,-0.0098430000,-0.0055000000,0.0040160000
2023-01-17,-0.0009650000,-0.0011380000,-0.0024040000,0.0002440000,0.0014670000,-0.0012520000,0.0099400000,-0.0045250000,0.0047500000
2023-01-18,-0.0021740000,0.0030380000,0.0048190000,-0.0006390000,-0.0004670000,0.0181700000,0.0236220000,0.0166670000,-0.0022390000
2023-01-19,0.0067800000,0.0117380000,0.0035970000,-0.0003110000,-0.0003650000,0.0036920000,0.0025640000,-0.0154000000,0.0029930000
2023-01-20,0.0055320000,0.0093560000,0.0095580000,0.0011780000,-0.0011980000,0.0153280000,0.0172630000,-0.0095860000,0.0082050000
2023-01-30,0.0057400000,0.0040790000,-0.0059170000,0.0006720000,0.0015320000,-0.0066430000,-0.0125710000,0.0132450000,-0.0007400000
2023-01-31,-0.0109390000,0.0033230000,0.0047620000,0.0006550000,0.0005050000,-0.0018240000,-0.0095480000,0.0015080000,-0.0076510000
2023-02-01,0.0074540000,0.0161940000,0.0059240000,0.0000840000,-0.0019320000,0.0091350000,0.0077120000,-0.0025100000,0.0059690000
2023-02-02,-0.0023870000,0.0014490000,-0.0011780000,0.0005370000,0.0007580000,-0.0132770000,-0.0261480000,-0.0030200000,0.0066750000
2023-02-03,-0.0102870000,-0.0010850000,-0.0058960000,0.0008720000,0.0005100000,0.0006120000,-0.0006550000,0.0040380000,-0.0115420000
2023-02-06,-0.0137780000,-0.0021720000,-0.0035590000,0.0000420000,-0.0003380000,-0.0152810000,-0.0019660000,0.0065360000,-0.0124220000
2023-02-07,0.0024510000,0.0029030000,0.0035710000,-0.0002100000,0.0008330000,-0.0043450000,0.0013130000,-0.0119880000,-0.0030190000
2023-02-08,-0.0041560000,-0.0068740000,-0.0035590000,-0.0004780000,-0.0003490000,0.0093520000,-0.0085250000,0.0010110000,0.0007570000
2023-02-09,0.0132580000,0.0200360000,0.0083330000,0.0001090000,0.0005150000,-0.0067940000,0.0019840000,-0.0131310000,0.0007560000
2023-02-10,-0.0058150000,-0.0050000000,0.0047230000,0.0007300000,-0.0002840000,-0.0012440000,-0.0217820000,0.0056290000,-0.0060470000
2023-02-13,0.0077990000,0.0093320000,0.0035250000,0.0002260000,0.0005850000,-0.0080950000,-0.0033740000,0.0066160000,0.0065910000
2023-02-14,0.0021770000,0.0021340000,0.0035130000,0.0001680000,-0.0000910000,0.0018830000,-0.0006770000,0.0005060000,-0.0010070000
2023-02-15,-0.0067570000,-0.0003550000,-0.0023340000,-0.0003770000,0.0005630000,-0.0119050000,-0.0027100000,-0.0101060000,-0.0030250000
2023-02-16,-0.0070460000,-0.0177490000,-0.0035090000,0.0000920000,0.0008040000,0.0006340000,0.0074730000,0.0005100000,0.0005060000
2023-02-17,-0.0141910000,-0.0090350000,-0.0035210000,0.0003020000,-0.0009380000,0.0000000000,-0.0094400000,-0.0040820000,-0.0030330000
2023-02-20,0.0260610000,0.0116700000,0.0212010000,-0.0002350000,-0.0020270000,0.0088720000,0.0040840000,0.0087090000,0.0043090000
2023-02-21,0.0012090000,0.0046860000,0.0103810000,-0.0001680000,-0.0013430000,0.0138190000,0.0169490000,-0.0015240000,-0.0002520000
2023-02-22,-0.0096640000,0.0028700000,0.0022830000,0.0002010000,0.0007000000,0.0012390000,0.0013330000,0.0040690000,0.0025250000
2023-02-23,0.0000000000,-0.0046510000,-0.0045560000,0.0000590000,0.0005000000,-0.0037130000,0.0033290000,-0.0075990000,-0.0022660000
2023-02-24,-0.0095150000,-0.0035950000,0.0011440000,-0.0001340000,0.0006610000,-0.0080750000,0.0033180000,0.0051050000,0.0030290000
2023-02-27,-0.0036950000,-0.0064940000,-0.0045710000,-0.0002010000,0.0007950000,-0.0200380000,-0.0085980000,-0.0091420000,-0.0025160000
2023-02-28,0.0064280000,0.0079880000,0.0045920000,-0.0001420000,-0.0000160000,0.0083070000,0.0040030000,-0.0112760000,0.0015140000
2023-03-01,0.0120360000,0.0072050000,0.0057140000,0.0001760000,0.0006230000,0.0101390000,0.0119600000,-0.0077760000,0.0030230000
2023-03-02,-0.0012140000,-0.0046490000,0.0090910000,-0.0002430000,-0.0004880000,-0.0087830000,-0.0026260000,-0.0036570000,-0.0010050000
2023-03-03,0.0021870000,-0.0014370000,0.0078830000,-0.0001510000,-0.0005530000,-0.0031650000,0.0032920000,0.0078660000,0.0047760000
2023-03-06,-0.0060620000,0.0032390000,0.0000000000,0.0013330000,0.0014870000,-0.0044440000,0.0039370000,0.0041620000,0.0057540000
2023-03-07,-0.0139060000,-0.0179340000,-0.0033520000,0.0011470000,0.0026110000,0.0025510000,0.0058820000,0.0067360000,0.0014930000
2023-03-08,-0.0039580000,0.0029220000,-0.0022420000,0.0010450000,0.0000110000,-0.0082700000,-0.0077970000,-0.0020590000,-0.0106810000
2023-03-09,-0.0024840000,0.0025490000,-0.0011240000,-0.0000170000,0.0012190000,-0.0006410000,-0.0026200000,0.0041260000,-0.0002510000
2023-03-10,-0.0136950000,-0.0145300000,-0.0202470000,0.0003680000,0.0009610000,-0.0173300000,-0.0059090000,-0.0046220000,0.0075340000
2023-03-13,0.0111080000,0.0047920000,0.0137770000,0.0003340000,0.0010400000,0.0045720000,0.0158520000,0.0025800000,0.0077270000
2023-03-14,-0.0062420000,-0.0091710000,-0.0045300000,0.0003260000,0.0009270000,-0.0104030000,-0.0195060000,-0.0108080000,0.0121200000
2023-03-15,-0.0002510000,0.0048130000,0.0159270000,-0.0004170000,-0.0003040000,0.0026280000,-0.0033160000,0.0010410000,0.0002440000
2023-03-16,-0.0115610000,-0.0151070000,-0.0078390000,0.0009770000,0.0019230000,-0.0255570000,-0.0252830000,-0.0062370000,0.0083070000
2023-03-17,0.0053390000,0.0074820000,0.0158010000,0.0006340000,0.0034660000,0.0107600000,0.0204780000,-0.0099370000,0.0060580000
2023-03-20,-0.0055640000,-0.0040850000,-0.0066670000,0.0003080000,0.0017170000,-0.0059880000,0.0153850000,-0.0290540000,0.0286610000
2023-03-21,0.0109360000,0.0126770000,-0.0022370000,-0.0014330000,0.0005290000,0.0066930000,-0.0006590000,0.0114250000,-0.0081950000
2023-03-22,0.0045280000,0.0040500000,0.0056050000,0.0004170000,-0.0007980000,0.0093090000,0.0059330000,-0.0102210000,-0.0132200000
2023-03-23,0.0095170000,0.0036670000,0.0000000000,-0.0002000000,-0.0000630000,-0.0019760000,0.0032770000,-0.0163040000,0.0057420000
2023-03-24,-0.0012400000,0.0007310000,-0.0078040000,-0.0003170000,-0.0009730000,0.0250830000,0.0156760000,-0.0110500000,0.0049950000
2023-03-27,-0.0052160000,0.0014600000,-0.0078650000,0.0003170000,0.0012070000,-0.0051510000,-0.0006430000,-0.0061450000,-0.0049700000
2023-03-28,-0.0019980000,-0.0054680000,0.0033980000,-0.0000670000,0.0003540000,0.0064720000,0.0032180000,0.0118040000,-0.0066600000
2023-03-29,0.0000000000,-0.0036660000,-0.0056430000,0.0006260000,-0.0001960000,0.0000000000,0.0051310000,0.0016670000,0.0035920000
2023-03-30,0.0107580000,0.0007360000,0.0022700000,-0.0010170000,0.0001380000,0.0025720000,0.0102110000,-0.0005550000,0.0016700000
2023-03-31,0.0024750000,0.0080880000,0.0045300000,0.0004510000,0.0001430000,-0.0025660000,-0.0006320000,-0.0049940000,0.0059550000
2023-04-03,0.0074070000,0.0134940000,0.0101470000,0.0001840000,-0.0013750000,-0.0025720000,-0.0006320000,0.0301170000,-0.0116030000
2023-04-04,0.0049020000,-0.0014390000,0.0066960000,0.0003590000,0.0002810000,-0.0032240000,0.0082230000,0.0092040000,0.0103020000
2023-04-06,-0.0029270000,0.0032430000,-0.0066520000,0.0001750000,-0.0005720000,-0.0135830000,-0.0112920000,-0.0150210000,0.0149400000
2023-04-07,0.0070940000,0.0086210000,-0.0033480000,0.0006840000,0.0013400000,0.0078690000,-0.0006350000,-0.0087150000,-0.0007010000
2023-04-10,-0.0036430000,-0.0089030000,-0.0011200000,0.0005830000,0.0007930000,-0.0058560000,-0.0088890000,-0.0038460000,-0.0093520000
2023-04-11,-0.0024380000,0.0003590000,0.0134530000,0.0000750000,0.0025470000,0.0026180000,0.0140940000,0.0027580000,0.0054280000
2023-04-12,-0.0009780000,0.0053880000,0.0199120000,0.0010410000,0.0030050000,0.0006530000,-0.0088440000,-0.0126510000,0.0070420000
2023-04-13,-0.0061150000,-0.0060740000,0.0010850000,0.0002500000,-0.0002420000,0.0052190000,-0.0012750000,0.0139280000,0.0000000000
2023-04-14,0.0051690000,0.0061110000,-0.0043340000,-0.0004990000,-0.0000840000,0.0175210000,0.0140400000,-0.0131870000,0.0060610000
2023-04-17,0.0149360000,0.0007150000,0.0108810000,-0.0000670000,-0.0003150000,0.0197700000,0.0125870000,0.0000000000,-0.0108900000
2023-04-18,0.0016890000,-0.0039270000,0.0032290000,0.0002330000,0.0005520000,-0.0043780000,-0.0012430000,0.0105790000,-0.0039820000
2023-04-19,-0.0079480000,-0.0043010000,0.0021460000,0.0009650000,0.0018710000,-0.0037690000,-0.0062230000,-0.0280990000,-0.0007060000
2023-04-20,-0.0038840000,0.0000000000,0.0074950000,-0.0007560000,0.0014110000,0.0018920000,0.0043830000,-0.0147390000,0.0023530000
2023-04-21,-0.0177920000,-0.0251980000,-0.0138150000,0.0013970000,0.0011790000,-0.0157330000,-0.0081050000,-0.0115070000,-0.0051660000
2023-04-24,-0.0126550000,-0.0081240000,0.0021550000,0.0008550000,0.0024330000,-0.0095910000,-0.0119420000,0.0075670000,-0.0016520000
2023-04-25,-0.0047750000,-0.0178700000,0.0064520000,0.0001240000,0.0006000000,0.0000000000,0.0012720000,-0.0017330000,0.0085110000
2023-04-26,-0.0022730000,0.0030330000,0.0021370000,0.0003980000,0.0002710000,-0.0103290000,-0.0088950000,0.0127310000,0.0021100000
2023-04-27,0.0088590000,0.0022680000,0.0021320000,0.0007550000,0.0027540000,-0.0091320000,-0.0185900000,-0.0057140000,0.0009360000
2023-04-28,0.0097840000,0.0150830000,0.0212770000,0.0007040000,-0.0006140000,0.0118500000,0.0052250000,0.0143680000,-0.0065440000
2023-05-04,0.0000000000,-0.0026000000,0.0302080000,0.0017810000,0.0039500000,-0.0019520000,-0.0318390000,-0.0050990000,0.0218770000
2023-05-05,-0.0039750000,-0.0108010000,-0.0050560000,0.0016620000,0.0028610000,-0.0052150000,0.0033560000,0.0125280000,0.0039130000
2023-05-08,0.0112250000,0.0060240000,0.0274390000,-0.0010730000,-0.0022480000,0.0085190000,0.0133780000,0.0056240000,-0.0107770000
2023-05-09,-0.0086330000,-0.0119760000,-0.0128590000,0.0009420000,0.0009380000,-0.0071470000,-0.0178220000,-0.0044740000,0.0032450000
2023-05-10,-0.0077130000,0.0018940000,-0.0250500000,0.0013370000,0.0035920000,0.0000000000,-0.0067200000,-0.0134830000,0.0027730000
2023-05-11,-0.0012540000,-0.0007560000,0.0071940000,0.0014510000,0.0002990000,-0.0222510000,0.0033830000,0.0017080000,0.0002300000
2023-05-12,-0.0128040000,-0.0124860000,-0.0173470000,-0.0010040000,-0.0011650000,-0.0180720000,-0.0215780000,0.0164870000,-0.0052980000
2023-05-15,0.0160220000,0.0068970000,-0.0041540000,-0.0000410000,-0.0006250000,0.0081800000,-0.0068920000,-0.0100670000,0.0039370000
2023-05-16,-0.0042550000,-0.0091320000,-0.0125130000,-0.0003630000,0.0004390000,-0.0101420000,0.0000000000,0.0124290000,-0.0034600000
2023-05-17,-0.0067870000,0.0049920000,-0.0010560000,-0.0000910000,-0.0005470000,0.0040980000,0.0111030000,-0.0212050000,-0.0043980000
2023-05-18,-0.0002530000,0.0045850000,0.0105710000,-0.0000740000,-0.0014720000,0.0129250000,0.0000000000,0.0034210000,-0.0023250000
2023-05-19,-0.0015190000,0.0041840000,-0.0156900000,0.0010800000,-0.0000720000,-0.0033580000,-0.0075500000,-0.0107950000,-0.0034960000
2023-05-22,0.0050710000,-0.0018940000,-0.0021250000,0.0002140000,0.0012520000,-0.0134770000,-0.0345780000,-0.0011490000,0.0051450000
2023-05-23,-0.0143790000,-0.0094880000,-0.0138450000,0.0021000000,0.0021600000,-0.0081970000,-0.0014330000,0.0120760000,-0.0044210000
2023-05-24,-0.0135650000,-0.0022990000,-0.0140390000,-0.0003370000,-0.0000720000,-0.0082640000,0.0043040000,-0.0113640000,0.0046740000
2023-05-25,-0.0023350000,-0.0019200000,-0.0065720000,-0.0008470000,-0.0008920000,0.0000000000,-0.0028570000,-0.0022990000,-0.0034890000
2023-05-26,0.0013000000,0.0088500000,0.0165380000,-0.0017440000,-0.0018990000,0.0118060000,0.0028650000,0.0063360000,-0.0056020000
2023-05-29,-0.0041560000,-0.0019070000,0.0021690000,0.0008820000,-0.0010960000,0.0082360000,0.0042860000,-0.0097310000,0.0000000000
2023-05-30,0.0010430000,0.0042030000,0.0075760000,0.0000490000,0.0018220000,-0.0027230000,-0.0106690000,-0.0011560000,-0.0030520000
2023-05-31,-0.0093800000,0.0003810000,-0.0085930000,0.0003210000,0.0005370000,-0.0061430000,-0.0100650000,-0.0121530000,0.0141280000
2023-06-01,0.0021040000,0.0022820000,0.0043340000,0.0012350000,0.0014360000,0.0137360000,0.0268700000,0.0193320000,0.0000000000
2023-06-02,0.0139110000,0.0068310000,0.0000000000,-0.0006170000,-0.0017070000,0.0060980000,0.0212160000,-0.0137930000,0.0037150000
2023-06-05,-0.0046600000,0.0003770000,0.0129450000,0.0003870000,0.0005370000,-0.0148150000,-0.0090030000,0.0303030000,-0.0124910000
2023-06-06,-0.0096230000,-0.0211000000,-0.0085200000,0.0011020000,0.0009240000,0.0061520000,-0.0097830000,0.0050900000,0.0091360000
2023-06-07,-0.0031510000,0.0000000000,0.0107410000,0.0008950000,0.0016450000,0.0020380000,0.0000000000,-0.0112550000,0.0002320000
2023-06-08,0.0084300000,-0.0046190000,0.0053130000,-0.0002050000,0.0001180000,0.0027120000,0.0000000000,0.0000000000,-0.0053380000
2023-06-09,0.0041800000,0.0069610000,0.0031710000,0.0010920000,0.0019460000,0.0169030000,0.0028230000,0.0051220000,0.0083990000
2023-06-12,0.0010410000,0.0046080000,-0.0094840000,0.0006640000,0.0014180000,-0.0093090000,-0.0182970000,0.0039640000,0.0006940000
2023-06-13,0.0075360000,0.0042050000,-0.0021280000,0.0018110000,0.0038070000,0.0046980000,0.0186380000,0.0095880000,0.0023120000
2023-06-14,0.0000000000,0.0034260000,-0.0074630000,0.0026090000,0.0031590000,0.0113560000,0.0161860000,-0.0016760000,-0.0062280000
2023-06-15,0.0167660000,0.0056900000,0.0021480000,-0.0028790000,-0.0048370000,0.0052840000,0.0027700000,0.0195860000,-0.0081240000
2023-06-16,0.0093860000,0.0086760000,0.0000000000,-0.0036890000,-0.0051580000,0.0151120000,-0.0006910000,0.0170140000,0.0077230000
2023-06-19,-0.0075400000,0.0033660000,-0.0160770000,0.0007720000,0.0001100000,-0.0090610000,-0.0172770000,0.0215870000,0.0016260000
2023-06-20,-0.0017730000,0.0011180000,-0.0065360000,-0.0001800000,0.0000000000,-0.0006530000,0.0091420000,0.0042260000,0.0013910000
2023-06-21,-0.0139520000,-0.0197320000,-0.0065790000,0.0011820000,0.0033000000,0.0019610000,0.0013940000,0.0220940000,-0.0037050000
2023-06-26,-0.0113200000,-0.0178500000,-0.0209710000,0.0013030000,0.0009940000,-0.0136990000,-0.0146140000,-0.0138960000,-0.0004650000
2023-06-27,0.0067660000,0.0096670000,0.0202930000,-0.0016130000,-0.0003180000,0.0019840000,0.0134180000,-0.0083510000,-0.0006980000
2023-06-28,0.0020680000,-0.0015320000,0.0044200000,0.0001390000,0.0002780000,-0.0033000000,-0.0027870000,-0.0036840000,-0.0048860000
2023-06-29,-0.0046430000,0.0042190000,-0.0033000000,0.0003440000,0.0009230000,-0.0052980000,0.0090850000,-0.0026410000,0.0018700000
2023-06-30,0.0059600000,0.0156610000,0.0055190000,0.0018930000,0.0035110000,0.0059920000,0.0110800000,0.0068860000,0.0016340000
2023-07-03,0.0115920000,-0.0022560000,0.0120750000,-0.0004830000,-0.0001880000,0.0099270000,0.0027400000,0.0794320000,0.0027960000
2023-07-04,0.0017830000,0.0045230000,-0.0010850000,0.0001150000,-0.0001680000,-0.0006550000,0.0027320000,-0.0185190000,0.0011620000
2023-07-05,-0.0068630000,-0.0075050000,-0.0021720000,0.0001310000,0.0008800000,-0.0039340000,-0.0054500000,0.0024830000,0.0011600000
2023-07-06,-0.0071670000,-0.0034030000,-0.0032640000,0.0003520000,-0.0000490000,0.0125080000,0.0082190000,-0.0009910000,-0.0004640000
2023-07-07,-0.0028360000,-0.0041730000,0.0021830000,0.0002700000,0.0001380000,-0.0071520000,0.0129080000,-0.0054540000,-0.0020870000
2023-07-10,0.0041370000,0.0003810000,0.0021790000,0.0001800000,0.0004250000,-0.0026200000,0.0026830000,0.0009970000,0.0032540000
2023-07-11,0.0066940000,0.0079970000,0.0010870000,0.0007770000,0.0008890000,0.0078790000,0.0227420000,0.0044820000,0.0006950000
2023-07-12,-0.0048590000,-0.0143560000,0.0010860000,0.0001720000,0.0005230000,-0.0006510000,0.0117720000,0.0163610000,-0.0004630000
2023-07-13,0.0161910000,0.0095820000,0.0119310000,-0.0004250000,0.0000690000,0.0130380000,-0.0064640000,-0.0073170000,0.0088000000
2023-07-14,-0.0005060000,-0.0011390000,0.0042870000,-0.0004000000,-0.0007000000,0.0019310000,0.0214700000,0.0004910000,-0.0045910000
2023-07-17,-0.0070850000,-0.0034210000,-0.0074710000,0.0009560000,0.0008090000,-0.0064230000,-0.0292990000,0.0098230000,0.0029980000
2023-07-18,-0.0015290000,-0.0007630000,-0.0021510000,0.0014290000,0.0017050000,0.0006460000,0.0157480000,0.0014590000,0.0039090000
2023-07-19,-0.0005100000,-0.0022900000,0.0075430000,-0.0001960000,0.0005810000,-0.0006460000,0.0032300000,0.0228270000,0.0119100000
2023-07-20,-0.0071500000,-0.0126240000,-0.0064170000,0.0000730000,0.0009250000,0.0064640000,-0.0045070000,0.0071230000,-0.0009050000
2023-07-21,0.0005140000,-0.0011620000,-0.0010760000,0.0012070000,0.0019750000,0.0025690000,-0.0038810000,-0.0084870000,-0.0031720000
2023-07-24,-0.0043700000,-0.0023270000,0.0021550000,0.0006760000,0.0012550000,-0.0070470000,-0.0116880000,0.0019020000,-0.0027270000
2023-07-25,0.0289180000,0.0159410000,0.0182800000,-0.0037610000,-0.0045840000,0.0135480000,0.0157690000,0.0185100000,-0.0050140000
2023-07-26,-0.0022580000,-0.0045920000,-0.0021120000,0.0009640000,-0.0006590000,0.0044560000,0.0051750000,0.0069900000,0.0045810000
2023-07-27,-0.0010060000,-0.0076890000,0.0021160000,0.0010940000,0.0025400000,-0.0012670000,0.0006440000,0.0115690000,0.0020520000
2023-07-28,0.0241690000,0.0085240000,0.0168950000,-0.0003340000,-0.0015520000,0.0038070000,0.0180060000,-0.0114360000,-0.0095560000
2023-07-31,0.0039330000,0.0065310000,0.0062310000,-0.0012150000,-0.0014760000,0.0012640000,-0.0056850000,-0.0046270000,0.0006890000
2023-08-01,-0.0044070000,-0.0015270000,0.0000000000,0.0007430000,0.0009360000,0.0069440000,0.0196950000,0.0102280000,0.0034440000
2023-08-02,-0.0071320000,-0.0019110000,-0.0103200000,0.0008650000,0.0012700000,-0.0068970000,-0.0043610000,0.0023010000,-0.0009150000
2023-08-03,0.0089180000,0.0007660000,0.0020860000,0.0005140000,0.0009340000,-0.0075760000,-0.0187730000,-0.0114780000,-0.0038930000
2023-08-04,0.0051560000,0.0057410000,0.0010410000,0.0000080000,0.0011290000,0.0025450000,0.0051020000,0.0102180000,-0.0006900000
2023-08-07,-0.0075720000,-0.0045660000,-0.0093560000,0.0003500000,0.0009320000,-0.0038070000,-0.0114210000,-0.0110340000,0.0018400000
2023-08-08,-0.0036920000,-0.0042050000,0.0041970000,0.0003010000,0.0000780000,-0.0031850000,0.0044930000,-0.0041840000,0.0006890000
2023-08-09,-0.0019760000,-0.0076780000,-0.0073150000,0.0003260000,0.0001270000,-0.0025560000,0.0038340000,0.0210080000,-0.0009180000
2023-08-10,0.0012380000,-0.0007740000,0.0000000000,-0.0001300000,-0.0005390000,-0.0032030000,0.0025460000,0.0013720000,-0.0032150000
2023-08-11,-0.0234860000,-0.0181960000,-0.0105260000,0.0001380000,0.0008140000,-0.0038560000,0.0146030000,0.0073060000,0.0039170000
2023-08-14,-0.0068350000,0.0023660000,-0.0021280000,0.0009200000,0.0023610000,-0.0103230000,-0.0181480000,0.0058930000,0.0018360000
2023-08-15,-0.0010200000,-0.0074740000,0.0063970000,0.0026840000,0.0073390000,0.0065190000,0.0019120000,0.0081120000,0.0020620000
2023-08-16,-0.0076550000,-0.0126830000,-0.0052970000,0.0015900000,0.0019400000,-0.0123060000,-0.0152670000,-0.0013410000,0.0018290000
2023-08-17,0.0033430000,0.0084300000,-0.0010650000,-0.0000810000,-0.0011620000,0.0065570000,0.0071060000,0.0161150000,-0.0013690000
2023-08-18,-0.0128140000,-0.0195060000,-0.0021320000,0.0006070000,0.0019580000,0.0019540000,0.0192430000,0.0114540000,-0.0031990000
2023-08-21,-0.0134990000,-0.0109620000,-0.0074790000,0.0022580000,0.0081460000,0.0078020000,0.0314660000,0.0204700000,0.0048140000
2023-08-22,0.0060530000,0.0061580000,0.0139940000,-0.0011630000,-0.0012000000,0.0058060000,-0.0030510000,-0.0303030000,-0.0018250000
2023-08-23,-0.0143870000,-0.0187680000,-0.0031850000,-0.0000970000,0.0003750000,0.0051310000,-0.0012240000,-0.0008800000,0.0038860000
2023-08-24,0.0061040000,0.0008320000,-0.0042600000,-0.0002180000,0.0012580000,-0.0038290000,-0.0006130000,0.0070480000,0.0031880000
2023-08-25,-0.0018460000,-0.0162030000,-0.0010700000,-0.0004610000,-0.0018800000,0.0012810000,0.0073570000,0.0209970000,-0.0034040000
2023-08-28,0.0140060000,0.0063340000,0.0117770000,-0.0007120000,-0.0011530000,-0.0031990000,-0.0127810000,0.0098540000,0.0004550000
2023-08-29,0.0057340000,0.0302140000,0.0010580000,-0.0017820000,-0.0020400000,0.0038510000,-0.0012330000,0.0063640000,0.0031870000
2023-08-30,-0.0002590000,0.0048880000,-0.0095140000,0.0005760000,0.0004920000,0.0038360000,0.0419750000,-0.0021080000,0.0027230000
2023-08-31,-0.0049250000,-0.0028370000,-0.0053360000,0.0006890000,0.0009730000,0.0012740000,-0.0029620000,0.0021120000,0.0043000000
2023-09-01,0.0059910000,-0.0008130000,0.0053650000,-0.0009970000,-0.0032350000,0.0133590000,0.0148540000,-0.0105400000,-0.0004510000
2023-09-04,0.0150180000,0.0150530000,0.0202770000,-0.0029360000,-0.0080360000,-0.0037660000,-0.0210770000,-0.0183210000,0.0027050000
2023-09-05,-0.0068880000,-0.0056110000,-0.0094140000,0.0005690000,0.0002530000,0.0025200000,0.0017940000,0.0108510000,0.0017990000
2023-09-06,-0.0025690000,0.0036280000,-0.0042240000,-0.0011620000,-0.0043020000,0.0044000000,0.0125370000,0.0154570000,-0.0011220000
2023-09-07,-0.0136490000,-0.0168670000,-0.0010600000,-0.0008870000,-0.0039100000,-0.0043800000,-0.0176890000,0.0012680000,0.0000000000
2023-09-08,-0.0054830000,0.0020420000,-0.0042460000,0.0007170000,0.0025420000,-0.0075420000,-0.0126050000,-0.0185810000,0.0058410000
2023-09-11,0.0073510000,0.0146760000,0.0063970000,-0.0001060000,-0.0007540000,0.0038000000,0.0176290000,0.0098970000,0.0011170000
2023-09-12,-0.0013030000,-0.0008040000,-0.0021190000,0.0002520000,0.0019500000,-0.0018930000,0.0221030000,-0.0110780000,0.0013390000
2023-09-13,-0.0065240000,-0.0128670000,0.0010620000,0.0009280000,0.0012520000,-0.0044250000,-0.0151960000,-0.0159410000,0.0013370000
2023-09-14,-0.0007880000,-0.0036660000,0.0063630000,0.0010490000,0.0045020000,0.0088890000,0.0142430000,-0.0052540000,0.0104580000
2023-09-15,-0.0044690000,0.0004090000,0.0010540000,-0.0011210000,-0.0035100000,0.0037760000,0.0040960000,0.0211270000,-0.0094690000
2023-09-18,0.0034330000,0.0008170000,0.0000000000,-0.0014720000,-0.0038540000,-0.0006270000,0.0000000000,-0.0077590000,-0.0060030000
2023-09-19,-0.0013160000,-0.0073500000,0.0052630000,0.0000490000,0.0009110000,-0.0100380000,0.0058280000,-0.0221550000,0.0071570000
2023-09-20,-0.0047430000,-0.0090500000,0.0062830000,-0.0002440000,-0.0013600000,0.0050700000,-0.0098490000,0.0111060000,0.0064400000
2023-09-21,-0.0092670000,-0.0074720000,-0.0083250000,0.0002610000,0.0029200000,-0.0094580000,-0.0169690000,-0.0101050000,-0.0019860000
2023-09-22,0.0200430000,0.0200750000,0.0052470000,-0.0013270000,-0.0027160000,0.0012730000,0.0095240000,0.0035510000,-0.0030950000
2023-09-25,-0.0073360000,-0.0053300000,0.0000000000,-0.0012640000,-0.0040170000,-0.0019070000,-0.0176890000,-0.0035380000,0.0037700000
2023-09-26,-0.0055420000,-0.0041220000,-0.0020880000,-0.0007430000,0.0004720000,-0.0070060000,-0.0138060000,0.0066580000,-0.0008840000
2023-09-27,0.0026540000,0.0062090000,-0.0031380000,-0.0001060000,0.0004230000,-0.0051310000,0.0054780000,0.0088180000,-0.0145950000
2023-09-28,-0.0037060000,0.0074040000,-0.0010490000,0.0025580000,0.0052970000,-0.0006450000,-0.0006050000,-0.0021850000,-0.0134650000
2023-10-09,-0.0026570000,-0.0040830000,-0.0031510000,0.0002530000,-0.0009380000,0.0000000000,-0.0109020000,-0.0310990000,-0.0102370000
2023-10-10,-0.0071920000,-0.0032800000,-0.0136990000,0.0001470000,-0.0009880000,-0.0154840000,-0.0220450000,-0.0180830000,-0.0128710000
2023-10-11,0.0021460000,0.0020570000,0.0000000000,-0.0017350000,-0.0023020000,0.0058980000,0.0006260000,-0.0032230000,0.0020950000
2023-10-12,0.0096390000,0.0073890000,0.0128210000,0.0002200000,0.0004220000,0.0039090000,-0.0037550000,0.0073900000,0.0076670000
2023-10-13,-0.0092810000,-0.0020370000,-0.0010550000,0.0012320000,0.0021100000,-0.0051910000,-0.0025130000,0.0160480000,0.0027670000
2023-10-16,-0.0115100000,-0.0110250000,0.0042240000,0.0008150000,0.0007340000,0.0039140000,0.0107050000,0.0036100000,0.0131060000
2023-10-17,0.0032490000,-0.0016520000,0.0052580000,-0.0005860000,-0.0010670000,-0.0097470000,-0.0112150000,-0.0017990000,0.0045390000
2023-10-18,-0.0075570000,-0.0165430000,-0.0052300000,-0.0002200000,-0.0009010000,0.0072180000,-0.0056710000,0.0031530000,0.0088120000
2023-10-19,-0.0209410000,-0.0105130000,-0.0210300000,-0.0015080000,-0.0033430000,-0.0019540000,0.0063370000,0.0044900000,0.0062710000
2023-10-20,-0.0050000000,-0.0110500000,0.0032220000,0.0014850000,0.0022630000,-0.0071800000,-0.0018890000,0.0022350000,0.0117960000
2023-10-23,-0.0106090000,-0.0253550000,-0.0203430000,0.0010590000,0.0024730000,-0.0026300000,-0.0145110000,-0.0089210000,-0.0054990000
2023-10-24,0.0014110000,0.0127870000,0.0054640000,-0.0012210000,-0.0017330000,0.0098880000,0.0070420000,-0.0063010000,0.0002210000
2023-10-25,0.0056350000,0.0113190000,0.0119570000,0.0009620000,0.0000780000,0.0039160000,0.0063570000,0.0108700000,-0.0039810000
2023-10-26,0.0036420000,0.0068880000,0.0032220000,0.0002610000,-0.0008730000,-0.0058520000,0.0006320000,0.0026880000,0.0064390000
2023-10-27,0.0150750000,0.0188110000,0.0042830000,0.0000810000,-0.0008740000,0.0013080000,0.0069440000,0.0058090000,0.0022060000
2023-10-30,0.0044000000,0.0130090000,-0.0170580000,0.0003990000,-0.0000390000,0.0078380000,0.0100310000,0.0177700000,0.0024210000
2023-10-31,-0.0021910000,-0.0053850000,0.0000000000,0.0013020000,0.0021810000,-0.0032400000,-0.0018620000,-0.0205150000,0.0015370000
2023-11-01,-0.0005490000,-0.0012490000,0.0010850000,0.0010240000,0.0015100000,-0.0091030000,-0.0074630000,0.0106950000,-0.0030700000
2023-11-02,-0.0046680000,-0.0108420000,0.0021670000,0.0009820000,0.0027990000,0.0045930000,-0.0025060000,0.0132280000,0.0021990000
2023-11-03,0.0077240000,0.0126480000,-0.0064860000,-0.0000970000,0.0008300000,0.0078380000,0.0169600000,0.0073980000,-0.0006580000
2023-11-06,0.0131400000,0.0204000000,-0.0021760000,-0.0001050000,0.0009360000,-0.0025920000,-0.0024710000,0.0181430000,-0.0046110000
2023-11-07,-0.0029720000,0.0032640000,0.0021810000,0.0005190000,-0.0005070000,-0.0013000000,-0.0037150000,-0.0025460000,-0.0035300000
2023-11-08,-0.0029810000,0.0040670000,0.0000000000,0.0000650000,0.0013160000,0.0013010000,0.0062150000,0.0063800000,-0.0042060000
2023-11-09,0.0008150000,-0.0064800000,0.0021760000,0.0000570000,0.0011100000,-0.0025990000,-0.0006180000,-0.0029590000,-0.0066700000
2023-11-10,-0.0073330000,-0.0016310000,-0.0054290000,0.0001380000,0.0007390000,-0.0019540000,0.0037080000,-0.0224670000,0.0062670000
2023-11-13,-0.0013680000,0.0102080000,0.0032750000,0.0004460000,0.0022930000,0.0019580000,-0.0092360000,0.0069380000,-0.0035590000
2023-11-14,0.0000000000,0.0052550000,0.0010880000,-0.0005750000,-0.0022690000,-0.0006510000,0.0006220000,0.0094750000,0.0044640000
2023-11-15,0.0068490000,0.0040210000,0.0076090000,-0.0002920000,-0.0008650000,0.0065190000,0.0118010000,0.0102390000,0.0031110000
2023-11-16,-0.0097960000,-0.0104120000,-0.0010790000,0.0007950000,0.0019740000,-0.0006480000,0.0116640000,-0.0016890000,-0.0019940000
2023-11-17,-0.0013740000,0.0109270000,-0.0021600000,0.0004050000,0.0014170000,-0.0045370000,0.0012140000,-0.0224200000,0.0031080000
2023-11-20,0.0030270000,0.0068050000,0.0043290000,-0.0000240000,0.0000100000,-0.0032550000,-0.0018180000,-0.0121160000,-0.0112860000
2023-11-21,0.0013720000,-0.0071570000,0.0032330000,0.0002190000,0.0001070000,-0.0032660000,-0.0273220000,0.0100740000,-0.0015670000
2023-11-22,-0.0106850000,-0.0108130000,-0.0042960000,-0.0005430000,-0.0019580000,-0.0078640000,-0.0049940000,-0.0082390000,-0.0033620000
2023-11-23,0.0052620000,0.0097170000,0.0064720000,-0.0013530000,-0.0028160000,-0.0046240000,-0.0069010000,-0.0091820000,-0.0013500000
2023-11-24,-0.0068870000,-0.0140340000,0.0000000000,0.0001460000,-0.0002920000,0.0046450000,0.0044220000,0.0030890000,0.0011260000
2023-11-27,-0.0066570000,0.0004070000,-0.0075030000,-0.0003080000,-0.0011200000,-0.0046240000,-0.0018870000,-0.0175980000,0.0094490000
2023-11-28,0.0011170000,0.0036590000,0.0000000000,0.0007380000,0.0022430000,0.0006640000,-0.0012600000,0.0004480000,0.0037890000
2023-11-29,-0.0075310000,-0.0028350000,-0.0075590000,-0.0003000000,0.0009240000,-0.0006630000,0.0018930000,-0.0044760000,0.0071050000
2023-11-30,0.0011240000,-0.0064990000,0.0021760000,0.0003570000,0.0018180000,0.0019910000,0.0226700000,0.0013490000,-0.0006610000
2023-12-01,-0.0039300000,0.0094030000,0.0119440000,0.0008920000,0.0003880000,-0.0019870000,-0.0018470000,-0.0080830000,0.0008820000
2023-12-04,-0.0067640000,-0.0044550000,-0.0042920000,-0.0005430000,-0.0004170000,0.0006640000,-0.0129550000,0.0072430000,0.0110200000
2023-12-05,-0.0187290000,-0.0179010000,-0.0129310000,0.0000410000,0.0006500000,-0.0112730000,-0.0018750000,0.0044940000,-0.0141700000
2023-12-06,0.0014460000,0.0041430000,-0.0032750000,-0.0003650000,0.0007760000,0.0073780000,0.0068880000,-0.0031320000,-0.0006630000
2023-12-07,-0.0025990000,-0.0008250000,-0.0010950000,0.0003730000,0.0017830000,-0.0026630000,0.0099500000,-0.0031420000,0.0019920000
2023-12-08,0.0020270000,-0.0020640000,-0.0010960000,0.0003890000,0.0001640000,0.0053400000,-0.0036950000,0.0108060000,0.0015460000
2023-12-11,0.0069340000,0.0103430000,0.0098790000,0.0018470000,0.0024760000,0.0013280000,-0.0080350000,0.0000000000,-0.0074970000
2023-12-12,0.0022960000,0.0024570000,0.0054350000,-0.0004770000,-0.0018330000,0.0000000000,0.0031150000,0.0151450000,-0.0044430000
2023-12-13,-0.0166050000,-0.0093950000,-0.0064860000,0.0012300000,0.0033830000,-0.0066310000,-0.0242240000,-0.0021940000,-0.0024550000
2023-12-14,-0.0046580000,-0.0032990000,-0.0010880000,-0.0000730000,-0.0010110000,0.0093460000,-0.0025460000,-0.0171500000,0.0158840000
2023-12-15,-0.0020470000,-0.0070340000,-0.0054470000,0.0006380000,0.0035870000,0.0026460000,0.0076580000,0.0000000000,-0.0015420000
2023-12-18,-0.0041030000,-0.0158330000,-0.0010950000,0.0006860000,0.0035550000,0.0052770000,0.0031670000,-0.0085010000,-0.0028670000
2023-12-19,0.0005890000,0.0008470000,-0.0010960000,0.0000970000,0.0001150000,0.0006560000,0.0012630000,0.0009030000,0.0024330000
2023-12-20,-0.0091180000,-0.0177660000,-0.0032930000,-0.0003710000,0.0007560000,0.0026230000,0.0214380000,-0.0067630000,0.0035300000
2023-12-21,0.0092020000,0.0051680000,-0.0022030000,0.0004440000,0.0038260000,0.0013080000,0.0111110000,0.0000000000,-0.0006600000
2023-12-22,0.0017650000,-0.0085690000,0.0011040000,0.0007420000,0.0044310000,0.0019600000,0.0122100000,-0.0095320000,0.0059410000
2023-12-25,0.0026420000,-0.0017290000,-0.0011030000,0.0008220000,0.0056640000,0.0006520000,-0.0144750000,0.0064160000,0.0015310000
2023-12-26,-0.0058570000,-0.0129870000,-0.0011040000,0.0004670000,-0.0039720000,0.0013030000,-0.0012240000,-0.0009110000,0.0037130000
2023-12-27,0.0029460000,0.0057020000,0.0077350000,0.0007890000,-0.0006820000,0.0052050000,0.0055150000,0.0086600000,0.0015230000
2023-12-28,0.0246700000,0.0204970000,-0.0021930000,0.0000000000,0.0007110000,0.0006470000,0.0085310000,-0.0013560000,0.0015210000
2023-12-29,0.0028660000,0.0145300000,0.0043960000,0.0018190000,0.0022640000,-0.0051750000,-0.0078550000,-0.0122170000,-0.0032540000
2024-01-02,-0.0131470000,-0.0084250000,0.0120350000,0.0018310000,-0.0016820000,0.0039010000,-0.0079170000,-0.0219880000,0.0032640000
2024-01-03,-0.0028960000,-0.0046730000,0.0108110000,-0.0025580000,-0.0024230000,-0.0045340000,0.0030690000,-0.0004680000,-0.0006510000
2024-01-04,-0.0087130000,-0.0059750000,0.0117650000,0.0019930000,0.0022680000,-0.0078070000,-0.0042840000,0.0042170000,-0.0032560000
2024-01-05,-0.0049810000,-0.0158870000,0.0010570000,0.0028720000,0.0047710000,-0.0039340000,-0.0043020000,-0.0153990000,0.0021780000
2024-01-08,-0.0138400000,-0.0257420000,-0.0116160000,-0.0014960000,0.0008570000,0.0013170000,-0.0123460000,-0.0156400000,-0.0008690000
2024-01-09,0.0023890000,0.0000000000,0.0074790000,0.0012180000,0.0044340000,-0.0019720000,-0.0050000000,0.0014440000,-0.0013050000
2024-01-10,-0.0047660000,-0.0067170000,-0.0053020000,-0.0003280000,0.0002720000,-0.0032940000,-0.0163320000,-0.0072120000,-0.0037020000
2024-01-11,0.0056870000,0.0198380000,-0.0085290000,-0.0006320000,-0.0018930000,0.0105750000,0.0057470000,-0.0024210000,0.0000000000
2024-01-12,-0.0032740000,-0.0084000000,0.0043010000,-0.0010650000,-0.0016990000,-0.0039240000,0.0019050000,-0.0165050000,0.0024040000
2024-01-15,-0.0011940000,-0.0031210000,0.0074950000,0.0001520000,0.0013640000,-0.0026260000,0.0025350000,-0.0039490000,0.0065420000
2024-01-16,0.0065770000,-0.0026830000,0.0063760000,-0.0002970000,-0.0001310000,-0.0013170000,0.0056890000,0.0029730000,-0.0006500000
2024-01-17,-0.0222750000,-0.0278030000,-0.0137280000,0.0011790000,0.0020100000,0.0000000000,-0.0075420000,-0.0093870000,-0.0088880000
2024-01-18,0.0139620000,-0.0027680000,-0.0064240000,0.0007370000,0.0007120000,-0.0019780000,0.0114000000,-0.0089780000,-0.0017500000
2024-01-19,0.0021420000,-0.0124880000,-0.0064660000,0.0005280000,0.0024350000,-0.0006610000,-0.0006260000,0.0035230000,0.0043820000
2024-01-22,-0.0210690000,-0.0548010000,-0.0260300000,0.0008880000,0.0068860000,-0.0006610000,0.0175440000,0.0035110000,-0.0034900000
2024-01-23,0.0068620000,0.0128840000,0.0066820000,-0.0004880000,0.0009090000,0.0092590000,0.0036950000,0.0005000000,0.0013130000
2024-01-24,0.0157990000,0.0156560000,0.0232300000,0.0001040000,-0.0004730000,0.0058980000,0.0141100000,0.0099900000,-0.0008750000
2024-01-25,0.0170780000,0.0342000000,0.0302700000,0.0000800000,0.0003900000,0.0026060000,-0.0078640000,-0.0074180000,-0.0050330000
2024-01-26,-0.0017990000,-0.0125760000,0.0167890000,0.0007270000,0.0009550000,0.0006500000,0.0048780000,-0.0154460000,0.0046180000
2024-01-29,-0.0090120000,-0.0273580000,0.0000000000,0.0005590000,0.0005740000,-0.0012990000,0.0060680000,-0.0187250000,0.0030650000
2024-01-30,-0.0169750000,-0.0276430000,-0.0072240000,0.0027860000,0.0095820000,-0.0026010000,-0.0054280000,-0.0025790000,0.0024010000
2024-01-31,-0.0064750000,-0.0369080000,-0.0062370000,0.0016320000,0.0086020000,0.0032590000,0.0012130000,0.0186140000,0.0004350000
2024-02-01,-0.0012410000,-0.0088040000,-0.0104600000,0.0001030000,-0.0003730000,-0.0058480000,-0.0175650000,0.0162440000,0.0034820000
2024-02-02,-0.0093230000,-0.0339600000,0.0021140000,-0.0002150000,-0.0006730000,-0.0065360000,-0.0073980000,-0.0179820000,0.0032530000
2024-02-05,0.0062740000,-0.0605730000,0.0021100000,0.0015500000,0.0100750000,-0.0052630000,0.0055900000,-0.0005090000,-0.0084310000
2024-02-06,0.0321070000,0.0679330000,0.0136840000,-0.0026030000,-0.0067220000,-0.0019840000,0.0037060000,0.0025450000,-0.0019620000
2024-02-07,0.0087590000,0.0447440000,0.0114230000,0.0005570000,0.0024130000,0.0013250000,0.0147690000,-0.0065990000,0.0024030000
2024-02-08,0.0065870000,0.0407640000,-0.0010270000,0.0013760000,-0.0020360000,0.0046330000,-0.0036390000,0.0081760000,0.0037050000
2024-02-19,0.0080310000,0.0014870000,0.0236380000,0.0001830000,0.0017860000,-0.0026350000,0.0012170000,0.0136850000,-0.0054280000
2024-02-20,0.0035410000,0.0024750000,0.0080320000,0.0006830000,0.0037930000,-0.0026420000,-0.0176290000,-0.0035000000,0.0006550000
2024-02-21,0.0141130000,0.0049380000,0.0049800000,0.0006750000,0.0009560000,0.0099340000,0.0024750000,-0.0085300000,0.0006540000
2024-02-22,0.0075380000,0.0171990000,0.0118930000,-0.0001820000,0.0002700000,0.0019670000,0.0086420000,-0.0025300000,-0.0010900000
2024-02-23,0.0008630000,0.0169080000,0.0019590000,0.0014360000,0.0048010000,0.0045810000,-0.0012240000,0.0005070000,-0.0019640000
2024-02-26,-0.0100630000,0.0019000000,-0.0254150000,0.0008000000,0.0039620000,-0.0039090000,-0.0061270000,-0.0020280000,0.0048110000
2024-02-27,0.0119080000,0.0303460000,0.0070210000,0.0014800000,0.0078040000,0.0026160000,0.0154130000,0.0132110000,-0.0008710000
2024-02-28,-0.0103330000,-0.0483200000,-0.0079680000,0.0012800000,0.0009750000,-0.0026090000,-0.0072860000,-0.0015050000,-0.0006530000
2024-02-29,0.0159510000,0.0401350000,0.0080320000,0.0015940000,0.0101870000,0.0071940000,-0.0030580000,-0.0005020000,0.0008720000
2024-03-01,0.0077080000,0.0111580000,0.0000000000,-0.0036720000,-0.0095060000,-0.0012990000,0.0006130000,0.0221110000,0.0032670000
2024-03-04,-0.0008500000,0.0018390000,0.0049800000,0.0012500000,0.0060150000,0.0032510000,-0.0030660000,0.0176990000,0.0136750000
2024-03-05,0.0082220000,-0.0073430000,0.0089200000,0.0002130000,-0.0005360000,-0.0006480000,-0.0098400000,-0.0028990000,0.0141330000
2024-03-06,-0.0039370000,-0.0009250000,0.0000000000,0.0031910000,0.0072320000,0.0012970000,0.0080750000,-0.0004840000,0.0065460000
2024-03-07,-0.0053640000,-0.0148080000,0.0029470000,0.0010550000,0.0034240000,0.0051810000,-0.0086260000,0.0038780000,0.0104890000
2024-03-08,0.0028380000,0.0131520000,0.0058770000,-0.0002280000,-0.0007660000,0.0083760000,0.0049720000,0.0280060000,0.0016610000
2024-03-11,0.0135860000,0.0199350000,-0.0068160000,-0.0009990000,-0.0071870000,-0.0038340000,-0.0049470000,-0.0061060000,0.0026940000
2024-03-12,0.0013960000,0.0045450000,-0.0245100000,-0.0038190000,-0.0132140000,0.0019240000,-0.0018650000,0.0014180000,-0.0033070000
2024-03-13,-0.0058560000,0.0031670000,-0.0020100000,-0.0003950000,-0.0022230000,0.0089630000,-0.0018680000,0.0000000000,-0.0026960000
2024-03-14,-0.0036470000,-0.0058640000,0.0030210000,-0.0003320000,0.0005970000,0.0063450000,0.0131000000,0.0174610000,0.0018710000
2024-03-15,0.0025340000,0.0154260000,0.0010040000,0.0011550000,0.0048720000,0.0151320000,0.0080050000,0.0051020000,0.0039440000
2024-03-18,0.0087050000,0.0165330000,0.0010030000,0.0008450000,0.0032000000,-0.0024840000,-0.0048870000,-0.0087680000,-0.0072360000
2024-03-19,-0.0064030000,-0.0096700000,-0.0040080000,0.0022420000,0.0105310000,-0.0043590000,0.0055250000,0.0093110000,0.0024990000
2024-03-20,0.0008410000,0.0088770000,0.0060360000,-0.0010950000,-0.0027450000,-0.0037520000,-0.0048840000,0.0110700000,0.0010390000
2024-03-21,-0.0005600000,-0.0004400000,0.0060000000,0.0000000000,-0.0013060000,0.0100440000,-0.0098160000,0.0173360000,0.0203360000
2024-03-22,-0.0086830000,-0.0114440000,-0.0049700000,-0.0000470000,-0.0013260000,-0.0105660000,-0.0030980000,-0.0170400000,-0.0063050000
2024-03-25,-0.0053690000,-0.0222620000,0.0019980000,-0.0013800000,-0.0053710000,-0.0025130000,-0.0037290000,-0.0264600000,0.0018420000
2024-03-26,0.0031250000,-0.0045540000,0.0009970000,0.0001500000,0.0005130000,-0.0069270000,-0.0012480000,0.0023430000,0.0012260000
2024-03-27,-0.0107620000,-0.0324790000,-0.0059760000,0.0006790000,0.0020670000,0.0000000000,-0.0024980000,0.0037400000,0.0044890000
2024-03-28,0.0048670000,0.0231680000,0.0020040000,0.0001810000,0.0035960000,0.0050730000,-0.0012520000,-0.0172330000,0.0073130000
2024-03-29,0.0045580000,0.0106280000,0.0150000000,0.0011120000,0.0012030000,0.0082020000,0.0031350000,0.0127960000,0.0203670000
2024-04-01,0.0164490000,0.0210330000,0.0000000000,-0.0011980000,-0.0047200000,0.0006260000,0.0118750000,0.0093590000,0.0067190000
2024-04-02,-0.0033480000,-0.0053740000,0.0078820000,0.0004260000,-0.0003350000,0.0025020000,-0.0012350000,-0.0092720000,0.0007850000
2024-04-03,-0.0039190000,-0.0031520000,0.0097750000,0.0021050000,0.0047790000,0.0093570000,0.0000000000,-0.0065510000,0.0129460000
2024-04-08,-0.0081510000,-0.0207770000,0.0029040000,0.0004090000,-0.0006670000,0.0197780000,-0.0024740000,0.0084790000,0.0244000000
2024-04-09,-0.0017000000,0.0129150000,-0.0067570000,0.0011010000,0.0009750000,0.0060610000,0.0031000000,0.0042040000,0.0028360000
2024-04-10,-0.0073800000,-0.0177600000,0.0009720000,-0.0007620000,-0.0027630000,0.0198800000,0.0055620000,-0.0032560000,0.0035820000
2024-04-11,-0.0008580000,0.0023180000,0.0126210000,-0.0001490000,-0.0055950000,-0.0088600000,-0.0055320000,-0.0107330000,-0.0075130000
2024-04-12,-0.0080140000,-0.0083260000,-0.0028760000,0.0018480000,0.0032640000,0.0137070000,-0.0006180000,0.0099060000,0.0280090000
2024-04-15,0.0210620000,-0.0088620000,0.0221150000,0.0009110000,0.0005910000,-0.0047030000,0.0111320000,0.0130780000,-0.0149120000
2024-04-16,-0.0090420000,-0.0428240000,-0.0018810000,0.0000860000,0.0015070000,-0.0088600000,-0.0042810000,0.0096820000,0.0057930000
2024-04-17,0.0131170000,0.0452310000,0.0197930000,0.0003530000,0.0031680000,0.0029800000,0.0061430000,-0.0296800000,0.0018580000
2024-04-18,0.0016890000,-0.0014110000,0.0000000000,0.0017170000,0.0042540000,0.0225790000,0.0018320000,0.0080000000,-0.0044510000
2024-04-19,-0.0078670000,-0.0047100000,0.0018480000,0.0002270000,0.0022010000,0.0075540000,0.0006090000,0.0098040000,0.0068930000
2024-04-22,-0.0019820000,-0.0018930000,-0.0202950000,0.0006890000,0.0038170000,0.0017300000,-0.0018270000,-0.0032360000,-0.0188710000
2024-04-23,-0.0070940000,-0.0066380000,-0.0150660000,0.0023220000,0.0051310000,-0.0276340000,-0.0097620000,0.0051020000,-0.0248920000
2024-04-24,0.0040010000,0.0186160000,-0.0028680000,-0.0044620000,-0.0108950000,0.0165780000,0.0067780000,0.0106140000,0.0108300000
2024-04-25,0.0028470000,-0.0004690000,0.0086290000,0.0004860000,-0.0054410000,0.0093190000,-0.0055080000,-0.0036530000,-0.0007650000
2024-04-26,0.0141920000,0.0206280000,-0.0123570000,-0.0023180000,-0.0042610000,0.0126950000,0.0036920000,0.0022910000,0.0078500000
2024-04-29,0.0120350000,0.0243450000,-0.0028870000,-0.0048350000,-0.0111850000,-0.0056980000,0.0030660000,-0.0045720000,-0.0055090000
2024-04-30,-0.0049780000,-0.0103140000,0.0038610000,0.0036840000,0.0077160000,0.0103150000,-0.0024450000,0.0050530000,-0.0028650000
2024-05-06,0.0138970000,0.0185770000,0.0067310000,0.0007230000,-0.0021880000,0.0034030000,-0.0006130000,0.0255940000,-0.0061300000
2024-05-07,0.0005480000,0.0040040000,0.0009550000,0.0025050000,0.0035040000,-0.0090450000,0.0055180000,0.0316400000,0.0028910000
2024-05-08,-0.0079450000,-0.0159500000,0.0047710000,0.0009870000,0.0001430000,-0.0125500000,-0.0073170000,0.0030240000,-0.0011530000
2024-05-09,0.0096660000,0.0175600000,0.0075970000,-0.0014160000,-0.0031600000,0.0051990000,0.0024570000,-0.0051680000,-0.0017320000
2024-05-10,0.0005470000,-0.0088500000,0.0047130000,-0.0013710000,-0.0053620000,0.0172410000,-0.0012250000,-0.0151520000,0.0225520000
2024-05-13,-0.0008200000,-0.0093750000,0.0056290000,0.0020800000,0.0057880000,-0.0045200000,0.0042940000,0.0092310000,-0.0062210000
2024-05-14,-0.0016420000,0.0045070000,-0.0037310000,0.0004930000,0.0013830000,0.0158910000,-0.0048870000,-0.0039200000,-0.0022760000
2024-05-15,-0.0071250000,-0.0089730000,-0.0018730000,-0.0006970000,-0.0012640000,0.0016760000,0.0024550000,0.0065590000,0.0079850000
2024-05-16,0.0033120000,-0.0022630000,0.0018760000,-0.0006580000,-0.0034200000,0.0016730000,0.0091860000,-0.0017380000,0.0103730000
2024-05-17,0.0112790000,0.0163340000,0.0065540000,-0.0013320000,-0.0024050000,0.0189310000,0.0169900000,0.0117490000,-0.0001870000
2024-05-20,0.0021760000,0.0035710000,0.0111630000,0.0017500000,0.0030610000,0.0234970000,0.0041770000,-0.0034410000,0.0240850000
2024-05-21,-0.0032570000,-0.0102310000,0.0018400000,-0.0006420000,-0.0018540000,-0.0037370000,-0.0071300000,0.0008630000,-0.0118510000
2024-05-22,0.0021790000,0.0013480000,-0.0009180000,0.0007530000,0.0017860000,-0.0021440000,-0.0017950000,0.0081930000,0.0012920000
2024-05-23,-0.0100540000,-0.0215440000,-0.0110290000,0.0011280000,0.0031690000,-0.0290010000,-0.0059950000,0.0012830000,-0.0228490000
2024-05-24,-0.0112540000,-0.0119270000,0.0000000000,-0.0004300000,-0.0009240000,0.0082960000,0.0096500000,-0.0081160000,-0.0094290000
2024-05-27,0.0083290000,0.0116060000,0.0176580000,-0.0001720000,0.0000180000,-0.0005490000,0.0083630000,-0.0008610000,0.0036170000
2024-05-28,-0.0063330000,-0.0114730000,-0.0045660000,0.0012840000,0.0036380000,0.0126230000,-0.0065170000,-0.0094830000,0.0000000000
2024-05-29,0.0002770000,-0.0004640000,0.0018350000,0.0008290000,0.0034450000,0.0130080000,0.0101370000,-0.0143600000,0.0062590000
2024-05-30,-0.0038780000,-0.0004640000,-0.0082420000,0.0000550000,0.0022830000,-0.0235420000,0.0047230000,-0.0083890000,-0.0105560000
2024-05-31,-0.0038930000,0.0027880000,0.0018470000,-0.0015080000,-0.0066910000,-0.0005480000,-0.0094010000,0.0044520000,0.0057150000
2024-06-03,0.0013960000,-0.0134380000,-0.0129030000,0.0006340000,0.0012720000,-0.0186400000,-0.0189800000,-0.0137410000,-0.0096610000
2024-06-04,0.0069700000,0.0065760000,0.0046690000,0.0000700000,0.0002680000,0.0055870000,-0.0060460000,0.0053930000,0.0097550000
2024-06-05,-0.0035990000,-0.0121330000,-0.0148700000,0.0011030000,0.0013680000,-0.0227780000,0.0048660000,0.0075990000,-0.0043570000
2024-06-06,0.0000000000,-0.0207840000,0.0056600000,0.0002890000,-0.0002230000,0.0102330000,0.0030270000,0.0039930000,0.0144600000
2024-06-07,-0.0063910000,0.0038590000,0.0084430000,0.0007960000,0.0016170000,0.0056270000,-0.0024140000,0.0004420000,0.0007500000
2024-06-11,-0.0069910000,0.0091300000,-0.0186050000,0.0001400000,0.0018110000,-0.0195860000,-0.0006050000,-0.0075090000,-0.0309220000
2024-06-12,-0.0011260000,0.0028570000,0.0104270000,-0.0003740000,-0.0010330000,0.0028540000,0.0060530000,0.0022250000,0.0065750000
2024-06-13,-0.0036650000,-0.0061730000,-0.0103190000,0.0007490000,0.0024600000,-0.0022770000,-0.0096270000,-0.0177620000,0.0001920000
2024-06-14,0.0056590000,0.0028670000,0.0028440000,0.0005220000,0.0026490000,-0.0057050000,0.0000000000,0.0090420000,0.0000000000
2024-06-17,-0.0028140000,-0.0014290000,-0.0132330000,0.0005530000,0.0016050000,-0.0166380000,-0.0139730000,-0.0170250000,0.0021130000
2024-06-18,0.0031040000,0.0090650000,0.0028740000,0.0009110000,0.0038070000,0.0017500000,0.0006160000,-0.0095720000,0.0011500000
2024-06-19,-0.0028130000,-0.0132390000,0.0038200000,0.0001790000,-0.0001320000,0.0099010000,0.0092360000,0.0036820000,0.0034460000
2024-06-20,-0.0064880000,-0.0182080000,-0.0009510000,0.0007630000,0.0043750000,0.0086510000,-0.0006100000,0.0018340000,0.0085860000
2024-06-21,-0.0017040000,-0.0014640000,0.0000000000,-0.0007850000,-0.0049790000,-0.0062890000,-0.0061050000,-0.0132720000,0.0049190000
2024-06-24,-0.0048350000,-0.0322580000,-0.0133330000,0.0008950000,0.0039980000,-0.0040280000,-0.0061430000,0.0041740000,-0.0163780000
2024-06-25,-0.0060020000,-0.0080810000,0.0057920000,0.0010880000,0.0033760000,0.0011550000,0.0123610000,0.0027710000,0.0021050000
2024-06-26,0.0060380000,0.0295320000,0.0047980000,0.0004270000,-0.0006310000,-0.0011540000,-0.0042740000,0.0018420000,-0.0053480000
2024-06-27,-0.0054300000,-0.0242330000,-0.0009550000,0.0012810000,0.0027530000,-0.0098210000,0.0000000000,0.0000000000,-0.0059520000
2024-06-28,0.0020110000,0.0050680000,0.0124280000,0.0011320000,0.0031740000,0.0151690000,0.0116490000,0.0032180000,0.0108170000
2024-07-01,0.0040150000,0.0090770000,0.0179410000,-0.0031750000,-0.0109900000,0.0000000000,-0.0042420000,-0.0027500000,0.0007640000
2024-07-02,-0.0014280000,-0.0069970000,0.0018550000,0.0015930000,0.0028550000,0.0045980000,0.0091300000,0.0096510000,0.0007640000
2024-07-03,-0.0017160000,-0.0080520000,-0.0111110000,0.0008610000,0.0013270000,0.0085810000,0.0084440000,-0.0031860000,0.0074410000
2024-07-04,-0.0042980000,-0.0197870000,-0.0037450000,0.0004180000,-0.0028780000,0.0017020000,-0.0077750000,-0.0228310000,0.0039770000
2024-07-05,-0.0048920000,0.0098340000,-0.0065790000,-0.0018590000,-0.0040310000,0.0028310000,-0.0114530000,0.0084110000,0.0033960000
2024-07-08,-0.0069400000,-0.0235780000,-0.0047300000,-0.0029180000,-0.0025980000,-0.0062110000,-0.0073170000,-0.0060240000,0.0005640000
2024-07-09,0.0107750000,0.0215220000,0.0123570000,0.0024750000,0.0043320000,0.0079550000,0.0018430000,-0.0163170000,-0.0035700000
2024-07-10,-0.0023050000,-0.0046250000,-0.0197180000,-0.0000390000,-0.0001500000,-0.0157840000,-0.0073570000,-0.0109000000,0.0049030000
2024-07-11,0.0132830000,0.0252970000,0.0019160000,0.0006600000,-0.0001320000,0.0080180000,0.0092650000,-0.0110210000,0.0039410000
2024-07-12,0.0028500000,-0.0040280000,0.0009560000,0.0012490000,0.0023650000,-0.0136360000,-0.0012240000,-0.0058140000,0.0061680000
2024-07-15,0.0019890000,-0.0106170000,0.0095510000,0.0008290000,0.0017340000,0.0034560000,-0.0061270000,-0.0204680000,-0.0007430000
2024-07-16,0.0070900000,0.0025550000,-0.0037840000,-0.0002090000,-0.0009230000,-0.0028700000,-0.0030830000,-0.0064680000,0.0113400000
2024-07-17,0.0014080000,-0.0066260000,-0.0056980000,0.0011000000,0.0002900000,-0.0080600000,-0.0055660000,0.0095140000,0.0123160000
2024-07-18,0.0059060000,0.0025650000,0.0038200000,-0.0005880000,-0.0011960000,-0.0046430000,0.0031090000,0.0000000000,0.0000000000
2024-07-19,0.0064300000,0.0005120000,-0.0076120000,0.0002320000,0.0013120000,-0.0192420000,-0.0074400000,0.0119050000,-0.0270560000
2024-07-22,-0.0080560000,0.0015350000,-0.0095880000,0.0020350000,0.0033670000,-0.0118910000,-0.0049970000,0.0044120000,0.0000000000
2024-07-23,-0.0196020000,-0.0275790000,-0.0038720000,0.0018070000,0.0003070000,-0.0120340000,0.0006280000,-0.0019520000,-0.0055990000
2024-07-24,-0.0062840000,-0.0136550000,0.0000000000,0.0008710000,0.0012610000,0.0042630000,0.0018820000,0.0009780000,0.0133260000
2024-07-25,-0.0057490000,0.0010650000,-0.0048590000,0.0001310000,0.0026160000,-0.0236510000,-0.0118970000,-0.0063510000,-0.0251900000
2024-07-26,0.0043370000,0.0159570000,-0.0078130000,0.0015940000,0.0033070000,0.0130430000,0.0088720000,0.0073750000,0.0041800000
2024-07-29,-0.0057570000,-0.0047120000,0.0049210000,0.0007380000,0.0043660000,0.0006130000,-0.0106780000,-0.0204980000,0.0073790000
2024-07-30,-0.0066590000,0.0042080000,-0.0078350000,0.0004920000,0.0046760000,-0.0079660000,-0.0120630000,-0.0049830000,0.0011270000
2024-07-31,0.0224420000,0.0440020000,0.0108590000,0.0011750000,-0.0019130000,0.0160590000,0.0141390000,0.0040060000,0.0075050000
2024-08-01,-0.0071270000,-0.0065230000,0.0009770000,0.0016260000,0.0034110000,0.0024320000,0.0031690000,-0.0059850000,0.0083800000
2024-08-02,-0.0103360000,-0.0136360000,-0.0019510000,0.0001300000,0.0021430000,-0.0072770000,-0.0006320000,0.0035120000,0.0040630000
2024-08-05,-0.0113140000,-0.0266260000,-0.0097750000,0.0027870000,0.0101590000,-0.0226020000,-0.0189630000,-0.0085000000,-0.0229910000
2024-08-06,0.0000000000,0.0136770000,-0.0059230000,-0.0033220000,-0.0066310000,-0.0131250000,-0.0051550000,-0.0080690000,-0.0092240000
2024-08-07,-0.0020540000,-0.0010380000,0.0049650000,0.0025970000,0.0011980000,0.0044330000,-0.0019430000,-0.0137260000,0.0041800000
2024-08-08,0.0011760000,0.0010390000,0.0000000000,-0.0032710000,-0.0064280000,-0.0056750000,-0.0058400000,0.0025770000,-0.0001890000
2024-08-09,-0.0035240000,-0.0098600000,0.0019760000,-0.0020240000,-0.0020650000,0.0196580000,0.0000000000,-0.0035990000,0.0088950000
2024-08-12,-0.0011790000,-0.0036690000,0.0029590000,-0.0065230000,-0.0111040000,0.0062190000,-0.0006530000,-0.0067080000,0.0075030000
2024-08-13,0.0014750000,0.0026300000,0.0029500000,0.0030390000,0.0052480000,-0.0049440000,0.0026130000,-0.0348050000,0.0070750000
2024-08-14,-0.0070710000,-0.0099690000,-0.0029410000,0.0032690000,0.0065910000,-0.0062110000,-0.0084690000,-0.0064590000,-0.0024030000
2024-08-15,0.0112760000,0.0090090000,0.0117990000,-0.0012140000,-0.0034460000,0.0125000000,-0.0085410000,0.0119180000,-0.0027800000
2024-08-16,0.0005870000,-0.0078780000,0.0038870000,0.0009000000,0.0017290000,0.0111110000,-0.0026510000,-0.0048180000,0.0013010000
2024-08-19,0.0026390000,0.0021180000,0.0145210000,0.0015140000,0.0045660000,0.0018320000,-0.0086380000,-0.0059170000,0.0107650000
2024-08-20,-0.0046800000,-0.0174330000,-0.0085880000,-0.0004070000,0.0017350000,-0.0006090000,0.0046920000,0.0086580000,0.0005510000
2024-08-21,-0.0044080000,-0.0053760000,-0.0105870000,-0.0010830000,-0.0035970000,0.0054880000,0.0100070000,0.0069740000,0.0038540000
2024-08-22,-0.0026560000,-0.0124320000,0.0029180000,0.0020370000,0.0044990000,0.0018190000,-0.0158520000,-0.0058600000,-0.0025590000
2024-08-23,0.0041430000,0.0005470000,-0.0009700000,0.0004300000,0.0018400000,-0.0006050000,-0.0006710000,-0.0037510000,-0.0032990000
2024-08-26,0.0002950000,0.0038290000,0.0009710000,0.0000690000,-0.0005810000,0.0115080000,0.0161180000,0.0080690000,0.0055170000
2024-08-27,-0.0050090000,-0.0108990000,0.0058200000,-0.0020240000,-0.0056180000,0.0000000000,0.0039660000,0.0090720000,0.0003660000
2024-08-28,-0.0059220000,0.0011020000,-0.0057860000,0.0011990000,0.0018920000,-0.0047900000,-0.0065830000,0.0089900000,-0.0012800000
2024-08-29,-0.0029790000,0.0165110000,-0.0223080000,-0.0011890000,-0.0006530000,-0.0042120000,-0.0026510000,-0.0020960000,0.0001830000
2024-08-30,0.0134450000,0.0189500000,-0.0049600000,-0.0001230000,0.0003130000,0.0000000000,0.0000000000,0.0094540000,-0.0014640000
2024-09-02,-0.0176890000,-0.0212540000,0.0029910000,0.0018440000,0.0057540000,-0.0151060000,-0.0372090000,0.0020810000,-0.0058650000
2024-09-03,0.0036010000,0.0086860000,-0.0109340000,0.0012660000,0.0001130000,-0.0055210000,-0.0013800000,0.0119420000,0.0018440000
2024-09-04,-0.0062800000,-0.0037670000,-0.0020100000,0.0006130000,0.0034270000,-0.0154230000,-0.0186590000,-0.0128270000,-0.0066250000
2024-09-05,0.0021070000,0.0081040000,-0.0030210000,0.0010950000,0.0036740000,-0.0062660000,-0.0133800000,0.0155930000,0.0064840000
2024-09-06,-0.0084080000,-0.0166130000,-0.0080810000,0.0000150000,0.0007300000,0.0157630000,0.0021410000,0.0153530000,0.0031290000
2024-09-09,-0.0124170000,-0.0081740000,-0.0162930000,0.0007650000,0.0033320000,-0.0093110000,-0.0128210000,-0.0110890000,-0.0069720000
2024-09-10,0.0000000000,0.0032970000,0.0010350000,0.0011460000,0.0017120000,0.0043860000,-0.0252530000,-0.0173290000,0.0059130000
2024-09-11,-0.0021470000,-0.0005480000,-0.0237850000,0.0013510000,0.0034350000,0.0043670000,0.0081420000,0.0072610000,0.0058780000
2024-09-12,-0.0033800000,-0.0032880000,0.0052970000,-0.0008080000,0.0004170000,0.0099380000,0.0066080000,-0.0046340000,-0.0020090000
2024-09-13,-0.0046250000,-0.0120950000,-0.0031610000,0.0019380000,0.0073700000,0.0024600000,-0.0036470000,0.0077600000,0.0140900000
2024-09-18,0.0030980000,-0.0044520000,0.0169130000,0.0016370000,0.0115320000,0.0018400000,-0.0087850000,0.0220740000,-0.0001800000
2024-09-19,0.0083380000,0.0195640000,0.0000000000,-0.0005930000,-0.0052790000,0.0202080000,0.0192020000,-0.0220990000,-0.0014440000
2024-09-20,0.0027570000,-0.0054820000,-0.0020790000,0.0015900000,0.0083880000,0.0018010000,-0.0065220000,0.0000000000,0.0117480000
2024-09-23,0.0027490000,0.0011030000,0.0114580000,0.0004940000,0.0037390000,-0.0137810000,-0.0109410000,-0.0035950000,0.0076810000
2024-09-24,0.0438620000,0.0418500000,0.0453140000,-0.0035600000,-0.0086280000,0.0170110000,0.0272860000,0.0139180000,-0.0021270000
2024-09-25,0.0137150000,0.0068710000,0.0157640000,0.0031760000,0.0037320000,0.0005970000,0.0014360000,-0.0137260000,0.0076390000
2024-09-26,0.0477840000,0.0467190000,0.0300680000,-0.0027330000,-0.0083620000,0.0095520000,0.0007170000,0.0159790000,0.0019390000
2024-09-27,0.0629120000,0.0892680000,0.0000000000,-0.0082450000,-0.0287270000,0.0112360000,0.0222060000,-0.0076100000,-0.0082700000
2024-09-30,0.0940810000,0.0999080000,0.0612050000,-0.0038080000,-0.0037130000,0.0274850000,0.0413450000,0.0214720000,0.0023070000
2024-10-08,0.0422870000,0.0586020000,0.0133100000,0.0013410000,0.0005040000,-0.0142290000,0.0060570000,-0.0400400000,-0.0001770000
2024-10-09,-0.0883950000,-0.0810600000,-0.0770580000,0.0019700000,0.0086750000,-0.0155890000,-0.0207360000,0.0005210000,-0.0129250000
2024-10-10,0.0159120000,-0.0124780000,0.0455410000,0.0043630000,0.0107610000,-0.0023460000,-0.0088800000,-0.0005210000,0.0052020000
2024-10-11,-0.0266760000,-0.0400870000,-0.0181490000,-0.0006960000,-0.0043690000,0.0041150000,0.0089590000,-0.0156410000,0.0123130000
2024-10-14,0.0158410000,0.0363140000,0.0286510000,0.0000770000,0.0005650000,0.0040980000,0.0020490000,0.0063560000,0.0102240000
2024-10-15,-0.0269800000,-0.0205870000,-0.0215630000,0.0013470000,-0.0013850000,-0.0110790000,-0.0136330000,0.0005260000,0.0000000000
2024-10-16,-0.0063600000,0.0035780000,0.0174470000,-0.0000230000,-0.0011560000,0.0064860000,-0.0048380000,0.0068390000,0.0146570000
2024-10-17,-0.0110090000,-0.0040110000,-0.0108300000,0.0015510000,0.0049460000,-0.0169890000,-0.0222220000,-0.0167190000,0.0036110000
2024-10-18,0.0396070000,0.0456380000,0.0054740000,-0.0004500000,-0.0018340000,0.0107270000,0.0092330000,0.0095640000,0.0059970000
2024-10-21,0.0000000000,0.0179720000,-0.0090740000,0.0000840000,0.0003590000,0.0076650000,-0.0077410000,-0.0026320000,0.0132860000
2024-10-22,0.0059760000,0.0054640000,0.0036630000,-0.0006340000,-0.0030920000,-0.0087770000,0.0156030000,-0.0021110000,-0.0005040000
2024-10-23,0.0037130000,0.0025080000,-0.0009120000,-0.0018790000,-0.0065550000,-0.0017710000,0.0006980000,0.0042310000,0.0058860000
2024-10-24,-0.0108510000,-0.0066720000,-0.0054790000,-0.0003290000,0.0007590000,0.0065050000,0.0076760000,-0.0010530000,-0.0095300000
2024-10-25,0.0072300000,0.0230900000,-0.0018370000,-0.0006050000,-0.0028100000,-0.0094010000,0.0000000000,-0.0110700000,-0.0001690000
2024-10-28,0.0014850000,0.0135410000,0.0018400000,-0.0004210000,-0.0038270000,0.0041520000,0.0103880000,0.0095950000,0.0037140000
2024-10-29,-0.0081560000,-0.0149800000,-0.0146920000,0.0014480000,0.0047290000,-0.0076790000,-0.0212470000,0.0089760000,0.0084100000
2024-10-30,-0.0104660000,0.0057540000,-0.0065240000,-0.0000690000,0.0016360000,0.0029760000,0.0000000000,0.0010470000,0.0121770000
2024-10-31,0.0000000000,0.0147120000,-0.0028140000,0.0002300000,0.0009960000,-0.0023740000,0.0112040000,-0.0062730000,-0.0056030000
2024-11-01,0.0020150000,-0.0289970000,0.0122300000,0.0015530000,0.0057070000,0.0011900000,0.0013850000,-0.0089430000,-0.0087840000
2024-11-04,0.0133200000,0.0228120000,0.0083640000,0.0001450000,-0.0000090000,0.0112890000,-0.0034580000,0.0063690000,-0.0080250000
2024-11-05,0.0260420000,0.0336580000,0.0119820000,0.0004280000,0.0017010000,0.0005880000,0.0083280000,-0.0073840000,0.0000000000
2024-11-06,-0.0062850000,0.0031380000,-0.0027320000,0.0006410000,0.0018710000,-0.0070460000,-0.0089470000,0.0116900000,-0.0011800000
2024-11-07,0.0333250000,0.0187720000,0.0173520000,0.0002140000,-0.0013660000,0.0041400000,0.0131940000,0.0252100000,-0.0217680000
2024-11-08,-0.0127120000,0.0007680000,-0.0134650000,0.0013580000,0.0029090000,0.0058890000,-0.0027420000,-0.0092210000,0.0072450000
2024-11-11,0.0050070000,0.0233990000,-0.0090990000,0.0003050000,0.0002930000,-0.0035130000,-0.0096220000,0.0206830000,-0.0001710000
2024-11-12,-0.0109130000,-0.0101200000,-0.0091830000,0.0021020000,0.0055660000,-0.0152760000,-0.0069400000,0.0040530000,-0.0171290000
2024-11-13,0.0062370000,-0.0056800000,0.0064870000,-0.0000910000,0.0001540000,-0.0125300000,0.0062890000,-0.0015140000,-0.0013940000
2024-11-14,-0.0169250000,-0.0293220000,-0.0073660000,-0.0001980000,-0.0044620000,-0.0132930000,-0.0111110000,-0.0075800000,-0.0195460000
2024-11-15,-0.0167310000,-0.0235390000,-0.0018550000,0.0004790000,-0.0008270000,0.0055110000,-0.0084270000,-0.0285130000,0.0005340000
2024-11-18,-0.0041920000,-0.0237040000,0.0176580000,-0.0016330000,-0.0083590000,-0.0006090000,0.0077900000,0.0015720000,0.0133430000
2024-11-19,0.0049530000,0.0251030000,0.0009130000,0.0004340000,0.0034010000,0.0054840000,0.0091360000,0.0052330000,0.0165030000
2024-11-20,0.0024640000,0.0184660000,0.0018250000,0.0004940000,0.0002430000,0.0060610000,0.0062670000,-0.0031230000,-0.0006910000
2024-11-21,0.0012290000,0.0023650000,-0.0009110000,0.0011480000,0.0035280000,-0.0018070000,0.0020760000,-0.0010440000,0.0139990000
2024-11-22,-0.0294620000,-0.0377510000,-0.0264360000,0.0006000000,0.0025910000,-0.0090530000,0.0020720000,-0.0182960000,0.0127830000
2024-11-25,-0.0055650000,0.0044950000,0.0028090000,0.0012450000,0.0026100000,0.0079170000,-0.0075810000,0.0053250000,-0.0161560000
2024-11-26,-0.0020350000,-0.0130190000,0.0018670000,0.0013190000,0.0032740000,-0.0036250000,-0.0013890000,0.0063560000,-0.0131710000
2024-11-27,0.0163140000,0.0247320000,0.0111840000,-0.0009460000,-0.0024840000,0.0024260000,-0.0020860000,-0.0005260000,0.0107470000
2024-11-28,-0.0072740000,-0.0056320000,-0.0018430000,0.0014320000,0.0031160000,-0.0066550000,-0.0069690000,-0.0015800000,-0.0054880000
2024-11-29,0.0108640000,0.0165860000,0.0018470000,0.0010970000,0.0043220000,0.0048720000,0.0070180000,0.0010550000,0.0089670000
2024-12-02,0.0074980000,0.0202940000,0.0009220000,0.0022370000,0.0078570000,0.0012120000,0.0041810000,-0.0057960000,-0.0080330000
2024-12-03,0.0009920000,-0.0027300000,0.0119710000,0.0008370000,-0.0007270000,0.0024210000,-0.0062460000,-0.0095390000,0.0103380000
2024-12-04,-0.0052040000,-0.0132970000,0.0018200000,0.0021630000,0.0059910000,0.0072460000,-0.0048880000,-0.0192620000,-0.0005120000
2024-12-05,-0.0017440000,0.0114940000,0.0000000000,0.0009620000,0.0009000000,-0.0029980000,-0.0084210000,-0.0147300000,-0.0010240000
2024-12-06,0.0124780000,0.0109720000,0.0127160000,-0.0011940000,-0.0044540000,0.0012030000,-0.0021230000,-0.0033220000,-0.0039280000
2024-12-09,-0.0007390000,-0.0089150000,0.0035870000,0.0012480000,0.0015280000,0.0006010000,-0.0049650000,0.0105560000,0.0060010000
2024-12-10,0.0076470000,0.0105590000,0.0000000000,0.0057760000,0.0187280000,0.0030010000,0.0085530000,-0.0032990000,0.0032380000
2024-12-11,-0.0024480000,0.0127710000,0.0026810000,0.0016500000,-0.0028050000,0.0029920000,0.0084810000,-0.0088250000,0.0091740000
2024-12-12,0.0103070000,0.0076420000,0.0008910000,0.0020500000,0.0040240000,0.0053700000,0.0077080000,-0.0005560000,0.0060610000
2024-12-13,-0.0235610000,-0.0197190000,-0.0169190000,0.0035270000,0.0086430000,-0.0083090000,-0.0041720000,-0.0016700000,-0.0083670000
2024-12-16,-0.0059700000,-0.0127660000,0.0163040000,0.0038410000,0.0104130000,-0.0065830000,0.0118720000,0.0027890000,-0.0084370000
2024-12-17,0.0027530000,-0.0215520000,-0.0071300000,-0.0021270000,-0.0040460000,-0.0024100000,-0.0027610000,-0.0144610000,-0.0017020000
2024-12-18,0.0042430000,0.0080100000,0.0071810000,-0.0021170000,-0.0061550000,-0.0072460000,-0.0034600000,-0.0174940000,-0.0010230000
2024-12-19,0.0014910000,0.0027810000,-0.0124780000,-0.0009940000,-0.0046360000,-0.0048660000,0.0020830000,0.0011490000,-0.0081910000
2024-12-20,-0.0029780000,0.0099050000,-0.0063180000,0.0047000000,0.0131180000,0.0018340000,-0.0083160000,0.0235230000,0.0015490000
2024-12-23,0.0009960000,-0.0282460000,0.0045410000,0.0013230000,-0.0003410000,0.0067110000,0.0111810000,-0.0061660000,0.0106510000
2024-12-24,0.0116860000,0.0109000000,0.0081370000,-0.0020370000,-0.0071830000,-0.0018180000,0.0034550000,0.0045120000,-0.0054390000
2024-12-25,0.0007370000,-0.0099840000,0.0062780000,-0.0011090000,-0.0003190000,0.0006070000,-0.0034440000,0.0061760000,0.0022220000
2024-12-26,0.0002460000,0.0096810000,-0.0026740000,-0.0003110000,-0.0006630000,-0.0024270000,-0.0069110000,0.0078130000,0.0006820000
2024-12-27,-0.0014730000,0.0015980000,0.0035750000,0.0035180000,0.0129360000,-0.0030410000,-0.0083510000,0.0011070000,0.0008520000
2024-12-30,0.0046720000,-0.0027920000,0.0071240000,-0.0014980000,-0.0044970000,0.0030510000,0.0091230000,0.0044250000,-0.0039160000
2024-12-31,-0.0156630000,-0.0320000000,-0.0061890000,0.0018550000,0.0086040000,-0.0054740000,0.0069540000,0.0060570000,0.0010260000
2025-01-02,-0.0280950000,-0.0268600000,-0.0204630000,0.0051200000,0.0141770000,-0.0030580000,0.0131220000,0.0076630000,0.0081970000
2025-01-03,-0.0102330000,-0.0276010000,-0.0136240000,0.0023560000,0.0009690000,-0.0061350000,-0.0129520000,-0.0135800000,0.0088080000
2025-01-06,-0.0041350000,-0.0056770000,0.0009210000,0.0006220000,0.0033090000,0.0018520000,-0.0082870000,0.0055070000,-0.0053730000
2025-01-07,0.0070080000,0.0144930000,0.0036800000,-0.0012950000,-0.0035270000,0.0073940000,-0.0083570000,-0.0169770000,0.0011820000
2025-01-08,-0.0015460000,-0.0047620000,0.0036660000,-0.0001030000,-0.0017220000,0.0018350000,0.0021070000,-0.0005570000,0.0048900000
2025-01-09,-0.0020650000,0.0021750000,-0.0100460000,-0.0013410000,-0.0060500000,0.0048840000,0.0147160000,-0.0111480000,0.0052010000
2025-01-10,-0.0111230000,-0.0212670000,-0.0129150000,-0.0011080000,-0.0010400000,0.0036450000,-0.0020720000,0.0163470000,0.0068440000
2025-01-13,-0.0039240000,0.0022170000,-0.0112150000,-0.0005290000,0.0006490000,0.0030270000,0.0256060000,0.0310590000,0.0021550000
2025-01-14,0.0257350000,0.0460180000,0.0151230000,0.0010220000,-0.0040250000,0.0000000000,-0.0047230000,0.0037650000,-0.0081060000
2025-01-15,-0.0058880000,-0.0077350000,0.0037240000,0.0018140000,0.0096650000,-0.0066390000,0.0094920000,0.0069670000,0.0055040000
2025-01-16,0.0005150000,0.0043310000,0.0083490000,-0.0012390000,-0.0017590000,0.0103280000,0.0040300000,-0.0053220000,0.0029860000
2025-01-17,0.0033460000,0.0073310000,-0.0027600000,-0.0006460000,-0.0011800000,0.0072160000,-0.0020070000,0.0074910000,0.0026460000
2025-01-20,0.0048740000,0.0055650000,0.0009230000,-0.0010430000,-0.0046450000,-0.0077610000,-0.0140750000,0.0116830000,-0.0011550000
2025-01-21,0.0012760000,0.0063860000,-0.0082950000,0.0008450000,0.0036080000,0.0030080000,0.0020390000,0.0136480000,0.0000000000
2025-01-22,-0.0091790000,-0.0080370000,-0.0139410000,0.0004410000,0.0007750000,-0.0041990000,-0.0094980000,-0.0036250000,0.0089170000
2025-01-23,0.0028310000,-0.0051170000,0.0160230000,-0.0004990000,-0.0001360000,-0.0090360000,-0.0102740000,-0.0025990000,0.0004910000
2025-01-24,0.0082110000,0.0201460000,0.0037110000,-0.0010720000,0.0006550000,0.0066870000,0.0006920000,0.0026060000,0.0042530000
2025-01-27,-0.0055990000,-0.0184870000,0.0138630000,0.0037430000,0.0084420000,-0.0024150000,-0.0069160000,-0.0072770000,-0.0014660000
2025-02-05,-0.0051190000,0.0068490000,-0.0182320000,0.0004690000,0.0037900000,0.0000000000,0.0020890000,0.0408380000,0.0373570000
2025-02-06,0.0115770000,0.0267860000,0.0009290000,0.0005930000,0.0039810000,0.0133170000,0.0000000000,-0.0095570000,-0.0053470000
2025-02-07,0.0142420000,0.0165630000,0.0009280000,-0.0003950000,-0.0016640000,0.0077660000,0.0125090000,0.0005080000,0.0028460000
2025-02-10,0.0010030000,0.0114050000,0.0000000000,-0.0009590000,-0.0030670000,0.0000000000,0.0089220000,-0.0030460000,0.0151350000
2025-02-11,-0.0040080000,-0.0020140000,0.0092680000,0.0002780000,0.0029340000,-0.0005930000,-0.0027210000,0.0005090000,0.0099390000
2025-02-12,0.0095570000,0.0149310000,0.0018370000,-0.0000150000,-0.0000710000,-0.0011860000,-0.0020460000,-0.0142490000,-0.0066120000
2025-02-13,-0.0024910000,-0.0095430000,0.0027500000,-0.0002490000,0.0015020000,0.0029690000,-0.0205060000,-0.0041300000,0.0049540000
2025-02-14,0.0074930000,0.0036130000,0.0000000000,-0.0015680000,-0.0043280000,0.0065130000,0.0000000000,0.0134780000,0.0049290000
2025-02-17,0.0017350000,0.0044000000,-0.0009140000,-0.0027370000,-0.0060340000,-0.0088240000,0.0062810000,-0.0112530000,-0.0160940000
2025-02-18,-0.0071760000,-0.0199120000,0.0018300000,-0.0009420000,-0.0037700000,-0.0011870000,0.0006930000,0.0020690000,0.0087240000
2025-02-19,0.0052340000,0.0223490000,-0.0009130000,0.0010160000,0.0032340000,0.0000000000,-0.0020790000,0.0160040000,0.0069500000
2025-02-20,-0.0029750000,0.0067570000,-0.0036560000,-0.0009930000,-0.0060270000,0.0101010000,0.0048610000,0.0081300000,0.0026070000
2025-02-21,0.0134290000,0.0189500000,-0.0073390000,-0.0020400000,-0.0032510000,-0.0070590000,-0.0062200000,0.0055440000,-0.0071900000
2025-02-24,-0.0031900000,0.0015500000,-0.0027730000,-0.0044060000,-0.0119340000,0.0005920000,-0.0020860000,-0.0135340000,0.0015410000
2025-02-25,-0.0100940000,-0.0042550000,-0.0074140000,0.0007930000,0.0050860000,-0.0065130000,-0.0062720000,0.0030490000,0.0001540000
2025-02-26,0.0082070000,0.0155400000,0.0074700000,0.0025850000,0.0005730000,0.0017880000,-0.0070130000,-0.0086120000,-0.0090760000
2025-02-27,0.0032070000,-0.0053560000,0.0092680000,-0.0017580000,-0.0025730000,-0.0047590000,0.0070620000,0.0178850000,-0.0035700000
2025-02-28,-0.0179490000,-0.0342310000,-0.0045910000,0.0015320000,0.0049730000,0.0017930000,0.0000000000,-0.0020080000,-0.0081010000
2025-03-03,-0.0032550000,-0.0011950000,-0.0009230000,0.0013080000,0.0040800000,0.0035800000,0.0042080000,0.0261570000,0.0014140000
2025-03-04,-0.0010050000,0.0131580000,0.0009230000,-0.0003470000,-0.0015390000,-0.0011890000,-0.0097770000,-0.0112750000,0.0069010000
2025-03-05,0.0042750000,0.0066900000,0.0064580000,0.0001700000,0.0010270000,0.0053570000,-0.0070520000,-0.0307390000,0.0082550000
2025-03-06,0.0137710000,0.0218920000,-0.0036660000,-0.0025020000,-0.0072000000,0.0065130000,-0.0056820000,0.0040920000,-0.0027810000
2025-03-07,-0.0024700000,-0.0042080000,-0.0018400000,-0.0028050000,-0.0099980000,0.0041180000,0.0014290000,-0.0010190000,-0.0013940000
2025-03-10,-0.0039610000,0.0011530000,-0.0055300000,-0.0021890000,-0.0026590000,0.0023430000,-0.0049930000,0.0147880000,0.0027920000
2025-03-11,0.0029830000,0.0069070000,0.0046340000,-0.0038530000,-0.0102810000,-0.0005840000,-0.0043010000,-0.0266330000,-0.0054150000
2025-03-12,-0.0024780000,0.0015240000,0.0018450000,0.0038000000,0.0038840000,0.0093570000,-0.0158390000,-0.0061950000,0.0028000000
2025-03-13,-0.0049690000,-0.0152210000,0.0046040000,-0.0010260000,-0.0006420000,0.0017380000,0.0051210000,0.0129870000,0.0076000000
2025-03-14,0.0252180000,0.0166150000,0.0082490000,-0.0015410000,-0.0053540000,0.0185080000,0.0160120000,0.0082050000,0.0143170000
2025-03-17,-0.0029230000,0.0011400000,0.0036360000,-0.0029980000,-0.0145020000,-0.0017040000,-0.0028650000,-0.0010170000,0.0010620000
2025-03-18,0.0021980000,0.0041760000,-0.0018120000,-0.0001270000,-0.0011770000,-0.0119450000,-0.0028740000,0.0035640000,0.0074290000
2025-03-19,0.0014620000,-0.0068050000,0.0054450000,0.0008600000,0.0013040000,0.0069080000,-0.0014410000,0.0005070000,0.0105340000
2025-03-20,-0.0080310000,-0.0041870000,-0.0027080000,0.0041410000,0.0126800000,0.0028590000,0.0057720000,-0.0167340000,0.0022340000
2025-03-21,-0.0161920000,-0.0206420000,-0.0018100000,-0.0000150000,0.0003240000,-0.0102620000,-0.0014350000,0.0005160000,-0.0054980000
2025-03-24,0.0042390000,-0.0078060000,0.0045330000,-0.0010940000,-0.0006550000,0.0115210000,0.0136490000,-0.0005150000,0.0004480000
2025-03-25,0.0004970000,-0.0066880000,0.0063180000,0.0023840000,0.0068560000,-0.0017080000,-0.0042520000,0.0036100000,-0.0010450000
2025-03-26,-0.0039710000,0.0031680000,-0.0026910000,0.0008180000,0.0037510000,0.0022820000,0.0021350000,-0.0149020000,0.0038870000
2025-03-27,0.0034890000,0.0000000000,0.0026980000,0.0004010000,0.0016340000,0.0000000000,0.0021310000,0.0015650000,0.0019360000
2025-03-28,-0.0047180000,-0.0102650000,-0.0026910000,-0.0013290000,-0.0068880000,-0.0091060000,-0.0092130000,-0.0067710000,0.0181330000
2025-03-31,-0.0059880000,-0.0059830000,0.0000000000,-0.0001340000,-0.0012550000,-0.0063180000,-0.0164520000,0.0162560000,0.0110950000
2025-04-01,-0.0005020000,0.0044140000,0.0026980000,0.0001490000,0.0032410000,0.0057800000,0.0087270000,-0.0134160000,0.0073640000
2025-04-02,-0.0007530000,0.0031960000,0.0053810000,0.0014350000,0.0074570000,-0.0005750000,-0.0007210000,0.0088910000,-0.0045860000
2025-04-03,-0.0050260000,-0.0115490000,0.0035680000,0.0060580000,0.0156140000,-0.0178260000,-0.0129870000,0.0186630000,0.0099350000
2025-04-07,-0.0666840000,-0.0999190000,-0.0542220000,0.0064940000,0.0194090000,-0.0708430000,-0.0840640000,0.0050890000,-0.0317940000
2025-04-08,0.0094720000,-0.0067140000,0.0225560000,-0.0029690000,-0.0070470000,0.0063010000,0.0119710000,0.0369620000,0.0066260000
2025-04-09,0.0096510000,0.0175750000,-0.0027570000,0.0007280000,-0.0010260000,-0.0144020000,-0.0228710000,-0.0151370000,0.0128730000
2025-04-10,0.0167290000,0.0243580000,0.0046080000,0.0001100000,0.0009320000,0.0336720000,0.0411620000,-0.0138820000,0.0207970000
2025-04-11,0.0028730000,0.0129700000,-0.0027520000,-0.0001690000,-0.0039780000,-0.0006150000,-0.0007750000,0.0030170000,0.0162710000
2025-04-14,0.0020830000,0.0132310000,0.0073600000,0.0000000000,0.0017580000,0.0129150000,-0.0046550000,0.0075190000,0.0076570000
2025-04-15,0.0007800000,-0.0037910000,0.0100460000,0.0006830000,0.0016990000,-0.0036430000,-0.0101330000,-0.0124380000,-0.0001380000
2025-04-16,0.0023370000,-0.0126850000,0.0090420000,0.0013360000,0.0006130000,-0.0060940000,-0.0110240000,-0.0166250000,0.0244580000
2025-04-17,0.0007770000,0.0004280000,0.0008960000,-0.0002490000,-0.0051080000,0.0079710000,-0.0015920000,0.0025610000,0.0082280000
2025-04-18,0.0025890000,-0.0017120000,0.0026860000,-0.0005650000,0.0009040000,0.0012170000,0.0047850000,0.0000000000,0.0021400000
2025-04-21,0.0005160000,0.0205830000,-0.0053570000,-0.0010350000,-0.0034850000,0.0145810000,0.0047620000,0.0086870000,0.0190900000
2025-04-22,0.0007740000,0.0000000000,0.0062840000,0.0009700000,0.0038380000,-0.0071860000,-0.0071090000,0.0025330000,0.0331410000
2025-04-23,0.0010310000,0.0058820000,-0.0044600000,-0.0010200000,-0.0040910000,0.0066340000,0.0206840000,-0.0010110000,-0.0593380000
2025-04-24,0.0000000000,-0.0096070000,0.0089610000,-0.0006020000,-0.0011040000,-0.0005990000,-0.0077940000,0.0040470000,0.0093000000
2025-04-25,0.0000000000,0.0021090000,-0.0008880000,0.0005730000,0.0034860000,0.0035970000,0.0023570000,-0.0100760000,-0.0062770000
2025-04-28,-0.0015460000,-0.0105220000,0.0044440000,0.0006610000,0.0036360000,-0.0041820000,0.0101880000,-0.0147580000,-0.0086010000
2025-04-29,-0.0018060000,0.0051040000,-0.0026550000,0.0023200000,0.0078750000,-0.0012000000,-0.0108610000,-0.0072310000,0.0065070000
2025-04-30,-0.0007750000,0.0076170000,-0.0159720000,0.0003220000,-0.0010010000,-0.0042040000,-0.0070590000,-0.0052030000,-0.0063300000
2025-05-06,0.0095710000,0.0256190000,0.0000000000,-0.0003370000,-0.0005850000,0.0018090000,-0.0126380000,0.0026150000,0.0191110000
2025-05-07,0.0061490000,0.0008190000,0.0081150000,-0.0008350000,-0.0048750000,-0.0006020000,0.0120000000,0.0005220000,0.0078470000
2025-05-08,0.0058570000,0.0090020000,0.0053670000,0.0007920000,0.0018530000,-0.0048190000,0.0047430000,-0.0005210000,-0.0146480000
2025-05-09,-0.0012660000,-0.0117600000,0.0071170000,0.0007180000,0.0005550000,0.0012110000,0.0047210000,-0.0015650000,-0.0033480000
2025-05-12,0.0114070000,0.0139520000,0.0008830000,-0.0010100000,-0.0048470000,0.0126960000,0.0187940000,-0.0026120000,-0.0209620000
2025-05-13,0.0010030000,-0.0036420000,0.0097090000,-0.0012460000,-0.0038370000,-0.0011940000,0.0076860000,-0.0020950000,-0.0057640000
2025-05-14,0.0127690000,0.0024370000,0.0069930000,-0.0008000000,-0.0017190000,0.0113570000,0.0289860000,0.0047240000,-0.0080070000
2025-05-15,-0.0084050000,-0.0162070000,-0.0034720000,-0.0001910000,-0.0001540000,-0.0082740000,-0.0163080000,-0.0005220000,-0.0289450000
2025-05-16,-0.0054850000,0.0016470000,-0.0069690000,-0.0007420000,-0.0014300000,0.0000000000,-0.0113040000,-0.0041820000,0.0164800000
2025-05-19,-0.0015040000,0.0045230000,0.0017540000,0.0005590000,0.0029120000,-0.0029800000,-0.0015240000,-0.0036750000,0.0059210000
2025-05-20,0.0050210000,0.0081870000,0.0043780000,0.0005950000,0.0017680000,-0.0035860000,-0.0068700000,0.0000000000,-0.0018220000
2025-05-21,0.0039970000,-0.0024360000,0.0069750000,0.0003230000,-0.0012470000,0.0083980000,0.0099920000,0.0173870000,0.0318730000
2025-05-22,-0.0004980000,-0.0097680000,0.0034630000,-0.0002860000,-0.0006240000,-0.0059490000,-0.0136990000,-0.0015540000,0.0014970000
2025-05-23,-0.0072190000,-0.0127410000,-0.0077650000,-0.0000510000,0.0003160000,0.0005980000,-0.0054010000,-0.0036310000,0.0005430000
2025-05-26,-0.0052660000,0.0058280000,-0.0026090000,0.0001840000,0.0001220000,0.0017940000,0.0038790000,-0.0031230000,-0.0038020000
2025-05-27,-0.0052940000,-0.0028970000,0.0017440000,-0.0003080000,-0.0029440000,-0.0005970000,-0.0015460000,0.0073110000,-0.0085880000
2025-05-28,-0.0010140000,-0.0024910000,0.0043520000,-0.0003010000,0.0002030000,-0.0053760000,-0.0092880000,-0.0036290000,0.0013750000
2025-05-29,0.0060880000,0.0178940000,-0.0017330000,-0.0010060000,-0.0054150000,0.0030030000,0.0156250000,0.0000000000,-0.0096110000
2025-05-30,-0.0017650000,-0.0094030000,0.0060760000,0.0008530000,0.0051590000,-0.0071860000,-0.0138460000,0.0020810000,0.0094270000
2025-06-03,-0.0005050000,0.0053650000,0.0086280000,0.0001620000,0.0007080000,-0.0018090000,-0.0046800000,-0.0072690000,0.0142840000
2025-06-04,0.0042960000,0.0090310000,0.0042770000,0.0003750000,0.0014960000,0.0114800000,0.0133230000,0.0005230000,-0.0001350000
2025-06-05,0.0025160000,0.0081370000,-0.0076660000,0.0002420000,-0.0009580000,0.0005970000,-0.0077340000,0.0052270000,0.0016250000
2025-06-06,0.0005020000,-0.0020180000,0.0025750000,0.0008000000,0.0019980000,0.0059700000,0.0046770000,0.0176810000,-0.0008110000
2025-06-09,0.0022580000,0.0101090000,0.0008560000,0.0011590000,0.0037130000,0.0000000000,0.0007760000,0.0025550000,-0.0109610000
2025-06-10,-0.0057570000,-0.0088070000,0.0000000000,0.0003960000,0.0004520000,-0.0011870000,-0.0007750000,0.0035680000,0.0010950000
2025-06-11,0.0080560000,0.0044430000,0.0034220000,0.0008130000,0.0025920000,0.0053480000,0.0031030000,0.0040630000,0.0028700000
2025-06-12,0.0005000000,0.0016080000,0.0025580000,-0.0000660000,0.0003540000,-0.0053190000,-0.0015470000,0.0015170000,0.0092670000
2025-06-13,-0.0064900000,-0.0128460000,-0.0059520000,-0.0000440000,0.0001450000,-0.0065360000,0.0325330000,-0.0025250000,0.0124220000
2025-06-16,0.0025130000,0.0056930000,0.0051330000,0.0002410000,0.0001450000,0.0029900000,0.0127530000,0.0010130000,-0.0034680000
2025-06-17,-0.0002510000,-0.0012130000,-0.0025530000,0.0009580000,0.0021410000,-0.0005960000,-0.0022220000,0.0106220000,-0.0085650000
2025-06-18,0.0007690000,-0.0012150000,0.0059730000,-0.0000580000,0.0015500000,0.0047730000,0.0282110000,-0.0060060000,0.0005400000
2025-06-19,-0.0079410000,-0.0121610000,-0.0016960000,0.0001900000,0.0024860000,-0.0053440000,0.0122740000,0.0060420000,-0.0051270000
2025-06-20,0.0012910000,-0.0082070000,0.0042480000,0.0002480000,0.0020720000,-0.0035820000,-0.0042800000,-0.0045050000,-0.0040680000
2025-06-23,0.0033520000,0.0128260000,0.0067680000,-0.0002270000,-0.0007420000,0.0017970000,0.0007160000,-0.0095530000,0.0040850000
2025-06-24,0.0115650000,0.0187910000,0.0008400000,-0.0004310000,-0.0042490000,0.0041870000,-0.0443810000,-0.0010150000,-0.0119340000
2025-06-25,0.0165140000,0.0148360000,0.0083960000,-0.0008990000,-0.0024950000,0.0029780000,0.0044940000,-0.0132110000,0.0019210000
2025-06-26,-0.0037490000,-0.0043460000,0.0041630000,0.0000070000,0.0019140000,0.0071260000,0.0014910000,-0.0154480000,0.0021920000
2025-06-27,-0.0057700000,0.0035710000,-0.0149250000,0.0009730000,0.0019660000,0.0070750000,-0.0037230000,0.0041840000,-0.0107980000
2025-06-30,0.0047940000,0.0130490000,-0.0016840000,-0.0010820000,-0.0045580000,0.0005850000,0.0000000000,0.0026040000,-0.0019350000
2025-07-01,0.0015070000,0.0027320000,0.0092750000,0.0006730000,0.0025350000,0.0058510000,-0.0022420000,-0.0005190000,0.0114910000
2025-07-02,0.0010030000,-0.0089530000,0.0025060000,0.0011120000,0.0040860000,-0.0011630000,0.0112360000,-0.0031190000,0.0000000000
2025-07-03,0.0057620000,0.0043210000,0.0008330000,0.0001750000,-0.0002720000,0.0029120000,-0.0051850000,0.0046920000,0.0067070000
2025-07-04,0.0042340000,-0.0039110000,0.0083260000,0.0001390000,0.0001360000,-0.0063880000,-0.0074460000,0.0005190000,-0.0051670000
2025-07-07,-0.0044640000,0.0011780000,0.0057800000,0.0001100000,0.0004480000,-0.0087670000,-0.0030010000,-0.0025930000,-0.0071070000
2025-07-08,0.0084700000,0.0141180000,-0.0024630000,-0.0005180000,-0.0026210000,0.0035380000,-0.0007520000,0.0005200000,0.0060560000
2025-07-09,-0.0007410000,-0.0030940000,0.0065840000,-0.0002560000,0.0009210000,-0.0094010000,0.0015060000,0.0025990000,-0.0110820000
2025-07-10,0.0049440000,0.0019390000,0.0057240000,-0.0012570000,-0.0028100000,0.0077110000,0.0097740000,0.0000000000,0.0070560000
2025-07-11,0.0034440000,0.0100660000,-0.0089430000,-0.0003810000,0.0013490000,-0.0047090000,-0.0089350000,0.0046660000,0.0009620000
2025-07-14,-0.0002450000,-0.0007670000,0.0065630000,-0.0007540000,-0.0031990000,0.0005910000,0.0105180000,0.0041280000,0.0089210000
2025-07-15,0.0000000000,-0.0034520000,-0.0089650000,0.0017000000,0.0040860000,-0.0059100000,-0.0096650000,-0.0041110000,-0.0006800000
2025-07-16,-0.0022070000,0.0042340000,-0.0049340000,0.0000800000,0.0002080000,0.0000000000,-0.0007510000,-0.0005160000,-0.0044920000
2025-07-17,0.0081100000,0.0118820000,-0.0016530000,-0.0000070000,-0.0008890000,-0.0011890000,0.0030050000,0.0149720000,-0.0010940000
2025-07-18,0.0073140000,0.0022730000,0.0041390000,-0.0005920000,-0.0015150000,0.0071430000,0.0022470000,0.0076300000,0.0009580000
2025-07-21,0.0060500000,0.0083140000,0.0000000000,-0.0009220000,-0.0030910000,0.0153660000,0.0194320000,0.0040380000,0.0060180000
2025-07-22,0.0105850000,0.0059970000,0.0008240000,-0.0009590000,-0.0021980000,0.0023280000,0.0139300000,0.0045250000,0.0038060000
2025-07-23,-0.0004760000,-0.0037260000,0.0024710000,-0.0004770000,-0.0018320000,-0.0034840000,-0.0108460000,0.0035040000,0.0096150000
2025-07-24,0.0061920000,0.0134630000,-0.0073950000,-0.0025300000,-0.0061450000,0.0069930000,0.0270470000,-0.0204490000,-0.0162310000
2025-07-25,-0.0052070000,-0.0007380000,-0.0074500000,-0.0012870000,-0.0032380000,-0.0057870000,0.0199290000,-0.0030550000,-0.0017730000
2025-07-28,0.0026170000,0.0029540000,-0.0016680000,0.0025700000,0.0043260000,-0.0064030000,-0.0411720000,-0.0076610000,-0.0027320000
2025-07-29,0.0049830000,0.0084680000,-0.0066830000,-0.0023210000,-0.0052900000,-0.0023430000,0.0036390000,-0.0020590000,-0.0038350000
2025-07-30,-0.0007080000,-0.0091270000,0.0042050000,0.0016640000,0.0030550000,0.0011740000,-0.0007250000,0.0097990000,0.0017870000
2025-07-31,-0.0181950000,-0.0070010000,-0.0117250000,0.0019330000,0.0059130000,-0.0099710000,-0.0137880000,-0.0045970000,-0.0031570000
2025-08-01,-0.0052950000,-0.0007420000,0.0008470000,-0.0000290000,-0.0020810000,0.0000000000,-0.0088300000,0.0030790000,-0.0001380000
2025-08-04,0.0045970000,0.0122540000,0.0050800000,0.0000220000,-0.0017200000,0.0017770000,-0.0044540000,0.0035810000,0.0132190000
2025-08-05,0.0074660000,0.0058690000,0.0109520000,0.0001170000,0.0031860000,0.0029570000,0.0007460000,0.0020390000,0.0010870000
2025-08-06,0.0026300000,0.0105760000,0.0008330000,0.0005720000,0.0001130000,-0.0011790000,0.0029810000,0.0020350000,0.0019010000
2025-08-07,-0.0002380000,0.0003610000,0.0041630000,0.0002860000,-0.0000810000,0.0029520000,-0.0044580000,0.0025380000,0.0017620000
2025-08-08,-0.0023850000,-0.0032470000,0.0008290000,0.0003880000,-0.0003560000,-0.0005890000,-0.0089550000,0.0045570000,0.0029760000
2025-08-11,0.0045420000,0.0144770000,-0.0058000000,-0.0019700000,-0.0065970000,0.0047110000,0.0060240000,-0.0075600000,-0.0099800000
2025-08-12,0.0061880000,0.0035680000,0.0016670000,-0.0007930000,-0.0024230000,0.0029310000,0.0074850000,0.0076180000,-0.0042230000
2025-08-13,0.0082780000,0.0145750000,-0.0033280000,0.0004850000,0.0000820000,0.0011690000,-0.0081720000,0.0211690000,0.0021890000
2025-08-14,-0.0016420000,-0.0108620000,0.0008350000,-0.0010860000,-0.0036390000,-0.0081730000,-0.0149810000,-0.0029620000,0.0012290000
2025-08-15,0.0091640000,0.0205460000,-0.0033360000,-0.0001910000,-0.0024700000,0.0029430000,0.0015210000,-0.0044550000,-0.0034080000
2025-08-18,0.0074510000,0.0145780000,0.0016740000,-0.0035500000,-0.0126300000,-0.0029340000,0.0000000000,0.0059670000,0.0015050000
2025-08-19,-0.0050840000,0.0006840000,-0.0008350000,0.0004280000,0.0009750000,-0.0005890000,-0.0030370000,0.0034600000,-0.0027320000
2025-08-20,0.0137050000,0.0112820000,0.0091970000,-0.0009730000,-0.0032550000,-0.0029450000,0.0045700000,-0.0019700000,-0.0024650000
2025-08-21,0.0032080000,-0.0091280000,0.0058000000,0.0002290000,0.0047190000,-0.0011810000,0.0083400000,-0.0143140000,0.0028830000
2025-08-22,0.0230700000,0.0174000000,-0.0041190000,-0.0003760000,-0.0024190000,0.0017740000,-0.0022560000,-0.0085130000,-0.0021910000
2025-08-25,0.0192010000,0.0130780000,0.0082710000,0.0015870000,0.0045080000,0.0106260000,0.0060290000,0.0106060000,0.0065860000
2025-08-26,-0.0052570000,0.0000000000,-0.0024610000,0.0006710000,0.0051100000,-0.0046730000,-0.0067420000,-0.0074960000,0.0032720000
2025-08-27,-0.0145340000,-0.0175440000,-0.0156250000,0.0006630000,0.0018900000,0.0011740000,-0.0082960000,0.0000000000,0.0000000000
2025-08-28,0.0187710000,0.0138140000,0.0000000000,-0.0021860000,-0.0083610000,-0.0017580000,-0.0007600000,0.0005040000,0.0023100000
2025-08-29,0.0092130000,-0.0009970000,-0.0025060000,0.0003250000,-0.0001660000,0.0070460000,-0.0022830000,0.0025160000,0.0028470000
2025-09-01,0.0032600000,0.0106450000,-0.0025130000,0.0007890000,0.0021690000,0.0000000000,-0.0030510000,0.0065260000,0.0198700000
2025-09-02,-0.0056330000,-0.0260040000,0.0075570000,0.0000520000,-0.0018410000,0.0000000000,-0.0015300000,-0.0064840000,0.0045060000
2025-09-03,-0.0089320000,-0.0152080000,-0.0108330000,0.0008400000,0.0044100000,0.0005830000,-0.0015330000,0.0115460000,0.0118750000
2025-09-04,-0.0204440000,-0.0233360000,0.0025270000,0.0020610000,0.0042170000,-0.0034970000,-0.0076750000,-0.0158810000,-0.0015650000
2025-09-05,0.0219930000,0.0291640000,-0.0042020000,-0.0028580000,-0.0101290000,0.0035090000,0.0108280000,0.0055470000,0.0028730000
2025-09-08,0.0002200000,0.0081940000,0.0000000000,-0.0009870000,-0.0026450000,-0.0029140000,0.0030600000,0.0055170000,0.0093760000
2025-09-09,-0.0059280000,-0.0115140000,0.0050630000,-0.0004870000,-0.0011340000,-0.0005840000,-0.0038140000,0.0049880000,0.0145790000
2025-09-10,0.0022080000,0.0006850000,-0.0025190000,-0.0022280000,-0.0083340000,0.0023390000,0.0015310000,-0.0059550000,-0.0012720000
2025-09-11,0.0268840000,0.0267030000,0.0033670000,0.0005320000,-0.0024670000,0.0029170000,-0.0022940000,0.0009990000,-0.0035650000
2025-09-12,-0.0083690000,0.0003330000,-0.0067110000,0.0016560000,0.0032420000,0.0122160000,-0.0068970000,0.0019950000,0.0038330000
2025-09-15,0.0017310000,-0.0010000000,-0.0084460000,0.0007230000,0.0031970000,-0.0017240000,0.0092590000,-0.0104530000,-0.0029280000
2025-09-16,-0.0019440000,0.0106770000,-0.0034070000,0.0004720000,-0.0013920000,-0.0011510000,-0.0007650000,0.0000000000,0.0128940000
2025-09-17,0.0071430000,0.0089140000,0.0042740000,0.0013190000,0.0036700000,-0.0023050000,0.0007650000,-0.0025150000,-0.0081930000
2025-09-18,-0.0126800000,-0.0127620000,-0.0187230000,-0.0002060000,-0.0025020000,-0.0103990000,-0.0099390000,-0.0015130000,-0.0129620000
2025-09-19,0.0021770000,-0.0036460000,0.0052040000,-0.0013770000,-0.0057380000,0.0011680000,-0.0030890000,0.0055560000,0.0047640000
2025-09-22,0.0032580000,0.0083170000,-0.0077650000,0.0000660000,0.0014260000,0.0029150000,-0.0077460000,-0.0030140000,0.0187080000
2025-09-23,0.0006490000,-0.0118770000,0.0060870000,-0.0013030000,-0.0041460000,-0.0040700000,-0.0031230000,-0.0216620000,0.0119500000
2025-09-24,0.0088710000,0.0173620000,0.0000000000,-0.0016180000,-0.0047470000,0.0005840000,0.0133120000,0.0051490000,0.0057180000
2025-09-25,0.0068630000,-0.0036100000,-0.0069140000,-0.0003140000,0.0013430000,0.0186700000,0.0085010000,0.0046110000,-0.0060560000
2025-09-26,-0.0093720000,-0.0135050000,0.0000000000,0.0014420000,-0.0002040000,-0.0011450000,-0.0045980000,-0.0066290000,0.0024870000
2025-09-29,0.0165560000,0.0123540000,-0.0017410000,-0.0004850000,-0.0046190000,-0.0022940000,-0.0015400000,-0.0051330000,0.0121560000
2025-09-30,0.0027500000,0.0102240000,-0.0069750000,0.0019400000,0.0014160000,0.0040230000,-0.0107940000,0.0000000000,0.0101720000
2025-10-09,0.0158190000,0.0084880000,0.0026340000,0.0009680000,0.0032460000,0.0349170000,-0.0070150000,0.0025800000,0.0457360000
2025-10-10,-0.0201410000,-0.0132730000,0.0070050000,-0.0005130000,-0.0056640000,-0.0071900000,-0.0047100000,-0.0020590000,-0.0140370000
2025-10-13,-0.0057220000,-0.0029530000,0.0052170000,0.0009830000,0.0054400000,-0.0061280000,0.0007890000,0.0061890000,0.0302390000
2025-10-14,-0.0100170000,-0.0177690000,0.0181660000,0.0017260000,0.0028960000,-0.0089690000,-0.0220650000,-0.0066630000,0.0123340000
2025-10-15,0.0131320000,0.0137350000,0.0042480000,-0.0005200000,-0.0023290000,0.0096150000,0.0016120000,0.0000000000,0.0244810000
2025-10-16,0.0031870000,-0.0102450000,0.0067680000,0.0007800000,0.0040240000,-0.0039220000,0.0072410000,0.0020640000,0.0056160000
2025-10-17,-0.0205460000,-0.0287150000,-0.0042020000,0.0015740000,0.0078630000,-0.0061870000,-0.0167730000,-0.0113290000,0.0349320000
2025-10-20,0.0034600000,0.0061880000,0.0016880000,-0.0018310000,-0.0032130000,0.0067910000,-0.0024370000,0.0041670000,-0.0312140000
2025-10-21,0.0150860000,0.0140080000,0.0025270000,-0.0000590000,0.0004540000,0.0011240000,0.0032570000,0.0036310000,0.0238100000
2025-10-22,-0.0031850000,-0.0033690000,0.0075630000,0.0001110000,0.0018760000,0.0011230000,0.0056820000,0.0000000000,-0.0405380000
2025-10-23,0.0038340000,0.0006760000,0.0058380000,-0.0007420000,-0.0034840000,0.0072910000,0.0088780000,0.0129200000,-0.0122300000
2025-10-24,0.0120940000,0.0162160000,-0.0074630000,-0.0004760000,-0.0012550000,0.0122490000,-0.0040000000,-0.0025510000,-0.0047280000
2025-10-27,0.0117400000,0.0073140000,0.0008350000,0.0011150000,0.0021850000,0.0071510000,0.0104420000,0.0076730000,-0.0044110000
2025-10-28,-0.0049730000,-0.0016500000,0.0000000000,0.0028740000,0.0060860000,-0.0147460000,-0.0031800000,-0.0005080000,-0.0361240000
2025-10-29,0.0124950000,0.0135540000,-0.0091820000,0.0000000000,-0.0028700000,0.0160750000,0.0055820000,-0.0035550000,0.0111960000
2025-10-30,-0.0080210000,-0.0101110000,0.0025270000,0.0010810000,0.0022320000,-0.0081830000,-0.0166530000,-0.0056070000,0.0018650000
2025-10-31,-0.0138920000,0.0006590000,-0.0016810000,0.0006060000,0.0035920000,-0.0060510000,-0.0040320000,0.0035880000,0.0103540000
2025-11-03,0.0014720000,0.0039510000,0.0134680000,0.0001400000,0.0007260000,0.0066410000,-0.0040490000,0.0030640000,0.0005760000
2025-11-04,-0.0071380000,-0.0134470000,0.0107970000,0.0003550000,0.0012500000,-0.0109950000,-0.0040650000,-0.0061100000,-0.0071350000
2025-11-05,0.0012690000,0.0049870000,0.0000000000,-0.0000150000,0.0003500000,-0.0033350000,0.0024490000,0.0163930000,-0.0035930000
2025-11-06,0.0147840000,0.0112470000,-0.0008220000,-0.0010340000,-0.0041950000,0.0055770000,0.0073290000,-0.0040320000,0.0060490000
2025-11-07,-0.0020810000,-0.0006540000,0.0008220000,-0.0001920000,0.0002090000,-0.0027730000,-0.0056590000,-0.0010120000,0.0045090000
2025-11-10,0.0025030000,0.0013090000,0.0082170000,-0.0003920000,0.0000080000,0.0072300000,0.0008130000,0.0010130000,0.0165750000
2025-11-11,-0.0091530000,-0.0022880000,0.0040750000,-0.0005550000,0.0010360000,0.0005520000,-0.0113730000,-0.0020240000,0.0135870000
2025-11-12,0.0004200000,-0.0058980000,0.0089290000,0.0007630000,0.0008510000,0.0049670000,0.0073950000,0.0015210000,-0.0036860000
2025-11-13,0.0098640000,0.0138430000,-0.0032180000,-0.0006950000,-0.0022770000,0.0076880000,0.0008160000,0.0025320000,0.0159210000
2025-11-14,-0.0147550000,-0.0133290000,-0.0032280000,0.0005480000,0.0013380000,-0.0108990000,-0.0073350000,0.0090910000,-0.0080570000
2025-11-17,-0.0065390000,0.0023060000,-0.0089070000,0.0008290000,0.0013360000,-0.0044080000,-0.0065680000,-0.0150150000,-0.0239210000
2025-11-18,-0.0057320000,-0.0078900000,-0.0057190000,0.0002220000,-0.0003670000,-0.0105150000,-0.0041320000,0.0243900000,-0.0117410000
2025-11-19,0.0029900000,-0.0086150000,0.0016430000,-0.0004070000,-0.0033690000,0.0072710000,0.0000000000,-0.0158730000,0.0199540000
2025-11-20,-0.0044710000,-0.0063500000,0.0073830000,0.0002660000,-0.0013810000,-0.0022210000,-0.0033200000,-0.0010080000,-0.0054280000
2025-11-21,-0.0239520000,-0.0373360000,-0.0154720000,-0.0002000000,-0.0030080000,-0.0061210000,-0.0074940000,-0.0025230000,-0.0077320000
2025-11-24,-0.0015340000,0.0115300000,-0.0057900000,0.0001040000,0.0018740000,0.0055990000,0.0176170000,0.0146690000,0.0030940000
2025-11-25,0.0087780000,0.0131260000,0.0058240000,-0.0008870000,-0.0038000000,0.0044540000,-0.0016490000,0.0024930000,0.0167920000
2025-11-26,0.0063080000,0.0000000000,-0.0049630000,-0.0022640000,-0.0066780000,0.0005540000,0.0074320000,-0.0044750000,-0.0003370000
2025-11-27,-0.0008650000,0.0010230000,0.0016630000,0.0001110000,0.0007970000,0.0038780000,0.0000000000,0.0119880000,0.0004500000
2025-11-28,0.0028130000,0.0105590000,-0.0008300000,0.0001560000,0.0008390000,0.0055190000,0.0114750000,-0.0009870000,0.0061780000
2025-12-01,0.0112190000,0.0067410000,0.0058140000,0.0008900000,-0.0000090000,0.0148190000,0.0064830000,-0.0251980000,0.0104950000
2025-12-02,-0.0044800000,-0.0083700000,-0.0024770000,-0.0005700000,-0.0056580000,0.0010820000,-0.0032210000,-0.0020270000,-0.0053030000
2025-12-03,-0.0045010000,-0.0091150000,-0.0041390000,0.0004820000,-0.0025780000,0.0037820000,-0.0072700000,0.0000000000,-0.0018880000
2025-12-04,0.0025830000,0.0010220000,-0.0041560000,-0.0031190000,-0.0131910000,0.0118410000,0.0008140000,-0.0025390000,-0.0032270000
2025-12-05,0.0088040000,0.0136150000,-0.0041740000,0.0017470000,0.0012260000,0.0170210000,-0.0113820000,-0.0040730000,0.0078150000
2025-12-08,0.0072370000,0.0087310000,-0.0025150000,-0.0000450000,-0.0038580000,0.0036610000,-0.0008220000,-0.0025560000,-0.0028800000
2025-12-09,-0.0050720000,-0.0056590000,-0.0075630000,0.0014990000,0.0068770000,-0.0218860000,-0.0139920000,-0.0046130000,-0.0069990000
2025-12-10,-0.0012740000,0.0040170000,-0.0042340000,-0.0000520000,0.0007680000,0.0079910000,-0.0041740000,0.0036050000,0.0048110000
2025-12-11,-0.0072310000,-0.0103370000,-0.0025510000,0.0009850000,0.0072000000,0.0000000000,-0.0008380000,-0.0035920000,0.0017820000
2025-12-12,0.0055700000,0.0067390000,0.0008530000,-0.0006880000,-0.0034880000,0.0211420000,-0.0117450000,0.0066940000,0.0128930000
2025-12-15,-0.0057520000,-0.0070280000,0.0008520000,-0.0020220000,-0.0104910000,-0.0134580000,0.0067910000,-0.0020460000,0.0137170000
2025-12-16,-0.0100710000,-0.0171890000,-0.0051060000,0.0001480000,-0.0006930000,-0.0146900000,-0.0025300000,0.0046130000,-0.0120160000
2025-12-17,0.0171000000,0.0133740000,0.0017110000,0.0011280000,0.0051550000,0.0095850000,0.0067620000,-0.0071430000,0.0076700000
2025-12-18,-0.0065970000,-0.0020300000,0.0085400000,0.0002220000,0.0046830000,0.0015820000,0.0125940000,-0.0020550000,0.0006520000
2025-12-19,0.0042840000,0.0084770000,0.0000000000,0.0006220000,-0.0000090000,0.0100050000,0.0074630000,0.0030900000,-0.0005430000
2025-12-22,0.0089590000,0.0090790000,-0.0067740000,-0.0009780000,-0.0024440000,0.0083420000,0.0164610000,-0.0010270000,0.0206570000
2025-12-23,0.0021140000,-0.0010000000,0.0000000000,0.0023800000,0.0070700000,-0.0010340000,0.0040490000,0.0020550000,0.0141670000
2025-12-24,0.0035860000,0.0156770000,0.0034100000,-0.0005920000,-0.0009700000,0.0222570000,0.0088710000,0.0030770000,0.0003150000
2025-12-25,0.0018920000,0.0085390000,0.0008500000,0.0003110000,-0.0015420000,-0.0055700000,0.0015990000,0.0005110000,-0.0075600000
2025-12-26,0.0037770000,0.0035820000,-0.0025470000,-0.0005060000,0.0010150000,0.0152750000,0.0143660000,0.0086870000,0.0086750000
2025-12-29,-0.0043900000,-0.0016220000,0.0008510000,-0.0030310000,-0.0085490000,0.0010030000,-0.0173090000,0.0010130000,-0.0090200000
2025-12-30,0.0021000000,0.0009750000,-0.0008500000,-0.0004110000,0.0006470000,-0.0015030000,0.0176140000,-0.0060730000,-0.0205330000
2025-12-31,-0.0041900000,-0.0003250000,0.0008510000,0.0001120000,-0.0046400000,0.0015050000,-0.0007870000,-0.0076370000,-0.0073480000
2026-01-05,0.0191460000,0.0230590000,-0.0025510000,-0.0006350000,-0.0007640000,0.0295590000,-0.0102360000,0.0035920000,0.0209010000
2026-01-06,0.0154830000,0.0142860000,0.0008530000,-0.0013610000,-0.0034530000,0.0364960000,0.0278440000,0.0025560000,0.0092770000
2026-01-07,-0.0036590000,0.0025040000,-0.0034070000,-0.0002470000,-0.0053870000,-0.0018780000,0.0015480000,0.0117290000,-0.0052830000
2026-01-08,-0.0077540000,0.0087420000,-0.0076920000,0.0015430000,0.0039000000,-0.0249290000,-0.0146830000,-0.0060480000,-0.0019120000
2026-01-09,0.0045240000,0.0229030000,0.0008610000,0.0009420000,-0.0016340000,0.0062710000,0.0078430000,0.0060850000,0.0083010000
2026-01-12,0.0057320000,0.0305600000,0.0017210000,0.0000970000,0.0015920000,0.0273250000,0.0023350000,-0.0050400000,0.0189970000
2026-01-13,-0.0034600000,-0.0202580000,0.0017180000,0.0008440000,0.0034090000,-0.0111990000,-0.0062110000,0.0010130000,0.0017610000
2026-01-14,-0.0061270000,0.0023970000,-0.0085760000,0.0004330000,-0.0003610000,0.0268990000,0.0039060000,-0.0035430000,0.0132340000
2026-01-15,0.0018500000,0.0000000000,-0.0025950000,0.0007680000,-0.0010390000,0.0013790000,-0.0101170000,-0.0005080000,-0.0055100000
2026-01-16,-0.0032820000,-0.0026910000,-0.0086730000,0.0006340000,0.0003610000,-0.0307480000,-0.0062890000,-0.0045730000,-0.0012310000
2026-01-19,0.0004220000,0.0027310000,0.0008750000,0.0002530000,-0.0008020000,-0.0042610000,-0.0071200000,0.0010210000,0.0159240000
2026-01-20,-0.0029550000,-0.0081720000,0.0139860000,0.0019440000,0.0030070000,0.0033290000,0.0095620000,-0.0015300000,0.0071800000
2026-01-21,0.0012700000,0.0085440000,-0.0077590000,0.0009140000,0.0083250000,0.0109000000,0.0000000000,-0.0010210000,0.0293170000
2026-01-22,-0.0006340000,0.0075640000,0.0008690000,-0.0005500000,-0.0001570000,-0.0107830000,0.0236780000,0.0081800000,-0.0044870000
2026-01-23,-0.0048660000,0.0216220000,-0.0034720000,0.0000070000,0.0015260000,0.0161140000,0.0254430000,-0.0030430000,0.0278270000
2026-01-26,0.0017010000,-0.0170490000,0.0069690000,0.0004240000,0.0025600000,-0.0009330000,0.0082710000,0.0045780000,0.0261200000
2026-01-27,-0.0004240000,0.0038880000,-0.0069200000,-0.0003640000,-0.0031700000,0.0116710000,-0.0246090000,-0.0025320000,0.0026940000
2026-01-28,0.0031850000,0.0026810000,0.0034840000,0.0006320000,0.0011410000,0.0073830000,0.0152910000,0.0076140000,0.0322430000
2026-01-29,0.0091010000,-0.0077240000,0.0147570000,0.0004460000,0.0004180000,0.0389370000,-0.0015060000,0.0120910000,0.0549320000
2026-01-30,-0.0119550000,-0.0086830000,-0.0008550000,0.0004680000,-0.0027660000,-0.0542330000,-0.0135750000,-0.0134400000,-0.0733430000
2026-02-02,-0.0235620000,-0.0410750000,-0.0119860000,0.0000520000,0.0028080000,-0.0727270000,-0.0321100000,-0.0040360000,-0.0999910000
2026-02-03,0.0139130000,0.0343310000,-0.0034660000,-0.0001480000,-0.0006440000,0.0638510000,0.0102690000,-0.0015200000,0.0502960000
2026-02-04,0.0092200000,0.0015230000,0.0139130000,-0.0003560000,-0.0010530000,0.0085070000,0.0132920000,0.0020290000,0.0424480000
2026-02-05,-0.0059490000,-0.0173300000,0.0128640000,0.0013660000,0.0039470000,-0.0370200000,-0.0169750000,0.0025320000,-0.0314950000
2026-02-06,-0.0064120000,-0.0034030000,-0.0025400000,0.0008230000,0.0042350000,-0.0077860000,0.0047100000,0.0010100000,-0.0153930000
2026-02-09,0.0167780000,0.0251470000,0.0025470000,0.0004300000,-0.0001990000,0.0240310000,-0.0007810000,0.0015140000,0.0351770000
2026-02-10,0.0012690000,-0.0003030000,0.0042340000,0.0002290000,-0.0003460000,-0.0023950000,0.0062550000,-0.0050380000,-0.0043420000
2026-02-11,-0.0021130000,0.0006060000,0.0016860000,0.0006510000,0.0004840000,0.0115220000,0.0054390000,0.0060760000,0.0081530000
2026-02-12,0.0008470000,0.0099910000,-0.0092590000,0.0007690000,0.0001560000,0.0004750000,-0.0092740000,0.0010070000,-0.0039500000
2026-02-13,-0.0118470000,-0.0152880000,-0.0084960000,-0.0003700000,0.0001380000,-0.0265650000,-0.0101400000,0.0055300000,-0.0135950000
2026-02-24,0.0096340000,0.0112630000,0.0042840000,-0.0000810000,0.0008210000,0.0229040000,0.0338850000,0.0005000000,0.0355090000
2026-02-25,0.0072090000,0.0147500000,-0.0025600000,-0.0015970000,-0.0034530000,0.0200100000,-0.0083840000,0.0094950000,0.0002770000
2026-02-26,-0.0031580000,0.0074160000,-0.0008550000,-0.0013330000,-0.0039150000,-0.0074730000,-0.0122980000,-0.0014850000,-0.0035110000
2026-02-27,-0.0021120000,0.0103060000,0.0034250000,0.0011120000,-0.0001740000,0.0188240000,-0.0054470000,0.0000000000,0.0013910000
2026-03-02,0.0029630000,-0.0110750000,0.0093860000,0.0012440000,0.0046880000,-0.0009240000,0.0610330000,0.0084280000,0.0438930000
2026-03-03,-0.0128720000,-0.0368410000,0.0109890000,0.0004730000,0.0005190000,-0.0309750000,0.0353980000,0.0083580000,-0.0133060000
2026-03-04,-0.0145360000,-0.0091800000,-0.0133780000,0.0000810000,0.0006490000,0.0057250000,0.0035610000,0.0248660000,-0.0245440000
2026-03-05,0.0095440000,0.0086470000,0.0016950000,-0.0000070000,-0.0008130000,-0.0066410000,0.0028390000,-0.0195050000,-0.0016590000
2026-03-06,0.0027930000,0.0104100000,0.0050760000,0.0003250000,0.0008310000,-0.0004780000,0.0424630000,0.0315380000,-0.0083090000
2026-03-09,-0.0081420000,-0.0039390000,-0.0008420000,-0.0023950000,-0.0114570000,-0.0057330000,0.0807880000,0.0498590000,-0.0009310000
2026-03-10,0.0116660000,0.0173410000,-0.0016850000,0.0002450000,0.0003410000,0.0091300000,-0.0722360000,-0.0237460000,0.0085720000
2026-03-11,0.0059790000,0.0005980000,0.0092830000,-0.0000440000,-0.0028070000,0.0000000000,0.0602570000,0.0298300000,0.0018480000
2026-03-12,-0.0036090000,-0.0023910000,0.0050170000,0.0004370000,0.0000440000,0.0000000000,0.0376760000,-0.0053480000,-0.0034120000
2026-03-13,-0.0036220000,-0.0140800000,0.0024960000,-0.0001180000,-0.0008510000,-0.0119050000,0.0086150000,0.0398750000,-0.0129550000
2026-03-16,0.0006410000,-0.0018230000,0.0000000000,-0.0018590000,-0.0064680000,-0.0062650000,0.0079320000,-0.0254200000,-0.0121870000
2026-03-17,-0.0072650000,-0.0222220000,0.0041490000,0.0004900000,0.0022080000,-0.0019400000,-0.0030270000,-0.0053050000,-0.0026570000
2026-03-18,0.0034440000,0.0087170000,-0.0049590000,0.0013940000,0.0024850000,-0.0097180000,-0.0078930000,0.0004440000,-0.0028550000
2026-03-19,-0.0135140000,-0.0216050000,-0.0024920000,0.0003700000,0.0005800000,-0.0392540000,0.0410040000,-0.0031100000,-0.0455200000
2026-03-20,-0.0050010000,-0.0167190000,-0.0041630000,-0.0010810000,-0.0039360000,-0.0010210000,-0.0229280000,-0.0173800000,-0.0229950000
2026-03-23,-0.0319060000,-0.0481230000,-0.0317730000,-0.0010080000,0.0007230000,-0.0209610000,0.0716000000,0.0113380000,-0.0969100000
2026-03-24,0.0110610000,0.0259520000,0.0172710000,0.0007940000,0.0061440000,0.0208880000,-0.0342500000,0.0053810000,0.0410200000
2026-03-25,0.0145120000,0.0187250000,0.0084890000,0.0005960000,-0.0003330000,0.0148340000,-0.0366280000,-0.0370210000,0.0361380000
2026-03-26,-0.0123240000,-0.0141890000,-0.0025250000,0.0007070000,0.0022700000,-0.0040320000,0.0319860000,0.0009260000,-0.0188040000
2026-03-27,0.0044560000,0.0160290000,-0.0016880000,-0.0000670000,-0.0024830000,0.0116400000,0.0198830000,-0.0180470000,0.0038540000
2026-03-30,-0.0017750000,0.0009660000,0.0084530000,0.0011830000,0.0024630000,0.0070040000,0.0172020000,0.0061260000,0.0173850000
2026-03-31,-0.0082220000,-0.0186560000,0.0041910000,0.0002160000,0.0001400000,-0.0029810000,-0.0304400000,-0.0304450000,0.0046130000
2026-04-01,0.0159090000,0.0183550000,-0.0008350000,-0.0011520000,-0.0019760000,0.0114600000,-0.0656980000,-0.0140100000,0.0330790000
2026-04-02,-0.0099250000,-0.0167360000,0.0033420000,0.0004830000,-0.0008230000,-0.0133000000,0.0572500000,0.0186180000,-0.0284850000
2026-04-03,-0.0077970000,-0.0114570000,-0.0108240000,0.0000450000,-0.0006930000,0.0034950000,0.0235430000,-0.0101010000,0.0094610000
