日期,沪深300主连,10年国债主连,沪金主连,豆粕主连,中证1000主连,中证500主连,30年国债主连,沪铜主连,沪铝主连,PTA主连,原油主连
2013-01-04,1444.4404262232,,429.4506085415,1052.8895039117,,,,50989.9267994674,14289.7432067872,7645.2407439055,
2013-01-07,1444.4404262232,,431.6180056277,1059.0486481772,,,,50867.6068928203,14243.0904375845,7750.5323414523,
2013-01-08,1443.3000184969,,429.0553773081,1066.8286198810,,,,50937.5039823329,14219.7640529831,7736.2555146663,
2013-01-09,1439.9928360904,,432.6124584084,1060.6694756155,,,,50972.4525270892,14224.4293299034,7650.5945539502,
2013-01-10,1447.0633639939,,431.7964971524,1059.3728136648,,,,51356.8865194087,14247.7557145047,7643.4561405572,
2013-01-11,1424.7113725570,,435.2515830958,1056.1311587883,,,,51059.8238889800,14229.0946068236,7532.8107329657,
2013-01-14,1474.8893125174,,433.9256460548,1089.5202040170,,,,51129.7209784927,14215.0987760628,7607.7640735922,
2013-01-15,1480.4773103766,,434.6268627592,1091.7893624306,,,,50413.2758109881,14117.1279607372,7473.9188224734,
2013-01-16,1465.4239283885,,437.9417053616,1103.7834854739,,,,50622.9670795260,14140.4543453385,7488.1956492594,
2013-01-17,1460.2920936198,,436.6540165045,1096.0035137701,,,,50448.2243557445,14140.4543453385,7506.0416827420,
2013-01-18,1479.3334683271,,438.9361581423,1094.3826863318,,,,51007.4010718455,14173.1112837804,7638.1023305125,
2013-01-21,1478.0867116498,,438.6556714606,1098.2726721837,,,,50841.3954842530,14145.1196222588,7588.1334367615,
2013-01-22,1474.9131491986,,440.4915842866,1110.5909607147,,,,51278.2522937070,14159.1154530196,7531.0261296175,
2013-01-23,1482.2803477460,,439.6118760574,1112.5359536407,,,,51190.8809318162,14140.4543453385,7545.3029564035,
2013-01-24,1468.1126582317,,435.6850625130,1088.5477075540,,,,51051.0867527909,14112.4626838169,7573.8566099755,
2013-01-25,1469.3594149090,,433.6069111892,1096.6518447454,,,,51234.5666127616,14112.4626838169,7622.0409003782,
2013-01-28,1504.2686018723,,431.5287598653,1111.5634571777,,,,51051.6793275554,14065.8099146142,7696.9942410048,
2013-01-29,1513.6759477098,,432.2937235428,1108.3218023011,,,,51251.9844494479,14070.4751915345,7713.0556711390,
2013-01-30,1529.5437599658,,432.8419475117,1129.3925589989,,,,51609.0501015171,14098.4668530561,7741.6093247110,
2013-01-31,1529.9971260303,,435.1368385441,1137.1725307026,,,,51983.5335902727,14130.8984232077,7723.7632912285,
2013-02-01,1556.4056992850,,431.7837477578,1141.3866820422,,,,51957.4068352432,14089.2006901556,7768.3783749348,
2013-02-04,1558.1058220267,,433.6706581623,1135.5517032644,,,,52209.9654671946,14103.0999345063,7895.0852126606,
2013-02-05,1571.7068039604,,435.8380552485,1138.4691926533,,,,52035.7871003316,14038.2367942031,7843.3317155613,
2013-02-06,1579.7113361375,,434.5376169968,1144.9525024064,,,,52114.1673654199,13996.8802864624,7854.0393356508,
2013-02-07,1578.5839372394,,435.6850625130,1140.7383510669,,,,51992.2425086158,13973.9044488287,7928.9926762773,
2013-02-08,1569.4520061641,,434.8691012570,1151.7599776472,,,,51983.5335902727,14006.0706215159,7950.4079164563,
2013-02-18,1551.5263636829,,420.4240371471,1132.3100483878,,,,51295.5290411637,13914.1672709810,7893.3006093123,
2013-02-19,1527.1745474821,,420.3857889633,1139.5463572789,,,,51191.0220210459,13868.2155957135,7868.3161624368,
2013-02-20,1527.8509868210,,419.4168349718,1152.2960443727,,,,51086.5150009280,13859.0252606601,7829.0548887753,
2013-02-21,1474.1867992674,,409.0515771418,1154.7081473364,,,,50180.7874932402,13753.3364075449,7725.5478945768,
2013-02-22,1461.7854113873,,413.4883664712,1189.5113472412,,,,50180.7874932402,13748.7412400182,7748.7477381040,
2013-02-25,1468.4370648866,,413.1313834218,1157.8094225754,,,,49884.6842695731,13638.4572193763,7739.6954627091,
2013-02-26,1445.6636071433,,413.7688531530,1142.9922186556,,,,49736.6326577395,13610.8862142159,7562.2708649674,
2013-02-27,1458.6286944724,,418.2948882448,1149.8839414090,,,,50050.0439610265,13652.2427219566,7567.7022302044,
2013-02-28,1509.8126044500,,416.1402405532,1154.0189750611,,,,50215.4554822058,13597.1007116356,7631.0681579693,
2013-03-01,1503.1609509507,,411.9329403270,1167.4578344302,,,,49388.3978763095,13486.8166909938,7459.0749254646,
2013-03-04,1436.3061962883,,411.2444730173,1159.5323532638,,,,49022.7513558080,13394.9133404589,7301.5653335920,
2013-03-05,1474.6377588267,,412.4046679281,1176.0724878720,,,,49562.5152670245,13477.6263559403,7355.8789859618,
2013-03-06,1492.6761411976,,410.9512369409,1170.9036958070,,,,49362.2802677023,13574.1248740019,7419.2449137267,
2013-03-07,1474.4122790470,,411.8691933539,1172.2820403576,,,,49214.2804855945,13679.8137271170,7354.0685308828,
2013-03-08,1472.1574812506,,409.6380492946,1179.1737631111,,,,49397.1037458453,13684.3782295285,7359.4998961198,
2013-03-11,1461.4471917179,,411.4739621205,1167.1132482926,,,,49162.0452683800,13597.6526837109,7364.9312613568,
2013-03-12,1439.0119536440,,410.6707502592,1151.9514582350,,,,49048.8689644153,13524.6206451277,7268.9771421700,
2013-03-13,1425.5959067556,,413.4628676820,1151.9514582350,,,,49492.8683107385,13625.0396981796,7310.6176089869,
2013-03-14,1422.7774095101,,411.7416994077,1127.8304285980,,,,49423.2213544525,13588.5236788880,7290.7026031180,
2013-03-15,1425.2527834136,,413.3226243411,1132.9992206631,,,,49727.9267882038,13547.4431571850,7462.6958356226,
2013-03-18,1412.5383629095,,413.3481231304,1103.3648128234,,,,48143.4585326973,13405.9435824300,7325.1012496189,
2013-03-19,1423.2274774926,,415.2860311133,1106.1215019248,,,,47882.2824466248,13378.5565679613,7345.0162554879,
2013-03-20,1468.3467927329,,416.7522114952,1120.9387058446,,,,48265.9685561953,13437.8950993102,7317.8594293029,
2013-03-21,1472.2848875793,,415.7322599252,1127.4858424604,,,,48640.9345269119,13447.0241041331,7335.9639800929,
2013-03-22,1477.2356353862,,416.0509947908,1125.7629117720,,,,48510.1324441037,13419.6370896644,7191.1275737732,
2013-03-25,1475.4353634564,,415.0947901940,1122.6616365330,,,,48736.8560543045,13442.4596017216,7203.8007593262,
2013-03-26,1447.1935975579,,413.8071013369,1128.5196008734,,,,48623.4942492041,13424.2015920758,7127.7616460083,
2013-03-27,1447.8686995315,,411.7671981969,1134.0329790761,,,,48449.0914721266,13378.5565679613,7039.0493471375,
2013-03-28,1410.2880229972,,414.3935734896,1131.9654622501,,,,48222.3678619259,13346.6050510812,7066.2061733224,
2013-03-29,1397.3485685019,,412.3791691389,1112.6686385405,,,,47812.5213357938,13337.4760462582,7031.8075268215,
2013-04-01,1397.0110175150,,411.7799475915,1100.9527098597,,,,46862.0262007215,13278.1375149094,6930.4220423977,
2013-04-02,1409.7254380192,,412.7361521884,1104.3985712364,,,,47507.3164759082,13332.9115438468,7102.4152749024,
2013-04-03,1394.4231266160,,403.1868556144,1078.5546109111,,,,47141.0706440454,13296.3955245552,7154.9184721933,
2013-04-08,1386.0968689407,,407.0754209750,1072.6966465706,,,,47629.3984198624,13373.9920655499,7187.5066636152,
2013-04-09,1395.5482965721,,406.4761994276,1073.0412327083,,,,48065.6449706946,13378.5565679613,7200.1798491682,
2013-04-10,1395.7733305633,,408.2993628590,1081.3113000124,,,,48109.2696257779,13392.2500751957,7317.8594293029,
2013-04-11,1390.9350997520,,400.7772200303,1073.0412327083,,,,47891.1463503618,13456.1531089560,7261.7353218540,
2013-04-12,1384.9716989846,,400.9557115551,1087.8584366282,,,,48117.9945567945,13433.3305968987,7287.0816929600,
2013-04-15,1373.3824484366,,381.1176535189,1079.5883693241,,,,46573.6817668484,13241.6214956178,7033.6179819005,
2013-04-16,1378.3331962435,,352.3677686400,1081.3113000124,,,,46154.8850780495,13291.8310221437,6975.6834193726,
2013-04-17,1380.5835361557,,350.7230967334,1091.3042980049,,,,45570.3146999343,13282.7020173208,6963.0102338197,
2013-04-18,1383.8465290285,,351.6028049625,1101.2972959974,,,,44087.0764271047,13259.8795052636,6814.5529173420,
2013-04-19,1428.3558832314,,359.8899114686,1097.8514346206,,,,44226.6753233711,13323.7825390239,7004.6507006366,
2013-04-22,1426.4402907720,,360.4253860429,1083.0342307008,,,,42787.0617056247,13250.7505004407,6957.5788685827,
2013-04-23,1379.4519345629,,358.4364804814,1087.1692643528,,,,42821.9614296913,13273.5730124979,6892.4024857388,
2013-04-24,1404.3546365346,,362.4597341891,1070.6291297446,,,,44148.1509442213,13319.2180366124,6986.5461498466,
2013-04-25,1386.4382129441,,367.3433062997,1085.1017475268,,,,44741.4462533531,13332.9115438468,7068.0166284014,
2013-04-26,1374.6066124598,,374.6813162069,1093.0272286933,,,,45168.9678731687,13355.7340559041,7028.1866166635,
2013-05-02,1374.3812486410,,368.0391520668,1106.8106742001,,,,43345.4572906900,13173.6517920199,6972.0625092146,
2013-05-03,1400.9741792534,,373.7450873566,1100.2635375843,,,,44662.9218742033,13232.8285277822,7039.0493471375,
2013-05-06,1413.7072350127,,372.1509679630,1104.7431573741,,,,46283.0474716009,13305.5863478663,7113.2780053763,
2013-05-07,1422.6091058533,,366.8751918746,1099.2297791713,,,,45705.0567179347,13264.6600740690,7004.6507006366,
2013-05-08,1432.6377957876,,367.2420923700,1117.4928444679,,,,46458.1961848330,13337.4178941530,7120.5198256923,
2013-05-09,1420.2427857564,,370.5315450870,1118.5266028809,,,,46379.3792638785,13332.8705303978,7095.1734545864,
2013-05-10,1431.8490224220,,368.9247739521,1124.3845672213,,,,46782.2213043125,13341.9652579083,7124.1407358503,
2013-05-13,1416.0362226161,,361.1186496199,1108.5336048885,,,,46764.7064329893,13287.3968928453,7091.5525444284,
2013-05-14,1396.1572742887,,362.2320028472,1125.0737394967,,,,46134.1710653535,13269.2074378243,7091.5525444284,
2013-05-15,1395.4795828685,,356.5513710397,1119.5603612939,,,,45529.9080047025,13228.2811640270,7015.5134311105,
2013-05-16,1425.9756967798,,351.9461372359,1119.5603612939,,,,45670.0269752883,13210.0917090060,7008.2716107946,
2013-05-17,1452.8574564498,,348.0620526816,1130.9317038371,,,,46396.8941352018,13241.9232552927,7082.5002690334,
2013-05-20,1464.8300048743,,340.9644258577,1138.1680127282,,,,46002.8095304294,13232.8285277822,7042.6702572955,
2013-05-21,1468.1055134055,,353.6288188181,1143.6813909309,,,,46782.2213043125,13278.3021653348,7167.5916577462,
2013-05-22,1469.4608962460,,352.8064556388,1144.3705632063,,,,46922.3402748983,13332.8705303978,7136.8139214033,
2013-05-23,1451.8409193194,,349.4790476982,1149.5393552713,,,,45845.1756885204,13287.3968928453,7049.9120776115,
2013-05-24,1461.5544963430,,352.1738685779,1148.5055968583,,,,46326.8346499089,13323.7758028873,7115.0884604553,
2013-05-27,1453.4221993000,,353.3884357349,1144.0259770686,,,,45985.2946591062,13291.9442566005,7106.0361850604,
2013-05-28,1487.0808731725,,352.2750825076,1146.7826661700,,,,46107.8987583687,13296.4916203558,7122.3302807713,
2013-05-29,1483.6924160713,,351.0352118682,1167.1132482926,,,,45792.6310745508,13314.6810753768,7109.6570952183,
2013-05-30,1482.4499818008,,356.6272814870,1171.5928680823,,,,45906.4777381517,13360.1547129293,7102.4152749024,
2013-05-31,1468.3314105456,,358.7654257531,1183.3087967631,,,,46169.2008079999,13487.4808980763,7125.9511909293,
2013-06-03,1466.6371819949,,353.6414705593,1213.9052547480,,,,46423.1664421866,13555.6913544051,7203.8007593262,
2013-06-04,1447.2100279477,,355.8428735315,1192.8932293849,,,,46493.2259274795,13514.7650806078,7178.4543882202,
2013-06-05,1442.2402908659,,355.0331620934,1203.9521901023,,,,46974.8848888679,13614.8070832234,7234.5784956691,
2013-06-06,1431.5101767119,,352.9962317571,1189.5755411697,,,,46475.7110561562,13560.2387181604,7194.7484839312,
2013-06-07,1398.5291942596,,356.5513710397,1191.7873333131,,,,46607.4947358996,13592.0702644471,7227.3366753531,
2013-06-13,1346.1210577602,,352.0220476833,1185.5205889066,,,,45254.5156238678,13373.7968041950,7169.4021128252,
2013-06-14,1352.8979719627,,350.6430078904,1193.6304934327,,,,45201.8021519705,13341.9652579083,7212.8530347211,
2013-06-17,1353.2368176728,,351.1870327628,1184.7833248588,,,,45430.2271968590,13332.8705303978,7230.9575855111,
2013-06-18,1358.3195033247,,349.1501024265,1186.9951170023,,,,44832.8078486891,13187.3548902297,7241.8203159851,
2013-06-19,1352.5591262526,,347.2649929848,1183.3087967631,,,,44762.5232194926,13223.7338002717,7245.4412261431,
2013-06-20,1317.8606206165,,337.7255801056,1185.8892209305,,,,43681.8970455971,13073.5158259485,7189.3171186942,
2013-06-21,1306.2565302071,,330.5899980579,1157.1359230652,,,,43620.3979950502,13078.0678857765,7160.3498374302,
2013-06-24,1213.3100413393,,325.0232319215,1147.9201224674,,,,42126.8496246256,12977.9225695610,7053.5329877695,
2013-06-25,1201.8197165222,,326.2884060434,1165.2458275913,,,,42680.3410795476,13023.4431678408,7080.6898139544,
2013-06-26,1207.2804649501,,317.6219633082,1161.1908753283,,,,42223.4909897707,12964.2663900771,7060.7748080854,
2013-06-27,1205.3464498819,,316.9261175412,1171.5125719979,,,,42856.0526525388,13009.7869883568,7100.6048198234,
2013-06-28,1233.5603167597,,308.4494509243,1162.6654034240,,,,42680.3410795476,12941.5060909372,7084.3107241124,
2013-07-01,1230.6024113612,,319.3299483728,1148.2887544913,,,,43418.3296861104,13032.5472874967,7151.2975620353,
2013-07-02,1229.4647554388,,322.3663662654,1157.1359230652,,,,44015.7490342803,13073.5158259485,7165.7812026672,
2013-07-03,1220.7048048356,,319.2666896667,1169.3007798544,,,,44411.1000735104,13100.8281849164,7165.7812026672,
2013-07-04,1234.9255038667,,320.6583812008,1167.0889877109,,,,44042.1057702290,13046.2034669806,7125.9511909293,
2013-07-05,1236.4044565660,,317.9382568387,1172.6184680696,,,,43435.9008434095,13018.8911080128,7118.7093706133,
2013-07-08,1210.9209639021,,311.1695752864,1157.5045550892,,,,42926.3372817352,12927.8499114533,7115.0884604553,
2013-07-09,1210.0108391641,,320.5318637886,1192.1559653371,,,,43181.1190625724,12950.6102105931,7129.5721010873,
2013-07-10,1253.6968265879,,318.5075851936,1194.7363895044,,,,42933.9157639112,12982.4746293890,7140.4348315613,
2013-07-11,1320.2496980537,,328.4392020507,1198.7913417675,,,,44761.4544361566,13109.9323045723,7273.7079317298,
2013-07-12,1295.2212677589,,325.2762667459,1199.5286058153,,,,43869.7568231286,13046.2034669806,7254.9370725511,
2013-07-15,1303.4123904008,,327.8698736958,1190.6814372414,,,,44046.3306078867,13059.8596464646,7281.2162754012,
2013-07-16,1311.1484506738,,326.9842518104,1204.3208221262,,,,44364.1634204511,13055.3075866366,7266.1995880583,
2013-07-17,1298.2929387496,,328.1229085202,1205.7953502219,,,,44046.3306078867,13027.9952276687,7258.6912443868,
2013-07-18,1276.1086482610,,324.6436796849,1214.6425187958,,,,43869.7568231286,13014.3390481848,7290.6017049905,
2013-07-19,1233.4114356846,,327.1107692226,1201.3717659349,,,,43737.3264845601,13059.8596464646,7305.6183923335,
2013-07-22,1240.8519687073,,334.3222617176,1196.2109176001,,,,44452.4503128301,13087.1720054324,7429.5060629126,
2013-07-23,1283.7781207613,,336.7893512553,1225.3328474893,,,,44372.9921096890,13123.5884840563,7399.4726882268,
2013-07-24,1277.7112246043,,338.7503711443,1212.4307266523,,,,44611.3667191123,13091.7240652604,7410.7352037340,
2013-07-25,1264.7761441187,,334.0692268932,1202.4776620066,,,,44576.0519621607,13109.9323045723,7384.4560008838,
2013-07-26,1254.5883373646,,336.4097990188,1163.4026674718,,,,44178.7609464552,13073.5158259485,7346.9142825265,
2013-07-29,1238.3336344535,,333.1203463018,1163.0340354479,,,,43348.8641580925,12982.4746293890,7273.7079317298,
2013-07-30,1240.9664384461,,333.3733811261,1164.1399315196,,,,43172.2903733345,12977.9225695610,7290.6017049905,
2013-07-31,1239.1349226252,,336.4097990188,1160.4536112805,,,,43437.1510504715,12900.5375524854,7393.8414304732,
2013-08-01,1284.4649391942,,333.3733811261,1168.1948837827,,,,44161.1035679794,12991.5787490449,7459.5394375985,
2013-08-02,1282.0610746791,,325.2762667459,1158.9790831848,,,,44178.7609464552,12964.2663900771,7468.9248671878,
2013-08-05,1296.8276709857,,332.0449482981,1156.0300269935,,,,44302.3625957858,12964.2663900771,7521.4832728880,
2013-08-06,1304.2682040084,,326.9842518104,1160.4536112805,,,,44302.3625957858,12959.7143302491,7510.2207573808,
2013-08-07,1292.5922906497,,324.0110926239,1151.9750747305,,,,44205.2470141689,12927.8499114533,7461.4165235163,
2013-08-08,1296.5987315081,,326.5414408678,1162.6654034240,,,,45476.5782644266,12973.3705097330,7483.9415545307,
2013-08-09,1309.6482817325,,330.9062915884,1172.2498360457,,,,45485.4069536645,13050.7555268086,7459.5394375985,
2013-08-12,1344.1036731145,,336.5995751370,1181.8342686675,,,,46315.3037420271,13128.1405438842,7480.1873826950,
2013-08-13,1347.6522350176,,338.6238537321,1209.8503024849,,,,46068.1004433659,13132.6926037122,7590.9354518491,
2013-08-14,1344.4470823309,,333.7529333627,1203.9521901023,,,,46112.2438895554,13082.6199456045,7527.1145306416,
2013-08-15,1330.8506513972,,339.1299233809,1223.4896873697,,,,46068.1004433659,13141.7967233682,7547.7624757382,
2013-08-16,1306.0571596945,,344.0641024564,1237.1290722545,,,,46986.2841241076,13178.2132019920,7540.2541320667,
2013-08-19,1330.7363956751,,347.4168138795,1251.1370891633,,,,46677.2800007811,13196.4214413039,7525.2374447238,
2013-08-20,1318.8538005733,,343.1152218649,1256.6665695220,,,,46172.8042783608,13110.0217144311,7405.1039459804,
2013-08-21,1321.9387050709,,345.6455701088,1256.2979374980,,,,46438.3178164767,13128.2111306148,7382.5789149660,
2013-08-22,1319.0823120176,,344.5701721051,1267.7255302394,,,,46686.1304520516,13132.7584846608,7405.1039459804,
2013-08-23,1302.0582094198,,347.6065899978,1261.8274178568,,,,46633.0277444284,13141.8531927527,7376.9476572124,
2013-08-26,1336.7919489481,,352.4142516611,1310.4868450134,,,,47226.0079795540,13173.6846710742,7500.8353277915,
2013-08-27,1335.8779031710,,353.2998735464,1355.0913199069,,,,46748.0836109453,13150.9479008445,7517.7291010523,
2013-08-28,1326.9659568447,,359.6257441560,1345.1382552613,,,,46340.9628525009,13123.6637765689,7506.4665855451,
2013-08-29,1322.3957279594,,355.4506695537,1335.1851906156,,,,46349.8133037714,13050.9061118339,7521.4832728880,
2013-08-30,1315.1976174651,,354.4385302561,1310.8554770373,,,,45986.9448016796,12964.5063849612,7534.6228743131,
2013-09-02,1330.6221399529,,352.4142516611,1348.4559434765,,,,46464.8691702883,13000.8852173287,7495.2040700379,
2013-09-03,1341.9334564440,,351.2123362452,1345.1382552613,,,,46340.9628525009,12982.6958011449,7487.6957263664,
2013-09-04,1338.2772733358,,354.8813411988,1330.3929743047,,,,46040.0475093028,12955.4116768693,7463.2936094342,
2013-09-05,1337.8202504473,,349.8206447111,1320.4399096590,,,,45730.2817148342,12887.2013661803,7468.9248671878,
2013-09-06,1345.4753838301,,346.4679332880,1346.2441513330,,,,45889.5898377038,12923.5801985478,7452.0310939270,
2013-09-09,1390.9491612388,,350.2001969477,1340.3460389504,,,,46279.0096936072,12941.7696147315,7557.1479053275,
2013-09-10,1412.5434927218,,347.9861422343,1320.0712776351,,,,46013.4961554912,12896.2960742722,7482.0644686129,
2013-09-11,1417.2279773292,,345.2660178722,1339.2401428786,,,,46066.5988631144,12905.3907823640,7399.4726882268,
2013-09-12,1430.1388739302,,339.7625104418,1337.3969827591,,,,45500.1699818004,12896.2960742722,7406.9810318982,
2013-09-13,1426.5969465441,,332.3612418286,1372.4170250309,,,,45393.9645665541,12969.0537390071,7386.3330868017,
2013-09-16,1416.4281872743,,334.0692268932,1339.2401428786,,,,45296.6096025782,12909.9381364100,7337.5288529372,
2013-09-17,1394.1483214585,,331.9184308859,1339.2401428786,,,,45544.4222381531,12850.8225338128,7313.1267360049,
2013-09-18,1389.4638368511,,329.4513413482,1337.7656147830,,,,45739.1321661048,12869.0119499965,7307.4954782513,
2013-09-23,1407.4792058173,,334.3855204237,1321.5458057308,,,,46075.4493143850,12887.2013661803,7343.1601106908,
2013-09-24,1395.8490309150,,333.8161920688,1338.1342468069,,,,45801.0853249985,12923.5801985478,7326.2663374300,
2013-09-25,1388.0955809802,,334.5120378359,1344.7696232373,,,,45809.9357762690,12919.0328445018,7328.1434233479,
2013-09-26,1363.1249113372,,335.7139532517,1348.8245755004,,,,46270.1592423366,12950.8643228234,7358.1767980337,
2013-09-27,1367.3437002723,,334.2590030115,1360.9894322895,,,,46332.1124012304,12969.0537390071,7298.1100486620,
2013-09-30,1373.7288943363,,338.3075602016,1367.9934407439,,,,46730.3827084043,13019.0746335124,7296.2329627441,
2013-10-08,1391.0601353671,,335.1446248968,1384.9505138439,,,,46482.5700728294,13055.4534658799,7296.2329627441,
2013-10-09,1400.7519477856,,333.3101224200,1383.1073537244,,,,45880.7393864333,13046.3587577880,7292.4787909084,
2013-10-10,1384.7889626257,,329.8308935848,1367.6248087200,,,,45632.9267508584,13060.0008199258,7292.4787909084,
2013-10-11,1405.8829073013,,326.2251473373,1347.3500474047,,,,45845.9573367406,13155.4952548905,7303.7413064156,
2013-10-14,1407.4792058173,,322.8724359142,1338.5028788308,,,,46387.4100758580,13132.7584846608,7324.3892515121,
2013-10-15,1403.2604168822,,321.6705204984,1333.7106625199,,,,46289.7710573286,13050.9061118339,7307.4954782513,
2013-10-16,1383.3066854322,,325.4660428641,1335.9224546634,,,,46351.9049782110,13019.0746335124,7298.1100486620,
2013-10-17,1374.5270435943,,322.2398488532,1325.6007579938,,,,45979.1014529170,13060.0008199258,7144.1890033970,
2013-10-18,1384.4468986579,,332.9938288896,1336.2910866873,,,,46378.5338014462,13073.6428820636,7174.2223780829,
2013-10-21,1413.9129734368,,332.6775353591,1332.2361344243,,,,46449.5439967403,13082.7375901555,7119.7868864648,
2013-10-22,1402.2182667152,,331.5388786494,1323.0203338264,,,,46298.6473317404,13100.9270063392,7091.6305976968,
2013-10-23,1386.6253244198,,335.3976597212,1331.1302383525,,,,46245.3896852698,13119.1164225230,7061.5972230109,
2013-10-24,1378.9435072595,,336.1567641944,1341.0833029982,,,,45916.9675320347,13119.1164225230,7097.2618554504,
2013-10-25,1353.2610140671,,334.7650726603,1330.0243422808,,,,45402.1436161526,13091.7659365830,7070.9826526003,
2013-10-28,1354.9808238791,,336.2832816066,1319.7026456112,,,,45721.6894949760,13155.5837371096,7074.7368244360,
2013-10-29,1357.6178655908,,336.8526099614,1317.1222214438,,,,45721.6894949760,13182.9342230495,7091.6305976968,
2013-10-30,1371.1470361118,,335.6506945456,1310.1182129895,,,,46227.6371364463,13182.9342230495,7093.5076836146,
2013-10-31,1364.9557207886,,333.0570875957,1310.4868450134,,,,45987.9777273288,13128.2332511696,7055.9659652573,
2013-11-01,1370.9177281369,,331.2858438250,1310.4868450134,,,,46369.6575270345,13164.7005657562,7065.3513948467,
2013-11-04,1366.6755306006,,329.0085304055,1308.4569707181,,,,45890.3387087994,13109.9995938763,7044.7034497501,
2013-11-05,1365.1850287636,,329.0713782623,1308.4569707181,,,,45801.5759646818,13068.9738649664,7052.2117934216,
2013-11-06,1347.6429686812,,328.5057475510,1308.8629455772,,,,45792.6996902701,13037.0649647032,7070.9826526003,
2013-11-07,1346.8403907689,,330.0140961145,1308.0509958591,,,,45703.9369461525,13037.0649647032,7095.3847695325,
2013-11-08,1324.9414791628,,327.3116382716,1307.6450210000,,,,45703.9369461525,13041.6233790265,7136.6806597256,
2013-11-11,1329.5276386615,,322.0324182995,1325.5079147982,,,,45845.9573367406,13041.6233790265,7138.5577456434,
2013-11-12,1337.2094558217,,320.3983740224,1332.0035125430,,,,45695.0606717407,12996.0392357933,7114.1556287112,
2013-11-13,1315.3105442156,,318.5757861749,1338.0931354288,,,,44931.7010723294,12968.6887498533,7097.2618554504,
2013-11-14,1319.3234337770,,321.1525483041,1329.9736382478,,,,44780.8044073294,12964.1303355300,7106.6472850397,
2013-11-15,1346.7830088595,,321.9695704427,1331.5975376840,,,,44452.3822540943,12941.3382639134,7101.0160272861,
2013-11-18,1387.6851374343,,322.0952661563,1314.5465936039,,,,44754.1755840942,12959.5719212067,7082.2451681074,
2013-11-19,1387.4553501951,,318.2615468908,1309.6748952953,,,,44408.0008820355,12932.2214352667,7065.3513948467,
2013-11-20,1396.0723716645,,319.2671125998,1313.3286690267,,,,44898.3522268482,13023.3897217332,7061.5972230109,
2013-11-21,1387.1106693364,,312.6680876347,1314.1406187448,,,,44827.0283948754,12945.8966782367,7050.3347075037,
2013-11-22,1382.8596054114,,312.6680876347,1323.8840153620,,,,44996.4224958107,12927.6630209434,7031.5638483251,
2013-11-25,1373.0936477461,,308.8972162260,1328.3497388116,,,,45023.1689328005,12881.9337566316,6969.6200130355,
2013-11-26,1373.5532222245,,314.4278276254,1331.1915628249,,,,45281.7178237017,12891.0796094940,6979.0054426248,
2013-11-27,1391.5915205005,,312.6680876347,1350.2723812003,,,,45165.8165967460,12877.3608302004,6975.2512707891,
2013-11-28,1406.6425846670,,311.3482826416,1349.0544566231,,,,44951.8451008278,12790.4752280080,6975.2512707891,
2013-11-29,1411.4681166899,,311.8510654961,1355.1440795089,,,,45112.3237227665,12808.7669337328,7009.0388173107,
2013-12-02,1397.9106695780,,313.2965662028,1370.5711241528,,,,45139.0701597562,12790.4752280080,7037.1951060787,
2013-12-03,1408.3659889609,,308.3315855147,1362.0456521127,,,,44728.9581259129,12776.7564487145,7063.5023775033,
2013-12-04,1425.9447127585,,307.8916505170,1367.7293001394,,,,44898.3522268482,12795.0481544392,7084.1723764797,
2013-12-05,1426.8638617152,,311.5996740689,1367.3233252804,,,,45219.3094707256,12849.9232716134,7005.2505622059,
2013-12-06,1417.2127976695,,309.2114555101,1358.7978532403,,,,45388.7035716609,12840.7774187510,7039.0741968947,
2013-12-09,1413.9957763209,,310.1541733622,1373.4129481661,,,,45353.0416556745,12891.0796094940,7055.9860142391,
2013-12-10,1414.3404571797,,313.2965662028,1371.3830738709,,,,45558.0976725962,12955.1005795305,7037.1951060787,
2013-12-11,1390.7872651633,,315.4962411912,1370.9770990118,,,,45558.0976725962,12945.9547266681,7046.5905601589,
2013-12-12,1385.9617331404,,314.3649797686,1358.7978532403,,,,45968.2097064395,12945.9547266681,7084.1723764797,
2013-12-13,1386.8808820972,,307.6402590898,1351.8962806365,,,,45611.5905465757,12891.0796094940,7024.0414703664,
2013-12-16,1358.9617325363,,308.8972162260,1359.2038280994,,,,45834.4775214906,12895.6737219706,6993.9760173097,
2013-12-17,1354.4808813722,,311.7253697825,1374.6308727433,,,,45870.1394374770,12863.5149346341,6965.7896550691,
2013-12-18,1360.4553495910,,308.7715205124,1377.4726967566,,,,45736.4072525280,12877.2972720640,6901.9005673236,
2013-12-19,1344.8298173264,,306.3833019536,1372.6009984480,,,,45504.6047986166,12886.4854970173,6909.4169305878,
2013-12-20,1317.1202544662,,299.5957334180,1371.3830738709,,,,45798.8156055042,12881.8913845407,6922.5705663001,
2013-12-23,1320.2118172647,,301.9211041200,1367.3233252804,,,,45700.7644237875,12831.3561472975,6922.5705663001,
2013-12-24,1319.8683102871,,300.4127555565,1352.3022554955,,,,45843.3843244664,12799.1973599609,6898.1423856915,
2013-12-25,1327.6544684461,,302.8009741153,1368.1352749985,,,,46672.3624971623,12840.5443722508,6930.0869295643,
2013-12-26,1313.3416777126,,302.4238869745,1367.7293001394,,,,46538.6563402759,12803.7914724375,6924.4496571161,
2013-12-27,1332.1200591550,,305.2520405310,1374.2248978842,,,,46699.1037285396,12858.9208221574,6945.1196560926,
2013-12-30,1330.6315289187,,302.9895176858,1360.8277275356,,,,46654.5350095775,12918.6442843539,6973.3060183332,
2013-12-31,1342.5397708091,,300.9155384110,1367.3233252804,,,,46601.0525468229,12895.6737219706,6916.9332938520,
2014-01-02,1334.9826173017,,307.2631719489,1361.6396772537,,,,46948.6885547276,12914.0501718773,6853.0442061065,
2014-01-03,1318.1507753991,,309.7142383645,1355.1440795089,,,,46280.1577702954,12872.6589854289,6783.5178459130,
2014-01-06,1282.8840590315,,310.3427169327,1357.1739538041,,,,46146.4516134090,12789.8766125323,6713.9914857194,
2014-01-07,1281.5100311211,,310.4055647895,1333.2214371202,,,,46226.6753075408,12794.4756332488,6667.0142153183,
2014-01-08,1283.1130636833,,306.4461498104,1339.3110600059,,,,46404.9501833894,12739.2873846510,6674.5305785825,
2014-01-09,1273.0368590068,,306.3833019536,1349.4604314822,,,,45656.1957048253,12697.8961982027,6689.5633051108,
2014-01-10,1269.8307938825,,307.8288026602,1347.4305571869,,,,45780.9881179193,12688.6981567697,6655.7396704221,
2014-01-13,1262.0446357235,,311.0340433576,1334.8453365564,,,,46075.1416630695,12647.3069703214,6620.0369449173,
2014-01-14,1269.6017892308,,311.3482826416,1355.9560292270,,,,46164.2791009938,12656.5050117544,6580.5760377804,
2014-01-15,1266.1667194547,,308.5829769419,1368.9472247166,,,,45861.2118120512,12601.3167631566,6559.9060388039,
2014-01-16,1265.9377148030,,308.8972162260,1374.6308727433,,,,46191.6626079706,12642.7079496049,6606.8833092050,
2014-01-17,1249.6783845296,,309.1486076532,1368.9472247166,,,,46272.0425313023,12656.5050117544,6589.9714918606,
2014-01-20,1241.3820474916,,311.7253697825,1375.8487973204,,,,46263.1114287099,12716.2922810686,6584.3342194125,
2014-01-21,1253.7697288224,,310.9711955008,1366.1054007032,,,,46111.2826846388,12688.6981567697,6480.9842245301,
2014-01-22,1281.1590058933,,307.9544983738,1343.3708085964,,,,46111.2826846388,12665.7030531873,6458.4351347376,
2014-01-23,1275.2492863593,,307.2003240921,1342.1528840193,,,,45914.7984276057,12610.5148045895,6497.8960418745,
2014-01-24,1279.5679275572,,312.0396090666,1338.0931354288,,,,45789.7629913119,12555.3265559918,6520.4451316670,
2014-01-27,1265.4755194378,,313.7365012004,1347.0245823279,,,,45530.7610161319,12472.5441830951,6497.8960418745,
2014-01-28,1267.6348400367,,311.5368262121,1342.5588588783,,,,45548.6232213167,12504.7373281105,6479.1051337141,
2014-01-29,1272.8626688552,,311.1597390712,1342.1528840193,,,,45602.2098368712,12472.5441830951,6497.8960418745,
2014-01-30,1249.6783845296,,311.6625219257,1342.9648337374,,,,45503.9677083546,12490.9402659611,6445.2814990253,
2014-02-07,1258.4293153780,,312.6052397778,1377.4726967566,,,,45575.4165290939,12279.3853130029,6418.9742276007,
2014-02-10,1284.4548110180,,315.3705454775,1383.9682945014,,,,45611.1409394636,12311.5784580183,6512.9287684028,
2014-02-11,1294.1149294870,,317.6330683227,1374.2248978842,,,,45003.8259631794,12201.2019608228,6458.4351347376,
2014-02-12,1297.8653284220,,318.1358511772,1392.0877916824,,,,45236.0346305822,12270.1872715700,6458.4351347376,
2014-02-13,1291.8419604355,,318.7014818885,1387.2160933738,,,,45209.2413228049,12302.3804165854,6417.0951367847,
2014-02-14,1300.3655943787,,322.8494404380,1398.9893642863,,,,45253.8968357670,12371.3657273326,6379.5133204638,
2014-02-17,1310.0257128477,,328.3172039806,1385.5921939376,,,,45611.1409394636,12431.1529966468,6398.3042286243,
2014-02-18,1295.8196562756,,325.6775939945,1387.6220682329,,,,45280.6901435442,12325.3755201678,6332.5360500628,
2014-02-19,1309.3165962404,,325.9918332786,1393.3057162596,,,,45316.4145539139,12366.7667066161,6326.8987776147,
2014-02-20,1294.5720399764,,324.9234197128,1390.0579173872,,,,45093.1369891035,12339.1725823172,6287.4378704778,
2014-02-21,1285.1582079002,,326.2432247058,1376.6607470385,,,,45200.5229077122,12348.3706237502,6283.6796888457,
2014-02-24,1251.1323088295,,328.6314432647,1385.9981687967,,,,44654.6444881180,12256.7994659915,6129.5942419302,
2014-02-25,1216.7661507681,,330.3911832554,1370.5711241528,,,,44314.5890791904,12206.4353292243,6080.7378807131,
2014-02-26,1218.6942850487,,333.0936410982,1373.4845762843,,,,44457.7703040020,12247.6423502157,6078.8587898971,
2014-02-27,1218.2406063945,,329.1342261191,1369.7387092580,,,,44037.1754561180,12238.4852344398,6045.0351552083,
2014-02-28,1232.8717429949,,330.0140961145,1357.2524858373,,,,44099.8172419730,12224.7495607760,6039.3978827602,
2014-03-03,1227.0873401528,,333.7849675232,1368.4900869160,,,,43634.4782613353,12119.4427293536,6067.5842450008,
2014-03-04,1230.4899300599,,331.7738361052,1361.8307677582,,,,43840.3012720020,12146.9140766812,6078.8587898971,
2014-03-05,1219.0345440394,,330.7682703962,1367.6576720213,,,,44189.3055074803,12174.3854240088,6157.7806041708,
2014-03-06,1229.1288940971,,330.2654875417,1367.6576720213,,,,43974.5336702629,12124.0212872415,6195.3624204917,
2014-03-07,1214.2709181695,,333.7849675232,1380.1438954420,,,,43777.6594861469,12114.8641714657,6169.0551490671,
2014-03-10,1169.8104100505,,328.5057475510,1371.8197464948,,,,41764.1735122338,11977.5074348277,6084.4960623452,
2014-03-11,1184.4415466509,,331.1453575371,1373.4845762843,,,,41388.3227971033,12073.2181106768,6131.4733327462,
2014-03-12,1182.8536713609,,335.4818596570,1364.3280124424,,,,39911.7664162337,12077.7757619077,6110.6694442021,
2014-03-13,1193.9687983907,,339.0013396385,1356.4200709426,,,,39831.0459897739,12045.8722032914,6052.0403037594,
2014-03-14,1190.9064674743,,338.7499482112,1344.3500549692,,,,39723.4187544942,11982.0650860586,5838.3276305329,
2014-03-17,1212.1159445617,,342.7093631903,1336.0259060220,,,,39615.7915192145,11936.4885737496,5904.5218213553,
2014-03-18,1199.0726832513,,337.6186867886,1343.1014326271,,,,40270.5238671662,11859.0085028241,5910.1956091400,
2014-03-19,1204.0631484483,,336.4245775092,1371.8197464948,,,,40127.0208867932,11758.7401757441,5927.2169724944,
2014-03-20,1180.4718584260,,332.8422496710,1395.5435709943,,,,40530.6230190922,11676.7024535878,5944.2383358487,
2014-03-21,1236.9856420541,,332.9050975278,1393.8787412049,,,,40512.6851465456,11631.1259412787,5991.5199007218,
2014-03-24,1235.2626608459,,331.0196618235,1386.8032145998,,,,40736.9085533783,11622.0106388169,6046.3665159746,
2014-03-25,1236.2964495708,,328.0029646965,1409.6946242045,,,,41158.4485582239,11740.5095708205,6123.9082823665,
2014-03-26,1236.5261803985,,328.5685954078,1406.3649646256,,,,41382.6719650567,11795.2013855914,6144.7121709107,
2014-03-27,1226.0734277356,,325.9289854218,1404.2839273888,,,,41014.9455778510,11772.4131294369,6167.4073220498,
2014-03-28,1231.9315638434,,325.5518982809,1412.1918688887,,,,41660.7089895294,11881.7967589787,6263.8617143910,
2014-03-31,1231.0126405324,,324.7348761424,1412.6080763360,,,,41965.6528228219,11863.5661540550,6227.9277250874,
2014-04-01,1239.6275465733,,322.9122882949,1459.6395178876,,,,41920.8081414554,11872.6814565168,6127.6908075564,
2014-04-02,1249.1613759251,,323.4779190062,1467.9636668347,,,,41965.6528228219,11922.8156200568,6131.4733327462,
2014-04-03,1240.3167390565,,325.3005068537,1453.8126136245,,,,41677.7855365775,11950.1615274423,6069.0616671137,
2014-04-04,1256.6276278272,,324.2320932879,1465.0502147032,,,,42001.6362336025,11991.1803885205,6093.6480808478,
2014-04-08,1290.6277903352,,329.1342261191,1453.8126136245,,,,42037.6196443830,11968.3921323659,6148.4946961006,
2014-04-09,1284.3101925719,,329.3856175464,1457.9746880981,,,,41722.7648000532,11904.5850151332,6036.9102030000,
2014-04-10,1312.3373535581,,330.7054225394,1453.8126136245,,,,41560.8394515407,11995.7380397514,6021.7801022406,
2014-04-11,1304.8711016561,,330.2026396849,1448.4019168089,,,,42046.6154970782,12091.4487156005,6040.6927281899,
2014-04-14,1305.1008324838,,333.2193368119,1446.7370870194,,,,42082.5989078587,12064.1028082150,6076.6267174934,
2014-04-15,1284.6547888135,,329.0713782623,1447.1532944668,,,,41884.6901485657,12041.3145520605,6035.0189404051,
2014-04-16,1282.4723459498,,326.0546811354,1466.7150444927,,,,41542.8477461504,12018.5262959059,6052.0403037594,
2014-04-17,1280.1750376722,,325.0491154264,1485.0281721765,,,,41866.6984431754,12068.6604594459,6040.6927281899,
2014-04-18,1275.8101519449,,324.4834847151,1492.1036987816,,,,41704.7730946629,12054.9875057532,5968.8247495827,
2014-04-21,1249.4433323791,,322.1581140131,1478.7850604661,,,,41938.6652647365,12032.1992495986,5908.3043465451,
2014-04-22,1254.4874196004,,323.9178540038,1487.9416243080,,,,41767.7440635289,12077.7757619077,5932.8907602791,
2014-04-23,1252.4239293735,,322.9122882949,1476.2878157819,,,,42091.5947605539,12255.5241599132,5908.3043465451,
2014-04-24,1251.3921842601,,322.7865925812,1478.7850604661,,,,42505.4039845302,12428.7149066877,5955.5859114182,
2014-04-25,1245.2017135794,,325.2376589969,1487.5254168606,,,,43108.1261151045,12324.3481878656,5951.8033862284,
2014-04-28,1228.6937917643,,329.4484654032,1527.0651243597,,,,43153.1053785802,12283.5090370221,5889.3917205959,
2014-04-29,1238.5526895150,,326.7460075603,1518.3247679652,,,,42856.2422396407,12179.1423182000,5895.0655083806,
2014-04-30,1230.6426436453,,327.2487904148,1528.3137467018,,,,42865.2380923358,12097.4640165131,5864.8053068619,
2014-05-05,1236.1452842503,,330.9568139667,1505.4223370970,,,,42883.2297977261,11988.5596142639,5774.0247023055,
2014-05-06,1229.3816218400,,330.9568139667,1498.7630179393,,,,42784.2754180795,11970.4088805557,5734.3081878120,
2014-05-07,1224.3375346187,,330.2687540624,1495.0171509131,,,,42532.3915426157,11884.1928954418,5730.5256626222,
2014-05-08,1225.1400030402,,325.5774365331,1496.6819807025,,,,42469.4205737497,11847.8914280254,5664.3314717998,
2014-05-09,1225.4839180781,,325.2021311307,1495.4333583604,,,,42946.2007665920,11961.3335137016,5734.3081878120,
2014-05-12,1248.8701406494,,324.9519275292,1512.9140711495,,,,43602.8980133372,11965.8711971287,5768.3509145207,
2014-05-13,1241.8772015472,,325.7650892342,1510.4168264653,,,,43748.2107332316,11947.7204634205,5806.1761664192,
2014-05-14,1241.3040098175,,326.2654964374,1531.2271988333,,,,44047.9182180140,11925.0320462852,5862.9140442669,
2014-05-15,1230.2486999611,,327.6416162460,1540.3837626752,,,,44202.3129829019,11897.8059457229,5842.1101557228,
2014-05-16,1226.6787561533,,325.8901910350,1536.6378956490,,,,43784.5389132053,11861.5044783065,5845.8926809126,
2014-05-19,1208.9441965919,,326.8910054413,1539.9675552278,,,,44456.6102427172,11925.0320462852,5976.3897999624,
2014-05-20,1208.8290371142,,325.2646820311,1560.7779275958,,,,44329.4616128096,11911.4189960041,5951.8033862284,
2014-05-21,1220.2298254037,,325.8276401346,1558.6968903590,,,,43611.9800583306,11866.0421617336,6052.0403037594,
2014-05-22,1217.3508384619,,326.5157000389,1596.1555606213,,,,43829.9491381723,11915.9566794311,6057.7140915442,
2014-05-23,1234.0489627242,,326.5157000389,1601.1500499896,,,,44229.5591178821,12192.7553684811,6144.7121709107,
2014-05-26,1236.9279496660,,326.0778437362,1609.0579914894,,,,44620.0870525985,12215.4437856164,6188.2112105940,
2014-05-27,1233.4731653359,,324.1387658241,1578.2586403848,,,,44356.7077477898,12147.6053343819,6110.6694442021,
2014-05-28,1251.6683628079,,319.1972446932,1579.5072627269,,,,44438.4461527304,12188.3084051226,6163.6247968600,
2014-05-29,1239.9220960855,,315.6943942714,1600.7338425422,,,,44020.6720830338,12115.9473904725,6205.2325739483,
2014-05-30,1236.6976307107,,316.8828613788,1604.0635021211,,,,44175.0668479217,12238.0566026945,6190.1024731889,
2014-06-03,1231.7457731708,,314.3808253631,1597.8203904107,,,,44220.4770728887,12192.8309685382,6197.6675235686,
2014-06-04,1223.6846097338,,314.5059271639,1586.9989967794,,,,43702.8005082646,12088.8120099787,6299.7957036946,
2014-06-05,1237.7340660097,,314.1931726620,1565.7724169641,,,,43884.4414081327,12120.4699538881,6392.4675708459,
2014-06-06,1223.9149286892,,317.1956158807,1554.9510233327,,,,43829.9491381723,12143.0827709663,6418.9452471748,
2014-06-09,1225.4120018989,,316.3824541756,1567.8534542009,,,,43021.6471337592,12369.2109417478,6401.9238838205,
2014-06-10,1242.3404451166,,316.0071487733,1559.5293052537,,,,43121.5496286867,12314.9401807602,6411.3801967951,
2014-06-11,1238.6553418311,,318.0087775858,1561.7667934965,,,,43466.6673384361,12333.0304344228,6377.3374700865,
2014-06-12,1238.1947039204,,317.3832685819,1578.7717041420,,,,43103.3855386999,12174.7407148757,6452.9879738835,
2014-06-13,1253.6260739283,,319.9478554979,1568.4792582250,,,,43348.6007535218,12183.7858417070,6619.4190822369,
2014-06-16,1259.0385693789,,322.6375442147,1586.3791641677,,,,43621.0621033240,12165.6955880444,6774.5026150207,
2014-06-17,1251.2077248972,,318.5717356893,1569.8217511707,,,,43766.3748232185,12174.7407148757,6668.5919097049,
2014-06-18,1246.1407078797,,319.0095919921,1569.3742535222,,,,43711.8825532580,12111.4248270569,6626.9841326165,
2014-06-19,1229.4070162106,,322.5749933143,1575.6392206021,,,,43648.3082383042,12174.7407148757,6662.9181219201,
2014-06-20,1230.6764686821,,330.9568139667,1583.6941782763,,,,44284.0513878425,12269.7145466039,6710.1996867932,
2014-06-23,1225.1370397158,,332.5205864764,1600.2515912732,,,,45001.5329423215,12219.9663490320,6704.5258990085,
2014-06-24,1230.3302543717,,331.8950774725,1587.7216571134,,,,44865.3022674204,12192.8309685382,6736.6773631222,
2014-06-25,1226.7527064976,,330.8942630663,1587.2741594648,,,,44901.6304473941,12229.0114758633,6721.5472623628,
2014-06-26,1232.2921354639,,330.6440594647,1586.8266618162,,,,45255.8302021369,12224.4889124476,6935.2599355893,
2014-06-27,1236.2158976484,,331.7074247713,1591.3016383019,,,,45191.9482074978,12179.5128678838,6969.3026622979,
2014-06-30,1243.0247790862,,330.1436522616,1574.7442253049,,,,45246.7042029027,12121.0440099508,6986.3240256523,
2014-07-01,1244.1788267875,,332.2703828749,1510.7520615600,,,,45976.7841416345,12228.9865169040,6967.4113997030,
2014-07-02,1248.2179937421,,332.7082391776,1501.3546109401,,,,45922.0281462296,12179.5128678838,6795.3065035649,
2014-07-03,1250.6414939148,,331.7699756717,1501.3546109401,,,,46633.8560864931,12291.9529792934,6863.3919569822,
2014-07-04,1250.1798748343,,331.9576283729,1498.2221274001,,,,46889.3840650492,12305.4457926625,6916.3473096400,
2014-07-07,1248.2179937421,,328.8926342538,1469.5822778919,,,,46405.7061056394,12197.5032857093,6808.5453417293,
2014-07-08,1250.4106843746,,330.4564067635,1479.4272261603,,,,46706.8640803663,12287.4553748370,6731.0035753374,
2014-07-09,1230.3302543717,,331.8325265721,1455.2623531377,,,,46478.7140995126,12287.4553748370,6678.0482226795,
2014-07-10,1230.9072782223,,332.8333409784,1451.6823719492,,,,46150.1781270833,12273.9625614678,6623.2016074267,
2014-07-11,1233.6769927055,,335.7732332967,1444.9699072207,,,,46460.4621010443,12242.4793302732,6723.4385249577,
2014-07-14,1247.7563746615,,330.6440594647,1439.5999354379,,,,46241.4381194248,12269.4649570115,6704.5258990085,
2014-07-15,1248.1025889719,,328.3296761503,1440.9424283836,,,,46214.0601217223,12305.4457926625,6738.5686257171,
2014-07-16,1248.3333985122,,325.2646820311,1458.3948366777,,,,46031.5401370394,12359.4170461391,6850.1531188177,
2014-07-17,1243.9480172472,,327.1412090428,1454.8148554892,,,,45556.9881768637,12413.3882996157,6884.1958455263,
2014-07-18,1250.6414939148,,329.3304905565,1451.2348743006,,,,45392.7201906491,12471.8571575487,6933.3686729944,
2014-07-21,1249.8304423624,,329.3930414569,1428.8599918723,,,,45219.3262052003,12588.7948734146,6897.4346836908,
2014-07-22,1266.6307959493,,327.8918198475,1434.2299636551,,,,45529.6101791613,12705.7325892806,7073.3221050188,
2014-07-23,1269.0639506067,,327.6416162460,1412.3025788754,,,,45639.1221699711,12755.2062383008,7077.1046302087,
2014-07-24,1297.9142129733,,325.2646820311,1439.1524377893,,,,46223.1861209565,12651.8342356648,6942.8249859690,
2014-07-25,1317.7270437552,,323.3881550194,1436.9149495465,,,,46579.1000910882,12782.1728476841,6957.9550867284,
2014-07-28,1353.5291765715,,326.3905982381,1456.0055240544,,,,46204.9341224882,12741.7229336091,6948.4987737538,
2014-07-29,1352.9498540340,,326.4531491385,1474.1648510254,,,,46350.9501102346,12701.2730195342,7010.9104393863,
2014-07-30,1349.1263252867,,324.9519275292,1466.2492469611,,,,45894.6501485272,12588.9121471038,6997.6716012218,
2014-07-31,1373.4578718609,,324.0136640233,1457.4023953599,,,,46214.0601217223,12714.7563242258,6954.1725615385,
2014-08-01,1357.1209763039,,321.0112208046,1445.2961773793,,,,46232.3590962310,12615.8787564871,6993.8890760320,
2014-08-04,1382.4953034456,,323.8885622225,1451.8149101381,,,,45948.7249913462,12570.9344075149,6959.8463493233,
2014-08-05,1371.8357687559,,322.8877478163,1457.8680191284,,,,46268.9570452484,12683.2952799453,6940.9337233741,
2014-08-06,1368.3598335310,,322.6375442147,1456.9367715914,,,,45491.2506286287,12615.8787564871,6973.0851874878,
2014-08-07,1352.3705314966,,325.8901910350,1469.5086133405,,,,45518.6990903917,12660.8231054592,7025.4387003017,
2014-08-08,1354.8036861540,,328.8300833534,1476.4929698678,,,,45482.1011413743,12660.8231054592,7073.7650198223,
2014-08-11,1367.2011884561,,325.9527419354,1471.3711084144,,,,45646.7919119526,12701.2730195342,7154.3088856899,
2014-08-12,1370.5612591735,,326.5157000389,1455.0742765175,,,,45555.2970394091,12737.2284987119,7083.8330030557,
2014-08-13,1366.5060014111,,326.5782509393,1448.5555437587,,,,45106.9721639460,12723.7451940202,7001.2755405415,
2014-08-14,1353.1201969724,,327.3288617440,1429.9305930192,,,,44759.2916482807,12678.8008450481,7001.2755405415,
2014-08-15,1372.0449549720,,327.0161072420,1441.1055634629,,,,44750.1421610263,12593.4065820010,6898.5821115603,
2014-08-18,1371.0064011793,,323.8885622225,1446.6930486847,,,,44805.0390845524,12606.8898866926,6896.5685149136,
2014-08-19,1369.9678473866,,322.9502987167,1449.4867912956,,,,45189.3175492351,12714.7563242258,6934.8268512007,
2014-08-20,1364.1981040941,,322.4498915135,1437.3805733150,,,,45317.4103707960,12728.2396289175,6900.5957082069,
2014-08-21,1358.6591505332,,318.4466338885,1439.2430683889,,,,45957.8744786005,12894.5337201145,6940.8676411407,
2014-08-22,1368.6985038623,,319.1346937928,1439.2430683889,,,,46442.7973030811,12881.0504154228,6862.3373719198,
2014-08-25,1354.7357250943,,318.4466338885,1435.9837020095,,,,46360.4519177919,12845.0949362451,6876.4325484467,
2014-08-26,1348.7351920700,,321.5116280077,1418.7556225756,,,,46305.5549942658,12917.0058946006,6842.2014054529,
2014-08-27,1347.8120331432,,320.1980590995,1423.8774840289,,,,46021.9208893810,12970.8267524947,6765.6847328787,
2014-08-28,1344.6963717652,,320.6359154022,1417.8243750386,,,,45976.1734531092,12957.3715380212,6733.4671865317,
2014-08-29,1356.8128326796,,321.1988735057,1423.8774840289,,,,45546.1475521548,13011.1923959154,6787.8342959923,
2014-09-01,1355.6588840211,,320.4482627010,1417.3587512701,,,,45463.8021668656,13105.3788972302,6749.5759597052,
2014-09-02,1378.6224623255,,317.4458194823,1423.4118602604,,,,45638.5214713095,13356.5429007363,6818.0382456927,
2014-09-03,1391.4312924350,,315.6318433710,1416.4275037331,,,,45684.5002356368,13343.0876862627,6689.1680603045,
2014-09-04,1411.0484196297,,315.8194960721,1396.4056816883,,,,45518.9766840584,13361.0279722275,6721.3856066515,
2014-09-05,1425.2419881294,,314.5059271639,1374.5213645694,,,,45822.4365286188,13392.4234726657,6707.2904301247,
2014-09-09,1417.9721115808,,312.3166456503,1369.8651268846,,,,45371.8446382110,13253.3862564391,6638.8281441372,
2014-09-10,1408.6251274468,,312.1915438495,1356.8276613670,,,,44939.6442535340,13091.9236827566,6552.2434883296,
2014-09-11,1395.1239281422,,310.4401186385,1352.1714236821,,,,44314.3330586823,13029.1326818801,6479.7540090487,
2014-09-12,1407.3557839225,,308.0631844237,1366.1401367367,,,,44682.1631733010,13056.0431108272,6485.7947989888,
2014-09-15,1403.7785430811,,307.3751245194,1358.2245326725,,,,44489.0523631262,12912.5208231094,6449.5500593484,
2014-09-16,1381.3919391059,,308.3133880253,1365.6745129682,,,,44792.5122076866,12809.3641788122,6417.3325130013,
2014-09-17,1385.8923388741,,308.8137952284,1371.2619981900,,,,45500.5851783275,12912.5208231094,6463.6452358752,
2014-09-18,1388.0848413253,,305.6236993085,1363.8120178943,,,,45160.3423223052,12773.4836068828,6369.0061934808,
2014-09-19,1403.8402367902,,304.8730885038,1332.6152254057,,,,44847.6867248794,12755.5370194478,6320.6798739602,
2014-09-22,1373.8244833863,,301.8706452850,1294.8997001584,,,,44084.4392370457,12553.6379108037,6217.9864449790,
2014-09-23,1382.2196941084,,302.4961542889,1301.4184329172,,,,44277.5500472205,12638.8842011201,6205.9048650989,
2014-09-24,1419.3656264819,,304.7479867030,1289.7778387051,,,,44314.3330586823,12643.3708479788,6228.0544282125,
2014-09-25,1411.4304273062,,301.0574835800,1289.3122149366,,,,44267.9791538092,12611.9643199675,6324.7070672536,
2014-09-26,1409.2453724607,,305.4985975077,1272.0841355026,,,,44397.7700874539,12598.5043793912,6362.9654035407,
2014-09-29,1411.7754359660,,303.8722740975,1254.8560560687,,,,44166.0005630884,12504.2847953573,6222.0136382724,
2014-09-30,1410.6254070999,,303.8097231971,1270.6872641972,,,,44527.5610210986,12576.0711450974,6187.7824952787,
2014-10-08,1428.1058458639,,303.1842141932,1293.9684526214,,,,44212.3544679615,12513.2580890748,5851.5118552814,
2014-10-09,1423.1607217399,,305.1858430057,1301.4184329172,,,,44295.7914967331,12459.4183267698,5845.4710653413,
2014-10-10,1420.1706466882,,303.9973758983,1279.0684920299,,,,43795.1693241036,12324.8189210070,5654.1793839058,
2014-10-13,1411.3154244196,,306.6870646151,1292.5715813160,,,,44360.6869635554,12401.0919176059,5609.8802576786,
2014-10-14,1402.2301963777,,306.3743101132,1321.9058787306,,,,44592.4564879209,12387.6319770296,5704.5193000730,
2014-10-15,1411.6604330794,,304.2475794999,1317.2496410457,,,,44805.6844503372,12374.1720364534,5704.5193000730,
2014-10-16,1406.8303118420,,307.2500227186,1320.0433836566,,,,43971.3141626214,12257.5192181257,5573.6355180382,
2014-10-17,1401.8851877179,,307.5002263202,1326.0964926469,,,,43340.9010563473,12203.6794558206,5577.6627113316,
2014-10-20,1407.2761715031,,307.5002263202,1319.5777598881,,,,43637.5660475351,12387.6319770296,5605.8530643852,
2014-10-21,1399.0176431513,,309.0014479296,1327.0277401839,,,,43497.3425062512,12338.2788615833,5662.2337704925,
2014-10-22,1392.8237468875,,308.9388970292,1337.7370868591,,,,44002.1472548731,12342.7655084421,5654.1793839058,
2014-10-23,1379.6330418811,,307.6878790214,1335.4089680167,,,,44048.8884353011,12374.1720364534,5666.2609637859,
2014-10-24,1374.4714616613,,304.9981903046,1363.8120178943,,,,44301.2908096120,12374.1720364534,5740.7640397135,
2014-10-27,1365.5247226135,,304.2475794999,1357.7589089040,,,,43983.4507827019,12338.4730186778,5718.6144765999,
2014-10-28,1391.2179219302,,303.4344177948,1375.4526121064,,,,44441.5143508959,12338.4730186778,5640.0842073789,
2014-10-29,1409.4555053737,,303.9348249979,1393.6119390774,,,,44656.5237808644,12356.3225275656,5686.3969302528,
2014-10-30,1416.3376123336,,297.8673876600,1399.1994242992,,,,44413.4696426391,12369.7096592314,5662.2337704925,
2014-10-31,1447.0776900875,,292.0501539237,1408.0462759004,,,,44665.8720169500,12494.6562214459,5617.9346442654,
2014-11-03,1440.1955831277,,287.6090399960,1380.5744735598,,,,44217.1566848417,12476.8067125581,5478.9964756437,
2014-11-04,1440.0808813450,,287.6090399960,1357.7589089040,,,,44591.0861282653,12615.1404064384,5400.4662064228,
2014-11-05,1442.4896187809,,280.9436366432,1338.6683343961,,,,43544.0836866792,12316.1611325681,5382.3438366026,
2014-11-06,1443.6366366076,,281.4419845575,1363.3463941258,,,,43759.0931166478,12378.6344136753,5442.7517360033,
2014-11-07,1431.7076512105,,282.1895064288,1378.2463547173,,,,44114.3260879002,12356.3225275656,5507.1868286974,
2014-11-10,1470.9356608816,,289.1040837386,1387.0932063186,,,,44413.4696426391,12280.4621147925,5692.4377201929,
2014-11-11,1462.1036236165,,284.1828980857,1364.2776416628,,,,44076.9331435578,12240.3007197950,5638.0706107323,
2014-11-12,1482.0617338000,,288.7303228030,1398.7338005307,,,,44235.8531570129,12258.1502286828,5704.5193000730,
2014-11-13,1474.3767143615,,286.8615181246,1393.1463153089,,,,44310.6390456976,12289.3868692364,5815.2671156410,
2014-11-14,1478.6206803201,,284.8681264677,1363.8120178943,,,,44086.2813796434,12195.6769475756,5748.8184263002,
2014-11-17,1472.1973804909,,294.0252693916,1355.8964138300,,,,44525.6484756662,12271.5373603486,5682.3697369594,
2014-11-18,1459.5801843979,,294.0875628809,1354.0339187561,,,,44506.9520034950,12249.2254742389,5706.5328967197,
2014-11-19,1454.5435968272,,295.0219652200,1328.4246114894,,,,44245.2013930985,12226.9135881292,5865.6070318082,
2014-11-20,1461.2972028879,,291.9072907561,1329.8214827948,,,,44376.0766982967,12235.8383425731,5915.9469479755,
2014-11-21,1489.6852419225,,294.7727912629,1338.6683343961,,,,44478.9072952382,12293.8492464583,5917.9605446222,
2014-11-24,1530.6647498838,,297.0153568769,1328.8902352579,,,,44684.5684891212,12311.6987553461,5871.6478217483,
2014-11-25,1559.2817247171,,297.2645308340,1337.2714630906,,,,44703.2649612924,12316.1611325681,5879.7022083351,
2014-11-26,1571.4153220464,,296.8907698984,1333.5464729427,,,,43955.4060744452,12284.9244920145,5854.6999310495,
2014-11-27,1576.6808454157,,296.3301284949,1342.3933245439,,,,44078.0547713689,12280.4621147925,5808.8624226925,
2014-11-28,1617.4314175784,,294.0875628809,1351.7057999137,,,,43389.3351655663,12244.7630970170,5558.8396498363,
2014-12-01,1607.8161140344,,285.7402353176,1320.9746311936,,,,42021.3304691090,12062.4037483146,5373.4060933013,
2014-12-02,1680.3887622116,,299.4448029588,1331.6839778688,,,,42832.6987718354,12035.7170143581,5390.0742781583,
2014-12-03,1714.8435999109,,298.3858136410,1320.0433836566,,,,42672.3120143197,11906.7311335686,5481.7492948723,
2014-12-04,1829.0825634455,,299.8185638944,1307.9371656760,,,,43200.6448626067,11982.3435464452,5535.9208956578,
2014-12-05,1821.7566178882,,299.3825094695,1322.3715024991,,,,43483.6803170461,11955.6568124888,5487.9998641937,
2014-12-08,1904.2879733074,,296.7038894305,1339.5995819330,,,,43313.8590443824,11893.3877665904,5312.9839231943,
2014-12-09,1798.8630380215,,301.5004881049,1344.2558196179,,,,43342.1625898264,11835.5665096847,5223.3924295875,
2014-12-10,1848.4276384328,,309.0380003076,1380.1088497913,,,,43644.0670745618,11853.3576656557,5275.4805072659,
2014-12-11,1835.9506374055,,305.7364453758,1372.1932457270,,,,43596.8944988219,11862.2532436412,5242.1441375517,
2014-12-12,1840.5293533788,,304.9889235045,1370.7963744216,,,,43757.2812563376,11920.0745005468,5242.1441375517,
2014-12-15,1856.6693271848,,305.1758039723,1374.9869883379,,,,44068.6202562209,11969.0001794670,5279.6475534802,
2014-12-16,1901.7696795221,,299.7562704052,1352.6370474506,,,,43285.5554989385,11871.1488216267,5152.5526439449,
2014-12-17,1925.1211309861,,299.8808573837,1334.4777204797,,,,43059.1271353869,11773.2974637864,5042.1259192668,
2014-12-18,1930.6521346377,,301.1267271693,1334.4777204797,,,,43068.5616505349,11564.2513811275,5019.2071650883,
2014-12-19,1937.5105791657,,302.1234229977,1344.7214433864,,,,43296.9411201798,11670.6300829853,5015.0401188740,
2014-12-22,1880.2093813348,,301.6873685728,1334.0120967112,,,,43734.6684369992,11785.8736766647,5098.3810431594,
2014-12-23,1832.4215097848,,297.2022373448,1325.1652451100,,,,43420.6466662375,11670.6300829853,4992.1213646955,
2014-12-24,1802.5540900660,,297.1399438555,1318.6465123512,,,,43420.6466662375,11648.4678534316,4975.4531798385,
2014-12-25,1870.0323346158,,296.5793024520,1321.9058787306,,,,43420.6466662375,11630.7380697887,4950.4509025528,
2014-12-26,1926.4485718625,,298.3858136410,1332.6152254057,,,,43306.4569314150,11666.1976370746,4969.2026105171,
2014-12-29,1921.8025287951,,301.0021401907,1349.3776810712,,,,42849.6979921252,11608.5758402350,5010.8730726598,
2014-12-30,1926.2273317164,,299.0087485338,1352.6370474506,,,,43097.1090842405,11590.8460565920,5035.8753499454,
2014-12-31,1987.4002321034,,301.0644336800,1335.8745917851,,,,43582.4154572360,11577.5487188598,5052.5435348025,
2015-01-05,2030.6526806591,,301.6873685728,1306.0746706021,,,,42897.2770483012,11431.2780038052,4890.0287324459,
2015-01-06,2022.5774153278,,304.5528690796,1326.5621164154,,,,42630.8343337155,11386.9535446978,4896.2793017673,
2015-01-07,2026.1172576648,,305.5495649080,1330.7527303318,,,,42488.0971651874,11311.6019642152,4817.1054236962,
2015-01-08,1970.1435007103,,304.6151625688,1333.5464729427,,,,42516.6445988931,11351.4939774119,4844.1912240890,
2015-01-09,1951.3380882948,,305.4249779294,1318.1808885827,,,,42107.4647157793,11395.8184365193,4825.4395161247,
2015-01-12,1956.6478518003,,308.6642393719,1320.9746311936,,,,41831.5061899584,11320.4668560367,4812.9383774819,
2015-01-13,1952.2230488790,,310.2215766038,1296.7621952324,,,,40813.3143877915,11302.7370723937,4696.2610834824,
2015-01-14,1938.1742996039,,308.8511198397,1266.0310265123,,,,39195.6264778067,11187.4934787144,4687.9269910538,
2015-01-15,2004.9888237156,,307.4183695863,1278.6028682614,,,,38938.6995744562,11382.5210987871,4787.9361001963,
2015-01-16,1996.0622799245,,316.0148711067,1261.8404125959,,,,39052.8893092787,11364.7913151441,4781.6855308749,
2015-01-19,1805.0124707367,,321.2475242060,1248.3373233099,,,,39747.5435294486,11386.9535446978,4854.6088396246,
2015-01-20,1847.5768441797,,320.9983502489,1242.7498380880,,,,39252.7213452180,11324.8993019474,4827.5230392319,
2015-01-21,1930.0929441024,,326.6670577732,1253.9248085317,,,,39262.2371564532,11324.8993019474,4900.4463479816,
2015-01-22,1938.3663261527,,322.7425679487,1256.2529273741,,,,39547.7114935093,11369.2237610549,4967.1190874099,
2015-01-23,1957.8523180869,,325.6703619448,1248.3373233099,,,,39024.3418755731,11360.3588692334,4960.8685180885,
2015-01-26,1974.0725013171,,325.9195359019,1245.0779569305,,,,37587.8630335274,11324.8993019474,4819.1889468033,
2015-01-27,1945.6599655917,,323.8015572664,1254.8560560687,,,,38555.0921205048,11382.5210987871,4835.8571316604,
2015-01-28,1917.9005916072,,324.9228400734,1252.9935609947,,,,38009.2301605275,11351.6382896043,4862.9429320532,
2015-01-29,1901.5715480869,,323.0540353951,1250.6654421523,,,,37654.8987128229,11320.7554804216,4823.3559930176,
2015-01-30,1866.5185346632,,317.7590888065,1254.3904323002,,,,37434.6386237092,11303.1081608886,4775.4349615535,
2015-02-02,1848.9920279514,,322.8048614380,1240.8873430141,,,,38583.8216973457,11369.2856091373,4767.1008691250,
2015-02-03,1880.7792326710,,323.1786223736,1252.9935609947,,,,39033.9184011867,11611.9362527161,4921.2815790530,
2015-02-04,1846.2705206980,,319.3787195277,1266.4966502808,,,,39416.9794257322,11669.2900411984,4952.5344256600,
2015-02-05,1826.2402273131,,320.8114697811,1264.6341552068,,,,39263.7550159140,11678.1137009649,4912.9474866244,
2015-02-06,1820.4706319359,,319.8147739526,1268.8247691232,,,,39905.3822320277,11788.4094480462,4985.8707953741,
2015-02-09,1837.6705577773,,313.2116640892,1274.4122543450,,,,39512.7446818686,11678.1137009649,4954.6179487671,
2015-02-10,1870.9818065588,,314.0214794498,1273.0153830396,,,,39570.2038355504,11607.5244228329,4915.0310097315,
2015-02-11,1876.2071004853,,312.4641422178,1277.6716207244,,,,39359.5202720504,11501.6405056348,4904.6133941959,
2015-02-12,1880.9969532513,,308.7888263505,1276.7403731875,,,,39369.0967976640,11461.9340366856,4896.2793017673,
2015-02-13,1886.3866293351,,310.7822180073,1300.9528091487,,,,40336.3258846414,11541.3469745841,4981.7037491599,
2015-02-16,1910.5323781906,,311.8412073251,1303.2809279912,,,,40432.0911407778,11523.6996550511,5081.7128583024,
2015-02-17,1917.6467506212,,310.2215766038,1307.9371656760,,,,40412.9380895505,11523.6996550511,5112.9657049094,
2015-02-25,1879.8112245128,,306.8577281828,1321.4402549621,,,,40298.0197821869,11461.9340366856,5040.0423961597,
2015-02-26,1947.0743820388,,307.0446086507,1327.4933639524,,,,40884.6973971543,11453.1103769191,5142.1350284093,
2015-02-27,1933.3846047859,,307.2937826078,1359.1557802094,,,,41096.2860451753,11408.9920780866,5108.7986586951,
2015-03-02,1943.6249893452,,310.5953375395,1358.2063175617,,,,41548.3163386748,11523.3899932544,5183.8054905520,
2015-03-03,1907.7297466270,,307.7921305220,1338.7423332835,,,,40913.5503946117,11457.3911960422,5281.7310765873,
2015-03-04,1904.2803539333,,307.3560760971,1337.3181393119,,,,40836.6090680586,11413.3919979007,5231.7265220161,
2015-03-05,1889.9438155504,,306.0479128222,1320.2278116530,,,,40875.0797313351,11417.7919177149,5056.7105810167,
2015-03-06,1881.1047467729,,305.2380974616,1311.2079164996,,,,40586.5497567610,11386.9924790158,5019.2071650883,
2015-03-09,1921.0961433148,,298.8841615553,1323.0761995961,,,,40682.7264149524,11386.9924790158,4948.3673794457,
2015-03-10,1901.3699288481,,295.8940740699,1322.6014682722,,,,40615.4027542184,11364.9928799451,4929.6156714815,
2015-03-11,1909.1310624088,,296.8284764091,1339.6917959312,,,,40471.1377669313,11351.7931205027,4900.4463479816,
2015-03-12,1935.9716493062,,297.0153568769,1347.7622284368,,,,40932.7857262500,11545.3895923252,4962.9520411957,
2015-03-13,1952.5718516443,,295.5203131343,1333.9950200449,,,,41202.0803691858,11536.5897526969,4917.1145328387,
2015-03-16,2001.6179040070,,296.5170089627,1322.1267369484,,,,41173.2273717284,11527.7899130686,4815.0219005891,
2015-03-17,2029.2130455562,,294.3367368380,1320.2278116530,,,,40807.7560706012,11518.9900734403,4869.1935013746,
2015-03-18,2055.0834907585,,291.0974753955,1306.4606032610,,,,40028.7251392510,11562.9892715818,4769.1843922321,
2015-03-19,2064.1381465793,,296.2055415163,1317.8541550337,,,,40124.9017974424,11694.9868660062,4844.1912240890,
2015-03-20,2098.5154603207,84.2692536010,295.7694870914,1316.4299610621,,,,40432.6671036548,11672.9872669355,4846.2747471961,
2015-03-23,2138.7829680053,84.2084971096,299.1333355124,1331.6213634256,,,,42019.5819638125,11686.1870263779,4906.6969173030,
2015-03-24,2122.3975193996,84.1217021219,300.3792052979,1337.7928706357,,,,42231.1706118335,11703.7668489073,5006.7060264455,
2015-03-25,2116.0789477150,84.0609456304,300.4414987872,1328.7729754824,,,,42067.4465752540,11703.7668489073,4892.1122555531,
2015-03-26,2106.5475429705,83.6443296893,303.8676406975,1319.7530803291,,,,42308.2172172827,11690.5819820103,4940.0332870172,
2015-03-27,2134.1779072861,83.7484836746,303.0578253369,1320.7025429768,,,,42154.1240063844,11716.9517158043,4796.2701926249,
2015-03-30,2217.1760946680,83.4620602150,299.5070964480,1311.6826478235,,,,42211.9089604712,11699.3718932749,4694.1775603752,
2015-03-31,2161.0586105543,83.0194057775,296.3301284949,1306.9353345849,,,,41749.6293277761,11752.1113608629,4702.5116528038,
2015-04-01,2207.6446899235,83.4056434730,296.9530633877,1326.3993188631,,,,41662.9518966458,11752.1113608629,4700.4994526956,
2015-04-02,2198.7558517910,83.6009321954,302.6840644012,1328.2982441586,,,,41913.3533643557,11752.1113608629,4716.5970535610,
2015-04-03,2252.1959750214,83.3318677334,301.1890206586,1316.4299610621,,,,41682.2135480081,11756.5063164953,4748.7922552918,
2015-04-07,2270.2949345924,83.2624317432,303.8676406975,1314.0563044428,,,,41874.8300616311,11787.2710059216,4921.8414645948,
2015-04-08,2274.4716175703,82.5941103376,303.6807602297,1311.6826478235,,,,41855.5684102688,11765.2962277599,5072.7564727079,
2015-04-09,2263.0125129899,82.6852450747,299.6316834266,1285.5724250112,,,,41711.1060250516,11651.0273813192,5074.7686728161,
2015-04-10,2343.7617172298,82.6201488339,299.3202159802,1273.2294105909,,,,41922.9841900368,11659.8172925839,4978.1830676237,
2015-04-13,2367.3224930027,83.0020467800,302.3103034656,1277.9767238295,,,,42067.4465752540,11519.1787123492,5004.3416690299,
2015-04-14,2364.9664154254,82.9499697873,299.1956290017,1279.8756491249,,,,41277.7188693999,11444.4644665995,5191.4762790902,
2015-04-15,2346.6532669838,83.4533807162,299.1333355124,1285.5724250112,,,,41412.5504289360,11479.6241116582,5247.8178821191,
2015-04-16,2420.9768051038,83.4794192126,301.1890206586,1279.4009178010,,2045.6423887684,,41739.9985020950,11585.1030468342,5338.3668869869,
2015-04-17,2462.7436348831,83.5835731978,300.0677378515,1285.0976936874,,2059.0184982152,,42077.0774009352,11593.8929580989,5314.2204856888,
2015-04-20,2415.6753002750,84.4081255814,302.4348904441,1290.7944695737,,2022.9242346286,,42250.4322631958,11523.5736679815,5354.4644878523,
2015-04-21,2470.4457260008,84.5296385643,298.8841615553,1294.1175888407,,2160.4539948533,,41768.8909791384,11510.3888010845,5473.1842942346,
2015-04-22,2546.5038757880,84.5556770606,300.5037922765,1286.0471563351,,2173.5647053031,,41711.1060250516,11558.7333130402,5479.2208945591,
2015-04-23,2522.4348410452,84.4862410704,295.7694870914,1291.2692008975,,2193.6819492727,,41402.9196032548,11593.8929580989,5465.1354938019,
2015-04-24,2525.6440456776,84.2171766084,297.6382917697,1297.4407081077,,2210.0305274854,,41711.1060250516,11611.4461646971,5414.8304910975,
2015-04-27,2569.5031756534,84.8507800189,294.7104977737,1301.2385586986,,2215.3385074246,,42260.0630888770,11725.5420075853,5485.2574948837,
2015-04-28,2525.1091782389,84.8334210214,299.9431508730,1312.1573791473,,2162.2056282332,,42269.7269496336,11690.4355943889,5432.9402920711,
2015-04-29,2551.8525501753,84.7900235275,302.0611295084,1303.6122153179,,2203.3955525614,,42260.0630888770,11677.2706894403,5298.1228848234,
2015-04-30,2550.1409743714,85.0200302450,300.5037922765,1315.9552297382,,2213.1091558502,,42752.9199874667,11712.3771026366,5354.4644878523,
2015-05-04,2544.6853264964,84.7119080385,295.9563675592,1296.0165141361,,2215.3385074246,,44173.5075186958,11778.2016273798,5440.9890925038,
2015-05-05,2470.0178320498,84.6294528002,297.1399438555,1296.0165141361,,2161.6748302393,,44192.8352402091,11734.3186108843,5426.9036917466,
2015-05-06,2450.7626042556,84.3256703431,298.6972810874,1304.5616779656,,2134.0202547561,,44579.3896704755,11918.6272801653,5630.1359026722,
2015-05-07,2408.6150500837,84.3647280875,295.8317805807,1307.4100659087,,2099.6776245494,,44318.4654300457,11813.3080405762,5549.6478983452,
2015-05-08,2429.0469862432,84.5817155569,297.0641562548,1294.5923201645,,2168.6282839597,,44424.7678983690,11808.9197389266,5475.1964943428,
2015-05-11,2491.4125295990,84.4688820728,297.1873938222,1297.4407081077,,2253.1844043911,,44250.8184047491,11830.8612471743,5519.4648967226,
2015-05-12,2516.0164317805,84.1824586133,296.5095872014,1276.0777985340,,2295.1174459108,,44289.4738477757,11686.0472927393,5432.9402920711,
2015-05-13,2500.0773821064,84.3864268345,299.0975761172,1270.8557539716,,2307.8565977649,,44705.0198603121,11743.0952141834,5418.8548913139,
2015-05-14,2505.8800202321,84.2779330998,304.5816478671,1268.4820973523,,2325.0013729685,,44521.4065059356,11699.2121976880,5330.3180865542,
2015-05-15,2451.6146081302,84.3517088394,304.9513605694,1268.4820973523,,2318.7314634192,,44492.4149236656,11703.6004993375,5336.3546868787,
2015-05-18,2437.5378378622,83.9350928982,307.1080179992,1268.0073660284,,2377.8091456383,,44560.0619489622,11659.7174828421,5324.2814862297,
2015-05-19,2564.9809641055,83.8092401660,305.3210732716,1263.7347841137,,2464.9392679962,,44173.5075186958,11615.8344663466,5211.5982801719,
2015-05-20,2565.5182454135,84.0869841268,301.0077584121,1229.5541287958,,2509.8015518405,,43255.4407468130,11558.7865449025,5054.6466717343,
2015-05-21,2628.2727021809,83.9090544019,302.0552777351,1226.2310095288,,2630.8216163314,,43603.3397340528,11624.6110696457,5096.9028740060,
2015-05-22,2698.6565535210,83.9654711439,301.4390898981,1228.1299348242,,2632.6052974963,,43593.6758732961,11598.2812597484,5165.3176776839,
2015-05-25,2770.4373362618,83.7745221709,300.9461396284,1203.4439059835,,2693.5207118247,,43207.1214430297,11567.5631482016,5030.5002704362,
2015-05-26,2833.7290743371,83.0280852763,298.8511009823,1200.1207867165,,2846.3767825618,,43023.5080886532,11585.1163547998,5056.6588718425,
2015-05-27,2842.2181190026,83.1495982591,297.1257750385,1202.4944433358,,2851.7278260564,,42926.8694810866,11545.6216399539,5074.7686728161,
2015-05-28,2655.8889614090,82.4552383572,297.0641562548,1213.4132637846,,2696.3854118774,,42878.4192897987,11528.1216450468,5050.6222715180,
2015-05-29,2631.0665649821,82.3858023670,296.7560623363,1211.9890698130,,2735.2480408944,,42926.8694810866,11571.8716323145,5066.7198723834,
2015-06-01,2820.1895853770,81.7738977034,296.4479684177,1195.8482048018,,2979.7204623738,,42297.0169943438,11528.1216450468,5139.1590762776,
2015-06-02,2828.3562612577,82.4465588584,296.8176811200,1213.4132637846,,3040.4737238690,,42335.7771473741,11510.6216501397,5247.8178821191,
2015-06-03,2784.5141065298,82.5073153498,297.1873938222,1220.5342336425,,3000.6922287974,,42180.7365352528,11497.4966539594,5261.9032828763,
2015-06-04,2820.9417792081,82.3771228682,294.7842612576,1218.1605770232,,2937.4526238602,,42054.7660379042,11466.8716628720,5219.6470806046,
2015-06-05,2810.1961530493,82.7156233204,293.7367419346,1217.2111143755,,2959.0189506721,,41483.0537807069,11383.7466870633,5195.5006793065,
2015-06-08,2866.6106903830,82.9412902885,292.9356977464,1211.0396071653,,2865.4027149873,,41822.2051197223,11331.2467023420,5163.3054775757,
2015-06-09,2820.9417792081,82.8675145490,294.0448358531,1215.7869204039,,2891.8336267944,,41909.4154640405,11331.2467023420,5155.2566771430,
2015-06-10,2822.2312543472,82.4378793596,295.3388303110,1211.9890698130,,2969.5048338839,,42025.6959231315,11313.7467074349,5245.8056820109,
2015-06-11,2847.3760195588,82.3076868780,295.8933993644,1212.9385324607,,3042.7438635334,,41890.0353875253,11230.6217316262,5219.6470806046,
2015-06-12,2880.6874606511,82.1254174037,295.1539739599,1182.0809964099,,3088.4169115436,,41172.9725564643,11160.6217519979,5100.9272742223,
2015-06-15,2793.7553450264,81.7652182046,295.4620678784,1164.9906687509,,3034.5821709304,,40901.6514852520,11090.6217723695,5086.8418734651,
2015-06-16,2723.5864062094,82.5680718412,296.4479684177,1174.9600265520,,2929.2909312572,,40843.5112557065,11116.8717647301,5125.0736755204,
2015-06-17,2747.5491525435,82.4205203621,294.1064546368,1197.2723987734,,2981.8284492050,,40514.0499549487,11090.6217723695,5115.0126749795,
2015-06-18,2650.9459733759,82.6722258265,296.1398744992,1189.2019662678,,2884.3205455241,,40775.6809879034,11090.6217723695,5056.6588718425,
2015-06-19,2467.4189444499,82.4725973547,298.9127197660,1202.0197120120,,2722.1882144341,,40523.7399932063,11103.7467685498,5082.8174732488,
2015-06-23,2538.6832410621,82.3771228682,295.5853054458,1233.8267107105,,2687.4728211890,,40610.9503375246,11164.9967507246,5115.0126749795,
2015-06-24,2607.0497424808,82.3554241213,294.0448358531,1221.4836962902,,2740.7176237016,,40882.2714087368,11182.4967456317,5157.2688772512,
2015-06-25,2461.6233540628,82.2816483817,293.6135043672,1221.4836962902,,2556.4044997533,,40620.6403757821,11147.4967558176,5100.9272742223,
2015-06-26,2260.4949024795,82.2078726421,292.5043662604,1236.2003673298,,2351.3275377730,,40988.8618295702,11151.8666095047,5082.8174732488,
2015-06-29,2154.1350863007,82.0516416642,294.8458800413,1234.3014420344,,2116.8215140150,,41357.0832833583,11130.0173410691,5125.0736755204,
2015-06-30,2351.1851594634,82.2425906372,293.3670292323,1213.4132637846,,2274.2124962630,,40958.1090681542,11033.8805599527,4931.9024651357,
2015-07-01,2178.1760538326,82.1471161507,292.9356977464,1270.3810226477,,2046.2462640112,,40841.3361271188,10924.6342177749,4970.1342671910,
2015-07-02,2216.2766943406,82.1167379050,290.7174215329,1282.7240370681,,2089.4088879518,,41065.1509307699,11073.2092431367,5098.9150741141,
2015-07-03,2109.9168781618,82.6461873302,291.7033220722,1298.8649020793,,2017.7436726969,,41240.3103423230,11077.5790968238,5000.3172688136,
2015-07-06,2168.3020850249,83.2537522444,291.2719905863,1281.7745744203,,2027.3353669059,,39634.6824030867,10924.6342177749,4843.3656603760,
2015-07-07,1983.8091243676,83.5662142003,291.9497972071,1286.0471563351,,1775.6078921818,,38710.2299532234,10863.4562661554,4700.4994526956,
2015-07-08,1858.5599765567,83.1495982591,285.5414437015,1239.9982179207,,1623.1217535634,,37046.2155434695,10526.9775322479,4438.9134386329,
2015-07-09,2044.5554976847,83.4533807162,290.1012336958,1264.2095154375,,1785.4175794410,,39381.6743641768,10828.4974366585,4664.2798507485,
2015-07-10,2235.9173062081,83.2797907407,289.8547585610,1297.9154394316,,1963.9538875588,,39274.6325015610,10845.9768514070,4670.3164510730,
2015-07-13,2192.3430525567,83.0801622689,289.7931397773,1296.9659767838,,2062.6502410391,,39050.8176979099,10832.8672903456,4589.8284467460,
2015-07-14,2147.3735641824,82.9543095367,287.5132447801,1332.0960947494,,2083.1960860209,,39196.7838742041,10841.6069977199,4565.6820454479,
2015-07-15,2070.5283286789,82.8414760526,287.7597199149,1324.0256622438,,1944.4980078280,,39654.1445599259,10867.8261198425,4565.6820454479,
2015-07-16,2150.8079881155,83.1062007653,285.2949685666,1321.6520056245,,2052.3500694169,,39586.0270109886,10963.9629009589,4567.6942455561,
2015-07-17,2213.2715733991,83.1495982591,285.0484934318,1291.2692008975,,2231.5536912864,,39391.4054425964,10942.1136325234,4541.5356441498,
2015-07-20,2137.3026390882,83.1062007653,278.0855708728,1274.6536045625,,2155.2714522466,,38729.6921100626,10889.6753882781,4634.0968491258,
2015-07-21,2147.5833353269,82.9239312910,274.8813941200,1281.2998430965,,2191.0553767403,,39002.1623058118,10876.5658272167,4620.0114483686,
2015-07-22,2134.7054105648,83.0020467800,271.9236925021,1298.3901707554,,2207.5273419835,,38097.1720127877,10763.3136399890,4654.2188502076,
2015-07-23,2263.8093117512,83.2450727456,272.4782615554,1293.1681261930,,2381.6189746396,,38126.3652480466,10763.3136399890,4646.1700497749,
2015-07-24,2170.9583920379,83.2016752518,270.2599853420,1278.7010702882,,2266.3152179375,,37026.7533866302,10689.2641329555,4620.0114483686,
2015-07-27,1973.7854599661,83.3579062297,275.6824383082,1249.7669584788,,2084.9532006223,,37279.7614255402,10667.4848661809,4585.8040465297,
2015-07-28,1977.1402134756,83.3492267309,273.2793057436,1251.1669961470,,2050.7596727728,,37338.6552034636,10711.0433997301,4567.6942455561,
2015-07-29,2067.7185582308,83.4186627211,273.4025433111,1251.1669961470,,2187.5905840512,,38094.4586868145,10754.6019332792,4593.8528469624,
2015-07-30,1977.0319956204,83.3058292371,269.9518914234,1253.9670714834,,2053.8836661809,,37849.0679454668,10693.6199863104,4597.8772471787,
2015-07-31,1998.4591309389,82.9282710404,268.8427533167,1259.5672221562,,2101.3115661052,,37544.7834261957,10676.1965728908,4597.8772471787,
2015-08-03,1968.5910029192,82.9369505391,273.0944493925,1243.7001285833,,2006.5125661368,,37171.7894993472,10536.8092655336,4531.4746436089,
2015-08-04,2076.4842044975,83.0714827702,270.2599853420,1263.3006559381,,2174.7538111376,,37485.8896482722,10580.3677990827,4541.5356441498,
2015-08-05,2035.9025088186,82.9803480330,270.0751289908,1270.7675235018,,2126.1331137302,,37417.1802406949,10558.5885323081,4624.0358485850,
2015-08-06,2038.1750837766,83.2146944999,269.5205599375,1273.5675988382,,2142.8890783741,,37348.4708331175,10475.8273185648,4557.6332450152,
2015-08-07,2085.6827221847,83.2494124950,272.6014991229,1261.4339390471,,2229.7360951217,,37269.9457958863,10419.2012249509,4606.9369365450,
2015-08-10,2182.1048311177,83.0411045244,273.0328306088,1295.5015223066,,2365.7150081979,,37289.5770551941,10423.5570783058,4626.6584131569,
2015-08-11,2165.0064100050,82.6201488339,278.8866150610,1311.3686158796,,2328.9654857416,,38339.8494281622,10488.8948786295,4610.8812318674,
2015-08-12,2146.3929389203,82.7416618167,290.1628524795,1311.3686158796,,2295.3399566935,,38624.5026881255,10571.6560923729,4650.3241850912,
2015-08-13,2172.7980955754,82.7373220673,288.6840016706,1275.9009949518,,2370.2021987297,,38850.2621701654,10576.0119457278,4752.8758634732,
2015-08-14,2169.0104706453,82.8412634267,286.9586757267,1270.3008442791,,2384.7429680478,,38526.3463915864,10549.8768255983,4666.1013663808,
2015-08-17,2166.4132421219,82.5640864684,286.9586757267,1268.9008066109,,2459.1508110427,,38428.1900950474,10515.0299987590,4666.1013663808,
2015-08-18,2031.7902303231,82.7070058375,286.4657254571,1265.6340520517,,2215.7633246051,,38074.8274275067,10449.6921984353,4640.4634467853,
2015-08-19,2060.5761797914,82.6073953681,287.8213386987,1252.5670338152,,2314.9359153449,,38035.5649088911,10423.5570783058,4672.0178093644,
2015-08-20,2014.5891679596,82.6766896077,292.0114159908,1244.1668078060,,2268.8209364072,,37907.9617233903,10484.5390252746,4579.3268692883,
2015-08-21,1940.8533022731,82.7373220673,296.7560623363,1249.7669584788,,2163.8613228875,,38222.0618723153,10445.3363450804,4535.9396207421,
2015-08-24,1752.3177428167,82.9668592360,295.7701617969,1226.8996765649,,1958.5656028511,,37574.2303151574,10305.9490377232,4386.0563984915,
2015-08-25,1578.5517346056,82.9798519059,295.1539739599,1246.5002039197,,1762.7570790024,,38104.2743164684,10340.7958645625,4208.5631089842,
2015-08-26,1538.2711403004,83.1574183948,291.8265596397,1252.5670338152,,1621.2897738237,,38123.9055757762,10327.7283044978,4220.3959949513,
2015-08-27,1695.5892391702,83.4995587028,289.3001895076,1268.9008066109,,1779.8100139221,,38172.9837240458,10353.8634246272,4374.2235125243,
2015-08-28,1783.7589844827,83.3739628935,289.9163773447,1261.9006182699,,1922.2380478286,,38705.0800382168,10393.0661048214,4451.1372713108,
2015-08-31,1717.6316754983,83.8113827809,290.2860900470,1247.4335623651,,1789.7775744737,,38626.2509546359,10353.8798480374,4425.4993517153,
2015-09-01,1677.7986433520,83.9456403701,291.7649408559,1251.6336753697,,1613.1235796369,,38576.9827773978,10297.2774771272,4535.9396207421,
2015-09-02,1659.2248137558,83.6901178617,291.5800845048,1259.1005429335,,1614.3244905467,,38439.0318811313,10319.0476197850,4512.2738488078,
2015-09-07,1732.1774456641,83.5168822627,286.8354381593,1235.2999025741,,1739.8196806245,,38793.7627572453,10349.5258195059,4508.3295534854,
2015-09-08,1867.4531082058,83.4779042529,286.2192503223,1247.4335623651,,1916.3535843704,,38951.4209244070,10375.6499906952,4476.7751909063,
2015-09-09,1861.9704717587,83.3219922139,287.0202945105,1249.3002792561,,1912.1503961860,,40537.8562314724,10501.9168181103,4498.4688151794,
2015-09-10,1844.2917664803,83.4952278128,283.1999299206,1254.4337507061,,1897.1390098130,,40459.0271478916,10458.3765327948,4583.2711646107,
2015-09-11,1852.5716664208,83.3739628935,282.9534547857,1250.2336377015,,1927.4620102864,,40557.5635023677,10488.8547325156,4624.6862654957,
2015-09-14,1751.4226184988,83.5082204827,282.5221232998,1269.8341650563,,1728.7713002540,,40025.4671881967,10458.3765327948,4593.1319029167,
2015-09-15,1757.9122698035,83.7204340915,282.5837420835,1275.4343157291,,1700.3697572364,,39729.8581247683,10362.5879051006,4510.3017011466,
2015-09-16,1848.8792786095,83.6164927321,282.5837420835,1278.2343910655,,1816.6179333085,,40350.6371579678,10393.0661048214,4599.0483459002,
2015-09-17,1812.9624153540,83.4692424730,285.8495376200,1268.9008066109,,1787.8561170180,,40390.0516997583,10410.4822189477,4593.1319029167,
2015-09-18,1821.0185342150,83.4952278128,287.5132447801,1258.6338637107,,1804.4286875737,,40114.1499072252,10454.0225042632,4547.7725067093,
2015-09-21,1875.0863670882,83.5125513727,290.4709463981,1250.7003169243,,1909.7231368897,,39749.5653956636,10353.8798480374,4571.4382786436,
2015-09-22,1875.4344432655,83.3782937835,288.9304768054,1248.3669208106,,1881.1246444829,,39335.7127068639,10327.8214256011,4531.9953254197,
2015-09-23,1833.7813273825,83.4172717933,287.8829574824,1246.9668831424,,1850.9786146082,,38360.2027975504,10253.9892286982,4563.5496879988,
2015-09-24,1848.8646283986,83.5991691722,290.2244712633,1245.5668454742,,1887.9957108404,,38281.3737139695,10249.6461582921,4533.9674730809,
2015-09-25,1808.8358680097,83.7290958714,292.3195099093,1248.3669208106,,1791.2436683472,,38429.1782456837,10271.3615103224,4516.2181441302,
2015-09-28,1827.3999307988,83.9629639300,289.3001895076,1247.9002415879,,1855.3117195183,,37749.2773997985,10206.2154542315,4419.5829087318,
2015-09-29,1788.4153989417,84.2184864385,286.2192503223,1234.8332233513,,1830.4273170345,,37225.1192383656,10128.0401869225,4439.3043853437,
2015-09-30,1810.8082996811,84.2921115681,284.6787807296,1246.0335246969,,1831.6034455101,,37947.0729324147,10145.4124685468,4462.9701572780,
2015-10-08,1864.9921579466,84.2531335583,289.4850458588,1237.6332986877,,1917.4608242293,,38491.0106471092,9980.3757931166,4634.5470038017,
2015-10-09,1920.2202447441,84.9980466339,289.6699022099,1228.2997142331,,1982.9526098709,,39648.1145129138,10075.9233420499,4727.2379438777,
2015-10-12,1984.6143375437,85.0456864236,293.6135043672,1243.2334493605,,2055.9344768571,,39707.4531726987,10088.9525532680,4743.0151251673,
2015-10-13,1981.0175503783,85.5090916508,291.3952281537,1240.9000532469,,2070.1718215618,,39311.8621074663,9989.0619339287,4668.0735140420,
2015-10-14,1959.0887512087,85.5047607609,296.2014932829,1256.7671468198,,2056.7391963404,,39193.1847878966,9845.7406105289,4650.3241850912,
2015-10-15,2026.8475803888,85.3445178318,297.8035816593,1255.8337883743,,2152.5627163529,,39578.8860764982,9810.9960472804,4648.3520374301,
2015-10-16,2039.8424243412,84.9460759542,296.9409186874,1253.0337130379,,2160.3004036924,,39104.1767982193,9724.1346391593,4626.6584131569,
2015-10-19,2007.0776854063,85.0760026534,296.0166369318,1240.9000532469,,2130.3449179354,,38945.9403721264,9632.9301606322,4610.8812318674,
2015-10-20,2057.6493476753,85.8945408585,295.7085430132,1232.4998272377,,2182.9263557004,,38767.9243927718,9563.4410341353,4593.1319029167,
2015-10-21,1984.1661107163,85.6520110200,296.0166369318,1217.5660921102,,2064.6340544981,,38481.1208704784,9402.7474291112,4549.7446543704,
2015-10-22,2021.0857984292,86.0028131079,295.0307363925,1226.8996765649,,2124.3538207840,,38837.1528291875,9298.5137393658,4606.9369365450,
2015-10-23,2063.7037016090,85.7126434796,296.8792999037,1204.0323946510,,2201.4095277633,,39262.4132243123,9211.7738723941,4650.3241850912,
2015-10-26,2059.7861784755,85.9638350981,294.1680734205,1204.0323946510,,2187.7064864063,,38629.4675199405,9077.3270785880,4616.7976748510,
2015-10-27,2064.7721170090,86.4142476554,294.4761673391,1204.9657530964,,2199.9436210135,,38876.7119357107,9129.3709987710,4520.1624394526,
2015-10-28,2025.8343113183,86.0894309074,296.3247308503,1204.0323946510,,2129.8350373267,,38500.9004237400,8925.5323113875,4520.1624394526,
2015-10-29,2041.8605423190,85.4787754210,292.9973165301,1201.6989985373,,2161.2564298336,,38599.7981900481,8973.2392382220,4577.3547216271,
2015-10-30,2041.3856910301,85.6043712303,289.4234270751,1191.4320556372,,2161.8300455183,,38421.7822106935,8977.5762315706,4591.1597552555,
2015-11-02,2019.8986702069,85.5827167804,287.7597199149,1191.4320556372,,2125.1823767730,,38154.2072507532,8947.2172781305,4681.8785476703,
2015-11-03,2004.2285776728,85.4051502915,286.5889630245,1172.7648867279,,2121.1670669800,,38074.9257811412,8999.2611983135,4622.7141178346,
2015-11-04,2131.6074359233,85.1929366827,282.5221232998,1175.0982828415,,2259.5996522233,,38481.2433129025,9116.3600187253,4664.1292187196,
2015-11-05,2159.6236619691,85.4614518611,280.2422283026,1162.4979438277,,2251.8877080177,,37876.7221071113,9159.7299522111,4591.1597552555,
2015-11-06,2227.6461091056,85.1063188832,280.7351785723,1153.1643593731,,2324.3544895194,,37688.4286167829,9146.7189721654,4683.8506953315,
2015-11-09,2240.9419451952,84.2704571182,276.8531951987,1152.6976801504,,2343.4750123430,,37282.1110850217,9151.0559655140,4683.8506953315,
2015-11-10,2241.2980836618,84.5909429763,277.0380515498,1150.3642840367,,2356.2857626349,,37232.5601665142,8908.1843379932,4658.2127757360,
2015-11-11,2259.1050069960,85.0370246436,277.0996703335,1153.1643593731,,2404.4057450744,,36766.7815325440,8704.3456506097,4593.1319029167,
2015-11-12,2229.9016527280,84.9590686241,276.0629858274,1154.5643970413,,2396.1201851842,,36974.8953902753,8786.7485242328,4616.7976748510,
2015-11-13,2209.3643344825,84.8334728149,274.7823755552,1141.4973788048,,2379.8677407841,,35904.5955505139,8804.0964976272,4601.0204935614,
2015-11-16,2216.6058166384,84.9851391350,278.9900950211,1130.7637566819,,2434.0425554511,,35706.3918764841,8765.0635574899,4514.2459964690,
2015-11-17,2189.6421732799,85.0458056630,273.8066724906,1123.2968891182,,2405.2343010634,,34655.9124041257,8734.7046040498,4492.5523721959,
2015-11-18,2183.9336541905,84.6081399964,272.0991921277,1130.2970774592,,2389.7466775763,,34566.7207508122,8695.6716639126,4502.4131105018,
2015-11-19,2240.1686401139,84.6774731713,273.6847096076,1116.2967007772,,2452.8444028943,,34457.7087300958,8517.8549366206,4478.7473385675,
2015-11-20,2213.4479124613,85.1368054550,275.5141528536,1106.9631163225,,2455.1535522327,,34596.4513019167,8617.6057836380,4563.5496879988,
2015-11-23,2197.9013072816,84.9721391647,271.9162478031,1084.5625136313,,2426.7840032186,,33209.0255837075,8561.2248701064,4512.2738488078,
2015-11-24,2220.0066365215,85.3751382438,272.0991921277,1112.4581348245,,2464.5221009769,,33545.9718295583,8473.9544840707,4587.2154599331,
2015-11-25,2243.9338335559,85.4444714187,274.3555054645,1114.8629297550,,2517.3026572821,,34309.0559745734,8556.8613508046,4658.5721448654,
2015-11-26,2223.8932878164,85.7478040589,272.6480251015,1137.4680021012,,2484.5787123728,,34893.7568129615,8849.2171440244,4658.5721448654,
2015-11-27,2117.8605821767,85.5354712107,271.9162478031,1136.5060841290,,2339.6960853150,,35102.2852401306,9045.5755126048,4597.4092720663,
2015-11-30,2116.8889193530,85.8128039103,267.2816582464,1126.4059454211,,2348.1409743239,,34496.5598088299,8770.6737965922,4562.7503108135,
2015-12-01,2140.5732006814,85.5831377685,273.3798023999,1137.9489610873,,2354.5406167759,,34834.1772623418,8823.0360282137,4589.2542223597,
2015-12-02,2242.1119657614,85.6524709434,271.8552663615,1144.6823868925,,2401.5812875829,,34645.5086853793,8892.8523370422,4589.2542223597,
2015-12-03,2246.7273641741,85.7694706760,268.3183427525,1123.5201915046,,2433.7774269291,,34149.0124302148,8884.1252984387,4579.0604102265,
2015-12-04,2209.3183454605,85.6784708840,270.6966189724,1125.9249864350,,2413.3249613608,,34367.4707824871,8962.6686458708,4591.2929847864,
2015-12-07,2198.3871386935,85.7564707057,277.5265404243,1140.3537560177,,2421.1100934158,,35082.4253899240,8980.1227230780,4544.4014489737,
2015-12-08,2173.6097366883,85.9688035539,274.7823755552,1110.5342988802,,2385.0213880421,,34466.7700335200,9015.0308774923,4389.4555045493,
2015-12-09,2182.1117863960,85.9471369367,276.0020043859,1106.2056680054,,2379.0835754578,,34764.6677866188,9124.1188600370,4452.6571397751,
2015-12-10,2166.2008076573,85.8908037321,275.2702270875,1103.3199140888,,2365.2286794277,,34675.2984606891,9054.3025512084,4422.0757033755,
2015-12-11,2181.9903285430,86.1204698740,275.5751342951,1125.4440274489,,2384.1637040022,,35708.0106714313,9307.3866707120,4434.3082779353,
2015-12-14,2254.1362932051,85.6871375308,276.7947631258,1127.8488223794,,2448.3580556084,,35876.8193981872,9241.9338811852,4401.6880791091,
2015-12-15,2228.9945176410,85.8734704384,274.2335425814,1127.3678633933,,2456.2751390542,,35370.3932179194,9163.3905337531,4422.0757033755,
2015-12-16,2231.7880482593,85.9384702898,274.7213941137,1132.6584122403,,2471.6474760781,,35201.5844911635,9150.2999758477,4444.5020900685,
2015-12-17,2280.0068158870,85.9298036430,275.4531714121,1112.9390938106,,2537.9530499365,,34893.7568129615,9198.2986881673,4434.3082779353,
2015-12-18,2290.6951069480,86.2851361643,273.4407838414,1137.4680021012,,2540.3281749702,,35559.0617948820,9321.0011003964,4460.8121894816,
2015-12-21,2349.6813715784,86.4974690125,277.1606517750,1162.9588283639,,2573.3732046516,,35986.0485743234,9456.8501996499,4513.8200125742,
2015-12-22,2361.3054991995,86.5841354811,278.9900950211,1157.1873205308,,2595.4258425293,,36095.2777504596,9439.3212836172,4515.8587750008,
2015-12-23,2352.6492339498,86.6491353326,277.7094847489,1152.8586896560,,2550.0991899068,,36125.0675257695,9491.9080317153,4495.4711507344,
2015-12-24,2334.2237550610,86.9091347385,278.0143919565,1145.6443048647,,2555.8668028902,,35916.5390986004,9540.1125508053,4497.5099131611,
2015-12-25,2353.7621823390,86.8918014447,278.5022434888,1136.9870431151,,2577.0373352528,,36085.3478253563,9540.1125508053,4513.8200125742,
2015-12-28,2255.3280803562,87.0824676757,277.6485033073,1127.8488223794,,2478.3772261015,,35489.5523191589,9250.8854362655,4454.6959022017,
2015-12-29,2285.1303650017,86.8658015041,278.4412620473,1139.8727970316,,2516.7827431439,,36035.6981998399,9382.3523065109,4509.7424877209,
2015-12-30,2285.7486696624,86.7964683292,278.2583177227,1135.0632071707,,2548.4028331470,,36214.9307413146,9452.4679706417,4554.5952611069,
2015-12-31,2261.8821097595,86.6968018903,275.6970971782,1144.6823868925,,2493.3051655879,,36404.1206462046,9483.1435736990,4548.4789738270,
2016-01-04,2117.6934628852,86.5494688937,278.3192991642,1118.7106016437,,2334.5940271389,,35816.6362047041,9316.6188713882,4526.0525871340,
2016-01-05,2107.6769273819,86.3154694284,280.8805197087,1126.8869044072,,2272.7787868109,,36354.3338291283,9439.3212836172,4574.9828853733,
2016-01-06,2142.4256493130,86.6838019200,282.2221114224,1128.8107403516,,2311.9307008277,,36085.4850169162,9364.8233904781,4554.5952611069,
2016-01-07,2006.5222848919,86.5494688937,288.5641813420,1142.7585509481,,2157.7657984949,,35936.1245656872,9356.0589324618,4509.7424877209,
2016-01-08,2045.9701222444,86.8744681510,288.8081071082,1156.2254025586,,2171.2687983031,,35527.8726656614,9417.4101385763,4513.8200125742,
2016-01-11,1948.7726295829,86.8658015041,289.6008658481,1146.1252638508,,2015.4075392106,,34621.7525948724,9478.7613446908,4466.9284767615,
2016-01-12,1976.4726783821,87.2038007318,286.1249236806,1143.7204689203,,2061.0056089146,,34482.3495070587,9272.7965813064,4330.3313941768,
2016-01-13,1949.3909342436,87.3771336690,283.2587959285,1145.6443048647,,2003.1937705399,,34661.5820485335,9285.9432683309,4336.4476814568,
2016-01-14,1981.4191156677,87.0521344117,285.4541278238,1157.1873205308,,2062.0912772409,,34781.0704095166,9377.9700775027,4344.6027311633,
2016-01-15,1937.0248410297,87.2254673489,283.6856660193,1156.2254025586,,2016.2217904553,,34651.6246851182,9334.1477874209,4336.4476814568,
2016-01-18,1946.1092431509,86.9134680619,284.7833319669,1182.1971878075,,2061.5415333934,,34840.8145900082,9399.8812225436,4332.3701566035,
2016-01-19,2004.9659329503,86.7791350355,284.4174433177,1184.1210237518,,2146.0997758081,,35209.2370363730,9474.3791156826,4411.8818912423,
2016-01-20,1966.5811352550,86.9004680916,285.1492206161,1179.7923928770,,2112.1461664823,,34930.4308607456,9369.2056194863,4346.6414935899,
2016-01-21,1926.2770976750,86.9828012368,288.1373112513,1166.3255412665,,2055.6774771985,,34701.4115021945,9338.5300164291,4367.0291178563,
2016-01-22,1946.1092431509,87.0304677945,286.8567009791,1179.3114338909,,2092.1649379665,,35039.9618583135,9478.7613446908,4430.2307530821,
2016-01-25,1947.5166857330,86.5234689531,287.5884782775,1170.6541721413,,2099.4769092712,,34870.6866802540,9386.7345355190,4428.1919906554,
2016-01-26,1854.6254753105,86.5884688045,291.3693276526,1174.9828030161,,1955.1197728200,,34950.3455875761,9399.8812225436,4401.6880791091,
2016-01-27,1834.5374311833,86.4671357485,291.9181606264,1177.3875979466,,1911.3927365027,,35627.4462998141,9452.4679706417,4432.2695155087,
2016-01-28,1802.0383024679,86.6361353623,291.2473647696,1174.9828030161,,1866.0005978092,,35448.2137583393,9417.4101385763,4399.6493166825,
2016-01-29,1857.6962591261,86.9828012368,290.6375503542,1163.4397873500,,1929.2744881093,,35527.8726656614,9413.0340186234,4452.6571397751,
2016-02-01,1844.9013265610,86.9611346196,292.5889564833,1175.4637620022,,1926.8130324225,,35298.8533071104,9316.7593796603,4426.1532282288,
2016-02-02,1886.4848573975,86.5971354514,293.3817152233,1181.2352698353,,1999.4259751811,,35517.3605588708,9343.0160993775,4426.1532282288,
2016-02-03,1880.4712390919,86.7271351543,294.4793811709,1179.7923928770,,2011.4436705928,,35567.0212979072,9373.6489390476,4409.8431288157,
2016-02-04,1905.6772562452,86.8831347979,297.5284532476,1175.9447209883,,2061.4691376379,,36252.3394966102,9539.9414972567,4483.2385761746,
2016-02-05,1879.0637965098,86.9922460838,299.9067294675,1172.0970490996,,2033.2347929959,,36262.2716444175,9452.4190981993,4493.4323883078,
2016-02-15,1874.3296714607,87.4505134849,312.4079249821,1164.4017053222,,2045.6868629406,,35507.4284110635,9518.0608974923,4524.0138247074,
2016-02-16,1929.8596787932,87.0882640155,308.6880570485,1159.1111564752,,2128.7971902455,,35507.4284110635,9666.8489758899,4519.9362998541,
2016-02-17,1948.4123310126,87.0969929184,311.0663332683,1146.1252638508,,2152.6877895579,,35239.2604202666,9609.9594165026,4487.3161010279,
2016-02-18,1944.4995945556,87.1930108500,310.8224075022,1146.1252638508,,2153.8461216458,,35457.7676720270,9596.8310566440,4509.7424877209,
2016-02-19,1943.8474718128,87.0838995641,314.6642383189,1150.9348537117,,2162.0176923823,,35676.2749237874,9679.9773357485,4534.2076368405,
2016-02-22,1983.7573836737,87.0227972439,312.4689064236,1155.2634845865,,2200.0267415878,,36103.3572795009,9811.2609343346,4534.2076368405,
2016-02-23,1970.9757779143,86.9442371180,312.5908693067,1147.0871818230,,2190.9555483849,,35954.3750623915,9824.3892941932,4524.0138247074,
2016-02-24,1982.3227136395,86.8613125407,315.2130712927,1132.6584122403,,2204.7497595364,,35567.0212979072,9758.7474949002,4511.7812501475,
2016-02-25,1856.5934488228,86.7172856432,318.9329392263,1127.3678633933,,2009.5316843270,,35676.2749237874,9828.7654141461,4513.8200125742,
2016-02-26,1878.1134993361,86.7827524148,319.3598093170,1120.6344375880,,2030.8227493652,,35596.8177413291,9859.3982538162,4446.5408524951,
2016-02-29,1818.7703297390,86.8176680263,316.3717186818,1106.6866269915,,1902.4016422862,,35596.8177413291,9859.3982538162,4471.0060016148,
2016-03-01,1867.8099599994,86.7522012547,320.8233639139,1111.9771758384,,1959.4527003640,,35725.7917186527,9793.9597698307,4652.4558575855,
2016-03-02,1962.2373331605,86.5339786827,316.9205516556,1110.5342988802,,2094.5460074021,,36648.4517102758,9881.2110818113,4640.2232830257,
2016-03-03,1961.9764840634,86.3812228824,319.6037350832,1119.6725196159,,2100.5434905114,,36707.9781613483,9916.1116066036,4660.6109072920,
2016-03-04,1990.5394601991,86.4903341683,323.9334174321,1132.7936819551,,2043.6423695115,,37650.4803033288,9977.1875249901,4709.5412055313,
2016-03-07,2011.0161143238,86.1499069561,323.9943988737,1145.4288753188,,2097.2448748013,,37789.3753558312,9994.6377873862,4850.2158129693,
2016-03-08,2005.5382832841,86.2590182421,325.2750091459,1128.9059301509,,2121.9844926274,,37452.0587997540,10064.4388369707,4795.1692274501,
2016-03-09,1967.1934660060,86.5339786827,322.0429927446,1125.9901162977,,2061.6348188395,,37025.4525670680,9920.4741722026,4758.4715037706,
2016-03-10,1945.2821418470,86.7827524148,319.4207907586,1119.1865506403,,2022.6511786287,,37005.6104167106,9872.4859506133,4697.3086309715,
2016-03-11,1947.6297837212,87.1057218213,324.1163617567,1121.6163955180,,2029.0984729713,,37412.3744990390,9924.8367378017,4717.6962552379,
2016-03-14,1983.7573836737,86.9835171810,320.1525680570,1122.1023644935,,2110.2144320253,,37452.0587997540,9889.9362130094,4680.9985315584,
2016-03-15,1986.7571482907,87.0358905982,314.4812939943,1120.6444575669,,2102.1178298276,,36956.0050408168,9859.3982538162,4654.4946200121,
2016-03-16,1996.7998385302,87.2759354274,316.4327001234,1115.2987988361,,2086.1495310490,,37273.4794465366,9837.5854258210,4672.8434818518,
2016-03-17,2036.5793258425,87.0227972439,321.1282711215,1123.0743024446,,2159.0939193665,,37640.5592281501,9894.2987786084,4731.9675922243,
2016-03-18,2071.6635294065,87.0097038896,321.1892525631,1132.7936819551,,2228.2898807406,,38077.0865360148,9994.6377873862,4801.2855147300,
2016-03-21,2128.1453638723,86.8613125407,316.7376073310,1131.3357750285,,2278.3145966646,,37858.8228820824,10020.8131809804,4754.3939789173,
2016-03-22,2117.8036195335,86.9616949238,318.8109763432,1144.4569373678,,2275.1640385188,,37848.9018069037,10046.9885745746,4782.9366528902,
2016-03-23,2118.7317247946,86.9791527295,315.0911084096,1145.4288753188,,2285.7683561801,,37858.8228820824,10033.9008777775,4754.3939789173,
2016-03-24,2084.7895895288,87.1624596900,311.1273147099,1147.8587201965,,2245.1184718118,,37333.0058976091,10055.7137057727,4609.6418466261,
2016-03-25,2096.7223714582,87.1275440785,312.3469435405,1165.8395722910,,2270.8608371490,,37452.0587997540,10208.4035017389,4687.1148188383,
2016-03-28,2074.8456045877,86.9529660209,311.0663332683,1150.7745340496,,2250.3437877609,,37213.9529954641,10243.3040265311,4746.2389292108,
2016-03-29,2057.7419504889,87.1188151756,311.9200734498,1143.4849994167,,2224.1403651340,,37273.4794465366,10256.3917233282,4764.5877910505,
2016-03-30,2114.7541308182,87.1144507241,315.3960156173,1148.3446891720,,2313.2781077942,,36678.5316501035,10243.3040265311,4731.9675922243,
2016-03-31,2115.4170631476,87.1144507241,312.4079249821,1132.7936819551,,2312.9707362678,,36549.6262942096,10273.8419857244,4817.3176788290,
2016-04-01,2125.7588074864,87.1755530443,313.6885352543,1137.1674027349,,2316.0444515319,,36807.4370059973,10374.3944817549,4859.0002792639,
2016-04-05,2145.3816044369,86.9660593752,312.2859620990,1143.9709683922,,2378.4408713940,,36420.7209383158,10361.2789387944,4731.9675922243,
2016-04-06,2147.5029878910,86.9180504094,313.1397022805,1138.6253096614,,2391.1199468586,,36420.7209383158,10286.9575286849,4726.0129350193,
2016-04-07,2123.2396646346,86.8307613806,312.7738136313,1138.1393406859,,2365.2238957582,,36341.3945654580,10300.0730716454,4710.1338491394,
2016-04-08,2108.1248075241,87.0097038896,314.6642383189,1130.3638370775,,2349.1637335031,,35458.8886674155,10173.2894896939,4674.4059059095,
2016-04-11,2130.5319202581,87.0664417583,317.7742918371,1147.8587201965,,2396.3452628077,,35528.2992436660,10295.7012239919,4718.0733920794,
2016-04-12,2131.5926119852,87.0708062097,319.2988278755,1168.2694171686,,2397.4210631501,,35677.0361927743,10304.4449192989,4714.1036206094,
2016-04-13,2155.5907623098,86.8962281522,317.5913475125,1188.1941451653,,2422.8560569609,,36519.8789043879,10444.3440442109,4779.6048498642,
2016-04-14,2167.2583713075,86.6474544202,314.4203125527,1197.9135246758,,2451.7489804438,,36539.7104976024,10457.4595871714,4886.7886795538,
2016-04-15,2167.9213036369,86.8394902835,313.6885352543,1201.8012764800,,2449.9815941670,,36470.2999213518,10457.4595871714,4785.5595070691,
2016-04-18,2137.1193577611,86.8569480892,313.8714795789,1224.1558493543,,2402.1220753674,,36301.7313790291,10453.0877395179,4767.6955354542,
2016-04-19,2137.7889652802,86.9224148608,316.9205516556,1223.6698803788,,2405.8278371196,,36628.9526670674,10523.0373019739,4779.6048498642,
2016-04-20,2085.6935002990,86.6736411288,317.8962547202,1256.7157707147,,2283.0646233289,,37045.4161245706,10558.0120832018,4853.0456220589,
2016-04-21,2085.8274218028,86.6823700317,321.9820113030,1302.3968544143,,2281.9607794027,,37779.1850735048,10842.1821806793,5025.7306810033,
2016-04-22,2103.3711388016,86.7522012547,317.8352732787,1258.1736776413,,2306.2453457788,,37650.2797176109,11196.3018406128,4892.7433367588,
2016-04-25,2094.2644765427,86.4597830083,315.4569970588,1249.4262360818,,2292.6049886909,,37799.0166667192,11266.2514030688,5087.2621387881,
2016-04-26,2104.5764323359,86.7172856432,314.7862012019,1270.8088710050,,2320.0433948561,,37382.5532092160,11183.1862976523,5059.4737384982,
2016-04-27,2093.0591830084,86.7172856432,318.6890134602,1276.6404987113,,2312.4741793622,,37303.2478722567,11209.4173835733,5081.3074815832,
2016-04-28,2089.9789884209,86.9486015695,319.8476608493,1277.6124366624,,2299.5434362269,,36956.2870230595,10916.5035907888,4986.0329663035,
2016-04-29,2094.5323195503,86.8656769921,324.9701019382,1271.7808089560,,2304.1953499158,,37332.9873736164,11091.4475585899,4974.1236518935,
2016-05-03,2142.7440609210,87.0708062097,331.1292275332,1322.8075513864,,2398.8893895836,,37580.8165516144,11157.0515465153,4918.5468513137,
2016-05-04,2134.8426921964,87.1537307871,327.3483781581,1300.9389474877,,2390.1374841688,,36906.7211874599,10912.1299915938,4898.6979939638,
2016-05-05,2137.7889652802,87.1580952385,326.8645822916,1299.9670095366,,2417.7335823234,,36520.1076697830,10894.6355948137,4835.1816504440,
2016-05-06,2068.0158617964,87.2112377182,327.4693271247,1270.3229020295,,2321.1472387823,,36302.0179931448,10794.0428133281,4779.6048498642,
2016-05-09,2023.5539225323,87.8356618546,326.6226843584,1295.5932887569,,2228.5031949775,,35528.7909577911,10544.7476592115,4737.9222494293,
2016-05-10,2032.3927417836,87.8976614143,323.6594346762,1292.6774749037,,2227.3993510513,,35637.8357961102,10417.9132825557,4710.1338491394,
2016-05-11,2043.9099911111,87.8578045545,325.2317712422,1348.0779381139,,2223.6147433044,,35647.7489632301,10601.6044487468,4722.0431635493,
2016-05-12,2053.4184178814,88.1190884130,324.2641795093,1376.7501076700,,2235.2839505240,,35925.3176425879,10645.3404406971,4656.5419342946,
2016-05-13,2054.3558684081,88.0128034536,326.6831588417,1359.7411935266,,2231.0262668087,,35171.9169414740,10557.8684567966,4595.0104765098,
2016-05-16,2063.9982166822,87.6762344155,329.0416636908,1365.0868522574,,2275.5742538298,,35300.7881140329,10693.4500318424,4606.9197909197,
2016-05-17,2063.3286091632,87.6939485754,326.6831588417,1374.3202627924,,2278.3338636452,,35588.2699605106,10877.1411980336,4696.2396489944,
2016-05-18,2048.0615577291,87.5035213565,326.8041078083,1386.4694871806,,2220.6185955047,,35072.7852702748,10732.8124245977,4650.5872770896,
2016-05-19,2044.8052823144,87.5478067563,321.6637767269,1384.5256112785,,2224.1974833917,,34894.3482621162,10780.9220157430,4583.1011620998,
2016-05-20,2058.3730965424,87.7692337550,321.8452001768,1394.7309597646,,2262.3451747324,,35013.3062675553,10877.1411980336,4598.9802479798,
2016-05-23,2064.3429348028,87.7515195951,321.0590318938,1378.2080145966,,2291.7896614388,,34864.6087607565,10737.1860237927,4509.6603899051,
2016-05-24,2054.5741085586,87.9419468140,318.8214760113,1325.2373962641,,2276.9047413635,,34884.4350949963,10732.8124245977,4481.8719896151,
2016-05-25,2049.8253735788,87.9242326541,314.1044663131,1355.8534417223,,2259.5796704561,,35181.8301085939,10553.4948576015,4485.8417610851,
2016-05-26,2052.8102927089,87.8090906148,315.3139559793,1406.8801841527,,2288.7801420793,,35746.8806344293,10658.4612382822,4515.6150471100,
2016-05-27,2057.9660621156,87.7470910551,313.8625683799,1395.2169287401,,2289.9188791343,,35598.1831276305,10689.0764326474,4479.8871038802,
2016-05-30,2060.0012342498,87.6230919359,310.1736248980,1445.2717332194,,2281.9477197496,,35469.0602535627,10754.6804205728,4509.6603899051,
2016-05-31,2142.9005791834,87.8135191548,313.1973490635,1423.8890982962,,2408.9169013761,,35508.7903686605,10724.0652262076,4565.2371904849,
2016-06-01,2124.5840299755,87.7515195951,313.6811449300,1408.3380910793,,2399.4003131312,,34952.5687572912,10575.3628535767,4497.7510754951,
2016-06-02,2127.0262365365,87.6363775558,314.0439918298,1446.7296401460,,2414.8546017340,,35041.9615162613,10763.4276189629,4511.6452756400,
2016-06-03,2155.5186464155,87.6718058756,312.8345021636,1484.1492512617,,2441.6149225252,,35478.9927823371,10550.7291728080,4636.6930769446,
2016-06-06,2141.9508321874,87.7205198153,319.7890677443,1505.5318861849,,2429.5768450872,,36015.3493361574,10439.9487321023,4654.5570485596,
2016-06-07,2143.7146480371,87.6452346357,320.3333380941,1521.0828934018,,2446.9019159946,,35598.1831276305,10329.1682913966,4636.6930769446,
2016-06-08,2135.5739595002,87.6319490158,322.3894705266,1541.9795593494,,2438.4427264436,,34992.2988723890,10519.7106494104,4656.5419342946,
2016-06-13,2054.7097867009,87.8533760145,331.5815919898,1625.0802541647,,2331.1574281955,,35012.1639299379,10501.9857788975,4628.7535340047,
2016-06-14,2069.3630260672,88.0482317734,330.6140002568,1571.6236668566,,2327.6598786696,,34873.1085270956,10506.4169965257,4684.3303345845,
2016-06-15,2103.0112053528,88.1146598730,332.8515561393,1594.4642087064,,2407.6154875990,,35081.6916313591,10519.7106494104,4632.7233054746,
2016-06-16,2094.8705168160,88.3892293514,338.5966320538,1555.1007216887,,2404.6873066005,,35171.0843903291,10559.5916080644,4636.6930769446,
2016-06-17,2100.1270593172,88.3316583318,330.4325768069,1569.6797909545,,2424.8592201453,,35320.0723219459,10621.6286548596,4672.4210201745,
2016-06-20,2108.9801835299,88.3183727119,331.0977961233,1582.3149843182,,2440.5503203204,,35220.7470342014,10723.5466603088,4753.8013353092,
2016-06-21,2101.0953697780,88.4246576712,330.4325768069,1578.9132014896,,2411.0877758427,,35330.0048507204,10816.6022305016,4652.5721628246,
2016-06-22,2127.5164123501,88.4645145310,326.0784140086,1585.7167671469,,2471.3482775790,,36015.3493361574,10940.6763240919,4704.1791919344,
2016-06-23,2117.5566476109,88.4512289111,326.2598374585,1559.9604114440,,2457.1595167823,,36025.2818649319,10931.8138888355,4722.0431635493,
2016-06-24,2084.0807716818,88.7169413096,341.3784582860,1543.9234352516,,2415.0105508865,,35727.3060016984,10785.5837071040,4652.5721628246,
2016-06-27,2128.8997130083,88.9693680881,344.2812334849,1604.1835882170,,2489.3763501206,,36472.2456597822,10967.2636298613,4751.8164495743,
2016-06-28,2139.9661182741,88.6947986097,342.7088969189,1653.7524237208,,2519.3396743911,,36939.0745121813,10976.1260651177,4759.7559925142,
2016-06-29,2151.7241738690,88.6637988299,343.8579121018,1630.9118818710,,2524.9317154110,,36958.9342296610,10958.4011946048,4749.8315638393,
2016-06-30,2151.8625039349,88.9162256084,342.2855755357,1649.3787029411,,2525.4324952038,,37266.7598505958,11104.6313763363,4807.3932501541,
2016-07-01,2144.8076705779,89.1287955272,347.3049576504,1676.5929655706,,2520.5081605744,,37038.3730995797,11308.4673872348,4751.8164495743,
2016-07-04,2192.5315432867,88.8896543686,353.3524059815,1680.9666863504,,2570.5026765578,,38140.5874197012,11241.9991228114,4874.8793651438,
2016-07-05,2194.4681642082,88.8055121091,351.7195949321,1632.8557577731,,2588.3638225018,,37524.9361778315,11192.6724413790,4815.3327930940,
2016-07-06,2202.3529779601,88.9516539282,358.8555839627,1581.3430463672,,2598.4628816571,,37117.8119694983,11192.6724413790,4716.0885063444,
2016-07-07,2203.3212884208,89.1819380069,357.6460942965,1527.4004900836,,2620.4971925413,,36651.1086087262,11174.7354663127,4680.3605631145,
2016-07-08,2193.4998537474,89.1863665469,354.1385742645,1494.3545997477,,2614.4878350274,,36363.1427052710,11268.9045854108,4589.0558193048,
2016-07-11,2197.0964354588,89.0092249479,356.7994515301,1528.8583970102,,2607.3934546291,,36760.3370548643,11345.1367294427,4608.9046766547,
2016-07-12,2256.5783637625,88.8497975088,355.1061659975,1547.3252180803,,2657.7218238078,,36919.2147947017,11210.6094164453,4656.5419342946,
2016-07-13,2263.3565369878,88.7922264891,351.7195949321,1600.7818053883,,2677.6695522219,,38309.3950182784,11349.6209732092,4650.5872770896,
2016-07-14,2262.2498964612,88.8542260488,349.3610900830,1615.3608746541,,2688.4363177675,,38368.9741707174,11389.9791671084,4648.6023913546,
2016-07-15,2263.7855181126,89.0579388876,349.4820390496,1555.1007216887,,2687.4347581819,,38229.9561483597,11376.5264358087,4640.6628484146,
2016-07-18,2250.5233311232,89.0535103476,348.5144473166,1518.6260930342,,2664.8941596404,,37584.5153302705,11224.0621477450,4591.0407050398,
2016-07-19,2237.8195520070,89.1022242873,349.1796666331,1545.7356143315,,2667.7861609627,,38031.3589735630,11013.3026907159,4595.0104765098,
2016-07-20,2230.8394535915,89.3635081458,347.7887535169,1504.3319818047,,2664.6389830531,,38011.4992560834,11058.1451283817,4596.9953622448,
2016-07-21,2247.7312917570,89.4166506255,344.2207590016,1492.5023725114,,2683.6071093730,,38378.9040294572,11111.9560535806,4690.2849917895,
2016-07-22,2229.5830358767,89.4210791655,346.2768914342,1456.5206442441,,2667.7011021003,,37912.2006686850,10905.6808403180,4652.5721628246,
2016-07-25,2232.2354732746,89.2749373463,344.4626569349,1457.0135446313,,2675.2713408557,,37892.3409512054,10932.5863029175,4624.7837625347,
2016-07-26,2266.4379555105,89.4476504054,344.9464528013,1453.0703415335,,2719.0766550024,,37544.7958953112,10869.8068901854,4565.2371904849,
2016-07-27,2207.8051288204,89.3679366858,344.7045548681,1461.4496481163,,2596.0815399421,,37475.2868841324,10824.9644525196,4567.2220762199,
2016-07-28,2227.3494043838,89.6026493045,349.8448859495,1467.8573531502,,2605.1828382211,,37554.7257540510,11071.5978596814,4567.2220762199,
2016-07-29,2220.9277138415,89.5140785050,347.6678045503,1440.7478318530,,2595.5711867675,,37207.1806981568,10995.3657156496,4465.9929037352,
2016-08-01,2199.8478166267,89.3989364656,350.3286818159,1452.0845407591,,2563.7591722222,,37902.2708099452,11053.6608846151,4527.5243615200,
2016-08-02,2209.0615465352,89.5229355849,352.1429163153,1430.3969237213,,2587.0653005255,,37644.8363687073,11044.6923970819,4517.5999328450,
2016-08-03,2209.8991583450,89.6203634644,353.8966763313,1424.4821190746,,2595.4010690427,,37417.1059014584,10904.4279709002,4589.0558193048,
2016-08-04,2217.7168685704,89.6425061642,350.4496307826,1435.3259275935,,2621.8543752555,,37248.7833821875,10918.0019476275,4573.1767334248,
2016-08-05,2228.7454240668,89.8683617029,354.7433190976,1454.5490426952,,2614.3691953625,,37248.7833821875,11058.2663738092,4555.3127618099,
2016-08-08,2249.6857193133,89.8772187829,347.1840086838,1459.9709469547,,2657.3239208850,,37169.5727848836,11207.5801178091,4566.7726681289,
2016-08-09,2264.3439259859,89.9790752023,346.8816362673,1466.8715523758,,2678.1633421780,,36852.7303956677,11139.7102341728,4624.0721997240,
2016-08-10,2257.5034295387,89.9524015634,351.8405438987,1490.5307709625,,2673.4851047449,,37100.2635122426,11279.9746603545,4612.6122934050,
2016-08-11,2251.9193508063,90.0813241514,348.9377686998,1480.1798628308,,2635.1235577932,,37159.6714602206,11212.1047767181,4622.1622153375,
2016-08-12,2295.0563590140,90.2902676561,348.6353962833,1484.1230659286,,2662.5125114926,,37189.3754342095,11175.9075054454,4646.9920123621,
2016-08-15,2359.2732644366,90.4325270635,347.9701769669,1498.4171771580,,2724.0951278852,,36704.2105257228,11126.1362574455,4650.8119811351,
2016-08-16,2354.6663994823,90.2280291653,349.5425135329,1502.8532806431,,2746.6357264267,,36852.7303956677,11248.3020479908,4631.7121372700,
2016-08-17,2349.3615246866,90.1657906746,347.8492280002,1498.9100775453,,2751.9944347592,,36852.7303956677,11266.4006836272,4694.7416220246,
2016-08-18,2345.2839925652,90.1880187070,349.9053604328,1484.1230659286,,2752.2532754698,,37001.2502656126,11565.0281716270,4669.9118250001,
2016-08-19,2342.7531105588,89.9657383829,349.9053604328,1471.8005562480,,2754.7554023386,,37021.0529149386,11479.0596523543,4673.7317937731,
2016-08-22,2331.9265597538,90.1346714292,346.7606873006,1481.1656636052,,2726.7143253604,,36773.5197983638,11198.5307999909,4564.8626837424,
2016-08-23,2332.6295825334,89.7879141236,347.4259066171,1481.6585639925,,2721.5375111490,,36753.7171490378,11257.3513658090,4580.1425588344,
2016-08-24,2321.5218226165,89.7745773041,347.6073300670,1469.3360543119,,2723.9533577810,,36288.3548898770,11239.2527301727,4566.7726681289,
2016-08-25,2308.8674125847,89.7256756328,344.4021824516,1462.9283492780,,2709.1994372786,,36011.1177993131,11166.8581876273,4589.6924807670,
2016-08-26,2304.7898804634,89.9390647440,344.4626569349,1438.2833299168,,2708.8543163312,,36070.5257472911,11194.0061410818,4580.1425588344,
2016-08-29,2305.3522986870,89.7612404847,343.3741162353,1439.7620310785,,2729.5615731766,,36060.6244226281,11171.3828465364,4576.3225900614,
2016-08-30,2315.1946176006,89.4544936374,344.2812334849,1438.2833299168,,2730.7694964926,,35902.2032280202,11148.7595519909,4545.7628398774,
2016-08-31,2327.4272139647,89.5345145541,342.7693714022,1410.6809082323,,2736.3777118883,,35912.1045526832,11053.7417149001,4524.7530116259,
2016-09-01,2300.1499301183,89.5967530448,341.9832031191,1420.0460155896,,2708.7680360943,,36169.5389939211,11067.3156916274,4559.1327305829,
2016-09-02,2312.2419219265,89.5700794059,342.4669989856,1421.5247167513,,2705.3168266201,,36278.4535652140,11171.3828465364,4599.2424026995,
2016-09-05,2319.5533588338,89.5389601605,346.7002128173,1414.6241113301,,2721.7963518596,,36120.1619761648,10951.7079687675,4622.1622153375,
2016-09-06,2340.3628331084,89.4633848503,347.0630597172,1422.5105175257,,2780.7257536322,,36179.5213220582,10979.1673284886,4629.8021528835,
2016-09-07,2341.2064604438,89.4144831790,351.7800694154,1449.1271384357,,2773.4782137363,,36357.5993597386,10992.8970083492,4595.4224339265,
2016-09-08,2339.8004148847,89.5834162254,351.2962735489,1461.9425485035,,2794.2717508186,,36179.5213220582,10974.5907685351,4650.8119811351,
2016-09-09,2326.3023775175,89.6678827485,349.1191921497,1452.5774411463,,2780.3806326848,,36228.9874436361,11029.5094879773,4639.3520748160,
2016-09-12,2273.9974827192,89.4856128828,347.7282790336,1455.5348434696,,2698.8458088559,,35783.7923494352,10947.1314088140,4561.0427149694,
2016-09-13,2281.7307332942,89.7301212393,347.6678045503,1446.6626364996,,2714.4625317268,,36209.2009950050,11006.6266882097,4543.8528554909,
2016-09-14,2274.2786918311,89.7790229106,345.9140445343,1426.9466210107,,2704.8854254358,,36337.8129111074,10869.3298896042,4541.9428711044,
2016-09-19,2292.9706115644,89.8101421560,344.1602845183,1468.8431539247,,2734.0542941546,,36832.4741268862,10905.9423692323,4572.5026212884,
2016-09-20,2293.2559843848,89.8368157949,344.5231314182,1467.3644527630,,2731.3306949670,,36881.9402484641,11043.2391678379,4547.6728242639,
2016-09-21,2309.0941759146,89.8323701884,345.1278762513,1473.7721577969,,2744.7729748283,,36901.7266970952,11116.4641270942,4534.3029335584,
2016-09-22,2327.7860956479,89.8190333689,347.9701769669,1448.1413376613,,2764.5410334480,,37247.9895481404,11267.4906055602,4549.5828086504,
2016-09-23,2317.5126741151,89.9346191375,348.5144473166,1433.8472264318,,2766.9132004824,,37455.7472587674,11436.8233238404,4561.0427149694,
2016-09-26,2286.4070366962,90.0235312671,348.4539728333,1412.6525097812,,2724.1263358256,,37356.8150156117,11368.1749245376,4515.2030896933,
2016-09-27,2300.6756777140,90.0013032347,347.9701769669,1400.3300001007,,2743.6308203303,,37277.6692210871,11436.8233238404,4522.8430272393,
2016-09-28,2298.2500087410,89.9790752023,345.2488252179,1404.7661035857,,2741.2586532960,,37099.5911834067,11391.0577243052,4501.8331989878,
2016-09-29,2312.8040225792,89.9612927764,344.4021824516,1421.0318163640,,2767.4403487122,,37228.1345430507,11523.7779629572,4511.3831209203,
2016-09-30,2315.8004371929,89.9701839893,345.0674017680,1417.5815136535,,2775.6990043133,,37287.4622475018,11449.1300085413,4494.1932614418,
2016-10-10,2346.6207017914,90.2769308366,331.4001685399,1408.2164062962,,2831.0495684483,,37228.1345430507,11738.3908319030,4536.2129179449,
2016-10-11,2352.8989038393,90.1880187070,331.2792195732,1406.2448047473,,2835.5303284021,,37732.4200308849,11859.6937578288,4612.6122934050,
2016-10-12,2347.0487610220,90.0724329384,330.5535257735,1387.5145900329,,2832.6310131379,,37524.7730653061,11817.7042834699,4580.1425588344,
2016-10-13,2345.1938376896,90.1657906746,331.6420664731,1364.8411722206,,2838.6932177812,,37208.3586415670,11911.0142264898,4509.4731365338,
2016-10-14,2355.6099456327,90.2191379523,330.7349492234,1385.5429884840,,2840.8896687390,,36951.2719222790,12004.3241695097,4511.3831209203,
2016-10-17,2333.6362384652,90.2724852301,331.0373216400,1393.4293946795,,2819.3644493531,,36901.8321685698,11869.0247521308,4568.6826525154,
2016-10-18,2366.4541128062,90.2324747718,332.8515561393,1407.7235059090,,2857.7584120944,,36980.9357745046,11929.6762150938,4589.6924807670,
2016-10-19,2363.4576981925,90.3880709987,332.8515561393,1394.4151954540,,2851.5204913744,,36773.2888089258,11747.7218262050,4589.6924807670,
2016-10-20,2366.7394856266,90.5925688969,335.3310099550,1416.5957128790,,2854.9469548685,,36891.9442178280,11733.7253347520,4683.2817157056,
2016-10-21,2372.2073905666,90.6459161746,334.1819947721,1414.6241113301,,2845.4274994565,,36763.4008581840,11785.0458034129,4643.1720435890,
2016-10-24,2406.0220658537,90.3391693274,335.0891120218,1432.3685252702,,2878.7011099620,,36931.4960207953,12064.9756324726,4690.9216532516,
2016-10-25,2402.1369755016,90.2458115912,336.1171782381,1421.5247167513,,2885.6405260567,,37584.1007697572,12410.2224216462,4677.5517625461,
2016-10-26,2395.6618249147,90.0546505125,337.6895148041,1442.7194334018,,2878.5231762160,,37336.9020012110,12708.8142393099,4656.5419342946,
2016-10-27,2391.9206267978,90.2635940172,336.5404996212,1464.8999508269,,2872.8292963434,,37396.2297056621,12624.8352905920,4641.2620592025,
2016-10-28,2391.4889500920,90.2991588690,336.8428720378,1458.4922457930,,2851.8331143132,,37841.1874890452,12932.7581025576,4679.4617469326,
2016-10-31,2386.7405063283,90.0190856606,338.2337851539,1434.3401268191,,2850.3206774720,,37959.8428979473,13156.7019658054,4702.3815595706,
2016-11-01,2403.8636823247,90.0946609708,338.9594789536,1430.3969237213,,2875.8541700257,,38286.1452724283,13170.6984572584,4650.8119811351,
2016-11-02,2388.0355364457,90.1257802162,342.2251010524,1389.4861915818,,2846.9399362977,,38128.0197369717,12648.1627763470,4589.6924807670,
2016-11-03,2411.4899707937,90.2724852301,343.1926927853,1392.4435939051,,2862.5091390743,,38533.2164215792,12750.8037136689,4604.9723558590,
2016-11-04,2401.9930832663,90.2769308366,341.5598817360,1388.0074904201,,2855.6586898526,,38671.5762651037,12593.9146299436,4557.2227461964,
2016-11-07,2405.4464969126,90.0635417255,340.8946624196,1412.1596093940,,2850.9434455831,,39906.9320108584,12684.2447084521,4604.9723558590,
2016-11-08,2421.1307505565,90.0146400542,340.1084941365,1427.4395213979,,2877.6335074859,,39976.1119326206,12698.5073524271,4614.5222777915,
2016-11-09,2408.8999105590,90.0324224801,349.1796666331,1427.9324217852,,2849.1641081229,,41112.6392187149,12826.8711482023,4660.3619030676,
2016-11-10,2431.3470992602,89.7365433842,342.5947594961,1476.2366597330,,2890.9785384373,,43395.5766368695,13368.8516192531,4767.3210287117,
2016-11-11,2458.2549472546,89.5437736701,337.3268337866,1481.1656636052,,2919.4479378003,,46152.8906613939,13411.6395511782,4939.2196234970,
2016-11-14,2464.5862056063,89.3644530059,326.7909823675,1413.6383105557,,2929.9460288154,,44986.7148374015,13625.5792108035,4559.1327305829,
2016-11-15,2462.8594987831,89.5168755705,330.3827498968,1420.3136821638,,2936.7075111641,,43158.3883336846,13121.6324570194,4595.4224339265,
2016-11-16,2463.1472832536,89.3106568067,331.6997313241,1444.9612081016,,2945.3565454343,,44057.7273165940,12931.4638706858,4644.0314588582,
2016-11-17,2468.6560582971,89.2075474247,331.0412406105,1441.3667772357,,2949.2305920345,,43158.3883336846,12769.8205723022,4640.2923030942,
2016-11-18,2460.5378634962,89.1582342421,327.3896102891,1436.7453661223,,2931.1216765312,,43692.0620158506,12964.7433732942,4640.2923030942,
2016-11-21,2475.3245754550,89.2434115576,329.9038475595,1466.0143031734,,2938.5093933037,,44591.4009987600,13397.3769072031,4700.1187953178,
2016-11-22,2501.2738052650,89.2568606074,330.7419266497,1501.9586118327,,2970.2225189611,,45668.6312090581,13511.4780590033,4767.4235990694,
2016-11-23,2506.9275480728,89.5213585871,331.1609661948,1513.7688846779,,2955.8975559511,,45223.9031405864,13406.8853365198,4761.8148654234,
2016-11-24,2511.4215487662,89.3868680890,327.6889242498,1509.1474735645,,2949.5008743554,,47645.2004022655,13445.5776462933,4821.6413576470,
2016-11-25,2549.2581352489,89.2837587070,324.9352358108,1503.4990822038,,2957.2489675558,,47536.4890966391,13373.0295654680,4812.2934682371,
2016-11-28,2560.4206531002,89.2972077569,327.8086498342,1546.1187624712,,2971.4838364589,,48801.4933802919,13518.1257271187,4849.6850258768,
2016-11-29,2581.5859466883,88.7009665484,326.5515311989,1527.6331180179,,2953.6452032766,,46015.9301236113,12981.2699290113,4855.2937595228,
2016-11-30,2562.0152985075,88.6337212993,324.5161962657,1507.6070031934,,2942.1131575829,,45376.1364427482,12715.2602993184,4789.8585336532,
2016-12-01,2586.5148506745,88.0329970742,322.3611357482,1507.6070031934,,2960.4923554071,,46321.0624944844,12918.3949256293,4844.0762922309,
2016-12-02,2555.7816846425,88.0957593067,321.8822334109,1486.0404179979,,2897.8769510551,,45897.8143671442,12889.3756932992,4888.9461613986,
2016-12-05,2502.8684506723,87.8491933934,321.7625078266,1497.3372007194,,2896.5255394504,,46616.3518856520,12753.9526090919,4918.8594075104,
2016-12-06,2499.5341920934,87.4905520650,321.0441543208,1503.4990822038,,2897.1561981992,,46941.1702159363,12734.6064542052,4883.3374277526,
2016-12-07,2507.5074191300,87.6474576462,320.5053891914,1512.7419044305,,2922.9231127959,,47590.8068765049,12691.0776057100,4890.8157392806,
2016-12-08,2506.9275480728,87.6922878122,322.9597636697,1495.7967303482,,2923.0132069029,,46468.7071900682,12681.4045282666,4898.2940508085,
2016-12-09,2521.7142600316,87.6026274801,322.6604497089,1476.2841056475,,2908.2377733580,,46645.8808247687,12884.5391545775,5029.1645025477,
2016-12-12,2457.4935404458,86.6880920927,320.8047031522,1505.0395525749,,2781.4753648352,,46488.3931494794,13005.4526226197,5188.0786225167,
2016-12-13,2457.9284437387,86.5491185779,321.1040171129,1513.7688846779,,2806.8819030039,,46183.2607786062,12865.1929996907,5171.2524215788,
2016-12-14,2443.8665706015,86.3160017145,322.8400380854,1485.5269278742,,2803.7286092596,,45760.0126512660,12613.6929861629,5117.0346630011,
2016-12-15,2412.2635979837,84.7783270189,319.6074473091,1492.7157896060,,2821.2068660140,,46055.3020424336,12579.8372151111,5143.2087533489,
2016-12-16,2422.4986841674,85.9483943528,317.6918379602,1493.7427698534,,2846.0693765239,,45730.4837121493,12492.7795181207,5113.2955072371,
2016-12-19,2411.8249514329,84.8814364008,319.1884077640,1495.7967303482,,2843.1335819249,,44913.5163965857,12217.0968109845,5146.9479091129,
2016-12-20,2393.5480118192,84.9531646665,317.5721123759,1454.7175204520,,2836.6197876585,,44185.1358983724,12250.9525820363,4995.5121006719,
2016-12-21,2419.8668048630,86.2935866314,317.0932100386,1450.6095994623,,2870.0144512216,,44618.2270054181,12458.9237470689,5038.5123919576,
2016-12-22,2412.5560290175,86.9525900724,315.2374634819,1439.8263068646,,2860.1061444501,,43732.3588319155,12381.5391275219,4978.6858997340,
2016-12-23,2395.7412445728,86.5849827108,315.5367774426,1439.3128167409,,2848.5464532167,,44362.3095330729,12284.8083530881,4971.2075882061,
2016-12-26,2404.9528221381,86.6567109765,316.9734844543,1421.8541525349,,2853.1336322776,,43378.0115625144,12226.7698884279,4918.8594075104,
2016-12-27,2405.5376842058,86.2487564654,318.5897798425,1443.4207377305,,2851.3905042345,,43899.6894869104,12371.8660500785,5014.2078794918,
2016-12-28,2398.9579859448,86.6432619266,320.0264868542,1458.3119513179,,2852.3079400466,,44824.9295792354,12236.4429658713,5098.3388841812,
2016-12-29,2400.1277100801,87.5757293805,321.7625078266,1454.2040303283,,2851.2987606533,,45011.6182381582,12304.1545079749,5107.6867735912,
2016-12-30,2401.5898652492,87.2574352015,324.8753730186,1439.3128167409,,2848.9134275416,,44707.0209525474,12376.7025888002,5100.2084620632,
2017-01-03,2431.5640462158,87.3201974340,322.9597636697,1423.9081130298,,2878.8218350185,,44962.4896437048,12178.4045012110,5090.8605726533,
2017-01-04,2455.2509599552,87.1767409026,323.7379799677,1433.6644253801,,2920.6569080536,,44726.6723903287,12226.6167122213,5034.7732361936,
2017-01-05,2449.6947703126,87.3739936333,322.6604497089,1430.5834846379,,2916.9871648049,,44962.4896437048,12144.6559535038,4993.6425227899,
2017-01-06,2439.1672530951,87.1857069359,321.8822334109,1433.1509352564,,2907.8128066831,,44559.6351691873,12062.6951947862,5002.9904121998,
2017-01-09,2450.5720634141,87.5398652477,322.9597636697,1424.9350932772,,2923.7761898149,,44933.0124870328,12130.1922902007,5025.4253467837,
2017-01-10,2444.4310117039,87.4995180982,325.0549613951,1426.4755636483,,2910.3816269572,,45306.3898048783,12409.8231140606,4986.1642112620,
2017-01-11,2429.3708134621,87.2126050355,325.4740009402,1450.0961093386,,2888.8218853711,,46338.0902883986,12573.7446314958,5064.6864823055,
2017-01-12,2412.5560290175,87.2888163178,325.9529032774,1441.8802673594,,2861.6657853308,,46161.2273483665,12805.1632443454,5092.7301505353,
2017-01-13,2419.2819427953,87.4143407827,324.7556474343,1474.2301451527,,2834.1427109656,,46573.9075417746,12916.0513296692,5100.2084620632,
2017-01-16,2413.4333221189,86.8449976739,326.7909823675,1493.7427698534,,2757.5368206491,,47114.3220807615,12911.2301085681,5100.2084620632,
2017-01-17,2423.8146238196,86.6118808104,328.7664545086,1500.4181414616,,2782.1241004154,,45964.7129705531,12843.7330131537,5081.5126832433,
2017-01-18,2445.4545203223,86.6567109765,327.4494730812,1507.6070031934,,2786.1608179890,,45787.8500305211,12858.1966764568,5062.8169044235,
2017-01-19,2431.5640462158,86.8887296797,324.0971567206,1523.5251970282,,2773.8671781058,,45915.5843760998,12877.4815608609,5096.4693062992,
2017-01-20,2454.1069914399,87.1389459283,324.9352358108,1504.0125723275,,2814.4919551263,,45276.9126482062,12858.1966764568,5047.8602813676,
2017-01-23,2453.3750776339,87.0798039059,326.5515311989,1507.0935130697,,2829.0206339240,,46033.4930027878,13200.5033746301,5208.6439792185,
2017-01-24,2454.3997569623,86.3428033191,326.0726288617,1509.1474735645,,2833.0923655616,,46249.6588183825,13234.2519223374,5204.9048234546,
2017-01-25,2465.9639950967,86.0743895251,322.7801752932,1479.8785365134,,2847.8986624256,,46819.5505140414,13547.6312939046,5292.7749839080,
2017-01-26,2472.1120710669,85.7741300268,320.3856636071,1495.7967303482,,2863.5378134881,,47202.7535507775,13340.3187865601,5287.1662502620,
2017-02-03,2457.0346466638,85.0689751443,325.1746869794,1483.4729673794,,2852.5256301956,,45964.7129705531,13268.0004700446,5283.4270944980,
2017-02-06,2454.8389052458,84.9506910995,328.4072777557,1499.9046513379,,2868.5349386797,,45787.8500305211,13142.6487214177,5406.8192347093,
2017-02-07,2451.1793362160,85.2373024388,331.0412406105,1497.3372007194,,2862.8900380003,,46033.4930027878,13113.7213948115,5371.2972549515,
2017-02-08,2466.1103778579,85.6922410727,331.3405545712,1522.4982167808,,2890.2816871986,,46829.3762329321,13205.3245957312,5391.8626116533,
2017-02-09,2474.3078124848,86.0288956617,333.0765755437,1521.9847266571,,2907.9567040800,,46583.7332606653,13238.8771446133,5330.1665415477,
2017-02-10,2489.9707679327,85.8514695945,329.5446708066,1538.9299007393,,2912.3060537838,,46808.8700257410,13262.8432509576,5369.4276770695,
2017-02-13,2502.4133026343,86.2108711153,330.9215150261,1532.7680192549,,2928.9631377557,,49060.2376764981,13454.5721017123,5464.7761490509,
2017-02-14,2502.7060681567,85.9788524120,330.4426126889,1517.8768056675,,2929.7959919543,,49050.4491214948,13818.8569181463,5474.1240384608,
2017-02-15,2493.4384209285,85.8059757311,329.1854940537,1508.1204933171,,2905.0569501544,,47709.4170860439,13751.7518203821,5335.7752751937,
2017-02-16,2509.4729216884,86.5702726360,330.8616522340,1517.3633155438,,2933.2632061460,,47650.6857560241,13770.9247054576,5292.7749839080,
2017-02-17,2495.2036870672,86.5475257043,332.1786336614,1492.2022994823,,2911.0542936210,,47337.4519959188,13483.3314293255,5303.9924511999,
2017-02-20,2546.8377216245,87.0070137245,331.4602801555,1497.3372007194,,2958.2833734209,,47738.7827510537,13560.0229696274,5318.9490742558,
2017-02-21,2544.3369279280,86.4929330683,332.2384964535,1517.3633155438,,2971.0277282876,,47885.6110761031,13636.7145099293,5290.9054060260,
2017-02-22,2550.0740428788,87.0024643382,331.8793197006,1496.3102204719,,2993.7988917626,,47631.1086460175,13377.8805614104,5277.8183608521,
2017-02-23,2540.2179736043,86.9933655655,332.5378104143,1478.8515562660,,2997.5472314292,,47366.8176609287,13267.6364722265,5174.9915773427,
2017-02-24,2539.7766570696,87.0343100425,336.6084802808,1477.8245760186,,3003.6382833875,,46750.1386957213,13147.8059405048,5227.3397580384,
2017-02-27,2520.3587295438,86.9524210885,337.8057361238,1483.9864575031,,2974.3075254959,,46720.7730307114,13186.1517106557,5240.4268032123,
2017-02-28,2522.4182067057,87.1935385644,336.6683430729,1479.3650463897,,2987.6141313126,,46730.5615857147,13200.5313744623,5204.9048234546,
2017-03-01,2526.6842665409,86.5975689541,334.2139685946,1493.7427698534,,2997.6409399209,,47621.3200910142,13593.5755185095,5204.9048234546,
2017-03-02,2514.0331925468,86.5429763180,334.5731453475,1512.2284143068,,2993.9863087459,,47660.4743110274,13560.0229696274,5197.4265119266,
2017-03-03,2504.4713342954,86.4155935005,332.1187708692,1506.0665328223,,2995.3919361209,,47259.1435558924,13579.1958547029,5171.2524215788,
2017-03-06,2516.9753027780,86.3791984098,332.1786336614,1520.9577464097,,3026.6905723375,,46877.3899107641,13162.1856043114,5204.9048234546,
2017-03-07,2524.7718948906,86.5793714087,330.9215150261,1515.3093550490,,3029.1269931208,,46710.9844757081,13181.2198568122,5208.6439792185,
2017-03-08,2523.1537342635,86.1426303202,328.7065917165,1490.6618291112,,3021.9114392625,,46143.2482855172,13138.3927886853,5045.9907034856,
2017-03-09,2503.5887012261,86.0288956617,327.1501591205,1488.0943784927,,2994.3611427126,,45431.1009018295,13014.6701474301,4873.9895383427,
2017-03-10,2505.6481783879,86.1517290929,324.5161962657,1468.5817537920,,3003.5445748959,,45509.1444507268,13257.3568668154,4763.6844433054,
2017-03-13,2539.6295515581,86.8750815207,327.6290614577,1475.7706155238,,3038.3104253042,,46396.8898194334,13209.7712355634,4763.6844433054,
2017-03-14,2534.6279641651,86.9387729294,326.0726288617,1460.3659118127,,3031.4697054125,,46201.7809471901,12995.6358949293,4739.3799308395,
2017-03-15,2538.5998129772,87.0479582016,326.2522172382,1474.2301451527,,3029.7829525625,,46504.1996991671,13086.0485943081,4748.7278202495,
2017-03-16,2560.6656397111,87.6712241299,331.8194569085,1470.6357142868,,3063.7991350375,,46982.2164361630,13285.9082455666,4773.0323327153,
2017-03-17,2523.9238508515,87.6029833349,331.6997313241,1463.5090614657,,3035.6682931323,,46572.4878044522,13095.5657205585,4776.7714884793,
2017-03-20,2531.6277743221,87.6803229026,333.3758895045,1479.7985536281,,3043.7192074823,,46806.6184511441,13105.0828468089,4750.5973981315,
2017-03-21,2544.5170308978,87.8759465152,332.0589080771,1464.5271547259,,3052.2437050293,,46133.4928419050,13209.7712355634,4743.1190866035,
2017-03-22,2534.4426694363,87.8759465152,334.9921848926,1463.5090614657,,3044.5716572370,,45518.8998943389,13138.3927886853,4715.0754183737,
2017-03-23,2543.6281166512,87.9851317873,334.9323221005,1439.0748232221,,3054.6116210146,,45967.6503004983,13166.9441674366,4756.2061317774,
2017-03-24,2580.3699055107,88.5447063069,333.9745174260,1431.9481704011,,3091.4563937456,,45948.1394132740,13033.7043999309,4696.3796395538,
2017-03-27,2563.7768395742,88.5401569206,337.6261477474,1428.8938906206,,3069.1032668445,,45128.6821498525,13052.7386524317,4645.9010367401,
2017-03-28,2561.5545539577,88.1762060135,336.6683430729,1425.8396108402,,3062.7572520039,,45596.9434432362,12990.8773318041,4634.6835694482,
2017-03-29,2560.5174873366,88.1716566272,335.9499895671,1433.4753102913,,3051.5806885534,,46367.6234885969,13166.9441674366,4675.8142828520,
2017-03-30,2541.9984405324,88.1216133775,335.9499895671,1417.6948647590,,3015.0200657406,,46299.3353833118,13152.6684780610,4632.8139915662,
2017-03-31,2555.9247637292,88.1125146048,333.5554778809,1415.1496316086,,3021.5555138600,,46582.2432480644,13319.2181874431,4569.2483435786,
2017-04-05,2598.0000380683,87.8395514245,336.7282058651,1402.4234658567,,3096.5710922738,,46260.3136088631,13476.2507705748,4660.8576597960,
2017-04-06,2595.6296000774,88.0852182868,336.7282058651,1401.9144192266,,3095.3397759614,,46640.7759097374,13414.3894499471,4694.5100616718,
2017-04-07,2600.5186284337,88.4036753304,339.4220315120,1389.1882534748,,3104.8114399026,,45977.4057441105,13328.7353136935,4658.9880819141,
2017-04-10,2593.8517715842,88.1079652184,337.8655989160,1405.9867922672,,3100.0756079320,,45899.3621952132,13390.5966343211,4684.4370999191,
2017-04-11,2596.3703619496,88.1989529452,338.5240896297,1405.9867922672,,3126.6909836066,,45440.8563454417,13200.2541093130,4657.1702949137,
2017-04-12,2589.7035051000,88.0488231960,342.2355827432,1416.6767714988,,3104.7167232632,,45021.3722701188,13195.4955461878,4604.4544719034,
2017-04-13,2599.0371046894,88.1716566272,343.7920153392,1443.6562428928,,3130.3849325436,,45264.8363208981,13341.9022612672,4609.9078329044,
2017-04-14,2575.6290295288,87.7940575611,344.4505060529,1440.6019631123,,3087.1941449721,,44904.5095257447,13436.3582064797,4606.2722589037,
2017-04-17,2572.2215249169,87.4073597223,343.8518781314,1438.0567299620,,3051.3912552746,,45264.8363208981,13681.9436640322,4671.7125909166,
2017-04-18,2564.9620585696,87.4846992901,342.9539362491,1431.4391237710,,3041.4460081364,,44651.3069129342,13691.3892585535,4671.7125909166,
2017-04-19,2548.2208402586,87.5984339485,342.7743478726,1453.8371754943,,3005.6431184389,,44641.5683509030,13464.6949900434,4602.6366849030,
2017-04-20,2561.9990110810,87.5529400851,342.5348967040,1447.7286159334,,3006.2114182754,,44368.8886140301,13554.4281379953,4577.1876668980,
2017-04-21,2561.7012427161,87.1980879507,342.2954455354,1439.5838698522,,2981.4462027007,,44826.6010294953,13559.1509352559,4553.5564358934,
2017-04-24,2537.1353526168,86.7931925666,339.9009338492,1454.3462221244,,2909.1508233886,,44709.7382851212,13535.5369489528,4540.8319268909,
2017-04-25,2547.8550137511,87.2390324278,339.9009338492,1451.2919423439,,2918.4854046436,,44826.6010294953,13578.0421242985,4495.3872518820,
2017-04-26,2551.7260024940,87.2845262912,338.1649128768,1428.3848439905,,2925.1529626830,,45021.3722701188,13578.0421242985,4484.4805298798,
2017-04-27,2550.9815815819,87.4346560403,338.6438152140,1421.2581911695,,2933.7255373050,,45079.8036423058,13578.0421242985,4499.0228258827,
2017-04-28,2546.2172877445,87.2663287458,339.0628547591,1424.8215175800,,2943.4411218766,,45118.7578904305,13238.0007215334,4488.1161038805,
2017-05-02,2536.5398158872,87.1434953147,336.1295779435,1465.5452479860,,2941.3456036356,,45566.7317438645,13086.8712091934,4529.9252048887,
2017-05-03,2528.6489542189,87.0434088152,335.4191948975,1456.3824086447,,2931.9157715514,,45362.2219412099,13186.0499516665,4529.9252048887,
2017-05-04,2518.6737139968,86.6021183404,331.0976980342,1460.4547816853,,2916.3898864027,,43998.8232568455,13119.9307900178,4444.4892158720,
2017-05-05,2501.5520330185,86.6521615901,330.0913220523,1446.2014760432,,2885.0523636179,,43804.0520162220,13176.6043571453,4351.7820788538,
2017-05-08,2485.9191938644,86.2927600694,329.7361305293,1434.4934035514,,2834.2836716898,,43502.1565932556,12935.7416968534,4379.0488838591,
2017-05-09,2488.0035724183,86.1653772519,329.6769319421,1433.9843569214,,2851.3335701047,,43560.5879654426,13025.4748448053,4380.8666708595,
2017-05-10,2474.3062276357,85.8308523070,328.0193715014,1444.6743361529,,2782.3719698122,,43687.1892718479,13016.0735637913,4351.7820788538,
2017-05-11,2487.4080356886,86.4403292614,328.3745630244,1443.1471962627,,2775.2281576272,,44086.4703151260,13016.0735637913,4386.3200318606,
2017-05-12,2506.6140952208,86.1470471179,329.2625418320,1421.2581911695,,2775.2281576272,,43755.3592060661,13025.4748448053,4379.0488838591,
2017-05-15,2521.0558609155,86.6236306011,330.8017050984,1415.6586782387,,2798.8503632522,,44242.2873076248,13147.6914979864,4440.8536418713,
2017-05-16,2554.1081494127,86.4494943284,331.5120881444,1411.0772585680,,2862.1921646259,,43989.0846948143,13128.8889359585,4473.5738078777,
2017-05-17,2539.2197311707,86.5594751322,332.6368613006,1429.9119838808,,2866.0252865820,,44203.3330595001,13213.5004650839,4469.9382338770,
2017-05-18,2527.0889851828,86.7977668738,335.3599963103,1409.0410720477,,2836.5102475200,,43784.5748921596,13095.9844524098,4460.8492988752,
2017-05-19,2532.3306655480,86.7565240724,334.6496132643,1393.2606265154,,2833.4437499551,,44115.6860012196,13189.9972625491,4511.7473348852,
2017-05-22,2532.6301901403,86.2295327208,335.4191948975,1399.8782327063,,2792.7168291714,,44602.6141027783,13152.3921384934,4544.4675008916,
2017-05-23,2547.4566574588,86.2112025868,337.6687412099,1395.8058596657,,2738.7656376392,,44573.3984166848,13077.1818903819,4529.9252048887,
2017-05-24,2547.4566574588,86.4311641944,333.7024358696,1391.2244399951,,2759.3686681533,,44583.1369787159,13147.6914979864,4511.7473348852,
2017-05-25,2610.3568218405,86.5136497973,335.4191948975,1390.7153933650,,2784.0923047702,,44768.1696573083,13246.4049486327,4486.2983168802,
2017-05-26,2606.3132398445,86.4265816609,335.4783934847,1374.4259012026,,2786.0088657482,,44797.3853434018,13241.7043081257,4375.4133098584,
2017-05-31,2607.3615759176,86.8023494073,333.4656415209,1330.1388443861,,2765.8849754787,,44047.5160670014,12893.8569106102,4364.5065878563,
2017-06-01,2612.6032562827,86.8940000771,333.7024358696,1338.2835904673,,2715.2877656580,,44154.6402493443,12978.4684397356,4311.7907648459,
2017-06-02,2606.4630021407,86.8665048762,332.5184641262,1337.2654972071,,2756.5896547351,,44183.8494931696,12964.3665182147,4297.2484688431,
2017-06-05,2588.3417643069,87.0773014168,336.8991595767,1348.9735696988,,2767.0349120655,,44086.4853470851,12922.0607536520,4335.4219958506,
2017-06-06,2609.3084857675,86.9169127446,338.9711101276,1348.9735696988,,2782.4632279388,,43735.9744211807,12856.2517865545,4369.9599488574,
2017-06-07,2645.5509614350,87.0131459479,339.3263016506,1356.1002225199,,2851.8427353444,,43697.0287627469,12870.3537080754,4404.4979018641,
2017-06-08,2665.6191091187,86.9398254121,338.3199256688,1366.7902017515,,2846.0930524102,,44067.0125178682,12959.6658777077,4389.9556058613,
2017-06-09,2679.6967649565,87.0268935484,334.4720175028,1367.2992483815,,2857.7840743764,,44719.3522966347,12790.9324340920,4388.1378188609,
2017-06-12,2671.7593632607,87.3797486273,332.7552584749,1362.7178287109,,2818.3987462773,,45147.7545394067,12884.6732361007,4388.1378188609,
2017-06-13,2677.8996174027,87.4668167636,332.8736556493,1355.5911758898,,2853.4718121757,,44621.9881505501,12847.1769152972,4417.2224108666,
2017-06-14,2644.8021499543,87.5493023665,333.5248401081,1364.2449686011,,2854.0467804691,,44748.5615404600,12823.7417147951,4433.5824938698,
2017-06-15,2638.8116581084,87.4622342302,331.3344923829,1356.1002225199,,2878.8662451349,,44398.0506145556,12706.5657122841,4400.8623278634,
2017-06-16,2626.1627092793,87.3843311608,330.7425065112,1367.8082950116,,2875.6804838899,,44290.9500538626,12744.0620330876,4393.5911798620,
2017-06-19,2657.7850813521,87.9204875794,330.1505206395,1379.0073208733,,2899.0427330204,,44475.9419314233,12950.2917975069,4413.5868368659,
2017-06-20,2651.0088587650,87.8334194430,329.4401375935,1380.0254141334,,2910.3377047075,,44631.7245651586,13119.0252411226,4388.1378188609,
2017-06-21,2679.1678281822,87.5126420986,329.3217404191,1372.3897146823,,2912.5580837571,,44320.1592976880,13034.6585193147,4366.3243748566,
2017-06-22,2680.9748208721,87.2743503570,331.3936909700,1353.0459427394,,2869.5020378388,,44602.5153213332,12903.4213965025,4324.5152738484,
2017-06-23,2708.5314593926,87.4530691632,332.0448754289,1346.4283365485,,2873.5566430598,,45459.3198068773,13062.7807599173,4348.1465048531,
2017-06-26,2746.0265577074,87.7555163736,332.2224711904,1352.5368961094,,2937.5614826200,,45585.8931967872,13025.2844391138,4357.2354398549,
2017-06-27,2748.4358812939,87.7142735722,330.8017050984,1355.5911758898,,2925.5907433961,,45488.5290507026,13058.0937198169,4362.6888008559,
2017-06-28,2730.8177025677,87.6042927684,330.0321234652,1353.0459427394,,2919.3157591255,,45683.2573428717,13081.5289203191,4382.6844578598,
2017-06-29,2747.3818022248,87.4484866297,329.3217404191,1356.6092691500,,2932.0588041058,,46179.8144879029,13109.6511609217,4429.9469198691,
2017-06-30,2742.5631550518,87.3201756919,326.1842152992,1351.5188028492,,2943.0641611342,,46209.0237317283,13072.1548401182,4411.7690498656,
2017-07-03,2729.9142062227,86.9764856800,325.1186407302,1415.1496316086,,2966.6194867039,,46247.9693901621,13245.5753238344,4439.0358548709,
2017-07-04,2700.7011577365,87.0635538163,322.7506972434,1424.3124709499,,2953.5868270649,,45694.1596726749,13161.2086020265,4406.3156888645,
2017-07-05,2741.2079105344,87.2835154240,322.5139028947,1421.2581911695,,2974.0529296091,,45801.0352321900,13283.0716446379,4499.0228258827,
2017-07-06,2735.4857670165,87.3889136943,323.0466901793,1432.9662636612,,2966.8125631430,,45626.1479529835,13240.8882837339,4491.7516778812,
2017-07-07,2730.9682852918,87.1735346202,322.2771085461,1442.6381496326,,2984.5755955398,,45791.3192722341,13254.8652945894,4495.3872518820,
2017-07-10,2736.0880979131,87.1552044862,318.2516046186,1485.9071131890,,2975.7906175609,,45441.5447138211,13208.2752584045,4495.3872518820,
2017-07-11,2757.0190965708,87.2422726225,319.6723707106,1491.5066261198,,2948.4703014289,,45713.5915925867,13217.5932656415,4726.2462009273,
2017-07-12,2739.7020832929,87.3155931584,320.8563424540,1483.3618800386,,2937.3684061809,,45907.9107917050,13245.5472873524,4798.9576809415,
2017-07-13,2770.1197935724,87.4393215627,321.7443212616,1450.2738490838,,2948.3737632094,,46053.6501910438,13343.3863633406,4828.0422729472,
2017-07-14,2784.8769005397,87.4301564957,320.4419523438,1426.8577041003,,2941.2299349628,,45820.4671521018,13394.6354031439,4898.9359659611,
2017-07-17,2747.9841331215,87.4439040962,323.2242859408,1430.4210305108,,2811.9652589883,,46452.0045492364,13511.1104936061,4902.5715399618,
2017-07-18,2748.1347158456,87.1918647541,324.0530661611,1437.5476833319,,2847.3947855624,,46335.4130297654,13371.3403850515,4922.5671969658,
2017-07-19,2807.9160573355,87.1597870197,324.4674562713,1438.5657765920,,2912.1719308789,,46597.7439485751,13492.4744791321,4904.3893269622,
2017-07-20,2821.3179197854,87.3797486273,324.6450520328,1446.7105226732,,2931.8657276667,,46432.5726293245,13436.5664357103,4804.4110419426,
2017-07-21,2814.3911144742,87.2697678235,326.5394068222,1460.4547816853,,2955.5175914559,,46636.6077883988,13459.8614538027,4768.0553019355,
2017-07-24,2827.2664236631,87.3751660938,327.3089884554,1427.8757973605,,2976.3586577004,,46403.4247494568,13469.1794610397,4742.6062839305,
2017-07-25,2805.9085578321,87.1781171536,327.7233785656,1457.9095485349,,2975.0866677418,,47180.7015459301,13576.3365442648,4733.5173489287,
2017-07-26,2790.1552383539,86.9306603451,324.8818463815,1429.4029372507,,2969.6073263817,,48628.3795793616,13520.4285008430,4682.6193129187,
2017-07-27,2795.1538878037,87.1139616848,328.6705559603,1431.4275873035,,2998.6674046663,,48618.6636194057,13450.5434465658,4757.1485799333,
2017-07-28,2808.6350938956,87.0314760819,328.2561658501,1443.0693251068,,3025.9662660851,,48521.5040198466,13399.2944067624,4700.7971829223,
2017-07-31,2819.0868154725,86.7794367398,329.2033432448,1439.5261875145,,3065.3001094197,,49269.6329364521,13553.0415261724,4729.8817749280,
2017-08-01,2839.2328874976,86.6557083355,329.1441446576,1436.4892124354,,3056.4940250910,,48754.6870587886,13441.2254393288,4691.7082479205,
2017-08-02,2842.7167946899,86.7427764719,329.0849460705,1415.2303868814,,3045.6331877524,,48590.0407179067,13758.0376853858,4649.8991469123,
2017-08-03,2814.2396402485,86.8115144743,327.8417757399,1397.0085364065,,3049.7426937724,,48406.0242192740,13594.9725587388,4644.4457859112,
2017-08-04,2796.2142073840,86.8298446082,329.6769319421,1401.0578365120,,3025.9662660851,,48832.1676897918,13669.0343772406,4666.2592299155,
2017-08-07,2813.6337433455,86.5044847303,326.7170025837,1404.6009741043,,3072.3449768826,,48851.5378475426,14016.1991514678,4642.6279989108,
2017-08-08,2815.4514340545,86.5686401992,326.4210096479,1426.8721246847,,3068.5290070068,,48861.2229264180,14289.3021071933,4673.0655908821,
2017-08-09,2813.6337433455,86.5594654188,327.3089884554,1427.3782871979,,3090.6420632099,,49694.1397097028,15011.4048375859,4735.7312214112,
2017-08-10,2803.0305475428,86.6924997342,329.6769319421,1431.9337498166,,3058.1573965753,,49190.5156081818,14891.0543825205,4742.8930077574,
2017-08-11,2747.5909809175,86.8392962202,331.3344923829,1379.2928484448,,3003.4618283563,,48396.3391403986,14895.6832461768,4642.6279989108,
2017-08-14,2788.1860734191,87.1145396313,331.2160952085,1383.8483110635,,3075.4760290883,,48483.5048502772,14608.6936994823,4667.6942511225,
2017-08-15,2798.0318980930,87.1374765823,328.9665488961,1380.8113359844,,3078.6070812941,,48745.0019799132,14636.4668814205,4588.9146013145,
2017-08-16,2792.8624646020,87.0870152902,327.9009743271,1374.7373858261,,3086.8260933341,,48590.0407179067,14904.9409734896,4567.4292422760,
2017-08-17,2815.0606201810,87.1191270215,331.4528895572,1379.2928484448,,3116.2159836122,,49849.1009717093,15293.7655206241,4592.4954944876,
2017-08-18,2816.5810417960,87.0870152902,332.1040740161,1380.3051734712,,3100.0416815800,,49452.0127378177,15136.3841563077,4621.1426398723,
2017-08-21,2828.8964568776,86.9998548767,331.1568966214,1380.3051734712,,3135.6448708095,,50023.4323914666,15210.4459748095,4658.7420181898,
2017-08-22,2837.5628600831,86.9906800963,330.4465135753,1386.3791236295,,3124.4017584212,,50546.4266507385,15168.7862019023,4708.8745226130,
2017-08-23,2844.4047573506,86.9218692435,330.5057121625,1383.8483110635,,3099.3513150298,,49936.2666815880,15006.7759739296,4703.5031828534,
2017-08-24,2831.0250471386,86.8805827318,330.6241093368,1378.7866859316,,3081.3031609329,,50255.8742844763,15242.8480204041,4760.7974736228,
2017-08-25,2884.8479723097,86.8025970987,330.3873149882,1384.3544735767,,3120.0623115345,,51108.1612255120,15386.3427937513,4755.4261338632,
2017-08-28,2922.0983018774,86.7062619048,332.0448754289,1389.9222612218,,3164.7388897089,,51253.4374086430,15151.4719519431,4732.1503282381,
2017-08-29,2917.5370370323,86.8668205613,336.0111807692,1378.2805234184,,3150.9315587058,,51011.3104367579,15050.1551182219,4728.5694350650,
2017-08-30,2914.8002781253,86.9493935846,331.9264782546,1370.1819232074,,3172.5301693464,,51040.3656733841,15183.7091263089,4746.4739009305,
2017-08-31,2911.3033084108,87.0227918276,331.3936909700,1365.1202980755,,3187.6196096569,,51156.5866198890,15252.7887856643,4750.0547941035,
2017-09-01,2917.5370370323,86.9081070730,333.6432372824,1369.1695981810,,3219.3764709641,,51137.2164621382,15446.2118318593,4810.9299780461,
2017-09-04,2921.1860489084,86.8805827318,336.4847694665,1379.7990109580,,3229.2388502521,,51476.1942227773,15275.8153387828,4810.9299780461,
2017-09-05,2930.0044942754,86.6970871244,335.8335850077,1380.3051734712,,3239.3971009187,,51921.7078510460,15257.3940962880,4814.5108712192,
2017-09-06,2924.2268921384,86.8943449024,336.3663722922,1385.3667986031,,3251.4292036499,,51485.8793016528,15091.6029138351,4759.0070270363,
2017-09-07,2910.2390132803,87.1558261430,335.1232019617,1387.8976111691,,3229.6333454236,,51002.8066867001,14875.1533145217,4742.8930077574,
2017-09-08,2904.6134533048,87.3026226289,335.8927835949,1375.2435483393,,3231.5071974883,,49988.3541952996,14617.2559195950,4728.5694350650,
2017-09-11,2912.6716878643,87.2017000449,334.3536203285,1379.2928484448,,3285.0599170218,,49785.4636970195,15225.1569219222,4710.6649691996,
2017-09-12,2922.4023862004,87.2796856780,332.8144570621,1377.7743609052,,3277.5645087630,,49949.7083861034,15298.8418919012,4744.6834543439,
2017-09-13,2922.4023862004,87.1558261430,333.2880457594,1361.5771604831,,3294.8236725169,,49273.4067251697,15252.7887856643,4694.5509499207,
2017-09-14,2911.9114770568,87.5182299677,332.8736556493,1373.2188982865,,3294.7250487240,,48674.3966826284,15280.4206494065,4708.8745226130,
2017-09-15,2914.8002781253,87.4861182364,334.4128189156,1385.8729611163,,3268.9842387825,,48674.3966826284,14967.2595269955,4705.2936294399,
2017-09-18,2939.0458048960,87.2338117762,331.3344923829,1387.3914486559,,3313.8409745423,,48983.5631561981,15077.7869819641,4698.1318430937,
2017-09-19,2915.4102284844,87.3301469701,331.2752937957,1381.8236610108,,3275.2363944304,,49012.5475130952,15188.3144369326,4728.5694350650,
2017-09-20,2931.8788881777,87.2705108976,331.5712867315,1381.8236610108,,3308.9781868162,,49089.8391314876,15708.7145374097,4762.5879202094,
2017-09-21,2925.6268969978,87.1328891921,328.5521587859,1387.3914486559,,3272.2591774552,,48461.8447320492,15464.6330743541,4716.0363089592,
2017-09-22,2919.6798809974,87.2659235075,329.0849460705,1412.1934118022,,3241.2961209130,,47949.7877601994,15114.6294669536,4753.6356872766,
2017-09-25,2898.3316184320,87.3714334817,328.6705559603,1421.8104995528,,3195.9431823240,,48558.4592550397,15123.8400882010,4775.1210463152,
2017-09-26,2907.7858489967,87.3668460916,333.6432372824,1410.6749242626,,3217.8753473747,,48925.5944424038,15206.7356794274,4760.7974736228,
2017-09-27,2912.3604766893,87.3072100191,330.5649107497,1408.6502742099,,3255.0905595648,,48828.9799194132,15188.3144369326,4751.8452406901,
2017-09-28,2920.8997817155,87.3989578229,328.7889531346,1398.0208614329,,3251.1209369312,,48906.2715378056,15019.0470772439,4581.7528149683,
2017-09-29,2934.7761523830,87.3347343602,330.2097192267,1381.3174984976,,3274.0455076403,,50084.9687182901,15046.4958382745,4606.8190671800,
2017-10-09,2964.9686951540,87.0365539982,327.6641799784,1408.1441116967,,3316.7189509517,,50326.3187988524,15266.0859265193,4599.6572808338,
2017-10-10,2968.1709345388,87.1007774608,327.5457828041,1404.0948115912,,3332.9944037495,,50075.3147150676,15060.2202187898,4597.8668342472,
2017-10-11,2975.1853636675,87.0549035589,326.8945983452,1399.0331864592,,3305.1078047484,,50625.5928987497,14941.2755876572,4587.1241547280,
2017-10-12,2985.7070073604,86.8071844889,328.0785700886,1401.5639990252,,3299.8480547588,,51368.9511468816,15051.0706317796,4588.9146013145,
2017-10-13,2998.6684524894,86.8071844889,328.1969672629,1445.0939751596,,3335.4754178956,,51562.0312113314,15252.3615460040,4597.8668342472,
2017-10-16,2987.2318832579,86.5319410777,329.9729248780,1443.5754876200,,3278.2136114056,,53183.9037527101,15069.3698058000,4617.5617466992,
2017-10-17,2981.8948176166,86.2383481058,328.2561658501,1438.5138624881,,3270.8698095335,,53212.8657623776,14959.5747616776,4615.7713001127,
2017-10-18,2996.9910890021,86.2796346175,326.9537969324,1435.9830499222,,3246.5558709026,,52990.8236882603,14712.5359124022,4671.2751442956,
2017-10-19,2990.7390978222,86.4034941525,326.4210096479,1443.0693251068,,3223.8297813251,,52730.1656012530,14776.5830214736,4626.5139796319,
2017-10-20,2992.1114861300,86.3163337390,326.8353997581,1443.5754876200,,3249.1361256144,,53193.5577559326,14936.7007941521,4644.4184454974,
2017-10-23,2999.9134026796,86.3897319819,325.4738322532,1434.9707248958,,3272.1238880958,,52508.1235271357,14858.9293045654,4630.0948728050,
2017-10-24,3017.9648958726,86.3759698114,326.5394068222,1428.3906122243,,3264.4613006020,,53560.4098783873,14877.2284785858,4635.4662125647,
2017-10-25,3034.3336227511,85.8530073302,325.0594421430,1432.4399123298,,3283.8665546447,,52701.2035915855,14886.3780655960,4639.0471057378,
2017-10-26,3054.8327760382,86.0319155474,326.5394068222,1425.8597996584,,3295.2111647005,,52884.6296528129,15087.6689798204,4655.1611250167,
2017-10-27,3076.2498018605,85.5777639190,324.3490590970,1415.7365493945,,3284.6626676311,,52121.9633982360,14881.8032720909,4646.2088920839,
2017-10-30,3045.5010719299,84.9217671224,324.7634492072,1418.7735244737,,3218.3862615159,,51716.4952628913,14890.9528591011,4673.0655908821,
2017-10-31,3054.8327760382,85.0318644869,325.0002435558,1413.2057368286,,3237.9905438053,,51957.8453434536,14877.3164553840,4613.9808535261,
2017-11-01,3045.5010719299,85.2658213864,324.2898605098,1415.7365493945,,3224.7551654069,,52575.7015496931,14759.1342898356,4621.1426398723,
2017-11-02,3049.9374558502,85.1694861925,324.4082576841,1417.7611994473,,3204.3547701312,,52179.8874175709,14768.2252256470,4633.6757659781,
2017-11-03,3031.5800051454,85.2382970453,324.4082576841,1421.8104995528,,3165.5442620458,,52430.8915013557,14763.6797577413,4649.7897852570,
2017-11-06,3066.0002252169,85.3850935312,323.6978746381,1409.1564367231,,3221.7697417080,,52691.5495883630,14690.9522712500,4751.8452406901,
2017-11-07,3097.0549126593,85.0502140476,325.2962364917,1414.2180618550,,3241.3740239973,,52614.3175625831,14577.3155736072,4759.0070270363,
2017-11-08,3095.2191675888,85.1878357532,325.3554350788,1419.2796869869,,3254.6094023957,,51477.2315786298,14409.1332610960,4744.6834543439,
2017-11-09,3120.9195985755,85.0823257789,326.4802082350,1426.8721246847,,3284.1650970146,,51294.1414625695,14068.2231681679,4776.9114929017,
2017-11-10,3147.9968383651,85.0319025483,327.3681870426,1414.2180618550,,3293.7184528510,,51631.4127289964,14109.1323793193,4785.8637258344,
2017-11-13,3157.0225849617,84.4589112913,325.9694267632,1434.4645623826,,3310.8348820579,,51698.8669822817,14145.4961225649,4943.4230254504,
2017-11-14,3136.8293891864,84.7522828149,325.5614550151,1427.3782871979,,3279.5874473430,,52065.0472144023,14063.6777002622,5036.5262479507,
2017-11-15,3115.4008679369,84.7385310247,326.1442717982,1433.4522373562,,3247.6434137650,,50927.9612304490,14068.2231681679,4955.9561515562,
2017-11-16,3143.1048846951,85.0089828980,325.3866099802,1448.1309502388,,3260.1694227970,,50889.4159428574,14072.7686360736,4934.4707925177,
2017-11-17,3151.6762931949,84.9814793177,326.4939618680,1442.5631625937,,3168.3788286100,,50985.7791618365,14000.0411495823,4941.6325788638,
2017-11-20,3172.9517535783,84.8989685767,328.3006938955,1466.3528007136,,3201.4474924547,,51024.3244494281,13754.5858826740,4993.5555298736,
2017-11-21,3239.0740477194,84.8531292761,326.2608351548,1478.5007010302,,3215.6770387151,,51486.8679005277,13554.5852948228,4955.9561515562,
2017-11-22,3241.5230215765,84.3901523404,326.3191168331,1468.8836132796,,3194.2325112522,,52142.1377895855,13631.8582492199,4870.0147154020,
2017-11-23,3136.9824500524,84.4405755710,326.4939618680,1466.2847392292,,3110.5587709179,,51891.5934202399,13640.9491850313,4843.1580166039,
2017-11-24,3137.1355109185,84.7843703253,326.9019336161,1477.2000102408,,3119.9783297100,,52363.7731932374,13677.3129282770,4868.0860358070,
2017-11-27,3078.0540166165,84.7293631646,326.9019336161,1467.3242888493,,3074.3836568333,,51814.5028450566,13572.7671664457,4816.4494246005,
2017-11-28,3092.7478597589,84.6193488432,328.1841305388,1472.0022621400,,3137.7151584995,,51467.5952567319,13422.7667255573,4789.7408325972,
2017-11-29,3088.6152163751,85.2381794009,328.4172572521,1466.8045140393,,3143.1263944013,,51217.0508873863,13286.4026883860,4807.5465605994,
2017-11-30,3047.4418434030,85.2977704916,325.8528634066,1463.6858651788,,3106.4502399554,,50918.3249085511,13240.9480093289,4787.9602597970,
2017-12-01,3044.9928695459,85.2427633309,323.7547229876,1455.3694682176,,3146.0324284968,,50976.1428399386,13272.7662846689,4949.9923846172,
2017-12-04,3060.4520170187,85.2519311910,323.5215962744,1492.2734797331,,3123.3854041668,,51650.0484110048,13218.6101488593,4955.3341030179,
2017-12-05,3074.3805558308,85.2152597506,323.6964413093,1488.6350560625,,3055.3441231045,,50619.9356095178,13196.0450922720,4885.8917638092,
2017-12-06,3052.0336693850,85.2473472610,321.7731459252,1513.5842469463,,3072.3794953881,,49532.0594733681,12992.9595829860,4896.5752006105,
2017-12-07,3021.8806787697,85.1602525899,319.5584421496,1496.9514530238,,3049.1312226246,,49301.0061347168,12821.4651529222,4805.7659877992,
2017-12-08,3059.6867126884,84.9631435975,317.4603017306,1494.3525789734,,3093.4231905620,,49772.7400344631,12925.2644132240,4807.5465605994,
2017-12-11,3112.7988332138,84.7843703253,317.6934284438,1481.3582087214,,3141.8236894620,,49406.9055815986,12853.0562321445,4802.2048421988,
2017-12-12,3069.0234255185,84.7064435143,316.9357666259,1478.2395598610,,3119.8781216378,,50128.9472648839,12862.0822547794,4821.7911430012,
2017-12-13,3096.8805031428,84.7522828149,316.8774849476,1477.2000102408,,3143.4270186181,,50398.5094933104,12862.0822547794,4812.8882790001,
2017-12-14,3084.1764512592,84.9218882270,319.6750055062,1467.3242888493,,3148.5376303032,,50340.7461586475,12884.6473113668,4739.8847941910,
2017-12-15,3045.7314627179,85.1740043801,319.6750055062,1461.0869911284,,3125.9754104885,,50947.2611726071,13042.6027074781,4747.0070853919,
2017-12-18,3051.7049868339,85.1327490096,319.8498505411,1463.1660903687,,3103.2117422826,,51563.4034090106,13101.2718546052,4752.3488037926,
2017-12-19,3097.0425032012,85.0960775691,321.1903291422,1464.7254147990,,3139.5731768946,,51399.7406274659,13069.6807753829,4775.4962501954,
2017-12-20,3085.5549568244,85.1465007997,320.4909490025,1457.4485674579,,3101.4994309573,,51678.9300783362,13254.7142393990,4787.9602597970,
2017-12-21,3126.1442873560,85.1648365200,320.1995406110,1450.1717201168,,3136.0478300486,,52208.4273127454,13236.6621941292,4779.0573957959,
2017-12-22,3116.3415811144,85.4627919736,320.4326673242,1448.0926208765,,3144.2064898923,,52468.3623187281,13205.0711149069,4770.1545317948,
2017-12-25,3101.0248526119,85.3344419321,322.4142443866,1452.2508193571,,3103.3124664782,,52660.9067676041,13281.7923073038,4777.2768229957,
2017-12-26,3116.0352465443,85.2060918905,322.2976810300,1465.7649644191,,3132.2203106157,,53180.7767795695,13187.0190696370,4859.1831718059,
2017-12-27,3056.7595072397,85.2519311910,323.0553428480,1467.8440636594,,3100.3914648057,,52911.2145511430,13308.8703752086,4871.6471814074,
2017-12-28,3086.3207932495,85.3436097922,324.1044130575,1458.4881170780,,3125.4717895105,,53691.0195690911,13651.8592353361,4896.5752006105,
2017-12-29,3093.8259902157,85.4123687430,323.8130046659,1435.0982506245,,3163.1426386654,,53364.5720252161,13742.1194616854,4914.3809286128,
2018-01-02,3142.9926887087,84.9310560871,325.6780183717,1437.1773498648,,3195.4751054534,,53182.1454565800,13606.7291221614,4964.2369670190,
2018-01-03,3156.4714097909,84.9264721570,326.7853702595,1441.3355483455,,3217.2315317033,,52778.8867259109,13597.7625790826,4942.8700934163,
2018-01-04,3167.3462870276,84.7706185351,325.2117649453,1439.7762239152,,3226.5988818942,,53114.9356681352,13575.3462213854,5015.8735782254,
2018-01-05,3176.8426586992,84.7568667449,326.2025534765,1442.3750979656,,3223.5771560262,,52817.2923193080,13638.1120229374,5012.3124326250,
2018-01-08,3188.7897069311,84.9448078772,326.6105252246,1438.2168994850,,3239.7937515180,,52510.0475721315,13485.6807905969,5063.9490438314,
2018-01-09,3214.5218108153,84.9356400171,327.0184969727,1442.8948727757,,3240.8009934740,,52817.2923193080,13517.0636913729,5067.5101894318,
2018-01-10,3225.8561899071,84.6560202837,326.3191168331,1438.7366742951,,3226.4981576986,,52615.6629539734,13503.6138767546,5047.9238886294,
2018-01-11,3222.9460114916,84.4634952213,327.3681870426,1431.4598269540,,3234.8582659335,,52913.3063028006,13638.1120229374,5055.0461798303,
2018-01-12,3238.7222418492,84.5964291930,328.1841305388,1418.4654567020,,3223.7786044174,,52615.6629539734,13530.5135059912,5021.2152966261,
2018-01-15,3234.4335578685,84.3809844803,328.7669473219,1433.0191513842,,3159.2143950369,,52798.0895226094,13566.3796783066,5053.2656070301,
2018-01-16,3269.5088661392,84.3168094595,328.3006938955,1431.4598269540,,3165.5600193598,,52135.5930365101,13221.1677697707,5008.7512870245,
2018-01-17,3255.2643086319,84.1151165370,327.3099053643,1439.7762239152,,3147.6311125428,,51444.2923553630,13118.0525243639,4978.4815494207,
2018-01-18,3277.7798995305,83.8813361041,325.5031733368,1438.2168994850,,3165.5600193598,,51530.7049405064,13109.0859812850,4983.8232678214,
2018-01-19,3286.0509329218,83.8905039643,324.4541031273,1444.9739720160,,3163.2433628610,,51569.1105339035,13239.1008559284,4998.0678502232,
2018-01-22,3325.1451349308,84.1517879775,324.6289481622,1448.0926208765,,3222.4272807219,,51751.5371025395,13144.9521536004,5046.1433158292,
2018-01-23,3359.6579851418,84.1197004671,325.6780183717,1447.0530712563,,3221.0060545640,,51578.7119322527,13135.9856105216,5051.4850342298,
2018-01-24,3363.1703548535,84.1334522572,327.1933420077,1433.5389261943,,3253.3897077333,,50628.1734956755,13127.0190674427,5122.7079462387,
2018-01-25,3339.0419020511,84.2388826485,328.4172572521,1445.4937468261,,3241.9183823159,,51693.9287124439,13261.5172136255,5129.8302374396,
2018-01-26,3357.9781561492,84.2572183688,326.3191168331,1440.2959987253,,3246.9941900227,,51300.2713801241,13113.5692528244,5106.6827910367,
2018-01-29,3294.9082130645,84.2205469283,324.8620748754,1459.5276666982,,3203.9513406693,,51463.4951520616,13153.9186966793,5110.2439366372,
2018-01-30,3258.5628221343,84.1472040474,322.1228359951,1457.4485674579,,3199.1800814249,,50858.6070560579,12974.5878351022,5071.0713350323,
2018-01-31,3268.0309491833,84.2893058792,322.4142443866,1463.1660903687,,3140.1991958722,,51098.6420147895,12947.6882058656,5097.7799270356,
2018-02-01,3237.0304686841,84.4634952213,321.7731459252,1454.8496934075,,3030.2572009435,,50868.2084544071,12853.5395035377,5039.0210246283,
2018-02-02,3260.7007863067,84.3168094595,322.1811176734,1438.2168994850,,3038.4800094285,,51386.6839652674,12902.8554904714,5046.1433158292,
2018-02-05,3255.8140110556,84.1197004671,319.3835971147,1439.2564491051,,3035.2314924962,,50946.2540300332,12840.0896889194,5046.1433158292,
2018-02-06,3145.7088561789,84.4314077109,321.7148642469,1436.6575750548,,2886.5103266877,,50678.1662433688,12678.6919135000,5031.8987334274,
2018-02-07,3071.7963805057,84.4268237809,317.4020200523,1457.9683422679,,2874.4299043456,,50639.8679881311,12736.6261823490,5024.7764422265,
2018-02-08,3051.7911443215,84.1336273664,316.7026399126,1458.4881170780,,2917.0666890825,,49902.6265748041,12736.6261823490,5012.3124326250,
2018-02-09,2879.3908047183,84.3581058712,318.2762452269,1455.8892430276,,2793.7245618079,,49366.4510014755,12718.8002534724,4987.3844134219,
2018-02-12,2940.7226069488,84.4130801989,318.1014001920,1476.6802354307,,2870.9234688055,,49510.0694586171,12839.1252733896,4982.0426950212,
2018-02-13,2978.5591416582,84.3122939315,319.6750055062,1477.7197850509,,2896.4866952651,,49921.7757024230,12816.8428622938,4994.5067046227,
2018-02-14,3015.0225763176,84.2389948279,321.8314276035,1484.9966323920,,2906.6712476394,,50544.1223500367,12571.7363402402,5012.3124326250,
2018-02-22,3070.7094116762,84.0190975170,318.9756253666,1538.0136630199,,2966.2508790294,,50505.8240947989,12589.5622691169,5078.1936262332,
2018-02-23,3089.1699790142,84.1061402026,320.0829772544,1536.9741133998,,2970.5283910266,,51310.0874547919,12803.4734156364,5122.7079462387,
2018-02-26,3133.8720139733,84.5734219881,321.5400192120,1544.7707355509,,3057.7081593510,,51319.6620186014,12741.0826645682,5192.1502854474,
2018-02-27,3083.3724454701,84.8986867604,319.8498505411,1544.7707355509,,3044.9774688831,,51099.4470509842,12732.1697001299,5209.9560134496,
2018-02-28,3052.8591110270,84.8849431784,317.1106116608,1563.4826287137,,3046.9125338342,,50352.6310738479,12767.8215578831,5206.3948678492,
2018-03-01,3078.0326119425,84.8941055664,316.7026399126,1587.3922699773,,3084.7990686668,,50065.3941595646,12825.7558267322,5181.4668486461,
2018-03-02,3058.9617779156,84.8757807905,317.8682734788,1626.3753807331,,3073.2905244838,,50132.1861853159,12794.7114661557,5188.5891398469,
2018-03-05,3045.2307774162,84.8711995965,318.9756253666,1621.6974074424,,3065.1428825843,,49731.4340308083,12679.4038411574,5151.1971110423,
2018-03-06,3100.1547794137,85.2010455628,318.5676536184,1623.2567318726,,3112.2973600775,,50208.5199290317,12808.0161921170,5140.5136742410,
2018-03-07,3058.5040778990,85.1781395929,319.9664138978,1620.1380830122,,3071.1517684852,,50074.9358775291,12648.3594805809,5072.8519078325,
2018-03-08,3101.0701794470,85.1552336230,319.3835971147,1619.0985333920,,3103.9460271306,,49636.0168511636,12621.7500286583,5035.4598790279,
2018-03-09,3130.3629805123,85.1460712351,317.6934284438,1609.7425868106,,3156.6001629060,,48844.0542601127,12484.2678603911,4969.5786854196,
2018-03-12,3142.4157476174,85.2193703387,317.6351467655,1587.3922699773,,3195.6069984997,,49578.7665433768,12475.3980430835,4957.1146758181,
2018-03-13,3108.6985130578,84.9307551182,317.4020200523,1590.5109188378,,3178.0895684158,,49368.8487481585,12293.5667882785,4982.0426950212,
2018-03-14,3100.9176127748,84.9078491483,317.9265551571,1593.1097928881,,3145.4990008179,,49931.8101080621,12382.2649613541,4949.9923846172,
2018-03-15,3125.7859803459,85.0361225796,317.6351467655,1578.0363233959,,3142.9528627243,,49731.4340308083,12413.3093219306,4969.5786854196,
2018-03-16,3113.8857799131,85.0544473556,316.2946681645,1599.6388239833,,3144.0731634855,,49731.4340308083,12413.3093219306,4935.7478022154,
2018-03-19,3130.8964789492,85.1369088471,314.7793445286,1576.9825428794,,3141.9029128057,,49063.5137732955,12382.2649613541,4949.9923846172,
2018-03-20,3131.2057643862,85.4163616796,316.1198231296,1569.6060792642,,3153.6842736392,,49082.5972092244,12408.8744132768,4917.9420742132,
2018-03-21,3112.1847100095,85.3705497399,316.0615414513,1576.9825428794,,3121.0271681709,,48262.0094642801,12360.0904180852,4919.7226470134,
2018-03-22,3080.0190245595,85.5721222748,318.8007803316,1580.6707746870,,3119.6836796548,,48891.7628499351,12391.1347786617,4949.9923846172,
2018-03-23,2950.8923546038,86.0989595820,322.2976810300,1604.9077265656,,2927.5648218525,,47813.5487199501,12209.3035238567,4891.2334822099,
2018-03-26,2979.9651856836,85.9431989869,321.8897092818,1628.0908979276,,3020.7822558157,,46754.4180258942,12164.9544373189,4901.9169190112,478.4218746687
2018-03-27,3013.9865837558,85.9248742110,321.4817375337,1610.7035194061,,3103.2517816502,,47346.0045396912,12262.5224277021,4862.7443174063,471.8559545464
2018-03-28,2945.3252167374,85.8973870471,319.6167238279,1603.8539460491,,3056.5397193981,,47002.5026929704,12187.1289805878,4818.2462910757,456.7209522308
2018-03-29,3005.0173060822,85.8332503314,315.9449780947,1590.1547993352,,3106.5588303052,,47594.0892067674,12258.0875190483,4795.1073173838,455.9419447587
2018-03-30,3003.3162361786,85.7920195857,316.5277948777,1663.9194354872,,3152.5474756640,,47880.3407457014,12213.7384325105,4832.4856595015,467.7383436223
2018-04-02,2981.8208983057,85.8057631676,316.7609215910,1666.5538867784,,3139.1125905030,,48080.7168229553,12408.8744132768,4846.7250279273,463.6207326982
2018-04-03,2979.6559002466,85.6408401845,319.0921887232,1665.5001062619,,3112.4495107219,,48061.6333870263,12488.7027690449,4852.0647910870,447.9292964739
2018-04-04,2970.3773371360,85.7141392881,318.6842169750,1698.1673022721,,3087.9566816207,,47975.7579253461,12426.6140478919,4804.0069226499,446.8164286566
2018-04-09,2973.6248342247,85.9523613748,317.6934284438,1752.9638891279,,3090.9536944643,,48290.6346181736,12595.1405767356,4784.4277910645,447.7067229105
2018-04-10,3035.4819216286,85.6866521242,317.8682734788,1712.9202295025,,3125.1609789897,,48615.0530289655,12665.7510354699,4834.2655805547,460.1708424645
2018-04-11,3040.7397740580,85.8882246592,319.7332871845,1710.8126684696,,3128.7780634561,,48615.0530289655,12687.8168038244,4859.1844752999,464.9561740790
2018-04-12,3009.6565876375,86.0348228664,320.7823573940,1696.5866314974,,3112.1394749105,,48195.2174385289,12643.6852671154,4871.6439226724,477.0864332879
2018-04-13,2984.9137526759,86.0164980905,318.3928085835,1701.3286438215,,3105.5253776005,,48099.8002588842,12868.7561043311,4852.0647910870,475.1945579984
2018-04-16,2935.5827254713,86.4517115182,319.6750055062,1687.1026068493,,3094.6741242012,,48071.2374321271,12908.4744873692,4855.6246331934,472.3011016734
2018-04-17,2890.8909798220,86.4379679363,320.1412589327,1720.2966931177,,3042.4847626143,,48385.4285264548,13168.8505539520,4893.0029753111,475.6397051254
2018-04-18,2902.6438264287,87.3587879254,319.9664138978,1700.8017535632,,3075.0385228121,,48718.6615052871,13177.6768612938,4925.0415542691,478.1993011052
2018-04-19,2946.7170012040,87.1526341965,320.7823573940,1693.4252899480,,3100.3581140770,,49451.7740587182,13574.8606916744,4996.2383963981,490.3295603141
2018-04-20,2907.4377507025,87.1114034507,319.2087520798,1702.9093145962,,3052.8192896612,,48937.6431770912,13199.7426296483,4962.4198963868,485.9893758265
2018-04-23,2919.4332876904,86.8640189760,317.6934284438,1688.6832776240,,3022.5892134333,,49375.6065206994,13270.3530883826,4990.8986332384,489.3279792785
2018-04-24,2987.5118547512,86.9785488254,316.8774849476,1682.8874847835,,3092.6727811589,,49061.4154263718,12696.6431111662,4998.0183174513,497.7857746902
2018-04-25,2973.9584558169,86.6532840531,316.5860765560,1687.1026068493,,3092.5681788190,,49080.4573108765,12714.2957258498,4983.7789490255,487.4361039890
2018-04-26,2909.6187574276,86.7540703206,316.9357666259,1673.4034601353,,3036.8151316582,,49118.5410798859,12678.9904964826,4962.4198963868,491.2198545679
2018-04-27,2917.8754257439,86.5845661435,316.0615414513,1669.1883380695,,3060.7690674928,,49089.9782531288,12780.4930309132,4965.9797384933,494.3358844564
2018-05-02,2927.8457422013,86.4837798760,315.1873162767,1699.7479730468,,3048.0075820263,,48737.7033897918,12736.3614942042,5010.4777648239,493.5568769843
2018-05-03,2949.0326646734,86.6670276351,315.1873162767,1698.6941925303,,3081.7941378104,,48613.9311405112,12859.2908709149,5001.5781595577,497.4519143450
2018-05-04,2931.4288246782,86.8319506182,315.3597696688,1689.2101678822,,3075.8318044368,,48832.9128123153,12863.6812057975,4994.4584753448,497.3406275632
2018-05-07,2981.1246207707,86.4975234579,316.3370055573,1663.3925452290,,3138.5932083702,,48700.1115731210,12938.3168988004,5033.6167385158,510.0273206807
2018-05-08,3022.2521761576,86.1585151037,316.1070677012,1627.5640076694,,3153.0283312749,,48728.5689815198,12955.8782383305,5046.0761858883,510.9176149346
2018-05-09,3013.6839354520,86.0210792845,315.7046764530,1636.5211420593,,3143.8233253646,,48254.2788415400,12846.1198662674,5040.7364227287,517.7061086203
2018-05-10,3036.1171474812,86.2409765953,315.9346143091,1641.2631543834,,3157.1078225305,,48443.9948975319,12841.7295313848,5104.8135806447,530.1702281744
2018-05-11,3019.2922384593,86.2180706254,316.3944900213,1619.6606537960,,3134.4091147746,,48794.9696011169,12881.2425453276,5156.4312911882,524.3833155243
2018-05-14,3047.3337534958,86.2226518194,316.3370055573,1596.4774824339,,3119.2417754907,,48908.7992347121,12850.5102011499,5156.4312911882,518.1512557472
2018-05-15,3056.9924975639,86.1630962977,314.7849250285,1595.4237019174,,3148.5304306596,,48576.7961367263,12925.1458941528,5206.2690806784,526.1639040320
2018-05-16,3033.6245683668,86.2363954013,311.8532173630,1565.3909571984,,3144.6601440838,,48396.5658835339,12986.6105825081,5204.4891596252,526.4977643772
2018-05-17,3008.4031092650,86.0485664483,310.2436523701,1568.0254084895,,3123.0491709179,,48425.0232919327,13070.0269452761,5192.0297122526,536.2910011696
2018-05-18,3057.1228221884,86.2089423909,310.7610125464,1560.1220546161,,3149.5094356234,,48652.6825591230,13030.5139313334,5183.1301069865,541.4101931294
2018-05-21,3060.5692327489,86.4197222011,309.8412611219,1557.4876033250,,3177.0238941419,,48728.5689815198,12964.6589080955,5213.3887648913,536.8474350783
2018-05-22,3050.8566211693,86.7496384259,310.7035280824,1558.5413838414,,3197.3698347322,,48794.9696011169,12828.5585267373,5154.6513701350,539.8521781851
2018-05-23,3004.1734235771,86.7588027654,310.9909504025,1570.1329695225,,3158.5755024149,,49108.0010935036,12819.7778569722,5142.1919227624,539.2957442764
2018-05-24,2980.5185147301,86.6717415395,313.0029066436,1603.8539460491,,3145.0818216089,,48785.4837983173,12947.0975685654,5140.4120017092,539.7408914034
2018-05-25,2967.9861126919,87.1391228578,314.4975027083,1593.3161408845,,3096.5889062124,,48842.3986151149,13017.3429266858,5161.7710543478,531.2830959917
2018-05-28,2993.0509167682,86.9604182361,313.1178755716,1599.6388239833,,3098.4864550757,,48956.2282487101,12995.3912522732,5062.0954753673,515.0352258587
2018-05-29,2956.8636058830,87.1162120089,314.1525959242,1620.7144343124,,3054.2103149311,,49051.0862767060,12929.5362290353,5067.4352385270,516.1480936760
2018-05-30,2897.4913512271,87.1986910651,315.1873162767,1604.3808363073,,2979.7842317355,,48168.9066163437,12898.8038848577,5058.5356332609,516.2593804578
2018-05-31,2963.9130820295,86.8596105008,315.5897075249,1591.2085798516,,3024.4820494054,,48738.0547843194,12810.9971872072,5074.5549227399,525.8300436868
2018-06-01,2939.4748980550,86.9375073872,314.8424094925,1595.9505921757,,2985.4768783256,,48832.9128123153,12863.6812057975,5111.9332648576,528.2783528849
2018-06-04,2965.4796322842,86.7313097467,313.1753600356,1602.8001655327,,2989.1665566710,,49098.5152907040,12854.9005360324,5111.9332648576,524.0494551791
2018-06-05,2994.3041569721,86.6305020114,312.6005153953,1586.4665675276,,3041.4545697942,,49601.2628390825,12859.2908709149,5072.7750016867,518.8189764376
2018-06-06,2994.9307770740,86.6213376718,313.1753600356,1587.5203480440,,3039.0299240244,,50360.1270630501,13070.0269452761,5069.2151595802,517.4835350568
2018-06-07,2989.9178162587,86.5663516344,312.8879377155,1572.7674208136,,3021.3194679665,,51156.9344982161,13188.5659871043,5072.7750016867,518.3738293107
2018-06-08,2945.8977540996,86.7908779540,312.8304532515,1524.2935170565,,2982.6305550306,,50798.0047509982,13035.5663816854,5054.9757911544,521.1559988540
2018-06-11,2955.6103656792,86.7908779540,313.5202668198,1531.1430904135,,2972.4048750448,,51156.9344982161,13039.9377989831,5060.3155543141,520.2657046001
2018-06-12,2990.5444363606,86.4655438990,313.1753600356,1533.2506514464,,2997.4946877934,,50977.4696246072,13018.0807124947,5083.4545280060,525.3848965599
2018-06-13,2959.5267413161,86.7221454071,312.8304532515,1549.0573591933,,2953.3239670300,,50561.8667594075,12825.7383513967,5044.2962648351,516.9271011482
2018-06-14,2951.8506450677,86.9970755944,314.2675648522,1552.7455910009,,2948.5800948717,,50656.3219560438,12782.0241784199,5090.5742122189,520.9334252905
2018-06-15,2939.4748980550,87.1574515370,314.6124716364,1546.4229079021,,2891.9809748835,,50684.6585150347,12598.4246519173,5076.3348437931,519.9318442550
2018-06-19,2819.1159581132,87.4919499315,312.0256707550,1609.1228486314,,2690.4795965798,,48814.4456216361,12331.7681967588,4951.7403700675,512.2530563154
2018-06-20,2840.2814409901,87.1024654995,310.6460436183,1603.8539460491,,2735.3758910065,,49097.8112115449,12414.8251254147,4957.0801332272,516.5932408030
2018-06-21,2800.9515511666,87.4232173847,309.7837766579,1586.9934577858,,2665.0525483145,,48908.9008182723,12401.7108735217,4960.6399753336,511.6966224067
2018-06-22,2821.3272772197,87.5744289877,311.0484348665,1563.8102864237,,2718.6727672506,,48993.9104952450,12423.5679600101,4983.7789490255,510.8063281529
2018-06-25,2771.4146459577,87.3361561587,311.7382484349,1582.7783357199,,2675.0531447034,,48814.4456216361,12362.3681178425,5001.5781595577,519.1528367828
2018-06-26,2757.8308285890,87.3911421962,311.8532173630,1611.2304096643,,2710.2680107110,,48767.2180233179,12270.5683545912,5017.5974490368,524.7171758695
2018-06-27,2675.8540702821,87.5744289877,312.2556086112,1647.0589472239,,2660.2650287666,,48625.5352283635,12392.9680389263,5177.7903438269,539.7408914034
2018-06-28,2669.5360156920,87.7164762511,311.4508261147,1643.3707154163,,2663.5630977885,,48776.6635429815,12392.9680389263,5161.7710543478,546.4180983073
2018-06-29,2746.1424275972,87.8631056843,312.0256707550,1654.4354108391,,2758.3559848363,,48795.5545823088,12384.2252043309,5206.2690806784,550.6469960132
2018-07-02,2647.7387273561,88.0601389852,312.8304532515,1674.4572406518,,2712.9277437932,,48370.5061974455,12218.1113470191,5197.3694754123,558.2144971710
2018-07-03,2657.3737606060,87.8264483260,312.6005153953,1656.4357143840,,2736.3333949161,,48578.3076300453,12261.8255199959,5238.3076596365,560.3289460239
2018-07-04,2630.3640772332,87.7668801188,313.4627823558,1644.0780963718,,2705.1613231933,,47322.0535147826,12205.2793221385,5229.4080543703,552.7614448661
2018-07-05,2608.8826916268,87.8218661563,313.5777512839,1647.1675008749,,2617.2837421591,,46594.7485006832,12170.4816619186,5218.7285280510,553.7630259017
2018-07-06,2628.4686608562,87.6156685158,314.1525959242,1628.1161731061,,2632.0718580958,,46358.6105090924,12248.7763974134,5231.1879754236,551.6485770488
2018-07-09,2716.6055223884,87.5011142711,313.9801425321,1630.1757761081,,2706.5443843960,,47104.8065625192,12322.7214253807,5263.2265543816,553.8743126834
2018-07-10,2721.3440633310,87.5561003086,312.7154843234,1611.1244483393,,2720.9069430396,,46888.0811072405,12340.1202554907,5281.0257649138,561.8869609682
2018-07-11,2668.9042102330,87.8218661563,313.6927202119,1615.7585550939,,2664.4142123748,,45342.7343826450,12187.8804920285,5259.6667122751,565.2255644201
2018-07-12,2744.5629139497,87.7485514396,312.6005153953,1605.4605400837,,2754.6323585213,,46171.9448202328,12287.9237651608,5252.5470280622,548.1986868150
2018-07-13,2745.6685735030,87.9364204010,312.3705775392,1590.5284183190,,2761.3348858883,,45908.1051355458,12213.9787371935,5229.4080543703,546.5293850891
2018-07-16,2731.7688534047,88.0693033248,312.7729687874,1590.0135175685,,2765.6968481430,,45908.1051355458,12179.1810769735,5256.1068701687,547.4196793429
2018-07-17,2718.3429874007,88.0463924759,312.1981241471,1609.5797460878,,2757.8240382199,,45992.9107484809,12244.4266898859,5216.9486069978,533.2862580629
2018-07-18,2704.1273645729,88.0555568154,309.3239009456,1603.9158378322,,2744.4189834858,,45474.6542249885,12200.9296146110,5227.6281333171,535.8458540427
2018-07-19,2710.2874677983,88.3350691725,310.7610125464,1614.2138528424,,2723.2475081519,,45860.9909061374,12235.7272748309,5305.9446596589,540.9650460024
2018-07-20,2743.1413516669,87.6156685158,311.1634037946,1625.5416693535,,2764.9485119077,,45785.6081390839,12227.0278597759,5350.4426859895,549.0889810689
2018-07-23,2764.2521339506,87.6569080439,312.6005153953,1623.9969671020,,2789.5607022687,,46190.7905119962,12392.3167458206,5355.7824491492,545.7503776169
2018-07-24,2815.4536581461,87.3269918192,312.3705775392,1626.5714708546,,2847.5981817225,,46464.0530425649,12470.6114813154,5471.4773176087,550.5357092314
2018-07-25,2810.7273636050,87.4415460639,312.3705775392,1637.3843866152,,2846.9533208397,,47029.4237954657,12514.1085565903,5464.3576333958,559.8837988970
2018-07-26,2776.6980429089,87.5148607805,312.8304532515,1647.6824016254,,2827.5000175413,,47246.1492507444,12466.2617737879,5483.9367649813,560.6628063691
2018-07-27,2772.7594641246,87.5652646481,312.1406396831,1637.8992873657,,2810.5186809603,,47199.0350213360,12527.1576791728,5523.0950281522,564.1126966028
2018-07-30,2759.5258394095,87.5377716294,312.1981241471,1661.5847218891,,2762.3690683764,,46511.1672719733,12540.2068017553,5656.5891071440,567.4513000548
2018-07-31,2766.9303675239,87.8860165333,312.3130930752,1662.0996226396,,2771.5045975497,,46954.0410284123,12648.9494899425,5628.1103702924,571.1237638520
2018-08-01,2696.5085788612,88.0693033248,312.0831552191,1637.8992873657,,2727.1166734489,,46944.6181825306,12553.2559243377,5715.3265019003,560.1063724604
2018-08-02,2634.9092066752,87.9593312499,311.2783727227,1646.1376993739,,2658.1165589870,,46492.3215802100,12457.5623587329,5923.5772651275,560.5515195874
2018-08-03,2586.5434592044,88.1334537018,310.6460436183,1628.6310738566,,2621.4669654801,,46388.6702755115,12518.4582641178,6128.2681862482,571.4576241972
2018-08-06,2567.7958241913,88.0509746457,310.7035280824,1649.2271038769,,2582.6678356970,,46454.6301966832,12522.8079716453,6290.2410020915,577.1332500655
2018-08-07,2645.7796841198,87.8814343635,310.5310746903,1660.0400196376,,2648.7660761861,,46624.2414225535,12553.2559243377,6149.6272388868,597.8325914678
2018-08-08,2603.2430332497,87.6294150252,309.8412611219,1693.5085684206,,2609.2146087065,,46614.8185766718,12544.5565092827,6361.2313430264,582.2524420252
2018-08-09,2667.2055527062,87.3911421962,309.8987455859,1688.3595609155,,2674.5605114990,,47001.1552578207,12830.1517937300,6286.3272353663,577.6896839742
2018-08-10,2675.8704260316,87.4140530451,309.7262921938,1688.3595609155,,2693.7988611698,,46671.8178335917,12652.7365412704,6409.9190130054,569.9226169060
2018-08-13,2664.2122328302,87.1803623859,310.5310746903,1650.7718061284,,2711.8549658888,,46794.1431625910,12713.3173591834,6522.2751744954,573.2996025878
2018-08-14,2654.2870142938,87.3590670077,307.7143359528,1678.5764466559,,2706.3294124225,,46596.5407080537,12721.9717617424,6565.3450363999,580.8415372773
2018-08-15,2583.1886237166,87.1253273079,307.4269136326,1695.0532706721,,2642.5146870966,,45683.8055609048,12583.5013207983,6602.7970902299,574.2001321030
2018-08-16,2578.1101672468,86.7815924553,303.5179700786,1668.2784316457,,2611.3115616401,,44771.0704137559,12496.9572952082,6896.7957127954,560.4670569968
2018-08-17,2540.9739543114,86.6074334633,302.8281565102,1660.0400196376,,2566.6737571676,,44883.9861020630,12466.6668862517,6834.9998239759,559.1162627241
2018-08-20,2579.6971848937,86.7036792220,304.8401127513,1638.9290888668,,2591.3762314873,,45401.5163401371,12509.9388990467,7074.6929684880,553.1502546861
2018-08-21,2619.3726260640,86.7082623534,306.2197398880,1638.4141881162,,2613.8034779092,,45824.9501712886,12726.2989630219,7091.5463927115,558.7785641559
2018-08-22,2618.7378190052,86.8503394258,306.1047709600,1648.1973023759,,2603.5107802759,,45439.1549029061,12683.0269502269,7172.0683084460,568.0089916862
2018-08-23,2620.3248366521,86.8549225572,306.0472864959,1604.4307385827,,2614.4535430228,,45156.8656821384,12661.3909438294,7117.7628303925,571.8362421257
2018-08-24,2626.3555037099,86.7540936671,306.1622554240,1610.6095475888,,2605.3526314314,,45646.1669981358,12799.8613847735,6984.8080392959,576.1137573227
2018-08-27,2696.1842801697,86.7311780102,307.4843980967,1566.3280830451,,2671.4425846552,,45909.6369375189,12752.2621706990,7085.9285846370,574.9880954287
2018-08-28,2687.6143848769,86.9099201336,308.4616339852,1570.4472890492,,2674.3678776667,,45777.9019678273,12955.6406308357,7419.2518637240,576.3388897015
2018-08-29,2681.9011213484,86.9328357904,307.0245223844,1579.2006018078,,2664.2918684047,,45947.2755002880,12873.4238065251,7385.5450152770,572.3990730726
2018-08-30,2652.6999966470,87.1207441765,307.4843980967,1601.3413340797,,2625.1796173985,,45919.0465782112,12938.3318257176,7372.4367964365,588.4960381561
2018-08-31,2635.4015042968,87.1894911471,307.8867893449,1597.2221280756,,2591.2678873017,,45712.0344829816,12886.4054103636,7357.4559749045,589.8468324288
2018-09-03,2626.8316090040,87.0107490237,306.5071622082,1612.6691505908,,2610.8781848976,,45326.2392145990,12847.4605988480,7428.6148771815,586.6949791258
2018-09-04,2663.9678219394,86.8915876081,305.3574729276,1606.4903415848,,2631.4635801641,,44959.2632276010,12778.2253783760,7278.8066618615,589.7342662394
2018-09-05,2600.9632213609,86.7953418494,305.3574729276,1604.4307385827,,2592.1346407866,,44704.6700843239,12640.3618544016,7241.3546080315,586.8075453152
2018-09-06,2577.7927637175,86.8457562944,306.2772243520,1606.4903415848,,2582.8170408239,,44780.1050897394,12653.2865597742,7261.9532376380,585.3441848530
2018-09-07,2597.3130807733,86.7907587180,307.1969757765,1609.0648453373,,2581.3002222253,,44846.1107194779,12627.4371490290,7194.5395407440,581.7420667924
2018-09-10,2560.6529731319,86.5478527555,306.1047709600,1636.3545851142,,2537.5291712377,,44751.8169627086,12618.8206787806,7269.4436484040,590.4096633758
2018-09-11,2554.3049025447,86.2957805303,306.9670379204,1640.9886918688,,2543.0547247040,,45176.1388681704,12683.4442056436,7016.6422850514,590.1845309970
2018-09-12,2536.3716031357,86.4699395223,306.7371000643,1638.9290888668,,2532.5453386996,,45006.4101059857,12541.2724465450,7044.7313254240,603.2422089668
2018-09-13,2569.6989737187,86.5020214418,308.2316961291,1595.6774258241,,2555.8393386063,,45845.6245412324,12498.1900953030,7005.4066689024,600.3154880426
2018-09-14,2571.4446931302,86.6074334633,308.8640252334,1606.4903415848,,2521.3858875814,,45657.0370276938,12567.1218572902,6866.8340697314,591.8730238379
2018-09-17,2544.9414984285,86.6670141711,307.3694291686,1626.0565701041,,2493.4330876933,,45194.9976195243,12446.4912738126,6864.9614670399,594.1243476258
2018-09-18,2597.4717825380,86.5203539673,307.7143359528,1636.8694858647,,2534.9289107830,,45902.2007952940,12480.9571548062,6754.4779082414,589.0588691031
2018-09-19,2627.3077142980,86.3691106322,308.0592427370,1635.8396843637,,2564.7235618266,,46807.4208602793,12524.0395060482,6713.2806490284,595.1374433304
2018-09-20,2630.4817495917,86.1078721442,308.3466650571,1633.7800813617,,2569.7073943647,,46524.5395899714,12558.5053870418,6728.2614705604,603.2422089668
2018-09-21,2722.7709945502,86.3324455812,309.3239009456,1645.1078978728,,2631.5190392233,,46901.7146170486,12666.2112651468,6754.4779082414,598.9646937698
2018-09-25,2691.7961188756,86.3553612381,308.0592427370,1685.7850571630,,2612.6594015504,,47486.3359090182,12588.6630329112,6675.8285951984,618.1009459669
2018-09-26,2718.0056290618,86.5845178065,308.5191184492,1695.0532706721,,2616.3659199370,,47646.6352955260,12528.3477411724,6692.6820194219,623.8418216261
2018-09-27,2712.9225725408,86.8274237690,307.4269136326,1711.5300946884,,2597.0702212774,,47269.4602684488,12373.2512767012,6728.2614705604,627.7816382549
2018-09-28,2739.1320827270,86.8824213454,304.5526904311,1733.6708269602,,2627.4854750967,,47307.1777711565,12330.1689254592,6786.3121539969,634.4230434292
2018-10-08,2612.0556697032,86.7815924553,308.8640252334,1775.8926885019,,2537.2208508589,,47156.3077603257,12450.7995089368,6838.7450293589,644.4414342853
2018-10-09,2610.6260600567,86.8686719513,308.0017582729,1795.4589170212,,2520.8685638593,,47618.3471684952,12545.5806816692,7026.0052985089,667.4049369219
2018-10-10,2612.2145152195,86.9007538709,308.0017582729,1808.8463365344,,2528.7176616191,,47872.9403117723,12407.7171576948,7078.4381738710,672.3578492552
2018-10-11,2467.5062498887,87.2307393294,309.7837766579,1800.6079245262,,2321.0436167241,,47128.0196332949,12222.4630473542,6969.8272177639,646.3550595050
2018-10-12,2516.9072054517,87.1894911471,313.6927202119,1771.7734824978,,2325.9493028240,,47901.2284388031,12312.7133019233,6947.3559854659,645.3419638005
2018-10-15,2479.8962001585,87.0749128628,316.5669434134,1767.6542764937,,2277.5465333051,,47684.3527982337,12188.0819979946,6934.2477666254,645.1168314217
2018-10-16,2470.2066236655,87.2949031685,316.4519744854,1763.5350704897,,2235.0305871061,,47326.0365225104,12243.9512032040,6823.7642078269,630.3706606110
2018-10-17,2478.7842815446,87.2307393294,315.5897075249,1775.8926885019,,2246.0411270192,,47420.3302792797,12291.2251460735,6775.0765378479,637.1246319747
2018-10-18,2420.8056681025,87.5286428683,315.8771298451,1768.6840779947,,2198.4014642270,,47269.4602684488,12153.7009486349,6576.5806525489,624.4046525730
2018-10-19,2468.6181685027,87.3728164018,317.3717259098,1771.2585817473,,2230.1249010063,,47401.4715279258,12157.9985798049,6542.8738041019,621.1402330806
2018-10-22,2594.7081714838,87.2169899353,317.1417880537,1735.2155292117,,2359.7655309736,,47656.0646712029,12183.7843668246,6501.6765448889,629.5826972852
2018-10-23,2509.3330881136,87.3819826645,318.4064462624,1735.2155292117,,2306.2040565352,,47231.4907432275,12205.2725226744,6516.6573664209,623.7292554367
2018-10-24,2514.0673810916,87.5103103428,318.6363841185,1756.8413607331,,2300.8479090913,,47486.2351000128,12248.2488343740,6486.6957233569,603.5799075350
2018-10-25,2527.7968307278,87.5698910506,320.1884646473,1746.0284449724,,2309.7019487434,,46948.4414579105,12252.5464655439,6338.7601107284,603.6924737244
2018-10-26,2497.9707849663,87.5928067074,319.9585267912,1749.1178494754,,2295.3824525160,,46939.0064817333,12179.4867356547,6340.6327134199,605.9437975123
2018-10-29,2427.9032488917,87.7944644876,319.4411666149,1724.4026134511,,2271.4437527159,,46957.8764340877,12196.6772603345,6496.0587368144,603.4673413456
2018-10-30,2456.3090067598,87.7669656994,318.7513530466,1703.8065834308,,2289.8076868091,,46891.8316008471,12106.4270057654,6514.7847637294,609.4333493835
2018-10-31,2486.2928622872,87.8219632759,316.0495832372,1702.7767819297,,2323.9121358393,,46287.9931255042,11998.9862265165,6526.0203798784,602.3416794517
2018-11-01,2504.9144146674,87.9502909542,316.5094589494,1678.5764466559,,2339.2154142503,,45976.6389116555,11921.6288654573,6434.2628479949,588.2709057773
2018-11-02,2609.0688601837,87.5378091310,316.6244278775,1598.7668303271,,2425.6374652790,,47071.0961482145,11998.9862265165,6325.6518918879,574.8755292393
2018-11-05,2574.3507116783,87.6065561015,316.8543657336,1617.8181580959,,2423.7706611272,,47014.4181275665,11934.5679038974,6348.1231241859,573.6373011560
2018-11-06,2560.4634522761,87.8219632759,317.1417880537,1626.0565701041,,2426.8453973773,,46910.5084230450,11951.7461232625,6288.1998380578,571.3859773681
2018-11-07,2536.3185580883,87.9823728737,317.1992725178,1646.6526001244,,2400.3807032249,,46731.0280243261,11951.7461232625,6151.4998415783,561.2550203226
2018-11-08,2536.9497971520,88.0832017638,316.0495832372,1622.9671656010,,2388.4111942514,,46636.5646565794,11977.5134523102,6172.0984711848,566.6581974135
2018-11-09,2501.1269802850,88.0007053992,315.2577625204,1617.8181580959,,2386.4345780906,,46457.0842578605,11938.8624587387,6076.5957339183,557.6529022619
2018-11-12,2528.1124502597,87.9640403483,312.8257417474,1615.7585550939,,2453.2002795208,,46211.4795017189,11904.5060200085,6162.7354577273,561.2550203226
2018-11-13,2554.3088714047,88.0511198443,311.5814520497,1605.9754408342,,2502.9451195665,,46381.5135636631,11874.4441361196,6129.0286092803,545.2706214285
2018-11-14,2524.9888609085,88.4361028792,311.6380106723,1584.8645100634,,2490.3167385395,,46117.0161339722,11784.2584844529,5979.2203939603,526.8097663677
2018-11-15,2559.5108087508,88.5369735896,313.3913279737,1572.5068920512,,2536.1083462637,,46778.2597081995,11840.0876973894,6031.6532693223,522.1945526026
2018-11-16,2569.2841455829,88.8716809471,313.9003555773,1626.0565701041,,2551.9212755498,,46834.9377288476,11818.6149231831,6149.6272388868,525.3464059056
2018-11-19,2598.1312526841,88.7524701074,314.7487349167,1608.5499445868,,2558.2903720678,,47023.8644643411,11874.4441361196,6155.2450469613,524.3333102011
2018-11-20,2540.5946729468,88.6791095907,315.9364659919,1608.5499445868,,2481.7514018428,,46834.9377288476,11775.6693747703,6029.7806666308,516.1197909473
2018-11-21,2539.4912316916,88.7937353981,315.5971142561,1632.2353791101,,2490.6461745663,,46674.3500036781,11805.7312586592,5853.7560136298,496.6959278471
2018-11-22,2531.6095084399,88.5782388803,316.3323763503,1623.9969671020,,2483.3985819768,,46825.4913920729,11857.2659167545,5771.3614952038,491.8122136962
2018-11-23,2471.8660461921,88.6470143647,316.3323763503,1604.4307385827,,2376.4416852779,,46664.9036669034,11831.4985877069,5630.9162933413,480.6018698498
2018-11-26,2467.2946467062,88.4590280406,316.1627004824,1565.2982815441,,2369.6333407242,,46570.4402991566,11857.2659167545,5567.2478018303,464.9517858663
2018-11-27,2464.2995918705,88.6103341063,315.4839970109,1563.7535792926,,2385.2266459924,,46173.6941546202,11818.6149231831,5488.5984887872,464.0638378388
2018-11-28,2499.6097120380,88.6240892032,313.9569142000,1584.8933197562,,2414.7660763949,,46551.5476256073,11745.6074908814,5644.0245121818,473.6092791338
2018-11-29,2473.7576597725,88.8029054627,316.2192591050,1597.2248350266,,2367.6567245634,,46816.0450552982,11724.1347166751,5612.1902664263,454.5183965439
2018-11-30,2496.9299261325,88.6561844293,316.1061418598,1594.8759749751,,2376.4416852779,,46967.1864436931,11642.5381746909,5645.8971148733,464.0638378388
2018-12-03,2568.8112421878,88.7937353981,314.8618521620,1597.2248350266,,2455.3965196994,,47563.1447006825,11861.5604715958,5698.0487474773,479.1589543052
2018-12-04,2577.3235032996,89.0046468836,314.8618521620,1574.9106645373,,2478.7864776017,,46976.6460985659,11852.9713619133,5781.1050512541,479.7139218224
2018-12-05,2564.5551116319,88.9725516575,315.4839970109,1596.0504050009,,2454.2983996101,,46683.3967975076,11779.9639296116,5937.5599490662,471.8333830789
2018-12-06,2512.5357381708,89.1146876586,316.6151694634,1594.8759749751,,2409.3852879572,,46333.3895672122,11672.6000585798,5891.2029423070,468.8365584863
2018-12-07,2506.0727251044,89.1055175940,317.0110798218,1591.9398999107,,2408.1773558590,,46522.5826646692,11706.9564973100,6076.6309693436,457.0712471228
2018-12-10,2481.6393830242,89.2109733368,320.2349213115,1574.3234495244,,2381.0537896530,,46286.0912928480,11702.6745088325,5924.0391554281,476.0511362092
2018-12-11,2494.2501402269,89.1742930785,319.7258937079,1576.0850945630,,2408.8362279126,,46437.4457708135,11715.5204742648,5846.7774774962,464.8407923628
2018-12-12,2500.3978843632,89.2247284337,318.0856936517,1586.0677497819,,2400.3807032249,,46427.9861159407,11659.8546240582,5879.6136906172,472.1663635892
2018-12-13,2540.1217695517,88.6653544939,317.6332246707,1586.6549647948,,2432.4458098328,,46673.9371426348,11706.9564973100,5879.6136906172,468.6145714794
2018-12-14,2498.0333673877,88.5461436542,317.1241970671,1563.1663642797,,2377.2103693404,,46248.2526733566,11681.2645664454,5991.6431236185,468.1705974657
2018-12-17,2496.7722916674,88.2710417166,316.9545211992,1557.2942141509,,2372.5982649653,,46569.8809390334,11689.8285434002,6022.5477947913,463.7308573285
2018-12-18,2465.7183020558,88.4636130729,318.8775143685,1566.6896543570,,2358.3227038043,,46286.0912928480,11766.9043359941,6003.2323753083,449.1907083793
2018-12-19,2436.8711949547,88.6607694616,319.6127764626,1570.2129444342,,2325.9281611696,,45491.4802835287,11702.6745088325,5962.6699943940,431.4737107424
2018-12-20,2422.2111897065,88.9954768190,319.1603074816,1563.7535792926,,2341.1920304110,,45614.4557968757,11724.0844512197,5914.3814456866,430.0693145882
2018-12-21,2377.2853671720,88.8579258502,322.1579144808,1555.5325691123,,2326.4786844750,,45794.1892394598,11775.4683129489,5812.0097224268,420.8867243496
2018-12-24,2379.4791576367,88.7662252043,322.8931765750,1540.2649787775,,2353.5822164624,,45500.9399384015,11771.1863244715,5707.7064572188,415.7012616266
2018-12-25,2364.5927223403,88.9908917867,324.7596111216,1544.9626988805,,2320.5048447716,,45415.8030445459,11809.7242207684,5553.1831013550,384.1563633951
2018-12-26,2354.4072666112,89.2201434014,325.2120801027,1546.7243439191,,2317.0754182752,,45444.1820091644,11809.7242207684,5566.7038949931,385.9928814428
2018-12-27,2347.1990979414,89.2338984983,323.8546731596,1541.4394088032,,2284.9936865350,,45671.2137261128,11689.8285434002,5564.7723530448,414.1888349991
2018-12-28,2347.3557972603,89.6236262432,325.6079904610,1541.4394088032,,2279.1304734928,,45727.9716553499,11638.4446816710,5446.9482941986,409.5435246431
2019-01-02,2320.8736123646,89.9629186330,326.1170180647,1553.7709240737,,2266.0765274743,,45103.6344337419,11471.4471310510,5396.7282035429,400.6850258246
2019-01-03,2321.1870110025,90.0133539882,328.8318319508,1562.5791492668,,2260.4345677545,,44772.5465131922,11385.8073615023,5473.9898814748,416.3494444670
2019-01-04,2382.9265426527,89.8161975996,328.6621560829,1584.3061047433,,2327.4743244255,,44611.6643972074,11475.7291195284,5634.3078631835,429.9612841148
2019-01-07,2387.4708229011,89.8070275350,326.5129284231,1583.7188897304,,2361.1048294222,,44886.1103597697,11497.0832861074,5642.0340309767,440.2241790874
2019-01-08,2390.1347113225,90.2838708935,324.9292869895,1571.9745894729,,2362.3217226951,,44800.9374748366,11437.2916196863,5682.5964118909,438.0635696195
2019-01-09,2406.9015384458,90.1325648278,323.7415559144,1570.2129444342,,2363.9811226127,,45122.7017068063,11509.8957860548,5784.9681351507,449.7308607462
2019-01-10,2409.7221261862,89.8803880517,324.5333766311,1567.8640843827,,2365.9724025139,,44961.8195908214,11450.1041196337,5796.5573868405,455.3484453628
2019-01-11,2428.2126458175,89.9078982454,322.3275903487,1543.2010538419,,2385.1108148968,,44782.0101670737,11433.0207863705,5813.9412643751,461.1820909262
2019-01-14,2405.9613425324,89.7244969537,322.4407075940,1506.7937230435,,2373.0525088289,,44375.0730501708,11347.6041200547,5823.5989741166,448.1104036453
2019-01-15,2452.3443409295,89.6832316630,321.5923282546,1513.2530881851,,2406.9042671480,,44479.1732428669,11373.2291199495,5908.5868198417,449.7308607462
2019-01-16,2451.8742429728,90.1371498601,321.9316799903,1488.5900576443,,2401.1516807670,,44838.7920903624,11445.8332863179,5887.3398584104,456.8608719904
2019-01-17,2440.2784933735,90.1692450862,322.4972662166,1490.3517026829,,2382.5664016899,,44838.7920903624,11441.5624530021,5860.2982711343,459.3455728785
2019-01-18,2474.4389448957,89.9399934715,322.4407075940,1503.2704329662,,2395.0672144024,,45293.0474766726,11509.8957860548,6018.6847108947,466.6916450694
2019-01-21,2487.3965747018,89.8299526964,320.3480385568,1517.9508082882,,2405.5501162853,,45236.2655533838,11561.1457858442,6206.0442798795,474.0377172603
2019-01-22,2456.6417184150,89.8941431485,320.4045971794,1515.0147332238,,2369.2461718698,,44980.7468985843,11441.5624530021,6200.2496540346,469.3924069043
2019-01-23,2449.7726134576,89.6557214693,320.8005075378,1517.9508082882,,2373.8807179654,,44990.2105524658,11548.3332858969,6157.7557311721,467.1237669630
2019-01-24,2470.0676962864,89.6832316630,320.4611558020,1526.1718184684,,2389.4395512864,,44782.0101670737,11573.9582857916,6161.6188150687,459.8857252454
2019-01-25,2489.1138509411,89.5319255974,320.0086868210,1518.5380233010,,2377.9635323830,,44838.7920903624,11548.3332858969,6248.5382027420,465.3952793886
2019-01-28,2486.3037625494,89.5731908880,323.0628524428,1516.1891632495,,2367.8116695069,,44990.2105524658,11518.4374526863,6136.5087697408,455.8885977298
2019-01-29,2497.8563481597,89.7795173412,324.1940248954,1503.2704329662,,2340.6664709470,,45028.0651679916,11454.3749529495,6171.2765248102,452.1075311610
2019-01-30,2481.1519338314,89.9033132131,325.2686387253,1498.5727128632,,2318.2661648183,,45141.6290145692,11497.0832861074,6215.7019896210,459.2375424051
2019-01-31,2503.6326409648,89.8941431485,325.6079904610,1520.2996683397,,2308.2246482778,,45510.7115159462,11539.7916192653,6385.6776810712,466.2595231758
2019-02-01,2545.7839668400,89.7841023735,327.1350732720,1518.5380233010,,2379.7290737527,,45681.0572858125,11569.6874524758,6408.8561844507,457.1849634105
2019-02-11,2580.2856076490,90.1279797955,326.6260456683,1527.9334635071,,2432.2434203280,,45605.3480547608,11373.2291199495,6385.6776810712,464.0989137079
2019-02-12,2596.5040110815,90.0821294726,326.7391629136,1536.1544736874,,2448.1635590792,,45529.6388237091,11415.9374531074,6441.6923975718,461.7222432932
2019-02-13,2655.1397773378,90.0041839236,326.0604594420,1538.5033337389,,2492.9389493171,,45539.1024775905,11403.1249531600,6217.6335315693,467.2317974363
2019-02-14,2660.2860015039,89.7932724381,325.3251973479,1529.6951085457,,2507.9746359155,,45747.3028629827,11437.2916196863,6209.9073637761,477.2786314621
2019-02-15,2614.1259301958,89.8299526964,327.5875422530,1515.6019482366,,2488.9589146293,,45510.7115159462,11433.0207863705,6173.2080667584,479.9793932970
2019-02-18,2688.0444227635,89.6694765662,329.1146250639,1511.4914431465,,2585.3641992896,,46483.2433180504,11497.0832861074,6263.9905383284,489.3780444825
2019-02-19,2680.7149519815,89.8712179871,329.5670940449,1512.6658731723,,2575.4141125700,,46605.9900503548,11471.4582862126,6252.4012866386,489.4841772182
2019-02-20,2689.7598308189,89.9491635361,331.8294389500,1486.2411975928,,2571.5446344013,,46936.4620219436,11514.0872653513,6229.2227832591,484.3898059028
2019-02-21,2688.5122613241,90.0228546071,329.7367699128,1488.5900576443,,2577.0724603566,,46898.6937966192,11543.9275507484,6258.1959124835,485.3450005245
2019-02-22,2760.0915610890,89.8570496973,327.5875422530,1495.0494227859,,2656.0098149982,,47134.7452048969,11659.0257944227,6238.8804930006,484.8143368458
2019-02-25,2963.1334963700,89.5346512617,327.2481905172,1480.9562624769,,2831.9052368955,,47701.2685847635,11727.2321610446,6240.8120349489,476.5359834583
2019-02-26,2886.4079724389,89.2767325132,326.9088387814,1482.7179075155,,2798.8488376829,,47389.6807258369,11671.8144881643,6186.7288603965,459.6608784762
2019-02-27,2873.4644389302,89.4471431149,326.5129284231,1456.2932319360,,2773.5313948077,,47285.8181061947,11671.8144881643,6121.0564341544,465.1797807345
2019-02-28,2867.3825376430,89.2997609729,324.4768180085,1459.8165220133,,2783.0392554508,,47361.3545568436,11663.2886923366,6117.1933502578,466.6656390348
2019-03-01,2923.9910034702,89.1247446793,323.3456455560,1475.0841123481,,2808.7989244024,,47682.3844721013,11667.5515902505,6364.4307196399,476.8543816655
2019-03-04,2952.6851018509,89.3918748117,318.7643971232,1452.7699418588,,2843.7347844398,,47219.7237118769,11710.1805693891,6385.6776810712,462.8448605483
2019-03-05,2980.7554154842,89.4609601907,317.6332246707,1458.6420919875,,2929.0844171895,,47096.9769795725,11569.5049382316,6408.8561844507,461.1467367765
2019-03-06,2999.3130117196,89.5668911053,319.3865419721,1472.1480372837,,2985.0260158571,,47059.2087542481,11514.0872653513,6528.6117852452,465.4981789417
2019-03-07,2969.8391824046,90.0228546071,317.7463419159,1482.7179075155,,3008.4639979075,,46878.2117975010,11492.7727757820,6493.8440301758,466.9840372420
2019-03-08,2864.1076677191,90.0458830668,320.7439489152,1480.9562624769,,2927.7577389603,,46716.2671519904,11518.3501632652,6377.9515132780,463.8000551699
2019-03-11,2901.3788063767,89.9675863038,322.1013558582,1482.1306925026,,3012.0018065189,,46859.1594862644,11531.1388570068,6372.1568874331,466.6656390348
2019-03-12,2921.9637030411,90.0182489151,321.4792110093,1473.9096823223,,3065.8428313234,,47106.8395323394,11539.6646528345,6374.0884293814,471.4416121429
2019-03-13,2901.2228601898,90.0919399861,323.1194110655,1488.0028426314,,2987.0160332010,,47002.0518205385,11599.3452236286,6291.0321256046,472.8213377075
2019-03-14,2884.2247258230,89.8570496973,322.4972662166,1506.7937230435,,2923.9988173107,,46782.9502413183,11637.7113048534,6277.5113319665,480.4628946806
2019-03-15,2917.1293712487,89.9583749199,322.2710317261,1506.7937230435,,2958.0502251953,,46982.9995093019,11650.4999985950,6209.9073637761,482.9039476025
2019-03-18,3007.7939636060,89.8155984699,322.6103834618,1497.3982828374,,3059.7113517581,,47011.5779761567,11595.0823257147,6080.4940532402,480.5690274163
2019-03-19,2982.7562288384,89.7050618634,323.4587628012,1490.9389176958,,3045.0614950918,,46992.5256649202,11705.9176714753,6094.0148468783,487.0660820866
2019-03-20,2983.8448260022,89.7465130908,323.0062938202,1489.1772726572,,3035.4059077436,,46859.1594862644,11761.3353443555,6117.1933502578,487.2791002725
2019-03-21,2978.0908124221,89.9353464603,325.0989628574,1491.5261327087,,3075.0271110001,,47078.2610654846,11774.1240380971,6134.5772277925,494.0956822217
2019-03-22,2988.5102424185,90.0781229103,323.9112317822,1500.9215729147,,3113.7604441556,,46621.0055958077,11727.2321610446,6144.2349375340,490.9004094330
2019-03-25,2908.7316216993,90.3590701185,325.8342249515,1500.3343579018,,3062.3749620610,,45839.8608351097,11633.4484069395,6165.4818989653,479.5039364868
2019-03-26,2884.0049146928,90.3590701185,326.1170180647,1501.5087879276,,2973.2550006746,,45944.6485469106,11620.6597131979,6155.8241892238,484.4033547627
2019-03-27,2900.3338721499,90.2208993604,326.0604594420,1500.9215729147,,2991.9002727953,,46097.0670368029,11637.7113048534,6122.9879761027,488.6637184809
2019-03-28,2893.9578030476,90.3222245830,325.1555214800,1470.3863922451,,2951.3911994379,,46068.4885699481,11667.5515902505,6151.9611053272,482.6992092754
2019-03-29,3014.0145188278,90.1932652087,318.9906316137,1461.5781670519,,3071.1426793083,,46487.6394171519,11697.3918756475,6281.3744158631,487.7051366443
2019-04-01,3096.2813616357,89.7649358586,319.1037488590,1468.3973497909,,3199.6618764259,,47116.3656879577,11825.2788130635,6318.0737128808,491.1134276189
2019-04-02,3087.8836120863,89.5853138730,319.1603074816,1496.8106112032,,3188.8964514515,,46935.3687312106,11740.0208547862,6207.9758218278,500.8057550779
2019-04-03,3134.2267484885,89.1201389874,320.0086868210,1496.8106112032,,3234.3997941269,,47163.9964660490,11765.5982422694,6173.2080667584,503.1489551229
2019-04-04,3176.8375517576,88.8530088550,320.0652454436,1500.7884678010,,3264.3654100352,,47173.5226216673,11769.8611401832,6316.1421709325,499.5276459624
2019-04-08,3150.8667337067,89.0556593002,321.4226523867,1499.6519373445,,3218.9730511223,,46925.8425755923,11769.8611401832,6350.9099260018,507.0897915623
2019-04-09,3173.7272741467,88.8898543905,321.7054454998,1489.4231632360,,3238.9501283945,,47430.7288233606,11774.1240380971,6350.9099260018,509.3264825144
2019-04-10,3179.9478293685,89.0786877599,323.2890869333,1489.4231632360,,3228.9615897584,,47144.9441548125,11808.2272214080,6340.7647024778,506.6637551905
2019-04-11,3120.3860131200,89.2122528261,323.6849972917,1493.4010198338,,3174.8015135983,,46840.1071750279,11791.1756297526,6399.6069989168,511.3501552805
2019-04-12,3107.7893887960,89.0234194567,320.4611558020,1478.0578586711,,3163.7031373360,,46868.6856418827,11799.7014255803,6448.3040718319,506.1312097257
2019-04-15,3085.2398761170,88.7701064001,318.7078385006,1495.6740807468,,3112.5396227667,,46982.9995093019,11795.4385276664,6425.9845800791,502.5099005652
2019-04-16,3182.5915653377,88.5812730307,318.4250453875,1497.3788764315,,3195.8884284967,,47106.8395323394,11825.2788130635,6434.1007588983,495.9063368019
2019-04-17,3172.9497047440,88.8161633195,316.7282867087,1485.4453066383,,3203.2133568298,,47125.8918435759,11910.5367713408,6389.4617753929,502.8294278441
2019-04-18,3165.1740107168,88.8714316227,314.6921762941,1482.0357152688,,3199.2179413754,,47116.3656879577,11965.8752195279,6091.1922037883,498.9233415895
2019-04-19,3181.5029681739,88.7885291679,316.1627004824,1483.7405109536,,3208.0966423853,,47144.9210611019,11987.1592380614,6093.2212484931,502.4071482490
2019-04-22,3096.7697042886,88.6319356420,317.0676384444,1483.7405109536,,3153.2194048999,,46878.4042450892,12080.8089196087,6145.9764108177,517.5036437732
2019-04-23,3095.6912809301,88.7240494807,315.5971142561,1484.3087761818,,3084.2340517048,,46792.7381256566,12076.5521159020,6170.3249472752,526.0548055736
2019-04-24,3100.4671558036,88.3463827419,315.4274383883,1478.6261238993,,3125.4475235815,,46602.3689713618,12038.2408825417,6143.9473661129,524.6823968896
2019-04-25,3041.6160525233,88.5121876516,317.1807556897,1458.7368409107,,3005.5840838109,,46811.7750410860,12123.3769566757,6109.4536061315,534.0781178801
2019-04-26,2997.5547553029,88.7701064001,318.3684867648,1454.7589843130,,2985.5883292616,,46611.8874290765,12076.5521159020,6044.5241755781,525.7380958773
2019-04-29,3015.5798314385,88.6135128742,318.1988108970,1458.1685756824,,2920.9353895522,,46497.6659364996,12110.6065455556,6048.5822649877,509.6914712641
2019-04-30,3014.8095290395,89.0510536083,318.4816040101,1459.8733713672,,2925.6010656137,,46573.8135982176,12068.0385084886,6074.9598461500,514.7588264051
2019-05-06,2825.4691993758,89.2030414422,319.7824523305,1468.9656150191,,2671.6549828375,,45698.1154884616,11855.1983231537,5930.8976721097,498.2899221969
2019-05-07,2861.2112306874,89.1339560632,319.1680231645,1477.4895934428,,2724.9769949690,,45964.6323044743,11927.5639861676,5969.4495215007,512.2251488346
2019-05-08,2822.5420502598,89.2629154374,320.7878818749,1482.0357152688,,2706.7586408241,,45536.3017073110,11957.3616121145,5967.4204767959,509.1636217703
2019-05-09,2771.2399104892,89.4241146552,320.8437390719,1528.6334639851,,2689.8733369825,,45279.3033490131,11923.3071824609,5969.4495215007,508.5302023777
2019-05-10,2858.5922025310,89.4793829585,320.8995962688,1510.4489766812,,2787.1860091224,,45441.1171301636,12063.7817047819,5975.5366556151,514.8643963039
2019-05-13,2817.1499334671,89.7280903231,323.0780269484,1511.0172419094,,2742.9731740634,,45345.9724125544,12110.6065455556,5855.8230180323,524.4712570920
2019-05-14,2802.8223088465,89.6175537166,327.0438879293,1515.5633637354,,2743.1953491139,,45184.2263926187,12080.8089196087,5640.7442793243,523.9434075982
2019-05-15,2861.8274726066,89.6405821763,325.3681720219,1531.4747901263,,2802.8493501860,,45412.5737148809,12204.2562271030,5659.0056816674,528.7996229416
2019-05-16,2875.3847948282,89.7004561715,326.5970303540,1549.0910122020,,2827.9551308979,,45469.6605454464,12204.2562271030,5707.7027545825,534.7115372728
2019-05-17,2808.9162724309,89.7557244747,325.8708867941,1545.1131556043,,2732.6893481988,,45317.4289972716,12165.9983705917,5646.8314134387,540.5178817051
2019-05-20,2785.9318301066,89.7234846311,323.3014557361,1558.1832558540,,2732.8026249915,,45307.9145255107,12144.7440058632,5663.0637710770,549.4913231006
2019-05-21,2814.9729835839,89.5012134058,323.0221697515,1583.1869258968,,2777.3204045406,,45384.0302995981,12114.9878952433,5669.1509051914,537.9842041346
2019-05-22,2812.4881790083,89.4363842984,322.7428837669,1576.9360083861,,2769.5043058411,,44870.2488245083,12008.7160716008,5608.2795640476,533.5441694375
2019-05-23,2762.4814869244,89.6401329216,323.2455985391,1574.6629474731,,2711.9596951263,,44413.5541799841,11995.9634527637,5441.8978982546,521.1755013527
2019-05-24,2771.6442037969,89.6216103195,325.2006004311,1574.0946822449,,2703.1241052921,,44879.7632962692,12106.4861493519,5383.0556018156,499.5039034263
2019-05-27,2800.9959578462,89.1863291699,325.3681720219,1606.4858002550,,2776.9805741623,,44984.4224856394,12165.9983705917,5514.9435076271,496.5438802948
2019-05-28,2815.5941847278,89.4086003952,325.0888860373,1629.2164093849,,2768.9379218774,,44841.7054092255,12106.4861493519,5527.1177758559,504.1553683470
2019-05-29,2816.6812867297,89.7142233301,325.5916008095,1678.6554842424,,2756.0243675044,,44537.2423128760,12046.9739281121,5531.1758652655,500.8781998801
2019-05-30,2810.4692752907,89.7281152817,324.0834564929,1649.1056923735,,2757.4969658101,,44289.8660470921,12021.4686904379,5476.3916582361,503.3096474524
2019-05-31,2791.3673401157,89.7697911364,327.8258886861,1661.0392621667,,2723.6272047791,,43937.8305919379,12034.2213092750,5429.7236300258,473.2865556909
2019-06-03,2806.1208672834,90.0198462649,331.4566064855,1681.4968103836,,2711.8464183335,,43890.2582331333,12008.7160716008,5265.3710089376,454.1521204485
2019-06-04,2784.6894278188,90.1633964313,334.8638954972,1694.5669106333,,2688.5113990279,,44023.4608377862,11927.9494856325,5261.3129195280,446.6463475081
2019-06-05,2775.6820112323,90.3023159471,337.0423261768,1678.6554842424,,2674.3517999347,,44232.7792165265,11974.7090880352,5234.9353383657,449.2892253040
2019-06-06,2752.3869683360,90.2699013934,337.0423261768,1633.1942659826,,2612.0495639245,,43776.0845720023,11859.9355185013,5228.8482042513,439.9862954624
2019-06-10,2789.0378358261,90.2143335871,336.0927538293,1627.5116137001,,2638.2165030488,,44004.4318942644,11851.4337726099,5397.2589147491,459.6493062640
2019-06-11,2877.8695994038,89.9226026038,334.6404667095,1629.7846746131,,2762.0280375199,,44565.7857281588,11932.2003585782,5370.8813335868,455.6321320142
2019-06-12,2854.4192562216,89.9550171575,338.0477557213,1626.9433484719,,2727.9317229034,,44204.2358012438,11885.4407561755,5232.9062936609,447.1749230673
2019-06-13,2848.6731456405,90.1495044797,338.7180420842,1657.6296707972,,2740.5054468982,,44004.5178684068,11906.7714107989,5299.8647689191,452.1435333236
2019-06-14,2830.3477118955,90.3671450545,343.8010470034,1653.0835489712,,2701.1983998154,,44071.0905126858,11868.3762324768,5310.0099924430,450.0292310869
2019-06-17,2835.7832219046,90.4504967640,339.7234716287,1689.4525235791,,2714.5650613594,,43890.3933353571,11783.0536139830,5395.2298700443,450.3463764224
2019-06-18,2842.9270350595,90.2884239956,342.0136167021,1670.1315058187,,2713.4322934320,,44061.5801349317,11783.0536139830,5494.6530605792,431.4233714037
2019-06-19,2887.3429168483,90.1680270818,339.9469004163,1638.8769182651,,2749.7941439034,,44546.6094003928,11829.9810541546,5654.9475922578,443.2131757492
2019-06-20,2967.4778644115,90.1772883829,347.7110507873,1632.6260007543,,2805.9794331053,,44632.2028001801,11868.3762324768,5699.5865757633,451.7686089911
2019-06-21,2972.7580741346,90.2745320440,350.3363390423,1636.6038573521,,2838.7164262088,,44556.1197781470,11744.6584356609,5616.3957428668,458.5503548535
2019-06-24,2976.5040677175,90.1217205766,352.7940557065,1654.7883446560,,2838.4881877022,,44461.0160006056,11800.1181376818,5772.6321851358,467.0014535437
2019-06-25,2944.5070391972,90.2004416355,359.4969193361,1651.3787532865,,2807.7901085604,,44784.3688442463,11868.3762324768,5742.1965145639,459.0720276122
2019-06-26,2941.3853778781,90.0800447218,353.4643420694,1640.5817139498,,2805.1653657342,,44898.4933772960,11868.3762324768,5961.3333426816,469.6098173369
2019-06-27,2976.3479846515,90.0291075660,352.5706269188,1636.6038573521,,2828.5598126638,,44784.3688442463,11859.8439706274,5983.6528344343,467.3144571988
2019-06-28,2979.3135629046,90.3347305008,353.9670568416,1646.2643662323,,2807.3336315472,,44708.2858222132,11800.1181376818,6005.9723261870,462.7237369227
2019-07-01,3052.2043547045,90.3949289577,345.0299053355,1628.0798789284,,2881.5111462019,,45041.1490436081,11731.8600428868,6381.3455965737,471.1748356129
2019-07-02,3053.7651853640,90.8163181558,348.6047659379,1603.6444741137,,2872.0392481767,,44327.8707120476,11697.7309954893,6541.6401282523,463.4540787848
2019-07-03,3027.3871472180,90.9737602737,358.7149185793,1601.3714132007,,2855.6060756994,,43985.4971128985,11646.5374243931,6409.7522224408,446.2388777494
2019-07-04,3009.1254285016,90.9598683221,354.8607719923,1593.4157000053,,2843.8517926080,,44080.6008904399,11753.1906975102,6156.1216343417,449.0559106461
2019-07-05,3023.7972367011,90.7977955536,355.2517723707,1593.4157000053,,2862.6814694049,,44014.0282461610,11765.9890902843,5975.5366556151,450.8295980255
2019-07-08,2949.9699465055,90.7329664463,353.4084848725,1575.2312127014,,2751.1869589162,,44052.0697571775,11748.9245665856,6026.2627732349,460.8457149916
2019-07-09,2943.2583746695,90.9089311663,350.1687674515,1567.8437647342,,2755.6376097955,,43862.1492150039,11727.5939119621,5953.2171638624,460.4283767847
2019-07-10,2944.1948730653,90.8626246610,349.8894814669,1579.2090692991,,2744.4539229707,,43757.6929168084,11787.3197449077,6208.8767966663,463.0367405779
2019-07-11,2941.5414609441,90.8672553116,356.3689163089,1584.8917215816,,2739.2044373182,,44241.9902993512,11778.7874830584,6255.5448248765,481.6082907859
2019-07-12,2965.4221700348,91.0293280800,353.7436280540,1595.6887609183,,2763.3977190209,,44317.9585162206,11748.9245665856,6048.5822649877,478.0609160270
2019-07-15,2979.4696459706,90.7514890484,354.9724863861,1625.8068180154,,2799.3452838151,,44545.8631668290,11829.9810541546,6003.9432814822,474.2005376130
2019-07-16,2968.2316652220,90.7931649031,354.9724863861,1598.5300870595,,2808.0183470671,,44545.8631668290,11847.0455778533,5975.5366556151,471.1748356129
2019-07-17,2961.3640103201,90.8394714084,352.7940557065,1607.0540654832,,2802.4265036546,,44498.3830312856,11838.5194565307,5979.5947450247,457.2954273974
2019-07-18,2942.6340424057,91.0108054779,356.4806307028,1609.3271263962,,2766.3648196071,,44422.4148144161,11825.7302745467,6123.6569190650,452.6344321012
2019-07-19,2970.1046620134,90.9922828758,361.1726352435,1613.8732482222,,2785.3086156574,,45552.4420403493,11881.1500631440,5947.1300297480,446.8340823992
2019-07-22,2946.4964183979,91.1080491390,358.2122038071,1589.4378434076,,2733.2219470974,,45020.6645222631,11817.2041532240,5677.2670840106,450.2521456164
2019-07-23,2954.9391015452,91.1126797896,356.0337731274,1599.0983522878,,2758.1681120840,,44916.2082240676,11723.4168186746,5583.9310275901,452.4272767547
2019-07-24,2978.3909991765,90.8950392147,357.0950598688,1590.5743738640,,2783.5762430889,,44716.7916547853,11757.5213039653,5484.5078370552,456.2596506649
2019-07-25,3008.7221201130,90.9459763705,357.8212034287,1596.8252913748,,2798.5901386827,,44650.3194650245,11842.7825171920,5411.4622276827,456.3632283382
2019-07-26,3011.0673098761,90.9830215748,356.4806307028,1582.0503954403,,2805.9815949750,,44678.8075463506,11829.9933352080,5464.2173900073,460.0920245751
2019-07-29,3004.6571245235,90.8116875052,357.0392026719,1574.0946822449,,2797.2042406279,,44536.3671397203,11834.2563958693,5348.5618418341,454.9131409127
2019-07-30,3018.5719171181,90.8996698653,358.4356325947,1584.8917215816,,2816.6068133952,,44859.2320614155,11876.8870024827,5441.8978982546,459.9884469019
2019-07-31,3000.2794369657,91.1219410906,359.9996341083,1590.5743738640,,2814.5279663130,,44365.4386517640,11847.0455778533,5486.5368817600,462.3707333866
2019-08-01,2969.3229320924,91.1728782464,353.6877708571,1575.7994779296,,2795.4718680593,,44270.4783806772,11812.9410925626,5454.0721664833,458.7455148229
2019-08-02,2923.6699047034,91.4275640255,362.2339219849,1601.9396784290,,2759.7849931480,,44099.5498927209,11761.7843646266,5328.2713947862,443.7267522017
2019-08-05,2866.6036204672,91.7470789119,373.1260753830,1627.5116137001,,2728.4867954101,,43738.7008625910,11834.2563958693,5232.9062936609,448.4913251712
2019-08-06,2834.3963477202,91.7470789119,374.8576484873,1622.9828857316,,2671.7804666674,,43824.1651065692,11821.4672138853,5206.5287124986,445.9018833399
2019-08-07,2812.8206018994,91.8119080193,381.8397981015,1632.0403416687,,2651.4539618635,,43615.2525101781,11770.3104859493,5222.7610701370,434.0940285895
2019-08-08,2844.5588366938,91.8026467182,384.6885151441,1626.3794317080,,2665.8903999345,,44090.0538656123,11838.5194565307,5243.0515171849,428.2936788875
2019-08-09,2831.1130820518,91.9369355835,386.4200882485,1641.0977976058,,2639.3273538839,,44251.2086529086,11864.0978204987,5275.5162324616,426.9471691352
2019-08-12,2871.1376540093,91.8859984277,384.5768007503,1632.6064326647,,2694.3013100581,,44317.5665065012,12094.3030962108,5293.7776348047,432.8510965105
2019-08-13,2855.0340176358,92.0063953415,393.5698094534,1664.3075284446,,2683.3296171242,,44137.4523324641,12107.0922781948,5307.9809477383,432.9546741837
2019-08-14,2871.6066919619,91.9693501372,383.1245136306,1635.4368876451,,2697.8815466997,,44156.4117192049,12085.7769748882,5445.9559876642,447.0412377457
2019-08-15,2883.3326407776,91.8811145458,388.0958041559,1622.9828857316,,2718.5661622141,,44023.6960120196,12107.0922781948,5366.8232441772,437.5120918067
2019-08-16,2891.3362310829,91.8114548684,388.4868045343,1619.5863397551,,2725.6947585214,,44127.9726390938,12081.5139142268,5379.2656473709,435.4287008933
2019-08-19,2968.7042707010,91.9089784168,386.9786602176,1628.6437956923,,2836.1295701661,,44184.8507993160,12273.3516439870,5424.8877924141,442.5122299988
2019-08-20,2959.7590815362,91.8207428254,385.1353727194,1634.3047056530,,2823.2747243662,,44194.3304926864,12222.1949160509,5439.4039294733,444.8039600035
2019-08-21,2962.1130786848,91.6256957285,385.8056590824,1640.5317066097,,2829.7021472662,,44014.2163186493,12222.1949160509,5348.1596393868,444.1789427295
2019-08-22,2963.8393432605,91.7046433630,387.0345174145,1660.9109824682,,2826.4300046989,,43900.4599982048,12226.4579767123,5273.5052202252,443.4497559098
2019-08-23,2985.8099833143,91.7417951909,386.8110886269,1674.4971663739,,2829.1178360934,,43985.7772385381,12179.5643094376,5333.6435023276,444.9081295492
2019-08-26,2952.0693575174,91.7975229329,400.2168158861,1685.2528952992,,2813.4582966644,,43625.5488904639,12119.8814601789,5281.8001556876,439.6996522657
2019-08-27,2984.3975850251,91.8718265888,400.7195306583,1661.4770734643,,2848.1663803242,,43966.8178517974,12149.7228848082,5296.3162927468,439.3871436287
2019-08-28,2977.8063930090,91.8300307824,400.8871022491,1673.9310753778,,2854.8275276933,,44137.4523324641,12183.8273700989,5329.4960345964,445.1164686405
2019-08-29,2967.7626718415,92.1690412126,405.2998208053,1690.9138052599,,2857.9828080260,,44127.9726390938,12128.4075815015,5261.0628170316,448.3457245562
2019-08-30,2975.2954627171,91.8904025028,398.4852427818,1661.4770734643,,2839.1679882643,,44260.6883462790,12158.2490061309,5290.0950911500,457.8251532120
2019-09-02,3007.3098239384,91.7417951909,397.4798132374,1683.5546223110,,2908.3504311148,,44213.2898794271,12239.2471586963,5283.8738895532,449.4915895586
2019-09-03,3009.1930216573,91.7139313200,399.3231007355,1695.4425332285,,2923.8931083092,,43957.3381584270,12200.8796127442,5304.6112282092,447.5123681909
2019-09-04,3050.7803046163,91.8439627178,401.0546738398,1682.9885313149,,2978.8183585452,,44194.3304926864,12239.2471586963,5321.2010991340,447.8248768279
2019-09-05,3078.7144041133,92.0808056211,403.1772473225,1657.5144364918,,2995.0622091470,,44526.1197606495,12217.9318553896,5366.8232441772,457.3043054837
2019-09-06,3105.7069047509,92.1086694921,390.1066632448,1633.1725236608,,3010.0205751687,,44962.1856556867,12273.3516439870,5377.1919135053,461.7835959474
2019-09-09,3113.7104950562,92.0250778792,391.6706647583,1613.9254297944,,3066.8156211574,,44933.7585625430,12294.6669472936,5426.9615262797,469.2838032355
2019-09-10,3107.7470356130,91.8578946533,385.2470871133,1622.9828857316,,3059.6870248502,,44943.2342602576,12243.5102193576,5381.3393812365,471.6038579931
2019-09-11,3086.7179944186,91.7464391694,386.4759454454,1607.6984288377,,3048.9356992721,,44810.5744922534,12294.6847657290,5310.8324298060,473.3966275785
2019-09-12,3120.4586202156,91.4770884166,386.6993742330,1617.8880667669,,3061.9074073066,,45000.0884465450,12303.2138567909,5285.9476234188,460.3199553086
2019-09-16,3107.1193030401,91.5699679866,386.8110886269,1610.5288838180,,3060.2713360229,,45066.4183305471,12179.5420363934,5464.2887358605,495.9644329476
2019-09-17,3051.0941709028,91.4120727177,385.3588015071,1618.4541577630,,2997.5163160724,,44857.9529808263,12145.4256721458,5584.5653000654,516.6340116968
2019-09-18,3063.4918892189,91.2356015348,387.0903746114,1620.7185217473,,2997.9837650106,,44829.5258876826,12124.1029444910,5431.1089940109,496.2808040509
2019-09-19,3079.8129361160,91.4167166962,386.5318026423,1620.1524307512,,3030.0040172758,,44602.1091425326,12055.8702159958,5312.9061636716,483.4150458498
2019-09-20,3085.3055961295,91.5188842231,387.3138033991,1620.7185217473,,3040.5216183849,,44658.9633288201,12132.6320355529,5331.5697684620,489.2151827437
2019-09-23,3060.7866112596,91.4631564812,391.3355215769,1620.1524307512,,3035.7960923043,,44412.5951882410,12124.1029444910,5366.8232441772,491.9570656390
2019-09-24,3060.6294382796,91.3795648682,393.2905234688,1610.5288838180,,3028.5896650314,,44649.4876311055,12072.9283981196,5325.3485668652,487.2114990895
2019-09-25,3040.9828157877,91.4910203521,395.3013825577,1630.3420686805,,2981.5706805299,,44535.7792585306,12034.5474883410,5333.6435023276,477.2985378526
2019-09-26,3021.1790203159,91.2216695994,390.4976636232,1619.0202487591,,2925.8094727792,,44649.4876311055,11974.8438509077,5327.4223007308,475.0839401294
2019-09-27,3030.1378801722,91.0637743305,386.9228030207,1612.7932478023,,2940.8130180850,,44459.9736768139,11919.4047590054,5283.8738895532,472.9747994408
2019-09-30,2981.5714293722,91.2402455133,385.4705159009,1630.3420686805,,2890.8405797831,,44772.6717013951,11953.5211232530,5304.6112282092,471.3929439242
2019-10-08,3008.2908359612,91.4817323951,384.8560867349,1647.3247985626,,2904.1901909607,,44317.8382110952,11906.6111224125,5304.6112282092,464.0109515138
2019-10-09,3012.0629874796,91.4445805672,390.4418064262,1675.0632573700,,2929.7080317957,,44156.7513499473,11868.2026994370,5366.8232441772,473.8184557162
2019-10-10,3036.4247993696,91.3191931478,388.4309473373,1673.9310753778,,2967.1578259842,,44213.5567762123,11863.9350968842,5341.9384377900,474.9784830950
2019-10-11,3075.4036983935,91.0962821800,386.3642310515,1692.0459872521,,2986.2962066104,,44412.3757681396,11770.0478407218,5290.0950911500,492.6952648801
2019-10-14,3100.3942022033,91.1612978789,380.6109397694,1680.7241673307,,3014.2949486378,,44469.1811944045,11723.1042126406,5308.7586959404,499.6542375479
2019-10-15,3092.2212072466,91.1473659434,381.6722265108,1682.9885313149,,2984.0515817222,,44459.7136233604,11748.7098279576,5198.8508010635,488.0916368075
2019-10-16,3078.8615039521,91.1102141155,380.0523678003,1681.2902583267,,2965.8583063120,,44260.8946314331,11808.4562636973,5190.5558656011,485.0939255045
2019-10-17,3085.9342880492,91.3099051908,382.8452276460,1680.1580763346,,2970.1112797845,,44166.2189209915,11808.4562636973,5161.5235914827,475.4584248875
2019-10-18,3049.6273296842,91.0591303520,382.0632268892,1690.3477142638,,2939.3953602609,,44090.4783526382,11821.2590713558,5144.9337205579,478.8843806625
2019-10-21,3059.5970521568,90.8222874487,381.7839409046,1742.4280859022,,2945.0420365436,,44516.5190496253,11744.4422254048,5030.8783579498,477.5996472469
2019-10-22,3069.0920259403,90.7990675562,380.3316537849,1731.6723569769,,2976.3991112198,,44611.1947600669,11774.3154432746,5043.3207611434,473.5313247642
2019-10-23,3056.4320608956,90.9058790616,382.0073696923,1727.7097200044,,2957.2965254975,,44431.3109102279,11770.0478407218,5059.9106320682,474.9231192977
2019-10-24,3062.4455442918,90.8687272337,381.5046549201,1724.8792650241,,2957.8972357403,,44838.4164651266,11799.9210585916,5130.4175834987,480.0620529601
2019-10-25,3085.0752318091,90.7294078788,385.0236583256,1724.3131740280,,2988.0528899308,,44866.8191782591,11782.8506483803,5095.1641077834,483.5950698530
2019-10-28,3100.9001881148,90.4832770185,384.9678011287,1688.0833502796,,3031.4241694638,,44904.6894624357,11799.9210585916,4995.6248822345,488.5198812794
2019-10-29,3089.8227187008,90.4832770185,380.8343685571,1691.4798962560,,2991.2967252422,,44819.4813230383,11765.7802381690,5016.3622208906,487.0210256279
2019-10-30,3067.6677798727,90.1953503517,380.4433681787,1692.0459872521,,2953.0915537976,,44980.4300307890,11816.9914688030,5014.2884870250,484.5586199147
2019-10-31,3069.2502755033,90.5436487389,381.0577973447,1673.3649843818,,2939.1550761637,,44810.0137519942,11812.7238662502,5020.5096886218,481.0256030218
2019-11-01,3132.8665998525,90.5575806744,384.3533719627,1680.1580763346,,2972.4344236170,,44611.1947600669,11842.5970841200,5012.2147531594,474.9231192977
2019-11-04,3144.5770675188,90.4786330400,383.9623715843,1684.2603109123,,2978.2012419483,,44535.4541917136,11902.3435198597,5010.1410192938,481.9891530835
2019-11-05,3162.1427690182,90.8315754057,381.3929405262,1678.9860093124,,3002.4699357590,,44734.2731836409,11919.4139300711,5030.8783579498,491.0893481106
2019-11-06,3151.5400482933,90.8873031476,375.9747924256,1656.7167358904,,2976.7595373655,,44677.4677573760,11910.8787249654,4968.6663419817,490.3399202848
2019-11-07,3157.2370325634,90.8455073412,377.9856515145,1658.4748364237,,2997.7843958648,,44639.5974731993,11932.2167377296,4929.2653985353,485.8433533303
2019-11-08,3140.3043293162,90.7015440078,371.0035019003,1661.9910374904,,2986.0104751052,,44724.8056125967,11974.8927632579,4891.9381889545,483.4880087350
2019-11-11,3091.0887152053,90.9941146531,370.3332155373,1635.6195294907,,2920.6532006843,,44601.7271890227,11859.6674943314,4850.4635116424,484.2374365608
2019-11-12,3083.9674848677,90.8826591691,366.7583549349,1632.1033284241,,2923.8970359956,,44668.0001863318,11791.3858534860,4862.9059148360,489.4834313411
2019-11-13,3085.8664796244,91.0034026100,370.7242159157,1633.2753954463,,2927.1782172081,,44469.1811944045,11782.8506483803,4850.4635116424,481.8820919655
2019-11-14,3085.8664796244,90.9244549756,371.7720826373,1626.2429933130,,2940.4244672880,,44469.1811944045,11739.9883324531,4879.4957857608,487.7704534536
2019-11-15,3072.8746918065,91.0312664810,370.8345176759,1620.3826582020,,2929.0010956594,,44374.6262694749,11718.5571744895,4856.6847132392,481.3467863757
2019-11-18,3096.4817208902,91.3888528252,370.8345176759,1627.4150603352,,2950.0249604652,,44421.9037319397,11825.7129643075,4933.4128662665,486.9016094763
2019-11-19,3131.9714827342,91.4867095410,373.1508546394,1623.8988592686,,3003.8606373957,,44336.8042995030,11778.5644167876,4920.9704630729,484.0173744048
2019-11-20,3095.6895387062,91.4494307921,374.0884196008,1620.3826582020,,2977.6111876959,,44488.0921793904,11812.8542695293,4887.7907212233,473.5486693305
2019-11-21,3080.3212043362,91.4960292282,373.7023634402,1616.8664571354,,2987.6977817935,,44544.8251343482,11885.7202066055,4954.1502049225,483.2696097567
2019-11-22,3041.6627137562,91.4680701665,372.7096475987,1608.0759544688,,2948.8097081643,,44317.8933145171,11877.1477434201,4954.1502049225,490.2131386325
2019-11-25,3068.4384715760,91.2537173606,369.9521035946,1615.1083566021,,2961.8129077841,,44535.3696418552,11834.2854274929,4985.2562129065,494.9133735638
2019-11-26,3070.3397088176,91.3935126688,369.7315000742,1618.0385241576,,2948.9312333944,,44507.0031643764,11791.4231115657,4933.4128662665,491.6018444076
2019-11-27,3072.7162553697,91.3422543891,370.3933106352,1610.4200885132,,2965.3371394567,,44800.1234316582,11774.2781851949,4920.9704630729,494.9133735638
2019-11-28,3064.6359970927,91.3469142328,369.2902930336,1613.9362895799,,2962.6635843947,,44771.7569541793,11838.5716590856,4900.2331244169,493.3110207463
2019-11-29,3031.9980911111,91.3469142328,370.2830088751,1622.7267922464,,2965.8232403771,,44743.3904767004,11902.8651329764,4947.9290033257,495.1270206061
2019-12-02,3040.3952222617,91.0393645547,370.8345176759,1607.4899209577,,2974.9376326339,,44724.4794917145,11958.5861436817,4923.0441969385,482.3081980662
2019-12-03,3055.1298108845,91.1372212704,371.5514791170,1613.3502560688,,2992.4372657671,,44516.4586568693,11954.2999120890,4927.1916646697,481.2399628545
2019-12-04,3051.8026457116,91.2164386118,378.4453391273,1605.7318204244,,2984.5381258111,,44421.9037319397,11975.7310700526,4912.6755276105,479.3171394735
2019-12-05,3073.6668739905,91.2257582990,376.7356618447,1614.5223230910,,3013.9472314932,,44629.9245667849,11941.4412173109,4995.6248822345,486.7947859552
2019-12-06,3097.1154666374,91.0673236163,374.0332687207,1611.0061220243,,3047.6097202285,,44743.3904767004,11864.2890486419,4970.7400758473,489.2517269420
2019-12-09,3089.8273905445,91.0114054930,371.1102720763,1626.8290268241,,3053.6859817331,,45707.8507109826,11945.7274489036,4997.6986161001,499.8272555375
2019-12-10,3091.8870642229,91.1698401757,371.4522075328,1624.4848927797,,3068.6335850343,,45896.9605608419,11992.8759964235,4937.5603339977,502.2841965243
2019-12-11,3096.7985937638,91.2630370478,371.6728110532,1630.9312614019,,3057.3317386358,,46189.1778081999,12001.4484596089,4956.2239387881,500.8850761997
2019-12-12,3085.8664796244,91.2909961095,373.8567859044,1619.7966246909,,3048.9464977595,,46217.4568966539,11962.6646046227,5031.8135042189,501.9613226032
2019-12-13,3152.5682195187,91.1092622088,369.0917498653,1606.3178539355,,3094.6399842738,,46198.6041710179,12018.6857284916,5019.5557368518,501.7460733225
2019-12-16,3159.2225498645,91.1139220524,373.0846735833,1616.2804236243,,3138.0244914164,,46283.4414363799,11992.8298251675,5084.9304961433,506.8044314191
2019-12-17,3206.9119173423,90.8949094029,372.8861304150,1613.9362895799,,3186.9991591432,,46434.2632414679,12079.0161695812,5062.4579226368,506.5891821384
2019-12-18,3199.1485319390,90.8250117487,373.4596995678,1619.2105911798,,3186.6345834529,,46255.1623479259,12152.2745623329,5058.3720001811,509.7102967086
2019-12-19,3191.5435829724,90.9228684645,372.8640700629,1606.3178539355,,3190.4018655857,,46292.8677991979,12238.4609067466,5015.4698143960,514.9839040859
2019-12-20,3189.9592186044,91.2397378298,374.0332687207,1603.9737198911,,3162.2101598986,,46217.4568966539,12216.9143206432,5027.7275817632,516.8135229719
2019-12-23,3146.0033988883,91.3189551711,375.2024673784,1612.7642225577,,3082.9817456399,,46236.3096222899,12225.5329550845,4984.8253959781,513.1542851999
2019-12-24,3161.0242725323,91.3748732944,376.9231748370,1612.7642225577,,3124.9047562522,,46745.3332144619,12268.6261272914,5072.6727287761,517.0287722526
2019-12-25,3164.5027906393,91.4540906357,379.1953910964,1606.9038874466,,3139.8512209053,,46754.7595772799,12268.6261272914,5066.5438450925,521.1185085859
2019-12-26,3189.6429896855,91.5612670387,379.5704170810,1603.3876863800,,3161.1165161435,,46801.8913913699,12113.4907073467,5074.7156900040,521.7642564281
2019-12-27,3184.4252125250,91.5146686026,380.8719778509,1602.8016528689,,3137.2993854768,,46877.3022939139,12130.7279762295,5148.2622942069,526.9302391650
2019-12-30,3234.0731527799,91.5193284462,381.0484606672,1626.2429933130,,3186.7563864021,,46669.9223119179,12143.6559278915,5164.6059840298,526.6073652439
2019-12-31,3248.7777975050,91.4587504793,383.2765562225,1624.4848927797,,3201.8243670279,,46330.5732504699,12160.8931967743,5078.8016124597,520.3651361035
2020-01-02,3289.0969846547,91.3469142328,381.9088143965,1623.8988592686,,3257.7217145111,,46405.9841530139,12143.6559278915,5054.2860777254,519.2888897000
2020-01-03,3282.2980629000,91.3096354839,387.3356609966,1618.0385241576,,3267.5645083070,,45981.7978262039,12139.3466106708,5119.6608370169,537.8003278406
2020-01-06,3267.1190747966,91.5006890718,395.2553273765,1605.1457869133,,3300.9814008241,,45850.1525972536,12156.5838795536,5207.5081698149,556.2299583136
2020-01-07,3290.6781292488,91.3375945455,391.5050675309,1607.4899209577,,3342.2968315725,,46085.2333632363,12126.4186590088,5113.5319533333,541.2491475782
2020-01-08,3261.5850687173,91.4354512613,397.8363885644,1598.1133847801,,3301.3459487425,,45944.1849036467,12199.6770517604,5140.0904492955,547.6079089695
2020-01-09,3293.8404184370,91.5472875079,383.8942460795,1591.6670161579,,3340.4740919806,,46038.2172100397,12135.0372934501,5015.4698143960,518.9395949003
2020-01-10,3292.7336172211,91.8548371859,385.2840482576,1562.3653406027,,3322.2466960622,,46085.2333632363,12239.1262480759,5023.6416593075,516.3529800970
2020-01-13,3328.9418284261,91.7989190627,385.4164103698,1555.9189719806,,3384.9489380216,,46019.4107487611,12109.0150547937,5029.7705429911,513.9819165274
2020-01-14,3319.4549608615,91.7430009394,380.2101672899,1558.2631060250,,3368.1797337766,,46367.3302824154,12082.9928161373,4988.9113184339,501.5877205952
2020-01-15,3291.3105870864,91.8222182807,383.3427372786,1578.1882454025,,3356.0281364977,,46320.3141292189,12117.6891343459,4980.7394735224,499.3244326423
2020-01-16,3286.7252677635,91.7523206266,383.8060046713,1575.8441113581,,3365.0203184841,,46263.8947453831,12403.9337595666,5005.2550082567,499.6477594927
2020-01-17,3282.1399484406,91.9107553092,383.6074615030,1571.7418767804,,3350.8029496677,,46310.9108985796,12386.5856004623,5007.2979694846,500.0788619600
2020-01-20,3305.4231154046,92.1856860821,383.7839443193,1571.1558432693,,3410.2515005089,,46169.8624389900,12325.8670435973,5031.8135042189,502.2343742960
2020-01-21,3243.4395492978,92.4186782624,387.5342041649,1588.1508150913,,3360.1831513374,,45530.4427555172,12247.8003276280,4966.4387449274,496.7378178391
2020-01-22,3253.6652645185,92.3860593572,384.2030910079,1569.3977427360,,3399.2876284276,,45643.2815231889,12286.8336856127,4966.4387449274,495.5522860543
2020-01-23,3141.8116718740,92.9079618412,386.8503332519,1547.1284693140,,3256.5136497680,,45154.3135299450,12230.4521685237,4899.0210244080,481.9725583373
2020-02-03,2824.8145000335,94.1008818046,396.3142242741,1511.9664586478,,2926.9883833224,,42352.1507994320,11801.0852306926,4566.0183442669,447.8076878111
2020-02-04,2962.9403148603,93.9284675912,392.8948697090,1552.4027709140,,3016.8921343896,,42559.0218734967,11801.0852306926,4455.6984379624,428.4080767868
2020-02-05,2989.3698557383,94.0030250889,390.7108948577,1544.1983017585,,3078.2439349794,,42831.7155620366,11818.4333897969,4492.4717400639,426.5758913012
2020-02-06,3061.2644996743,94.0449636813,388.7034028227,1545.3703687807,,3190.2936306673,,43292.4738633625,11857.4667477815,4525.1591197097,437.3739276474
2020-02-07,3062.0510931529,94.2965952361,390.7991362658,1543.6122682474,,3219.4387974145,,42963.3607909868,11905.1741853183,4533.3309646211,432.8836551074
2020-02-10,3060.9498622829,94.2033983640,392.1889384439,1556.5050054917,,3230.8274550090,,42700.0703330863,11896.5001057662,4523.1161584818,427.5380925598
2020-02-11,3095.7172940332,93.8772093115,391.1300415463,1557.0910390028,,3228.3782813328,,42859.9252539545,11952.8816228551,4549.6746544440,425.2929562898
2020-02-12,3119.9443731714,93.8632297807,390.4682309853,1547.7145028251,,3296.8326855836,,42859.9252539545,11922.5223444226,4539.4598483047,431.1730750921
2020-02-13,3109.4040205593,94.0076849325,393.2478353415,1572.9139438026,,3271.1163619831,,42982.1672522654,11887.8260262140,4547.6316932161,434.1665901188
2020-02-14,3133.6310996975,93.5603399462,393.5346199179,1563.5374076249,,3284.2194411510,,43189.0383263302,11879.1677406887,4574.1901891783,436.4117263888
2020-02-17,3208.6721175476,93.4624832304,394.7699996318,1571.1558432693,,3416.5972783516,,43546.3610906238,11853.1928841129,4600.7486851405,438.7637739098
2020-02-18,3179.2866586132,93.8044934202,396.7333709627,1556.5050054917,,3423.5774233289,,43367.6997084770,11883.4968834514,4563.9753830390,434.0596788679
2020-02-19,3184.1580448536,93.7951232780,401.5645880580,1558.8491395361,,3410.5968028449,,43489.5454176212,11870.5094551635,4580.3190728619,442.0780226893
2020-02-20,3251.5717447619,93.5936652210,402.6676056596,1561.1932735805,,3470.3566405451,,43517.6636581929,11835.8763130623,4625.2642198748,448.5996089974
2020-02-21,3267.4430354163,93.9169351264,410.2122460549,1559.4351730472,,3535.9944950682,,43105.2627964741,11757.9517433348,4653.8656770648,444.1093364574
2020-02-24,3237.1147275322,94.1418185389,418.8157833478,1534.8217655808,,3554.9755910591,,43114.6355433313,11714.6603157084,4590.5338790012,427.8588263126
2020-02-25,3234.7576051578,94.1230782545,410.0357632387,1544.7843352696,,3583.5084643873,,43067.7718090451,11718.9894584710,4578.2761116340,426.8966250540
2020-02-26,3202.5435993741,94.1090230413,412.8153675948,1545.9564022918,,3499.5018072923,,42767.8439096132,11680.0271736072,4496.5576625196,408.8286236430
2020-02-27,3203.9578727987,94.2870557428,412.8594882989,1550.6446703807,,3496.1954228294,,42589.7617193256,11628.0774604555,4425.0540195445,394.1817822625
2020-02-28,3084.5303391616,94.7415076388,408.0944522597,1529.0210015827,,3295.9754747969,,41605.6232993147,11351.0123236465,4343.3355704301,378.5154484249
2020-03-02,3187.1437331945,94.5728450794,398.4540784213,1585.3563492405,,3427.9859359462,,42392.9340353234,11476.5574637631,4394.4096011266,386.8217596543
2020-03-03,3199.7150525248,94.4463481599,397.3731211717,1587.6325249035,,3441.3339324817,,42758.4711627560,11498.2031775763,4439.3547481396,395.8640731444
2020-03-04,3226.2719646099,94.8445792028,406.5061069134,1583.0801735776,,3464.6010824059,,42439.7977696096,11433.2660361366,4461.8273216460,394.3920686228
2020-03-05,3293.5285230266,94.7930434208,406.5943483215,1586.4944370720,,3507.5840804239,,42477.2887570386,11433.2660361366,4433.2258644560,392.9200641011
2020-03-06,3237.7432934987,95.0882028996,414.8228596298,1577.9587783360,,3478.4389136767,,42083.6333890343,11372.8410740733,4378.0659113038,375.6765825617
2020-03-09,3125.3871269848,95.5145443691,411.8888328094,1552.3518021279,,3348.2653327846,,41005.7675004510,11126.8251571009,4165.5979436063,355.4890919791
2020-03-10,3199.5579110331,94.8258389185,406.6164086735,1567.7159878527,,3450.3958750837,,41746.2145021734,11208.8304627584,4014.4188127447,323.4204220431
2020-03-11,3143.9298229969,95.1350536106,409.4621940858,1555.1970217065,,3382.9211403034,,41352.5591341691,11165.6697755702,4026.6765801119,289.1437453246
2020-03-12,3102.7587521904,94.9335955536,405.0942443833,1548.3684947177,,3353.5310561885,,40612.1121324467,11109.5608822256,3940.8722085417,274.5288432882
2020-03-13,3059.7019834844,94.6337510036,393.1154732293,1569.4231195999,,3335.1622536167,,40790.1943227343,11152.7215694138,3934.7433248582,280.8374340953
2020-03-16,2900.8319354487,94.6993419989,382.9456509420,1564.3017243583,,3152.5763560532,,39852.9196370097,11066.4001950375,3844.8530308323,260.9653730530
2020-03-17,2892.9748608674,94.2823706717,364.9664640351,1576.2516465888,,3162.7404268096,,39843.5468901525,10997.3430955365,3761.0916204901,259.1779389910
2020-03-18,2836.4039238814,94.6618614302,374.0112083687,1566.5779000213,,3114.9815401230,,37312.9052386961,10617.5290482809,3652.8146754135,248.9790505195
2020-03-19,2815.9755299697,94.3104810982,371.2977850686,1554.6279777908,,3151.7191452665,,35081.2274729182,10190.2382451184,3526.1510792862,244.0201316710
2020-03-20,2848.5038187367,94.4744585865,374.7833206898,1602.9967106284,,3169.3531957354,,36332.4610319736,10354.2488564333,3613.9984120842,259.8266855007
2020-03-23,2757.7981507780,94.9476507669,374.6068378735,1658.7630143705,,3045.0768627138,,34735.7376095970,9793.1599229876,3466.9052036782,257.1406044577
2020-03-24,2828.0675330614,94.9898164067,395.3876894887,1661.6082339492,,3085.4390676143,,35669.4939969517,9870.8491599262,3405.6163668424,268.6081042949
2020-03-25,2898.1797131473,95.1725341793,401.9396140425,1687.2152101573,,3153.8953300289,,36752.6514062832,10099.6008020233,3446.4755913996,273.1537799061
2020-03-26,2879.4726516446,95.3599370230,400.7704153848,1645.6750043086,,3121.6301024034,,36295.1107764794,10047.8079773976,3419.9170954375,267.2650637734
2020-03-27,2892.6776362348,95.1537938949,405.4472100158,1666.1605852751,,3099.9154815299,,36584.5752565594,10134.1293517738,3362.7141810574,264.0624286838
2020-03-30,2879.0010450521,95.2146998192,402.2705193230,1678.6795514213,,3051.8243437762,,36155.0473183762,9939.9062594272,3199.8756296993,260.3432395474
2020-03-31,2870.5121263870,95.5051742269,402.4911228433,1672.9891122639,,3041.7644629196,,36556.5625649387,9987.3830153342,3278.3520399924,274.0835771902
2020-04-01,2867.5252846344,95.6972621417,395.5641723050,1628.6036868365,,3036.6118410174,,36416.4991068355,9892.4295035203,3213.6090015006,270.8809421005
2020-04-02,2929.3057482527,95.4536384449,397.8584489164,1620.6370720162,,3147.0251674927,,37023.4407586161,9918.3598560852,3356.8284502854,298.5682390047
2020-04-03,2903.9961944549,95.1069431840,400.9248378490,1596.1681836395,,3104.8227404844,,37284.8925470754,9978.8640120700,3396.0666554319,292.8861444908
2020-04-07,2967.6630844432,95.8612396300,412.3962209062,1597.3062714710,,3197.6926161974,,37910.5093266031,10043.6898934824,3449.0382323797,307.5562794177
2020-04-08,2959.1741657781,96.2079348908,408.3371161321,1605.2728862913,,3207.6298155802,,38106.5981679476,10043.6898934824,3439.2286810931,302.4940497598
2020-04-09,2970.8071283933,95.9315156964,409.7269183102,1605.8419302070,,3234.6197398297,,38097.2606040741,10073.9419714748,3523.5908221582,311.5854009821
2020-04-10,2957.9165481981,95.7581680659,412.2417984420,1608.1181058700,,3187.1420094454,,39021.6794275553,10238.1675377193,3507.8955400995,299.6013470982
2020-04-13,2943.6111482254,95.7909635636,411.7123499932,1595.5991397238,,3152.7911967642,,39077.7048107966,10160.3764800245,3425.4953092918,294.5391174403
2020-04-14,2996.2738843886,95.7769083503,416.4994463843,1597.8753153867,,3227.7495772935,,39049.6451855136,10173.3416563070,3460.8096939237,290.0967526385
2020-04-15,2978.5100360709,95.9783664073,415.0875838542,1599.5824471339,,3221.2474591788,,38871.9342253879,10328.9237716966,3451.0001426371,283.5881716498
2020-04-16,2984.3265173784,96.1282886823,418.4628177153,1570.5612074314,,3256.2116792293,,38871.9342253879,10445.6103582387,3399.9904759466,267.1617529641
2020-04-17,3026.4567063090,95.8659247011,410.5210909834,1576.8206905045,,3276.8221668380,,39545.3652321800,10726.5225110255,3386.2571041453,262.0995233062
2020-04-20,3035.0659178214,95.6925770706,408.9989266931,1556.3351095380,,3303.9012791502,,39592.1312743183,10666.0183550406,3347.0188989988,250.8386450877
2020-04-21,2999.1942031862,95.7441128526,412.9918504111,1554.0589338751,,3279.3179375580,,38759.6957242559,10462.8972599487,3250.8852963898,236.7883750169
2020-04-22,3030.4424523796,95.9924216206,411.6241085850,1571.6992952629,,3318.7511149342,,38432.3334292875,10540.6883176435,3068.4276424584,217.5725644789
2020-04-23,3020.2389424389,96.5921107204,418.9260851080,1579.0968661675,,3296.0396013821,,39236.7093540669,10583.9055719184,3270.5043989630,235.0320912580
2020-04-24,3009.2382832841,96.8076239907,422.2130775609,1570.5612074314,,3254.6098074299,,39077.7048107966,10618.4793753383,3272.4663092204,238.7512803944
2020-04-27,3025.3406974092,96.6108510048,419.3011110925,1582.5111296619,,3246.2489755179,,39741.7826091610,10726.5225110255,3217.5328220152,224.9190968710
2020-04-28,3042.5591204341,96.7560882087,415.9479375835,1553.4898899593,,3220.9169027098,,39564.0716490353,10791.3483924378,3256.7710271618,226.3802430178
2020-04-29,3059.7775434590,96.9528611946,417.7568864502,1547.2304068862,,3237.1394123899,,39760.4890260163,10877.7829009876,3323.4759759109,237.3875439907
2020-04-30,3112.5488214334,96.4562436587,419.4555335568,1552.9208460436,,3326.8623697743,,40162.6769884061,10942.6087823999,3352.9046297708,242.2580311469
2020-05-06,3121.9551821600,96.1704543221,419.2349300364,1569.4231195999,,3377.7760924625,,39956.9064029974,11017.0185221202,3433.3429503211,256.7720828722
2020-05-07,3115.7374182899,95.6738367862,417.1391965933,1563.1636365268,,3370.9127229824,,40321.6815316764,10907.5924342962,3431.3810400638,254.6290685235
2020-05-08,3147.9422465401,95.7066322839,422.8748881219,1564.8707682741,,3419.0810978786,,40695.8098687831,10881.3301732184,3437.2667708358,255.5057562116
2020-05-11,3146.3479481119,95.2334401035,421.1417044041,1556.3351095380,,3411.8433627906,,40686.4566603555,10973.2480869906,3421.5714887772,252.0964152023
2020-05-12,3147.1450973260,95.4770638004,419.9789355807,1558.0422412852,,3422.9495424947,,40256.2090726827,10868.1990426796,3396.0666554319,246.6414695874
2020-05-13,3155.7543088384,95.2521803879,420.8126188880,1551.7827582121,,3443.5396509348,,40274.9154895381,10938.2317388869,3380.3713733733,244.7906844681
2020-05-14,3131.2021130437,95.2896609566,423.6646933604,1534.7114407400,,3429.3368727759,,40134.6173631231,10968.8710434776,3409.8000272332,238.9460998807
2020-05-15,3113.9427566613,95.4170472440,429.8953791309,1537.5566603187,,3426.8006623903,,40340.3879485318,11030.1496526591,3507.8955400995,252.7782834041
2020-05-18,3130.3956010632,94.9358101584,440.0531520596,1563.7326804426,,3417.1630629254,,40471.3328665191,11170.2150450738,3537.3241939594,260.6684725971
2020-05-19,3154.9135652700,95.0207343500,432.7474536033,1558.0422412852,,3458.2496711707,,40948.3464963302,11249.0018283071,3543.2099247314,260.4736531109
2020-05-20,3144.2676071276,95.2377628396,437.3765898624,1568.8540756842,,3430.3513569301,,40985.7593300408,11270.8870458719,3657.0007196563,261.6425700283
2020-05-21,3121.3626668817,95.3415590737,433.3617465666,1560.3184169482,,3387.8698329727,,41379.4025708050,11183.3461756127,3643.2673478551,270.9939053681
2020-05-22,3051.0348221833,95.9879265318,432.6158193969,1567.1469439370,,3340.0622672057,,40545.2537987095,11196.4773061516,3529.4765529301,258.8176874778
2020-05-25,3058.7773371959,95.5066894462,431.6943799520,1586.4944370720,,3331.6927729335,,40910.7796651334,11240.2477412812,3570.6766683340,264.6622720652
2020-05-26,3087.9730708896,95.1103765522,433.6688930483,1587.0634809878,,3388.1234540112,,41107.6012855155,11327.7886115404,3578.5243093633,267.6819741020
2020-05-27,3073.7784600330,95.2330448289,429.1275129268,1603.5657545441,,3361.3664344440,,40901.4072070199,11393.4442642348,3549.0956555034,265.7337792395
2020-05-28,3077.4884151432,95.4736633717,432.3964290529,1589.3396566507,,3349.4462456321,,40957.6419557005,11516.0014825976,3584.4100401353,266.0260084689
2020-05-29,3080.8757654613,95.2896609566,432.6596974657,1595.5991397238,,3372.3989496210,,41182.5809504229,11568.5260047532,3533.4003734448,268.0716130745
2020-06-01,3176.6893887432,95.1198125735,436.5867846239,1587.0634809878,,3502.6333529173,,41801.1631859095,11520.3785261106,3635.4197068258,270.8964956250
2020-06-02,3189.7548828271,94.6432934985,435.4459548349,1585.9253931563,,3501.8724898016,,41763.6733534557,11402.1983512607,3627.5720657964,271.3835443406
2020-06-03,3186.5288349051,94.7140636582,431.1459040919,1593.8920079766,,3494.8979112415,,42016.7297225184,11511.6244390847,3668.7721812003,283.0727135154
2020-06-04,3187.3353468856,94.4592910835,427.5259634154,1612.1014132801,,3498.3217952619,,41913.6326832707,11524.7555696236,3600.1053221939,273.1369197169
2020-06-05,3209.1111703588,94.2139545300,428.0086221723,1617.2228085218,,3513.2854365364,,42382.2555889423,11537.8867001624,3629.5339760538,277.5203581574
2020-06-08,3219.1119189168,94.5253432325,423.7305104636,1598.4443593025,,3501.3652477245,,42925.8581595214,11747.9847887845,3700.1627453175,288.0406104147
2020-06-09,3237.9842992602,94.4073929664,423.7524494980,1601.8586227969,,3524.8251937905,,43347.6187746259,11866.1649636344,3674.6579119723,281.7089771117
2020-06-10,3237.1777872797,94.4781631260,428.2499515507,1603.5657545441,,3527.4882146953,,43891.2213452050,11966.8369644325,3655.0388093990,278.8840945611
2020-06-11,3197.8200026319,94.7753977966,431.8698922272,1593.8920079766,,3523.1766570400,,44003.6908425661,11848.6567895826,3617.7625145098,274.6072777755
2020-06-12,3214.9180566183,94.9782722542,431.7821360896,1611.5323693644,,3536.8721931218,,43900.5938033184,11927.4435728159,3600.1053221939,261.2422253205
2020-06-15,3169.1081761266,95.1009405309,430.5974282318,1594.4610518923,,3523.4302780785,,43375.7361489662,11909.9353987640,3564.7909375620,258.2128134307
2020-06-16,3226.0479219490,94.5111892005,430.4438549910,1613.2395011116,,3600.6578843175,,44191.1400048348,12146.2957484639,3625.6101555391,271.0432637875
2020-06-17,3231.6935058124,94.4215469983,430.9484527823,1601.8586227969,,3617.9041149390,,43834.9865965244,12115.6564438731,3641.3054375977,274.4290770761
2020-06-18,3259.9214251295,94.5442152750,430.2025256126,1602.4276667126,,3641.4908715243,,43975.5734682258,12032.4926171269,3631.4958863111,275.0527795240
2020-06-19,3304.3407532346,94.5678053283,431.0362089199,1599.5824471339,,3666.0921122638,,44781.6048659811,12090.1917702153,3662.8864504283,278.6167935120
2020-06-22,3307.9334930078,94.3130327535,436.0383087638,1606.4109741228,,3664.5522226860,,44584.3704485764,12156.7677160865,3639.3435273404,276.4783851192
2020-06-23,3326.5504172872,94.2752886684,435.4459548349,1599.0134032182,,3681.1060356470,,44941.2708229277,12121.2605449552,3633.4577965684,277.7257900150
2020-06-24,3355.6189481795,94.4970351686,438.8465051674,1603.5657545441,,3685.5973802488,,44950.6629380422,12076.8765810411,3635.4197068258,277.9039907144
2020-06-29,3329.8165443538,94.5394972644,438.9342613051,1596.1681836395,,3664.0389261601,,45439.0529239967,12227.7820583492,3551.0575657607,265.6972428055
2020-06-30,3364.6007976126,94.6574475305,439.5704933027,1600.7205349654,,3722.9397025096,,45824.1296436916,12276.6044186548,3574.6004888486,271.6669662354
2020-07-01,3444.7842170965,94.5961133921,442.1812383967,1639.9845651512,,3740.2634602595,,46350.0880901041,12454.1402743114,3572.6385785913,272.1124679839
2020-07-02,3530.0301335336,94.6197034453,437.7495534473,1649.0892678030,,3820.3377183033,,46406.4407807912,12396.4411212230,3588.3338606499,276.1219837204
2020-07-03,3598.4554955780,94.3271867855,439.3730419931,1653.6416191289,,3872.0523432899,,45927.4429099512,12476.3322562684,3600.1053221939,275.7655823216
2020-07-06,3865.4613832689,93.3552765930,438.4077244794,1665.5915413593,,4045.5465690514,,46058.9325215543,12538.4698057483,3621.6863350245,277.1020875671
2020-07-07,3847.6609907562,93.3883026675,439.1317126147,1655.9177947918,,4106.6288556360,,46359.4802052186,12480.7706526599,3553.0194760180,275.0527795240
2020-07-08,3886.3645964949,92.9778357416,441.3694941238,1648.5202238872,,4180.6718795002,,46772.7332702571,12560.6617877053,3566.7528478193,277.1911879168
2020-07-09,3948.5843171128,92.8834755287,444.1996295618,1653.0725752131,,4303.7347215900,,47618.0236305629,12684.9368866650,3554.9813862754,277.8148903647
2020-07-10,3874.4432327020,93.0108618161,440.8429572981,1661.0391900334,,4291.9289014938,,47430.1813282727,12760.3896253190,3478.4668862396,271.5778658857
2020-07-13,3950.3806869994,92.8315774116,442.8832874976,1636.0012577411,,4426.2842671537,,49665.5047255260,13075.5157691095,3523.5908221582,274.6963781252
2020-07-14,3913.6367575006,93.0580419225,442.0934822591,1630.8798624994,,4357.2458844173,,49036.2330128538,12858.0343459302,3533.4003734448,272.0233676342
2020-07-15,3867.2577531555,93.4402007846,442.7516532912,1637.7083894883,,4257.1530618626,,49036.2330128538,12849.1575531473,3537.3241939594,274.3399767264
2020-07-16,3671.1268228088,93.6713833061,441.1062257110,1647.3821360558,,4048.1130516810,,47606.4406825347,12405.3179140058,3515.7431811288,268.6375543456
2020-07-17,3693.1731805081,93.5911771252,438.5174196514,1650.7963995502,,4057.4807132791,,48358.9629616500,12565.1001840967,3488.2764375263,267.9247515480
2020-07-20,3789.7779225928,93.6477932529,440.7332621261,1661.6082339492,,4150.8523532450,,48227.2715628048,12644.9913191422,3449.0382323797,261.3313256702
2020-07-21,3800.0584948079,93.7798975509,443.7608488738,1656.4868387075,,4180.0873356895,,48791.6632721413,12644.9913191422,3472.5811554677,266.7664470019
2020-07-22,3819.3141697504,94.1431843704,454.3793415249,1666.1605852751,,4210.7389912921,,49299.6158105442,12773.7048144933,3476.5049759823,268.4593536462
2020-07-23,3825.5151498167,94.0346701256,456.9023304813,1682.6628588314,,4216.5344723935,,48885.7285570308,12778.1432108847,3494.1621682983,268.2811529468
2020-07-24,3643.0757889203,94.3460588280,461.1585031555,1707.1317472081,,3995.0183058536,,48180.2389203601,12787.0200036675,3503.9717195849,263.5588344127
2020-07-27,3669.1851786729,94.2233905513,471.7550567723,1708.2690768198,,3997.3364982941,,48537.6870029399,12818.0887784074,3478.4668862396,262.6678309157
2020-07-28,3695.1313847395,93.8884117957,471.6234225658,1664.4818867681,,4025.9275383940,,48462.4347750284,12893.5415170615,3502.0098093276,260.0839207744
2020-07-29,3812.2972712544,93.6383572316,473.2030330429,1673.0118588561,,4186.5267591354,,48801.0698006303,13050.9992815755,3502.0098093276,259.3711179768
2020-07-30,3781.7819219811,93.5675870719,470.5264708457,1662.7758923506,,4155.3599496572,,48622.3457593404,13244.4473922641,3519.6670016435,259.1929172774
2020-07-31,3801.8535153534,93.2656343908,474.8265215887,1670.1685348268,,4195.9283173665,,48744.6306296966,13212.9558393613,3531.4384631875,254.9161004918
2020-08-03,3867.9429081647,93.4826628804,473.2249720773,1677.5611773031,,4294.0651306824,,48020.3279360481,13136.4763537402,3486.3145272689,249.2136781110
2020-08-04,3880.9976030410,93.5958951358,473.8392650406,1664.4818867681,,4272.1710909663,,48481.2478320063,13221.9534259050,3507.8955400995,250.6392837062
2020-08-05,3869.0851939664,93.4071747101,487.1123808545,1642.3039593394,,4303.4666889135,,48302.5237907164,13190.4618730022,3549.0956555034,249.4809791601
2020-08-06,3858.8046217513,93.3128144972,490.9517118751,1633.7739872514,,4310.4212662351,,48349.5564331611,13050.9992815755,3564.7909375620,252.0648893014
2020-08-07,3821.7619250398,93.2231722950,493.3211275906,1633.2053224455,,4264.3149943623,,48255.4911482717,13095.9872142938,3605.9910529659,251.0847854547
2020-08-10,3834.8166199161,93.6666652954,489.6573088453,1627.5186743869,,4290.8454189595,,47248.9925999549,12916.0354834206,3602.0672324512,253.3122941972
2020-08-11,3796.3052700309,93.6006131464,479.3020846070,1621.2633615224,,4199.1480290895,,47352.4644133332,12794.5680650812,3594.5315269440,254.2032976942
2020-08-12,3775.0913908569,93.6996913699,457.6043795822,1622.4006911341,,4151.8826609964,,46910.3575743530,12808.0644448967,3564.3887049151,253.2231938475
2020-08-13,3758.4466548896,93.7279994338,457.1436598597,1638.3233056983,,4169.9130466450,,47418.3101127558,12920.5342766925,3545.5494411471,252.7055314410
2020-08-14,3849.0136005940,93.8884117957,461.0488079835,1646.2846129805,,4269.5953215879,,47126.7077295986,12961.0234161389,3551.2012202775,251.8427607635
2020-08-17,3926.3626677362,93.9450279234,465.5901881050,1653.6772554567,,4322.7849592513,,47719.3190244020,12961.0234161389,3554.9690730311,249.5995570020
2020-08-18,3919.3457692402,93.7610255083,476.0112294465,1658.2265739036,,4344.4214220296,,47813.3843092914,12988.0161757699,3543.6655147702,245.1131494790
2020-08-19,3858.8046217513,93.4685088484,470.7678002241,1649.6966018156,,4275.6483796271,,49055.0460698317,13167.9679066430,3528.5941037558,249.1681716632
2020-08-20,3824.1707464189,93.2405947806,458.8329655088,1649.6966018156,,4252.6040031207,,48848.5380305022,13203.9582528177,3511.6387663646,249.1681716632
2020-08-21,3851.5823918241,93.4257749607,460.1493075730,1640.5979649218,,4269.8872855005,,48623.2565330517,13235.4498057205,3507.8709136110,247.0112449695
2020-08-24,3866.3551348569,93.3355589756,455.8273177955,1641.1666297277,,4283.7662849873,,48379.2015774804,13275.9389451669,3521.0583982486,249.0818945955
2020-08-25,3884.7389928533,93.0031842933,456.8803914469,1659.9325683212,,4270.8038232025,,47994.3456860026,13127.4787671966,3532.3619565094,253.0506397120
2020-08-26,3835.9889408451,92.7895148548,455.9589520019,1668.4625404092,,4213.4547498515,,48285.3342868761,13284.9365317106,3541.7815883934,253.9996874573
2020-08-27,3865.8627100892,92.8987236789,461.3120763963,1661.0698979330,,4261.5075122255,,48332.2679321782,13185.2881840469,3524.8262510022,254.4310727960
2020-08-28,3975.1810085317,92.8702344205,461.1585031555,1670.1685348268,,4360.1007821645,,48801.6043852000,13230.5828875304,3487.1477234661,253.3094709152
2020-08-31,3927.9082308268,93.1076449078,463.6595530775,1695.1897862849,,4314.2738970667,,48792.2176561396,13171.6997730018,3530.4780301326,257.1056618963
2020-09-01,3960.7365486775,93.0364217616,468.3764454742,1673.0118588561,,4356.9583671864,,49740.2772912435,13185.2881840469,3534.2458828862,254.3447957283
2020-09-02,3946.1279472339,92.7752702255,463.5717969399,1671.8745292444,,4333.2593208929,,48876.6982176835,13139.9934805634,3579.4601159295,252.5329773055
2020-09-03,3938.2491509498,92.9177165179,455.5640493827,1667.8938756033,,4318.2019157894,,48585.7096168100,12963.3441369777,3519.1744718718,246.5798596307
2020-09-04,3900.6607270108,92.7705220158,456.9242695157,1690.6404678380,,4306.9415954510,,48482.4555971452,12927.1083741909,3505.9869872341,245.3719806822
2020-09-07,3812.6808351712,92.6755578209,456.7268182061,1701.4450991494,,4203.6347030448,,49036.2726117109,13117.3461288216,3509.7548399878,235.1050096199
2020-09-08,3841.5697548797,92.9699468251,456.9462085501,1704.8570879846,,4249.4615881426,,49364.8081288261,13121.8755991700,3522.9423246254,232.1715893164
2020-09-09,3756.5444116466,93.3213143463,456.8803914469,1693.4837918673,,4141.4410732692,,48651.4167202330,13004.1093701129,3424.9781530315,216.5554400536
2020-09-10,3754.9029957541,93.3877892828,460.1273685386,1703.7197583729,,4073.3554154095,,48529.3892424474,12990.5209590678,3434.3977849156,214.1396821566
2020-09-11,3785.5974729444,92.9319611472,458.8987826120,1743.5262947834,,4111.3262630620,,48510.6157843265,12895.4020817525,3402.3710365099,210.7329144859
2020-09-14,3812.0242688141,92.7800184353,459.0084777840,1773.0968646884,,4145.7618938641,,48923.6318629856,13149.0524212601,3419.3263739011,212.5174118372
2020-09-15,3838.9434894517,93.0981484883,460.5003321234,1771.9595350767,,4167.7587987111,,48961.1787792274,13198.8765950919,3436.2817112924,211.4629361296
2020-09-16,3814.8146758314,93.0221771323,459.2278681280,1742.3889651717,,4159.5099593935,,48538.7759715078,13180.7587136985,3447.5852695532,219.4931742105
2020-09-17,3796.2666762458,92.9557021959,455.9150739331,1747.5069484245,,4172.8652230505,,48182.0802672113,13139.9934805634,3415.5585211475,219.0064931147
2020-09-18,3862.7440198934,92.9367093569,457.3411111694,1793.0001328937,,4216.5971648296,,49111.3664441943,13262.2891799688,3438.1656376692,225.3333473602
2020-09-21,3812.8158425643,93.3070697171,457.4727453758,1783.9014959999,,4174.8084704223,,48961.1787792274,13284.9365317106,3387.2996254954,224.4410986845
2020-09-22,3767.2930926467,93.5824658823,447.0955821031,1760.5862389594,,4121.3608612745,,48604.4830749309,13158.1113619568,3372.2282144810,214.7885902843
2020-09-23,3770.0668802761,93.4590124290,439.7679446124,1755.4682557066,,4141.5347137470,,48276.1377926258,12995.0504294162,3317.5943495536,214.9508173162
2020-09-24,3710.6751922115,93.3925374925,435.0291131813,1756.6055853183,,4054.5513498397,,47506.8717026539,12628.1633311998,3336.4336133217,212.2740712893
2020-09-25,3722.9124905764,93.1598752150,439.9434568876,1750.3502724538,,4067.2582569165,,47882.1234538597,12764.0474416503,3321.3622023073,216.3297470877
2020-09-28,3734.0076410940,93.3260625561,438.9342613051,1759.4489093477,,4032.9365079049,,48050.9867419023,12905.9210417547,3259.1926318727,212.7607523851
2020-09-29,3741.5131840912,93.1076449078,445.2527032132,1746.9382836186,,4069.7472387151,,47788.3105160582,13002.0289644061,3262.9604846263,214.9278317110
2020-09-30,3716.3859314485,92.8512415815,445.4720935572,1755.4682557066,,4036.7354801238,,47778.9292222781,12947.1101514625,3221.5141043366,206.3369100977
2020-10-09,3802.0470200032,92.5473561577,444.6603492843,1854.9845967331,,4147.8226677644,,48257.3752050655,13198.8213774541,3247.8890736119,214.3860618795
2020-10-12,3931.9255466499,92.7087952891,449.7721443002,1868.6325520738,,4283.5376753064,,48332.4255553067,13359.0012485397,3278.0318956407,212.9929394557
2020-10-13,3942.2048772765,92.6233275137,448.1486557544,1841.3366413923,,4282.6206820122,,48182.3248548243,13381.8840872663,3278.0318956407,210.4388816788
2020-10-14,3927.0306273039,92.6138310942,443.2123730137,1838.4933173630,,4264.6738132542,,48351.1881428669,13409.3434937381,3340.2014660753,208.6587808040
2020-10-15,3918.0566085030,92.4523919628,442.7516532912,1837.3559877512,,4235.1990287977,,48088.5119170229,13436.8029002099,3379.7639199882,211.2128385809
2020-10-16,3905.8193101380,92.5853418357,444.2435076306,1862.3772392093,,4204.8072510470,,48285.5190864059,13464.2623066817,3402.3710365099,210.0519032278
2020-10-19,3876.4892075028,92.8892272594,444.1557514930,1852.7099375096,,4155.5879842946,,48004.0802730016,13546.6405260972,3391.0674782490,210.2066946082
2020-10-20,3901.3952164444,92.9462057764,442.7077752224,1866.9265576562,,4205.0718707607,,48201.0874423846,13500.8748486441,3404.2549628867,209.5101333963
2020-10-21,3907.6217186798,92.8939754692,443.8924830802,1867.4952224621,,4160.8803785691,,48923.4470634558,13473.4154421723,3423.0942266547,208.8135721844
2020-10-22,3892.3831737353,93.1883644734,444.1118734242,1859.5339151800,,4142.0923788948,,49045.4038825977,13477.9920099176,3377.8799936114,206.4143057879
2020-10-23,3859.6121093385,93.0316735518,442.7077752224,1838.4933173630,,4080.9652250250,,48679.9528410575,13477.9920099176,3334.5496869449,205.3307661250
2020-10-26,3826.0217683317,93.0554146005,440.4919327477,1847.5919542568,,4088.5068868660,,48548.7652876841,13491.7217131535,3285.5676011480,197.9781755551
2020-10-27,3834.7061003969,93.2690840391,444.5945321811,1845.3172950334,,4083.6114221622,,48398.8366552573,13468.8388744270,3272.3801165103,198.4425496964
2020-10-28,3870.4265605894,93.1978608929,444.6603492843,1847.0232894510,,4109.2795343932,,48576.8769062641,13349.8481130491,3240.3533681046,195.0371393272
2020-10-29,3908.2771399678,93.0934002785,438.5393586858,1820.8647083811,,4122.1135905088,,48230.1669437773,13391.0372227569,3232.8176625974,183.9695556273
2020-10-30,3837.1639302266,93.1456305857,435.5995280758,1815.1780603225,,4014.4133670238,,47733.5283488637,13326.1222223695,3164.9963130324,173.1341589980
2020-11-02,3859.6121093385,93.3498036048,439.5266152339,1804.9420938169,,4041.9338172509,,47855.3453627104,13748.0697248872,3155.5766811484,171.0444753623
2020-11-03,3896.7474636196,93.3925374925,441.6327625367,1813.4720659049,,4107.6918161109,,48539.3947481574,13687.7915102418,3183.8355768005,178.0563291277
2020-11-04,3928.9533460936,93.4827534777,443.4756414265,1825.3558933355,,4101.7378725522,,48361.3544971507,13678.5179387579,3172.5320185397,184.8444003261
2020-11-05,3994.5153211298,93.3498036048,443.4098243233,1877.6447340300,,4190.1208569354,,48183.3142461439,13771.2536535969,3104.7106689747,181.4130676324
2020-11-06,3996.6514255796,93.1266377467,447.8853873416,1871.7028203147,,4160.0865194279,,48192.6847856706,13766.6168678550,3040.6571721633,179.3244303406
2020-11-09,4082.2599192986,92.9509539861,446.9200698278,1844.9642085959,,4222.8013915801,,48576.8769062641,13789.8007965647,3061.3803623082,183.1287339793
2020-11-10,4059.2557175315,92.9936878738,434.9852351125,1850.9061223112,,4188.6238020687,,48342.6134180973,13859.3525826940,3095.2910370907,191.2595005796
2020-11-11,4025.7353092423,92.9889396641,433.9979785643,1908.5426853494,,4142.0301351177,,48689.3233805842,14077.2815125657,3183.8355768005,198.3459485340
2020-11-12,4019.8199430736,92.9177165179,433.2739904290,1892.4995183182,,4154.7132249754,,48539.3947481574,14234.9322277921,3180.0677240469,194.6908332733
2020-11-13,3974.1401709932,92.7182917086,435.3581986973,1877.0505426584,,4154.5797187664,,48895.4752501709,14401.8565145024,3168.7641657860,191.8562540915
2020-11-16,4015.8763656278,92.7040470793,435.0949302845,1869.3260548286,,4201.4403981355,,50263.5740210649,14272.0265137277,3181.9516504237,194.5416448953
2020-11-17,4006.0174220133,92.6043346747,434.5903324932,1881.8040736307,,4182.6160226624,,49523.3013984579,14272.0265137277,3180.0677240469,193.7957030054
2020-11-18,4003.7170018366,92.3194420899,431.8040751240,1884.1808391168,,4185.6866654701,,49607.5406183759,14638.3325873419,3217.7462515830,193.7211088164
2020-11-19,4046.9320380134,92.2433337288,430.0050743029,1890.7169442036,,4219.1967239363,,49354.8229586219,14610.5118728902,3230.9337362206,194.6162390843
2020-11-20,4056.2980344472,92.3004149996,430.2025256126,1913.8904076932,,4258.3140431818,,50094.2561112354,14800.6200883102,3270.4961901335,194.3924565173
2020-11-23,4103.7852795235,92.5620374911,430.8826356791,1939.4406366689,,4294.8947444556,,50515.4522108254,14712.5211592131,3257.3087054959,199.8378323139
2020-11-24,4084.7246552022,92.4573884945,420.6163056644,1922.8032782661,,4289.0204712584,,51264.2452767632,14726.4315164390,3285.5676011480,209.9080478280
2020-11-25,4033.9510955877,92.7094974409,415.8513423665,1923.3974696377,,4222.4008729530,,51058.3271836303,14893.3558031493,3283.6836747712,216.1739597035
2020-11-26,4037.2374101258,92.5810645814,416.5011100889,1921.0207041515,,4215.0580314564,,51769.6805962712,14842.3511599878,3276.1479692639,215.2042352465
2020-11-27,4097.8699133548,92.4478749494,416.4577922407,1908.5426853494,,4234.8169503927,,52527.8335755331,15048.1052403405,3294.3690369462,215.6518003805
2020-11-30,4076.0159216761,92.9187954341,405.6716480481,1922.8032782661,,4200.7728670904,,53987.9800541117,15417.5273391555,3225.1289797537,210.0572362060
2020-12-01,4169.5115702867,92.7427948489,408.6822384955,1880.6156908876,,4276.6043938187,,53388.9456013615,15539.1092957276,3236.0616203630,213.8615398447
2020-12-02,4160.8028367605,92.5239833106,414.6601015420,1852.0945050542,,4273.5337510110,,53538.7042145491,15744.8633760803,3225.1289797537,211.9220909308
2020-12-03,4158.9953637646,92.5049562203,419.1651577509,1839.6164862521,,4291.8241016480,,53229.8270748498,15122.9249059233,3267.0374354228,213.9361340337
2020-12-04,4167.3754658369,92.6952271232,419.5983362326,1855.0654619119,,4311.1825019572,,53772.7020476546,15291.2691534846,3378.1859482844,220.7242052321
2020-12-07,4131.0616901902,92.5763078089,418.6020257248,1847.3409740820,,4270.5966144124,,53379.5856880373,15034.0765530437,3432.8491513311,219.2323214522
2020-12-08,4119.2309578529,92.7903625746,424.5149119991,1839.0222948806,,4274.0677758472,,53285.9865547951,15029.4003239448,3389.1185888937,211.5838511570
2020-12-09,4070.1005555074,92.7570651666,422.2840428187,1842.5874431098,,4208.7832396321,,53585.5037811702,14921.8470546695,3354.4985602975,212.6560666189
2020-12-10,4061.7204534351,92.7998761198,418.1255293950,1865.1667152279,,4215.8590687106,,53772.7020476546,15277.2404661878,3341.7438129199,211.0120029106
2020-12-11,4015.3834184471,92.4859291300,417.6923509134,1835.4571466514,,4136.2893681295,,54128.3787539751,15066.8101567362,3407.3396565760,215.5153078508
2020-12-14,4051.8615098206,92.4906859025,417.7573276856,1849.1235481966,,4174.2051314936,,54147.0985806235,15258.5355497921,3487.5123543777,217.9456628979
2020-12-15,4061.5561377082,92.6238755346,420.9628484497,1846.7467827105,,4176.6082432561,,54006.6998807602,15179.0396551104,3460.1807528544,214.8004975428
2020-12-16,4070.9221341419,92.6096052169,423.8651442766,1867.5434807140,,4165.1267092797,,54147.0985806235,15309.9740698803,3469.2912866955,215.7297509432
2020-12-17,4132.3762160055,92.4906859025,426.1609902293,1871.1086289432,,4214.6575128293,,54885.3831487749,15445.5847137491,3523.9544897422,224.9508039159
2020-12-18,4105.5927525195,92.3432259528,429.2798752970,1894.8762838043,,4201.7074105536,,55474.1417284400,15693.4248559921,3492.9786746824,225.4511711315
2020-12-21,4144.8972455238,92.5382536283,434.6296295452,1959.6431433009,,4274.4869613207,,55399.3787341968,15225.8019460996,3471.1133934637,220.7334230989
2020-12-22,4082.5692001321,92.8807412535,428.3052237134,1969.1502052454,,4196.4608255630,,54109.7170835019,14814.2937853942,3434.6712580993,211.0120029106
2020-12-23,4112.8287261270,92.9901470227,427.1789596611,1973.3095448461,,4217.8507489862,,54062.9902120999,14861.6086809081,3431.0270445628,208.2957237404
2020-12-24,4113.4865419095,92.8569573906,428.6084486505,1964.9908656447,,4164.4432043382,,54324.6606919511,15083.9886898233,3463.8249663908,219.5897266062
2020-12-25,4147.0351468169,93.0947960193,430.7743410587,1962.6141001585,,4212.0660527145,,54726.5117860082,15046.1367734122,3480.2239273048,221.3052713453
2020-12-28,4164.1383571619,93.1185798821,431.2291784644,1964.9908656447,,4180.3174871303,,54922.7646458965,14729.1269734693,3434.6712580993,219.1608404214
2020-12-29,4154.2711204244,93.2517695142,429.0416271321,1945.3825503842,,4169.2862058680,,54371.3875633530,14539.8673914138,3434.6712580993,218.0171439287
2020-12-30,4206.5674751330,93.4325268719,428.8683557395,1998.2655824502,,4202.6491052955,,54651.7487917650,14658.1546301984,3445.6038987086,218.0886249595
2020-12-31,4298.0038689004,93.2279856513,430.5794107419,2067.1917815476,,4269.9130154314,,53969.5364692959,14629.7656928901,3480.2239273048,215.6582699124
2021-01-04,4325.1387699284,93.0805257016,435.7558935974,2069.5685470337,,4327.8945059686,,54352.6968147923,14601.3767555818,3573.1513724842,228.8107795789
2021-01-05,4407.2012887951,93.2993372399,437.9434449297,2069.5685470337,,4356.4144038663,,54305.9699433903,14544.5988809651,3543.9976641926,222.3774868072
2021-01-06,4447.1635975819,93.3326346479,438.4849180317,2100.4664983531,,4362.0645723177,,55165.7443771868,14572.9878182735,3600.4829740075,231.3840966876
2021-01-07,4547.1515965217,93.3516617382,434.6079706211,2089.7710536656,,4389.6427754735,,55492.8324770008,14497.2839854513,3706.1651665644,240.0293712600
2021-01-08,4526.9237612099,93.1756611530,431.0125892236,2101.0606897247,,4406.1896973669,,56361.9522850777,14516.2099436568,3669.7230312000,242.2082615994
2021-01-11,4470.5160578606,93.0757689290,419.2084755991,2150.3785735615,,4336.3697586458,,54729.4892513325,14203.9316332652,3562.2187318749,233.6332738121
2021-01-12,4602.0792143603,93.1994450159,421.5043215517,2159.8856355060,,4386.6831634275,,54766.8026921038,14170.6560236826,3611.4156146169,241.9974012440
2021-01-13,4587.1139053085,93.2707966045,421.6126161722,2243.0724275200,,4363.5443783407,,54832.1012134536,14032.7999268404,3700.6988462598,246.2146083525
2021-01-14,4504.7224785505,93.4230133268,418.5587078767,2219.8989640304,,4336.2352308255,,54794.7877726823,14075.5828534466,3675.1893515046,240.6619523263
2021-01-15,4471.9961433712,93.1566340627,420.0748325624,2208.6093279713,,4298.2983855088,,54748.1459717182,14142.1340726118,3677.0114582729,238.5533487721
2021-01-18,4521.2472022189,93.0662553838,418.9052506620,2184.8416731102,,4360.0217066800,,55298.5192230951,14203.9316332652,3625.9924687626,234.0549945230
2021-01-19,4462.4742719940,93.0995527918,419.8799022456,2177.7113766518,,4338.7704754873,,54934.7131755748,14018.5389513050,3624.1703619944,234.9687227298
2021-01-20,4483.9805676908,93.2042017884,421.0711430701,2099.8723069816,,4385.1983245262,,55149.2654600098,14075.5828534466,3629.6366822991,240.8728126817
2021-01-21,4555.7229434123,93.4087430091,425.2946332660,2121.8573877282,,4443.4023335254,,55354.4893842521,14237.2072428479,3609.5935078486,238.9750694829
2021-01-22,4551.4545183122,93.5657165040,423.3236711746,2068.3801642906,,4444.2144824881,,54860.0862940321,14170.6560236826,3545.8197709609,233.5629870270
2021-01-25,4587.7361316633,93.5514461862,421.2660733869,2033.9170647420,,4440.0183795138,,55121.2803794314,14208.6852917770,3578.6176927889,233.4224134567
2021-01-26,4512.7103520187,93.1613908353,422.5006320595,2039.2647870857,,4389.6651438215,,54542.9220474759,14113.6121215410,3543.9976641926,230.5406552659
2021-01-27,4510.5761394686,93.2042017884,420.1181504105,2090.3652450372,,4385.6043990076,,54776.1310522967,14151.6413896354,3589.5503333982,235.4607302258
2021-01-28,4412.8948727540,92.9283089792,418.3421186358,2069.5685470337,,4327.6711063293,,53880.6084737850,14085.0901704702,3564.0408386431,234.2658548784
2021-01-29,4385.3142797993,92.9901470227,420.5513288922,2070.1627384052,,4272.9864095022,,53684.7129097356,14265.7291939187,3677.0114582729,235.4607302258
2021-02-01,4437.5204021778,93.0472282935,425.2079975697,2070.7569297767,,4302.9005629646,,54020.5338766774,14508.1657780206,3755.3620493064,236.3744584327
2021-02-02,4490.5086677531,92.9949037952,421.8075464889,2030.9461078843,,4334.7627580695,,53451.5039049148,14208.6852917770,3779.0494372933,243.7545708726
2021-02-03,4493.3061848797,92.6714432603,417.0425831909,2026.1925769121,,4314.3873629165,,53171.6530991299,14227.6999258243,3742.6073019289,243.9654312280
2021-02-04,4493.7998643726,92.5001994477,413.9670159714,2068.9743556621,,4276.7817678357,,53936.5786349420,14527.1804120678,3786.3378643662,251.2752568828
2021-02-05,4495.1163430205,92.5049562203,409.2020526734,2088.5826709226,,4222.0827204453,,54300.3846824623,14788.6316302169,3771.7610102204,252.2446296015
2021-02-08,4546.7881299479,92.5430104008,412.6025037542,2055.9021454885,,4280.3372059160,,54841.4295736465,15002.5462632480,3795.4483982073,255.7066750256
2021-02-09,4656.2204175488,92.5905781266,417.5840562930,2091.5536277802,,4359.1038341582,,55569.0416686872,15083.3584579487,3800.9147185120,261.8691158806
2021-02-10,4761.7032692063,92.4145775414,417.6490330652,2061.8440592038,,4396.5726816206,,56716.4299724053,15116.6340675313,3773.5831169887,257.0222522868
2021-02-18,4719.4113926448,92.1280059019,405.2168106424,2074.9162693774,,4447.7162909306,,59046.9867595685,15696.5804059712,3915.7074449100,276.2712248449
2021-02-19,4727.9685038557,92.3524870195,403.3541431714,2057.0905282316,,4533.1835524781,,59960.5650201365,15672.8193093833,3913.8853381418,268.9316885458
2021-02-22,4589.5736860024,92.2808441096,407.9025172285,2082.6407572073,,4496.8086859635,,62803.8443004757,15905.6780559447,4034.1443848445,271.5628430681
2021-02-23,4577.7253781719,92.3142774676,412.2343020448,2133.7412151587,,4492.0225193168,,63344.5334750976,15862.9080820865,4158.0476450836,285.8957111240
2021-02-24,4459.2422998671,92.3859203774,411.0863790685,2133.7412151587,,4438.2807052558,,63307.2445665030,15805.8814502755,4298.3498662367,280.9796066217
2021-02-25,4498.0784199781,92.3238298555,407.1227959616,2123.6399618428,,4425.2896815005,,65395.4234478013,16613.7587342644,4447.7626212310,289.2885156396
2021-02-26,4373.1775082651,92.1184535139,400.1486224073,2036.2938302281,,4321.4982390773,,63344.5334750976,16599.5020763116,4362.1236031245,281.0488475302
2021-03-01,4435.8748038681,92.4766680633,398.4592263289,2033.3228733704,,4401.9058387412,,62878.4221176649,16176.5545570469,4342.0804286741,283.1953156932
2021-03-02,4369.0635124906,92.5292061972,391.7449598637,1991.1352859919,,4362.6592722386,,62253.8328987052,16052.9968547898,4167.1581789247,268.0315567355
2021-03-03,4452.1662271350,92.4862204513,393.6509451828,2022.0332373114,,4418.9992910507,,63214.0222950164,16765.8297524270,4152.5813247789,271.9782885190
2021-03-04,4334.9996274780,92.3715917955,390.2288351779,1991.1352859919,,4357.3261151180,,61955.5216299483,16281.1033820337,4212.7108481303,276.7558243274
2021-03-05,4324.1386786334,92.7011491809,386.1786163747,1998.8597738218,,4375.2400531383,,61452.1213639210,16390.4044263380,4298.3498662367,292.3851914719
2021-03-08,4154.8066125560,92.8062254487,390.2504941020,2028.5693423982,,4268.9871535825,,61321.7881266699,16404.6610842908,4349.3688557469,303.3735238311
2021-03-09,4086.1851630378,92.7250301508,388.8210051126,1989.3527118773,,4188.8530491556,,61554.5260503326,16148.0412411414,4176.2687127658,292.2486904488
2021-03-10,4098.3625905303,92.8253302247,393.0011774604,1942.4115935266,,4131.6925446327,,60884.2408301838,16333.3777945271,4052.3654525267,284.8093846900
2021-03-11,4206.1492798215,92.6247300770,396.2283571485,1900.2240061481,,4247.6545251003,,62708.9061517000,16661.2809274402,4134.3602570967,287.8124071982
2021-03-12,4212.7316730606,92.5530871671,390.6836725837,1907.3543026064,,4249.5689917589,,62299.2874060535,16452.1832774666,4145.2928977060,288.9726658945
2021-03-15,4137.6923901342,92.4145775414,394.0408058163,1909.1368767210,,4227.5526251843,,62857.8584228442,16800.5038630974,4143.4707909378,292.1804399372
2021-03-16,4157.7686895137,92.4718918693,394.7988681592,1920.4265127800,,4224.9544204333,,62131.7161010163,16771.8747738675,4050.5433457585,283.9221280399
2021-03-17,4175.0474717665,92.5626395551,396.5748999338,1941.9259926508,,4248.2015155742,,62317.9064399466,16900.7056754022,4145.2928977060,287.2664031058
2021-03-18,4224.9091005531,92.4623394813,399.8670563942,1936.1153224154,,4282.2516725747,,62299.2874060535,16676.4444764344,4156.2255383154,280.8508550203
2021-03-19,4118.9325694026,92.7202539568,398.1560013918,1935.5342553919,,4236.9882108591,,61461.4308808675,16619.1862979745,3922.9958719829,259.0106913249
2021-03-22,4168.6165162021,92.7727920907,396.0334268318,1958.1958693097,,4289.8732963246,,62187.5732026954,16733.7026548942,3966.7264344202,266.2452455490
2021-03-23,4149.2764563741,92.8683159706,397.2246676563,1945.9934618155,,4250.0377774026,,62411.0016094117,16304.2663164453,3968.5485411885,266.7229991298
2021-03-24,4099.2590602673,93.1548876101,396.6182177820,1965.1686735921,,4212.5374440725,,61889.6686604070,16294.7232867020,3944.8611532016,258.0551841632
2021-03-25,4098.5921616525,93.2026495500,397.6795050620,1973.8846789452,,4227.7848323496,,61033.1931013280,16280.4087420870,3924.8179787511,261.5359602522
2021-03-26,4181.7877638436,93.0784685062,396.6182177820,1997.1273598865,,4280.5325539566,,61601.0736350652,16623.9578128462,4037.7885983809,262.2867158792
2021-03-29,4178.1198214625,93.0593637302,396.8348070228,1977.9521481099,,4279.2962792315,,61759.3354231559,16609.6432682312,4010.4569968576,264.8119848065
2021-03-30,4211.4647522004,92.9733922384,391.4850527747,1974.4657459687,,4289.1864770328,,61331.0976436164,16552.3850897714,4012.2791036258,272.0465390306
2021-03-31,4182.4546624584,93.1214542521,387.0233144139,1965.7497406157,,4284.2413781321,,61070.4311691141,16371.0675246485,3999.7519164155,272.7972946576
2021-04-01,4246.1434801678,93.0402589543,395.2537055649,2047.6801909340,,4320.7801644537,,60595.6458048420,16604.8717533596,3992.5935237240,268.0880093608
2021-04-02,4285.4904984386,93.0641399242,400.6684365853,2037.8020515339,,4324.4889886292,,62457.5491941442,16714.6165954076,4083.8630305415,279.0080912085
2021-04-06,4252.3122923543,92.9877208204,397.7661407583,2027.9239121338,,4327.3736296546,,62383.0730585721,16714.6165954076,4132.1821812096,264.8802353180
2021-04-07,4224.8027244956,92.8444350006,399.7154439257,2061.0447324753,,4336.5770081642,,62280.6683721605,16662.1299318194,4171.5533410133,263.4469745755
2021-04-08,4241.3084652108,92.7680158968,400.7767312057,2043.6127217692,,4358.4178616421,,62234.1207874280,16724.1596251509,4030.1750853547,261.7407117868
2021-04-09,4186.1226048396,92.8539873886,402.8126700693,2047.6801909340,,4345.3682950987,,62113.0970671233,16685.9875061777,3997.9623182427,263.8564776448
2021-04-12,4128.2691500093,93.0975732822,399.8020796220,2006.4244322631,,4283.8292865571,,61127.7650873096,16600.1002384879,3971.1183456493,260.9899561598
2021-04-13,4126.9353527797,93.4271306676,396.1417214522,2000.0326950042,,4271.8786308805,,61285.7900274684,16929.3347646321,4028.3854871818,268.0880093608
2021-04-14,4148.7762824131,93.4128020856,400.1919402555,1988.4113545335,,4307.0437786185,,61657.6134160774,17077.2517256534,4103.5486104433,272.1705678790
2021-04-15,4129.7696718925,93.3268305938,400.1919402555,2015.1404376161,,4310.7526027940,,63247.1584023806,17482.8304897441,4209.1349026440,282.1047936065
2021-04-16,4137.9391799233,93.4080258916,403.7873216530,2042.4505877222,,4349.3518469909,,63711.9376381418,17182.2250528298,4241.3476697561,283.6697743718
2021-04-19,4250.5544046482,93.4844449955,406.6462996318,2058.1393973576,,4390.6079115590,,64753.0431262468,17392.2883766210,4241.3476697561,280.5398128412
2021-04-20,4243.0132065639,93.4987735775,402.9642825379,2074.4092740165,,4400.6468872706,,64557.8358472271,17253.8375495768,4241.3476697561,281.9006656806
2021-04-21,4246.5324323366,93.5847450693,407.1661138097,2080.2199442519,,4390.6079115590,,63879.2581630158,17186.9992192796,4191.2389209151,273.8716339282
2021-04-22,4237.4829946355,93.5035497714,407.6209512155,2108.6922284050,,4398.8591244727,,64278.9683057704,17282.4825482756,4133.9717793825,268.9725637064
2021-04-23,4289.6010525067,93.5322069354,406.3214157706,2119.1514348287,,4430.2137335445,,64548.5402625119,17525.9650372154,4157.2365556301,271.4901414593
2021-04-26,4224.7467489821,93.3029496238,404.0905465902,2120.3135688757,,4412.7486662106,,65980.0603086563,17530.7392036652,4141.1301720741,269.7890754100
2021-04-27,4239.1588164320,93.2122019380,404.4587482995,2139.4887806524,,4409.7232214756,,67374.3980159398,17764.6733597054,4266.4020441766,273.8035912862
2021-04-28,4276.3620603143,93.2695162659,402.2062201951,2099.3951560285,,4443.5531944215,,66314.7013584043,17645.3191984604,4359.4611491670,277.6820218785
2021-04-29,4321.6092488199,93.2647400719,403.5923913363,2084.2874134166,,4444.6533561433,,67281.4421687876,18012.9300150950,4361.2507473399,282.3089215324
2021-04-30,4279.0433751887,93.6277308152,401.5131346244,2077.3146091342,,4454.0047307788,,66825.9585177416,18132.2841763400,4309.3524003260,285.8471389149
2021-05-06,4228.0983925751,93.6850451431,407.4909976710,2131.9349093464,,4432.4140569881,,68080.8624542968,18509.4433258742,4371.9883363773,291.4266355564
2021-05-07,4174.1369307277,93.5608640993,411.9527360318,2155.1775902878,,4426.3126235471,,69623.9295170239,18958.2149721554,4388.0947199333,289.6575268652
2021-05-10,4180.0023070155,93.6038498453,413.4255428693,2143.5562498171,,4433.1074016973,,72245.2844067169,19497.6957809828,4380.9363272417,291.4266355564
2021-05-11,4204.3017230647,93.8140023809,413.1872947044,2134.8402444641,,4429.2246713258,,70646.4438356985,19044.1499682518,4278.9292313868,284.8264992853
2021-05-12,4227.7632282158,93.8569881268,414.1619462881,2190.0416116998,,4471.2413607034,,71659.6625696578,19082.3432998502,4375.5675327231,290.3091386489
2021-05-13,4183.5215327881,93.8999738727,412.2559609689,2137.1645125582,,4424.5099273032,,70618.5570815528,18786.3449799626,4191.2389209151,287.6016624200
2021-05-14,4298.3096795942,93.9477358127,414.7250783142,2095.9087538873,,4499.1138180134,,69307.8796367063,18442.6049955770,4119.6549939994,280.5622242247
2021-05-17,4352.6652432289,93.8713167088,419.4250648399,2095.3276868638,,4521.9941934170,,69484.4957462955,18810.2158122116,4175.1325373590,288.8200267230
2021-05-18,4356.0413651938,93.8235547689,422.3057017428,2105.2058262638,,4539.8824869144,,70739.3996828507,18834.0987677883,4273.5604368682,295.5210303897
2021-05-19,4347.6010602816,94.1064880544,422.9953915690,2074.9903410401,,4538.2184596124,,68870.9871550908,18418.5353407536,4169.7637428404,285.0972469082
2021-05-20,4365.4945066955,94.3990122988,422.8014163054,2072.6660729459,,4523.3808828354,,68276.0697333165,18284.7907895241,4180.5013318777,278.1931825244
2021-05-21,4309.9573003731,94.5764450371,422.8229691125,2047.6801909340,,4503.4125552104,,66858.4772961883,17874.0039536048,4103.5486104433,270.8829967062
2021-05-24,4334.2653785203,94.4565580517,424.5902992923,2050.0044590281,,4517.1407804526,,66376.6811737657,17296.0364286486,4150.0781629385,280.2237896961
2021-05-25,4486.6972852348,94.4325806547,422.9522859549,2055.8151292635,,4568.4482889336,,66923.3344665144,17549.1957577616,4230.6100807187,287.6693493257
2021-05-26,4486.6972852348,94.5284902430,427.1981889478,2038.3831185574,,4576.6297565022,,66506.3955144179,17396.3448420707,4221.6620898543,288.5492791001
2021-05-27,4501.2146096839,94.3366710664,424.8920385912,2017.4647057102,,4607.6915994744,,66654.6404751634,17654.2807622991,4162.6053501488,285.5710552483
2021-05-28,4485.1780303507,94.2455569575,421.7668815660,2052.3287271222,,4611.9903366715,,67961.0491917324,17835.7912246821,4201.9765099524,290.9860077062
2021-05-31,4490.0734071997,94.3558529840,424.9998026266,2045.9369898634,,4630.8493127618,,68516.9677945278,17983.8655492576,4248.5060624477,290.2414517432
2021-06-01,4492.7743047716,94.3798303811,427.7154563175,2057.5583303341,,4628.3532718087,,68711.5393055062,18031.6314604111,4332.6171765736,297.8223851843
2021-06-02,4457.1562180421,94.1832157251,420.2581850711,2072.6660729459,,4607.2755926489,,68266.8044232699,17773.6955401827,4293.2460167700,297.0778292213
2021-06-03,4416.9803666600,94.2743298340,417.5856369943,2094.1655528167,,4576.7684254440,,67655.2939601950,17601.7382600304,4296.8252131158,303.3050245479
2021-06-04,4447.3654643439,94.0105784661,412.3267520690,2054.0719281928,,4623.9158656698,,65700.3135403647,17463.2171176855,4235.9788752374,301.3421042819
2021-06-07,4442.8076996913,93.8139638100,415.2363810236,2104.6247592403,,4624.3318724953,,66145.0484226009,17611.2914422611,4162.6053501488,299.7176185445
2021-06-08,4405.6703580776,93.8571231248,418.0166931357,2100.5572900756,,4612.8223503225,,66172.8443527407,17444.1107532242,4142.9197702470,299.8529923560
2021-06-09,4414.7858873828,93.7708044953,417.8011650650,2102.8815581697,,4616.2890738685,,66256.2321431600,17568.3021222230,4196.6077154338,306.7570567398
2021-06-10,4446.8590460492,93.8763050424,416.4648910266,2108.1111613815,,4677.4420772202,,66052.3953221351,17616.0680333764,4146.4989665928,302.1543471506
2021-06-11,4402.6318483092,93.6940768246,420.1935266498,2116.2460997110,,4663.4365140943,,66497.1302043713,18337.3332917929,4239.5580715832,306.9601174570
2021-06-15,4352.8340493271,93.7612135365,412.3698576832,2030.2481802280,,4612.4063434970,,65070.2724571966,18098.5037360258,4252.0852587934,307.5692996085
2021-06-16,4288.5189258961,93.7708044953,411.9172487347,2018.6268397573,,4556.2454220516,,63421.0472689037,17759.3657668366,4366.6195418586,310.3444627432
2021-06-17,4298.6472917907,93.6796903864,404.8263752085,2004.6812311925,,4581.6218384084,,63745.3331205343,17854.8975891434,4388.0947199333,308.0570767182
2021-06-18,4299.9977405767,94.0009875073,400.4727081802,1959.9390703803,,4620.7439790798,,62318.4753733596,17558.7489399923,4232.3996788916,297.6292874866
2021-06-21,4299.4881414133,94.2647388751,400.8175530933,1972.1414778745,,4649.1075310665,,61475.3321591199,17448.8275394426,4264.6124460037,303.9532370851
2021-06-22,4314.7761163146,94.2887162722,402.4340136236,1971.5604108510,,4665.4549969899,,62401.8631637789,17788.1501237483,4393.4635144520,310.6808430410
2021-06-23,4345.6917988928,94.3126936693,403.0590450287,1966.3308076392,,4719.2479404130,,63437.7322425314,17878.9547589851,4459.6786468490,313.5064375424
2021-06-24,4360.1304418552,94.3031027104,400.8175530933,1969.8172097804,,4708.3496297974,,63335.9951008682,17821.6044630461,4479.3642267508,313.1700572446
2021-06-25,4433.5127213815,94.2647388751,400.2356273024,1973.8846789452,,4750.4059310191,,63539.4693841946,18094.0183687564,4635.0592677925,313.7082657211
2021-06-28,4436.0607171984,94.1496473691,401.0546339711,2003.5190971454,,4745.6553853662,,63474.7275667725,18060.5640294586,4649.3760531757,312.0936402917
2021-06-29,4385.7802664118,94.2983072310,399.5890430903,2009.3297673807,,4711.9824000026,,63030.7836758786,17988.8761595349,4513.3665920358,306.9806597652
2021-06-30,4410.2410262539,94.3942168193,396.0328299236,2025.5996440397,,4725.3957053756,,63252.7556213256,17969.7593942219,4540.2105646292,308.7971133733
2021-07-01,4378.8157445123,94.2935117516,400.6451306367,2114.5028986404,,4671.0438742287,,63132.5208175418,17792.9293150766,4527.6833774189,309.1334936711
2021-07-02,4285.0494984509,94.3462620252,401.5719013408,2146.4615849348,,4638.0694985199,,63132.5208175418,18046.2264554739,4570.6337335684,314.9192347931
2021-07-05,4299.3182750255,94.3702394223,402.9081753792,2123.7999710169,,4665.5947189209,,64297.8735311384,18404.6658050927,4738.8559618203,317.2738968777
2021-07-06,4303.5649347203,94.2599433957,406.7661278448,2111.5975635227,,4663.3591680254,,64834.3057326352,18285.1860218864,4812.2294869089,318.9557983666
2021-07-07,4352.1467216289,94.6387862695,406.5937053882,2074.9903410401,,4707.9304640045,,63918.6714576665,18094.0183687564,4570.6337335684,303.3477525491
2021-07-08,4311.5486549466,95.0128336640,405.8609099478,2082.5442123460,,4695.9143779412,,63576.4647084357,17926.7466722676,4439.9930669472,295.2746254021
2021-07-09,4289.9756236969,94.9552879110,407.1109727579,2080.2199442519,,4739.5076204035,,63742.9436675210,18041.4472641456,4507.9977975171,299.1093607969
2021-07-12,4341.7848719736,95.3053579083,406.2704132822,2086.0306144872,,4796.6538901699,,63798.4366538827,18199.1605779779,4529.4729755918,301.8004031792
2021-07-13,4360.4701746308,95.3581081819,408.2101659185,2099.3951560285,,4849.4687800762,,64001.9109372091,18385.5490397797,4635.0592677925,305.9042428123
2021-07-14,4310.3595902320,95.5307454409,408.9645141660,2106.3679603109,,4826.8338272592,,63696.6995122195,18648.4045628334,4656.5344458672,310.0753585049
2021-07-15,4370.4922915105,95.1806754435,412.1758824196,2127.8674401817,,4834.3788115316,,63631.9576947975,18538.4831622837,4543.7897609750,295.5437296403
2021-07-16,4343.8232686271,95.3245398260,411.0982420660,2128.4485072052,,4859.6684810370,,64131.3945720532,18610.1710322074,4567.0545372226,290.9601114463
2021-07-19,4363.8542997807,95.2909714701,407.1756311792,2155.1775902878,,4836.3813640454,,63576.4647084357,18423.7825704057,4618.9528842365,289.0336632198
2021-07-20,4354.7804138735,95.4492222908,410.2361297832,2152.2722551701,,4841.1799214861,,63012.2860137580,18232.6149172756,4450.7306559846,275.3492378870
2021-07-21,4383.5429201454,95.6074731115,408.7274332882,2137.1645125582,,4896.7867341811,,62910.5488720948,18036.8220383840,4644.0072586570,274.4192283983
2021-07-22,4388.1654657962,95.5163590026,405.5160650347,2104.6247592403,,4922.3319958507,,63779.9389917621,18275.5938419104,4769.2791307595,283.2543185404
2021-07-23,4342.7960362603,95.6554279057,407.3696064428,2079.0578102048,,4902.2909618337,,64436.6059970428,18490.4884650842,4794.3335051800,290.0301019576
2021-07-26,4187.6839488656,95.8424516029,408.4687996034,2035.4777834398,,4817.7516704521,,65369.5327753830,18671.9550357642,4763.9103362408,291.7572624366
2021-07-27,4040.7897204058,95.5259499615,405.0203504721,2052.9097941458,,4741.6804216130,,66293.2226549277,18662.4041636232,4796.1231033529,296.2744513814
2021-07-28,4055.5133843307,95.6506324263,409.3955703074,2064.5311346165,,4677.1821642484,,66367.1178452913,18500.0393372252,4828.3358704649,299.2637675949
2021-07-29,4113.0383968744,95.7705194117,410.7533971529,2105.2058262638,,4753.9590832994,,66145.4322742006,18796.1163735979,4930.3429663198,300.8580695754
2021-07-30,4086.3303553363,96.2500673532,412.1974352266,2122.0567699463,,4769.3426939181,,66339.4071489050,19182.9266953107,4932.1325644927,300.3930648311
2021-08-02,4187.1703326822,96.3843407769,407.1756311792,2112.7596975698,,4822.4090938504,,66025.3525898597,19058.7653574770,4921.3949754554,298.4666166046
2021-08-03,4197.4426563507,96.2260899562,407.1540783721,2106.3679603109,,4794.4296336546,,65073.9520139286,18848.6461703737,4797.9127015258,289.1000924690
2021-08-04,4214.3919904038,96.1973170797,408.0592962691,2084.8684804402,,4843.4291959265,,64769.1343536789,18891.6250950085,4855.1798430583,289.8972434593
2021-08-05,4188.8823866270,96.4370910504,407.3911592499,2067.4364697341,,4843.2871682098,,63937.8134620886,18877.2987867969,4690.9339821965,279.9328560810
2021-08-06,4187.3415380767,96.3747498180,405.0850088933,2078.6086235808,,4864.5913257192,,64963.1092283833,19030.1127410538,4876.8386378973,287.7715074852
2021-08-09,4231.5125298513,95.8520425617,393.9853132519,2100.3649231770,,4874.6752936071,,64168.7359319748,19015.7864328422,4746.8858688637,278.0728371037
2021-08-10,4291.4344179177,95.8376561235,392.1748774580,2111.5370770237,,4908.1938347554,,64242.6311223384,19053.9899214064,4777.5691615522,281.9257335566
2021-08-11,4257.3645444171,95.7177691381,391.7438213166,2108.5970365377,,4929.2139368314,,64445.8428958382,19206.8038756633,4766.7397641327,287.7715074852
2021-08-12,4236.4774862911,95.9191792735,395.6664322034,2071.5525264145,,4968.9816975158,,65037.0044187469,19187.7021313812,4766.7397641327,286.0499107999
2021-08-13,4222.3558946701,95.8088832470,396.6147557145,2128.5893118423,,4989.5757164417,,64630.5808717472,19225.9056199455,4752.3005675735,284.7256056573
2021-08-16,4223.5613963939,95.7225646175,400.0632048458,2139.7614656890,,4968.5556143656,,64344.2370090883,19245.0073642276,4644.0065933788,280.9513360009
2021-08-17,4130.0489055379,95.8861764814,404.1366853822,2138.5854494946,,4870.2724343885,,64390.4215030655,19593.6141973761,4669.2751873576,278.0378646872
2021-08-18,4176.8912582319,96.2855819139,404.5461887165,2121.5332146760,,4881.7766794436,,63475.9685223162,19283.2108527918,4600.6890037010,279.7594613726
2021-08-19,4145.3759988826,96.3673878459,403.3392315206,2088.0167531359,,4889.3041484303,,61693.2470547948,19058.7653574770,4490.5901299365,268.7677286890
2021-08-20,4062.5408090084,96.2374607775,404.6539527519,2078.0206154836,,4872.8289332896,,62071.9599054082,19197.1836383101,4477.9558329471,268.3704371463
2021-08-23,4124.3658259832,96.0930973681,403.9858157327,2049.2082187211,,4933.1907128998,,62599.6409963266,19464.4741116432,4470.7362346675,268.5028676605
2021-08-24,4177.7523308917,96.2374607775,407.0032087226,2053.9122834987,,4988.2974669911,,63469.8519181921,19497.8854208098,4519.4685230550,279.8256766297
2021-08-25,4177.2356872958,96.3529515049,404.6970583660,2059.2043563734,,5014.7146223029,,63969.7603201149,19664.9419666429,4526.6881213347,284.3945293716
2021-08-26,4112.3108087457,95.9824187543,402.9943866074,2064.4964292482,,5014.4305668694,,63497.6246071879,19488.3393324765,4497.8097282161,286.5134175998
2021-08-27,4129.0156183462,96.1460306182,407.1109727579,2058.6163482762,,5046.8128862838,,63997.5330091106,19941.7785283092,4550.1518157435,290.1552567419
2021-08-30,4113.3440959375,96.3385151640,408.4687996034,2072.7285426089,,5058.4591590557,,64923.2893089675,20519.3168724752,4496.0048286462,290.2214719990
2021-08-31,4114.5495976613,96.2374607775,408.2532715327,2068.0244778313,,5081.1835937325,,64895.5166199718,20414.3099008087,4449.0774398286,291.8768534273
2021-09-01,4181.7132651268,96.6849873464,408.5550108317,2052.7362673043,,5055.4765770044,,63784.6090601435,20118.3811624757,4450.8823393985,295.6511230837
2021-09-02,4179.8189052753,96.5694966189,408.3394827610,2060.3803725678,,5126.3484076526,,63895.6998161263,20485.9055633086,4360.6373609030,294.5254637125
2021-09-03,4163.4585247388,96.5069391416,407.9299794266,2050.3842349155,,5125.0701582021,,63960.5027571163,20290.2107524755,4452.6872389684,301.9415725110
2021-09-06,4231.3110503322,96.4347574369,410.5378690822,2049.7962268183,,5154.6119232819,,64349.3204030562,20743.6499483083,4429.2235445595,296.3132756550
2021-09-07,4291.9305655832,96.2037759820,408.8783029377,2072.1405345117,,5286.8397275575,,63941.9876311192,20743.6499483083,4434.6382432693,302.5375098251
2021-09-08,4271.7814653435,96.2037759820,404.0720269610,2049.7962268183,,5313.5409383028,,63580.9426741750,20939.3447591414,4302.8805746658,300.4848368541
2021-09-09,4269.8871054919,96.1267821636,402.1753799388,2039.2120810688,,5369.2158032609,,64154.9115800863,21454.8335291407,4317.3197712251,302.4277711392
2021-09-10,4319.8293197612,96.2278365502,404.6539527519,2058.0283401790,,5392.6503765214,,64877.0014939747,21640.9822516405,4302.8805746658,299.6808640465
2021-09-13,4292.6194237111,95.8669280268,402.2831439741,2075.6685830948,,5394.4967368389,,66173.0603137744,22538.3145549728,4391.3206535914,308.1895762606
2021-09-14,4234.0664828436,95.9102370496,402.8435169580,2084.4887045528,,5358.1376413560,,64654.8199820090,21306.8691599743,4463.5166363878,310.9364833534
2021-09-15,4193.2516387684,95.7418130721,403.9211573115,2078.0206154836,,5377.0273276811,,64627.0472930133,21483.5905585215,4494.1999290763,313.0804108404
2021-09-16,4143.9982826269,95.8813643678,400.6235778297,2086.2527288443,,5285.1353949568,,64478.9262850362,21474.0380504919,4494.1999290763,317.3682658145
2021-09-17,4166.2139572502,96.0353520044,396.4207804509,2099.1889069826,,5222.3591441621,,64127.1388910906,21574.3393848024,4470.7362346675,317.9712454202
2021-09-22,4137.3403982048,96.2134002092,401.4425844984,2079.1966316780,,5268.5835496452,,63673.5183041607,22047.1885322666,4418.3941471401,317.5022612824
2021-09-23,4157.7925025286,96.3240788231,397.9294769458,2078.6086235808,,5296.5464616041,,63562.4275481778,22448.3938695089,4512.2489247754,321.1871366508
2021-09-24,4173.9479462802,96.1556548455,395.2569288691,2063.9084211510,,5257.3127841108,,64108.6237650934,22066.2935483257,4654.8359907983,327.3509281760
2021-09-27,4203.3371045942,96.0546004590,396.4207804509,2080.3726478724,,5120.4942505975,,64275.6457983503,21708.0744972165,4692.7388817664,331.3037944802
2021-09-28,4191.1345885691,95.9679824134,392.4981695640,2052.7362673043,,5126.7716389965,,64238.5297909599,21665.0882110834,4734.2515718744,340.0804976302
2021-09-29,4171.1980835140,96.1893396410,392.7783560559,2045.0921620408,,5026.9040962861,,63431.2566302184,21798.8233234975,4600.6890037010,327.7529145798
2021-09-30,4172.2292820513,96.1075337091,390.9463674549,2036.8600486800,,5061.2870645621,,63050.8175544666,21555.2343687433,4591.6645058515,331.3707922141
2021-10-08,4237.5385227491,95.7658736403,396.0759355378,1969.8271255999,,5051.4429782092,,63876.6487189034,21736.7320213053,4893.0827340265,353.8150330940
2021-10-11,4236.6791906346,95.3520318669,394.5887918499,1955.1269231701,,5052.5843215545,,65194.2669812631,22071.0698023405,5046.4991974688,355.0879900394
2021-10-12,4191.1345885691,95.3809045487,396.8087309782,1939.8387126430,,4954.9994655346,,64656.0848741021,22443.6176154941,4912.9366292955,354.7530013696
2021-10-13,4241.3195840526,95.4001530033,396.6794141357,1902.7942025198,,4979.8236832941,,65045.8029517014,22543.9189498046,4866.0092404778,351.0681260012
2021-10-14,4216.9145520024,95.4434620261,402.2184855529,1919.8464373384,,4997.7998409819,,67254.2053914311,22558.2477118490,4856.9847426282,353.6058069577
2021-10-15,4237.1947899033,95.4145893443,401.5072429196,1918.6704211440,,5011.2106252887,,68497.5916390100,23265.1333060378,4999.5718086512,356.9448608478
2021-10-18,4174.4915221833,94.9622506617,396.1190411519,1899.2661539366,,5012.0672668954,,70770.9470916728,23627.6077076899,5024.8404026299,362.6212524609
2021-10-19,4213.8313805610,95.2028563439,397.3906567691,1895.7381053535,,5047.0467991668,,70344.1130066831,23265.1333060378,5003.1816077910,354.2068366579
2021-10-20,4208.5058975492,95.1595473211,396.2052523802,1903.3822106170,,5051.0444599979,,68089.3155577154,21800.9274993642,4909.3268301556,350.1999719898
2021-10-21,4232.5564659898,95.4578983671,398.2312162448,1913.3783482693,,5035.6249110782,,67634.6444671828,21853.3908996034,4875.0337383273,353.8061501911
2021-10-22,4259.3556708235,95.3183470714,399.8907823893,1927.4905426020,,5000.0742844023,,67439.0070658315,20584.7304938211,4891.2778344565,347.3951667222
2021-10-25,4272.2399039167,95.3183470714,398.8778004569,1933.9586316711,,5039.1942511059,,67178.1571973630,20665.8102941906,4916.5464284353,356.0767068363
2021-10-26,4256.4352446557,95.4242135715,400.4942609872,1922.7864778244,,5042.4780439314,,67075.6804633218,20269.9500923864,4927.3758258547,355.0082095915
2021-10-27,4194.4191360340,95.4242135715,397.5630792256,1915.1423725609,,4995.6483027680,,65734.1668540554,19206.3738875388,4745.0809692938,352.8044340241
2021-10-28,4187.7193348256,95.5397042990,401.4856901125,1916.3183887553,,4954.9578264522,,66246.5505242613,19001.2896866041,4696.3486809062,345.5920776215
2021-10-29,4217.4389658271,95.4578983671,399.2441981771,1901.0301782282,,5008.0696060644,,65715.5347205933,18953.5956863867,4653.0310912284,350.9345638456
2021-11-01,4199.2292497221,95.7514372994,397.4122095761,1857.5175790359,,5028.2006838206,,65342.8920513527,19101.4470870606,4671.0800869275,347.4619478000
2021-11-02,4154.1890047708,95.9439218452,400.0847576529,1848.1094494808,,4992.1258411269,,64895.7208482638,19168.2186873649,4708.9829778956,357.1452040812
2021-11-03,4139.0609835657,95.9294855042,396.6147557145,1840.4653442172,,5008.0792576169,,66470.1361258057,19435.3050885822,4591.6645058515,350.1331909120
2021-11-04,4177.0529459102,96.0064793225,395.0414007984,1843.4053847032,,5048.3221100242,,65352.2081180837,18867.7464859954,4514.0538243453,340.7170589420
2021-11-05,4165.3631113427,96.3577636186,400.6020250226,1794.0127045389,,5011.6723694390,,64830.5083811467,17818.4784812130,4483.3705316568,339.5817806194
2021-11-08,4161.2372873776,96.3192667094,405.0850088933,1815.7690041351,,5028.0569593477,,65212.4671171184,18104.6424825173,4627.7624972497,355.2753339027
2021-11-09,4160.2058313864,96.3914484141,406.7661278448,1817.5330284267,,5058.3828231261,,65724.8507873244,18128.4894826260,4582.6400080019,350.5338773788
2021-11-10,4134.2475222732,96.3048303685,406.7661278448,1836.3492875369,,5043.2917534733,,65519.8973192420,18023.5626821478,4672.8849864974,359.2821985708
2021-11-11,4206.6213509928,96.0834731408,413.1242059307,1857.5175790359,,5084.9718506095,,65603.7419198211,18476.6556842129,4524.8832217648,346.7941370220
2021-11-12,4204.3865296784,96.0353520044,413.3828396155,1855.1655466471,,5122.9151114507,,65743.4829207864,18424.1922839738,4510.4440252055,343.7222074431
2021-11-15,4203.3550736871,96.3144545958,411.8741431206,1858.6935952303,,5086.2653708654,,65985.7006557928,18314.4960834738,4463.5166363878,339.3146563082
2021-11-16,4199.7449777178,96.2807698003,413.8354485640,1876.9218462433,,5051.9152218463,,65547.8455194350,17818.4784812130,4523.0783221949,345.9259830105
2021-11-17,4196.1348817484,96.2134002092,411.9388015418,1874.5698138545,,5079.9414940586,,65342.8920513527,17761.3221749381,4492.3950295064,342.1054480306
2021-11-18,4151.7822741245,96.3481393913,413.3181811943,1889.2700162843,,5070.5994033212,,64197.0158434376,17599.3793071591,4362.4422604729,328.3649274886
2021-11-19,4207.3089883203,96.0346474225,412.4560689115,1892.2100567703,,5152.5223528646,,66167.6887461012,18294.7810335042,4459.9068372480,339.3573439222
2021-11-22,4216.0763642459,96.3384934846,408.5765636387,1882.8019272152,,5181.4109719141,,65858.0115756826,18189.9944720002,4369.6618587525,326.7562811812
2021-11-23,4218.3111855603,96.2806180442,400.6451306367,1908.0862753946,,5192.0465829075,,66383.5243497263,18228.0986761835,4346.1981643437,329.2362775717
2021-11-24,4226.0471054947,96.5989329663,398.2825829596,1914.8876198629,,5189.4595423956,,66833.9638703351,18337.6482632104,4429.2235445595,344.1162559148
2021-11-25,4209.0280816390,96.5362345726,398.3040606657,1901.2849309262,,5187.0162263566,,67537.7756212864,18632.9558456310,4476.1509333772,341.2340979474
2021-11-26,4173.9585779364,96.8014970077,400.2370542198,1896.3384985856,,5171.4939832852,,66214.6095294980,18061.3927828815,4328.1491686446,332.6546509749
2021-11-29,4171.5518472902,96.7243297538,398.8624810258,1904.9947551817,,5185.0040837362,,65904.9323590794,18113.7860636336,4180.1474039119,317.4395379845
2021-11-30,4154.3609141026,96.6712772668,397.5952963626,1882.7358096489,,5189.3158179227,,65172.9681380900,18008.9995021295,3988.8280495015,300.1465901804
2021-12-01,4166.3945673339,96.5410575259,395.9844684009,1885.2090258192,,5222.3724466859,,65360.6512716770,18213.8095996147,4048.3897353085,302.5595596415
2021-12-02,4176.1933992508,96.3819000649,394.1159079653,1886.4456339043,,5185.0040837362,,64422.2356037420,17875.6347874880,4005.0721456307,295.6557859057
2021-12-03,4217.1078202372,96.2130966970,392.9561118328,1919.8340522035,,5237.3197918657,,65182.3522947694,18075.6818594503,4023.1211413298,299.4092939562
2021-12-06,4207.6528069840,96.6471625000,395.9200352824,1904.3764511391,,5185.0040837362,,64825.7543409541,17823.2415067360,4048.3897353085,302.4255057825
2021-12-07,4233.2672974335,96.2709721374,395.0609270361,1881.4992015637,,5157.6964338884,,65144.8156680520,17899.4499151025,4156.6837095031,310.8708988961
2021-12-08,4302.7186675112,96.2323885105,395.4904811593,1877.7893773083,,5229.8461192758,,65285.5780182422,17975.6583234691,4127.8053163845,317.3054841255
2021-12-09,4374.4048589032,96.3192016711,393.8152200791,1914.2693158203,,5247.6679539133,,65416.9562117532,17880.3978130109,4220.4049179600,320.1876420929
2021-12-10,4360.4802030213,96.4735361788,392.6339462405,1931.5818290125,,5261.7529522559,,65248.0413915248,18004.2364766066,4163.4205477597,313.1068286094
2021-12-13,4367.0127576326,96.3722541581,395.3401372162,1931.5818290125,,5270.8075940475,,65285.5780182422,18309.0701100730,4243.5548183539,324.3012575452
2021-12-14,4348.7903684538,96.5603493394,395.7482136331,1900.0483228410,,5269.0829003729,,64666.2236774051,18299.5440590271,4166.9820708973,316.2763355972
2021-12-15,4305.6411261530,96.5989329663,391.2808507527,1931.5818290125,,5256.4351467592,,63812.2654195842,18061.3927828815,4149.1744552097,310.2070668971
2021-12-16,4327.9893392969,96.4349525519,395.2757040977,1958.7872068859,,5303.8642228107,,64365.9306636659,18294.7810335042,4188.3512097224,317.2878803806
2021-12-17,4267.3053451448,96.5362345726,400.3229650444,1962.4970311414,,5277.1753915521,,65097.8948846552,18803.7622011030,4186.5704481536,316.4112082350
2021-12-20,4205.3907424521,96.5121198057,399.8504555090,1953.2224705027,,5215.1418918701,,64411.4661216074,18670.5708675258,4067.2594230467,303.8006166025
2021-12-21,4221.8555675449,96.5555263860,397.0368760025,1949.5126462473,,5243.1290987034,,65097.8948846552,18675.3277008678,4154.5167399159,306.4306330392
2021-12-22,4220.3119901925,96.7629133808,396.1562900501,1965.5885513543,,5263.4703160410,,65530.4390367127,19103.4427016518,4259.5816724727,313.9835007549
2021-12-23,4255.4712521094,96.9268937952,400.3229650444,2007.0149222070,,5296.5067612205,,65991.1925899914,19327.0138687279,4302.3199501230,318.7040430773
2021-12-24,4234.2041863645,96.8207888212,401.1605955845,2017.5260909308,,5272.4146811114,,65586.8578391550,19203.3362018348,4334.3736583606,322.7502222107
2021-12-27,4240.5500043690,96.9076019817,401.0317293476,1997.1220575257,,5264.4801637102,,65379.9888968667,18708.6255342621,4316.5660426730,318.9063520340
2021-12-28,4265.9332763871,96.9703003755,402.1270923615,2013.8162666753,,5272.8474729697,,66245.0772009817,18894.1420346019,4402.0425979735,333.1354153199
2021-12-29,4204.5331994785,97.0715823962,400.2663830202,1994.6488413554,,5259.2866614113,,66009.9988574722,18941.7103680223,4414.5079289548,332.7307974065
2021-12-30,4236.2622895011,97.2837923443,398.3201238241,1999.5952736960,,5296.5067612205,,65831.3393164049,19464.9620356472,4451.9039218988,336.2374859889
2021-12-31,4238.8349184218,97.1680414635,402.5334541717,1971.7715917801,,5317.4250343691,,66179.2552647990,19388.8527021745,4467.9307760176,336.5072312644
2022-01-04,4223.9136706815,97.1825103236,399.3039471540,2009.4881383773,,5316.8479785581,,65568.0515716743,19227.1203685450,4492.8614379802,333.2028516388
2022-01-05,4182.2370821654,97.0378217226,400.7155197578,2036.0752122081,,5209.2270698074,,65925.3706538087,19388.8527021745,4574.7764701432,339.0698113823
2022-01-06,4131.8135553187,96.8352576813,397.6998873770,1987.8474968871,,5211.6795570042,,65342.3763619051,19679.0195360393,4553.4073313181,337.8559576422
2022-01-07,4141.5895452175,96.8545494947,395.3472663707,1994.0305373128,,5187.7317408479,,65370.5857631263,20102.3777034812,4731.4834881940,350.2642403181
2022-01-10,4155.3102327948,96.9895921890,395.7964031083,1997.7403615683,,5187.0104210841,,65615.0672403762,20192.7575369801,4654.9107407374,345.2739527202
2022-01-11,4116.8923075783,97.1246348832,399.2183972992,1996.5037534832,,5163.0626049278,,65558.6484379339,20449.6265374505,4658.4722638749,342.9689626569
2022-01-12,4161.3130336099,97.0715823962,401.3785311323,2007.6332262496,,5193.5022989578,,66922.1028302891,20554.2768709755,4662.0337870124,351.4431908309
2022-01-13,4088.0788636659,97.0667594428,402.3409669984,2005.1600100792,,5134.9311341418,,67175.9874412794,20335.4625372414,4679.8414027000,355.3074388782
2022-01-14,4050.6899900177,97.1101660231,402.0201550430,1969.9166796523,,5113.0030133240,,67194.7937087601,20130.9187035335,4795.5909046694,357.2734598146
2022-01-17,4084.9917089610,97.1632185101,400.1808331654,1960.0238149711,,5160.7543816838,,65936.0068561145,20111.9003580413,4745.7295807441,362.5613781951
2022-01-18,4126.6682974772,97.4767104789,399.3681095451,1951.3675583750,,5168.9774269905,,65851.4614704891,20283.0654674714,4802.7139509444,368.3916471788
2022-01-19,4106.2587747059,97.6599827068,398.9403602712,1964.3519432691,,5137.3836213385,,65776.3100165998,20497.0218542591,4802.7139509444,369.2051730835
2022-01-20,4137.6448475390,97.6213990799,404.6508130773,2005.1600100792,,5095.2585471359,,66866.0060979945,20430.4576450362,4783.1255736880,369.7475236866
2022-01-21,4095.2822246440,97.7902024477,404.4583259041,2021.8542192288,,5040.1770031026,,66969.3393470922,20378.1571949326,4678.0606411312,363.6460794014
2022-01-24,4093.7481557178,97.9059533285,403.3675652557,2011.3430505050,,5036.5816020561,,66208.4308764632,19993.0356987148,4758.1949117254,368.6628224804
2022-01-25,3997.7836217764,97.9252451420,404.1375139487,2008.2515302921,,4862.5641914028,,65353.5830884725,20021.5632169531,4697.6490183876,361.8834399412
2022-01-26,4021.3060119788,97.6599827068,404.8433002506,2015.6711788031,,4879.8221164263,,66443.2791698672,20468.4943360207,4816.9600434945,365.4765126870
2022-01-27,3952.6138145039,97.5345859193,397.3576879579,2063.8988941241,,4761.7491460574,,65550.8556549319,20482.7580951399,4893.5327909511,367.8492965757
2022-01-28,3869.7740924870,97.8239631213,395.7750156446,2088.6310558272,,4717.8852532895,,66029.9461734761,20872.6341777308,4877.5059368323,362.3579967189
2022-02-07,3943.5798530494,97.5876384063,397.9565369413,2248.1534988122,,4790.2247223461,,66161.4612177824,21195.9460510988,5182.0161650902,384.3231961459
2022-02-08,3925.8536005224,97.6117531732,400.8010696125,2284.6334373243,,4854.1174616952,,66311.7641255610,21571.5583745705,5183.7969266589,378.5607209876
2022-02-09,3963.1809976706,97.5394088727,402.7045538812,2317.4035515809,,4918.2986558494,,66180.2490812547,21747.4780703737,5069.8281862583,369.0695854327
2022-02-10,3950.9089766903,97.5056481991,403.5814398927,2358.2116183911,,4917.8659736416,,68603.8834691843,22146.8633257107,5066.2666631208,372.5666004550
2022-02-11,3918.5244768814,97.0860512563,401.2715938138,2315.5486394532,,4866.0883361105,,67147.8240500793,21557.2946154513,4964.7632537015,369.8765888994
2022-02-14,3879.4926323748,96.9751233289,408.1797445867,2302.5642545591,,4830.1757128646,,67035.0968692454,21600.0858928089,5096.5396097897,387.8996663221
2022-02-15,3913.2406900705,96.9703003755,412.3289125432,2279.6870049837,,4872.4343418246,,66753.2789171605,21571.5583745705,5071.6089478271,388.5049189222
2022-02-16,3930.4556083900,97.1058013442,406.1907104632,2292.6713898778,,4880.6553037724,,67176.0058452878,21504.9941653477,4866.8213674197,378.0138738552
2022-02-17,3936.9325083517,97.1638731879,410.1473912465,2330.3879364751,,4877.7707557205,,66847.2182345222,21476.4666471093,4772.4410042755,380.5693848330
2022-02-18,3961.8174397839,96.9993362974,413.4624481190,2337.8075849860,,4924.9331163687,,67532.9752512619,21718.9505521353,4797.3716662381,381.5108888775
2022-02-21,3943.5798530494,96.5831547507,412.7780492808,2351.4102739227,,4934.8848071477,,67129.0361866070,21485.9758198554,4790.2486199631,382.9903952331
2022-02-22,3894.1508796568,96.6170299929,417.8254907124,2397.1647730735,,4893.3473152007,,66725.0971219521,21809.3592540631,4943.3941148764,401.4169743892
2022-02-23,3934.8871715217,96.7912455240,414.4676589126,2415.0955903082,,4965.1725616924,,66997.2912162743,21690.4682856044,4886.4097446761,396.7767044557
2022-02-24,3863.9821614137,96.8396387271,423.5145560548,2511.5510209503,,4884.6936710450,,66612.4650829222,21828.3818090165,5158.8662646963,417.4897934341
2022-02-25,3896.3666612226,96.9944969771,418.5740519417,2422.5152388191,,4916.8563818235,,66349.6569918525,21409.8856000419,5082.2935172396,411.7735188784
2022-02-28,3898.4119980527,97.0138542583,416.0075562985,2387.8902124348,,4938.3462648099,,66631.2370894272,21738.0246729879,5014.6245776268,417.7587945897
2022-03-01,3927.5580478807,96.7767275631,416.1358810806,2418.1871105211,,4945.9903171474,,66687.5531089421,21619.1337045292,5087.6358019459,418.8347992119
2022-03-02,3898.9233322602,96.7041377584,421.8677213504,2413.2406781805,,4952.3363228615,,67128.6952618091,21833.1374477548,5331.6001368660,446.4746679460
2022-03-03,3874.8906245072,96.3895819383,420.4775362104,2408.2942458399,,4942.2404046800,,68527.2097464302,22613.0622008439,5589.8105643361,484.1348297249
2022-03-04,3834.4952221140,96.5879940710,422.0174335963,2412.6223741379,,4915.9910174079,,68414.5777074003,22418.0810125716,5379.6806992225,466.1790025910
2022-03-07,3698.1394334448,96.6702625163,431.2782053755,2528.2452300999,,4803.2051885796,,70376.2523871707,22846.0884990229,5757.2021517995,512.0436996146
2022-03-08,3610.8717286965,96.7767275631,440.7956267190,2567.8166888249,,4612.2481075455,,69456.4240684267,21975.8066099053,5579.1259949235,527.9147677928
2022-03-09,3581.0438999251,96.5396008679,446.0997177150,2610.4796677627,,4529.3173510541,,68255.0156521079,20763.1187316266,5833.7748992562,542.4408301932
2022-03-10,3635.9271048645,96.4476537820,432.0267666048,2553.5956958456,,4598.1138220913,,67522.9073984137,20672.7615955980,5363.6538451036,470.9537731023
2022-03-11,3673.9362809560,96.9993362974,432.8608776888,2588.2207222299,,4673.8332084530,,67720.0134667160,20958.0999198988,5399.2690764788,459.3194731242
2022-03-14,3547.2958422295,97.4397144456,430.4227068278,2608.6247556350,,4552.2495080665,,67372.7313463739,20786.8969253183,5262.1504356843,459.6557245686
2022-03-15,3358.9544091301,96.9848183364,421.8249464230,2548.0309594624,,4256.8717875545,,66978.5192097693,20534.8480721859,5075.1704709646,422.3990645231
2022-03-16,3538.6031607018,97.1348372660,418.1676901315,2593.1671545706,,4437.3002681992,,67663.6974472011,20886.6838576320,5130.3740795961,425.6270783899
2022-03-17,3608.3150576589,97.1541945473,422.8729321440,2582.0376818042,,4513.7407915739,,67813.8734992409,21119.6562020490,5075.1704709646,416.5482893896
2022-03-18,3623.4846391484,97.2896955160,423.3648438090,2639.5399577639,,4562.9009190668,,68358.2616878853,21709.2188695533,5365.4346066724,454.6119529018
2022-03-21,3608.4174630276,97.1396765864,422.1457583784,2644.4863901045,,4571.3117963370,,68452.1862024331,21970.7184398173,5345.8462294160,468.2637615466
2022-03-22,3606.8765018334,96.8202814459,424.7122540216,2717.4462671287,,4573.7770534679,,68677.6050373479,21823.3277729412,5459.8149698167,493.8205324401
2022-03-23,3630.8470092983,96.9315858130,422.1029834511,2724.8659156396,,4606.1154264204,,68733.9597460765,21951.7002892526,5468.7187776605,484.1241965998
2022-03-24,3611.6706033264,97.1203193051,426.7012881451,2713.1181388306,,4567.8314333286,,69109.6578042677,22051.5455797171,5479.4033470730,500.7464866118
2022-03-25,3541.6424779466,97.1832304691,429.5672082800,2687.7676730849,,4503.4447176742,,69090.8729013581,21956.4548268938,5614.7412262987,500.4694484449
2022-03-28,3534.1088898862,97.1783911488,425.2683280777,2633.9752213807,,4538.1033326323,,68508.5409111618,21899.4003751998,5411.7344074601,488.2105095611
2022-03-29,3521.2675466014,97.1929091098,422.9798694625,2589.6535229440,,4507.0700958079,,69100.2653528129,21832.8368482235,5381.4614607912,469.4411737558
2022-03-30,3641.9761734785,97.4300358050,422.1243709148,2543.4323231457,,4622.3571204594,,69701.3822459188,21809.0641600177,5415.2959305977,478.3756546373
2022-03-31,3611.6706033264,97.2122663910,421.6966216409,2556.7288326767,,4581.4628551113,,68865.4540664434,21614.1281167300,5406.3921227539,467.5711661295
2022-04-01,3653.7902093005,97.3332493988,423.7498181554,2411.1003949562,,4617.5716213229,,68715.1748431670,21528.5464391891,5306.6694749033,449.2866471163
2022-04-06,3631.5318809402,97.4348751253,421.8677213504,2441.4924167413,,4603.5051541642,,69241.1521246346,21433.4556863658,5491.8686780543,468.9563569638
2022-04-07,3591.4668898916,97.6236086174,422.3382455517,2424.3969044872,,4492.1335378971,,68949.9861295365,20744.0477283971,5404.6113611851,435.4347387729
2022-04-08,3624.5119466112,97.5413401721,423.5145560548,2456.6884276339,,4502.7196420475,,69278.7219304537,20753.5568036794,5377.8999376537,433.2876929797
2022-04-11,3509.9671645108,97.3768032816,427.3215245922,2494.0452877448,,4355.5292898195,,68780.9220033504,19973.8126305286,5271.0542435281,432.5950975625
2022-04-12,3575.0299704871,97.2800168754,429.6527581348,2483.9146138165,,4445.0036221591,,68893.6314208078,20035.6216198637,5456.2534466791,440.0751280679
2022-04-13,3550.8882451117,97.4348751253,431.7059546494,2472.5176056470,,4383.0821636356,,69532.3181197328,20225.8031255102,5432.9514444430,450.5333188672
2022-04-14,3583.7620839208,97.4493930862,432.3689660238,2487.0804494191,,4433.6924423820,,69673.2048915545,20387.4574053098,5432.9514444430,461.2685478333
2022-04-15,3590.7820182498,97.4155178440,433.9730258008,2483.9146138165,,4383.1456973839,,70415.2085564821,20777.3294918852,5492.1026808886,478.0293569287
2022-04-18,3570.0052095176,97.0138542583,436.3256468071,2490.8794521422,,4407.1808931323,,70217.9670759317,20767.8204166029,5535.1217619399,480.6479406916
2022-04-19,3549.9152374376,96.9703003755,433.2030771079,2551.0303285920,,4418.5429856679,,70480.9557166655,20843.8930188615,5572.7634578599,479.5453791072
2022-04-20,3481.0598630441,96.9509430943,427.8134362572,2573.1911778104,,4300.2606890153,,69954.9784351979,20734.5137034534,5538.7066853609,466.2457299956
2022-04-21,3433.1530065458,97.0235328989,433.1603021805,2607.3822023187,,4165.6635928244,,69954.9784351979,20710.7355914081,5581.7257664122,470.2425157390
2022-04-22,3444.3141021458,96.8831926099,435.0210115218,2580.1560161361,,4141.7740649291,,70452.7783623012,20848.6486412706,5527.9519150980,464.4540674210
2022-04-25,3270.8878474388,97.1058013442,432.4759033423,2504.8091287938,,3872.4342046944,,69184.7974159059,19688.2767734626,5314.6489715518,437.7169489997
2022-04-26,3247.0202737712,97.0525688208,429.1394590062,2521.9046410479,,3766.0966719895,,69109.3299521307,19702.5436406898,5447.2911381268,442.4717458324
2022-04-27,3336.1373294078,96.9703003755,428.7117097323,2533.3016492173,,3943.5201169683,,69165.9305499621,19750.0998647802,5488.5177574676,458.0454282118
2022-04-28,3362.0654130323,96.8589960084,428.6261598775,2572.5580106898,,3927.9336566951,,69165.9305499621,19892.7685370517,5515.4046831247,449.8451264279
2022-04-29,3450.8390503427,97.0767654223,433.9730258008,2578.8896818951,,4092.5383306082,,69430.0666731753,19868.9904250065,5707.1980861453,464.0406068269
2022-05-05,3429.8905324474,97.2219450316,432.5828406608,2564.3268381230,,4116.7191942096,,68637.6583035358,19521.8299891459,5743.0473203548,477.6158963346
2022-05-06,3331.3294728416,97.2703382347,431.5990173309,2519.3719725658,,4006.9047811263,,67967.8845625310,19032.0008810139,5773.5191694328,480.7857608897
2022-05-09,3304.1040005037,97.3574460003,433.4811141359,2469.3517700444,,4033.7711415464,,67392.4451512452,18808.4866277886,5725.1227032501,484.2312658409
2022-05-10,3360.2780763402,97.4687503675,430.2088321908,2486.4472822985,,4128.3172405112,,67656.5812744583,18875.0653415152,5538.7066853609,453.0149909830
2022-05-11,3396.1192044812,97.3380887191,427.6851114750,2488.9799507806,,4153.1282509538,,67524.5132128518,19274.5376238754,5689.2734690406,455.6335747459
2022-05-12,3384.5742257050,97.4493930862,432.2834161691,2490.2462850217,,4162.3773258525,,66864.1729048188,19065.2902378772,5897.1990274554,467.6928420751
2022-05-13,3412.1443242751,97.3380887191,427.3856869833,2566.8595066051,,4213.6142645772,,67033.9746983130,19312.5826031477,6004.7467300838,475.8931438590
2022-05-16,3372.3399944646,97.3913212425,423.3006814179,2621.9450460907,,4184.8393648923,,67232.0767907229,19550.3637236002,6020.8788854781,478.0094381438
2022-05-17,3424.7231817476,97.4203571643,425.5891400331,2614.3470406444,,4217.8717752449,,67722.6153052616,19307.8269807387,6060.3130431085,493.5744412710
2022-05-18,3410.0765668823,97.5316615315,420.6058609925,2616.8797091265,,4200.2544897235,,67298.1108215262,19364.8944496473,5922.2934914021,480.6036053317
2022-05-19,3422.4831112388,97.5413787440,422.3596330154,2604.8495338366,,4243.7104606762,,67477.3460479923,19555.1193460092,5943.8030319277,474.0499198044
2022-05-20,3500.5409528153,97.4393480130,424.7336414853,2642.8395610680,,4324.4563526492,,67826.3830679525,19802.4117112798,6002.9542683733,476.4392843196
2022-05-23,3459.1858049602,97.6385508686,424.5422721350,2651.7039007554,,4322.1073812464,,67967.8845625310,19854.7612736023,5990.4070364000,481.9689564832
2022-05-24,3393.3621946242,97.6725611123,425.4565923645,2594.7188599082,,4168.1029436469,,67703.7484393178,19478.7962351041,5897.1990274554,468.1789098529
2022-05-25,3410.0765668823,97.7551574182,426.1582799824,2599.7841968724,,4234.4613857775,,67760.5866218610,19497.8324395850,6020.8788854781,484.2900534408
2022-05-26,3420.0707276140,98.1098356733,427.8168143522,2606.7490351981,,4296.2686958150,,67334.3002527873,19512.1095929457,6022.6713471885,488.0447691074
2022-05-27,3431.7880195062,98.1146942795,429.9856669896,2659.3019062017,,4290.5430780206,,68111.0887475437,19773.8574045584,6002.9542683733,498.5579729740
2022-05-30,3447.8131393001,97.9154914239,426.4559656385,2654.8697363580,,4310.6561456575,,68158.4538996630,19764.3393023179,6053.1431962666,501.6300130649
2022-05-31,3505.8826594132,97.6774197185,425.5416454091,2666.8999116479,,4385.9700412614,,68319.4954168686,19792.8936090393,6135.5964349483,516.9219459619
2022-06-01,3497.2670036101,97.6093992312,422.5647888480,2616.2465420060,,4382.2997734445,,67826.8978348280,19302.7113436556,5999.3693449524,501.6982806225
2022-06-02,3507.0888512257,97.5462373502,425.4778556256,2624.4777145728,,4441.1708692284,,68328.9684472925,19669.1582799133,6011.9165769257,487.7716988771
2022-06-06,3570.6723910528,97.4296308006,424.3934293069,2625.1108816934,,4520.1550326493,,68849.9851206047,19945.1832448867,6382.9561509936,512.1432169316
2022-06-07,3577.5649156953,97.5899648063,422.3946827588,2610.5480379213,,4512.9613077281,,68641.5784512798,19731.0259444763,6601.6364796712,514.6691165619
2022-06-08,3620.8155078271,97.5413787440,424.5422721350,2654.8697363580,,4543.7915573905,,68954.1884552672,19754.8212000775,6757.5806484824,517.4680864225
2022-06-09,3591.0053387482,97.6482680811,425.2439597530,2650.4375665143,,4492.2609972404,,68973.1345161149,19840.4841202416,6752.2032633510,525.7284608891
2022-06-10,3647.8686670489,97.5753889876,424.0106906062,2699.8246019152,,4588.1283926193,,68821.5660293331,19612.0496664706,6739.6560313776,524.2265746224
2022-06-13,3604.1011355690,97.5170857128,431.1338830917,2637.1410569833,,4564.1982464528,,67940.5741999143,19031.4454298024,6578.3344774351,514.3960463316
2022-06-14,3643.7331522634,97.5122271065,423.0963703767,2620.0455447292,,4610.7372423717,,67798.4787435564,19040.9635320429,6535.3153963837,528.9370360951
2022-06-15,3685.2606132346,97.3907619507,420.5660422998,2598.5178626313,,4589.0092568954,,66945.9060054091,18850.6014872337,6425.9752320449,517.4680864225
2022-06-16,3660.6198376376,97.4976512878,421.9906807969,2607.3822023187,,4590.4773640221,,66822.7566098990,19040.9635320429,6327.3898379689,508.8663741679
2022-06-17,3704.0427428854,97.5559545627,424.8824843134,2651.7039007554,,4642.7997604052,,66064.9141759903,18850.6014872337,6255.6913695500,503.8145749074
2022-06-20,3708.7191271582,97.3518931008,423.2877397271,2614.3470406444,,4629.9408663788,,64416.6068822389,18569.8174711400,6214.4647502091,472.6416449408
2022-06-21,3712.0099160909,97.3616103133,422.4159460199,2592.1861914261,,4599.7889769378,,64445.0259735105,18826.8062316325,6185.7853628416,483.0780963301
2022-06-22,3664.0336774404,97.4976512878,422.2458399307,2548.4976601099,,4519.2361350487,,63526.1420223962,18492.4046999872,6060.3130431085,466.5025558884
2022-06-23,3737.4702304650,97.3518931008,422.9050010264,2437.6934140182,,4636.0008049430,,62881.9759535738,18540.1763473651,6088.9924304760,473.6648264496
2022-06-24,3781.1164836777,97.2644381886,419.5879322869,2395.2712169431,,4691.7226790571,,60269.4146320399,18029.0197204215,5743.0473203548,460.4998910370
2022-06-27,3819.5667543651,96.9389115710,422.6073153703,2421.8642360051,,4702.8079325281,,60563.9215446492,18282.2094515244,5902.5764125869,477.8257645852
2022-06-28,3867.0233947630,96.8465980526,420.0557240322,2467.4522686828,,4786.6124487687,,61646.9469652123,18578.3936652674,6020.8788854781,496.3112438432
2022-06-29,3821.9915462102,96.9583459959,419.4603527200,2457.3215947544,,4716.5536468321,,60297.9153010021,18420.7472289203,5803.9910185109,496.3794559438
2022-06-30,3863.9058052478,97.1672660640,418.8437181466,2475.0502741291,,4748.7747835877,,60658.9237745231,18210.5519804575,5802.1985568004,491.5363968024
2022-07-01,3849.5302535945,97.1283972141,415.0801209229,2452.8894249108,,4739.4631706721,,58549.8742713212,18057.6827088482,5633.7071560159,475.1654926624
2022-07-04,3872.9121749584,96.9291943585,417.1639205157,2429.4622414514,,4797.5498988600,,57628.3526415438,18134.1173446529,5832.6704058784,489.0125490808
2022-07-05,3861.8274122377,97.0360836957,416.8024450761,2428.1959072103,,4786.1690386298,,57105.8403772370,17661.1780356116,5730.5000883815,493.1734872164
2022-07-06,3810.7335840720,97.1235386079,408.5522997497,2406.0350579920,,4730.8905746545,,54740.2848533754,17513.0859287401,5556.6313024656,461.1137999423
2022-07-07,3824.7627368904,97.1478316390,402.7261661944,2455.4220933929,,4745.6709126159,,55709.3075980898,17541.7489171668,5416.8192890487,438.1263220458
2022-07-08,3818.7007572775,97.1138213954,402.3646907548,2471.8844385265,,4717.2926637301,,56013.3147336865,17541.7489171668,5527.9519150980,462.5462540545
2022-07-11,3755.8293687211,97.4004791632,402.4497437994,2523.8041424095,,4658.6147220238,,55557.3040302915,17369.7709866064,5486.7252957572,464.0469202674
2022-07-12,3724.4802741517,97.4830754691,402.0882683598,2505.4422959143,,4600.8236005951,,54455.2781637536,16801.2883828093,5257.2901968167,460.7199221833
2022-07-13,3729.5030572595,97.5608131689,399.3240444102,2475.6834412496,,4611.6132473068,,53229.7493983795,16457.3325216884,4992.0058636667,444.6394314436
2022-07-14,3732.4474473572,97.6531266873,399.8556259390,2509.2412986374,,4657.8757051257,,52678.7364651105,16485.9955101151,4879.0807759069,435.4901867124
2022-07-15,3711.6635172559,97.7600160245,396.9638224225,2473.1507727675,,4621.0726636021,,50807.1925365935,16390.4522153593,4681.9099877549,425.7171298405
2022-07-18,3767.2062254713,97.7308643871,398.6648833146,2510.5076328785,,4717.0691587628,,53571.7574259257,17035.3694549610,5013.5154041924,456.0759873576
2022-07-19,3750.6315760356,97.7308643871,397.4528774290,2468.0854358033,,4730.1595899211,,53229.7493983795,17159.5757381436,4862.9486205126,459.6109228219
2022-07-20,3758.2135965222,97.8863397865,397.1126652506,2411.7335620767,,4794.5584926309,,53999.2674603586,17107.0269260279,4943.6093974839,458.9871106812
2022-07-21,3717.4822771642,97.9786533050,393.7105434665,2418.6984004025,,4747.3125686803,,53372.2527431904,17140.5232025264,4931.0621655106,457.2542991791
2022-07-22,3724.1826673616,97.8766225741,399.7280463721,2380.0752060505,4735.1849266710,4698.1106032922,,54084.7694672451,17197.9453908096,5061.9118703751,457.3929240992
2022-07-25,3708.6659742728,97.8814811803,401.0038420412,2400.3365539073,4682.0922629731,4644.5451608514,,54322.9863870269,17011.3232788893,5027.8550978761,443.3224947020
2022-07-26,3734.4095787155,98.0904012483,401.3015276973,2468.0854358033,4758.6001527121,4719.6270591041,,56114.3776237855,17221.8713025942,5278.7997373423,470.2850416750
2022-07-27,3714.3084081233,97.9980877299,400.4297339901,2482.0151124549,4809.7869259182,4738.1342203969,,55637.9437842220,17279.2934908774,5201.7238837920,457.3929240992
2022-07-28,3715.8953426437,97.8669053616,404.7674392648,2508.6081315169,4845.7265751906,4743.8518799832,,57162.5320708251,17925.2931090631,5341.5358972089,478.7411618053
2022-07-29,3660.8816126017,98.1924319792,410.4872565144,2525.0704766505,4823.9449695709,4705.9347690420,,57267.3475155291,17944.4338384908,5257.2901968167,475.8993509418
2022-08-01,3679.9248268470,98.3916348348,410.1683075971,2537.7338190610,4857.7064582813,4748.2153570360,,57972.4695980830,17422.8489615853,5262.6675819481,479.7115362465
2022-08-02,3623.8763874048,98.4790897470,413.7405354704,2504.8091287938,4729.4672551958,4645.5921497657,,57410.2776673981,17293.6490379482,5266.2525053690,472.0178531771
2022-08-03,3580.5581928833,98.5082413844,411.7630521834,2513.6734684811,4684.9510987107,4596.2482477448,,56962.4298582085,17465.9156027977,5266.2525053690,469.7998544544
2022-08-04,3608.8476260402,98.4402208971,412.4009500179,2498.4774575885,4690.3965001156,4607.1462874550,,55980.9761487077,17408.4934145146,5147.9500324778,455.8680499774
2022-08-05,3668.7858625415,98.3722004099,415.8030718020,2582.6886846182,4819.1802433416,4707.3477081230,,57467.4497281458,17719.5302677151,4975.8737082724,452.6103643534
2022-08-08,3655.7019997064,98.3381901662,413.2514804640,2553.5629970741,4854.7114875086,4736.2577856874,,58058.2276892045,17623.8266205764,5225.0258860281,461.0664844837
2022-08-09,3659.9454146799,98.3576245912,415.1226474452,2538.3669861815,4874.0426624961,4747.9126337107,,58334.5593161513,17743.4561794997,5219.6485008967,465.2945445489
2022-08-10,3618.7489276451,98.2798868914,415.8881248466,2559.7209554004,4879.3519288658,4733.0791907719,,58163.0431339084,17882.2264678507,5185.6319646852,468.2056678724
2022-08-11,3700.7882838003,98.4645139283,414.1658006934,2563.1651439841,4958.5825193072,4835.8537597049,,59735.2748044679,17939.6486561339,5227.2077311659,479.5163756515
2022-08-12,3703.2636092015,98.3964934410,415.9306513689,2590.7186526537,4916.1083883490,4833.4319731027,,59963.9630474583,17920.5079267062,5317.9184943966,488.2335453411
2022-08-15,3692.8318807249,99.0572638888,416.7599185538,2539.0558238983,4945.7858260057,4842.3623111985,,58582.3049127243,17236.2268496650,5351.9350306081,481.6056146680
2022-08-16,3683.8146239061,99.1009913449,416.2496002862,2531.4786090141,4976.4162089083,4861.7366040165,,59115.9108130354,17441.9896910131,5206.4198479256,476.7067093879
2022-08-17,3718.9996063951,99.1301429823,414.5272761330,2517.7018546794,4986.8308483652,4891.7062132193,,59039.6813987052,17858.3005560661,5125.1581225315,477.9314357079
2022-08-18,3686.9971851363,99.2082212676,412.2521071899,2506.6804512116,5013.1415164668,4873.0887287145,,58286.9159321949,17542.4785205086,5178.0727344160,489.2421434870
2022-08-19,3661.7135042523,99.1496625536,412.0394745784,2539.7446616150,4923.9319074347,4805.8841505021,,59058.7387522877,17633.3969852903,5030.6677441662,499.0399540471
2022-08-22,3684.8754776495,99.0959837325,410.6573626036,2547.3218764991,4955.4498952648,4865.2179222572,,59811.5042187980,17781.7376383552,5085.4721636181,503.7947738778
2022-08-23,3672.8524685578,98.9935059830,411.7843154446,2654.0917225936,4969.9755766126,4867.7910705221,,60068.7784921623,17882.2264678507,5280.1223430505,513.5205417133
2022-08-24,3607.0795364679,99.0764641612,414.1445374323,2674.0680163790,4775.5232951740,4728.0842559048,,60430.8682102305,18269.8262387621,5361.3840684446,528.8656420760
2022-08-25,3637.8442950261,98.8666287694,415.5053861459,2639.6261305421,4755.3791899087,4751.5453136141,,60125.9505529099,18097.5596739126,5353.8248381754,536.8623845185
2022-08-26,3631.1255546513,98.9349472690,415.9944411524,2598.9847052545,4735.6461888325,4744.4313154700,,60997.4799413003,18049.7078503433,5323.5879170985,533.1161628337
2022-08-29,3610.4389066553,99.0423049113,412.4434765402,2610.0061087223,4761.9568569341,4746.7017404096,,59905.6738943058,17910.6426198279,5229.0975387333,525.5516767394
2022-08-30,3603.8969752377,99.0471848042,413.8893782985,2591.4074903704,4755.7902940978,4742.9176988436,,59570.4702833864,17608.5353949151,5244.2159992717,530.7387529183
2022-08-31,3608.1403902113,98.9983858759,411.3590502215,2610.0061087223,4597.6522160287,4646.3489580789,,59436.3888390186,17656.4889226791,5255.5548446755,516.1861225275
2022-09-01,3574.7234972946,99.2423805174,407.9356651763,2598.9847052545,4578.7414233307,4627.8828352367,,58114.7288873937,17167.3629394870,5285.7917657524,503.5066029790
2022-09-02,3554.0368492986,99.1643022321,407.2127142972,2631.3600779412,4611.3556889983,4639.3863215974,,57022.9228403991,17368.7677560955,5083.5823560508,500.9851076142
2022-09-05,3551.7383328546,99.2667799816,411.2952604381,2661.6689374777,4623.0036410224,4660.7283160297,,58018.9564271310,17603.7400421387,5436.9763711368,507.1087392144
2022-09-06,3577.5524406103,99.3009392314,413.5491661201,2625.1605384906,4713.8576668109,4747.1558253975,,59024.5672598891,17747.6006254305,5382.1719516850,506.8205683155
2022-09-07,3585.5088436857,99.1545424465,410.7636789093,2645.1368322760,4741.5386822094,4762.5947149869,,57990.2246890522,17550.9911615984,5189.4115798198,492.8442797223
2022-09-08,3570.4800823211,99.1301429823,414.0594843877,2643.7591568425,4710.1577291091,4744.8854004579,,58564.8594506283,17843.5076809584,5174.2931192814,479.0120765785
2022-09-09,3622.9923426187,98.8715086622,414.1232741711,2653.4028848769,4736.6054319404,4778.9417745521,,60403.6906876717,18188.7730808587,5368.9432987138,484.1271100327
2022-09-13,3632.7168352664,98.9544668404,414.2721169992,2796.6811299585,4721.8056811332,4762.2919916616,,60518.6176399869,17996.9589698030,5450.2050241080,501.4256381309
2022-09-14,3597.0014259057,98.8471091981,411.6567358777,2784.2820510572,4676.9953245227,4732.1710207961,,59647.0882515965,17862.6890920640,5402.9598349253,499.2633221186
2022-09-15,3562.5236792457,98.8373494124,409.5729362849,2745.0183012031,4519.6794548317,4616.9847955266,,59589.6247754389,18107.2520836600,5395.4006046561,521.9676402475
2022-09-16,3497.2811740275,98.8324695196,407.8293488705,2754.6620292374,4473.7728203836,4546.2988990734,,59331.0391327297,17968.1868531446,5355.7146457427,512.3916693360
2022-09-19,3489.9973922468,98.9007880192,408.9988282338,2755.3508669542,4414.1991442129,4514.6484234665,,59647.0882515965,17944.2100892626,5183.7421571179,490.1507046384
2022-09-20,3489.6420858185,99.0179054472,410.2108341194,2762.9280818383,4477.6976743430,4546.7598283298,,59953.5601244371,17886.6658559459,5234.7669614352,495.8653969565
2022-09-21,3461.2175715523,99.0764641612,411.4228400050,2795.3034545250,4494.3783036708,4570.2672204068,,60106.7960608574,17905.8472670515,5300.9102262908,509.6887743206
2022-09-22,3437.5896940685,99.0227853400,410.4234667309,2808.3913711430,4510.6384129315,4562.1241368769,,59790.7469419905,17920.2333253807,5276.3427279159,503.5879541432
2022-09-23,3432.6154040719,98.8422293052,412.1245276230,2787.7262396409,4431.8609870306,4512.0364910135,,59551.3157913338,17867.4844448404,5213.9790781948,502.8156984245
2022-09-26,3412.1852844431,98.4957569142,408.6586160554,2764.9945949885,4383.9216993826,4459.0296265262,,58133.8833794462,17335.2002866607,5009.8798609259,471.3076651029
2022-09-27,3455.5326686990,98.5982346637,409.1901975842,2780.1490247568,4484.7063421278,4542.1505357657,,58844.2572473236,17489.2481647982,5023.1085138970,470.1492815249
2022-09-28,3407.9216073031,98.4225585217,410.2746239029,2796.6811299585,4347.1962801904,4434.1394466799,,58406.3555479471,17200.4083932904,4907.8302522914,469.9176048093
2022-09-29,3408.8098733740,98.2078432371,414.2721169992,2852.4769850143,4368.0821101890,4448.5818967142,,59233.5032023249,17320.7582980853,5049.5658198393,487.2161329074
2022-09-30,3382.8725041061,98.1541644160,415.5053861459,2823.5458009113,4277.3899490539,4386.6637332695,,59671.4049017014,17590.3420848260,5089.2517787527,489.9190279228
2022-10-10,3311.6335652264,98.4664775572,418.0782407452,2819.4127746109,4188.3798681871,4332.5813671839,,59613.0180084512,17874.3678601420,5385.9515668196,542.0462889328
2022-10-11,3310.3899927272,98.4420780930,417.5253959553,2786.3485642074,4201.1356435555,4365.6146305601,,60683.4443847048,17778.0879363060,5295.2408035889,536.9494011896
2022-10-12,3361.7317716206,98.6275140206,417.8656081337,2807.7025334263,4323.7873297892,4465.4826361159,,61033.7657442060,17657.7380315111,5219.6485008967,533.5514760275
2022-10-13,3335.2614427102,98.6909526275,417.8230816114,2809.0802088598,4375.0907779738,4478.8495845519,,60663.9820869547,17672.1800200865,5144.0561982045,526.7271628234
2022-10-14,3412.1852844431,98.9642266260,417.2064470380,2867.6314147826,4498.1629842746,4596.8474741932,,61987.4183339592,18129.5096583072,5204.5300403583,536.4537701488
2022-10-17,3408.6322201598,98.9007880192,414.9312780949,2792.5481036581,4519.1889876290,4611.1362811420,,61384.0871037072,17749.2039591553,5119.4886998296,526.3349609151
2022-10-18,3406.8556880182,98.9203075905,415.4628596236,2757.4173801044,4553.6716331301,4636.3337471592,,60965.6477020808,17633.6680505521,5206.4198479256,530.0216588529
2022-10-19,3353.3820705549,98.9300673762,414.8249617891,2747.0848143533,4529.2814692391,4594.8501140821,,60449.8968117040,17624.0400581685,5070.3537030796,519.7459688559
2022-10-20,3340.7686923492,98.7787906984,412.6135826294,2764.9945949885,4517.6470807163,4582.0977379881,,60595.8640448295,17773.2739401142,5117.5988922623,527.4331262583
2022-10-21,3325.6681691453,98.6958325203,411.9331582726,2760.8615686881,4513.5820534011,4582.5586672445,,61150.1548626195,17845.4838829912,5040.1167820027,520.8441341991
2022-10-24,3233.5853476239,98.8812684479,417.5253959553,2791.1704282246,4501.2672655990,4546.6309385367,,62199.3481962935,17883.9958525256,5021.2187063297,522.5698225956
2022-10-25,3229.6669296868,98.7592711271,418.6948753185,2780.1490247568,4487.6785342312,4520.7259667645,,62417.1053032824,17840.6698867994,4968.3040944451,527.9822089299
2022-10-26,3256.2053057152,98.9593467332,418.4822427070,2825.6123140615,4600.7764130115,4607.2300689323,,62110.2657434344,17989.9037687451,4943.7365960702,522.9620245038
2022-10-27,3235.3664466862,99.1008636253,417.5041326941,2805.6360202761,4581.2426116702,4603.6835549396,,62803.1292656719,17874.3678601420,4938.0671733683,532.5317510659
2022-10-28,3156.6418681321,99.2082212676,417.5891857387,2784.2820510572,4405.1553010285,4449.3330981305,,62189.4501459758,17463.7404903820,4781.2131452819,537.0028528204
2022-10-31,3121.7323265108,99.3253386956,416.3984431143,2831.8118535122,4449.3186779740,4475.5464624237,,61427.3002715145,16942.0021852751,4735.8577636666,533.2377145008
2022-11-01,3249.0809094660,99.1496625536,416.1858105028,2916.5388926710,4579.8271188194,4599.2118633837,,62704.1487624951,17299.4895424780,4871.9239085126,543.1212025896
2022-11-02,3277.0502977096,99.0862239468,416.8662348596,2893.8072480186,4622.9996507693,4626.5495119773,,62921.9058694840,17256.0113503857,4868.1442933780,547.9060658706
2022-11-03,3252.1094419510,99.0959837325,415.5691759294,2900.0067874693,4645.2228885271,4626.0861620011,,62704.1487624951,17473.4023108469,4885.1525614837,550.4945984653
2022-11-04,3369.6877619558,98.9544668404,415.3141211978,2884.8523577010,4774.8820336620,4747.0205057794,,63594.9732910862,17763.2569247952,5098.7008165892,557.3189116694
2022-11-07,3371.4692516528,98.9983858759,419.0336693662,2905.5174892032,4750.2524580578,4734.6645064151,,65059.8847381026,17656.9768996808,5017.4390911951,560.7702884623
2022-11-08,3350.2695242580,99.1106234110,419.8838518047,2928.2491338556,4747.2799230711,4743.7770559463,,65109.3749896910,17826.0587578173,4987.2021701182,560.6134076990
2022-11-09,3310.8986019534,99.0911038397,428.8532765306,2934.4486733062,4724.0658403177,4729.5676566773,,65901.2190151053,18019.2951671161,4987.2021701182,541.1601930482
2022-11-10,3290.4114704374,99.0715842683,429.0658221403,2959.9356688255,4682.4503505036,4712.8870575355,,66069.4858705059,17961.3242443265,4964.5244793105,526.0996397701
2022-11-11,3383.0489346836,98.6909526275,432.5303155771,2916.5388926710,4702.9749968405,4743.1592559781,,66940.5142984616,18120.7442819980,5117.5988922623,531.1982645778
2022-11-14,3382.1581898351,98.0126475239,428.9170402135,2867.6314147826,4665.9481658497,4734.9734063992,,66326.8351787655,18144.8988331604,5074.1333182142,521.7069783973
2022-11-15,3451.6362880197,98.0760861307,430.3623503590,2857.9876867482,4782.8451341884,4812.9706523865,,66505.0000844837,18284.9952299020,5074.1333182142,511.4960543777
2022-11-16,3424.5576446247,97.8613708461,432.6578429428,2871.7644410830,4741.2786151068,4797.5256531811,,66029.8936692352,18256.0097685072,5089.2517787527,506.7467873919
2022-11-17,3409.4149821998,98.2176030228,433.2742252107,2853.8546604478,4757.4512539304,4808.6460526089,,65831.9326628816,18371.9516140865,4990.9817852528,497.8023345685
2022-11-18,3395.5193625629,97.9568700921,432.9766613573,2830.4341780787,4714.4660823204,4799.9968530539,,65069.7827884203,18550.6952926879,5091.1415863200,489.2536539939
2022-11-21,3366.3029315314,98.0700183451,430.6174050905,2851.0993095808,4741.8460761182,4791.1932035068,,64367.0212158651,18304.3188708319,4902.1608295895,475.0850074861
2022-11-22,3363.2743990464,98.0946157914,430.2560775541,2871.0756033663,4651.1941795545,4738.9891061926,,63753.3420961690,18236.6861275773,4856.8054479741,469.7816593519
2022-11-23,3367.7281232890,98.3258317864,430.0435319445,2901.3844629027,4648.4987397506,4732.8111065104,,64228.4485114176,18256.0097685072,4849.2462177049,472.5520650936
2022-11-24,3350.0913752883,98.4980139105,431.8926787482,2931.6933224392,4652.6128320829,4736.5179063197,,64506.3648393916,18420.6091671095,4856.8054479741,451.2595181070
2022-11-25,3368.9751660769,98.1487301732,433.1679524059,2964.0686951260,4608.4927384502,4707.7902077977,,64685.0253359463,18294.7390387665,4854.9156404068,453.2383793511
2022-11-28,3328.7134989238,97.9273531566,433.6142981861,2906.8951646367,4604.9461071293,4691.2640586479,,63652.7646891858,18096.2515286873,4779.3233377146,433.9246936086
2022-11-29,3437.0280725040,97.6026668656,432.0627152359,2935.1375110229,4679.4253648693,4766.9445547544,,64595.6950876690,18425.4503258919,4881.3729463491,454.0299238488
2022-11-30,3438.6314132313,97.6961371615,431.5951148947,2960.6245065423,4669.3529319178,4759.9943051119,,64198.6717619918,18197.9158631181,4896.4914068876,451.6552903558
2022-12-01,3478.3586334754,97.9765480492,432.6365883819,2945.4700767740,4725.5315720418,4780.2272540710,,65399.6673221652,18517.4323427579,4911.6098674260,452.7634526525
2022-12-02,3459.2966937170,98.0060649847,435.4209358679,2948.9142653577,4739.5762320728,4769.4157546272,,65747.0627321326,18633.6201535360,4913.4996749933,453.1592249013
2022-12-05,3516.6606619618,97.9863870277,431.1700236755,2926.8714584221,4754.6139488736,4795.3633532923,,65766.9138984165,18706.2375352723,4807.6704512242,442.1567563841
2022-12-06,3536.0788996595,97.7502515433,426.9828751660,2935.1375110229,4750.9254522998,4799.2246030937,,65280.5603244620,18575.5262481469,4698.0616123205,430.7585156180
2022-12-07,3525.7462594167,97.9814675384,426.2602200933,2951.6696162247,4749.0812040129,4788.8764536260,,64953.0160807784,18531.9558191051,4641.3673853014,407.6454162868
2022-12-08,3536.7914955383,98.1831665980,427.6842756777,3050.1734097183,4726.8083593173,4781.9262039836,,65866.1697298358,18623.9378359711,4720.7393031282,405.0333194446
2022-12-09,3567.4331183275,98.1192132376,428.7682582868,3061.1948131861,4741.7042108653,4791.1932035068,,66620.5140486223,18648.1436298832,4773.9093355045,396.5637933198
2022-12-12,3530.1999836593,98.1142937484,428.5982217991,3015.0426861646,4720.2825576868,4764.4733548815,,65538.6254861522,18178.5512279885,4827.0793678809,396.2512923006
2022-12-13,3518.9765985679,98.0011454955,428.8532765306,3009.5319844307,4684.9581097300,4739.2980061767,,65578.3278187199,18144.6631165115,4910.6322759008,412.0325937684
2022-12-14,3528.0621960228,98.4586579964,433.6993164300,2954.4249670916,4662.8271302873,4713.8137574878,,66015.0534769647,18202.7570219006,4923.9247839949,413.5950988643
2022-12-15,3521.4706841438,98.3455097435,430.2560775541,2967.1801747207,4681.9789394204,4710.7247576467,,65488.9975704425,18202.7570219006,5016.9723406535,419.4544929736
2022-12-16,3508.6439583251,98.3848656575,428.1731305799,2991.0961890253,4621.2606112057,4711.0333743106,,64774.3555842237,18144.6631165115,5081.5359513962,418.9076161900
2022-12-19,3453.3660825031,98.5767257386,430.7236778953,2952.8305661380,4540.0393983445,4607.4924835749,,64625.4718370948,17951.0167652147,5032.1637784753,416.7982343107
2022-12-20,3401.4437326894,98.4094631038,430.8512052611,2964.7885732903,4492.9197748554,4550.0897840910,,64575.8439213851,17999.4283530389,5070.1423730299,418.5169899161
2022-12-21,3396.1455337289,98.6603570559,435.1871356973,2995.8793918862,4458.8181854834,4525.7090676435,,65270.6347413201,18062.3634172104,5149.8974215944,423.6732567323
2022-12-22,3404.0928321697,98.6406790989,435.5697177946,3009.4317999921,4390.7565071102,4476.4847097527,,65330.1882401717,18042.9987820807,5153.6952810498,426.8763921787
2022-12-23,3396.1455337289,98.8669756048,432.3177699675,3019.7954061908,4361.8904314592,4468.6149848235,,64883.6048479785,18057.5809470446,5132.8070540448,425.3138870829
2022-12-26,3402.3267658495,98.6554375667,432.7853703086,3091.5434491045,4446.7906539621,4521.6970510129,,65518.7456724310,18125.6310502098,5157.4931405053,437.0326753016
2022-12-27,3443.8293243740,98.3799461683,433.5505345033,3103.5014562568,4482.8732485259,4550.2440924229,,65895.8605369497,18572.8174424381,5218.2588917925,442.5014431370
2022-12-28,3430.5838269726,98.4488190179,434.1654998004,3060.4526305086,4452.5921691665,4538.5166591950,,65945.4809138600,18261.7312565402,5214.4610323371,437.2670510660
2022-12-29,3415.7488698830,98.5914842063,433.7201801025,3094.7322510118,4435.4706242951,4528.4866176185,,65945.4809138600,18164.5168234471,5210.6631728816,431.4076569566
2022-12-30,3425.6388412761,98.6111621634,436.2648640908,3137.7810767600,4447.2151550746,4529.5667759421,,65756.9234816007,18179.0989884110,5260.0353458025,439.6889339645
2023-01-03,3438.7077320455,98.7538273518,435.9891899920,3143.3614800977,4542.1619039071,4597.4624419984,,65280.5678632613,17761.0769261107,5250.5406971639,443.0483199205
2023-01-04,3442.0632580538,98.9112510081,438.1733770820,3081.9770433827,4538.1998935236,4596.0736670109,,64030.1343651204,17367.3584720836,5163.1899296885,420.3138707763
2023-01-05,3509.5269914852,98.8177807122,437.3675604857,3054.0750266940,4591.9700344422,4644.2178665780,,63732.4121036583,17406.2442453208,5028.3659190199,406.3576824827
2023-01-06,3524.0087353107,98.7341493948,434.2291169001,3026.9702104822,4602.4410618842,4647.9212665447,,64695.0474157191,17352.7763071196,5056.8498649358,410.0017983149
2023-01-09,3542.3758250407,98.7390688841,438.9579879783,3044.5086209722,4611.6385859887,4655.1737581462,,65588.2142001055,17449.9907402127,5020.7702001090,408.0634388297
2023-01-10,3548.0272372654,98.4537385071,438.6399024798,3015.0122033299,4621.5436119473,4669.2158163532,,66084.4179692090,17654.1410497083,5041.6584271140,404.8069948945
2023-01-11,3547.3208107373,98.5668867601,439.8062159744,3045.3058214490,4594.8000418589,4648.6928082044,,67483.7125980810,17736.7733178374,5053.0520054803,403.0237041681
2023-01-12,3553.8552561220,98.5767257386,439.5729532755,3090.7462486277,4593.1020374089,4645.9152582294,,68138.7015732977,17833.9078924148,5193.5728053321,411.5524859031
2023-01-13,3612.3120513203,98.4143825931,440.2515356724,3121.8370672236,4628.7601308601,4692.5163744771,,68108.9293471515,17989.3232117387,5298.0139403570,417.1349612205
2023-01-16,3664.2344011340,98.1930055765,442.4357227623,3108.2846591177,4667.6727328406,4731.0934574636,,68118.8534225335,17974.7530255521,5235.3492593421,420.4689395351
2023-01-17,3661.9385149177,98.2225225120,444.2594129539,3096.3266519654,4675.3137528659,4735.1054740942,,67880.6756133638,18081.6010575872,5252.4396268916,424.3456585056
2023-01-18,3649.9292639404,98.1782471087,443.6232419569,3150.5362843891,4684.5112769704,4747.6044489818,,69766.2499359573,18465.2826271681,5438.5347402088,436.9062279698
2023-01-19,3671.6518796788,98.2422004691,444.9592010507,3097.9210529191,4731.3478997178,4792.1995569142,,69150.9572622689,18523.5633719145,5436.6358104811,425.8963460937
2023-01-20,3691.4318224649,98.0896963021,449.0306954320,3062.0470314622,4774.0335752758,4823.2468743553,,69885.3388405421,18907.2449414953,5554.3694536001,437.2163654875
2023-01-30,3705.1677103646,98.4193020823,448.1612617360,3108.2846591177,4784.7402133695,4828.1652612767,,68803.6146238964,18455.5691697103,5516.3908590456,428.2999118554
2023-01-31,3671.3562939962,98.5914842063,444.7683497516,3113.8650624554,4802.4906923144,4843.0741216321,,68714.2979454578,18382.7182387773,5451.8272483029,419.0733207057
2023-02-01,3696.3626540186,98.4980139105,446.9949482413,3101.1098548263,4876.1692676175,4888.4155010634,,69170.8054130330,18601.2710315765,5501.1994212238,427.5245680613
2023-02-02,3681.2575369721,98.6898739915,450.4726830253,3089.9490481509,4880.3947175894,4894.7152035793,,68535.6645885805,18547.8470155589,5334.0936051839,414.1886548030
2023-02-03,3641.7383353967,98.7390688841,444.6199098523,3101.9070553031,4867.4366710088,4870.2846499201,,68366.9553070853,18547.8470155589,5353.0829024611,412.4053640766
2023-02-06,3590.0999120048,98.6505180774,438.7459309793,3126.6202700845,4851.6616577802,4844.4712347329,,67821.1311610714,18513.8499144568,5354.9818321888,402.0932916152
2023-02-07,3599.7601612788,98.8620561155,437.4947946851,3082.7742438595,4858.7040744001,4852.1537987767,,67741.7385580148,18547.8470155589,5379.6679186493,412.4668959811
2023-02-08,3588.3435030459,98.7981027552,437.5796174847,3081.9770433827,4824.0553846302,4811.4362093446,,68118.8534225335,18630.4114039497,5339.7903943670,421.9889358094
2023-02-09,3638.0498765830,98.9112510081,438.4490511807,3044.5086209722,4942.7905288417,4886.1107318503,,68118.8534225335,18387.5749675061,5335.9925349116,428.4917922776
2023-02-10,3612.9332284706,98.8522171370,435.5226645942,3071.6134371840,4908.0009907394,4868.7481371113,,67900.5237641280,18096.1712437739,5184.0781566935,425.3951939594
2023-02-13,3639.2793628542,98.8817340725,437.9825257828,3094.7322510118,4945.4666471573,4886.7253369738,,67632.5737288121,18018.4635841119,5197.3706647875,430.5819961424
2023-02-14,3650.5203801912,98.9210899866,437.6220288845,3093.9350505350,4956.3119687519,4902.8587214657,,68158.5497240618,18062.1741426718,5189.7749458766,438.8653966435
2023-02-15,3624.7011684953,98.9260094758,436.4769210898,3059.6554300317,4951.1005804532,4890.7202702765,,68118.8534225335,17790.1973338550,5185.9770864212,435.3043085776
2023-02-16,3599.0575976952,99.0686746643,436.2860697907,3057.2638286013,4865.7464910200,4829.5670604880,,67989.8404425666,17955.3261106366,5239.1471187975,444.5166885742
2023-02-17,3543.2037928020,99.0194797717,434.9925220966,3051.6834252635,4823.9145362978,4791.3078915499,,68357.0312317032,17999.0366691964,5163.1899296885,436.8526077367
2023-02-20,3641.7383353967,98.7685858196,437.1555034866,3081.9770433827,4874.7607842935,4861.2192243484,,68873.0831515709,18237.0163769111,5189.7749458766,430.8916559742
2023-02-21,3644.0216670432,98.7586583308,436.5193324896,3074.8022390913,4884.0567742317,4882.2694498284,,69567.7684283159,18241.8718125812,5307.5085889957,424.2339695901
2023-02-22,3609.2447696569,98.8579332186,437.8340858835,3088.3546471972,4907.1559007450,4888.4155010634,,69518.2540023882,18222.4500699008,5318.9021673620,422.6856704310
2023-02-23,3607.8396424898,98.8827519405,436.7738008884,3061.2498309854,4890.8174941869,4879.8110293344,,69330.0991838632,18139.9076635090,5292.3171511739,414.0926100981
2023-02-24,3572.1845406240,98.9919543170,438.0461428825,3076.3966400449,4879.4087792626,4870.2846499201,,68933.9837764422,18096.2087424781,5353.0829024611,427.2531529503
2023-02-27,3557.9576280568,99.0118092946,437.0494749871,3049.2918238331,4844.6192411603,4842.0128142389,,67636.7058171384,17843.7260876327,5261.9342755302,424.1565546322
2023-02-28,3582.3717125856,99.1011566936,437.5160003850,3009.4317999921,4885.6061058881,4875.2014909081,,68379.4222060528,17926.2684940245,5334.0936051839,424.3887995060
2023-03-01,3629.7947544761,99.1607216262,438.9762917808,2985.5157856876,4916.0293456861,4906.8536547685,,69399.4193801619,18135.0522278389,5455.6251077583,431.6658055538
2023-03-02,3623.9986049117,99.0217367834,438.5106916256,2978.3409813962,4902.6487541083,4902.2441163422,,69102.3328245962,18110.7750494884,5434.7368807534,432.7496149651
2023-03-03,3630.8485998514,99.0813017160,440.6270559675,2999.8653942703,4888.8456175333,4895.7907625454,,69141.9443653383,18232.1609412410,5470.8165455802,439.9492060549
2023-03-06,3603.2729791966,99.2748877471,443.6746206197,3015.0122033299,4898.9866974659,4889.1837574678,,68636.8972208765,18052.5098214472,5484.1090536742,441.7297500878
2023-03-07,3554.2691692431,99.4138725900,444.1613844183,3034.1450147735,4821.8018113119,4822.0381477251,,68914.1780060712,18071.9315641276,5504.9972806792,451.1743749583
2023-03-08,3543.3794336979,99.3691988905,438.9974554243,3029.3618119126,4838.8444595320,4830.7962707350,,68211.0731578989,18003.9554647461,5514.4919293179,437.1622675685
2023-03-09,3533.0166208403,99.4684737782,438.9128008506,3045.3058214490,4844.1966961631,4823.2673579721,,68617.0914505054,17960.2565437152,5467.0186861247,434.0656692503
2023-03-10,3482.6076837197,99.5627849216,441.8968745726,3028.5646114358,4787.7165148715,4765.4944763628,,68141.7529616002,17736.9065028904,5444.2315293920,422.6856704310
2023-03-13,3521.5999626075,99.4784012670,445.7063303878,3036.5366162040,4811.8015797116,4795.3028248527,,68597.2856801344,17901.9913156739,5512.5929995901,427.7950576560
2023-03-14,3502.9820276430,99.6173861098,451.1665503897,3001.4597952239,4771.8006533106,4760.8849379365,,67884.2779467765,17741.7619385605,5328.3968160007,409.9122023686
2023-03-15,3500.8743368924,99.5280387109,451.3570231805,3003.8513966544,4793.9138414971,4785.0081890340,,67993.2096838173,17843.7260876327,5335.9925349116,404.5705702697
2023-03-16,3461.0038535252,99.7414797195,455.5262609339,2985.5157856876,4722.6445853037,4728.6181689526,,65774.9634022596,17610.6651754677,5244.8439079807,383.6498107425
2023-03-17,3490.5115240348,99.6968060200,457.6002979889,2950.4389647075,4752.5044317721,4763.3433584305,,66567.1942171017,17702.9184531997,5421.4443726593,386.8033075830
2023-03-20,3474.3093514712,99.7613346971,470.9122296990,2869.1245160720,4748.1235921234,4753.9360367462,,66160.0250446563,17518.4118977357,5561.9651725110,370.3435923667
2023-03-21,3512.1731243101,99.6521323206,467.2509193876,2901.8097356216,4798.7152241952,4800.9726451679,,67063.7419883765,17649.9827242277,5556.2683833279,379.0349373173
2023-03-22,3525.0291960182,99.6769510425,460.7536808582,2871.5161175024,4822.8805009669,4830.2741389388,,67609.9445367788,17688.9666728180,5579.0555400606,387.2647949255
2023-03-23,3561.4840842864,99.6074586211,463.8647364407,2825.2784898469,4840.4038595616,4856.9539201091,,67878.0803332672,17771.8075635722,5556.2683833279,389.9568044235
2023-03-24,3557.9618728595,99.5032199889,466.3408827206,2795.7820722046,4845.0673340263,4864.5106211342,,69278.3450482621,18000.8382615398,5763.2517236500,390.7259499943
2023-03-27,3538.9419311544,99.7216247420,463.6319363631,2779.0408621914,4847.1870951466,4854.9490810616,,68771.8663215618,18010.5842486874,5738.5656371896,390.4952063231
2023-03-28,3530.4886237299,99.7166609976,461.5578993081,2808.5372798337,4824.1523576391,4848.4719087544,,68841.3830095403,18215.2499787861,5787.9378101105,399.7249531733
2023-03-29,3530.1364025872,99.7414797195,463.2298271381,2818.1036855555,4809.0313949808,4827.9608631148,,68801.6591878383,18215.2499787861,5875.2885775859,404.7243993839
2023-03-30,3568.7046177115,99.6422048318,464.4361548130,2815.7120841251,4820.0541528065,4860.1925062627,,69179.0354940072,18220.1229723599,5953.1446964227,402.4938772284
2023-03-31,3578.3906991354,99.7265884864,466.8699738061,2798.9708741119,4856.9379963001,4894.1205516817,,68722.2115444344,18239.6149466550,5905.6714532295,405.6473740689
2023-04-03,3602.5178474095,99.5677486660,460.9653172924,2900.2153346679,4903.7140583553,4939.6149762207,,68672.5567673069,18171.3930366221,5981.6286423386,438.1822317161
2023-04-04,3620.6572362579,99.6372410874,466.3408827206,2924.1313489725,4910.9212461645,4946.5548036928,,68603.0400793284,18200.6309980648,6074.6761989972,448.7195260368
2023-04-06,3608.5056068352,99.6223498542,473.1979031881,2868.3273155952,4917.4218469335,4943.7788727039,,68046.9065755006,18108.0441201630,5979.7297126109,449.3348424935
2023-04-07,3635.0983031081,99.8208996297,473.3460486920,2844.6677556645,4964.6218612127,4978.9406652290,,68563.3162576264,18215.2499787861,5943.6500477841,455.3341779461
2023-04-10,3621.1855679719,99.8755008180,468.5630652795,2828.8947157107,4925.6182565987,4950.7187001760,,68265.3875948615,18142.1550751794,5918.9639613236,452.1806811056
2023-04-11,3612.2039288334,100.0343406384,470.7217569082,2837.5698876853,4926.6074784549,4947.3258956341,,68404.4209708185,18015.4572422612,6002.5168693436,452.7190830052
2023-04-12,3607.8011645498,100.0988693154,474.9544855918,2804.4465037823,4947.6637722501,4962.9019528492,,68384.5590599675,17947.2353322283,5898.2995480729,456.7186399737
2023-04-13,3587.1962277026,100.0343406384,474.9333219484,2844.6677556645,4922.7919084383,4941.1571601034,,68692.4186781579,18020.3302358350,5880.2619347760,462.2564880838
2023-04-14,3605.8639482650,99.9995944277,477.2401590810,2800.5032437939,4949.0769463303,4953.3404127766,,69566.3427556015,18249.3609338026,5972.4541805155,458.2969514879
2023-04-17,3657.4643456688,99.8457183517,472.0339028001,2809.9670677662,4952.8925163469,4976.9358261815,,69685.5142207075,18293.2178759666,6004.5210485988,460.5484526895
2023-04-18,3664.3326579512,99.9598844726,470.1080112491,2835.2039316922,4932.1188573677,4965.0610102849,,69298.2069591131,18517.3755803604,5954.4165672186,455.8125363689
2023-04-19,3632.4566445379,100.0045581721,469.8117202412,2752.3954719349,4914.4541813650,4946.2463669162,,68990.3473409228,18541.7405482293,5886.2744725416,450.9213441033
2023-04-20,3614.8455874036,99.9896669389,470.4028111496,2716.9061320388,4914.8781335891,4938.0727923380,,68871.1758758168,18712.2505112319,5792.0780475469,440.2073039025
2023-04-21,3571.3462762816,100.1683617368,468.2706618014,2685.3600521313,4814.2601390776,4823.3740910729,93.9602311142,68185.9399514575,18405.3325778272,5737.9652076563,430.2696434264
2023-04-24,3529.6030381457,100.2279266695,466.8773760887,2705.8650040712,4780.1275452582,4795.0858669064,94.1164896838,67867.7322690240,18351.7437323121,5675.8356507449,430.0367295090
2023-04-25,3511.2077128655,100.2229629251,470.8461293309,2701.1330920851,4701.7647986146,4721.3509875217,94.1457881656,67698.6844377312,18317.6417397116,5699.8858018074,440.9060456547
2023-04-26,3506.2551252900,100.3569840236,472.4716293291,2738.1997359765,4713.8534255923,4739.1277404132,94.1750866474,67052.3250827881,18229.9509015959,5665.8147544689,432.3658686830
2023-04-27,3535.7937726150,100.5654612878,473.4638176396,2720.8493920273,4727.0798056973,4769.8892519385,94.5266684289,66187.1979461720,17962.0066740204,5597.6726597919,408.4533731624
2023-04-28,3565.5092980677,100.5207875883,469.9172721891,2757.9160359187,4791.6472956723,4834.1947232677,94.3801760199,67032.4371026360,17996.1086666209,5631.7437071304,412.8010996207
2023-05-04,3567.2780793447,100.6498449424,480.5357981510,2735.8337799834,4782.2608323719,4835.7405278670,94.8294194074,66545.1815889097,17942.5198211058,5347.1502528911,385.7830852013
2023-05-05,3548.6615684932,100.9427058613,483.3434799660,2774.4777278702,4729.8857286572,4788.1199234707,95.1712350284,66435.7976980732,17849.9572697615,5381.2213002296,384.3856016969
2023-05-08,3585.8945901961,100.7441560858,477.4747916610,2794.9826798101,4753.7185415192,4814.0242913345,94.8294194074,67092.1010430923,17986.3652401636,5479.4260837347,398.9815405211
2023-05-09,3556.6400731438,100.8086847628,478.3403176340,2781.5755958494,4704.3403783440,4769.6611224180,94.8977825316,66694.3414400504,17806.1118507037,5437.3383193753,400.3013860531
2023-05-10,3532.8818592953,100.9675245832,480.1558111384,2745.2976039557,4712.0467968743,4766.8690348638,94.9954441376,66863.3892713432,17825.5987036182,5397.2547342712,403.2516290070
2023-05-11,3526.3217554715,101.0965819373,480.0713695801,2747.6635599487,4706.4810501580,4751.0472053901,95.1712350284,64944.1991866661,17567.3979025000,5419.3007060785,398.2827987689
2023-05-12,3478.9826278778,101.0171620271,476.5670449088,2789.4621158262,4652.3934089921,4702.9612530681,95.0735734224,64248.1198813428,17411.5030791833,5254.9580071516,384.1526877794
2023-05-15,3540.1511635325,100.9625608388,478.5936423091,2765.0139038979,4678.9377394851,4758.9581201270,94.9563794952,64616.0475141565,17650.2170273870,5220.8869598130,383.8421358896
2023-05-16,3524.0168541279,100.9724883276,477.3692397131,2798.1372878008,4637.8368406572,4726.8491132539,94.9956055117,63999.5201294416,17650.2170273870,5218.8827805578,389.9324208334
2023-05-17,3501.4997410029,100.8930684174,475.2370903649,2740.5656919695,4653.1069662634,4725.2979535016,94.9269599828,64188.4559408865,17903.5461152766,5264.9789034276,386.6945478253
2023-05-18,3494.4077368690,100.8930684174,474.3504540022,2751.6068199372,4675.0845302200,4732.1230564118,94.9563794952,65391.6787400882,18000.9803798495,5363.1836869327,399.3376709998
2023-05-19,3490.8617348020,101.0027402147,472.4716293291,2723.2153480204,4702.7705523471,4737.8623474954,95.0936705530,65322.0708095559,17956.8001716634,5403.2672720368,403.8861116540
2023-05-22,3508.4144450334,101.0575761133,474.4982267293,2712.9628720504,4693.9224421828,4726.2286493530,95.0838640489,64634.4700641921,17676.9921864844,5254.9580071516,390.8575274071
2023-05-23,3453.9833133058,101.2769197079,472.4716293291,2750.8181679395,4647.3985080929,4677.0568852043,95.2701876274,63996.6954597968,17637.7208903189,5337.1293566150,397.4103656378
2023-05-24,3410.7220880891,101.2719346262,474.8782137419,2717.6947840365,4635.9815917518,4647.8950818607,95.3094136439,63627.9820166307,17230.2811926021,5375.2087624639,406.2759703029
2023-05-25,3397.9564806481,101.1672479106,472.8727267312,2708.2309600643,4621.5677348712,4627.5748891052,95.1623160819,63239.3381170773,17328.4594330158,5429.3216023545,409.7451199544
2023-05-26,3405.0484847820,101.0575761133,470.2339280329,2721.6380440250,4663.6676138789,4671.0073621703,94.9367664869,64405.2698157376,17853.7130192290,5401.2630927816,402.3442673645
2023-05-29,3390.8644765142,101.1871882374,470.4028111496,2700.3444400874,4656.2466182572,4665.7334190124,95.1132835613,64983.2530509708,17696.6278345671,5479.4260837347,410.2076732413
2023-05-30,3391.3963768243,101.1273672570,469.3050708911,2694.0352241059,4679.5085853022,4690.3968590743,94.9956055117,64574.6786950301,17632.8119782982,5455.3759326722,408.3574600938
2023-05-31,3360.3688587385,101.2170987275,475.8915124420,2664.8551001914,4671.6594553177,4679.5387408080,95.1819290902,64694.2614333542,17686.8100105257,5377.2129417192,388.4676687583
2023-06-01,3366.9289625624,101.3467108516,476.0181747795,2716.1174800412,4686.3587351068,4689.9315111486,95.3094136439,65491.4796888484,17966.6179957047,5531.5347443701,390.0095130479
2023-06-02,3413.3815896393,100.9927700513,477.4114604922,2679.8394881475,4718.3261008619,4728.2451570310,94.8288949415,66019.6367831133,18143.3388284494,5573.6225087294,399.5689476432
2023-06-05,3398.6656810615,101.1672479106,472.0916423165,2759.4933399141,4717.8979664991,4715.5256470619,95.0446380324,65541.3058298168,17750.6258667946,5555.5848954325,406.8927080187
2023-06-06,3363.3829604954,101.3168003614,475.2793111440,2764.2252519002,4615.1457194293,4624.0072216749,95.1917355943,66218.9413469869,17770.2615148774,5489.4469800107,404.7341260133
2023-06-07,3352.5676541913,101.3965616686,476.1448371171,2742.9316479626,4617.2863912433,4630.9874405603,95.3486396604,66308.6284007300,17775.1704268980,5525.5222066044,403.7319272251
2023-06-08,3378.4534692799,101.3217854431,473.3582656917,2745.2976039557,4594.1671356526,4621.8355980216,95.2701876274,66428.2111390541,17888.0754033738,5467.4010082034,412.9059007480
2023-06-09,3397.7791805448,101.5859947730,477.4536812714,2755.5500799256,4626.7053472246,4660.7697078049,95.6330282802,66846.7507231885,18089.3407962218,5483.4344422451,405.1195870857
2023-06-12,3398.4883809582,101.5760246096,477.6225643881,2765.8025558956,4647.5412195471,4665.8885349876,95.7310933215,66597.6200183466,17858.6219312497,5393.2463757608,396.6394434930
2023-06-13,3424.1968959435,101.8402339394,478.8680773737,2793.4053758147,4666.6645544184,4684.5024520155,96.1429664950,67105.8466562242,17991.1625558082,5489.4469800107,391.5513573374
2023-06-14,3422.4238949100,101.8900847563,475.9337332212,2790.2507678239,4685.6451778355,4686.6740756687,96.4273551148,67494.4905557776,18172.7923005735,5603.6851975575,404.2715727264
2023-06-15,3478.8053277744,101.5411290377,471.9649799790,2835.2039316922,4714.6156030510,4726.0735333777,95.8683843793,67614.0732941017,18128.6120923873,5617.7144523439,397.7958267102
2023-06-16,3511.8585343708,101.2819047896,475.5115254295,2890.4095715304,4756.1446362417,4770.0898175200,95.4957372224,68391.3610932085,18324.9685732147,5615.7102730887,408.1711042616
2023-06-19,3485.2373031121,101.1423225021,476.2926098442,2921.9556514380,4767.0443435165,4751.4256687671,95.2701876274,68211.9869857224,18118.7942683459,5509.4887725628,407.2488573681
2023-06-20,3477.7333318848,101.2769197079,476.8414799734,2961.3882513225,4770.1995219382,4748.6260464541,95.4761242141,68331.5697240465,18207.1546847183,5567.6099709638,411.0146988497
2023-06-21,3424.8482013306,101.3666511784,474.8148825731,3011.8619791746,4679.1295993131,4649.8615926368,95.6134152719,68690.3179390189,18054.9784120771,5587.6517635158,423.6187397269
2023-06-26,3388.2216751022,101.4214870770,474.0760189376,2986.6251152485,4608.8551708308,4580.4931731052,95.8095453545,68251.8478984971,17848.8041072083,5501.4720555420,417.5472810117
2023-06-27,3409.8402588760,101.3317556065,473.7804734834,2958.2336433317,4645.5699742828,4606.1563776404,95.6722542967,68261.8643129230,18023.0602142522,5533.5389236253,417.4704271039
2023-06-28,3414.3069084161,101.4663528123,471.9227591998,2949.5584713571,4634.5268498070,4612.8443642769,95.8879973876,67791.0928349029,17993.1877387589,5493.4553385211,410.3998675874
2023-06-29,3399.4776319431,101.5062334658,472.3449669915,2946.4038633664,4655.1789267488,4608.8004653804,95.9272234041,67340.3541857346,17903.5703122792,5503.4762347972,417.0093036572
2023-06-30,3419.1308899193,101.6856964068,473.3343694984,2962.1769033202,4714.8404823582,4660.4379435967,96.2018055198,67410.4690867163,17933.4427877725,5573.6225087294,419.6991904298
2023-07-03,3458.7947378350,101.5760246096,474.2185164194,3127.0051708372,4721.0074220005,4681.9017146626,96.0252884454,68372.0448716086,18042.9751979143,5617.7144523439,423.1576162802
2023-07-04,3466.8347070071,101.4414274038,474.6605898799,3136.4689948094,4742.3765849472,4695.1221533625,95.8193518587,68221.7986552192,17903.5703122792,5601.6810183023,421.9279537556
2023-07-05,3438.9628138772,101.6109201814,475.5026345666,3147.5101227771,4708.5301255149,4671.6364328485,96.1429664950,67871.2241503105,17744.2504429820,5595.6684805367,425.0021100671
2023-07-06,3413.4135785081,101.5510992011,475.3973789808,3142.7782107909,4686.5872937643,4640.0629145415,96.0743209661,67911.2898080144,17789.0591562218,5629.7395278752,428.7679515487
2023-07-07,3400.1922958695,101.6308605082,474.5132320597,3128.5824748325,4670.3811500531,4627.9312178521,96.2116120239,67720.9779339211,17769.1441725597,5756.0028209532,430.9967148746
2023-07-10,3417.3442301033,101.6707411618,475.8394524413,3134.8916908141,4675.6875864895,4641.3071911250,96.3783225941,67861.2077358846,17913.5278041103,5770.0320757396,435.9153649730
2023-07-11,3442.1788015460,101.7405323055,475.9657591443,3149.8760787701,4711.9721383385,4681.2795763708,96.4469681230,68241.8314840711,18062.8901815765,5860.2201422239,436.2227806042
2023-07-12,3423.4188734778,101.7455173872,475.8815546756,3194.8292426384,4649.4422387094,4633.9970661968,96.5842591809,67861.2077358846,18023.0602142522,5906.3162650937,441.3719924260
2023-07-13,3481.3066515169,101.6956665702,480.3022892806,3170.3810307101,4696.6264978332,4705.8540388954,96.4960006437,68722.6193765172,18227.1887967893,5900.3037273281,445.4402907909
2023-07-14,3479.3413257192,101.6607709984,477.8603596893,3172.7469867031,4690.4595581909,4686.4122172778,96.4665811313,69403.7355574825,18222.2100508738,5968.4458220051,448.6642253443
2023-07-17,3448.2534449205,101.8402339394,479.2707845395,3205.0817186084,4671.6719048620,4671.1698291297,96.7313567428,68852.8327640547,18142.5501162251,5816.1281986094,439.6065044563
2023-07-18,3444.5014593068,101.9199952465,480.9548739128,3208.2363265991,4671.8153220629,4664.0152387744,96.8784543048,68622.4552322576,18172.4225917184,5836.1699911614,440.2973475748
2023-07-19,3443.6081293988,101.8701444295,486.7860333681,3276.8490503981,4661.7761179940,4660.7490127426,96.8294217841,68872.8655929066,18177.4013376339,5860.2201422239,448.2804236118
2023-07-20,3416.8082321585,101.9648609817,486.2387043217,3302.8745663218,4600.9672247767,4610.9779494016,96.9470998337,68612.4388178316,18197.3163212961,5896.2953688176,448.0501425722
2023-07-21,3410.9122547656,102.0496073706,483.4389057385,3277.6377023958,4586.9123390802,4616.2755958139,97.3491665030,68832.7999352028,18242.1250345359,5918.3413406249,451.9649202442
2023-07-24,3391.3399883064,102.1193985143,483.2283945669,3283.9469183773,4577.3189841023,4609.2640049741,97.6139421146,68402.0941148865,18222.1664732290,5842.1825289271,452.5790030163
2023-07-25,3493.1157738946,101.5461141194,480.8075160927,3340.7298622109,4651.7748734833,4689.6635799374,96.7411632469,69153.3251968335,18361.8764023775,5900.3037273281,461.7134842508
2023-07-26,3483.1517109698,101.7654577140,482.7863211063,3367.5440301323,4630.8699506956,4678.2892214639,97.1824559328,69333.8821816817,18292.0214378032,5910.3246236041,462.6346084089
2023-07-27,3478.8813982878,101.8701444295,483.9230814334,3399.8787620376,4596.9352472662,4646.3475298603,97.3393599989,69213.5108584496,18381.8349636844,5924.3538783905,463.0184101415
2023-07-28,3566.7786676595,101.7554875506,480.2812381635,3370.6986381231,4634.5927451646,4715.0611200906,97.1824559328,69313.8202944763,18351.8971217240,6110.7425491247,466.2423446948
2023-07-31,3580.4792541809,101.6856964068,479.9444202888,3354.1369461716,4671.1047678419,4747.9376904729,97.0647778832,69745.1508693913,18341.9178410706,6028.5711996613,468.8521964761
2023-08-01,3566.2448785742,101.7056367336,481.6285096622,3399.8787620376,4659.9363844347,4751.5213924577,97.1334234122,70818.4618348774,18531.5241734864,6038.5920959373,475.5303466224
2023-08-02,3536.9595351728,101.7853980407,481.2074873188,3421.9610179729,4651.3371292503,4733.1372517170,97.2805209741,69634.8104897619,18486.6174105458,5978.4667182811,479.7521656804
2023-08-03,3566.4223655039,101.9150101648,478.9550177820,3377.1709522926,4651.0504874108,4744.0430979191,97.4472315443,69073.0776480121,18421.7520862983,5816.1281986094,464.7838981112
2023-08-04,3583.2836238259,101.9449206550,478.2813820326,3414.7946074640,4680.1446341181,4771.3077134244,97.5452965856,69564.5938845432,18461.6692089122,5844.1867081823,477.5261156316
2023-08-07,3563.4050876989,102.0047416353,479.5865512970,3377.1709522926,4668.6789605389,4759.4670804050,97.6139421146,69243.6036892576,18446.7002879320,5798.0905853125,482.5922985012
2023-08-08,3548.1412117442,102.0446222889,479.5865512970,3364.6297339021,4648.9006736147,4742.0177264816,97.5551030898,68942.6753811774,18431.7313669518,5814.1240193542,476.9887932061
2023-08-09,3544.4139862204,102.0296670438,479.2918356566,3427.3358258545,4616.3668248337,4710.3907724955,97.6041356104,68812.2731143426,18491.6070508726,5844.1867081823,484.5880675104
2023-08-10,3542.4616299937,101.9947714719,477.4603884631,3437.1896403042,4607.1942859703,4704.4704559857,97.5158770732,68802.2421707399,18466.6588492389,5858.3617972181,491.4197383497
2023-08-11,3451.4108350547,102.0545924522,479.5023468283,3456.8972692035,4521.7750178051,4604.6040643350,97.6237486187,68411.0353702357,18386.8246040112,5939.3623059940,492.9549452799
2023-08-14,3430.8223512088,102.1443239227,479.6918068828,3478.3965007300,4533.3840123041,4609.9011896331,97.9277502467,68150.2308365661,18182.2493506151,5825.9615937077,504.0851955237
2023-08-15,3427.0951256850,102.3985630892,479.8181135858,3506.1663414518,4493.2541547768,4586.5315192000,98.6564965780,68732.0255655212,18436.7210072785,5850.2617463405,508.8443370072
2023-08-16,3399.7621385104,102.5082348865,481.1232828502,3493.6251230613,4442.9485119480,4551.9444069590,98.9716301267,67759.0240360619,18416.7624459716,5799.6364283555,502.1661868610
2023-08-17,3413.6061190274,102.4135183343,480.8706694442,3549.1648045049,4484.2249368332,4582.0133829163,98.6269528078,68190.3546109769,18426.7417266250,5795.5864029167,501.3010610888
2023-08-18,3362.8448571316,102.5132199681,479.0181711335,3592.1632675579,4390.9230180823,4508.0094265448,98.9026946629,68210.4164981822,18361.8764023775,5919.1121788000,502.3234824559
2023-08-21,3314.3909253220,102.7475188078,481.1022317330,3662.0357700191,4338.1809196179,4451.7664197025,99.6215930708,68711.9636783159,18451.6899282587,6060.8630691578,513.4914696970
2023-08-22,3337.6417131134,102.6725133191,480.4917493352,3559.9144202681,4359.8223784986,4464.5418395393,99.5920493006,68882.4897195613,18636.3066203478,6081.1131963518,503.4245516205
2023-08-23,3287.9453727959,102.6575122213,481.9442764197,3564.3934268361,4281.5691563205,4391.6284677880,99.6806806112,69343.9131252843,18686.2030236151,6056.8130437191,497.9192057975
2023-08-24,3310.1312390091,102.6725133191,484.2177970737,3580.5178504810,4283.5756491968,4401.4437293699,99.8185515387,69283.7274636683,18591.0186114305,6054.7880309997,490.0544260502
2023-08-25,3301.7893533129,102.5075012439,482.5968610518,3650.3903529423,4214.9249286412,4352.8348148690,99.5723534538,69344.0879057740,18591.0186114305,6139.8385652144,497.1327278227
2023-08-28,3334.2694614490,102.4524972189,482.7231677548,3691.5972133681,4233.4133272877,4399.1067623266,99.4935700666,69313.9076847211,18621.0768468572,6083.1382090712,501.2224132913
2023-08-29,3369.0568996713,102.3024862414,484.3230526595,3712.2006435810,4370.7147683989,4495.7014001167,99.2473719817,69605.6498215654,18711.2515531374,6036.5629165251,498.4697403798
2023-08-30,3366.9270565148,102.4124942915,485.8790093278,3705.0342330722,4391.4963017612,4495.2340067081,99.2670678285,69796.7912215668,18811.4456712265,6216.7890485515,506.8850547093
2023-08-31,3351.6631805602,102.4224950234,487.4139395546,3705.9300343858,4378.8840608241,4473.2665165009,99.3360032923,69847.0915899882,19016.8436133091,6190.4638831993,506.0199289371
2023-09-01,3369.4118735307,102.1174727026,486.6569876619,3677.2643923504,4373.4378658740,4479.9658220251,98.8633029693,70148.8938005168,19367.5230266210,6241.0892011843,514.4352432667
2023-09-04,3422.8354393721,101.9524606274,488.6755260424,3611.8708964572,4441.5153027506,4544.4661124205,98.2527317188,69756.5509268297,19001.8144955958,6147.9386160920,522.8505575962
2023-09-05,3395.5024521974,101.9124577001,488.8437375741,3660.2441673919,4415.8608581171,4508.3210221506,98.0754690977,69464.8087899854,19016.8436133091,6131.7385143368,527.0975386597
2023-09-06,3387.5155403607,101.6874412340,488.0657592400,3704.1384317586,4427.7564944555,4507.3862353333,97.7209438554,69907.4520320939,19157.1153786339,6226.9141121485,539.9957774452
2023-09-07,3337.8192000431,101.5974346475,487.9396005912,3705.9300343858,4354.9494672275,4441.4837647119,97.4550499237,69635.8300426183,19212.2221435829,6158.0636796889,544.0068151163
2023-09-08,3318.4731247052,101.6924415999,490.7991966301,3638.7449358654,4353.6595789498,4437.9004152455,97.7209438554,69163.0065794569,19001.8144955958,6099.3383108264,543.1416893441
2023-09-11,3345.6286249502,101.7524459908,490.4838000082,3675.4727897232,4417.8673509934,4486.9767231550,97.6126166981,69494.9890110383,19187.1736140606,6190.4638831993,539.8384818502
2023-09-12,3342.6113471452,101.7974492841,490.7150908643,3634.2659292974,4423.0269041041,4493.9876242850,97.6323125449,69666.0102636711,19297.3871439586,6392.9651551391,547.7032615975
2023-09-13,3318.6506116349,101.9424598956,491.6612807301,3578.7262478538,4366.9884244856,4449.8968460678,97.7997272426,69545.2893794597,19172.1444963472,6360.5649516287,556.7477583068
2023-09-14,3316.8757423379,102.0774697753,496.2240185276,3564.3934268361,4354.9494672275,4447.5598790245,98.3216671826,69887.3318847254,19347.4842030031,6433.4654095271,572.7919089911
2023-09-15,3291.8500852494,101.8174507477,493.8270042008,3638.7449358654,4347.3534584812,4453.1711552440,97.6323125449,70199.1941689382,19372.5327325254,6467.8906257568,576.5522098066
2023-09-18,3307.0435112855,101.7174434294,491.3038312253,3609.1834925164,4358.9609223088,4466.8876082248,97.4255061535,69867.2117373568,19232.2609672007,6399.0401932973,576.0617357872
2023-09-19,3300.5068047351,101.7474456249,493.9111099667,3530.3529769191,4327.1478732999,4448.1833541600,97.5141374641,69203.2468741940,19277.3483203408,6401.0652060167,571.8927066222
2023-09-20,3286.1967174220,101.7274441613,495.5721988423,3572.4556386586,4289.8893474336,4417.7889413048,97.4353540769,69152.9465057726,19347.4842030031,6372.7150279451,564.6173420011
2023-09-21,3254.2198556482,101.8774551387,495.0465378057,3537.5193874280,4257.3597883119,4382.0949897980,97.6323125449,68921.5648110340,19447.6783210922,6287.6644937304,560.1213301566
2023-09-22,3324.1802825123,101.6224364771,494.6260089764,3549.1648045049,4345.6338342105,4462.9908886279,97.0512850645,68619.7626005055,19658.0859690793,6332.2147735572,568.7046254961
2023-09-25,3296.0901111199,101.5674324520,495.6773310496,3530.3529769191,4321.5590944200,4432.2847382050,96.8050869796,68266.6764947987,19547.8724391813,6295.7645446080,565.8435270496
2023-09-26,3279.4833431269,101.6074353793,494.7521676252,3559.9144202681,4304.2195496899,4420.2828418468,96.8346307498,67782.4441212579,19547.8724391813,6190.4638831993,557.7507057295
2023-09-27,3287.4333916342,101.6274368430,490.8622759545,3588.5800623035,4335.0294845408,4442.2603403729,96.9035662136,67590.7688067314,19633.8082631963,6222.8640867097,573.2823830105
2023-09-28,3269.2366139398,101.7924489182,483.0824926132,3579.6220491674,4352.7989353386,4438.3636207760,97.3171789962,67832.8849935018,19659.0835055537,6271.4643919752,586.1164531849
2023-10-09,3260.0498912202,101.8074500159,478.1412788694,3464.0636797123,4338.4687330824,4409.6837645435,97.4255061535,67994.2957846820,19376.0007911513,6012.2627638923,536.9055599049
2023-10-10,3235.8464102092,101.7074426976,473.7046997207,3399.5659851327,4323.2787186907,4391.9147231820,97.2679393792,67046.0073864980,19229.4043854786,5957.5874204686,537.2325425845
2023-10-11,3242.7364522488,101.4974273292,473.5154617475,3392.3995746239,4328.0076854353,4380.8480395270,96.9626537539,67520.1515855900,19320.3952579651,5939.3623059940,541.4833174193
2023-10-12,3277.1866624471,101.5724328179,476.9427717060,3417.4820114049,4365.6961173692,4415.6067783306,97.0217412943,67530.2397600388,19315.3402094936,5862.4118226569,530.0389236333
2023-10-13,3242.7364522488,101.6674397703,478.2674375182,3469.4384875940,4359.3908283765,4398.4612121046,97.2088518388,67056.0955609468,19148.5236099350,5850.2617463405,536.8238142350
2023-10-16,3205.4595581369,101.7624467227,484.8697401376,3480.1881033572,4308.6619123893,4353.5710023493,97.3762665366,67217.5063521270,19194.0190461783,5904.9370897642,554.4808789335
2023-10-17,3215.8829550687,101.6124357452,487.1826486985,3479.2923020436,4303.7896436222,4356.0649028912,97.1793080687,66460.8932684696,18986.7620588480,5874.5618989732,550.9376068583
2023-10-18,3191.6794740576,101.5574317202,491.9556509106,3487.3545138661,4230.7056121153,4307.7455798907,97.0118933709,67288.1235732684,19118.1933191062,5872.5368862538,561.8970297886
2023-10-19,3124.0157278734,101.2574097653,495.4460401935,3503.4789375110,4188.1449114142,4261.6084198644,96.5785847415,67056.0955609468,19183.9089492354,5850.2617463405,563.1330549311
2023-10-20,3100.1655823515,101.4774258656,501.1442058300,3505.2705401382,4146.4440228485,4227.8083823238,96.9331099838,66743.3621530351,19138.4135129921,5844.1867081823,573.3508627759
2023-10-23,3055.4448839237,101.5974346475,500.4293068202,3481.0839046708,4028.3686684467,4101.9538646611,97.1596122219,66319.0174345326,19057.5327374486,5765.2112121258,564.9458918068
2023-10-24,3068.1216173363,101.4874265974,499.5882491617,3456.8972692035,4081.0064025649,4139.9594368266,96.8346307498,67177.8103172162,19128.3034160492,5854.3117717793,558.0241510087
2023-10-25,3086.2563887460,101.7224437954,498.2425569081,3489.1461164933,4127.3161030733,4164.8811234924,96.9134141370,67612.2584813973,19367.2800934958,5872.5368862538,545.0046861742
2023-10-26,3098.0527934494,101.6774405021,501.1231793885,3500.7915335702,4156.9428058830,4189.4912890750,96.8149349030,67238.4309912880,19321.5186020699,5904.9370897642,550.7728035059
2023-10-27,3145.4144780049,101.6924415999,501.6894913692,3519.6033611559,4247.6925606059,4273.2904604890,96.6573681287,67571.8446986828,19224.9110090595,5902.9120770448,552.0912303246
2023-10-30,3158.7954743849,101.7324445272,502.5704211170,3576.0388439130,4296.5910021365,4305.0656109880,96.7263035925,68016.3963085425,19519.8183982490,5969.7374967849,549.7839833919
2023-10-31,3152.1049761949,101.8974566024,503.0947840621,3507.9579440790,4275.0181602848,4295.4084574050,96.9823496007,68006.2928628639,19540.1568388828,5981.8875731013,538.7421587854
2023-11-01,3148.9357928417,101.9224584319,501.1441539063,3544.6857979368,4268.6901266750,4289.0222751968,97.0611329879,67975.9825258280,19560.4952795165,5955.5624077492,532.7268364252
2023-11-02,3132.5927475415,102.1024716048,502.0460581719,3580.5178504810,4227.4467438085,4253.0023469786,97.4648978471,68107.3273196502,19529.9876185659,5929.2372423970,534.7868783294
2023-11-03,3160.3583513849,102.0624686775,501.5007207090,3618.1415056525,4286.7160807250,4286.9951796694,97.4353540769,68440.7410270450,19519.8183982490,6000.1126875759,541.2142090705
2023-11-06,3202.8854154994,102.1024716048,499.1515747149,3688.9098094273,4377.4226815046,4359.0350361058,97.4648978471,68289.1893418656,19565.5798896750,5937.3372932746,532.1500246920
2023-11-07,3192.8687103154,102.0524679457,497.0960719700,3672.7853857824,4385.6425165514,4361.6858533340,97.4058103068,68107.3273196502,19499.4799576152,5892.7870134478,513.3624425257
2023-11-08,3181.0946884324,102.1574756299,494.8308240471,3698.7636238770,4391.8434447446,4356.5401493029,97.6224646215,68198.2583307579,19596.0875506256,5896.8370388866,500.9197894244
2023-11-09,3183.9063951508,102.1224730685,491.7475699298,3689.8056107409,4364.4439945886,4347.8080454924,97.6126166981,67824.4308406486,19474.0569068230,5874.5618989732,489.9603664941
2023-11-10,3156.3165229773,102.1874778254,494.3274356198,3608.2876912028,4357.8104434982,4328.6286031944,97.8391189362,67925.4652974349,19423.2108052386,5904.9370897642,491.6084000174
2023-11-13,3155.6135962977,102.2024789231,492.8801938913,3635.1617306110,4392.7086905390,4350.1470018702,97.9868377871,67905.2584060776,19199.4879582673,5874.5618989732,490.0427681702
2023-11-14,3155.0864012880,102.0924708730,494.4952317622,3667.4105779008,4415.0608735611,4361.2180620585,97.7898793192,68178.0514394006,19285.9263309608,5945.4373441522,498.2829357870
2023-11-15,3175.9984700055,102.0824701412,496.0263715620,3706.8258356994,4436.8362260535,4390.0651907181,97.8588147830,68471.0513640809,19316.4339919114,5998.0876748565,497.3796542620
2023-11-16,3142.9609160653,102.2074792890,494.8517985649,3696.0762199362,4390.2571607882,4350.6147931457,98.0656211743,68551.8789295100,19285.9263309608,6119.5884380204,486.2118099530
2023-11-17,3137.6889659685,102.2074792890,496.5087854715,3615.4541017117,4436.6920184211,4359.5028273814,98.2133400252,68622.6030492604,19184.2341277920,6101.3633235458,464.8615193623
2023-11-20,3147.3542078127,102.2024789231,490.8037166286,3571.5598373450,4480.3869310383,4391.7804253951,98.1739483316,68622.6030492604,19280.8417208023,6105.4133489846,481.7775188303
2023-11-21,3153.5048162590,102.1074719708,489.7340162206,3609.1834925164,4442.8929466143,4379.4619218054,98.0853170211,68986.3270936911,19234.9834820372,5894.8120261672,482.4344508485
2023-11-22,3118.0070189403,101.9973722608,488.8111374372,3580.5178504810,4393.2855210686,4327.6930206432,97.8588147830,68814.1145297274,19122.8855650558,5850.2617463405,485.4727614326
2023-11-23,3138.2161609782,101.7171184534,488.1399528674,3543.7899966232,4453.5643114119,4375.7195916009,97.3463617750,68682.4225690493,19082.1226861535,5846.2117209017,475.4545481554
2023-11-24,3112.5593371735,101.7871819053,488.6013922591,3555.4354137001,4384.6330631246,4327.6930206432,97.4153458338,68935.6763395841,19133.0762847814,5836.0866573047,479.2319072599
2023-11-27,3090.4171467668,101.6770821953,492.9850664803,3495.4167256885,4384.7772707570,4324.2625512891,97.2281033886,68986.3270936911,19265.5556412140,5746.9860976512,469.2958104850
2023-11-28,3095.6890968637,101.9172997444,494.5791298334,3492.7293217477,4396.3138813490,4336.2691940285,97.6420077411,68581.1210608353,19168.7438038209,5704.4608305438,469.0494609782
2023-11-29,3073.0197114473,101.9873631962,498.6272117697,3479.2923020436,4380.0184188878,4318.6490559824,97.8391050519,68976.1969428697,18873.2129317790,5676.1106524723,475.1260821463
2023-11-30,3077.5887348645,102.0073813253,498.8998805012,3480.1881033572,4352.1863458346,4302.2763613377,97.9672183039,69107.8889035478,18954.7386895837,5823.9365809883,483.9946643917
2023-12-01,3061.2456895643,102.0624311803,498.9628040546,3457.7930705171,4392.7086905390,4316.1541691794,97.9573634383,69249.7110150473,18883.4036515046,5732.8110086154,467.8177134441
2023-12-04,3038.7520358178,101.9873631962,505.0873632536,3443.4708506984,4368.4818082958,4305.3949698415,97.8686696485,69472.5743331180,18949.6433297209,5714.5858941408,454.2684905692
2023-12-05,2969.8652212191,102.0924583739,498.1447978602,3445.5168821011,4296.0895768310,4238.3448870110,98.0756218248,68783.7240772632,18796.7825338372,5730.7859958960,455.8287041123
2023-12-06,2979.8819264031,102.0624311803,497.1799700412,3473.1383060371,4324.6426880462,4262.6700333402,97.9672183039,68935.6763395841,18832.4500528767,5769.2612375646,455.0075390896
2023-12-07,2976.5430246751,102.1525127612,498.0189507534,3467.0002118291,4336.4677139030,4270.1546937492,98.0362023626,68358.2577427647,18786.5918141116,5737.0419775991,439.6517531647
2023-12-08,2983.5722914709,102.1475082289,498.3545430383,3496.6676671679,4326.8058025322,4286.8392492442,98.1051864214,68885.0255854772,18842.6407726023,5793.4256825386,450.4090149624
2023-12-11,3003.7814335088,102.3426849876,494.5791298334,3496.6676671679,4377.1342662398,4333.4624463752,98.3614129253,69239.5808642259,18730.5428556209,5783.3571637994,456.6498691351
2023-12-12,3011.1621636443,102.3076532617,492.7962958201,3559.0716249494,4383.1909868006,4342.8182718864,98.2530094044,69057.2381494408,18781.4964542488,5803.4942012779,455.4181216010
2023-12-13,2959.3213210254,102.5678889399,491.8734170366,3542.7033737280,4342.5244344638,4298.6899615584,98.8048818745,68692.5527198707,18674.4938971302,5628.3019752157,427.9090933398
2023-12-14,2945.6142507737,102.4477801653,499.4032689285,3487.4605258559,4326.2289720026,4288.0866926457,98.6669137570,69087.6286019050,19005.6922882116,5598.0964189981,434.8889960330
2023-12-15,2940.1665690069,102.6229387949,498.6272117697,3482.3454473492,4287.7316356164,4257.6702824675,99.1399473028,69523.2250872250,19097.4087657419,5716.9049401207,446.6560038174
2023-12-18,2933.4815735170,102.5678889399,498.0399252712,3453.7010077118,4235.8691862207,4220.5120906519,99.2286410926,69543.4853888677,19270.6510010768,5767.2475338167,451.1503470684
2023-12-19,2939.4628852711,102.6229387949,499.0886511614,3457.7930705171,4240.5179211805,4212.2024528197,99.3074800169,69371.2728249041,19352.1767588814,5769.2612375646,454.1738143463
2023-12-20,2911.1396149061,102.5728934722,500.1583515695,3432.2176779837,4172.9659912953,4170.6542636588,99.4060286723,69887.9105167951,19423.6623722388,5892.0971661829,460.0573182386
2023-12-21,2939.9906480730,102.6829931822,500.2632241585,3432.2176779837,4191.2703851997,4182.7267563584,99.8396427559,69877.7803659737,19398.1317960397,5948.4808711224,461.6916248753
2023-12-22,2944.9164342234,102.7630656986,502.9060134019,3398.4581598396,4156.8406919034,4172.3789054730,99.9973206045,69948.7017031583,19571.7397141933,5966.6042048530,462.9990701847
2023-12-25,2952.1291925151,102.9482333927,504.2274080236,3420.9645052690,4153.0635947485,4167.5185512693,100.7068709232,69989.2281815495,19515.5724465554,5944.4534636267,452.4577923778
2023-12-26,2932.0742060455,102.9382243281,504.8566435577,3414.8264110610,4094.2280429130,4131.6146444095,100.3422408983,70242.5186714943,19643.2253275506,5934.3849448875,456.7069896333
2023-12-27,2939.8147271390,103.0182968445,506.1151146260,3441.4248192957,4120.6677229971,4141.3353528170,100.3619506294,70171.5973343097,19735.1354018672,6012.9193910533,469.6997273952
2023-12-28,3018.9791474139,102.8981880699,507.1638405162,3437.3327564904,4215.3856978039,4223.8045886609,100.2436922429,70252.6502910921,19934.2738962198,6031.0427247839,461.1196175524
2023-12-29,3025.3123010358,102.9382243281,505.1712613248,3389.2510185276,4281.7754439491,4258.1406393260,100.2042727808,69827.1222679848,19918.9555505004,5976.6727235922,443.4691058758
2024-01-02,2980.2765419462,102.8181155536,507.2038485302,3322.7549979407,4237.3219158956,4228.6649428646,100.1352887220,69867.6487463760,20174.2613124909,5982.7138348357,454.0920990145
2024-01-03,2975.7025976636,102.9081971345,506.6590313411,3319.6859508367,4219.7438868287,4224.2749455193,100.1549984531,69513.0420604532,19750.4537475866,5918.2753149048,440.1187772705
2024-01-04,2946.8515644968,102.9081971345,504.6264441357,3334.0081706554,4187.6385610123,4192.2906791464,100.2831117051,69290.1464293018,19622.8008665914,5936.3986486354,457.6875736153
2024-01-05,2932.7778897813,103.0433195059,505.4017609048,3278.7653227832,4114.7115313298,4140.8649959585,100.6773063266,69290.1464293018,19602.3764056321,5940.4260561310,451.6406390594
2024-01-08,2884.7514748145,103.0182968445,504.7102621648,3229.6605691191,3980.6245823319,4022.0214963964,100.6674514610,69178.6986137261,19535.9969075146,5815.5764237649,449.5977557635
2024-01-09,2896.0104145870,103.1984600063,503.9768544103,3234.7756476258,4004.7398949361,4041.1493419723,101.3080177209,69117.9088961393,19367.5391343377,5753.1516075818,441.2627919162
2024-01-10,2883.5200282769,103.0583331027,502.7614929885,3216.3613650017,3983.8205876168,4028.4497067948,101.1207752757,68702.5124926298,19398.1678203699,5783.3571637994,456.0532669786
2024-01-11,2900.5843588695,103.0833557640,503.1596286266,3207.1542236897,4064.1565386415,4083.9518160890,101.0320814859,69087.5140373459,19454.3204114288,5773.2886450602,454.9092523329
2024-01-12,2890.7327865686,102.8631563440,503.7254003230,3148.8423287135,4032.0512128251,4067.4893260442,100.5886125367,69057.1191785526,19428.7965064020,5817.5901275127,465.7773914671
2024-01-15,2885.2792376164,102.9232107313,506.6590313411,3142.7042345055,4016.9428242056,4059.3364738314,100.8349841751,68560.6698182607,19280.7578572466,5803.4942012779,454.0103836827
2024-01-16,2903.9268566144,102.8731654086,506.4075772539,3153.9574072202,4004.4493490011,4055.5736189640,100.8349841751,68702.5124926298,19199.0813611608,5867.9327212088,454.4189603418
2024-01-17,2834.4380877065,103.0283059090,502.5519479157,3124.2899518814,3883.4369670777,3933.5944070124,101.1207752757,68611.3279162497,19224.6052661876,5853.8367949739,451.4165493539
2024-01-18,2858.0114928550,102.9482333927,501.5670860739,3097.6915436467,3882.1295103702,3954.9172512610,101.1207752757,68763.3022102166,19188.8717991501,5884.0423511915,454.6623990706
2024-01-19,2873.4925350421,103.0883602963,503.2853556703,3106.8986849587,3841.3409398053,3943.3151154198,101.4755504351,68661.9860142387,19051.0427120054,5938.4123523832,459.5311736457
2024-01-22,2817.6535375999,103.2184781354,501.7347221321,3108.9447163614,3556.4099504803,3700.2231356941,102.1752458882,68803.8286886078,19086.7761790429,5968.6179086008,454.3378140989
2024-01-23,2847.0798029187,103.1133829577,502.0490397412,3117.1288419721,3679.8064202758,3823.5214268525,102.0569875017,69006.4610805636,19066.3570550214,6022.9879097925,463.2639008199
2024-01-24,2892.9918674823,103.1534192159,501.5042225521,3142.7042345055,3748.1309572509,3895.0471797338,102.1653910226,69280.0148097040,19423.6917253967,6069.3030959929,462.2089996620
2024-01-25,2955.2124646322,103.2435007968,499.5973623903,3120.1978890761,3907.0149559495,4030.2929797254,102.0471326362,69786.5957895936,19260.3387332251,6055.2071697580,464.4810944637
2024-01-26,2949.3626649001,103.1884509418,501.5670860739,3076.2082139186,3840.8991863335,3976.6088400349,102.0471326362,69776.4641699958,19454.3204114288,6081.3853184799,477.4644933306
2024-01-29,2919.5818662643,103.3035551841,502.9500835539,3019.9423503451,3727.6630463899,3897.4366815004,102.2836494091,69685.2795936157,19403.2726013752,6069.3030959929,484.0373390070
2024-01-30,2869.4154018955,103.5437727332,503.9558999030,3011.7582247344,3612.9543948735,3797.5555076551,103.0818935176,69887.9119855715,19347.1200103163,6055.2071697580,475.5981297435
2024-01-31,2846.9025362601,103.6638815077,504.5635806139,3062.9090098012,3480.4283533269,3709.6218426429,103.8998473572,70262.7819106899,19408.3773823806,6008.8919835576,474.9489598001
2024-02-01,2848.3206695285,103.5888135236,505.8837145721,3102.8066221534,3459.8131913086,3702.7719375785,103.6140562566,69908.1752247671,19296.0722002627,5918.2753149048,467.1589204800
2024-02-02,2801.8015313028,103.6188407173,507.9582107920,3065.9780569052,3315.0579944471,3587.0804558039,103.6140562566,69533.3052996488,19204.1861421662,5886.0560549393,456.6099089006
2024-02-05,2779.7848399288,103.7139268305,504.4168990630,3061.8859940999,3014.8139506995,3452.3756107292,104.1067995334,69442.1207232687,19209.2909231715,5892.0971661829,451.2542568680
2024-02-06,2910.6421104339,103.3736186359,503.5996732794,3071.0931354119,3405.2504703495,3875.0201186608,103.1311678453,68955.8029825746,19245.0243902090,5922.3027224005,454.0132291273
2024-02-07,2944.3773633457,103.5037364750,505.1083978030,3050.6328213852,3572.6655950409,4131.8616534084,103.6534757187,69036.8559393570,19290.9674192573,5940.4260561310,455.8795927144
2024-02-08,2977.2248464439,103.3435914423,506.6171223266,3076.2082139186,3712.3521238351,4117.3599356372,103.2691359628,68854.4867865967,19301.1823874433,5952.5082786181,464.4810944637
2024-02-19,2994.4475808252,103.5087410073,503.6415822939,3112.0137634654,3693.1210008741,4095.4462287830,103.7828636075,69239.4883313128,19178.6027692113,6012.9193910533,482.8201453632
2024-02-20,3006.8763582137,103.5888135236,503.3482191921,3095.6455122440,3718.7624981555,4106.7253426050,104.0594861854,69229.3700369491,19091.7755396303,5954.5219823659,485.8780062838
2024-02-21,3067.2447055295,103.6038271205,503.3482191921,3070.0701197106,3728.0053634545,4114.6207222805,104.0594861854,69876.9408762307,19352.2572283733,5954.5219823659,479.2794642972
2024-02-22,3092.9900301201,103.7287834924,502.9710380612,3057.7939312946,3818.1978393569,4156.5145736195,104.2669531189,70079.3067635062,19204.1401896763,6004.8645760620,483.7053156297
2024-02-23,3095.6533395605,103.7337817473,501.8185401612,3064.9550412039,3888.7119568805,4178.1060200788,104.5534550746,70190.6080015077,19255.2150306063,5962.5767973573,485.7975362596
2024-02-26,3058.7221153202,103.8437433546,504.5216715993,3057.7939312946,3887.2211721549,4163.7654325051,105.0474239637,69866.8225818669,19199.0327055833,5906.1930924177,477.5091237642
2024-02-27,3104.8861456205,103.8137538254,504.3959445557,3100.7605907507,4014.6832661987,4276.2343103306,105.2845290305,69816.2311100480,19239.8925783273,5984.7275385835,484.5100158720
2024-02-28,3068.8426911938,103.9936910010,504.2495002748,3089.5074180360,3814.6199560153,4169.4049894161,105.6204278751,69573.3920453174,19193.9252214903,5980.7001310879,488.2921070107
2024-02-29,3120.8660022630,104.0536700595,504.8143567868,3090.5304337373,3975.7737848590,4307.3324384399,106.0452411197,69806.1128156842,19331.8272920013,5980.7001310879,487.6483468168
2024-03-01,3142.7051396742,103.6038271205,506.9273385537,3157.0264543242,4019.1556203757,4336.4970041797,104.8695951636,69735.2847551378,19372.6871647453,5948.4808711224,487.7288168411
2024-03-04,3134.7152113530,103.8337468449,513.3918075237,3213.2923178977,4012.7452460553,4331.9853586509,105.7587391640,69988.2421142322,19439.0844579543,5950.4945748702,498.1094499664
2024-03-05,3147.6766506297,103.9237154327,520.2537681133,3207.1542236897,3959.0769959316,4297.9868869873,105.3734434305,69866.8225818669,19469.7293625123,5851.8230912260,491.0280878344
2024-03-06,3147.3215427043,104.1586334120,523.7475102427,3198.9700980790,3984.1221793227,4304.4320948857,105.9859648530,69897.1774649582,19464.6218784193,5898.1382774264,490.2233875921
2024-03-07,3130.2763622857,104.0886578437,529.1659486351,3217.3843807030,3933.4354986503,4247.7142653805,105.8970504530,70322.1458282368,19541.2341398142,5865.9190174609,493.5226585854
2024-03-08,3143.5929094877,104.0186822754,529.5843608662,3308.4327781220,3986.3583564112,4307.1713082424,105.6006691195,70777.4690746066,19612.7389171162,5863.9053137131,497.1438096757
2024-03-11,3187.2711843103,103.9487067071,531.6973426331,3287.9724640953,4072.0784781366,4395.7929168442,104.9585095636,70271.5543564179,19592.3089807442,5827.6586462519,489.5796273983
2024-03-12,3194.5508967807,103.7537747668,530.0655349319,3298.2026211086,4090.8623656799,4372.7512986077,103.7729842297,70656.0495422413,19592.3089807442,5829.6723499998,500.2016705963
2024-03-13,3176.2628386233,103.8487416095,528.8939806849,3292.0645269006,4112.6278226745,4364.2113981425,104.4250231634,71181.6739451307,19648.4913057672,5841.7545724868,500.6844907417
2024-03-14,3165.7871548244,103.6788009436,529.6471227008,3341.1692805647,4089.9678948445,4349.7096803713,104.3361087633,72344.1125284437,19561.6640761862,5938.4123523832,508.4900830917
2024-03-15,3175.0261789602,103.8187520802,531.5508983522,3367.7676887995,4161.4287478589,4406.6045489191,104.6621282302,73920.9857371117,19720.0788061658,5980.7001310879,518.7097761685
2024-03-18,3205.0530074014,103.8687346290,527.2412523722,3341.1692805647,4242.2171227405,4471.5810749311,105.0573033415,73617.7408892909,19694.5280432659,5978.6864273400,508.3291430432
2024-03-19,3182.4884676852,104.0636665693,528.4755684538,3362.6526102928,4198.5883914264,4422.4445975489,105.7389804085,73708.7143436372,19638.3163648860,6000.8371685663,513.6799761279
2024-03-20,3184.7982237191,103.8887276485,529.0195043542,3400.5041912423,4234.2435959831,4433.5972848495,105.2647702749,73405.4694958164,19709.8585010058,5962.5767973573,516.5986123559
2024-03-21,3184.0875295548,104.0336770400,539.4379689079,3462.9081490238,4232.7391569723,4410.8070108005,105.1067002304,74032.1755146460,19914.2646042053,5863.9053137131,513.4367564422
2024-03-22,3144.9993505189,103.7737677863,536.0697504478,3392.3200656316,4181.4377867030,4337.4255610257,104.2175562299,73071.9001632135,19827.3920103455,5886.0560549393,508.6534359575
2024-03-25,3137.7147353350,103.7587730217,537.0530191908,3323.7780136420,4088.6138997347,4278.2678283879,104.2669531189,73082.0083248076,19883.6036887254,5896.1245736785,509.9506076143
2024-03-26,3147.3091065529,103.7287834924,537.8689230414,3332.9851549541,4062.7375487484,4256.9322526825,104.0891243188,72778.7634769868,19919.3747567853,5886.0560549393,514.2474887278
2024-03-27,3113.5511337492,103.8737328839,540.1911109238,3336.0542020581,3924.1787158509,4162.5384935009,104.5435756968,72869.7369313330,19842.7224680855,5944.4534636267,508.2480698147
2024-03-28,3128.6533847403,103.8637363741,543.9359003919,3298.2026211086,4024.0734661701,4216.0390659137,104.5534550746,73284.1715566881,19904.0442990453,5972.6453160965,514.6528548706
2024-03-29,3144.1109828136,104.0736630790,555.7560459196,3336.3785880907,4071.0119633080,4273.9037333573,105.3240465416,73314.4960414701,20144.2214703046,5968.6179086008,523.3276903260
2024-04-01,3198.4790863817,103.7487765119,558.6221697025,3366.5175093923,4168.4996112098,4367.3276936432,104.5238169412,73890.6612523296,20205.5433012645,6049.1660585145,523.6519832402
2024-04-02,3188.8847151638,103.8737328839,559.3543911068,3332.3600652505,4142.1719285203,4349.3864140727,104.7708013858,74022.0673530520,20246.4245219044,6079.3716147321,527.2192052967
2024-04-03,3175.5591995834,103.9886927461,566.4464784235,3308.2489282092,4118.4017921492,4341.4663897578,105.1067002304,74780.1794726039,20363.9580312440,6075.3442072364,535.8129675236
2024-04-08,3146.4207388475,104.0736630790,580.2750026604,3338.3878495108,4023.1708027636,4272.1257687151,105.3536846750,76357.0526812720,20650.1265757232,6037.0838360274,535.6508210665
2024-04-09,3141.6235532386,104.2036177059,582.5553493197,3350.4434180314,4085.7554656141,4310.9177245432,105.5907897417,76781.5954682211,20675.6773386232,6002.8508723141,541.0016541511
2024-04-10,3116.9269310295,104.1036526083,584.5009661942,3336.3785880907,4009.3299638639,4258.2253178767,105.1560971193,77457.3299876445,20956.7357305224,6000.8371685663,537.1101391805
2024-04-11,3117.1046045706,104.1386403925,580.7770973377,3302.2211439488,4027.2327880928,4285.7029532550,104.5830932079,76922.7937260110,20910.7443573025,5974.9714911156,541.9745328938
2024-04-12,3084.7680200955,104.3585636071,596.7604445646,3340.3971109309,3993.5333542502,4253.5379565475,104.8893539192,77568.2714759081,21191.8027492018,5945.1264786724,542.9474116365
2024-04-15,3150.5072302922,104.3785566266,589.8357221403,3372.5452936526,3958.7808131000,4319.6459146045,104.8893539192,77628.7850149609,21140.7012234019,5982.9301611004,537.9208714660
2024-04-16,3121.7241166385,104.4235409205,593.0993375427,3400.6749535342,3802.4695998747,4200.8455498811,105.3141671638,77386.7308587495,20609.2453550834,6030.6821810094,542.5616297033
2024-04-17,3165.6094812833,104.4285391754,593.9152413933,3302.2211439488,3978.6394080430,4317.0597842160,105.3833228083,77578.3570657502,20808.5413057028,6038.6408509942,538.6536227666
2024-04-18,3170.5843404333,104.5734885669,591.5512122877,3337.3832188007,3979.3916275484,4326.4345068744,106.1341555198,79454.2767763885,20910.7443573025,5949.1058136648,523.0215950201
2024-04-19,3146.2457930786,104.5385007827,594.4591772937,3368.5267708124,3947.3071172919,4286.8733458912,106.1440348976,80049.3265770748,20798.3210005428,5949.1058136648,530.5933584598
2024-04-22,3140.5608769082,104.6084763510,584.1243951862,3353.4573101616,3945.3303465178,4252.9869416063,106.5194512533,80230.8671942334,20972.0661882624,5939.1574761838,515.5312483915
2024-04-23,3117.4659049658,104.8084065462,569.9192999414,3378.5730779130,3916.8952592289,4203.8597621886,107.0430582758,78687.7719483858,20645.0164231433,5929.2091387027,519.2764217058
2024-04-24,3129.9016590886,104.4435339400,576.3628482999,3412.7305220548,4010.8679006436,4256.8782033424,105.8081360530,80059.4121669170,20696.1179489431,5933.1884736952,530.1862744039
2024-04-25,3138.6066869746,104.4335374303,575.6097062839,3392.6379078537,4013.7570271596,4253.4733493233,105.4722372083,80846.0881746040,20936.2951202025,5881.4571187937,529.4535231033
2024-04-26,3186.7508207930,104.1586334120,580.1076377680,3401.6795842442,4112.1393879936,4356.1053776119,104.9782683192,81794.1336197652,21079.3793924421,5905.3331287482,531.8960274387
2024-04-29,3225.8346194648,103.7487765119,576.8440223656,3390.6286464336,4224.9673814074,4446.4150770696,104.1187624521,81632.7641822910,20987.3966460023,5903.3434612520,527.4995196350
2024-04-30,3206.8256810199,104.0786613339,574.7938024334,3414.7397834749,4176.3084085066,4411.7179932564,104.9189920525,82883.3773227165,21028.2778666422,5877.4777838013,525.7897666002
2024-05-06,3247.6860159950,104.0786613339,571.2516090594,3491.0917174391,4250.2092235997,4477.7073068637,104.5435756968,81995.8454166081,21202.0230543617,5823.7567614037,504.2957284487
2024-05-07,3248.7553890657,104.3385705876,572.8143414303,3607.6288798054,4256.7967951174,4470.7012150875,104.9486301859,81188.9982292368,21089.5996976020,5827.7360963961,502.9930594698
2024-05-08,3221.1299180703,104.3885531364,571.9600477342,3610.6427719355,4183.2611130597,4413.6748866760,105.1067002304,80220.7816043912,20864.7529840827,5795.9014164567,497.7009667431
2024-05-09,3252.6764236587,104.1786264315,571.0224083117,3587.5362656043,4261.0863765708,4493.6746788189,104.5732138301,80311.5519129705,21043.3895678505,5789.9324139681,502.3417249804
2024-05-10,3252.6764236587,104.2585985095,584.8786353333,3539.3139915217,4215.7393726352,4480.6400894677,104.4250231634,81663.0209518174,21176.0910300780,5785.9530789757,508.5294026300
2024-05-13,3251.6070505879,104.4085461559,580.9405497587,3575.4806970836,4169.9327706867,4450.9863986938,105.1462177415,81844.5615689759,21022.9739582770,5746.1597290515,500.7133887568
2024-05-14,3244.8343544728,104.4285391754,577.8150850170,3552.3741907524,4190.0018839150,4443.1656450831,105.2746496527,82980.5934394211,21002.5583487036,5736.2113915705,503.7351462815
2024-05-15,3222.3775199862,104.4035479010,582.3990999715,3581.5084813440,4154.7660362623,4403.8989446627,105.0766719383,82518.1379877355,20956.6232271633,5762.0770690212,499.9783666562
2024-05-16,3228.6155295658,104.2336072351,588.0249365066,3566.4390206931,4147.8720660694,4381.5772103988,104.6510198522,83040.9137157280,21232.2339564051,5803.8600864416,499.4883519224
2024-05-17,3269.6081639462,104.2136142156,588.4833380021,3608.6335105154,4236.1148845387,4448.3794808236,104.3540532806,84699.7213141656,21431.2861497464,5827.7360963961,503.8984845261
2024-05-20,3274.9550293001,104.3085810583,603.0480036985,3599.5918341249,4243.0088547316,4459.4588817721,104.6708176237,88137.9770636546,21380.2471258127,5895.3847912672,508.7169627411
2024-05-21,3263.5483832117,104.2385618727,596.1511448351,3596.5779419948,4195.2106613941,4432.2491765015,104.6015254236,87554.8810593553,21533.3641976137,5885.4364537862,500.3050431453
2024-05-22,3267.2911889595,104.3035796879,597.2971485737,3638.7724318171,4197.3554521207,4418.7257900496,104.8984919953,86680.2370529063,21819.1827316422,5865.5397788241,494.5882045851
2024-05-23,3234.1406237649,104.3886029847,583.1283750779,3638.7724318171,4104.9762515357,4338.8889302737,105.3340429670,83523.4759261826,21211.8183468316,5853.6017738468,492.0564617941
2024-05-24,3198.3166258934,104.3335879103,577.6692299957,3605.6196183853,4053.0416760824,4293.5937322783,105.1657619098,84498.6537264762,21288.3768827321,5891.4054562748,489.1980425139
2024-05-27,3223.6251219021,104.3735988735,579.0235980505,3604.6149876752,4087.2051283718,4335.9561476696,105.3241440813,83975.8779984837,21344.5198090591,5913.2917987331,495.5682340525
2024-05-28,3204.9110931633,104.4936317631,579.2111259350,3576.4853277937,4043.6965164876,4301.4144858890,105.8289872531,85051.5895926221,21630.3383430876,5887.4261212824,498.5899915772
2024-05-29,3204.7328643181,104.5286413559,583.1075386463,3525.2491615809,4047.5264999281,4309.5611042335,106.0170660818,85926.2335990711,21967.1959010498,5923.2401362141,506.1035508279
2024-05-30,3195.6431932164,104.5136372447,577.3775199532,3497.1195016994,4053.1948754201,4307.1171187302,105.8190883674,83302.3015797242,22008.0271201968,5992.8784985814,499.4066828001
2024-05-31,3182.9889452120,104.3786002439,580.1487653575,3511.1843316402,4070.5064005711,4303.2067419248,105.3835373956,82940.3799218833,21982.5076082299,5959.0541511459,492.3014691609
2024-06-03,3183.7018605926,104.5586495783,574.6271109805,3462.9620575575,4000.3411039411,4268.6650801442,105.6805039673,81945.0953628207,21609.9227335142,5879.4674512975,486.5846306007
2024-06-04,3205.9804662341,104.6036619119,579.5028359775,3482.0500410486,4035.7301509313,4323.5732877860,105.8091894817,82407.5508145063,21839.5983412157,5817.7877589150,467.0657103735
2024-06-05,3193.8609047651,104.6986879495,576.7732634364,3503.1472859597,3990.5363463334,4275.0194424529,105.9279761103,80487.3553520724,21554.7782417494,5835.6947663809,465.7590044169
2024-06-06,3194.2173624554,104.7036893199,585.6495833029,3518.2167466105,3907.9619033560,4242.9217661756,105.9774705389,81683.7074988244,21712.4465110968,5833.7050988847,471.2308356103
2024-06-07,3171.4040702785,104.7236948015,585.8162747558,3510.1797009301,3918.0730596390,4218.3189787752,106.1358527105,81965.2021215896,21661.5857790493,5857.5811088392,476.8660050482
2024-06-11,3151.6206684688,104.7887126167,567.5635606642,3493.1009788592,3963.2668642369,4235.1010125649,106.3536281964,80296.3411437675,21325.9049475355,5915.2814662293,488.0546748019
2024-06-12,3146.8084896503,104.7236948015,570.9598990168,3501.1380245396,3968.3224423784,4244.3881574776,106.2051449106,80306.3945231519,21208.9252638261,5931.1988061990,494.3431972182
2024-06-13,3134.6889281813,104.7487016535,571.3766276491,3432.8231362559,3943.6573490215,4223.2069497819,106.5318081394,80427.0350757656,21035.9987748645,5915.2814662293,493.6898442399
2024-06-14,3148.9472357918,104.7837112463,571.4183005123,3473.0083646581,3966.9436483398,4245.6916164127,106.7693813967,79974.6330034644,20964.7937499979,5907.3227962445,492.3014691609
2024-06-17,3143.6003704379,104.7937139871,572.4392856613,3414.7397834749,3963.1136648993,4234.7751478311,106.9475613397,78526.9463721006,20639.2850648936,5831.7154313885,491.6481161826
2024-06-18,3152.1553550042,104.8837386543,573.0852150412,3377.5684472029,4006.1626787706,4257.9115439295,107.2247301399,78788.3342360969,20735.9204557840,5849.6224388544,501.0400652459
2024-06-19,3143.6003704379,105.0037715439,575.5022411081,3389.6240157236,3948.7129271630,4211.1499546321,107.2940223400,79461.9106548564,20827.4697734695,5911.3021312369,506.5613949123
2024-06-20,3123.4605109380,105.0437825071,580.4613118317,3394.6471692738,3879.0072285458,4147.4433991782,107.6701799974,79813.7789333129,20949.5355303836,5915.2814662293,509.1984478873
2024-06-21,3112.5885513849,104.9387537287,583.1492115095,3349.4387873214,3872.6492171773,4160.3150561625,107.2247301399,79523.0000904654,20822.3837002648,5891.4054562748,508.9512241709
2024-06-24,3100.9039856419,105.0837934703,574.2312187798,3362.4989865521,3748.1252384245,4081.7223755774,107.6305844545,78881.2812648709,20710.4900897602,5911.3021312369,508.7864083599
2024-06-25,3080.9503426039,105.1788195079,575.2522039288,3373.5499243627,3728.2758370791,4047.5230501345,107.9374499119,78881.2812648709,20674.8875773269,5957.0644836497,512.6595799169
2024-06-26,3098.3873099434,105.1638153967,571.6475012600,3375.5591857828,3841.4794541271,4102.4392746437,107.8780565976,78690.7709885225,20669.8015041222,5933.1884736952,511.1762376185
2024-06-27,3082.9277306527,105.3338619903,568.2094900441,3378.5730779130,3748.9006056646,4034.8627229272,108.3631019979,77758.2733200806,20527.3914543890,5925.2298037103,509.5280795091
2024-06-28,3087.7813194998,105.3488661015,574.5854381172,3389.6240157236,3761.6166284015,4035.6848220965,108.3828997694,78580.4755653735,20669.8015041222,5967.0128211307,517.7688700559
2024-07-01,3099.6456477927,105.0037715439,574.4812559592,3381.5869700431,3794.0269790358,4084.3530929191,107.3435167686,78269.6430092262,20669.8015041222,5951.0954811610,516.6151593794
2024-07-02,3096.0503967948,105.2688441751,575.5855868346,3408.7119992146,3771.2311821782,4048.5095691376,107.6503822260,78901.3349781707,20746.0926021935,5969.0024886269,522.4661206676
2024-07-03,3090.2979951983,105.3988798055,578.9486707655,3396.6564306939,3746.7295773924,4011.6795263530,107.9077532547,79843.8595032626,20842.7279930838,6064.5065284450,524.3615024934
2024-07-04,3073.0407904086,105.2988523975,581.7720004852,3322.3137581499,3666.7116782188,3949.1999894861,107.6701799974,80084.5040628605,20771.5229682172,5984.9198285966,521.8892653293
2024-07-05,3060.2776493663,105.1638153967,583.2459446771,3353.4573101616,3704.8597464295,3980.6041777534,107.3138201114,80585.8468953562,20649.4572113031,5941.1471436800,523.7022392496
2024-07-08,3037.2680429800,104.9037441359,584.3254530994,3328.3415424102,3615.5374403752,3915.1650838771,106.9871568826,80144.6652027600,20695.2318701459,5913.2917987331,517.5216463395
2024-07-09,3072.3217402090,105.1138016927,582.1871960322,3273.0868533573,3695.8654864449,3991.1270471204,107.2940223400,80696.1423185053,20812.2115538553,5887.4261212824,516.0383040411
2024-07-10,3067.1086262622,105.1388085447,584.8029279784,3239.9340399255,3689.1973281804,3971.8899265588,107.3633145400,79793.7252200130,20446.0142831130,5863.5501113279,506.3965791013
2024-07-11,3106.1170995888,105.1588140263,586.9411850456,3199.7488115233,3784.8776456031,4049.1672484731,107.4227078544,80134.6383461101,20552.8218204128,5893.3951237710,515.2966328919
2024-07-12,3111.3302135357,105.2738455455,590.1381907577,3180.6608280323,3771.5413290742,4034.8627229272,107.7790677403,79162.0332510685,20364.9161106635,5887.4261212824,513.6484747825
2024-07-15,3110.7909258860,105.3688715831,589.9305929841,3119.3783547189,3728.5859839752,3997.5394206410,107.9770454548,79703.4835101638,20283.6595875287,5827.7360963961,510.1049348474
2024-07-16,3133.0814820726,105.4088825463,596.7813195100,3098.2811098078,3734.6338484476,4012.8304651900,107.9671465691,79492.9195205156,20171.9318682183,5797.8910839530,504.9956447084
2024-07-17,3139.7326964186,105.4638976207,603.6528058132,3125.4061389793,3713.6989329661,3988.1674901110,107.9869443405,78710.8247018224,20050.0470835161,5803.8600864416,499.8039466639
2024-07-18,3159.5065769068,105.3288606199,603.5697667038,3126.4107696893,3728.8961308712,4011.1862668514,107.7196744260,78590.5024220234,20075.4397469957,5831.7154313885,509.2808557927
2024-07-19,3173.5280557984,105.4889044727,587.4394197020,3162.5774752513,3740.9918598160,4003.9517941615,107.9869443405,76785.6682250389,19923.0837661180,5811.8187564264,503.1885856135
2024-07-22,3157.4352977239,105.7439743631,586.8789057135,3177.6469359021,3748.2269081890,3994.2025821663,108.3037086836,75805.0850238331,19755.4921871524,5799.8807514492,491.8273250090
2024-07-23,3100.8394182033,105.8990168455,583.9725368844,3168.6052595116,3637.1846440297,3875.7248702926,108.4620908552,74754.4601653982,19592.9791408828,5779.9840764871,488.2872220670
2024-07-24,3076.0674198189,105.8890141047,591.2799785120,3173.6284130619,3594.0889211123,3826.4830876728,108.5709785981,75044.6327453469,19623.4503370583,5772.0254065022,484.6647911497
2024-07-25,3056.3583116153,105.8640072527,576.7896539209,3156.5496909909,3601.1666858250,3823.0130291660,109.0065295699,73073.4603919024,19476.1728888765,5704.3767116311,482.0302959370
2024-07-26,3071.5469821576,105.9540319199,578.5542349958,3175.6376744820,3668.3268087656,3890.9270313698,109.3034961415,74194.1269075663,19552.3508793154,5764.0667365174,488.1225661162
2024-07-29,3057.8048516670,105.9790387719,582.5608720245,3115.3598318787,3647.8799329289,3866.1408991786,109.8083393133,74084.0614462065,19496.4870196602,5738.2010590667,483.0182316418
2024-07-30,3037.3724734375,105.9890415127,583.3705033412,3098.2811098078,3661.5636113734,3860.8531909778,110.2339913994,73463.6924821782,19247.6389175598,5668.5626966994,472.4802507912
2024-07-31,3114.0390961746,106.1440839950,587.7923359170,3107.3227861983,3849.5175854109,4040.3047880419,109.9667214849,74514.3173406131,19435.5446273091,5746.1597290515,477.8315691919
2024-08-01,3089.4479152966,106.2941251070,592.5878444851,3086.2255412871,3821.5210938806,3999.6555312484,110.4220702281,74824.5018226272,19537.1152812276,5770.0357390060,488.2872220670
2024-08-02,3052.3477558077,106.3391374406,595.8471295292,3098.2811098078,3765.3852182329,3945.2339343742,110.7685312284,73743.8591110942,19521.8796831398,5740.1907265629,478.9018328720
2024-08-05,3018.6861476860,106.5792032198,581.2114864967,3069.1468192162,3667.0681478895,3870.2383191695,111.8277120006,72252.9724072200,19191.7750579046,5624.7900117828,450.2516974346
2024-08-06,3012.5329505025,106.3391374406,575.2326706196,3036.9986364945,3713.2137405829,3912.2159533438,110.8279245427,70892.1630667710,19090.2044039861,5563.1103194003,451.1573051639
2024-08-07,3008.9134227475,106.5441936270,577.1840896906,2992.7948852521,3701.9548502694,3908.8975632905,111.3723632574,71432.4844225375,19217.1677213842,5563.1103194003,448.6874659021
2024-08-08,3014.7046671555,106.2191045510,577.2256092453,3005.8550844828,3716.3852589811,3922.0052040011,110.6794412569,70722.0618992149,19242.5603848639,5537.2446419496,454.7797360813
2024-08-09,3001.6743672374,105.9740374015,582.0003580361,2996.0576428776,3672.3011532465,3884.1755573934,110.3230813709,71712.6510514535,19425.3875619172,5503.4202945140,462.1892538669
2024-08-12,3002.7602255639,105.3388633607,586.7751068268,2976.4627596671,3666.4338442099,3894.1307275533,109.0263273413,72232.9605051546,19481.2514215724,5543.2136444382,467.7052282183
2024-08-13,3006.9226824822,105.5639250287,591.0931405158,2871.6301344912,3678.1684622831,3903.2563001999,109.7687437704,72323.0140644490,19293.3457118231,5574.9344664379,477.2552733641
2024-08-14,2981.4050118093,105.7189675111,589.8060343200,2852.0352512808,3639.7930896652,3838.2158551551,110.4121713424,72052.8533865657,19313.6598426068,5531.3183361883,472.8095626928
2024-08-15,3014.5236907678,105.5739277695,588.5189281243,2889.2655293806,3676.8998549238,3866.9199291162,109.9546073891,72873.3413712482,19506.6440850520,5491.6673086888,467.5405722675
2024-08-16,3017.9622421350,105.7239688815,589.3077996636,2876.5288552938,3652.1620114181,3851.6553348710,110.0938659835,73973.9959848466,19689.1386762843,5501.5800655637,470.6690353325
2024-08-19,3029.7257073388,105.8289976599,595.4942133142,2857.9137162439,3665.3238127705,3867.5836071269,110.7006355738,73943.9781317485,19881.7718559184,5331.0806473156,460.3834357842
2024-08-20,3004.2080366659,105.8440053173,596.0547273027,2882.4073202570,3597.2947431297,3792.9198309275,110.8697352957,73813.9007683232,19957.8112689319,5342.9759555654,450.6738298105
2024-08-21,2997.3309339314,105.5688649310,598.0891854831,2900.0427151464,3585.4015491365,3791.7583944088,110.3325950027,73953.9840827812,20109.8900949588,5392.5397399399,450.4269754214
2024-08-22,2987.7391853806,105.9140410520,596.2830848536,2884.3668085780,3546.7090246788,3745.3009336626,111.0189409326,73933.9830052740,20145.3751543651,5301.3423766909,442.5276349682
2024-08-23,3005.8368241557,106.0040869966,594.3316657826,2869.6706461702,3548.1362079580,3748.6193237159,111.1979876970,73503.9598388697,20069.3357413516,5303.3249280659,448.6989946973
2024-08-26,3004.9319422169,106.0541125213,598.0891854831,2895.1439943437,3559.3950982715,3755.5879428278,111.1581995271,75174.0498107189,20201.1373905749,5416.3303564396,463.0165492686
2024-08-27,2989.9109020336,105.7939797925,598.0064021085,2917.6781100358,3522.1297570929,3716.7627792042,110.5116417670,75014.0411906615,20175.7909195704,5430.2082160645,469.3524785903
2024-08-28,2969.2795938300,105.9540614718,597.1785683627,2941.1919698883,3528.4727938893,3719.0856522415,110.8697352957,74594.0185630108,20180.8602137713,5366.7665720652,460.2188661914
2024-08-29,2963.6693258097,105.8840257371,597.0130016136,2937.2729932462,3589.6830989740,3772.3458125970,110.7304767012,74203.9975516209,19983.1577399364,5358.8363665653,452.6486649238
2024-08-30,3006.3797533190,105.8089874500,595.9368177441,2965.6855739014,3663.8966294913,3839.7091306791,110.6707944464,74223.9986291281,20125.0979775615,5350.9061610654,459.8897270059
2024-09-02,2949.7341439529,106.0841278362,592.5426993864,2969.6045505435,3580.3271196994,3760.0677693998,111.2576699518,73613.9657651592,19820.9403255076,5095.1570336932,444.8316092671
2024-09-03,2956.2492939119,106.1191457036,593.7844500050,3007.8145728038,3605.5406909649,3796.2382209808,111.3074051641,72893.9269749009,19770.2473834987,5128.8604070678,452.6486649238
2024-09-04,2940.8663009531,106.1841788858,589.6659771198,2974.5032713461,3596.6604394500,3790.5969578902,111.5361871407,71703.8628632240,19618.1685574718,5057.4885575686,430.1849155102
2024-09-05,2944.4858287081,106.2091916481,593.6809707868,3016.6322702485,3629.1685030313,3809.8436201994,111.6356575654,71523.8531656594,19461.0204372440,4970.2562970696,429.0329283608
2024-09-06,2919.6920635862,106.3492631175,595.5642925585,3058.7612691510,3565.7381350678,3753.2650697905,111.9639099666,73053.9355949583,19577.6142038646,4992.0643621944,429.6089219355
2024-09-09,2885.8494790768,106.4493141671,590.8663360512,3028.3892001748,3534.1815270060,3728.7089833961,112.3518446227,72413.9011147287,19481.2976140475,4883.0240365706,423.4007005203
2024-09-10,2884.9445971381,106.6544188186,595.0882881546,2978.4222479882,3547.0261765186,3727.3816273747,112.6800970240,73113.9388274798,19658.7229110789,4708.5595155725,419.9240965277
2024-09-11,2880.2392110565,106.7544698682,598.0064021085,3000.9563636802,3547.9776320380,3740.8211070906,112.9088790007,73273.9474475372,19719.5544414897,4789.8441219466,414.9575193955
2024-09-12,2872.8191791587,106.6894366860,597.0750891445,2989.1994337539,3542.9032026010,3730.2022589200,112.9884553404,73833.9776177381,19998.3656225390,4833.4602521961,423.3179242347
2024-09-13,2857.6171625877,106.8595234702,605.8087351625,3012.7132936064,3501.9906152645,3687.3950272324,113.7245364826,73963.9846215348,20049.1100164049,4839.4079063211,425.1390025165
2024-09-18,2869.9235569547,106.9595745198,605.1257723222,3074.4371757194,3492.6346359899,3700.0049094350,114.5202998797,74514.0142529821,20221.6409555489,4724.4199265723,426.9600807983
2024-09-19,2894.1743929134,106.8395132603,604.1944593582,3002.9158520012,3557.9679149923,3758.0767353678,114.0925770538,75644.0751321375,20429.6929703989,4839.4079063211,432.6716445004
2024-09-20,2882.0489749340,107.0196051495,611.1689586664,3002.9158520012,3526.5698828504,3719.7493302521,114.8286581961,75844.0859072093,20368.7996977599,4823.5474953212,433.0027496425
2024-09-23,2893.9612515088,106.9845872821,615.8462193301,2994.0981545565,3538.0524058714,3722.7418880399,115.0176520029,75314.0573532691,20033.8866982452,4764.0709540719,434.6582753533
2024-09-24,3032.0353663525,106.7244545533,614.9149063661,3039.1663859405,3710.4497306741,3911.6055350931,113.8439009922,76774.7178704818,20277.4597888013,4886.9891393205,436.5621299206
2024-09-25,3072.4649110911,107.0045974921,619.1782501569,2990.1791779144,3728.9493510970,3933.5509588704,114.2417826907,77144.8852618303,20353.5763796001,4902.8495503203,443.4325616201
2024-09-26,3237.9733598645,106.6594213711,620.7718301175,3052.8828041879,3937.0700808541,4152.3401838016,112.9785082979,77775.1702795316,20449.9907279453,4865.1810741958,433.0855259281
2024-09-27,3454.3797176392,105.6939287430,620.2751298700,3026.4297118538,4275.8045099761,4513.9409164957,110.4022242999,78815.6407849434,20759.5315305271,4966.2911943196,434.0788413545
2024-09-30,3754.7134785542,105.4187883567,617.4811909780,3086.1941056456,4635.5902313034,4906.7972527515,109.7258254124,78865.6634053959,20764.6059699137,5148.6859208176,449.8891118920
2024-10-08,3845.4994651769,105.3987781468,616.9637948869,2957.8476206172,4959.6525476762,5069.2266393456,109.9745014740,77344.9757436402,20932.0624696710,5263.6739005663,480.1852323984
2024-10-09,3550.2193973543,105.6639134281,609.0372867711,2964.7058297408,4584.8757546269,4813.6954549084,111.1084643148,77595.0888459027,20805.2014850064,5188.3369483172,465.2027247163
2024-10-10,3619.5271883346,105.9140410520,611.2517420410,2960.7868530988,4516.4590549596,4748.6904496287,111.8345984146,76904.7766836583,20891.4669545783,5174.4590886923,460.8155815829
2024-10-11,3523.5070195806,105.9640665768,618.1641538183,2913.7591333937,4324.2862738429,4559.4942961547,111.8544924995,77254.9350268257,21135.0400451345,5190.3194996921,472.1559327014
2024-10-14,3576.5707970499,105.9890793391,624.2901235371,2930.4147841226,4475.7917859266,4659.5787288360,111.6754457352,77605.0933699932,21190.8588783870,5148.6859208176,468.9276575655
2024-10-15,3476.3993803986,106.2392069630,624.6419528790,2931.3945282831,4370.8542838728,4535.7200870626,112.0136451790,76554.6183404909,20927.2405382731,5019.8200814440,452.3724004581
2024-10-16,3458.1699874584,106.1441584659,633.2721196788,2948.0501790120,4407.3750862593,4541.8714558487,111.4864519284,76754.7088223008,21028.6322075476,4956.3784374447,448.8415250039
2024-10-17,3415.2135961737,106.3992886423,635.6314458543,2901.0224593069,4377.7119017882,4494.6555440854,112.2324801132,76054.3921359660,20815.7097020710,4869.1461769457,446.4035395712
2024-10-18,3531.2680482581,106.2141942006,640.5984483290,2934.3337607646,4585.8326315453,4693.3281305541,111.8445454571,77014.8264486538,20927.2405382731,4948.4482319448,451.7839212157
2024-10-21,3539.3606873990,106.3092426977,647.5936434808,2924.5363191594,4671.5850139940,4754.5301861989,111.9838040516,77744.9670110891,21231.4155460968,4918.7099613202,443.7974172121
2024-10-22,3565.2571326500,106.0891303887,648.2973021647,2917.6781100358,4698.6226121914,4807.5385240115,111.3272992490,77214.8649589100,21130.0238768222,4974.2213998196,447.9167719087
2024-10-23,3577.3061731488,105.9240461569,651.8776831152,2927.4755516410,4712.5413757605,4822.2537723633,110.9393645929,76734.7725342951,21165.5109610683,4992.0643621944,457.9209190291
2024-10-24,3536.4833045933,105.8189925549,646.2691094876,2923.5565749989,4686.7836638683,4783.7934641712,110.8398941683,77014.8264486538,21398.7118003999,4968.2737456946,456.9961659339
2024-10-25,3559.3225306133,105.8490078698,646.4553720804,2888.2857852201,4796.3739287514,4854.3597687671,110.6111121916,76404.7089923723,21048.9105414026,4970.2562970696,451.7839212157
2024-10-28,3567.9546790303,105.9090384995,648.3800855393,2924.5363191594,4854.9287272145,4908.8730751611,110.2629657054,76884.8014169872,21185.7892949232,4940.5180264449,440.3506102211
2024-10-29,3537.7421595708,106.0140921015,653.7817007305,2950.9894114935,4781.8152220297,4862.7207053306,110.8498412108,76514.7301730132,21079.3280421849,4819.5823925713,430.5146000271
2024-10-30,3500.3361830971,105.9940818916,660.8389834133,2953.9286439751,4804.3732181589,4874.2587977882,110.7702648711,76684.7629067310,21155.3717941409,4845.3555604460,434.2136124078
2024-10-31,3494.9410903365,106.0040869966,657.7759985539,2931.3945282831,4875.8868654622,4919.2406364998,110.9791527628,76554.7378750644,20998.2147067653,4875.0938310707,440.1824732947
2024-11-01,3507.7094765366,106.2492120680,651.6293329915,2902.9819476279,4733.8194855845,4881.1147657703,111.6257105229,76534.7340240388,21084.3976256487,4888.9716906955,447.7486349823
2024-11-04,3556.2155742916,106.1941839907,647.1383349206,2924.5363191594,4850.9996012039,4961.9495816817,111.5361871407,77444.9092457047,21145.2326272134,4894.9193448204,447.1601557400
2024-11-05,3654.1260308709,106.3792784324,646.7658097350,2897.1034826648,5032.3153356603,5109.8672323743,112.0633803913,77644.9477559610,21302.3897145890,4910.7797558203,450.6069627310
2024-11-06,3629.6933297796,106.3742758799,645.7963623228,2925.1500205034,5037.7805262379,5111.7120103308,111.9340688393,76784.7821618591,21251.6938799517,4791.8266733216,447.8327034455
2024-11-07,3758.1446627232,106.5043422443,632.6985089875,2993.7082241090,5134.8680294397,5205.4602719376,112.0434863063,76494.7263219876,21748.5130593972,4914.7448585702,456.2395497651
2024-11-08,3693.8291701444,106.5243524542,636.9888294501,2960.4678829669,5129.0813570634,5177.1177742425,112.2125860282,77114.8457037819,21991.8530656561,4924.6576154451,452.3724004581
2024-11-11,3712.6926526047,106.5393601117,637.3188541011,3033.1811292152,5216.3636654054,5232.4611129370,112.4015798350,76574.7417260901,21687.6780578324,4883.0240365706,448.3371142247
2024-11-12,3668.3185557696,106.8395132603,626.8405714328,3037.3361718580,5149.9776739777,5185.5031285902,113.1476080198,75324.5010369885,21206.0676287782,4825.5300466962,438.4170355676
2024-11-13,3694.3681267861,106.7644749731,625.5204728289,3040.4524538400,5141.6191472120,5187.5156136336,112.8293026609,74224.2892305792,21069.2215900647,4863.1985228208,441.5275687058
2024-11-14,3630.5915908491,106.7694775256,613.7839711789,3015.5221979835,5014.7945776321,5079.3445425489,112.6104677268,73184.0889772467,20861.4183460925,4791.8266733216,440.0984048315
2024-11-15,3570.7674036180,106.7644749731,614.0314896671,2923.0724991820,4905.0085433824,4958.4277328557,112.5010502597,73874.2218376308,21084.4267054773,4730.3675806973,437.3049354413
2024-11-18,3552.2632255856,106.6043932939,621.7045628021,2930.3438238069,4785.4173142729,4881.9533012050,111.3372462915,73774.2025825027,20795.5295126379,4770.0186081968,435.5272731021
2024-11-19,3568.9708814790,106.8044953930,631.2959042209,2945.9252337172,4896.9714984154,4939.1414178561,111.9241217968,74344.3123367330,20866.4867178967,4805.7045329464,447.4630059510
2024-11-20,3575.0790567518,106.7244545533,631.9147004415,2936.5763877710,4975.5737981930,4984.0869171595,111.7351279900,74564.3546980148,21084.4267054773,4833.4602521961,447.4630059510
2024-11-21,3583.3430585915,106.9145515475,639.3608816289,2931.3825844676,4972.6804620049,4975.3661486379,112.3416276169,74394.4814696757,21003.3327566101,4831.4777008211,447.4630059510
2024-11-22,3468.0063372632,106.8995558181,647.5496182811,2874.2507481296,4783.0062007828,4787.1987970765,112.7592175240,73704.9960134759,20699.2304483580,4825.5300466962,455.4201611836
2024-11-25,3448.4242459473,107.0645088408,638.5564465422,2900.2197646469,4816.4403078457,4770.2603812943,113.4452580856,74104.6977272149,20901.9653205261,4797.7743274465,456.3513176470
2024-11-26,3445.7294627387,107.0095244999,629.9758056170,2915.8011745572,4753.1083935054,4740.0731056427,113.4750859361,73685.0109277890,20841.1448588757,4758.1232999470,447.7169577137
2024-11-27,3504.4757366863,106.9795330412,635.7718635496,2912.6848925751,4891.9885305358,4836.3369735538,113.1569221974,74074.7200986845,20856.3499742883,4772.0011595718,448.6481141771
2024-11-28,3478.4261656698,107.1394874874,632.4097374179,2908.5298499324,4851.8033057006,4799.4414144241,113.7733644411,73714.9885563194,20501.5639479942,4714.5071696974,445.8546447870
2024-11-29,3513.0990429538,107.0595102643,638.1851688098,2909.5686105931,4947.6048817077,4882.2887153790,113.8827332263,73774.9438133802,20668.8202175328,4768.0360568218,448.9867165274
2024-12-02,3540.9451361095,107.4693935327,632.4922435806,2890.8709187007,5036.6553399425,4957.4214903339,114.7775687415,73665.0258421020,20668.8202175328,4764.0709540719,449.4099694653
2024-12-03,3544.1788759598,107.2694504749,638.7214588677,2863.8631415227,5035.5301536471,4950.0423785080,114.2903805165,74284.5634983975,20663.7518457286,4760.1058513219,449.4946200529
2024-12-04,3525.4950457134,107.5493707558,637.5869991300,2810.8863478275,4960.3034127556,4913.8176477261,115.1255603307,74694.2577549800,20861.4183460925,4773.9837109468,457.5364258731
2024-12-05,3519.9258270823,107.5343750264,637.7726379961,2763.1033574358,5027.6538495794,4928.9112855519,115.0460193960,74474.4218124235,20785.3927690295,4682.7863476978,448.2248612392
2024-12-06,3564.2999239174,107.5193792971,635.2355734918,2758.9483147930,5090.3428003223,5000.5222116809,114.7179130404,74674.2726692931,20587.7262686656,4678.8212449478,445.2620906739
2024-12-09,3560.1679229975,107.4843892620,638.5151934608,2784.9173313103,5034.4049673517,4966.3099659425,114.7676261246,74684.2652121365,20602.8977692321,4639.1702174483,445.6853436118
2024-12-10,3593.4035825703,108.1841899641,640.9078721803,2776.6072460247,5110.1139309412,5024.0012038543,116.2789038835,75073.9743830321,20552.3261006772,4686.7514504478,445.8546447870
2024-12-11,3587.6547117253,108.0892170117,646.7039301130,2752.7157508289,5167.9806547039,5061.7352984188,116.3385595845,75433.7059253972,20633.2407703649,4732.3501320722,451.1029812170
2024-12-12,3627.8968076405,108.2491714578,651.1592629010,2748.5607081861,5206.2369887469,5109.1964040265,116.4181005192,75383.7432111798,20795.0701097404,4742.2628889471,458.1594356913
2024-12-13,3534.6573086227,108.4591116685,645.1981926429,2744.4056655433,5110.7568945386,5029.7032448107,117.0743132303,74734.2279263539,20582.6691018101,4761.7303063894,460.5399263574
2024-12-16,3513.4583473817,108.6840476084,639.1339896814,2753.7545114896,5033.9227446537,4954.0673485949,117.6310997731,74334.5262126149,20446.1255967121,4884.3750362760,464.9608375943
2024-12-17,3523.3392191466,108.5840760795,638.5358200015,2715.3203670440,4937.6389459486,4906.1031217263,117.5316736047,74294.5560412410,20152.8099190942,4882.4282945318,465.5559602608
2024-12-18,3539.3282661843,108.4341187862,637.8757706996,2666.4986159916,4974.7700936963,4937.7997611604,116.8754608936,73874.8692418150,20152.8099190942,4853.2271683683,459.7747686433
2024-12-19,3543.4602671042,108.5040988565,632.7397620689,2671.6924192950,4997.4345605033,4957.0860761600,116.4678136034,73794.9288990672,20076.9524162620,4822.0793004606,461.9852242618
2024-12-20,3534.6573086227,108.8639963604,633.1729194233,2735.0568195971,5045.9783121042,4966.8587135638,117.7205833246,73764.9512705368,20203.3815876490,4808.4521082510,457.0542078821
2024-12-23,3537.3538735515,108.7240362200,639.5671470358,2717.3978883654,4913.7140641624,4888.8461080824,117.4123622027,74074.5942616521,20142.6955853832,4833.7597509260,461.0500315001
2024-12-24,3580.4989124117,108.6690518791,636.9269498280,2729.8630162937,4968.1758133149,4953.0422261999,116.7760347253,73974.7094258084,20107.2954173949,4816.2390752279,459.6897511195
2024-12-25,3581.9370803737,108.5690803502,638.3914342167,2747.5219475254,4927.4915899897,4910.2448141215,116.6467807064,74054.6172944834,20122.4669179613,4804.5586247625,465.4709427371
2024-12-26,3583.9145613214,108.4691088214,639.1546162221,2771.4134427213,4968.8241674715,4945.2915137762,116.4976414539,73954.7324586397,19985.9234128633,4736.4226637144,464.8758200705
2024-12-27,3580.6786834069,108.8290063253,639.6496531985,2773.4909640427,4979.0357454376,4960.2874573785,117.8498373434,74004.6748765615,20021.3235808517,4691.6476035971,463.2604871186
2024-12-30,3594.7008210365,108.5640817738,637.0094559908,2786.9948526316,4970.9313184804,4961.4669136169,117.3328212680,74184.4675810801,20031.4379145626,4726.6889549933,467.4263457842
2024-12-31,3526.7473848317,108.8939878190,636.9475763687,2800.4987412206,4803.0075919268,4796.1745464954,118.1481158485,73685.0434018619,20006.1520802852,4761.7303063894,476.0131156867
2025-01-02,3432.7271543155,109.1489152177,641.7804150762,2821.2739544344,4682.7378958816,4662.7274978102,119.2915167845,73195.6077062280,20173.0385865161,4847.3869431356,476.6932558770
2025-01-03,3399.1099782035,109.4088411927,647.0039939344,2792.1886559351,4558.7401634362,4573.5943049384,119.4704838875,72836.0222971908,20066.8380825510,4847.3869431356,486.3852535888
2025-01-06,3385.8069245550,109.4388326514,643.8986379990,2801.5375018813,4536.2098564951,4564.4956425281,119.9874999629,73515.2391809276,19788.6939054995,4843.4934596472,490.5511122544
2025-01-07,3409.7164669233,109.3488582754,643.8986379990,2749.5994688468,4597.4793242917,4607.2930546064,119.5897952895,74384.2372527674,19905.0087431756,4763.6770481337,493.6967606345
2025-01-08,3402.8851691038,109.3938454634,646.9834286633,2748.5607081861,4570.5726267937,4589.9381985274,119.5997379064,74394.2257363518,19940.4089111640,4771.4640151106,500.8382326327
2025-01-09,3393.7168483460,109.1589123705,650.7880038160,2717.3978883654,4571.0588924112,4580.6710423687,118.9335825784,74833.7190140638,20142.3882366759,4927.2033546491,493.5267255870
2025-01-10,3355.0660843671,109.1289209119,654.8804927640,2762.0645967751,4482.0722844209,4520.3502804630,119.0727792141,75183.3159395166,20364.5654947390,4907.7359372068,500.1580924424
2025-01-13,3348.5943285380,108.9689664657,656.7724977047,2847.2429709517,4504.1163257445,4537.1996552970,119.2616889340,75462.9934798788,20455.4561912193,5024.5404418607,532.4647514817
2025-01-14,3432.3676123250,109.1089266061,651.5077883043,2859.7080988800,4715.9660464062,4691.7084225247,119.2616889340,75373.1803429681,20500.9015394595,5024.5404418607,527.5289097457
2025-01-15,3412.7725738426,109.2888753581,654.8393622218,2879.4445514331,4680.6307448728,4655.4822666316,119.9079590282,75093.7616948014,20384.7634272902,5061.5285350010,542.6828098123
2025-01-16,3410.9748638901,109.2788782052,657.1838031267,2868.0181841655,4698.1363071004,4671.4891727239,119.8681885609,76101.6646756884,20500.9015394595,5145.2384300030,548.9175572682
2025-01-17,3432.7271543155,109.0039565008,658.7878942721,2886.7158760579,4742.5485668259,4713.7811035572,119.2716315508,76381.0833238552,20672.5839661447,5110.1970786068,547.0990892602
2025-01-20,3450.3993155428,109.0189522301,657.8830223439,2920.9949778607,4772.5781251829,4738.5013636549,119.1125496814,75243.4502563193,20606.9406853533,5042.0611175587,538.6129052230
2025-01-21,3453.2845663554,109.2088981350,657.8624570728,2959.4291223062,4799.5068052313,4754.9250981034,119.7588197757,75472.9727173134,20617.0396516289,5053.7415680241,537.4871869323
2025-01-22,3417.5795875492,109.1189237590,663.7029940639,2954.2353190028,4768.0084097808,4736.6388783051,119.6792788410,75363.2011055336,20516.0499888729,5008.9665079068,535.4089377803
2025-01-23,3423.7107455260,109.0739365710,664.4639090944,2945.9252337172,4740.2637091249,4708.1936475077,119.5400822053,74804.3638092002,20329.2191127744,4934.9903216260,527.3557223164
2025-01-24,3462.4813033206,109.0839337239,667.2402206923,2950.0802763600,4851.2425117485,4786.0793985004,119.8383607104,75712.4744157420,20601.8912022155,4890.2152615087,524.3249423031
2025-01-27,3423.8910737018,109.3088696638,665.8417822578,2931.3825844676,4753.9728553313,4707.3470632578,120.5442865057,75383.1595804026,20440.3077418060,4859.0673936010,521.6405371484
2025-02-05,3417.2189311976,109.4038426163,689.5946703731,3045.6462571435,4786.7768837539,4733.0832244554,120.9917042632,75133.6786445395,20415.0603261170,4857.1206518568,524.3249423031
2025-02-06,3464.8406477219,109.5038141451,687.3530558237,3014.4834373228,4915.1421497974,4856.3450275996,121.3993515535,76321.2078992480,20536.2479214241,4857.1206518568,518.7829445644
2025-02-07,3515.5289141739,109.3738511576,688.8337553426,3021.7547619476,5002.7982266098,4936.9327444138,121.1110156652,77089.6091817064,20803.8705277274,4970.0316730222,522.8528491537
2025-02-10,3516.6112259131,109.1939024056,698.2732147754,3011.3671553407,5042.3583661449,4967.8757074100,120.6337700572,77209.3600309207,20753.3756963494,5040.1143758145,525.6238480231
2025-02-11,3502.3607880138,109.2738796287,705.1214500502,3012.4059160014,5033.8225684029,4949.8539817089,121.1110156652,76989.8168073612,20879.6127747944,5042.0611175587,536.7078435003
2025-02-12,3534.1085990300,109.1139251825,700.4736987826,2964.6229256097,5107.5258989062,5017.6904775083,120.9320485622,76840.1282458433,20778.6231120384,5040.1143758145,537.5737806470
2025-02-13,3526.5324168557,109.0839337239,703.9080990555,2955.2740796634,5068.1299093276,4992.5280680388,121.1905565999,77398.9655421767,20758.4594797123,4938.8838051145,513.5007279698
2025-02-14,3557.5586867124,108.8290063253,707.8566311059,2994.7469847697,5092.9165527708,5036.7323008905,120.5641717393,77927.8651262065,20914.7276302395,4970.0316730222,515.5903452280
2025-02-17,3560.9860072198,108.6640533026,696.2372529369,2959.4291223062,5104.4070497312,5023.4710310350,119.5658760389,76870.0659581469,20829.0321928536,4995.3393156972,506.8684644982
2025-02-18,3533.9282137401,108.5640817738,702.1189204702,2968.7779682524,5014.9453233965,4949.6839654287,119.4560635119,76690.4396843254,20834.0731009352,5008.9665079068,510.4117285447
2025-02-19,3553.0490544658,108.6540561498,707.2396729730,3014.4834373228,5121.4786452152,5026.8713566390,119.6856715230,76919.9621453195,20869.3594575058,5014.8067331395,513.6824338184
2025-02-20,3541.6847812043,108.3441444103,709.5018527935,3042.5299751614,5133.2974420888,5030.7817310836,118.8870349626,77458.8409667839,21000.4230676254,5014.8067331395,512.4104928786
2025-02-21,3591.1103506272,108.0843263182,703.7847074290,3059.1501457325,5251.9778606943,5124.9707503137,117.8088756062,76782.2576417047,20995.3821595439,4971.9784147664,510.5934343932
2025-02-24,3578.1226097570,107.7945292154,705.3682333033,3017.5997193049,5225.3855677287,5095.7279501195,116.7107503357,76931.5039634133,20859.2776413428,4923.3098711606,495.9661135858
2025-02-25,3543.3082488131,107.9893927845,704.9569278814,3024.8710439297,5216.1931701604,5058.3243684758,117.4594721110,76563.3630365320,20697.9685827340,4913.5761624395,501.2355831935
2025-02-26,3569.1033452637,108.1043123252,698.6228243840,2997.8632667517,5269.8702059612,5097.9381617621,117.5293528101,76742.4586225824,20783.6640201199,4847.3869431356,489.7881147355
2025-02-27,3583.8949390326,107.9893927845,696.1344265815,3052.9175817683,5265.1098572205,5085.5269733076,117.1799493149,76682.7600938989,20788.7049282015,4861.0141353452,488.0619091744
2025-02-28,3517.3327670726,108.1792598518,690.9635878295,3045.6462571435,5113.5994472995,4963.1152515644,117.8088756062,76453.9157339457,20808.8685605276,4861.0141353452,490.6057910540
2025-03-03,3505.4273379415,108.3791199227,691.4765678644,3123.5533066952,5101.2882005562,4970.5959678932,118.4777337255,76662.8605843378,20839.1140090167,4880.4815527875,489.3338501142
2025-03-04,3501.4588615645,108.3241584032,695.9907921717,3089.2742048925,5153.6520367044,5012.4199728221,118.4178359834,76553.4132817514,20798.7867443645,4755.8900811568,473.6162942156
2025-03-05,3512.6427495361,108.4340814422,701.6540917572,2992.6694634483,5181.3933793660,5020.4107379914,118.6674099085,77120.5493042443,20788.7049282015,4744.2096306914,471.0724123361
2025-03-06,3566.3975659158,108.1692668483,700.1151516524,3005.1345913766,5315.0114440200,5117.4900339850,117.9386540472,77866.7809127875,21035.7094241961,4713.0617627837,462.9865020761
2025-03-07,3557.0175308428,107.5596936322,698.9250379714,2996.8245060910,5296.1341990136,5094.0277873175,116.3613468406,77926.4794414709,21005.4639757070,4734.4759219702,465.6212368799
2025-03-10,3533.5674431604,107.6146551516,700.7717660971,3050.8400604469,5275.2871545283,5067.5052476065,116.4112616256,77876.7306675680,21065.9548726852,4697.4878288298,473.1620295943
2025-03-11,3544.5709458421,107.1599734905,696.7089642206,2965.6616862703,5326.6660909370,5109.8393013760,115.1833579141,77637.9365528342,21015.5457918700,4664.3932191779,469.2553538507
2025-03-12,3538.4378459867,107.5996656463,698.8019227630,2948.0027550386,5346.1999357697,5116.6399525840,115.9819944744,79011.0027125537,21156.5897233591,4594.3105163856,467.9834129109
2025-03-13,3521.8423993192,107.5447041268,703.9932807164,2988.5144208055,5274.1381048322,5073.1157848531,115.7024716783,78931.4046743091,21126.3660237543,4641.0323182471,475.1607939282
2025-03-14,3619.2504558461,107.5047321127,714.7863806510,3013.4446766621,5386.4166751312,5182.2662367407,115.1534090431,79974.5509915907,21146.5151568241,4703.3280540625,474.7036448095
2025-03-17,3604.0980914975,107.0000854338,715.7507831166,3007.2121126979,5370.4941293432,5171.0451622476,113.4263574814,79994.4204452532,21081.0304743471,4707.2215375510,478.5436974062
2025-03-18,3612.7565854110,107.1649699922,720.6138338476,3019.6772406262,5398.0713220482,5196.0375554368,113.5062211374,79736.1175476406,20869.4645771135,4730.5824384817,481.1037324707
2025-03-19,3619.6112264259,107.1449839851,727.5903623225,3021.7547619476,5375.9110779102,5184.9864972239,113.8855735035,80362.0053380096,20859.3900105785,4699.4345705740,471.9607500976
2025-03-20,3587.5026448299,107.4547670950,728.9446296146,2965.6616862703,5362.9432313406,5148.6030132614,115.1234601721,81136.9140308474,21050.8067747423,4726.6889549933,481.9266008843
2025-03-21,3533.2066725806,107.3398475542,725.3127309674,2971.8942502345,5264.4532573942,5078.3862895392,114.8938521610,80083.8329867345,20854.3527273111,4748.1031141798,488.6924078403
2025-03-24,3549.4887309796,107.5197216180,725.4974037800,2968.7779682524,5232.6242373517,5069.9704031693,115.3930000112,81305.8043869787,20904.7255599857,4753.9433394125,488.6009780166
2025-03-25,3554.1924367393,107.5996656463,725.1075389535,2979.1655748593,5208.2942010888,5062.5850334977,115.6924887213,81375.3474747975,20859.3900105785,4746.1563724356,492.1667411421
2025-03-26,3542.4331723401,107.9194417597,727.4262087113,2929.3050631462,5217.4596257084,5063.1002918468,116.5709889377,81464.7600162787,20874.5018603809,4794.8249160414,495.3667849727
2025-03-27,3554.3733484993,107.8145152225,728.7394376007,2935.5376271103,5233.7907459396,5085.7716592108,116.1217558725,81027.6320357036,20970.2102424628,4802.6118830183,494.3610569116
2025-03-28,3535.7394372205,107.7995257172,741.5639384736,2922.0337385214,5176.4651810463,5040.6006772659,115.8023012483,79924.8773574345,20733.4579288919,4763.6770481337,495.8239340913
2025-03-31,3513.1254672219,107.7945292154,748.7456589624,2968.7147669750,5152.6350770355,4997.6624815007,115.9420626464,79428.1410158718,20632.7122635426,4713.0617627837,491.4353025522
2025-04-01,3513.4872907419,107.6846061764,755.4143994163,2930.9726588635,5169.2994854347,5024.2841628751,116.0119433454,79905.0079037719,20678.0478129497,4763.6770481337,508.4412497661
2025-04-02,3511.4972613820,107.9744032792,752.6443072277,2962.7554867468,5198.4622001333,5039.7419133506,116.9802901748,79368.5326548843,20587.3767141354,4767.5705316221,504.8754866407
2025-04-03,3493.0442618631,108.4990359652,758.2255300076,3018.3754355426,5139.6368384841,5000.0670204636,118.5476144245,78345.2557912651,20572.2648643330,4674.1269278990,495.5496446201
2025-04-07,3148.5882708445,109.1036126795,736.8240029509,3035.2600628556,4627.7062124604,4496.6596133126,120.5941206103,73159.3283853508,19831.7842240154,4428.8374681259,466.3835308500
2025-04-08,3255.1452974779,108.8238085803,737.8910014236,3142.5271069618,4551.3832219920,4526.5445975652,119.8154499640,72881.1560340757,19781.4113913407,4181.6012666086,437.5831363749
2025-04-09,3306.1624137947,108.9687071317,747.0425652465,3097.8325052509,4661.2016733428,4626.3329645234,120.1249216311,71659.1846338315,19469.0998287578,4000.5542843951,418.8400225101
2025-04-10,3357.9031771515,108.9587141281,763.8067527875,3053.1379035400,4786.6846685888,4730.9304094074,119.6657056090,74808.4930393389,19964.2910520171,4234.1632937028,438.8631539071
2025-04-11,3375.9943531504,108.8737735980,776.9595608827,3061.0836105108,4861.8411504693,4771.1205606436,119.3262850708,74738.9499515201,19848.0727037012,4241.9502606797,433.4507529706
2025-04-14,3385.7635881898,108.9637106299,783.4641477254,3082.9343046806,4899.1694252835,4796.0247141874,119.7655351790,75811.9004492955,19893.5494486944,4207.2749179494,434.8267871070
2025-04-15,3387.0299705097,108.8837666016,784.2849157813,3045.1921965692,4906.0018327272,4791.9026473940,119.5758589959,75424.1920677688,19802.5959587080,4164.8939435012,437.3953841616
2025-04-16,3396.9801173091,109.0586441636,801.8903905796,2992.5518878874,4849.1762000859,4757.8955963479,119.8354158780,74817.7763940989,19752.0662420489,4066.6471390985,428.5887656886
2025-04-17,3406.0257053085,108.9137456122,809.7082063117,2999.5043814869,4870.8399310048,4767.1702466332,119.2364384578,75334.7209028011,19853.1256753671,4135.9978245592,442.8077850982
2025-04-18,3405.1211465086,108.9487211246,811.5549344374,3000.4975948583,4854.6754548576,4765.0838055011,119.4959953399,75692.6055626719,19903.6553920262,4170.6731672896,450.1466338257
2025-04-21,3425.7140654037,108.7038925378,825.9594138178,3024.3347157707,4963.9822180878,4849.9324115394,119.1266259307,76835.8482261480,20080.5094003331,4189.9372465842,448.7705996893
2025-04-22,3426.6252565053,108.8937596051,853.0037212586,3033.2736361129,4966.1818897937,4840.5434264450,119.7156203940,76666.8471367646,19954.1851086853,4147.5562721360,453.1739089258
2025-04-23,3430.8167355724,108.6938995343,804.6399635667,3027.3143558848,5004.9299529202,4851.3233722941,119.1965066298,77432.3226592660,20070.4034570013,4245.8030765387,462.1639986171
2025-04-24,3436.2838821818,108.6039625024,812.7655673198,3038.2397029697,4962.7977794770,4837.4137647469,119.0567452317,76955.1431127716,20141.1450603241,4209.2013258788,452.6234952713
2025-04-25,3439.5641701474,108.6938995343,807.6357669707,3010.4297285718,4978.8723034814,4852.8882031432,119.4760294259,76984.9668344275,20242.2044936423,4238.0974448208,455.1003567168
2025-04-28,3428.0831622678,108.7638505591,800.2898928707,2964.7419134895,4930.8179369839,4830.1112207846,119.9751772761,77124.1442021551,20146.1980319900,4315.1537619994,456.8433332896
2025-04-29,3424.0739214209,109.0436546583,805.5222892268,2943.8844326911,4964.4898346353,4845.5856591809,120.7738138364,77144.0266832590,20141.1450603241,4276.6256034101,443.6334055800
2025-04-30,3418.7890130319,108.9237386157,800.5566424888,2900.1830443516,4996.1312660967,4859.8430069168,120.5541887823,76766.2595422843,20120.9331736604,4270.8463796217,432.1664544432
2025-05-06,3460.3393272628,108.9687071317,815.7209481225,2895.2169774948,5126.5887188064,4960.1660513514,120.7638308794,77144.0266832590,19994.6088820126,4201.4956941610,420.9747101337
2025-05-07,3477.6125414714,108.7738435626,822.1673128656,2900.1830443516,5128.3110156279,4958.5779512282,119.9352454481,77332.9102537463,19671.2186953943,4301.6689064931,429.5061217795
2025-05-08,3506.0949691559,108.9836966370,809.1517954796,2899.1898309802,5183.0800545509,4993.6926095071,120.2247512012,76875.6131883559,19716.6954403875,4378.7252236717,422.9011579247
2025-05-09,3499.2959380312,108.9836966370,806.7369667822,2879.3255635532,5119.6995315205,4944.9908723967,120.1648534592,76994.9080749795,19792.4900153762,4413.4005664020,433.3590173615
2025-05-12,3540.0901247792,108.4540674492,790.2219942499,2888.2644838953,5198.7529556263,5018.3963892008,118.5376314675,77800.1485596888,20120.9331736604,4536.6906738877,442.9184074503
2025-05-13,3538.2525487996,108.6389380148,785.5151247550,2866.4137897256,5163.9625598325,4988.9283091376,119.0966770597,77631.1474703053,20247.7351220702,4575.2188324770,440.9502977261
2025-05-14,3590.0721914255,108.4590639510,779.4166590616,2894.2237641235,5203.9198460907,5027.0427120936,118.7273076506,78476.1529172225,20531.7714865080,4694.6561241038,449.1976146655
2025-05-15,3558.2821269777,108.4790499581,757.0078673357,2903.1626844656,5122.9718954813,4961.0483291976,118.9070008766,77412.4401781621,20475.9786292077,4621.4526227841,431.7657856800
2025-05-16,3533.6586088505,108.4041024315,769.2661926725,2879.3255635532,5109.8824396381,4942.3440388581,118.7477282091,77680.8536730652,20420.1857719074,4598.3357276306,427.5484076996
2025-05-19,3531.0860024790,108.5290149758,773.4205166180,2866.4137897256,5145.7062135248,4961.0483291976,119.1757735031,77362.7339754023,20399.8974601619,4600.2621355600,433.7338954042
2025-05-20,3551.4830958530,108.5389873194,771.9061325196,2869.3934298396,5183.5967435973,4985.5756533220,119.1658189614,77084.3792399472,20364.3929146071,4557.8811611118,436.1706026817
2025-05-21,3565.9999460922,108.5340011476,796.8730054928,2914.0880315505,5167.4071534754,4989.8105869838,119.0762280859,77641.0887108573,20481.0507071441,4611.8205831368,440.5754196834
2025-05-22,3564.5298853085,108.5140564605,798.2236723913,2919.0540984073,5123.8330438921,4953.8136508587,118.9766826687,77462.1463809219,20501.3390188897,4528.9850421699,425.2054199327
2025-05-23,3533.8423664485,108.5489596629,798.2236723913,2931.9658722349,5056.6634678545,4907.0529250100,119.0563190025,77332.9102537463,20445.5461615894,4542.4698976761,424.3619443367
2025-05-26,3520.0605466011,108.5539458347,795.3586213944,2929.9794454922,5102.3043336236,4935.9916383654,119.2155916700,77810.0898002407,20445.5461615894,4550.1755293940,430.8285905732
2025-05-27,3499.8472108251,108.4342777120,789.5261961507,2945.8708594338,5093.6928495163,4921.3458261185,118.9169554184,77750.4423569289,20328.8883690524,4565.5867928297,429.5165174238
2025-05-28,3495.9883012678,108.4292915402,790.2219942499,2940.9047925771,5079.9144749444,4912.5230476565,118.8572281680,77720.4999529404,20384.6812263527,4500.0889232279,424.5493833580
2025-05-29,3521.5306073849,108.1749967794,782.0770635587,2941.8980059484,5193.5860651619,5001.2801989844,118.1504557057,77980.0007875078,20491.1948630169,4636.8638862198,437.7638343632
2025-05-30,3511.9752122907,108.4243053684,789.7308426505,2947.8572861765,5137.6114184639,4965.2832628594,118.8671827097,77451.0183170435,20359.3208366708,4527.0586342404,419.7696883136
2025-06-03,3514.1803034663,108.3844159942,801.2933698880,2915.0812449219,5165.1681676075,4974.6354080291,118.9070008766,77500.9223236910,20146.2935633424,4457.7079487797,433.4527368721
2025-06-04,3530.3509720871,108.4641947427,800.5975717888,2919.0540984073,5213.3924786089,5019.1022114777,119.0264553773,78049.8663968144,20364.3929146071,4498.1625152984,438.7947489806
2025-06-05,3539.1713367894,108.4193191966,801.9277740373,2937.9251524630,5254.3831429600,5049.8054805256,118.7676372925,78019.9239928259,20298.4559014341,4473.1192122154,434.5773710002
2025-06-06,3542.2952159548,108.6237522396,801.4366224379,2989.5722477734,5253.1775351850,5051.3935806488,119.2355007535,78778.4648938691,20359.3208366708,4480.8248439333,436.8266392564
2025-06-09,3553.6881870286,108.6985448163,792.7186815473,2998.5111681156,5311.3911677509,5087.5669723431,119.5938642555,78758.5032912100,20313.6721352432,4432.6646456967,444.5116391318
2025-06-10,3529.0646689014,108.6935586446,793.0665805969,3010.4297285718,5264.8891535710,5045.0411801561,119.6137733389,78728.5608872215,20268.0234338157,4442.2966853440,449.6662122189
2025-06-11,3563.7948549166,108.7434203624,795.6041971941,3026.3211425135,5290.8958355753,5082.9791275428,119.8925005072,79137.7737417316,20541.9156423808,4450.0023170618,448.0729805374
2025-06-12,3568.2050372677,108.6935586446,803.4012288358,3028.3075692562,5301.9185352327,5099.5659510514,119.9422732158,78459.0792513246,20689.0059025361,4450.0023170618,464.5676144163
2025-06-13,3543.2140039446,108.7184895035,812.8149678256,3020.3618622853,5239.3991606131,5054.5697808951,119.9522277575,77860.2311715536,20734.6546039636,4606.0413593484,496.6196870671
2025-06-16,3555.5257630082,108.7135033317,810.7071088779,3024.3347157707,5276.6007719570,5078.5677383118,119.9721368410,78399.1944433475,20699.1500584089,4590.6300959127,507.5848698161
2025-06-17,3554.4232174204,108.8581023133,803.3193702358,3053.1379035400,5278.8397578250,5071.6859711114,120.2707730926,78419.1560460065,20754.9429157092,4606.0413593484,499.9649055479
2025-06-18,3557.7308541838,108.8381576262,803.6672692855,3041.2193430838,5273.8450970427,5062.5102815109,120.3504094264,78708.5992845625,20978.1143449104,4733.1842826930,526.4442813799
2025-06-19,3528.5133961075,108.8331714544,799.3901574401,3056.1175436541,5210.2923443302,5009.3971551695,120.5096820940,78159.6552114391,20881.7448641190,4804.4613760832,543.7797000901
2025-06-20,3536.5987304179,108.8481299698,796.6683589930,3046.1854099405,5179.8076905901,4982.9288197834,120.7685001788,77840.2695688946,20784.8103045250,4794.8293364359,539.6839692959
2025-06-23,3554.2612727053,108.8531161415,799.4515513900,3016.3890087999,5237.9352083149,5016.2767436722,120.7386365536,78139.6936087801,20779.7084855990,4827.5782712368,547.2086840108
2025-06-24,3599.6261181590,108.7234756752,789.7922366004,3016.3890087999,5353.8411295440,5105.9773089986,120.3802730516,78489.0216553131,20728.6902963390,4600.2621355600,493.9641836867
2025-06-25,3658.0054684561,108.6935586446,791.9205601981,2972.6876204604,5445.3090553332,5202.0977955015,120.1214549668,78658.6952779149,20769.5048477470,4613.7469910663,484.4392283514
2025-06-26,3644.8050421151,108.6486830985,793.2916917466,2916.0744582932,5421.5692883345,5179.8064025277,120.1712276754,78868.6384147776,20861.3375884150,4594.4829117716,479.0100038103
2025-06-27,3618.0323464374,108.7434203624,784.2053871564,2926.0065920068,5437.6285424807,5195.6778743250,120.3404548847,79898.3595146283,20999.0866994170,4602.1885434895,474.8190234628
2025-06-30,3631.4186942762,108.5938352090,783.1239215673,2940.9047925771,5483.7116195958,5227.7774802073,119.8725914237,79848.3730534705,20999.0866994170,4621.4526227841,473.1045315025
2025-07-01,3636.2526532180,108.7035309881,791.8164563022,2940.9047925771,5487.0282046913,5232.2357588020,120.1911367589,80618.1645553007,21055.2067076030,4623.3790307136,475.6762694430
2025-07-02,3644.9909636128,108.8281852826,791.7552412688,2924.0201652641,5465.5576801262,5222.0708836060,120.6291365947,80518.1916329851,21055.2067076030,4617.5998069252,474.5332748027
2025-07-03,3668.7889153263,108.8032544237,797.1013541808,2937.9251524630,5480.5695916107,5237.5856931157,120.5793638860,80538.1862174482,21101.1230779370,4571.3660166181,482.2484886243
2025-07-04,3684.7781641338,108.7982682520,792.7958968357,2933.9522989776,5465.3831230159,5237.7640242595,120.6490456781,79708.4109622287,21055.2067076030,4536.6906738877,479.5815011304
2025-07-07,3667.3015433442,108.8032544237,786.9192536347,2917.0676716646,5469.9216078833,5224.3891884752,120.5992729695,79248.5355195769,20825.6248559330,4536.6906738877,478.4385064902
2025-07-08,3702.0688634256,108.7184895035,791.9388863688,2915.0812449219,5568.1972609737,5312.4847735076,120.3703185099,79598.4407476815,20942.9666912310,4536.6906738877,486.4394689718
2025-07-09,3697.0489829860,108.7484065342,782.3485311450,2926.9998053781,5549.8687643938,5287.5184133769,120.5395457191,78378.7710954312,20932.7630533790,4544.3963056056,495.0119287736
2025-07-10,3715.8270542599,108.5439734911,788.9597547461,2933.9522989776,5564.1824474371,5313.1980980827,119.9820913827,78578.7169400624,21121.5303536410,4567.5132007591,497.6789162674
2025-07-11,3732.0022245652,108.5290149758,789.2250198906,2955.8029931474,5631.9106062276,5370.4423952393,120.0617277165,78408.7629721259,21116.4285347150,4527.0586342404,489.4874546791
2025-07-14,3726.7964226279,108.4292915402,797.2237842475,2971.6944070890,5622.6590793825,5357.4242217427,119.7431823813,78378.7710954312,20830.7266748590,4565.5867928297,502.4413939351
2025-07-15,3727.3541871211,108.5888490372,796.2035336918,2957.7894198901,5605.0288112438,5357.2458905989,120.2110458423,78068.8550362528,20846.0321316370,4523.2058183815,495.6834102740
2025-07-16,3716.5707402510,108.5340011476,792.3877966134,2956.7962065187,5624.5792075956,5355.8192414486,120.1612731337,77958.8848217057,20886.9167251778,4532.8378580288,497.4463625334
2025-07-17,3747.0618658839,108.5838628654,792.0001014022,3008.4433018291,5705.3991496575,5423.4067449450,120.1811822171,77818.9227304638,20866.4744284074,4540.5434897466,494.9978177286
2025-07-18,3765.4680941622,108.4891256016,792.7550868134,3035.2600628556,5703.3044643341,5444.4507070436,119.9124095906,78388.7683876628,20963.5753380669,4569.4396086886,505.1837641164
2025-07-21,3784.6019478228,108.4592085709,797.5298594142,3048.1718366832,5743.3769887676,5491.7546560344,119.4246370462,79678.4190855340,21300.8732347788,4604.1149514190,501.7558013897
2025-07-22,3825.6561386866,108.3345542764,800.7334461592,3065.0564639962,5791.1828073901,5560.6421558956,118.9070008766,79648.4272088393,21362.2001250901,4617.5998069252,493.9204580145
2025-07-23,3823.4269518523,108.2198723254,808.9566656384,3073.9953843384,5772.2010852900,5544.6343556668,118.7278191256,79498.5994676639,21249.7674928528,4607.9677672779,493.3328072614
2025-07-24,3851.8490839888,107.9207020186,794.5099177693,3004.4704483437,5866.5824257321,5638.3429390288,117.7124558699,79798.2549500147,21219.1040476971,4671.5392289502,498.4257804553
2025-07-25,3829.3714500770,107.8808126443,793.0611619801,3000.4975948583,5859.9036716599,5630.7886962242,117.4138196182,79158.9899209997,21219.1040476971,4754.3747699171,502.3434521429
2025-07-28,3837.1736039968,108.0952180309,790.4697255686,2969.7079803463,5865.5278856154,5642.2999233551,118.2400465812,78909.2770190407,21070.8973961116,4634.9374782904,495.4875266896
2025-07-29,3857.2362855049,107.8309509265,787.0620887125,2962.7554867468,5915.0912710990,5681.6899036934,117.3341832845,78749.4607617870,21060.6762477264,4659.9807813734,504.4002297789
2025-07-30,3851.8490839888,108.0004807671,789.4494750129,2989.5722477734,5866.4066690460,5639.7818424202,117.8219558289,78839.3574064922,21081.1185444968,4677.3184527386,517.7203135167
2025-07-31,3780.7008708628,108.1849691229,785.8785980678,2979.6401140598,5810.6917995485,5564.4192772979,118.5785009998,77950.3794755182,20963.5753380669,4631.0846624315,520.3647419058
2025-08-01,3755.0652222691,108.1351074051,786.3275083123,2989.5722477734,5814.7342033291,5544.8142185907,118.4988646660,78309.9660543392,20963.5753380669,4569.4396086886,517.0347209714
2025-08-04,3776.6846170370,108.1700106076,797.2441892586,3003.4772349723,5903.4287184437,5603.8595862526,118.6481827919,78240.0464417906,20978.9070606447,4525.1322263109,503.7146372335
2025-08-05,3803.8952345897,108.2398170125,798.3460598588,3013.3085843503,5938.4443887395,5630.7479382956,118.7775918342,78489.7593437496,21014.6810799929,4509.7209628752,498.3278386631
2025-08-06,3817.8732915517,108.2547755279,799.5499555146,3020.1905289149,6010.0754300045,5689.4299498488,118.7875463760,78190.1038613988,21106.6714154598,4550.1755293940,495.4875266896
2025-08-07,3813.7730615095,108.3146095892,800.9170912593,3026.0893385417,5998.8775252906,5656.0011878494,118.8373190846,78369.8971508093,21208.8828993119,4515.5001866636,490.6883788723
2025-08-08,3805.0134791466,108.3395404481,803.7533878042,3041.8194975464,5985.5466863455,5656.5462220125,118.7775918342,78399.8626990444,21142.4454348081,4511.6473708047,479.7188981470
2025-08-11,3825.1418811719,108.1949414665,795.2649031805,3020.1905289149,6088.8162520401,5721.7686435221,118.0608648302,78929.2540511974,21157.7771573859,4532.8378580288,479.3271309782
2025-08-12,3849.7432614250,108.1201488898,791.7552412688,3038.8700927330,6117.6108641615,5761.5561374235,117.6029559110,78929.2540511974,21193.5511767341,4552.1019373234,485.0077549252
2025-08-13,3886.6453318047,108.1351074051,793.4692622024,3109.6558082545,6222.6578750488,5860.7523550956,117.7323649534,79288.8406300184,21249.7674928528,4519.3530025225,479.4250727704
2025-08-14,3880.1222385557,108.0254116260,794.4691077471,3103.7569986277,6158.1366145546,5795.7116116403,117.3441378262,78859.3344386489,21173.1088799637,4461.9765361342,474.4412409907
2025-08-15,3922.6155317202,107.9954945953,791.5103811354,3084.0942998717,6297.6660621799,5932.6968646159,116.9459561573,78969.2081155109,21229.3251960824,4509.7902581245,476.9820179764
2025-08-18,3949.0806529016,107.7162689756,793.4080471691,3101.7907287521,6384.9386211404,6002.6429155385,115.5622748578,78859.3344386489,21070.7446946176,4538.4784913187,475.4184629083
2025-08-19,3928.9522508763,107.7561583498,790.7553957242,3107.6895383789,6378.7175629660,5995.3757933648,116.1326315698,78799.4033421788,21019.5896941452,4527.0031980410,473.1708524978
2025-08-20,3979.0868818466,107.5365533953,788.3271994016,3106.7064034411,6466.3456109651,6081.8545472327,115.6123061484,78549.6904402198,21009.3586940507,4569.0792733924,471.8027418132
2025-08-21,3990.4557015091,107.6812930244,790.8166107575,3060.4990613646,6400.7578833552,6046.6090046899,116.1826628604,78449.8052794362,21065.6291945704,4647.4937774565,479.7182393457
2025-08-22,4094.6388193991,107.4666790916,789.0617798017,3035.9206879197,6530.8668714593,6186.5011065351,116.0525815050,78589.6979394683,21106.5531949484,4655.1439729750,482.3567385232
2025-08-25,4169.7475788082,107.7561583498,794.9588280138,3064.4316011158,6587.3896285865,6276.6134214899,116.8730946696,79628.9005568497,21249.7871962713,4649.4063263361,481.6726831809
2025-08-26,4145.8916949264,107.8010775451,796.9381140919,3029.0387433551,6590.2335408948,6282.7904753376,117.3433888006,79129.2839138779,21193.5166957516,4657.0565218546,484.7997933172
2025-08-27,4085.3201147578,107.8260326535,796.9789241142,2993.6458855943,6476.2993040441,6211.3909999802,117.4734701559,79129.2839138779,21290.7111966493,4613.0678976235,468.7733538687
2025-08-28,4156.5150182175,107.6014366773,799.0806402590,2987.7470759676,6543.8422213659,6328.7550230867,116.5328818941,78869.4832595325,21229.3251960824,4582.4671155497,470.7277977038
2025-08-29,4199.1946854748,107.6164097424,801.0191163148,3003.4772349723,6546.8638781934,6355.8250531840,116.6229382170,79349.1152367855,21219.0941959879,4574.8169200313,474.1480744154
2025-09-01,4203.2949155170,107.8060685667,816.0543739145,3002.4941000345,6559.3059945422,6372.1760780750,116.9831635088,79718.8315525846,21121.8996950901,4563.3416267536,472.4867971555
2025-09-02,4175.8979238715,107.7611493715,820.1031103994,2998.5615602833,6444.4830350951,6264.4409918488,116.7530195724,79598.9235582714,21198.6321957989,4548.0412357167,479.2296283869
2025-09-03,4128.1861561079,107.9657812609,830.7641049626,3014.2917192881,6347.7900166134,6166.8798766659,117.2233137033,80048.5785369460,21188.4011957044,4525.0906491614,481.9658497561
2025-09-04,4053.0773966988,108.0656016948,828.9940543386,2996.5952904077,6223.7243421644,6038.0701361357,117.4034263492,79708.8392197252,21080.9756947121,4452.4137917361,470.0437423615
2025-09-05,4152.9739104538,107.7561583498,831.6389575699,3015.2748542259,6421.9094811481,6266.6211285009,116.4228130549,80078.5555355243,21173.0546955626,4467.7141827730,471.0209642791
2025-09-08,4149.6191767829,107.6713109810,839.4312493976,3029.0387433551,6430.7967071115,6286.7873925332,116.1326315698,79588.9312254119,21198.6321957989,4484.9271226895,479.3273505786
2025-09-09,4124.6450483442,107.5814725906,851.5571134428,3023.1399337283,6368.4083808485,6243.1846594905,115.7924187943,79588.9312254119,21229.3251960824,4473.4518294119,471.8027418132
2025-09-10,4130.4226452218,107.2969843541,850.4991521503,3014.2917192881,6355.2552864227,6234.6457909363,114.8318180162,79728.8238854441,21270.2491964603,4492.5773182080,475.1252963330
2025-09-11,4251.1930573734,107.3868227445,847.2235412253,3035.9206879197,6565.7047972358,6471.9173299101,114.8118054999,80068.5632026649,21398.1366976416,4483.0145738099,478.0569620858
2025-09-12,4215.0364833650,107.5165893086,851.1502052534,3027.0724734795,6570.1484102175,6485.9065400946,115.3421371795,80997.8501585925,21607.8721995788,4444.7635962177,464.4735774312
2025-09-15,4219.3230875000,107.6114187207,848.5053020221,2990.6964807810,6548.6413233861,6462.4700710842,115.4722185349,80877.9421642793,21505.5621986338,4467.7141827730,476.7504120770
2025-09-16,4209.0725123946,107.8060685667,859.1662965853,2989.7133458432,6631.6480138842,6508.7979749420,115.5522685997,80817.9881671226,21464.6479304794,4483.0145738099,481.3298662703
2025-09-17,4242.9925972890,107.9607902392,852.1064394986,2951.3710832690,6707.1894345730,6588.0096066361,115.9525189239,80498.2335156207,21418.6193788058,4505.9651603653,486.4939316371
2025-09-18,4181.4891466563,107.8859249138,841.0995729743,2942.5228688289,6625.2492111906,6514.6116726810,115.6923562132,79518.9848953959,21260.0765897076,4461.9765361342,479.1862919670
2025-09-19,4202.7357932385,107.6413648509,844.9041645455,2963.1687025226,6619.2058975355,6523.8772534526,114.8718430486,79788.7778826007,21270.3051567462,4402.6875208662,474.5094025782
2025-09-22,4220.9067480833,107.7811134583,861.1194558946,2982.8314012786,6665.8949230389,6559.1364915289,115.2020495660,80098.5402012432,21219.1623215533,4385.4745809497,470.6119947541
2025-09-23,4224.4660072797,107.5215803303,870.2138539285,2878.6190978720,6584.7749945580,6503.8602901696,114.3915426595,79858.7242126167,21157.7909193218,4356.7863477555,460.9659103896
2025-09-24,4267.5517764995,107.4566970482,874.8526072881,2880.5853677476,6734.7567289938,6685.1148109060,114.1413862069,79898.6935440545,21178.2480533989,4423.7255585420,469.9299483849
2025-09-25,4294.5272146197,107.4167688747,869.4814191875,2916.9613604461,6710.0602174341,6696.6842483998,114.1814112393,82646.5850803995,21239.6194556305,4473.4518294119,478.0170696198
2025-09-26,4255.3753634591,107.4866431784,870.8445616221,2887.4673123122,6631.1034870460,6613.4944835633,114.2614613042,82406.7690917731,21219.1623215533,4442.8510473381,478.6991159890
2025-09-29,4330.6817948780,107.4666790916,881.4852107759,2883.5347725610,6745.7529859657,6742.2274309151,113.7911671732,82306.8457631787,21203.8194709954,4448.5886939769,479.9657735319
2025-09-30,4340.7975841730,107.6513468943,889.5013021078,2878.6190978720,6811.0094617659,6793.2798693798,113.9712798191,83046.2783947770,21152.6766358025,4393.1247764682,467.3966332993
2025-10-09,4408.2361794735,107.8509877620,930.1107394135,2889.4335821878,6856.7971547307,6905.3014070183,114.6016740797,86683.4875556119,21572.0478843846,4383.5620320701,458.9197712820
2025-10-10,4321.5026527399,107.7861044800,917.1303681705,2872.7202882452,6772.7929621260,6778.2212364514,114.0413236258,85844.1315954192,21459.5336469601,4335.7483100798,450.0531684823
2025-10-13,4295.0892029138,107.8709518488,943.5794004839,2882.5516376232,6739.0831251795,6748.8385380544,114.5116177568,85054.7372995237,21362.3622600935,4312.7977235245,442.0634824430
2025-10-14,4252.7527514197,107.9757633043,955.1966292923,2853.0575894893,6615.7808338885,6568.3185847780,114.8318180162,84345.2816665037,21336.7908424971,4245.8585127381,437.0942874673
2025-10-15,4310.0755574251,107.9358351308,976.9255266082,2867.8046135562,6720.1551418673,6682.9111085262,114.6517053703,85734.2159339654,21398.1181455174,4228.6455728216,433.5944221762
2025-10-16,4321.6899821712,107.9707722826,983.1105310876,2857.9732641783,6672.9253168406,6634.4296561712,115.0319431783,84955.2679033481,21459.4454485378,4261.1589037750,433.4972036959
2025-10-17,4252.0034336941,108.1005388466,1017.0670194961,2819.6310016041,6516.8145211418,6486.2306711315,115.9425126658,84276.1850048613,21372.5651025923,4209.5200840254,422.9003893422
2025-10-20,4274.7019706416,107.9158710440,987.0778859346,2846.1756449247,6551.3261022678,6532.7054546297,115.3721559538,85264.8498129524,21372.5651025923,4192.3071441089,423.6781371847
2025-10-21,4339.7711098912,107.9508081958,1011.2278869776,2840.2768352979,6664.5901743676,6660.8859058909,115.6623374389,85284.8228393785,21428.7817970276,4220.9953773031,425.5252883106
2025-10-22,4325.9628332481,107.9508081958,969.0111623236,2836.3442955467,6642.7450778038,6619.8456736889,115.6823499551,85304.7958658046,21510.5515343881,4286.0220392099,434.7610439399
2025-10-23,4344.4999717552,107.8410057186,958.5536218551,2888.4504472500,6653.3922677257,6644.5822520024,115.2820996309,85953.9192246523,21633.2061404288,4310.8851746449,446.9133539785
2025-10-24,4396.3282977854,107.8110595884,954.3014312755,2883.5347725610,6763.9027562250,6757.3960409780,115.0819744688,87601.6939048043,21694.5334434491,4320.4479190429,451.9687149545
2025-10-27,4446.0759245954,107.9807543260,950.2730402001,2882.5516376232,6791.6221644699,6849.7834130127,115.4722185349,88250.8172636520,21832.5198752449,4414.1628141439,455.8574541668
2025-10-28,4428.4845584611,108.2203233673,916.9472594852,2924.8264399485,6801.3514931916,6828.2326061486,116.0325689888,86862.6919270392,21607.6530975036,4412.2502652643,449.8299083877
2025-10-29,4486.1766732027,108.3750450397,926.6113289844,2918.9276303217,6901.9490807292,6971.7797196956,115.9024876334,88590.3587128954,21766.0819636395,4433.2883029400,449.7326899074
2025-10-30,4446.4542335445,108.4349373001,927.9134351906,2943.5060037667,6827.4187512762,6888.0126704064,116.2226878928,87841.3702219173,21714.9758777892,4370.1741899128,446.1356061360
2025-10-31,4389.3295822266,108.4848475170,937.8419950128,2970.0506470872,6828.5201847164,6831.7931742392,116.7530195724,86892.6514666783,21771.1925722246,4385.4745809497,445.9411691754
2025-11-03,4394.2475985652,108.4848475170,938.5133935254,2974.9663217762,6857.7081708815,6833.2923608037,116.5829131846,87182.2603498565,22077.8290873263,4395.0373253478,454.8852693638
2025-11-04,4350.8246806369,108.4648834302,931.3925002102,2964.1518374604,6752.4046228669,6696.4301871592,116.5929194427,85624.3642886220,21939.8426555305,4402.6875208662,450.6076562302
2025-11-05,4358.0302303368,108.4249552567,928.0151622379,3021.1736638527,6776.8765741660,6709.0781397581,116.5028631197,85554.4586961307,21868.2941353401,4398.8624231070,450.8020931908
2025-11-06,4428.3791497753,108.3401078879,933.6508406616,3016.2579891637,6864.1969458472,6839.7107248091,116.1826628604,86203.5820549784,22102.9434309374,4483.0145738099,447.5938833406
2025-11-07,4417.5708252254,108.2502694974,937.1705965002,3006.4266397857,6870.6857208129,6824.4199164433,116.0225627307,85824.0945528828,22062.1348577900,4460.0639872546,447.7883203012
2025-11-10,4429.5168681489,108.2901976710,952.1448178715,3011.3423144747,6879.0284314830,6829.7056279772,116.3527692482,86363.3662663871,22164.1562906584,4498.3149648468,448.9549420649
2025-11-11,4386.6628094074,108.2802156276,965.2676069808,3002.4941000345,6850.6632152044,6770.4301486332,116.3727817644,86513.1639645827,22102.9434309374,4444.7635962177,446.0383876557
2025-11-12,4387.8005277811,108.3251348228,962.0937231032,3007.4097747235,6831.5676774483,6753.6291369720,116.5228756359,86722.8807420566,22322.2895116045,4465.8016338934,453.5803330789
2025-11-13,4434.2573613726,108.2153323456,977.8207246249,3019.2073939771,6932.2363862017,6861.0423463564,116.2026753766,87431.9231801826,22495.7259474807,4494.4898670876,437.9162925846
2025-11-14,4361.6330051867,108.2203233673,970.0088722255,3039.8532276708,6833.6070067232,6736.8281253108,116.2326941509,86782.7998213348,22281.4809384571,4494.4898670876,444.2979387119
2025-11-17,4343.6191309370,108.2901976710,945.8631466273,2991.6796157188,6854.3710866134,6742.4913876685,116.5228756359,86333.4067267479,22164.1562906584,4486.8396715691,444.0078638879
2025-11-18,4318.5893267163,108.3051707360,934.7236480110,2989.7133458432,6814.8822561079,6682.4608066769,116.6029257008,85534.4856697046,21898.9005652006,4465.8016338934,443.6210974559
2025-11-19,4328.2599328925,108.2303054106,953.7155800781,2971.0337820250,6765.1967792278,6658.8638801865,116.1626503442,85963.9057378654,22006.0230697124,4505.9651603653,449.1325191113
2025-11-20,4303.6093681296,108.2901976710,949.0487591642,2966.1181073360,6733.1236915402,6607.1394173194,115.9425126658,85983.8718058570,21965.2144965651,4490.6647693284,440.4302743923
2025-11-21,4198.5600382943,108.2352964323,940.4049952105,2961.2024326470,6505.6457806002,6390.0476936075,115.6518043080,85514.6692080542,21771.3737741151,4461.9765361342,432.5982541451
2025-11-24,4205.0071090784,108.3302923041,943.8340940560,2960.2192977092,6577.0223052228,6444.4150122415,115.8623172568,85933.9566358780,21812.1823472625,4475.3643782915,433.0817121851
2025-11-25,4240.8452378489,108.2152973014,960.2491293576,2962.1855675848,6648.2134362749,6512.7517113577,115.4412913591,86453.0744036598,21898.9005652006,4452.4137917361,433.7585534410
2025-11-26,4259.8072107434,107.8453133798,960.4723251405,2964.1518374604,6652.1067012543,6521.6241557181,114.5691662855,86443.0913696640,21888.6984219138,4479.1894760507,430.2776555534
2025-11-27,4259.4279712855,107.8903114243,960.9187167062,3003.4772349723,6654.7022112406,6509.1649785312,114.6994838252,86842.4127294961,21934.6080667046,4429.4632051808,432.7916373611
2025-11-28,4271.9428733959,107.9353094688,967.7769143971,2992.6627506566,6730.5281815540,6582.7873891813,114.7696548082,87281.6662253115,22046.8316428598,4494.4898670876,438.8832086645
2025-12-01,4318.9685661742,108.0353051233,977.2728804307,2982.1437251709,6757.5956428394,6636.9659324033,114.6493616946,89128.5275145351,22306.9862966742,4553.7788823556,440.6236576083
2025-12-02,4300.3858327376,107.9753077306,972.3422826825,2995.8184583022,6710.8764630865,6590.3384056583,114.1681892401,88769.1382906862,22352.8959414650,4544.2161379575,438.7865170565
2025-12-03,4283.6992965904,108.0353051233,970.5972974712,2994.7665557537,6669.9044840174,6560.3231151624,113.8875053084,89058.6462765645,22383.5023713255,4523.1781002818,433.2750954011
2025-12-04,4295.4557197850,107.6653212017,967.2696512543,2980.0399200738,6686.5899053577,6591.2822827179,112.7246718768,90825.6432938218,22505.9280907676,4517.4404536429,437.6262177606
2025-12-05,4336.9824404239,107.8653125107,975.0003415508,2967.4170894911,6785.2192848362,6685.6699886796,112.7848184336,92622.5894130664,22796.6891744425,4473.4518294119,438.6898254485
2025-12-08,4373.7686678392,107.9053107725,972.6263500424,2922.1852799030,6841.3935366820,6743.0577139043,112.5141589280,92812.2670589867,22745.8037075352,4488.7522204488,442.4607981601
2025-12-09,4345.3257084975,107.9753077306,965.3623418373,2906.4067416745,6811.1743846990,6696.2414117473,112.8650138427,90935.4566677756,22211.5063050093,4440.9384984585,431.3412632413
2025-12-10,4336.7928206950,108.0253055579,970.2929395855,2896.9396187375,6833.0508260119,6722.4811940047,113.0655023654,91694.1672514567,22379.4283458031,4414.1628141439,429.0206646495
2025-12-11,4303.9886075875,108.0953025160,971.8147290139,2892.7320085432,6771.1293734821,6677.3638705550,113.4664794107,92053.5564753056,22359.0741590402,4460.0639872546,425.1530003299
2025-12-12,4336.6032009660,107.9803075134,984.7600844187,2913.7700595145,6824.1519346303,6771.3740256928,112.7447207291,93908.3892674632,22562.6160266692,4414.7266150843,423.1224765622
2025-12-15,4309.6771994559,107.8653125107,997.4416629892,2901.1472289317,6774.2810641798,6716.4403808231,111.8024246725,92233.0564229338,22308.1886921330,4435.5062439957,422.0588688743
2025-12-16,4265.8750420696,107.9003109898,985.5311243958,2921.1333773544,6663.9718897630,6616.7669633275,111.6620827066,91664.6399221113,22231.8604917721,4409.0594435630,415.5923826601
2025-12-17,4340.5852152739,108.0003066443,993.9516925666,2899.0434238346,6762.2304821006,6745.7005696712,112.4139146667,92562.1396602521,22303.1001454423,4424.1719009531,411.8283085951
2025-12-18,4314.2280729505,108.0053064270,994.7430230694,2889.5763008976,6744.0619121967,6702.4710003408,112.5241833541,92342.7508353732,22343.8085189681,4484.6217305135,414.4342060247
2025-12-19,4334.7070036766,108.1453003433,994.1343072980,2876.9534703148,6799.4945897607,6768.1648436901,112.9351848256,92921.1395555084,22577.8816667414,4611.1885611556,411.7317938755
2025-12-22,4372.0357634622,107.9753077306,1015.3987782450,2883.2648856062,6859.5977317917,6834.4952470528,112.2535238485,94057.9725571533,22613.5014935764,4760.4240778829,422.6379571920
2025-12-23,4379.2729719921,108.2152973014,1028.9731399469,2887.4724958004,6853.0647815709,6844.9185961527,113.1056000699,93669.0560039590,22588.0587601228,4800.0942785319,425.5333987804
2025-12-24,4397.1755404607,108.2252968669,1029.4195315125,2869.5901524749,6966.1781482502,6940.6238924331,113.1156244961,95833.0275948096,22725.4495207724,4811.4286215745,429.2009581258
2025-12-25,4410.8881460962,108.1902983878,1023.4135359016,2903.2510340289,7043.4536165757,7010.1760582448,112.7848184336,95942.7220072490,22669.4755071744,4866.2112796136,427.2706637335
2025-12-26,4434.6947531023,108.2952938250,1031.0630640953,2934.8081104857,7088.2509895180,7065.5145661931,113.2359176097,98445.7490547305,22801.7777211332,4987.1109387345,426.4020312569
2025-12-29,4409.7454289599,107.9703079479,1021.8105843702,2917.9776697087,7066.9722373704,7032.5388799500,112.0931330304,98585.3601251079,22969.6997619271,4837.8754220072,419.6460008839
2025-12-30,4421.9344117470,107.9353094688,999.1460671491,2922.1852799030,7087.1310551945,7066.2726279458,112.1031574565,97817.4992380319,22964.6112152364,4858.6550509186,420.9006922389
2025-12-31,4401.5559561498,107.8553129452,991.7603157896,2891.6801059947,7075.5584005177,7064.7565044404,111.6821315589,97967.0825277221,23330.9865769685,4826.5410789646,417.1366181739
2026-01-05,4488.9738170763,107.8503131625,1009.4536542112,2896.9396187375,7241.4953361249,7262.9896527757,111.5919117237,101068.4427339641,24063.7373004327,4766.0912494042,407.0025726144
2026-01-06,4566.4881294883,107.6953198980,1019.5786265418,2920.0814748058,7349.5689983482,7425.2148678571,111.2009591045,105027.4138010962,24765.9567437526,4864.3222224399,413.2760293894
2026-01-07,4544.9669567547,107.6053238090,1013.4103067251,2956.8980640055,7356.1019485690,7457.0534614711,110.7398355023,103122.7199123752,24781.1848376717,4864.3222224399,401.7907777552
2026-01-08,4511.6377069462,107.7853159871,1012.4363614909,2926.3928900972,7423.2980079824,7475.8154898509,111.2711300874,100938.8038828993,24126.3767991507,4803.8723928795,401.6942630356
2026-01-09,4537.3488425128,107.7603170735,1021.1004159703,2930.6005002914,7615.7400559138,7664.1938354009,111.1408125477,101128.2760498401,24755.8046811399,4824.6520217908,417.6191917720
2026-01-12,4560.7745438068,107.8403135971,1041.1880364260,2934.8081104857,7835.0605276105,7840.0641620311,111.4716186101,103517.6033044140,25024.8343403772,4856.7659937448,422.2518983135
2026-01-13,4538.6820125051,107.8453133798,1042.1011100830,2904.3029365774,7684.4293610920,7744.3588657507,111.6219850021,102024.2737703053,24745.6526185271,4854.8769365711,430.0695906023
2026-01-14,4511.4472540901,107.9253099034,1055.3898106250,2893.7839110918,7692.0822456363,7790.0320863518,111.5417895930,103656.9807275975,24968.9979960072,4832.2082504859,431.3211922763
2026-01-15,4525.1598597256,108.0303053406,1049.7062111542,2882.2129830576,7704.0282117543,7786.6208084646,111.4615941839,102352.8062678093,24745.6526185271,4767.9803065780,429.9733135504
2026-01-16,4510.8758955220,108.0603040370,1047.2183722400,2868.5382499263,7689.2573587126,7793.2517507589,111.4315209055,100321.8781014214,24288.8098009543,4739.6444489715,422.4637035063
2026-01-19,4517.5575433421,108.0353051233,1063.7028333385,2868.5382499263,7693.9316792954,7845.1625561487,111.1909346783,100730.0548407445,24456.3188340643,4750.9787920141,421.1158247805
2026-01-20,4496.3671745410,108.1752990396,1072.1574403804,2878.0053728634,7630.5478921926,7822.4278968539,111.7623269680,100779.8324918814,24314.1899574861,4858.6550509186,420.7307165731
2026-01-21,4509.3486617345,108.1952981705,1104.6611569268,2866.4344448292,7721.9776027922,7931.7437169630,112.5241833541,100829.6101430184,24522.3072410471,4868.1003367874,424.3892445433
2026-01-22,4507.2487152767,108.1453003433,1099.8877424247,2911.6662544173,7776.1997215528,7960.9198630580,112.4439879451,100252.1893898297,24420.7866149198,5004.1124532983,429.7807594467
2026-01-23,4490.0673351677,108.1902983878,1128.2652871133,2893.7839110918,7976.0736696735,8199.8232411473,112.5743054848,100889.3433243827,24659.3600863189,5145.7917413306,425.4482921136
2026-01-26,4499.4216421159,108.1752990396,1156.2585314818,2912.7181569659,7784.8004714251,8037.8387936720,112.7848184336,101426.9419566619,24583.2196167235,5136.3464554617,440.2749580981
2026-01-27,4500.3761632331,108.1802988224,1161.3757936388,2909.5624493202,7839.3965358323,8103.2009391445,112.3637925360,102143.7401330340,24674.5881802380,4966.3313098231,430.0695906023
2026-01-28,4512.7849377563,108.2052977360,1199.6237886539,2926.3928900972,7859.7765735733,8168.5630846170,112.3637925360,102601.6945234940,26029.8885390374,5072.1185115538,443.1632696535
2026-01-29,4557.4565260399,108.2452959978,1263.2558311274,2947.4309410684,7807.4241830459,8081.4135573203,112.4439879451,108624.7903110657,25979.1282259737,5036.2264252523,454.9090699789
2026-01-30,4495.7944618707,108.3052933905,1174.5633625176,2910.6143518688,7742.9185590032,7935.5328268454,112.1933772917,103218.9373975923,24933.4657768626,4977.6656528657,453.2723600975
2026-02-02,4373.8066630963,108.2452959978,1020.0139548443,2892.7320085432,7394.7751619959,7531.8031688689,112.3337192576,98141.6169816228,23385.2762284214,4809.5395644007,432.2839627948
2026-02-03,4446.0441305954,108.2552955632,1106.1579055419,2868.5382499263,7687.1166887640,7892.8021364222,112.2334749963,104035.2908762384,24172.0610809079,4864.3222224399,432.6690710022
2026-02-04,4484.8383261041,108.2352964323,1154.6201985383,2864.3306397321,7706.2804649404,7922.9171506109,111.9728399168,104692.3558712462,24319.2659887925,4928.5501663478,445.1850877423
2026-02-05,4457.7014996891,108.3152929559,1118.2734787910,2872.7458601206,7552.5944952127,7738.6056397217,112.4439879451,100530.9442361967,23740.5984198669,4858.6550509186,446.2441353126
2026-02-06,4431.3290909197,108.4152886104,1102.4564866695,2876.9534703148,7506.5638563578,7735.9372207430,112.8449649904,99654.8575761862,23669.5339815778,4879.4346798300,448.7275144903
2026-02-09,4511.2107348736,108.4852855686,1138.6818484210,2870.6420550235,7733.7109680947,7921.0111370547,113.0053558086,101387.1198357523,23897.9553903642,4903.9924230889,443.3786977999
2026-02-10,4513.8861966328,108.4802857859,1133.9084339188,2875.9015677663,7730.3291252401,7901.1885960697,112.9552336779,101108.3649893853,23872.5752338324,4939.8845093904,454.7449332670
2026-02-11,4505.0953937097,108.5352833958,1143.1923205988,2916.9257671601,7741.6019347555,7944.6457051521,113.0254046608,101725.6078634836,24004.0767075781,4968.2203669968,455.4135353533
2026-02-12,4507.0064378234,108.5802814404,1138.8638854147,2934.8081104857,7832.7238116723,8051.7636670133,112.9752825302,101874.9408168945,23963.6147156564,4930.4392235216,455.4135353533
2026-02-13,4421.2005571169,108.5002849168,1122.6625929731,2945.3271359713,7692.7530935218,7885.9404876197,113.1156244961,99933.6124225532,23533.7060514878,4915.3267661315,440.0356873684
2026-02-24,4475.0920011241,108.4952851340,1163.5197848982,2925.3409875486,7769.7839585442,7978.1915437421,113.3658581579,101105.4464944861,23907.9794767640,5055.1169969899,471.1734416732
2026-02-25,4520.9570598536,108.3704114115,1164.0861222120,2977.9361149767,7896.2273052762,8128.1948106188,112.8053347554,102177.9725942214,24110.2894363727,5017.3358535147,466.3977124854
2026-02-26,4502.6110363618,108.2605225356,1159.4542920383,2981.0918226224,7931.7366552499,8136.2000675550,112.1947646205,101959.4950553864,24120.4049343531,4968.2203669968,461.9085270488
2026-02-27,4504.1398716528,108.2854972801,1160.8903616555,2980.0399200738,8014.4039250301,8239.1247995924,112.1747459276,103200.8447078578,24110.2894363727,4958.7750811280,466.4932270691
2026-03-02,4501.6555143050,108.4203609005,1210.7684979364,2972.6766022339,7913.3243997080,8221.5894748749,112.8453721413,103131.3291273194,24747.5658091403,5244.0227143662,504.1259730694
2026-03-03,4444.5152953044,108.3903912071,1195.3762588003,2983.1956277195,7636.7648062616,7877.7446293278,112.8754001807,101393.4396138595,24181.0979222358,5296.9163152316,546.6299628412
2026-03-04,4386.8017630697,108.4453356450,1166.1087554757,2975.8323098796,7575.5158745608,7833.1439121116,112.8754001807,100956.4845361896,25081.3772424947,5378.1457737034,612.3439964660
2026-03-05,4423.1116012306,108.4353457472,1165.0367598459,2990.5589455594,7637.3284467373,7867.6427574797,112.8754001807,100380.4982974429,25101.6082384556,5497.1563756505,634.3123507302
2026-03-06,4439.3554761973,108.4253558494,1153.7100135697,3066.2959290558,7714.1714316012,7931.4942116140,112.8854095272,100350.7059057835,25000.4532586512,5733.2885223709,634.9809528165
2026-03-09,4394.6370439360,108.2055780976,1152.9009602642,3150.4481329407,7694.6318951077,7878.5070347503,111.6242318715,99496.6573448833,25227.4091587197,5965.6425547437,737.1815574364
2026-03-10,4456.5548732209,108.1955881998,1163.0141265823,3127.3062768724,7809.8024323242,7999.1576928608,111.5942038321,100817.4533751128,25182.0179787060,5856.0772386655,636.4136715728
2026-03-11,4478.5318805288,108.1506336597,1165.3942935485,3227.2370189857,7809.2387918484,7967.1366651159,111.3539795167,100450.0138779813,25509.8431676937,6290.5603886310,632.3065444713
2026-03-12,4451.2039497025,108.2005831487,1161.3601122499,3212.5103833058,7775.6082434606,7910.9092652065,111.5141290603,100310.9827169045,25545.1474188155,6609.8110509969,689.9018384767
2026-03-13,4450.8217408797,108.1106740685,1145.6066342787,3290.3511718994,7690.8742919359,7827.8070741541,111.1638019337,99615.8269115205,25287.9307320712,6549.3612214365,717.1234948475
2026-03-16,4455.4082467527,108.0107750904,1131.0835816037,3230.3927266314,7690.8742919359,7794.0706342086,110.7334000354,99029.9098755540,25388.8000209906,6594.6985936068,733.2054840499
2026-03-17,4422.9204968192,108.0307548860,1128.7235855440,3229.3408240828,7528.3579547544,7624.0542249912,110.7934561142,98652.5395812027,25207.2353009358,6534.2487640464,724.3556320036
2026-03-18,4444.5152953044,108.1556286086,1126.3030767648,3193.5761374317,7590.7341674067,7706.0128079099,111.0837271619,97907.7297897199,25015.5836519891,6413.3491049256,699.8044295526
2026-03-19,4382.5974660195,108.2205629443,1074.3629925449,3199.8875527231,7443.6240032297,7515.7926549964,111.1738112802,93747.5696860902,24390.1940606894,6454.9083627484,775.4563905934
2026-03-20,4392.3437909995,108.1456387108,1050.9243991999,3186.2128195918,7398.9085254850,7475.7663703152,110.7734374213,94065.2907441240,24228.8031984185,6281.1151027622,736.1554347319
2026-03-23,4254.9621129551,108.0357498349,950.8565320873,3163.0709635235,7050.5916796075,7175.6323100252,110.8134748072,91444.0920153454,23759.7610049437,6738.2669388128,794.2028513796
2026-03-24,4304.6904105007,108.0557296305,988.1727090997,3114.6834462896,7231.1649537485,7338.0349471789,111.3439701703,93360.3471466116,23830.3695071872,6322.6743605849,703.3253384312
2026-03-25,4359.0625957550,108.0457397327,1022.6246173900,3084.1782723814,7324.4196563006,7465.0819862919,111.2839140914,94909.2373045262,24067.4123361476,6226.3324447230,688.8610641190
2026-03-26,4308.3668216033,108.1356488130,1004.4909724526,3105.2163233526,7236.5266204250,7353.9643924499,111.5341477533,94670.9465110009,23931.2387961065,6402.0147618830,697.6157564659
2026-03-27,4335.4561665699,108.1256589152,1007.1938739227,3089.4377851242,7370.5682873377,7481.9827392014,111.2739047449,95246.8159286871,24143.0643028371,6494.5785633974,704.9430533214
2026-03-30,4326.9423724375,108.2805023312,1023.5524790886,3089.4377851242,7368.2704301906,7485.6737082276,111.7043066433,95078.0266166066,24939.9316852996,6392.5694760142,726.5443050903
2026-03-31,4289.5977754480,108.2904922290,1028.8170856834,3066.2959290558,7251.2712037854,7358.2381460592,111.7943907616,94661.0177279373,25091.2356186786,6313.2290747161,704.7527339225
2026-04-01,4359.4495863973,108.0956892218,1062.1797650230,3024.2198271134,7378.8022754480,7488.7818926708,111.4440636350,96338.9820656782,24874.3666475021,6012.8689840878,622.1541148239
2026-04-02,4310.6887654576,108.0906942729,1032.5285324781,3017.9084118220,7252.2286442634,7350.0791618960,111.2939234379,95197.1720133693,24934.8882208536,6475.6879916598,686.3869119340
2026-04-03,4282.0514579216,108.1606235575,1041.8273203714,3002.6355959727,7188.0801322408,7294.3261034473,111.5641757927,95564.5369867209,24874.3666475021,6600.3657651281,687.0530298300
2026-04-07,4279.9230093885,108.1855983020,1043.1182583870,3016.8902240987,7244.3776323442,7319.9686251032,111.7643627221,95872.3292616911,24844.1058608263,6505.9129064400,675.6338658993
2026-04-08,4439.7501446909,108.2155679954,1071.0751347865,3015.8720363754,7609.1624544423,7725.7809564596,112.1947646205,97520.5072502413,24995.4097942052,6027.9814414779,590.9417334133
2026-04-09,4407.2429307311,108.1806033531,1050.2184174726,3025.0357258850,7564.7372162655,7664.5885752354,112.2348020064,97113.4271446355,24753.3235007989,6162.1045008151,609.0220763036
2026-04-10,4469.7419194753,108.1506336597,1057.3185765582,3031.1448522247,7635.5878116336,7731.4145407628,112.4750263218,97738.9404776395,24823.9320030424,5954.3082117012,606.4527644192
2026-04-13,4478.4492089288,108.2555275867,1052.3161917479,3034.1994153946,7652.0557878543,7723.6440796549,112.8553814877,98900.6080960755,24989.9615442058,5925.9723540947,626.1508221996
2026-04-14,4542.8831508849,108.3853962582,1061.8166887062,3031.1448522247,7767.9060856860,7847.5829343248,112.9855029919,100469.3558201172,25115.7414996327,6069.5406993007,619.6799626389
2026-04-15,4528.5644971169,108.4703103895,1067.2830043658,3031.1448522247,7752.3955499433,7808.3421057303,113.0755871102,101362.9462958372,25090.5855085473,6170.5055477855,599.4109466619
2026-04-16,4576.3578414507,108.4503305939,1070.5708621242,3045.3994803508,7877.8202525544,7943.3538674788,112.7352693301,101948.7444965870,25794.9532589377,6191.8634965035,605.2156883267
2026-04-17,4573.8424022752,108.6251538055,1063.0269430957,3011.7992854823,7953.3924214848,7978.0469600665,113.4959796620,101561.6727447016,25679.2356999450,6199.6300233100,609.4305490874
2026-04-20,4604.9927357517,108.6051740099,1063.9749757009,3020.9629749919,7978.4546203648,8026.7732137009,113.3758675044,101849.4953294369,25281.7710407961,6121.9647552448,592.3795214644
2026-04-21,4616.8688003897,108.6451336011,1060.6871179425,3032.1630399480,7981.5391986885,8006.6979972035,113.8863441745,101373.0993271164,25055.3671210278,6131.6729137529,589.6015450539
2026-04-22,4652.6916838877,108.7300477325,1060.3845543451,3081.0360506658,8134.4186118563,8133.1913516384,114.2867180334,101869.3451628669,25216.3654639742,6184.0969696970,597.4565128353
2026-04-23,4639.4527921601,108.6401386522,1048.9476503635,3048.4540435206,8031.2780241579,8054.6446307798,113.9363909069,102008.2939968771,25125.8038960668,6345.2524009324,614.6991250383
2026-04-24,4625.8245212642,108.6101689588,1040.9398004857,3038.2721662878,7969.7792438294,8008.0623323053,113.3858768508,101690.6966619967,25020.1487335083,6248.1708158508,621.1172084695
2026-04-27,4629.3289337803,108.3903912071,1048.3021813557,3047.4358557973,8002.3601023733,8058.3478260560,112.9054282201,102028.1438303071,25010.0863370741,6403.5013519814,626.0026152603
2026-04-28,4616.8688003897,108.4803002873,1030.8341763327,3060.6722962001,7907.1237466295,7969.2762344123,113.1956992678,101492.1983276965,24763.5576244375,6574.3649417249,641.1377970830
2026-04-29,4670.9925048051,108.5652144187,1020.5268431147,3074.9269243261,8031.8563825936,8131.8270165366,113.5059890085,100866.9285746509,24768.5888226546,6516.1159906760,638.5514052526
2026-04-30,4673.5234694001,108.5102699808,1024.8030752912,3075.9451120494,8067.5218194613,8130.0728714058,113.1556618819,100271.4335717502,24582.4344886229,6516.1159906760,660.0088782163
2026-05-06,4738.1604113639,108.4453356450,1037.2686955040,3061.6904839234,8235.4385519570,8352.0696829641,112.4750263218,101889.1949962969,24884.3063816473,6591.8396270396,637.4018977724
2026-05-07,4760.6792544976,108.4553255428,1049.8755120622,3042.3449171809,8397.0017078170,8477.0912494856,112.5350824006,102226.6421646073,24532.1225064521,6292.8283449883,599.4681509257
2026-05-08,4735.6148030096,108.4803002873,1047.0919269662,3057.6177330302,8411.2114793565,8473.1597536830,112.4650169753,103765.0042554339,24597.5280832741,6153.0308624709,598.2228511554
2026-05-11,4809.8290773373,108.5801992654,1035.5743393586,3094.2724910685,8489.8518588354,8588.9423050685,112.8954188736,103834.4786724390,24678.0272547473,6296.7116083916,608.4726261873
2026-05-12,4808.8499972011,108.6301487544,1038.9227098364,3088.1633647288,8469.2184919424,8546.4821504008,113.0355497243,105710.2879315759,24713.2456422668,6273.4120279720,618.4350243490
2026-05-13,4864.8533809945,108.7200578347,1039.3664697793,3103.4361805781,8633.5068094675,8698.6310379600,113.1156244961,107695.2712745780,25040.2735263766,6178.2720745921,608.5684184773
2026-05-14,4782.2190174951,108.6850931924,1038.3982662676,3083.0724261124,8457.5392276634,8460.5789671148,112.8954188736,105948.4859327362,24823.9320030424,6104.4900699301,594.5827441348
2026-05-15,4723.0825772656,108.7050729880,1012.9627531797,3033.1812276713,8353.2044667706,8304.1054341728,112.6952319442,103923.8029228741,24511.9977135838,6207.3965501166,623.2246388499
2026-05-18,4701.5428142682,108.8499265062,1008.3436155928,3039.2903540110,8401.8680679333,8333.9848022723,112.9054282201,103546.6560877037,24446.5921367619,6304.4781351981,645.5199334350
2026-05-19,4712.5085117942,108.9997749733,1008.1217356214,3093.2543033452,8485.5694619330,8389.0257435082,113.5360170479,103745.1544220039,24632.7464707936,6222.9296037296,646.1840485928
2026-05-20,4706.0465828949,108.9997749733,992.4896019013,3080.0178629425,8472.3329624168,8426.9646780029,113.4659516226,103169.5092525333,24622.6840743595,6187.9802331002,636.1274476310
2026-05-21,4643.7770862295,108.8749012507,1001.2814197078,3047.4358557973,8212.6639866129,8184.1948121947,113.2851614014,103229.0415717788,24457.0268726359,6193.8051282051,622.3707765040
2026-05-22,4688.0315083879,108.8199568128,1001.6636726560,3044.3812926275,8360.2120253381,8324.1560627659,113.4759955238,104052.5719880089,24602.6044135445,5956.9260606061,608.2346110011
2026-05-25,4751.0842691624,108.8599164040,1007.3371111489,3027.0721013316,8429.8983022030,8435.8105435587,113.7170491521,104826.4921382010,24562.4450919145,5809.3620512821,576.7365778000
2026-05-26,4796.7094035116,108.8699177744,1000.8991667597,3025.0357258850,8366.2463118822,8418.3153872373,113.9681466816,104141.8704668772,24667.8633111931,5817.1285780886,571.4236565372
2026-05-27,4755.5880377891,109.0199383308,989.3913411640,3025.0357258850,8215.5838026827,8271.6705938017,114.1288491005,103864.0529770647,24582.5247527295,5867.6110023310,569.0518166877
2026-05-28,4754.4131416256,109.0999492942,966.8786543780,3048.4540435206,8296.5600350173,8313.1478745187,114.2092003099,103338.1841570623,24381.7281445798,5993.8170629371,568.0082071539
2026-05-29,4746.3846845084,109.1899616281,995.2659654192,3045.3994803508,8121.7603796411,8132.8887919712,114.4201222347,104181.5586797076,24366.6683989686,5921.9766899767,551.2155810196
2026-06-01,4710.3545354944,109.2199657393,989.4114597402,3047.4358557973,8083.8027707342,8084.3348188096,114.7214392700,103864.0529770647,24457.0268726359,6022.9415384615,565.3517465225
2026-06-02,4776.5403527048,109.3049773880,996.4730799922,3027.0721013316,8102.1002847714,8118.9319818721,114.7415270724,105788.9312993374,24923.8789865840,6052.0660139860,565.4466201165
2026-06-03,4811.0039735008,109.2199657393,982.8729224700,3030.1266645015,8144.7295993899,8171.8106004166,114.4904295429,105550.8020223552,24617.6641591557,6151.0892307692,580.4366479652
2026-06-04,4769.0993436693,109.3049773880,983.7380212473,2996.5264696330,8131.4930998736,8158.0503651076,114.8319221830,104330.3894778215,24411.8476358022,6003.5252214452,572.6570132589
2026-06-05,4676.8699948347,109.2399684802,979.7947803089,2971.0717765508,8070.1769624087,8050.3273801174,114.4602978394,104330.3894778215,24396.7878901910,6106.4317016317,564.1183898008
2026-06-08,4584.6406460000,109.1299534055,947.7861255488,2957.8353361481,7857.0303893163,7799.1047983337,114.2393320134,103308.4179974396,24201.0111972450,6277.2952913753,581.5751310930
2026-06-09,4644.3645343112,109.0149376456,952.6548209931,2947.6534589152,8013.3378762507,7973.4666371773,113.9179271757,103834.2868174419,24206.0311124488,6059.8325407925,550.4565922677
2026-06-10,4622.6289552865,108.8499150336,924.7704743573,2971.0717765508,7944.0409081951,7886.7771547308,113.5663906344,103298.4959442320,24000.2145890953,6118.0814918415,542.8667047494
2026-06-11,4595.2147114715,108.7799054406,900.3062856784,2992.4537187399,7909.1977697627,7853.9491647794,113.4458638203,102355.9008895108,24150.8120452076,6164.6806526807,552.2591905534
2026-06-12,4670.0164338809,108.8349129779,917.0248225141,2994.4900941864,7977.7161201997,7978.1844321404,113.7974003615,103844.2088706495,24261.2501796900,6166.6222843823,525.1253426753
2026-06-15,4777.9110648956,108.8499150336,944.5067976255,2994.4900941864,8248.6750514733,8241.2015013318,113.9179271757,104766.9598189555,24266.2700948937,5753.0547319347,499.3197251129
2026-06-16,4773.2114802416,108.9899342195,947.3032797196,2998.5628450796,8372.4752528311,8330.6430308401,114.1489369028,103794.5986046115,23924.9158610392,5659.8564102564,496.2154389545
2026-06-17,4824.9069114355,109.0549431273,948.5305128688,3010.7810977590,8462.6002421843,8465.6899116582,114.4000344323,104578.4408080112,23975.1150130766,5621.0237762238,479.9414539424
2026-06-18,4856.8249238773,109.0699451830,943.5209873909,2995.5082819097,8531.7025558352,8534.0979386228,114.3699027288,103973.5972610985,24075.5133171515,5696.7474125874,478.3422762244
2026-06-22,4923.9898212240,109.0749458682,922.3562452114,2987.3627801234,8539.6833864259,8627.8641135139,114.4904295429,104112.4138128490,24206.0311124488,5634.6151981352,477.1193756166
2026-06-23,4767.8623591172,108.9699314787,903.2234792297,3000.5992205261,8434.3375414301,8452.7489695908,114.1288491005,102704.4173593799,23555.0621334214,5607.4323543124,462.2564297673
2026-06-24,4789.8024792627,109.0049362752,901.3524516416,3005.6901591426,8501.8216581500,8586.1512927142,113.9982783851,102674.6709554334,23489.9652355187,5506.4675058275,457.2707580584
2026-06-25,4870.5107783693,109.0949486090,877.1699230296,3011.7992854823,8558.9085127007,8699.2874812039,114.4402100370,100364.3669155864,22899.0857007092,5289.0047552448,436.1992398924
2026-06-26,4726.7246338444,109.1999629985,888.5369185918,3028.0902890549,8369.4036965631,8475.9664830547,114.5406490488,100701.4928269804,23034.2869501995,5298.7129137529,439.4916646058
2026-06-29,4769.8212984159,109.3499835549,893.9890527464,3020.9629749919,8351.3556188357,8573.9522602162,114.7515709736,102287.9677041286,23119.4136628415,5407.4442890443,436.7636555575
2026-06-30,4827.8059016576,109.2349677950,886.4647052416,2996.5264696330,8538.7025126364,8802.3889816709,114.2092003099,102416.8687878968,22598.6384796196,5395.7944988345,433.0008844564
2026-07-01,4802.1437968445,108.9999355900,874.9769982221,3018.9265995453,8560.6740855219,8742.9678878903,113.8576637686,101058.4496743387,22403.3477859114,5306.4794405594,424.5346494790
2026-07-02,4685.1951207119,109.0849472386,895.9405546394,3031.1448522247,8406.0883762916,8498.9872379300,113.9179271757,101088.1960782853,22433.3925080204,5172.5068531469,408.5428722994
2026-07-03,4712.6202708937,109.0499424421,916.8035181757,3015.8720363754,8403.3419296809,8547.9801265108,113.7471808556,102109.4892804494,22874.0484322851,5261.8219114219,415.1277217263
2026-07-06,4714.5792101924,109.1849609429,913.2022930330,3081.0360506658,8296.2305118640,8485.0173781339,114.0886734957,102089.6583444850,22919.1155154485,5302.5961771562,412.5878512331
2026-07-07,4664.2344702157,109.1799602576,909.1182220611,3100.3816174082,8137.9174822335,8335.8743679163,114.1388930016,102099.5738124672,22974.1975059816,5374.4365501166,416.7268994443
2026-07-08,4632.3037596468,109.2799739619,908.1122932503,3106.4907437480,7975.6809574448,8245.3654171246,114.4402100370,101980.5881966811,23109.3987554719,5457.9267132867,439.1153874957
2026-07-09,4738.2823757068,109.2299671098,904.1891708881,3107.5089314713,8124.1852491800,8481.8692407151,114.3598588276,102287.9677041286,23094.3763944174,5475.4013986014,445.5120983675
2026-07-10,4669.1318184625,109.2149650541,903.2637163821,3104.4543683014,8029.6290158691,8332.9229890861,114.4803856417,102833.3184431483,23089.3689407326,5397.7361305361,438.9272489406
2026-07-13,4595.4757008312,109.1749595724,891.1925706524,3105.4725560247,7669.4521603529,8006.8940076473,114.1589808040,102228.4748962355,22979.2049596664,5448.2185547786,449.5464565763
2026-07-14,4665.6057277248,109.2049636837,885.4788950070,3104.4543683014,7763.4198693901,8108.4214394049,114.2995954205,103498.1473964022,23344.7490786587,5671.5062004662,483.8260040318
2026-07-15,4688.7212114495,109.1949623133,885.3179463972,3121.7635595973,7685.1461409854,8028.7342109905,114.3096393217,103299.7610682512,23214.6947662428,5584.1327738928,485.4095700827
2026-07-16,4608.6005941325,109.1549568316,884.3924918913,3122.7817473206,7508.5888588696,7835.1237597317,114.0886734957,103508.0667128098,23249.7093888163,5555.0082983683,479.4479096557
2026-07-17,4462.2678285193,109.1949623133,878.9001205842,3116.6726209808,7033.5468141114,7371.8690965868,114.3799466299,102535.9737048696,23199.6884994256,5523.9421911422,475.5355700004
2026-07-20,4525.0664479040,109.1349540907,879.3013349185,3185.9093861643,6827.2473570699,7275.6135316922,114.1991564087,102952.5849939868,23019.6132976189,5718.1053613054,510.8397778418
2026-07-21,4640.9566445603,109.1949623133,895.1091796875,3205.2549529068,7133.5348651295,7665.7852659357,114.3498149264,104609.1108340481,23169.6759657911,5617.1405128205,494.6315135558
2026-07-22,4627.4856473421,109.3399821845,904.4775343920,3203.2185774602,7006.2773456519,7594.0887340595,115.1031075148,104966.2062247200,23199.6884994256,5718.1053613054,521.0863817007
2026-07-23,4644.5224967651,109.2299671098,904.4975951087,3232.7460214355,7050.9360403754,7585.5722951902,115.2236343290,105035.6414395728,23354.7532565369,5772.4710489510,533.7549101082
2026-07-24,4564.0927192566,109.3049773880,886.4830715014,3283.6554075999,6861.2353902224,7394.0514489905,115.3441611432,103904.8393691119,23234.7031219991,5688.9808857809,549.0316649525
2026-07-27,4631.0514995470,109.2349677950,898.4994408118,3221.5459564794,7121.4809696511,7616.2710864632,115.3441611432,104202.4188613384,23204.6905883646,5459.8683449883,504.9712683589
2026-07-28,4506.6428781791,109.1899616281,887.7870180876,3157.4001299123,6917.5527707365,7334.4363769056,115.4144684514,103964.3552675572,23229.7010330600,5463.7516083916,496.2150796067
2026-07-29,4526.8493740064,109.2149650541,886.8842858356,3165.5456316986,7005.2893214323,7422.3735596488,115.1432831196,104043.7097988176,23464.7992131965,5523.9421911422,506.9274381865
2026-07-30,4486.6344852521,109.3749869810,884.0757854959,3129.9090613836,6802.7443564252,7223.3265581693,115.8965757080,103845.3234706666,23634.8702371250,5673.4478321678,529.2836647879
2026-07-31,4522.8873160010,109.4149924627,890.9967327615,3126.8544982137,6959.0497879575,7368.3040756648,115.9066196092,104609.1108340481,23639.8723260641,5613.2572494173,508.6973061258
2026-08-03,4492.1813664596,109.3599849253,889.3316932745,3122.7817473206,6983.1575789145,7322.9490872680,115.9267074116,105263.7857169466,23649.8765039422,5683.1559906760,493.8863060024
2026-08-04,4532.6012422360,109.4399958887,889.1712075408,3135.0000000000,7170.0803833733,7495.1717887494,116.1376293363,105789.5094865468,23819.9475278708,5727.8135198135,501.1520796478
2026-08-05,4600.4986690328,109.4249938331,913.1638247283,3123.0000000000,7391.2060839671,7709.6039846979,115.9970147198,106473.9423186679,23794.9370831754,5551.1250349650,471.0643246801
2026-08-06,4591.5385980479,109.4049910922,929.7139160156,3134.0000000000,7409.1029482238,7695.2686846902,115.8965757080,106464.0230022604,23819.9475278708,5547.2417715618,479.9136643765
2026-08-07,4624.9895297249,109.4399958887,939.6038493546,3154.0000000000,7547.1076570476,7842.4046111582,116.2280244469,107525.3898578685,24050.0436190682,5630.7319347319,495.0041173325
2026-08-10,4623.9939662822,109.4950034261,951.0785793139,3148.0000000000,7563.6125429732,7845.9884361601,116.6498682965,106979.8274554531,24175.0958425450,5506.4675058275,494.7246644999
2026-08-11,4604.4809228039,109.4449965739,952.8238616678,3140.0000000000,7569.5781643921,7836.6306708773,116.4289024705,107079.0206195286,24260.1313545093,5591.8993006993,525.1850232443
2026-08-12,4620.4099378882,109.4299945183,961.4499698539,3142.0000000000,7633.4103135743,7878.6410639554,116.3485512611,107515.4705414609,24295.1459770828,5595.7825641026,518.0124005431
2026-08-13,4603.4853593611,109.5050047965,955.8530298913,3152.0000000000,7590.4578393583,7830.8567305964,116.7503073083,106543.3775335208,24100.0645084589,5578.3078787879,519.3165137615
2026-08-14,4599.9013309672,109.5550116486,946.0232787024,3165.0000000000,7606.3661631420,7825.8791958715,116.9009658259,106821.1183929323,23894.9788619569,5681.2143589744,521.8497650481
2026-08-17,4678.1526175688,109.5600123338,958.6214087976,3176.0000000000,7829.8781123034,8045.6871293230,116.7503073083,108656.1919283295,24025.0331743728,5787.4420512821,526.9162676214
2026-08-18,4649.4803904170,109.6150198712,959.3034731658,3241.0000000000,7762.2677362225,7986.5540167912,116.9712731342,107059.1819867135,23945.0663487456,5860.2276923077,548.6834638622
2026-08-19,4533.9950310559,109.5800150747,948.4305647079,3246.0000000000,7426.0055422440,7677.3495596806,116.6800000000,105987.8958146979,23665.1824590504,5754.0000000000,549.6217050794
2026-08-20,4533.7959183673,109.5150061669,975.8936858865,3267.0000000000,7473.1339514533,7726.1293999846,116.4489902729,106335.0718889622,23585.2156334232,5740.0000000000,547.3699261580
2026-08-21,4555.6983141083,109.4700000000,990.4377055027,3228.0000000000,7483.8720700073,7727.1249069296,116.3686390634,106880.6342913776,23700.1679452623,5732.0000000000,556.2832177221
2026-08-24,4506.3183673469,109.5750000000,1009.8765399966,3232.0000000000,7383.2519220752,7594.1251790803,116.6800000000,107268.3151635282,23755.1451378810,5674.0000000000,551.4981875140
2026-08-25,4501.7387755102,109.5300000000,1007.2686468240,3245.0000000000,7423.6192936764,7602.6865388072,116.6200000000,107337.8989098117,23745.1492846776,5732.0000000000,548.0266950101
2026-08-26,4546.5391304348,109.4400000000,1006.0449431046,3297.0000000000,7448.8737576831,7674.1639374567,116.4600000000,108103.3201189296,23750.1472112793,5492.0000000000,522.0374132916
2026-08-27,4584.3705412600,109.2750000000,998.3215671705,3355.0000000000,7642.5575997500,7867.4913861717,115.8400000000,107655.9960356789,23810.1223304997,5522.0000000000,540.8960617588
2026-08-28,4573.2202307010,109.3050000000,1002.3136497962,3340.0000000000,7622.6721950203,7818.5124444787,115.7600000000,108252.4281466799,23910.0808625337,5630.0000000000,559.6608861043
2026-08-31,4581.1847382431,109.3350000000,964.8402309783,3350.0000000000,7669.4028961350,7860.3237361678,115.9400000000,108451.2388503469,24065.0165871864,5836.0000000000,595.8769970911
2026-09-01,4576.8042590949,109.4000000000,962.8542200238,3377.0000000000,7601.1959579123,7766.5469819508,116.1300000000,108570.5252725471,24100.0020733983,5930.0000000000,598.4102483777
2026-09-02,4512.0926353150,109.3650000000,941.0682816746,3361.0000000000,7497.1952911762,7641.1131068834,115.9100000000,107397.5421209118,24090.0062201949,6010.0000000000,650.4826359365
2026-09-03,4516.6722271517,109.4900000000,961.2894841202,3382.0000000000,7516.0864256693,7671.5756193997,116.3700000000,107765.3419226957,24359.8942566867,5942.0000000000,639.5990378161
2026-09-04,4517.2695652174,109.4200000000,968.8924957541,3423.0000000000,7425.4089801021,7573.8168374028,116.3500000000,108133.1417244797,24279.9274310595,5922.0000000000,642.8828820765
2026-09-07,4535.3888198758,109.4300000000,953.6664117697,3408.0000000000,7560.4308782165,7681.5306888495,116.4400000000,108759.3954410307,24409.8735227037,5924.0000000000,656.1120832401
2026-09-08,4526.8269742680,109.4150000000,956.0135156250,3415.0000000000,7589.6624231691,7708.6084777530,116.4200000000,109962.2001982161,24449.8569355173,6210.0000000000,676.0966211680
2026-09-09,4539.7692990240,109.4100000000,955.1107833730,3425.0000000000,7574.9472236691,7703.8300444171,116.3400000000,110419.4648166501,24549.8154675513,6188.0000000000,695.7058626091
2026-09-10,4522.0482697427,109.4250000000,960.0858411175,3402.0000000000,7530.6027711220,7671.1774166217,116.2300000000,111532.8047571853,24479.8444951275,6234.0000000000,721.5074960841
2026-09-11,4483.4204081633,109.3500000000,944.9400000000,3402.0000000000,7372.7126575685,7534.9920665486,116.0500000000,108341.8929633300,24224.9502384408,6250.0000000000,762.6962855225
2026-09-14,4460.3233362910,109.3650000000,937.6000000000,3361.0000000000,7427.1986665278,7539.5713984955,115.9100000000,107198.7314172448,24025.0331743728,6352.0000000000,848.8268292683
2026-09-15,4430.0582076309,109.4500000000,932.3000000000,3385.0000000000,7400.5522241900,7533.7974582146,116.0800000000,106393.5480673935,24105.0000000000,6460.0000000000,838.6000000000
2026-09-16,4458.1330967169,109.4700000000,940.5200000000,3479.0000000000,7549.4939056152,7655.0502041131,116.2200000000,107099.3260654113,24185.0000000000,6556.0000000000,827.0000000000
2026-09-17,4440.4120674357,109.4650000000,935.0000000000,3477.0000000000,7516.4841337639,7630.1625304886,116.1700000000,107854.8067393459,24225.0000000000,6388.0000000000,785.2000000000
2026-09-18,4488.0000000000,109.5350000000,951.3800000000,3397.0000000000,7635.2000000000,7754.8000000000,116.6000000000,108968.1466798811,24400.0000000000,6238.0000000000,728.0000000000
2026-09-21,4520.0000000000,109.5250000000,942.9000000000,3386.0000000000,7702.8000000000,7797.4000000000,116.6800000000,109524.8166501487,24220.0000000000,6282.0000000000,722.5000000000
2026-09-22,4530.6000000000,109.6150000000,935.7800000000,3416.0000000000,7712.4000000000,7786.6000000000,117.0300000000,110658.0376610505,24240.0000000000,6274.0000000000,724.0000000000
2026-09-23,4509.0000000000,109.5600000000,939.5000000000,3404.0000000000,7710.8000000000,7761.2000000000,116.9900000000,110330.0000000000,24205.0000000000,6120.0000000000,688.1000000000
