日期,唐奇安20日,唐奇安55日,唐奇安90日,TSMOM1月,TSMOM3月,TSMOM6月,TSMOM12月,唐奇安20日·仅做多,TSMOM1月·仅做多,基准·等权买入持有
2019-04-10,0.9980530012308463,0.99916140125547,1.0002043527354407,0.9996938826186242,0.9975205198676922,1.0024794801323078,0.9960550359188621,0.9986072012431582,0.9994276419370471,0.99916140125547
2019-04-11,0.9960842022917435,1.0006890236553352,1.0043707738646728,0.9990199056552255,0.9986384347972391,1.000463554928077,0.9998721544336191,0.9988301454559411,1.0002996258882104,1.0015785225500207
2019-04-12,0.9990675003233797,1.0005306701392724,1.0037654973936028,0.994904331871294,1.0017958225606376,1.0007266417469698,0.9992695890216168,0.9985365512863131,0.9964472152480585,0.9979899648422704
2019-04-15,0.9965722148761943,0.9962070184815636,0.9987326747257045,0.9912789443261286,0.9992937228163485,0.9992503533024963,0.9942593085805893,0.9971155629020834,0.9944580657578316,0.9976421379153929
2019-04-16,0.995415364029017,0.9947559429352077,0.9955582147622177,0.9899630249084072,0.9981337127613193,1.0000306586233527,0.991099067158349,0.9960000442943908,0.9932626487077871,0.996568015338949
2019-04-17,1.0000498681800256,0.9976204924751202,0.9958982634342233,0.9945721437889044,1.0027808731349854,0.998031294290817,0.9914375927378838,0.9984297633094886,0.9956856899098199,0.9967903537514697
2019-04-18,0.9931692313859727,0.9905903004173122,0.9868132446743405,0.9877291953473951,0.9958814462247836,1.0056616473664968,0.98298231082752,0.9901085723698546,0.9873873688400056,0.9870335088388452
2019-04-19,0.9935352342780978,0.9912304435655279,0.9870871219136252,0.9880931934765247,0.9965250086379904,1.0046261582934652,0.9828361363530781,0.9915718598047154,0.9888466345917458,0.9895872526440425
2019-04-22,0.9969608489306913,0.9975088054405652,0.995199287442882,0.9915000444918896,1.0028369057980986,0.9971370130865164,0.9883538969567269,0.9968945663118887,0.994154712230793,0.9967993567322451
2019-04-23,0.9993929823184624,1.0012595536470363,0.9995475643591215,0.9955016584670037,1.0066076882766994,0.9930941738562482,0.9927883503629022,0.9992778248428331,0.9973249407978982,0.9991336791424804
2019-04-24,0.9991916786400268,0.9996311093103162,0.9992774069228834,0.993716661803766,1.0049705457562585,0.9959766864122184,0.9935698488679066,0.9976374130996747,0.9948940455032719,0.9960545803625859
2019-04-25,1.0063492148234474,1.0049210613484085,1.0030687481664116,1.0006693592106177,1.0102887535803566,0.9931603747074416,0.9949973148691058,1.0025379817457312,0.9996982304129928,0.9987051032304539
2019-04-26,1.0039778944869617,0.998993106922962,0.9985794311012998,0.9983114226547566,1.0043291355385877,0.9986820300483872,0.9918251346312734,0.9985699159701945,0.9957414044311395,0.9931526209650328
2019-04-29,0.9985171164935133,0.9933929430440743,0.9941871532211044,0.9928814654043262,0.9986990589060456,1.0029438419473806,0.9865302896968475,0.9935516547691454,0.9907373577677869,0.9885724450290192
2019-04-30,0.9987910287728102,0.9936654496649145,0.9953623631517743,0.9931538317170998,0.9989730210956146,1.0003556532193243,0.9888523130216597,0.9948871095402356,0.9920690297799841,0.9909587849728064
2019-05-06,0.9896302782956018,0.9845517101738943,0.9846034114002126,0.9840447847035094,0.9898106014141281,1.0139994957642655,0.9839770876141114,0.9835400087996117,0.9807540704096002,0.977443106236765
2019-05-07,0.9924105837071943,0.9893958469639246,0.989667058239455,0.9877545108877895,0.9946806127095483,1.0055015325721928,0.9870354055988028,0.9890429530083681,0.9867124033609223,0.9856347035441037
2019-05-08,0.9920843661641793,0.9859973261992689,0.9892296116569871,0.9889362330338487,0.9912639390628304,1.0063369583278163,0.9857771798403959,0.9884695221945864,0.9868927337007632,0.9848157842383611
2019-05-09,0.9870571310734981,0.9791460081681053,0.9843289620126215,0.9839823501384738,0.9843760253546638,1.002500839936909,0.9817223809184665,0.9877953814354743,0.9862483087717844,0.9884628891209069
2019-05-10,0.9881386152143924,0.9800556333656423,0.9898092531561474,0.9851175673887578,0.9866271871652401,0.9997003902825046,0.983389741135415,0.9897448748468647,0.9882233656796742,0.991281486322542
2019-05-13,0.9944389739364026,0.9863044551024497,0.9893862026374619,0.9912344776886162,0.9922293082693004,1.0018268321891852,0.9839223626447262,0.9935251516321738,0.9919154791962294,0.9925333802747154
2019-05-14,0.9990071744629725,0.9908352877118376,0.980825885732307,0.9996786328719512,0.9954615248566773,1.0098595708337605,0.9802422476191881,0.9934492714306409,0.9937863960759495,0.9878223246517491
2019-05-15,1.001599732537378,0.995264066988509,0.9828359092107376,1.0024395465767786,0.9964273023482993,1.0059945449118703,0.9772380215912406,0.9974829922386806,0.9979043012505494,0.9932805399878535
2019-05-16,1.0043703539302942,0.996764183604412,0.9833680219913051,1.005212491060115,0.99776310103931,1.0011711127604062,0.9789973889936786,1.0018818063160306,1.0023049732643523,0.9992934943637175
2019-05-17,1.007206957439863,1.0003180279794741,0.9842200245602766,1.0080514729843082,1.001320506935909,1.0012317875127206,0.9801430352372658,1.0023715280621015,1.002794901855238,0.997448142376505
2019-05-20,1.0093496337075216,1.005075156038789,0.9870685050771707,1.0101959458275378,1.0060824023998283,0.9949979445166638,0.9809744145442355,1.0049490782597523,1.0053735407382451,1.000456006367317
2019-05-21,1.007505291185024,1.003528037577814,0.9806230410416528,1.0083500568741721,1.004533733478243,0.994803238763033,0.9750874398796691,1.0035741906760005,1.003998072440302,0.9995466168607882
2019-05-22,1.0075422511880432,1.003854069509737,0.9787224876678541,1.0083870478671453,1.0048600921464057,0.9988857328288738,0.9757677267409223,0.9999215250359428,1.000343864016093,0.9922339355119753
2019-05-23,1.0101815789440802,1.0059625239404628,0.9715697784832746,1.0110285886274715,1.0069706595863328,1.009701081766505,0.9694886452155145,0.9959005332221214,0.9963211738474115,0.9816545536584284
2019-05-24,1.0057425308482555,0.9995139822403494,0.9652966505361308,1.006585818510972,1.0005156554141121,1.01938078626275,0.972149555193469,0.9914718186476549,0.9918905887073557,0.9772375182612123
2019-05-27,1.0046110960658319,0.9982178756153607,0.9574237464254073,1.0072739884144553,0.9992182498825952,1.0132554578889497,0.9726544961256832,0.9947903919146095,0.9961075511239721,0.9848787443941024
2019-05-28,1.0034449722317362,1.0026116940526177,0.9614784322394768,1.0062726525691341,1.0036164716299982,1.0120792999268298,0.9738271528448542,0.9961000702088231,0.9975019724695285,0.9886152219669303
2019-05-29,1.0100563033533885,1.0065282944034395,0.965234349697207,1.012902614240078,1.0075369970419732,1.0187475194688587,0.982077366206577,1.0005785311606874,1.001986736366971,0.9909912168570452
2019-05-30,1.0077419631738216,1.0074048083357139,0.9660749036688375,1.0111277570984083,1.0084143893816615,1.0164132651215383,0.9772778337085102,0.996517447874425,0.9981899978411413,0.9852175314056285
2019-05-31,1.0238601916000796,0.9996088803651387,0.9585988123291258,1.0269425976285513,1.0006106486420292,1.0326701858228566,0.9897872199793158,0.9998134212320859,1.001315019764122,0.9759767657107302
2019-06-03,1.0397389830750254,1.001473947479935,0.9570082572576923,1.0435946914933665,1.0024775848529357,1.0486856092933685,0.995850189094642,1.0033580700374718,1.005218688782857,0.9677608672351584
2019-06-04,1.0441734334100352,1.0055782864541876,0.9525384382803439,1.0503852086069054,1.0065860370325255,1.0531582166757496,1.0020742015568485,1.0052522388976262,1.00824316398421,0.9672873358709332
2019-06-05,1.043368994945259,1.0048035819586654,0.9514870832394511,1.049400920345943,1.005810556158959,1.052346856271547,0.9983181302423537,1.0054257991957978,1.0083332204123434,0.9683665518032276
2019-06-06,1.0425911436624338,1.0040544819192734,0.9507777316563822,1.0486185721488588,1.0050607054012906,1.051562311823616,1.0003764350110362,0.9992815437135557,1.0021711973944332,0.9572529217615386
2019-06-10,1.0271791621556585,0.9891395890772794,0.936654247085005,1.0331174908862195,0.990130865446685,1.035941706089604,0.9964952562338285,0.9981495510243581,1.0010359312865862,0.96923463621412
2019-06-11,1.0256607770865636,0.989924403847816,0.9373974183179792,1.0315903277285376,0.9909164667273815,1.036763655146473,0.9933988651789067,0.9976630459129442,1.0005480193331318,0.9697225436296277
2019-06-12,1.0367244102696327,0.9993094578483047,0.9462844862159289,1.042717921993778,1.0003109260558534,1.0400053539913152,0.9956078677274391,0.9990661865569674,1.0019552174828223,0.9619899956321029
2019-06-13,1.0366657949228906,0.9998507740439635,0.9467970793011502,1.0426589677799616,1.0008527847370814,1.040395380531693,0.9997980627391188,1.0025369674428766,1.0054360349343274,0.9687283401159928
2019-06-14,1.0395577083861056,1.0015652640858446,0.9484205957360862,1.045567599974862,1.0025689929727166,1.0421793942723896,1.0032250806908762,1.0045861617927159,1.0074911550035328,0.9699861254179785
2019-06-17,1.040367867035097,0.9999457056091668,0.9468869736443875,1.0463824423134753,1.0009478114389248,1.0404941616343015,1.0093738142281037,1.0062839812743953,1.0091938841228871,0.9725088720965996
2019-06-18,1.0429679921655803,1.0024448062068072,0.9492534679334858,1.0489975992887761,1.0034494165358234,1.0430946024048307,1.0180967181999923,1.0054965546471248,1.008404180469421,0.9685563480521451
2019-06-19,1.026237437200952,0.9876950815428805,0.9352863874502457,1.0321703216306926,0.9886849102842664,1.0277467667049116,1.0116653818225056,1.0013477689901278,1.0042433976392346,0.9761005111677542
2019-06-20,1.0239559651584984,0.9865678432402601,0.9342189622300994,1.0298756599408272,0.9875565423082365,1.026573818147737,1.0120782644398547,1.0045229019595519,1.0074277122399318,0.9844606766101675
2019-06-21,1.0225067280607403,0.9867078674498931,0.9343515565293224,1.0284180445127717,0.9876967068445653,1.0267195204311643,1.010814517936413,1.0036675066328957,1.0065698433398669,0.9841773918602718
2019-06-24,1.0267546730550579,0.9832108197014188,0.931040067774815,1.0326905477289994,0.9841961544938751,1.0230806650964868,1.0150138883207969,1.0113529795440108,1.014277540573273,0.9951611429000653
2019-06-25,1.0294223034796492,0.9893890837849671,0.9368905032010895,1.0377049774056821,0.9903806101880491,1.0295094618520575,1.017651014794067,1.01331947440241,1.0173946261998597,0.9964456184721975
2019-06-26,1.0275935143515624,0.9750455462616066,0.9233080569135926,1.0356885231136128,0.976022698141661,1.014584284448403,1.015843137593669,1.0158263825779712,1.0198268332376805,1.0031461498498395
2019-06-27,1.0277400854771925,0.9747227377626527,0.9230023771542551,1.0368863798510057,0.9756995661368638,1.0124262591999569,1.017018041553059,1.0151066868422007,1.019621327300519,1.001581641769196
2019-06-28,1.0323228270963465,0.976772893891972,0.9249437486926299,1.0420970851709597,0.9777517768511447,1.0112404872525493,1.0221289017423605,1.017119083576583,1.021931375521826,1.0010867099449403
2019-07-01,1.0359654625556254,0.9555625942540708,0.904858901763878,1.0492638142559783,0.9565202210942374,1.0163370735616142,1.0231989074162953,1.0228235577368463,1.0293738776034111,1.0087834080681073
2019-07-02,1.0400973507650286,0.9562576825582515,0.9047904784434416,1.0586981132016464,0.9642974905677486,1.0192187961798018,1.032681053625387,1.0236137535276375,1.0327440656773164,1.0063186316847699
2019-07-03,1.0475610962552782,0.9651299209969112,0.9118653012922061,1.0664717875720928,0.9719983324936833,1.0160554195974254,1.0427502736987395,1.0237189823463433,1.0329362951094012,0.9993041842223567
2019-07-04,1.037320501946714,0.9534012809221634,0.903567425533976,1.0560463288975626,0.9600242250469769,1.0058459765230527,1.031805176595799,1.015503357992712,1.0246466993041146,0.9930336578146319
2019-07-05,1.031307265286655,0.9483544725588363,0.8991123852270841,1.0511389284574577,0.9641695390372589,1.0018458548851708,1.0261713714343346,1.0104694031278243,1.0201565600631033,0.9889450278598799
2019-07-08,1.0304152024585982,0.9436533149970348,0.8942206604439219,1.0575360994930216,0.9560349014243327,1.0042988942273743,1.0210844620116308,1.01117076814458,1.0244101648114916,0.9911732980624217
2019-07-09,1.0272915571368573,0.9406736318977778,0.8908559013056901,1.0538347506035708,0.9567195503115113,1.0008245547374894,1.0192863131820256,1.006856515725349,1.019799441503438,0.9857201209996771
2019-07-10,1.0316612844052298,0.9471046788090594,0.8984586677289901,1.0603074025762507,0.9495649255034563,1.0110889317161653,1.0237918700859778,1.0138453098345004,1.0278409493825105,0.9952113878691059
2019-07-11,1.0268441874728629,0.9438184245935066,0.895124421581881,1.069532207939338,0.9435036752208255,1.0208543441950106,1.0190115175116186,1.0182445296792815,1.0391716993081477,1.0084950198641673
2019-07-12,1.0174637288743882,0.939814265461006,0.8905703736307784,1.0603739513881243,0.9491086576888283,1.0131542005059786,1.012374353219071,1.0100447569213062,1.031100797921951,1.0014653317907056
2019-07-15,1.010189291776002,0.9415375665031936,0.8942514096569417,1.0546103783570915,0.9530256473682385,1.0146148187896102,1.0078613030907315,1.0080278182183067,1.0299255503805964,1.0046257738564774
2019-07-16,1.0109002803906313,0.9389372717187083,0.8922116878300482,1.055352631297195,0.9521960539027586,1.0101425935502262,1.0107142526247328,1.0061609563749476,1.028018134060574,1.0001975783888255
2019-07-17,1.0044201336764433,0.9438067850831915,0.8966248364973773,1.0477835110167,0.9566903524847782,1.005220466074183,1.0141595095703728,1.00030597053296,1.0216443598440834,0.9949685495740554
2019-07-18,1.0087261684583357,0.9515045388212094,0.903614895637132,1.0513018773840628,0.9564657243891481,1.0096418882689353,1.0219529134351855,1.0043654494753738,1.025315793458139,0.9987786713831633
2019-07-19,0.9983986418866175,0.9467232109962417,0.9004857731081968,1.0401880188077517,0.9623442762352438,1.0018328712826974,1.015855290351868,0.9995981175679921,1.0202781324557983,0.9995227263331858
2019-07-22,0.9901053667441794,0.9373651692373963,0.8899692620364685,1.028721941655978,0.9672275349310324,0.985900359424031,1.0109408703383875,0.9889390185363116,1.0080127194545523,0.9865087485576562
2019-07-23,0.9897514372474956,0.9356438550589421,0.8859805664683615,1.0212316005244657,0.9707518918106653,0.9859577464777628,1.0070363005008076,0.9869599582491648,1.0025058778897367,0.9829129987001035
2019-07-24,0.9952044106487467,0.9314186583515749,0.882838772769305,1.02264380205229,0.9721296413535472,0.9894736130509925,1.004278040999048,0.9885918801438154,1.0020950365185666,0.9807481618752094
2019-07-25,0.9980928529964307,0.9293466838524567,0.8830088731688258,1.0225352236422944,0.9742828846717523,0.9936416247404797,1.0007283923058259,0.9899142215162179,1.0019280206791468,0.9805253759942486
2019-07-26,0.9986727763979724,0.9276461088448872,0.881075232135931,1.0203246065919833,0.9693340590524173,0.9879055710358315,1.001983668250014,0.9905712443224168,1.001218908181814,0.9812572423918279
2019-07-29,1.0009493675259498,0.926015942997864,0.8796327408229777,1.0274406151318458,0.9744696047096584,0.9893868406676248,1.001902438265961,0.988504744080631,1.0014803776554029,0.9749262127093701
2019-07-30,1.0012179007496556,0.9269747718025472,0.8815997781419921,1.0212412851088135,0.9698102174308689,0.9856792539619327,1.0006490908979053,0.9927750120520386,1.0026510154796437,0.9830878803635354
2019-07-31,0.9985870157782781,0.930758826140499,0.884460246467249,1.020541923005186,0.9711174020339448,0.9861823010563561,1.0035379479151392,0.9921168419224854,1.0029603077300926,0.984367629460202
2019-08-01,0.9960595211677243,0.927674986861805,0.8806810976819773,1.020455955571123,0.9698152635299447,0.9839136439095796,1.0033202716439915,0.987091337323084,0.9991069149021355,0.9768866308791586
2019-08-02,0.9943512106821328,0.9367378110788331,0.8880135372800564,1.010146565353213,0.986746189749954,0.9996703968926675,1.0075742343600518,0.9843328520169043,0.9921247665188193,0.9731021232440052
2019-08-05,0.9973749747497737,0.939769387334047,0.8927113035853252,1.0182566727179414,0.9958265179750062,1.010922864758368,1.0113169607286083,0.9888523248409526,0.9991542267809076,0.979078792365518
2019-08-06,0.9986446049427496,0.9400384412784608,0.8926453030203756,1.0197225941685195,0.997784846330706,1.0125467153212024,1.0131371987655364,0.9888156414232551,0.9992004240461709,0.9777598109976682
2019-08-07,1.0066353673812354,0.9487595747625845,0.8996391264029541,1.0278820144095413,1.0072080150682008,1.0206487169942247,1.020651813016997,0.9920918248629527,1.0025110147620369,0.976415266131203
2019-08-08,1.0080409201149572,0.9482516284122474,0.90089528158531,1.0293172335783802,1.0066687766258249,1.0220738363977608,1.0212854577599026,0.993710074771979,1.004146259925619,0.9782372675594194
2019-08-09,1.009554397478738,0.9489924054596108,0.9022478899850374,1.0319451978162701,1.0074551893265027,1.0236083828478437,1.0190024882786484,0.9963122061159347,1.0073037544715109,0.9818917659745912
2019-08-12,1.0079845083980876,0.9413787607195431,0.9008448659240609,1.0308563155518087,0.9993725051459534,1.0220166393745767,1.010657327846885,0.9978829186435656,1.0091435494745555,0.9865145954317984
2019-08-13,1.0155445532165832,0.9481074298807834,0.9076013463105708,1.0384160931913489,1.0067013964802705,1.0296819274167501,1.011171263404754,1.0051772929747866,1.0164361420308945,0.9935381255802966
2019-08-14,0.9978390916068284,0.9321340985578775,0.8917778152373491,1.0203118788417989,0.9895731140905145,1.0117299884512052,0.9939669295232699,0.9975300075057331,1.008703200396121,0.9957424454477535
2019-08-15,1.0054852657611564,0.9387288010913443,0.8986112701897812,1.0281302559558798,0.9965741886490354,1.0194826048338699,1.0033564782625617,0.998714446228754,1.009900905850187,0.990476969777816
2019-08-16,1.0049618926931305,0.9389012525778757,0.8981435269483268,1.02759509576536,0.9967572667649637,1.0189519459004572,1.0042407370955877,0.9981821361232742,1.00936263341431,0.9899366916207961
2019-08-19,1.0035467352222602,0.9326096353374917,0.8968787879255677,1.0261480668905585,0.9900779539119474,1.0175170880524302,0.9956392217550648,1.0011083016949394,1.0123215745537428,0.9971346792408203
2019-08-20,1.0012845994785358,0.9303519668729198,0.8948570967648614,1.0238349845606631,0.9876811657067666,1.015223461164965,0.9936246613929088,1.0001980355485927,1.0114011126447042,0.9975690551134913
2019-08-21,1.0059248722137022,0.9346635151262707,0.8990041504498483,1.0285797629849398,0.9922583957836631,1.019928331038524,0.9969674714040253,1.0011233146120555,1.012336755628426,0.9947916954070789
2019-08-22,1.011648822311071,0.939981971271649,0.9041196963883614,1.0344326247613194,0.9979045804024625,1.0257319641238751,0.9983963091081057,1.0037856905022096,1.0150289524153386,0.9944221710240667
2019-08-23,1.0094790497889514,0.9379659089706088,0.9021805510736375,1.0322139858070787,0.9957642863690962,1.023531986244465,0.9948091049449408,1.0044159424153933,1.0156662636912912,0.9978037416139565
2019-08-26,1.0205491032560141,0.9482517418115752,0.9120739579149357,1.043533352974454,1.0066839422975695,1.0347561456912053,1.005213250206446,1.0104725795306109,1.0217907403444135,0.9988952517752017
2019-08-27,1.0171047238751973,0.9450513678786612,0.9089956849299325,1.0400114011617363,1.0032863581903604,1.0312638171780342,1.000828086237382,1.0087227999631445,1.020021361742857,0.998807085355679
2019-08-28,1.0149918437794316,0.9430881676517865,0.9071073848908688,1.0378509359340142,0.9985281776688091,1.0291215237232392,0.9951451169711069,1.010525208617105,1.021843958921881,1.0044513369581232
2019-08-29,1.0187819171144974,0.9466097460159274,0.9104946076873737,1.0417263672314814,1.0020903527903469,1.0329643585888693,0.9970045439541582,1.0133216968280963,1.024671770202817,1.0062599820784974
2019-08-30,1.008351125918179,0.9369178890647772,0.9011725153154754,1.0310606594506966,0.9926680448517401,1.0223883605693946,0.9858128572256479,1.0079575119296198,1.0192475018260296,1.0059089624323523
2019-09-02,1.0084303095798641,0.9428323663885025,0.9068613429798913,1.0375694314155413,0.9872748053984396,1.0288423869522876,0.9898468346075338,1.007743197426524,1.0222078667000543,1.0054022126780242
2019-09-03,1.0094429364025903,0.9451629627626901,0.909103022236126,1.036263291285189,0.9853288577098177,1.0313855923216857,0.9933279692080653,1.0084419989869984,1.021760066527536,1.005786983046058
2019-09-04,1.0081499767432436,0.9437323270413355,0.9077269682547039,1.0372919354665213,0.9843719476024682,1.0298244466473432,0.9907832047579693,1.0085821174576317,1.0230635273965452,1.0073547590606708
2019-09-05,1.0070580243043605,0.9360512618204487,0.900338951710033,1.0415558235529359,0.9882542410068932,1.0214426751279118,0.983294358364788,1.0101928925283685,1.0273541835395332,1.0116634799691806
2019-09-06,1.002708821602532,0.9260527875195619,0.8907219400805065,1.0379019869200463,0.9805948912149497,1.0105320885461113,0.9713045338287252,1.006239615016651,1.023750167061603,1.0081145073652364
2019-09-09,1.0027614090766153,0.9212829235940039,0.8861340564231688,1.041158585904799,0.9833448142017389,1.005327093086095,0.9657392968198537,1.0078446277186541,1.0269623622367818,1.0112776429238668
2019-09-10,1.0004864549910832,0.9194868199834878,0.8844064779156523,1.035878995540172,0.9783583905421254,1.0048563039505545,0.9651959667310406,1.0051727237196189,1.0228009028333513,1.0082099071183526
2019-09-11,1.0056120909763977,0.921050624633037,0.8859106201526022,1.0366618824849951,0.9790978051017518,1.0078385969278774,0.96549275828282,1.0065496819882478,1.0219685328540007,1.0058069404211676
2019-09-12,1.0016274581246776,0.9265292475198346,0.8911802221369218,1.030562518345022,0.9736889893778582,1.0045535865449142,0.9710124721650066,1.0028385308520054,1.0172187974020945,1.0023755200509157
2019-09-16,1.008297452801563,0.9069241068188437,0.8723230584891433,1.037081675296405,0.9800106559018321,0.9831300436053495,0.9537196137848919,1.0143954140219376,1.0287718647630666,1.0188036386202362
2019-09-17,1.0161259798575515,0.9101973709224906,0.863498653732042,1.0462587512100785,0.9805924323971215,0.9866783496397298,0.944962297406305,1.0231877779849763,1.0382468630848107,1.0285546857334786
2019-09-18,1.0049198951764098,0.9091132415548597,0.8738095521940344,1.0331532669446313,0.9787600052020354,0.9855031243430824,0.9567989377266616,1.0121424028070842,1.0262613802408276,1.0176912146525998
2019-09-19,0.9949573064838099,0.9081272264464065,0.8804128092188193,1.0245045400305497,0.9761573488352648,0.9844342575335217,0.9658242434594576,1.002049290666476,1.016819038570688,1.0074835257352954
2019-09-20,0.9967967129624666,0.9105413885440742,0.8792321563398701,1.0251989173101521,0.9790534385792006,0.9829500372356059,0.9624791950730924,1.005107036395925,1.0193265267666978,1.0117696181834015
2019-09-23,0.9998097140875344,0.9126417714516041,0.8796177189878727,1.0260381580608977,0.9796254832187372,0.9850536231160888,0.9631268003905721,1.0079688827238662,1.021105526277703,1.014472992163808
2019-09-24,1.0003289716456745,0.9107530126245127,0.8806256579207358,1.0264000311691899,0.9793744537700846,0.9860182036482984,0.9655855161469196,1.0067854168354622,1.0198215444034953,1.0115639142877975
2019-09-25,0.9961033047779132,0.9099756610522216,0.8858465180825256,1.0213602482663566,0.9745223508761387,0.9918638920085282,0.9682127280985212,1.0040633262763015,1.0167144711773364,1.0103670198766332
2019-09-26,0.995522302390593,0.9054130204229407,0.8827749291039644,1.0245612648653064,0.9718919103115938,0.9884246978177322,0.9686978829953561,1.0014853742079193,1.015993777433531,1.0057680680877257
2019-09-27,0.9926125193470354,0.9039566555193709,0.8826613409669364,1.0246930968889745,0.9715746287914631,0.9882975155470128,0.9713100635103716,0.9971434330116894,1.0131391091106232,0.9999867805377153
2019-09-30,0.9909774747272387,0.9033069306203856,0.8830109370907671,1.0227759445045697,0.9673523983188834,0.9886889510439479,0.9706061737217165,0.9977849260685021,1.0136775531151392,1.0029206166787454
2019-10-08,0.9853776332460165,0.9032161637701273,0.8875315135618341,1.017369378107448,0.9636570545374106,0.9937505463442492,0.976844865734801,0.9932262700282722,1.0092311096762008,0.9994237070567599
2019-10-09,0.9853945485357862,0.9094136912881857,0.887368356009151,1.0175564041401808,0.9691017349137206,0.9935678622314695,0.9777156602668431,0.9979820803241511,1.014147657651117,1.0089775209280265
2019-10-10,0.9862622900255092,0.90935501699334,0.8865869366880064,1.0178465297837411,0.9694547763986514,0.9926929232964056,0.9769718707688005,0.9978320365584812,1.0136932295245382,1.007785618402067
2019-10-11,0.9919340486837125,0.91543190156169,0.8814883871588745,1.0235302807661006,0.9773864297225547,0.9869841836035417,0.9739306831144265,1.0031691069599527,1.0190306617155622,1.0127707018024306
2019-10-14,0.9969134603889762,0.9129521145528887,0.8749504151052375,1.027294032839924,0.9751555229525456,0.9796637524965819,0.9680018769474492,1.0051320022533292,1.0203404791785757,1.011650057499636
2019-10-15,0.9889908970872857,0.9127583029663318,0.8822966539246274,1.0261211198441966,0.9748793019984789,0.9792925013325544,0.9754246221337948,0.9979771416237561,1.0165492427049354,1.0052872173119616
2019-10-16,0.9870346088259901,0.9111742372662703,0.884067319115736,1.0257919730331309,0.9717342424474146,0.979434591548298,0.975894245530735,0.9959607836234299,1.0153377227946923,1.003213485540143
2019-10-17,0.983015579364611,0.9103457336260464,0.889116921293718,1.022346532950937,0.9699958590482626,0.9848656719542667,0.9816873992884775,0.9921967817394495,1.011862464513531,0.999715568947036
2019-10-18,0.9855923768685722,0.9126325987564685,0.8895362510565952,1.0256108361698821,0.9701300013866757,0.9853301592211219,0.9798110603167347,0.9941076495818283,1.014100413265731,1.0009456919311959
2019-10-21,0.9932902610336691,0.9196903659427766,0.8952840829835829,1.0337922161955853,0.9773090432169459,0.9916969735483265,0.9782017406768869,0.9986851318335808,1.0188544628498606,1.002345829622409
2019-10-22,0.9903053038023143,0.9157604331532725,0.8947596140541038,1.0306855456960275,0.9731328998140735,0.9901099135339053,0.978812072134675,0.996239833153406,1.0163597791964425,1.0004494760009852
2019-10-23,0.9898679442541337,0.9167009221551634,0.8946938129056663,1.029048781001135,0.972662147385153,0.9901567221015636,0.9796049614369732,0.9963479006066499,1.0158874548673218,1.0011083638241391
2019-10-24,0.9873707039325588,0.9139861471081803,0.8895741141570029,1.0227410675021478,0.9727523443693401,0.9836530607222073,0.973705559815946,0.9978726930137995,1.0156100718794314,1.006698116957016
2019-10-25,0.9883183923467348,0.9176329506740707,0.8905122712143567,1.0212137503024536,0.9764714995969214,0.985164770138527,0.9753085022780296,0.9990642785296807,1.0155771075939881,1.0081361262602313
2019-10-28,0.9896771640693903,0.9185919876116974,0.8888500889318794,1.0224475453231847,0.9774920299036909,0.9828501619597018,0.9798478394081442,0.9974019434733338,1.0138026655479,1.003395249221066
2019-10-29,0.9907535498141141,0.9168844125920426,0.8872496057314636,1.024434841138104,0.9745693210749956,0.982028316620506,0.9783713296258124,0.9969109528031919,1.0137375353548408,1.0013160615237588
2019-10-30,0.9900859784445474,0.9148553038383717,0.8880686763904739,1.025471108661777,0.974830654487142,0.9815101047909833,0.9777459030679863,0.9967231446258944,1.0144008095535757,1.0016134738185238
2019-10-31,0.9860241585918029,0.9127499883221231,0.8880764616701136,1.0237564287513343,0.9711937427511136,0.9816368638086491,0.9814704378889093,0.9930484981319514,1.0118936912681602,0.99833723352055
2019-11-01,0.9823119460131249,0.913294880183048,0.8931107413983949,1.0197315345473983,0.9703371506708409,0.9863740259529145,0.9848786907579636,0.9908863347412772,1.0096061717851548,0.9977484456269837
2019-11-04,0.9842778857760756,0.9153298587398526,0.8921733603190589,1.0169522708166854,0.9734201607685191,0.9836799915185676,0.9813871882162265,0.9934662811155737,1.0098487425506437,1.0009472383538152
2019-11-05,0.9877772992884447,0.9151802826620377,0.8868391960512442,1.0202288678233353,0.9735642169486761,0.9773284569688595,0.9760748706080848,0.9968131463670352,1.0130824901684043,1.0041326954626788
2019-11-06,0.9892255042788337,0.9129466578017574,0.8849141810403133,1.0224000142128624,0.9703813646349334,0.9754403021505773,0.9785045355779606,0.9939430730515302,1.0105008896793377,0.9968782151763869
2019-11-07,0.9879549808249023,0.9118098185293686,0.8887707671658919,1.0212781381532958,0.971370020950818,0.9791089229019646,0.9818385526387613,0.9924974706007657,1.009125720123898,0.9952588247681778
2019-11-08,0.9919993086614779,0.9145196288669503,0.8884354639084812,1.0252886658352474,0.9700518887221318,0.978576353282456,0.9796037316045305,0.992602905090686,1.0091488272476112,0.9913960533202693
2019-11-11,0.9945335648990338,0.9157910583857628,0.8858269711728427,1.0279079662460453,0.9672376607774568,0.9757032022067715,0.9850508184514805,0.9908122330819915,1.0073283061225051,0.9852863485600605
2019-11-12,0.9971524362011623,0.9188502929546086,0.8810368727056478,1.0267314502195577,0.9690915428035246,0.9721370081604144,0.9823205106318343,0.9918958406543587,1.006527214417224,0.984846955950313
2019-11-13,0.9922203579991833,0.9161104449882385,0.8859334620383266,1.0269678793288062,0.9645302371715685,0.9777744707040095,0.9877818821814894,0.9884731059582323,1.0056591032379747,0.9829213470213215
2019-11-14,0.9928943272841281,0.9165287233906468,0.8824898648920506,1.0234824373404279,0.9648098680799196,0.9751595025835961,0.9865578493063413,0.9898869223934084,1.0050493911588927,0.9850654455944726
2019-11-15,0.9922870238441479,0.9156695540564339,0.8842577368335058,1.0226858442882703,0.964219742488796,0.9777063967857867,0.9903195678640214,0.9872809214591572,1.0023197190162898,0.980481344912924
2019-11-18,0.9895289698944445,0.9141239255009853,0.8792162599180908,1.0198432970571094,0.9615397013260579,0.9722950859324234,0.9846733936409393,0.9893551304280352,1.0044255234592583,0.9873264321283998
2019-11-19,0.9886357523313654,0.9132241519550907,0.8819175136099404,1.017397386440094,0.960671748820419,0.9752823096794988,0.9876986477918196,0.9880624786652982,1.002362046507542,0.9856376592342556
2019-11-20,0.9849189781000974,0.9092839618516005,0.8852092897629469,1.0145597680882763,0.9583128984748489,0.9789225719488247,0.9919335203294263,0.9844183758750644,0.9991515524800466,0.9820728426579454
2019-11-21,0.9784601970740197,0.9090368926708925,0.8786071019885763,1.017104008928386,0.9591530404785746,0.9716214390853108,0.9852528400497289,0.9843363410104081,1.0035971472864806,0.9883492808385508
2019-11-22,0.9783853564699108,0.911673584241254,0.8761696551267688,1.0197561589453117,0.9620445326119561,0.9689259502573658,0.9843050600187695,0.9843363410104081,1.0049439940247462,0.9884248778403192
2019-11-25,0.9760796532450579,0.913767819977042,0.8732212319824748,1.0192154898480972,0.9644257249874798,0.9656653902960276,0.9795579003564361,0.9843363410104081,1.0058617323422085,0.990754240614701
2019-11-26,0.9770149171191271,0.9153482653094634,0.8765055920729101,1.0191314642855427,0.9653057985747513,0.9692974513962855,0.9826498349802777,0.9831565927657278,1.0041328228313753,0.9874300353159161
2019-11-27,0.9781620650932481,0.9149863877921367,0.8747139393344404,1.0201582075520537,0.9685583458080803,0.9692824848245656,0.9804774393170269,0.9842603829430452,1.0051764852927252,0.9884878345258642
2019-11-28,0.9776637999608524,0.9151862326212745,0.8749807033574145,1.021325382441622,0.9678605492476041,0.969416542607732,0.9807764583384301,0.9837292689872237,1.0054651149138172,0.9879245692550847
2019-11-29,0.9745704382797441,0.9139521102553342,0.8735111573120377,1.0199427613897742,0.9645937997798206,0.9677883898484246,0.9791292263935203,0.9843328274386607,1.0069920971052941,0.992262661243094
2019-12-02,0.971773577044682,0.9084686439381464,0.8762423941523976,1.0186072451901105,0.9616896733386973,0.9736821800739242,0.9864567630245326,0.9800854365975028,1.0034326054621572,0.9865470802649541
2019-12-03,0.971186183626748,0.9077681040642273,0.8779891806808203,1.0161208416121996,0.9596173834453791,0.9727681146890536,0.9871066487679574,0.9797236479534971,1.0021407821191703,0.9864150558120296
2019-12-04,0.968831012305554,0.9055667245130861,0.8810775232324788,1.0152785381583727,0.95661084375911,0.9770322860271508,0.9910041770492173,0.9790712237706364,1.0022731911827096,0.9874933975105025
2019-12-05,0.9654687899457016,0.9049538789120158,0.8761804750296504,1.0083427767126967,0.9574566735710552,0.9762620424358288,0.9825767446445649,0.9802493258517162,1.0017948933105156,0.9932968583618137
2019-12-06,0.9630659455065017,0.9084678212586135,0.8753775437225396,1.0039687417803072,0.9619858886032948,0.9785459141297689,0.9802735140999388,0.9779509357832924,0.9985197959018025,0.9911109956641388
2019-12-09,0.9622170676226274,0.9063126018032066,0.8675791339503536,1.0099462751013684,0.9666156911488567,0.9807063678839317,0.9805198924771844,0.9822031519339722,1.0062740566996053,1.000603467856957
2019-12-10,0.9625905600579423,0.908828944977924,0.8684161369477541,1.0090095762792282,0.9694605662197746,0.9838939163684988,0.9831736326451321,0.9824303726747757,1.0058449027252487,1.0006780302857425
2019-12-11,0.9633448550998033,0.9079995515752858,0.8697505674440928,1.0096320774373038,0.9685758406592786,0.9832612410609073,0.9819192169508699,0.9838499699184183,1.0072145132072188,1.0027858192167296
2019-12-12,0.9677576187508653,0.9067423029946691,0.867647599603454,1.0142568675201864,0.9672347159871619,0.9803650118237562,0.978990202217015,0.9872371763725136,1.0106821592956532,1.0050971874662822
2019-12-13,0.9672714606076412,0.9094599938506783,0.8642792567328054,1.0137473502341305,0.9701337148918909,0.9805052000247229,0.9767109915591636,0.9853720541423932,1.0087727440021421,1.0018043753912305
2019-12-16,0.9680404763559856,0.9070385275284788,0.8639771195612278,1.0145533159934041,0.9675507028468039,0.98072723115269,0.9783535241582012,0.9890328056432238,1.0125204313057128,1.0084515030226684
2019-12-17,0.9692639946293804,0.9073483395646467,0.8638235962639038,1.015486559765947,0.9678811836855411,0.9832375711786561,0.9793221051861801,0.98995606463866,1.0132914343122963,1.0090596813312864
2019-12-18,0.9697091480977762,0.907857940037862,0.8623162547259567,1.0164736117641888,0.9675224077683212,0.9844578016910319,0.9828633856409158,0.9912037029386305,1.0148282543032963,1.0111396799622665
2019-12-19,0.9728331435038751,0.9133493188365597,0.8597725432475859,1.0192078726102836,0.9685194727377372,0.9898891422529196,0.9854102280814965,0.9928180801647709,1.0162113512823554,1.011175906846386
2019-12-20,0.9729840622296462,0.9127469368809857,0.8591723085931562,1.0191961176177526,0.967557864545281,0.9902709528400637,0.9858460441713706,0.9932494929481521,1.016568244948044,1.011897819635402
2019-12-23,0.9692370205770537,0.9118280653714389,0.858714176167135,1.016163219224233,0.9665838143243,0.9903058735645438,0.9875477231994072,0.9908491203242354,1.0145564229561326,1.010903841802554
2019-12-24,0.9749104872378348,0.9118091194256284,0.8590000973615955,1.0234954106505232,0.9665637306646024,0.9917991700511355,0.9854128322893316,0.9974064460028582,1.0219615668086144,1.018366567824554
2019-12-25,0.9756431172398017,0.9128615504842621,0.861717686274045,1.0261506239986327,0.9676793607549673,0.9949368907989982,0.9871725415845951,0.998554047335509,1.0240790439081424,1.0199447167440585
2019-12-26,0.9745686779250002,0.9112166665523563,0.8640811475825214,1.0251915877576077,0.9659357006885549,0.993472114480443,0.9849991578533044,0.9971734199404246,1.0227484648939607,1.018247538347747
2019-12-27,0.9796400957379269,0.9105148713598941,0.8639934531017717,1.0305264348521053,0.9645726036168601,0.9938425189732414,0.9852463985323365,1.0023017233251825,1.028008296643773,1.0234221948026725
2019-12-30,0.97719782442387,0.9071407898127576,0.8606182886022952,1.0279573024113586,0.9608374390269534,0.9903131553988105,0.9865507130025515,1.0022461045377873,1.0279512513713154,1.025860034596307
2019-12-31,0.9727367457861869,0.9062551556096373,0.8610482976739154,1.0227227366156335,0.9598993812202745,0.9912765321693334,0.9871549158981571,0.9974900912455251,1.0228023789929868,1.0208071251834883
2020-01-02,0.9711328896421961,0.9072970946936786,0.8614208565596901,1.0209134806372118,0.9607275848620332,0.99123708178453,0.9869969240462727,0.9957854474354063,1.0209929821225692,1.0190012580330565
2020-01-03,0.9803433017395213,0.9076927561871005,0.8659786121063132,1.0293679287617852,0.9599908537652709,0.9963644409722028,0.990915056920535,1.0046307364933431,1.0294480886194695,1.0274398705485248
2020-01-06,0.9931529522829098,0.914210191449981,0.8719309781364198,1.0400841143701665,0.9667238024898112,1.000872172296656,0.9955632867642497,1.0164235677090974,1.0401651087282169,1.0381359841990574
2020-01-07,0.9843334434784635,0.9059393506842154,0.8701541990574461,1.030674494817234,0.963954253022298,0.9984920120217766,0.9931957514766542,1.0076448038568206,1.031094610780938,1.029422372103077
2020-01-08,0.9912118793497731,0.9122699755027285,0.8729760358143006,1.0378767578956294,0.9690214294791291,1.0017993304859252,0.9964855270660666,1.0137065338228952,1.0372974087074551,1.0346143350926422
2020-01-09,0.9728976328074347,0.8954143086240285,0.865443256609161,1.0187003020634693,0.9589484417417631,0.9900386178859258,0.9847871963353021,0.9942951578588646,1.0174342931852531,1.0141070372041665
2020-01-10,0.9774821535616931,0.8996337098674061,0.8665769344851207,1.0235006556872135,0.9616293735395727,0.98809086434745,0.9828497741866554,0.995929774952962,1.0191069509213553,1.0126627035989513
2020-01-13,0.975696391802355,0.8979901693990314,0.8677121651113895,1.021947521121291,0.9593212364365151,0.9857192134308417,0.9793027550385935,0.9934254383028975,1.0167020030283356,1.0094199110993873
2020-01-14,0.9688923800716548,0.8917280414481861,0.8646323641513101,1.0148425061472464,0.9552290913513365,0.981514463362355,0.9756171784616041,0.9867472408878978,1.0098780404537129,1.0028876564153189
2020-01-15,0.9687606171110905,0.8904141611174748,0.8630028992033207,1.0150894584179804,0.9543432035927506,0.9806041983213923,0.9788707108159319,0.9880560877652368,1.011409109094905,1.0056845543866755
2020-01-16,0.9717521904086385,0.8949652819867846,0.8592026966624206,1.0183932786912797,0.9576553006876044,0.9840074355469887,0.9817832824419602,0.9918621645302447,1.015389427792764,1.0103269246864863
2020-01-17,0.9718222505193631,0.8954089658245211,0.8593685522311854,1.0179519850837004,0.9579997702000914,0.9843613839471731,0.9819728002651069,0.9917134443742359,1.0149805808609493,1.0099511059282629
2020-01-20,0.9691787264091627,0.8957211019026765,0.8582656465041139,1.0150133214763246,0.9567702820714606,0.9830980635649639,0.9807125453693128,0.9904758545717256,1.013629373565933,1.0101776488143952
2020-01-21,0.9696162422955493,0.8889786499004576,0.8555220809370635,1.015423146603216,0.9537118327298607,0.9799554538062989,0.9775775612515061,0.988757204748696,1.0118463903743937,1.006215953001383
2020-01-22,0.9704739882069502,0.8899403921194916,0.8564476281418756,1.0163214144068562,0.9547436065912817,0.9810156193488613,0.9746244409167639,0.9877834942067235,1.010849942012316,1.0033440228886275
2020-01-23,0.9815021033204807,0.8847194738884528,0.8552985269655451,1.027870523076047,0.9534626210816267,0.9796993845142362,0.9687069070371744,0.9881623817366152,1.011237677219339,0.9927120968704932
2020-02-03,1.016345615551072,0.8568756640916982,0.8477598081173997,1.0762170833935598,0.9674286546396427,0.9710641793984773,0.9528299024400531,0.9864096413728555,1.015276553735931,0.953949007001303
2020-02-04,1.0207880203614412,0.8603354070933135,0.8513240380081513,1.0811005534369589,0.9716572454293317,0.9751468168871974,0.9653300977621515,0.9849090019905811,1.0138166050780966,0.9468768221050542
2020-02-05,1.018724752815103,0.8590180324046096,0.8500204618327313,1.0789153791973112,0.9701694109746869,0.9736536390826508,0.9621513575430699,0.9839965371656111,1.012877358925168,0.9470362365172696
2020-02-06,1.009803008880711,0.8524406690599984,0.8435119914433754,1.069466500377516,0.9627409793456727,0.9649643414079287,0.9550277474170741,0.9831538999638415,1.0120099898733226,0.9537081767241508
2020-02-07,1.0129280971715375,0.8562219993146744,0.8472537150954673,1.0727762322840046,0.9670115892834067,0.969083986537703,0.9589019778464497,0.9840373621327478,1.0129193821268052,0.9524706924185269
2020-02-10,1.0157411404336272,0.8583919007295354,0.8494008884180443,1.0757554822035036,0.9694622619097263,0.9715399111871403,0.9640017825617818,0.9846206188249433,1.0135197577131545,0.9509546409564791
2020-02-11,1.0136792045204235,0.8580054502447428,0.8490184857126676,1.0735717182755857,0.9673326942287417,0.9711025211449527,0.9636887703660832,0.9841775450849202,1.013063679523188,0.9520292129835143
2020-02-12,1.0128832677162993,0.8566053281329911,0.8476330288314866,1.0727287541123358,0.9655929461325506,0.9695178434342864,0.9601818009595304,0.9838999992459289,1.012777987566194,0.9522397829531023
2020-02-13,1.0098702862416569,0.8532262703516612,0.8442893641498439,1.0668135065871578,0.9617839640365161,0.9656933787649677,0.9616052985987251,0.9850673382280679,1.0126935894005635,0.9573319228184238
2020-02-14,1.0084555745478738,0.8518238548088755,0.8429016378596015,1.065141221763975,0.9602763184018221,0.9641061053171084,0.9581139541134029,0.985187068541441,1.012732286422704,0.9589057527374757
2020-02-17,1.0052594555544951,0.8485032890783831,0.8396158525683685,1.0604733642292687,0.9572328949158527,0.9603478427657588,0.9559352071641459,0.9857025166779024,1.012647892065502,0.962948228058279
2020-02-18,1.0110495242921207,0.8541135750152832,0.8451673749616159,1.0664047071221279,0.9627463414483421,0.9666976425439696,0.9592845040466923,0.9865195747386621,1.0134028980762964,0.9589982561252717
2020-02-19,1.008842207767704,0.8519377275139447,0.8430143178333644,1.064076539534695,0.9601332951197618,0.9642349880310245,0.957322302970905,0.9885217969627585,1.015459682205521,0.9649846655816249
2020-02-20,1.0053027326204402,0.848120212604091,0.8392367885332591,1.0606993029572194,0.9558309581634415,0.9644950678023196,0.9535124228143479,0.9889743422377778,1.0160944391776052,0.9692538085701987
2020-02-21,1.0119626874651355,0.85187758740733,0.8429548076493276,1.0673280899963067,0.9600655172565823,0.9675058814568085,0.9573787851593267,0.9920626859351086,1.0190767644019556,0.9688861933865431
2020-02-24,1.0272131392772434,0.8645735496204185,0.8546237273783364,1.0832350199353868,0.9733555861354786,0.9702856157676789,0.9655947198121279,0.9955305038746564,1.0225540886997095,0.9610585178361295
2020-02-25,1.0234777752389597,0.8614296091642288,0.8513735312276989,1.0792959375933102,0.9696538440963665,0.9665955490490059,0.9642916041020768,0.9920521337531502,1.0189812985381688,0.9578374658744291
2020-02-26,1.0365240895747119,0.8724102886974574,0.8622260255116541,1.0930537683970667,0.9820140625134182,0.9789167832501962,0.9757586828081207,0.9931729759981877,1.020132565943828,0.9477922428552433
2020-02-27,1.04644261727294,0.880758406893355,0.8704766902112844,1.1035132301563657,0.9914109822541695,0.9882840650399626,0.9846354667183265,0.9931906673175357,1.020150737492428,0.9387565585650401
2020-02-28,1.0651999632484965,0.8965458852378745,0.886079870139584,1.1232935593449735,1.0091818934261267,1.0059989266330365,0.9898876429261716,0.9912801749839233,1.0181883850184843,0.9183179042207374
2020-03-02,1.0431584871006006,0.8779942560351284,0.8677448072437396,1.1000499909544146,0.9882995620326818,0.9851824582597474,0.9813967346108504,0.9873773564850212,1.0141796248670147,0.9300889371431995
2020-03-03,1.0350932164290998,0.870932105902837,0.8607650985917205,1.0915448586672882,0.9803501707527537,0.977258139415853,0.9739725464287949,0.9870849072122901,1.0138792370854204,0.9367290384773967
2020-03-04,1.0405917717939792,0.876391047333979,0.8661603139332337,1.0944496541187556,0.9864949369496567,0.9833835249769327,0.9771505591031721,0.9903942767345841,1.0159345639190003,0.9380340928167907
2020-03-05,1.0426093052497474,0.8774601791524527,0.8672169650187761,1.0938682248147928,0.9876983873147244,0.9845831796510807,0.9788822322285567,0.9907861088250631,1.0150817779728154,0.9369576349604116
2020-03-06,1.0575078017631943,0.8915723938396032,0.8811644378288872,1.1093168807214882,1.0035835659463077,1.000418256317482,0.9928700927344045,0.9932395333891678,1.0175107743055987,0.9282091258964701
2020-03-09,1.07975246594884,0.9151493947879716,0.9044662077467407,1.1326513482743275,1.0301226230655884,1.0268736090638635,1.013755103470045,0.9893823083193369,1.013559292376479,0.9014748961688159
2020-03-10,1.0974193507589476,0.9271038600786129,0.9162811200972771,1.1511837633704036,1.0435789671474147,1.0402875117417685,1.0303421409656486,0.9889035727428747,1.0130688582055478,0.885852585748933
2020-03-11,1.1184938077512554,0.9473754280865665,0.9363160437345067,1.1732906933189367,1.0663973189148261,1.0630338942671416,1.0501284707056209,0.9887409338660286,1.0129022450131115,0.8685496014077578
2020-03-12,1.133356160347576,0.9613505613591504,0.9501280353784916,1.1904028492082677,1.0821281941428873,1.0787151542040414,1.0640823965073565,0.98625947293833,1.0110169758663716,0.8526488351172622
2020-03-13,1.1247300283953416,0.9496761249957915,0.9385898829792384,1.1811441264685636,1.0689870599434577,1.0656154672343459,1.0559835168422853,0.9836339861618122,1.0082413315943537,0.8545988512698856
2020-03-16,1.1520852893205336,0.9657757618715644,0.9545015773911695,1.2109593958384186,1.0871093471495996,1.0926920836482927,1.072736717509768,0.9830170453144389,1.0080732913724213,0.8327416007336146
2020-03-17,1.1693087596055645,0.9626404082492309,0.9514028249722881,1.228861196984681,1.0835800887399116,1.106245226249532,1.0719857151470475,0.984268613033105,1.0092727543516808,0.822412738802956
2020-03-18,1.1956710966497013,0.9861522198101192,0.974640166504552,1.25656615753445,1.1100457665145635,1.133448858192127,1.1050093406360637,0.9832618400835538,1.0082404055656427,0.8021888201631926
2020-03-19,1.2264144355774895,1.0140158369027572,1.0021785118604207,1.2888752426787804,1.13854054087338,1.1654743247928452,1.1307493126848827,0.9820117796257606,1.0069585888495176,0.7795230676840003
2020-03-20,1.2019423493289596,0.9832657194514192,0.9717873623089069,1.2495751775711248,1.1038244443091907,1.1301312156720202,1.1117244252657494,0.9871039588148929,1.00687467563378,0.8031621717442745
2020-03-23,1.2388891407309384,1.0020883522640989,0.9903902651976076,1.2877779032662031,1.1245976982062857,1.1517652912651466,1.1457234854106952,0.99282731628524,1.0126287600753505,0.7877872569590715
2020-03-24,1.2150423424009984,0.9826326069658432,0.9707604447659339,1.2629900679843282,1.123558632246753,1.1294035383322873,1.144855854308594,0.993111143419686,1.0129182479999024,0.8034014273885253
2020-03-25,1.1981083860582653,0.9689377281236587,0.9522442442741589,1.2453878676936871,1.1141057985710205,1.1197132957963924,1.1352238407555255,0.9956619425894263,1.0155199215820918,0.8187254365043799
2020-03-26,1.2031264517936664,0.9729959529635925,0.9560738440261871,1.2506039552020287,1.1176917633805956,1.1233173094194158,1.1388777780648558,0.9915763146069094,1.011352807794827,0.8085771861412526
2020-03-27,1.2057175149969945,0.97509140519719,0.9581328526642464,1.2532972663543434,1.1244464723692735,1.1301060160876324,1.145760523573539,0.9936335268778783,1.0134510501346505,0.8101909195996456
2020-03-30,1.2275739313395804,0.992767190328436,0.9755012248400386,1.276016175645906,1.1418929729679006,1.147640328098627,1.1635377252026127,0.9948778311578946,1.0147201714406031,0.7975335035437738
2020-03-31,1.2077030721877566,0.9766971708323058,0.9597106912140311,1.2553611771530335,1.1236177763504627,1.1292731490909556,1.1449161194976427,0.99431575328718,1.0141468832081468,0.8095420884783593
2020-04-01,1.2148389639413535,0.9824681301414331,0.9653812834026119,1.255367766947349,1.1238109442107145,1.1294672892002,1.1451129488836012,0.9899191190039384,1.0066691038171598,0.797599573882376
2020-04-02,1.1790501744647301,0.9535249153444298,0.9369414419570617,1.218175783196687,1.092876518077997,1.0983771644714153,1.1135921560729054,0.9891120570620534,1.0057644968441226,0.8197960817081349
2020-04-03,1.1734250267103037,0.9489757293534482,0.9324713743022679,1.2123639705022389,1.0904701832059718,1.0959587180780828,1.1111402087631723,0.9866230695589076,1.00323360537851,0.8195814124621318
2020-04-07,1.1505704079473587,0.9304926750329993,0.914309772766647,1.1887509439201838,1.079190633061618,1.0846223959052386,1.10009612870329,0.9867403153188105,1.0033528250582966,0.8357390641655866
2020-04-08,1.1521574378758903,0.9349840874559711,0.9187230716372728,1.194488947991149,1.079064905343081,1.0844960353762145,1.1017968867003043,0.9858596168414329,1.00418686730689,0.8330944445897186
2020-04-09,1.1418661788091433,0.9255718964437816,0.9094745751616976,1.1824644030911038,1.0692990169272882,1.0746809934668622,1.0919554563304474,0.9864771017748976,1.0042461953741975,0.8415793841965064
2020-04-10,1.1289215002175048,0.9252060875272277,0.9091151283048391,1.1842192858749627,1.0705589482546731,1.0759472662578957,1.0937580083297256,0.9813135251893007,1.0054270845617292,0.8423096250625971
2020-04-13,1.1296151478652738,0.9313815818003942,0.9151832198837657,1.1847495404762276,1.0800243695506808,1.0854603287417712,1.100590296589689,0.9770667728337536,1.0009921922861849,0.8345016889644284
2020-04-14,1.1271872483408523,0.9304524343902834,0.9142702319794009,1.1822031397384924,1.0826192889220883,1.0880683088145895,1.1037579716478036,0.9767364249678065,1.0006537551969854,0.8357310037526836
2020-04-15,1.1210506334365204,0.9333967505121139,0.9171633412714312,1.1757670081925176,1.0844362737904572,1.0898944388984497,1.1060035102546113,0.9727061904073262,0.9965248323431026,0.8333840483575203
2020-04-16,1.1090084803959068,0.9388622807942734,0.922533816380387,1.1631371002914304,1.0935448010236164,1.1058217818376885,1.1154775215257298,0.9616927036010732,0.9852416584501532,0.8234641135988386
2020-04-17,1.0953087206911172,0.93913362270408,0.9228004391777009,1.1470295944292093,1.0853079277498867,1.0976767386759831,1.10874327260991,0.9562525669214685,0.9789317577919743,0.8243200971397887
2020-04-20,1.0853534143565713,0.9469168209632011,0.9304482739459246,1.1364130233316956,1.0927802825127735,1.1101707611383873,1.1165617704766229,0.945873762695217,0.9682252245464781,0.8139186586005909
2020-04-21,1.0951019677540008,0.9648418263765008,0.9480615320252467,1.1252269486120319,1.1170226162496972,1.1353401034826376,1.1413316748306286,0.9409384515597508,0.954059756306748,0.7981144985948218
2020-04-22,1.1172966578682522,0.9894374623821306,0.9722294067122355,1.1476571131757591,1.1398518441436825,1.1587329196544685,1.169166419739182,0.9402605382428654,0.9532133795883235,0.7807888963451238
2020-04-23,1.0971776293414155,0.959067323746013,0.9423874581398887,1.1269913875276898,1.1098166142667967,1.1282001712218133,1.140193065898853,0.9469628934259876,0.9600080650775651,0.8059796917217724
2020-04-24,1.0964538176893743,0.9567979430866825,0.9401575459969694,1.126247907642366,1.1071905250471334,1.127751408611289,1.1376851309707663,0.9480772211081339,0.9611377435152589,0.8084082537923274
2020-04-27,1.1124228062145267,0.9644946017510393,0.9477203462460105,1.1426508236826591,1.113104345641089,1.1339630093206778,1.1468368794500192,0.9512804382668274,0.9643850875536459,0.8020970729951722
2020-04-28,1.1111661588233936,0.9570038392506931,0.9403598612649787,1.1413600292396333,1.1042738858355794,1.132087880480749,1.1379299527808582,0.9502617467977881,0.9633523627944262,0.8012852883033269
2020-04-29,1.1023226544575222,0.943963151962058,0.9275459744375838,1.132276219116852,1.0905255178883262,1.1181819056322104,1.1224238617267144,0.9530053313620714,0.9661337424316,0.8122894482701624
2020-04-30,1.0999510482496784,0.9380315051627376,0.9217174893965528,1.1329934757620452,1.082335987128699,1.1097846834115277,1.1153708089745453,0.956204388635515,0.9707221753451672,0.8194904605611584
2020-05-06,1.0828324849222584,0.926231369798209,0.9101225791159585,1.1244210844148774,1.0685401583504066,1.0918928677008495,1.101339802067949,0.9563877637277324,0.9747897085895139,0.8325585231908378
2020-05-07,1.0841144884407958,0.9263445719655801,0.9102338124987706,1.1255381506965447,1.068670753216649,1.093477950910093,1.10147440564182,0.9554629059352308,0.9737542184081222,0.8299626059791526
2020-05-08,1.0867110484377343,0.9267788757232361,0.9106605629511157,1.1288774567973971,1.0691717846231745,1.093592550230024,1.1019908165841512,0.9587466649129661,0.9773792159913705,0.8336796373154451
2020-05-11,1.0916887564165418,0.9268003643942277,0.9106816778963684,1.1323300785691313,1.0691965748739183,1.0956062568018876,1.1020163677902841,0.9594048284240171,0.9773063506372623,0.8310055604268115
2020-05-12,1.0926142660338949,0.9341493146844156,0.9179028170307059,1.1331013213220655,1.0776746385228502,1.1038931455011745,1.1107546719785413,0.9557416769469833,0.9734934062685839,0.823955244623511
2020-05-13,1.097173499216403,0.9346451272382851,0.9183900065332424,1.1378294978651633,1.0782466291097585,1.1059573602473682,1.1113442202466595,0.9571583348901924,0.9749363768953934,0.8229596973059209
2020-05-14,1.103073796437842,0.9364566145060416,0.9201699888550736,1.1439484318619468,1.084110696966591,1.1121564597478015,1.1134981777717152,0.9581306720561851,0.9759267740315604,0.8202060672214674
2020-05-15,1.091474853143279,0.9238440974495934,0.9077768256273377,1.1319196872431196,1.0688395758499438,1.0964902772767753,1.098501204562361,0.9621899916331632,0.9800614904904559,0.8357805716635534
2020-05-18,1.0912427059698826,0.9215507091790511,0.9055233234077412,1.1316789378065673,1.0601207846762233,1.0875459324306471,1.095774240364966,0.9698012595018044,0.9878141283236568,0.8491809829495616
2020-05-19,1.09275010897717,0.9154074796939045,0.8994869354754895,1.1332421979546545,1.0543397512484207,1.0816153446329817,1.088469604216977,0.970431919249329,0.9884565018024145,0.8491123964712345
2020-05-20,1.098986872829139,0.9120775997982473,0.8962149680410005,1.1397100664249171,1.0480656737719085,1.0751789578193607,1.0845101947381206,0.9778187566171953,0.9959805406135787,0.8571928998429995
2020-05-21,1.09140431751953,0.9047136396241575,0.8889790800710109,1.1318465379067484,1.041504504620107,1.0684480523167292,1.0757540429762393,0.9760102256588895,0.9941384184110946,0.8599363233896835
2020-05-22,1.0728055359560138,0.9194611305477219,0.9034700862196883,1.1125585745149662,1.0583082021376355,1.0843058928749383,1.093289616985459,0.9601711225698263,0.9780051234106437,0.8466798105182874
2020-05-25,1.0786530354762902,0.9137966648748508,0.897904135555946,1.123015758299186,1.0517883501469858,1.0731637143972406,1.0865542572185578,0.9673803508082187,0.9872791100146683,0.8547790543740548
2020-05-26,1.0840713167333678,0.9105566380141557,0.8947204584542912,1.1288440513219886,1.0480590494860897,1.069230316147096,1.0827016879169693,0.9723203030393683,0.9924029490222098,0.8592152368245942
2020-05-27,1.081398052933959,0.9127795611671519,0.8969047210685257,1.1260603802747091,1.0506176544421646,1.0681346566157657,1.0853448652322295,0.9699226114600195,0.9899557346765322,0.8570964564887904
2020-05-28,1.0853501495062479,0.9090621731228407,0.8932519849328446,1.1301757005834518,1.0463389066766344,1.0669432355479624,1.0809246873518115,0.9734673078997222,0.9935736445249159,0.8602288164543184
2020-05-29,1.0868079161993527,0.9104496713333308,0.8934061856564895,1.1316936738332979,1.0465195345613847,1.0657267310328895,1.0811112857269698,0.9747748013560306,0.9949081434115601,0.8613842158594288
2020-06-01,1.0965885177030819,0.9021242250591358,0.8864760240053279,1.1418782194950212,1.038401670971399,1.0593602456436286,1.0727250935410744,0.9835471738662352,1.0038617035931539,0.8691361429767667
2020-06-02,1.0938751674909968,0.8998501742685561,0.8876854430422602,1.1390528064444343,1.039818362133762,1.0610587540209047,1.074188612141004,0.9811135281643858,1.001377792515867,0.8669855908783219
2020-06-03,1.1057682237103779,0.8933074313216751,0.8765985627443733,1.151437052349714,1.0319113148980419,1.0460298216590693,1.060772372578322,0.9917805939273083,1.0122651796119169,0.8764118112370486
2020-06-04,1.0961662850746445,0.9015752507623295,0.8850954033847688,1.1414385484295402,1.0421339733640338,1.0521855009934669,1.0710544038165601,0.9831684669021284,1.003475174682033,0.8688014890640231
2020-06-05,1.103629123201883,0.9004337028601545,0.8803399109530177,1.149209605827588,1.0369305320836593,1.0454180472479435,1.0652997799739041,0.989862001651554,1.0103069600555856,0.8747163990241914
2020-06-08,1.115915487922832,0.8932394125614537,0.86419887625317,1.1620034040893188,1.0242123716886202,1.0260760681217822,1.045767505564484,1.0008818318825787,1.0215543977413029,0.8844543485580225
2020-06-09,1.1146504255194893,0.9008241080024328,0.8658088010687908,1.1606860939211394,1.032738485728712,1.0270859796769478,1.0467967983437412,0.9997471778792901,1.0203963081946137,0.8834516830730973
2020-06-10,1.1178712146419014,0.9080412732068579,0.8666777019887623,1.16403990338485,1.0410125141414284,1.0277518719506322,1.0474754697635904,1.002635953375137,1.0233447494769565,0.8860044220358017
2020-06-11,1.1122022985189315,0.9111651030409467,0.8717719568736847,1.1581368579448683,1.0445937896244801,1.0323050668945366,1.055738787948242,0.9975514149711505,1.0181551932260382,0.8815113420751458
2020-06-12,1.1050879845105148,0.9216011589806277,0.8805053908916918,1.1507287189011774,1.0565580748965804,1.0386663377672143,1.0624204185748358,0.9911704768854301,1.0116424609977772,0.8758726660016881
2020-06-15,1.0962167228953341,0.92077862650713,0.8836593530492889,1.141491069359638,1.0556150928720136,1.0422137199158168,1.0699774832061177,0.9832137053623112,1.003521347513305,0.8688414651646539
2020-06-16,1.0992197284353247,0.9182179997344635,0.8698191647331271,1.1637150335508335,1.0526794944658118,1.0216250056533418,1.0490186311817196,0.9941316384419169,1.0230591460041396,0.8857571486316101
2020-06-17,1.0947079654165042,0.9131241709884016,0.8647038895612811,1.1631354902124116,1.0468397384701216,1.0183615396480836,1.0453163390622797,0.9921209568891939,1.0228347899631438,0.885809774129465
2020-06-18,1.0928835748825567,0.9124223747620116,0.8640393075187512,1.1627493137769356,1.0466537601180215,1.0161998561420942,1.0430974384059635,0.9908433365932245,1.022200125030673,0.8850045918361414
2020-06-19,1.096339469280999,0.9126786326203339,0.8642819767787076,1.1671531266428867,1.0514684118075528,1.010878038052491,1.0438339109013635,0.99611638072915,1.0279596000534512,0.8916256367135017
2020-06-22,1.0996693589288735,0.9174060836818415,0.8687587450545614,1.1630027013674047,1.0517967332565858,1.0161597685962251,1.0477553581037704,0.9978676513509347,1.0263780289271558,0.8920526514622973
2020-06-23,1.0983848988692015,0.9168290733287258,0.8682123318585158,1.1631994956286156,1.0521500095653396,1.0143689898258106,1.048704678457306,0.9974524569936071,1.0266372361275578,0.8923522731077713
2020-06-24,1.099685013939761,0.917749271866476,0.8690837349820362,1.164825115310277,1.052446593013522,1.0143537958902165,1.0487620252281924,0.9987397702952312,1.0280720043708793,0.893599372529316
2020-06-29,1.1069550169850464,0.9309154781312841,0.8815517761637981,1.1554710359492122,1.0456133471811127,1.0267920559294854,1.0654204820874815,0.9980309290114406,1.019816115146502,0.8864233601496289
2020-06-30,1.10712669674169,0.929002583806522,0.8797403169827855,1.154166596113726,1.0446071972992343,1.0208054527506971,1.0622183223081336,1.0019230323275952,1.0231384455159256,0.8931995992637202
2020-07-01,1.117131178926313,0.9375674186427907,0.8878509838906113,1.164861120920313,1.0455056787627874,1.017964696853397,1.063326283278747,1.0112506873261242,1.0327810549966654,0.9017591897059097
2020-07-02,1.1137370859853362,0.9333459095596486,0.8838533289823418,1.1668491920935025,1.0453552676949007,1.0130418678741946,1.0565707736646621,1.0106617079306355,1.0346297699033282,0.9034485174019689
2020-07-03,1.1150667666678349,0.933439614956655,0.8839420654585394,1.1662698331550234,1.045191638078133,1.0131435745291881,1.0565007553747523,1.011650911108773,1.0347679597047783,0.9041384310589224
2020-07-06,1.1176724616616485,0.9337556988780283,0.8842413883818867,1.1685488779711588,1.046804897411802,1.0123509189145823,1.0568585106021307,1.0148321088023808,1.0378238606613712,0.9077118710678035
2020-07-07,1.1151022825213228,0.9375097603993732,0.887796383093773,1.1730521413564508,1.043843748420884,1.0142190042417036,1.0611074933638152,1.0112475545841313,1.0373511188732272,0.9033868528985425
2020-07-08,1.1173389058375571,0.9381822676479072,0.8884332292665514,1.1767380820122935,1.048468604963109,1.0119329209017538,1.0618686614187023,1.0145862011245514,1.0413653817682316,0.9075399652679114
2020-07-09,1.1232216052858166,0.9441538255141977,0.8940881330329606,1.1840319316750656,1.0538139630504517,1.0122779224048621,1.0674730666272518,1.0203083992631812,1.0477246404822573,0.9129987694565507
2020-07-10,1.1232577644558508,0.950957950603545,0.9005314554383369,1.1925647588004666,1.0538478878237068,1.0194042766230524,1.074987990170276,1.0165235424007466,1.0475964765886534,0.9061957990849113
2020-07-13,1.1299830183481365,0.9568100910029442,0.906073274093889,1.1999037335673808,1.06489017282652,1.0256776317664211,1.0816034042820688,1.0268376912253725,1.0583132064233045,0.9191595733567091
2020-07-14,1.1248472714531532,0.9524614110899129,0.9019551918497349,1.194450198625806,1.061038476852461,1.0210159504605385,1.0776359040283396,1.0209818618292268,1.0522778790902112,0.912853602961505
2020-07-15,1.1239771464129558,0.951724635045161,0.9012574848654341,1.1935262322763562,1.060610470087375,1.0202261440863905,1.0766226933336265,1.021830197487951,1.0531522186657638,0.9150767237955335
2020-07-16,1.1174912805671025,0.9462327455305065,0.8960568140528082,1.1781705818562196,1.0523333511881825,1.0143389693123355,1.0704100844938043,1.0113547900953255,1.0386194823818238,0.9015951137223439
2020-07-17,1.124076440545884,0.9518087120859843,0.901337103548777,1.184071260744289,1.055794096656161,1.0203162726719148,1.0767178040902523,1.015550385303598,1.04246887279439,0.9037627046798774
2020-07-20,1.1336489459191204,0.9599142053443535,0.9090127864077008,1.1939573298794253,1.0608263844402441,1.0290051684180166,1.0858870087753962,1.0181294549300608,1.0450294316189794,0.9006567178192839
2020-07-21,1.1313563738713457,0.9579729761098923,0.9071744948336734,1.1915427965174257,1.0585042766618709,1.0269242169077426,1.0836910254312386,1.0207579240070528,1.047727347421588,0.9071284986314972
2020-07-22,1.13944218039338,0.964819611102239,0.9136580729672805,1.200058755536064,1.066291675046934,1.0342636465715311,1.0914361676018862,1.0293251422418923,1.0565209199473187,0.9158723028408403
2020-07-23,1.1400107390754703,0.9653010366418427,0.9141139699305367,1.2006575606673984,1.0682153206984306,1.034779723285161,1.0919807722511745,1.03059620363847,1.0578255640300396,0.9176772295036963
2020-07-24,1.1447446414930318,0.9693094558210685,0.9179098344639623,1.2056432994278212,1.0673831121047068,1.0390766531874844,1.096515229901883,1.0323345321043378,1.0596098208353568,0.9169622997869438
2020-07-27,1.1531685359815846,0.9764423658925615,0.9246645073536686,1.214515332173888,1.071445132728995,1.0467229629186694,1.1045842160032178,1.0380972002439826,1.0655247443074367,0.9204518807360791
2020-07-28,1.1496116849574465,0.9734306118247309,0.9218124577205544,1.2107692621344406,1.0670442664748199,1.0434944342808523,1.1011772192136344,1.034364292360193,1.0616932093437905,0.9166712059289557
2020-07-29,1.1554391413560106,0.9783649949052631,0.9264851850208328,1.2169067302692318,1.0714783797724674,1.0487839754341688,1.1067591581553013,1.0391350779617372,1.0665900437703129,0.9204804424447082
2020-07-30,1.154482179101678,0.9775546896822759,0.925717847893736,1.2158988590917466,1.0721463737289998,1.0479153475320004,1.1058425138240833,1.0390286747870459,1.0664808293196046,0.9210542994485145
2020-07-31,1.1596538901372921,0.9819338221349572,0.9298647678691855,1.2213456972167391,1.0722475152873197,1.0526096732351808,1.11079633471099,1.0414049416027342,1.068919879430324,0.9211411876472027
2020-08-03,1.1626600226134254,0.9844792567488868,0.9322752255935783,1.2245117513266894,1.062464765849878,1.0553383185235001,1.1136758153599526,1.0380040642379902,1.06542914755701,0.9127370707742013
2020-08-04,1.1622135899056578,0.9841012410505888,0.9319172549527621,1.2240415690840687,1.066275011383867,1.0549330946971143,1.1132481913768826,1.0396660421744215,1.0671350365771752,0.9160103580016058
2020-08-05,1.162503338425292,0.9843465848326968,0.9321495888777734,1.2295791923607822,1.0690727351025078,1.0551960973888368,1.1135257324573162,1.041159593586751,1.0709489119825055,0.9184138129055855
2020-08-06,1.1583007258022269,0.9807880338624324,0.9287797373691238,1.2272628639575336,1.066605640226411,1.051381415493211,1.1095001807495062,1.0399602877625966,1.0706423599756105,0.9196181763448179
2020-08-07,1.1622438661044812,0.9805118520642331,0.9285182006770544,1.2270596672865288,1.0704143955316472,1.0510853551826251,1.1091877546753268,1.042913285269393,1.07177148269096,0.921710135250226
2020-08-10,1.1514994834711823,0.9718031385264618,0.9202712845308806,1.2169357479224148,1.0605189319570951,1.0417498216622896,1.0993361670634738,1.034814097335041,1.0639808356352232,0.9159150334764058
2020-08-11,1.1444929524084697,0.9663559891371704,0.9151129814067357,1.2097338793235513,1.054901633889856,1.0359106072371678,1.0931741697477153,1.029011491145607,1.0581033452396453,0.9112163178524153
2020-08-12,1.136842079739887,0.9598156612521015,0.908919467817994,1.2010198887905243,1.04345755824018,1.0288995314978833,1.0857755324070166,1.0199904449099182,1.0485530600564896,0.9013310089859669
2020-08-13,1.1337898221097316,0.9655339957030192,0.9143345758598374,1.1942798684255858,1.0471247974424807,1.0350294498509784,1.0922443033216598,1.0204135629499709,1.047453438932015,0.9044987433938494
2020-08-14,1.1371863794589876,0.9674982357739295,0.9161946580735298,1.1993940498978206,1.0486197366669678,1.037135068429938,1.0944663172925357,1.022670420154444,1.0504438615800564,0.9057900609648796
2020-08-17,1.1377081440427776,0.9731035352068015,0.9215027250109252,1.1997444576365328,1.0548911164383445,1.0431438159355413,1.1008072192195661,1.0245301659187354,1.0522665768915496,0.9086688589691819
2020-08-18,1.1442570883950958,0.9812680955086589,0.9292343427622457,1.207550720075117,1.062623831578641,1.0518960301456206,1.1100432425170543,1.0281647538386174,1.0563943424399311,0.909885449064716
2020-08-19,1.1368610787129698,0.9831283074550562,0.9309959131560257,1.1995443477990897,1.0631318048851495,1.0538901330524622,1.1121475763990984,1.027922588205571,1.0560574949754127,0.9153379621968321
2020-08-20,1.1324625478390955,0.979519690534333,0.927578650546595,1.1930201215906673,1.0590523428742962,1.0500217816502315,1.1080653884160019,1.0232243306694944,1.0504016871273354,0.9105120682202261
2020-08-21,1.136796977476701,0.9803124802480314,0.9283294009601967,1.197387494870811,1.0599095035948132,1.0508716333435624,1.108962218618121,1.0239373370529883,1.051046097847566,0.9082960719177033
2020-08-24,1.1356063398968292,0.9765303797780417,0.9247478541224082,1.1961333971055035,1.0558203133493944,1.046817311707912,1.1046837802500047,1.0234980612192066,1.0505951921775922,0.9084680564626608
2020-08-25,1.1297966452454906,0.9725369164254151,0.9209661523522111,1.1866429524119775,1.0515025984931727,1.04253641409554,1.1001662411298474,1.022052817634008,1.0476312243936994,0.9105500971550611
2020-08-26,1.1301216201643818,0.9749297365437976,0.9232320882776025,1.1867865047879196,1.0540897049872415,1.0451014602790443,1.1028730791643526,1.0245502349446918,1.0501038407213656,0.9147381003620362
2020-08-27,1.1259273591600185,0.9755584966578528,0.9238275070974066,1.1804313346380413,1.054769517632491,1.0457754761478122,1.1035843536050134,1.0224519413079305,1.0470902356390837,0.9143862071576374
2020-08-28,1.1226056397188136,0.9809872008063737,0.9289683430774928,1.1767520785989025,1.0606390084684805,1.0515949177140889,1.109725485048369,1.0212157585261479,1.0457370067148508,0.9148727817821143
2020-08-31,1.1175120924454942,0.9790824036549409,0.9271645517005913,1.1733010494004585,1.0585795502407191,1.0495530205292158,1.10757071489331,1.0225731559915237,1.0479659827224552,0.9214558855375458
2020-09-01,1.107580022820937,0.9835247499914099,0.9313713335140275,1.1698471216931885,1.063382595387193,1.0543151100104207,1.112596045436806,1.018700630476641,1.047111792125788,0.9226662931655358
2020-09-02,1.106371094334292,0.9773933555954027,0.9255650688776169,1.1684453704746136,1.0567533589737468,1.0477424012329344,1.1056600073166971,1.0159319518757504,1.0442100169816686,0.9186580447281533
2020-09-03,1.0980880943174942,0.9776154837994687,0.9257754182782129,1.1645442140470097,1.0569935230023089,1.0479805173778594,1.1059112861598843,1.0054011658564785,1.0355517396320502,0.9064907458567913
2020-09-04,1.0975547574941074,0.9809310861518888,0.9289152040176187,1.1680316413487946,1.0605783375530553,1.051534764140814,1.1096620062770708,1.0054131667169453,1.0373661505805982,0.9069526650986023
2020-09-07,1.096126916588907,0.9928437963394573,0.9401962183217922,1.1766551447097489,1.0734583069462633,1.064304905768707,1.1231380619078408,1.0040327837258731,1.040446071781286,0.9056421431002954
2020-09-08,1.1004757251500525,0.9958637848334461,0.9430560657337338,1.1798497297817394,1.076723505105034,1.0675422615152683,1.1265543737553119,1.0060923693765882,1.0419287938463724,0.9057645811197137
2020-09-09,1.1022182292717364,1.0066236546357081,0.953245371377804,1.192654134014722,1.0883570285892754,1.0790765857042315,1.1387262978390895,0.9963827699782377,1.0367022476710868,0.8868476732160621
2020-09-10,1.1027306604112852,1.0096440522789099,0.9561056062429826,1.193407385306423,1.0916226691183595,1.0823143800490056,1.1421430725298152,0.9967134350587903,1.0371326852498188,0.8870239980981092
2020-09-11,1.110736474272956,1.0160754415273894,0.9621959578897067,1.200810437862709,1.0985762586350982,1.0892086761641666,1.1494184748464173,0.9993141034517361,1.0392908483283605,0.8852131363153373
2020-09-14,1.1090914423933627,1.021482921781922,0.9673166954163003,1.199127684497841,1.1044228022910865,1.0950053662215204,1.1555355971120471,1.0034736052771893,1.0436581529785929,0.8938933075889582
2020-09-15,1.1078141066542935,1.0227033432962331,0.9684724015774754,1.1988615168397403,1.1057423166168479,1.0963136290213447,1.1569161786892779,1.003494682051137,1.044165232815946,0.8949603509213986
2020-09-16,1.0962847870076982,1.010649859933537,0.9570580788844253,1.1858360897712903,1.0927101438913602,1.083392581902133,1.1432808757411912,0.9992607101556436,1.039520777885154,0.8967223624069794
2020-09-17,1.0994644135232883,1.0101089862564288,0.9565458861430475,1.1880529363583354,1.0921253536717495,1.0828127782008157,1.1426690213732795,0.9985260306169422,1.0382206627628698,0.892802957894727
2020-09-18,1.098983840140048,1.0138543691988036,0.9600926624754079,1.1794996443537318,1.0961748450892417,1.086827739521266,1.1469059236478476,1.0060682570301964,1.0425523256831593,0.9066805240322369
2020-09-21,1.1005638294858187,1.015986343207438,0.9621115841908567,1.1814736142415672,1.0984799259269324,1.0891131648869952,1.1493176838511383,1.004704592514585,1.041262169631193,0.9029191047725877
2020-09-22,1.111446824920931,1.0151178360955473,0.961289131449352,1.1893970297685459,1.097540899891479,1.0881821459459609,1.148335199599337,1.0012961174495072,1.036072930731804,0.8878641991597912
2020-09-23,1.1178497308302342,1.011226813908072,0.9576044386914797,1.1960507642035882,1.0933339439684453,1.0840110628230635,1.1439335453465795,0.9996836252823714,1.0343180944034924,0.879889683043915
2020-09-24,1.1235313880978255,1.0032176989736608,0.950020023498273,1.202129891235983,1.0846745244410945,1.0754254823450597,1.1348733670403879,0.9971366266151518,1.0316828538720866,0.8709339231263011
2020-09-25,1.1143361208762088,1.0012468882713488,0.9518893833168163,1.192291353833194,1.0825436926550518,1.0775416032002083,1.137106463837304,0.9964617274885446,1.0309845725749913,0.8768829074246574
2020-09-28,1.1195486867705338,1.0108171188265966,0.9602599863700654,1.1978685734266887,1.0918828029061842,1.0870171506659463,1.147105805152468,0.9973250254980697,1.0318777799153258,0.8743004826434939
2020-09-29,1.1130502135073892,1.0056169877215801,0.9599275808167472,1.1909154886799869,1.0860836503307725,1.08664086659438,1.14670872066984,0.9961431061616626,1.0306549124752136,0.8773031526107087
2020-09-30,1.124455921940892,1.0144401331568715,0.9685075160760775,1.2031191023786212,1.0956101680740207,1.0963533787378374,1.1569581257096302,0.9969537694967567,1.0314936615901853,0.8697411064949129
2020-10-09,1.121056208851779,1.0213332386211469,0.9745002349911452,1.199481556717375,1.1023893449712312,1.1059464262730927,1.1641168980772127,1.0063732117633595,1.041239444485033,0.8888057244529037
2020-10-12,1.1172049725991513,1.02248565657209,0.979334079106265,1.2000132589170387,1.1078575614543276,1.111247962653885,1.1698913036802376,1.0076072684301385,1.0445355524595945,0.8940388767827131
2020-10-13,1.1181009596462517,1.0224176202007753,0.9780905858065457,1.2011756595789855,1.1064508775819875,1.1096517658817469,1.1684058534865163,1.0053578674813421,1.0422907567615192,0.8893301291029158
2020-10-14,1.1176372190677366,1.0231879780972055,0.9752363764925827,1.200677463159006,1.1032220944344298,1.1062287001197655,1.164996276788914,1.0054429577072719,1.042378972867292,0.8898495253302566
2020-10-15,1.114622699658225,1.018575327449146,0.9705019775104928,1.19743896550028,1.098064770313637,1.1008583835913341,1.1593406661903793,1.0056824477001016,1.042627260779425,0.8926735627774715
2020-10-16,1.1159236426347683,1.0211551212113037,0.9740500510350983,1.1988365683056819,1.1018961918743495,1.104883029162052,1.1635791180627395,1.0083075590767017,1.0453488084111695,0.8962919233490944
2020-10-19,1.1176977687867853,1.0207946005617003,0.9736420227649838,1.200742511711275,1.1033918110146055,1.1044201951315125,1.1630916963186722,1.0084634177445864,1.0455103927127918,0.8951440615625909
2020-10-20,1.1182335084624169,1.0226803280383043,0.9743825994842127,1.20131805674832,1.1027216507785471,1.105260245032438,1.1639763732455943,1.0091853163483486,1.0462588110286553,0.895996557399683
2020-10-21,1.1142076731029236,1.0241072580833153,0.9766113057655824,1.1990089279853633,1.0985678738661522,1.1077883078816269,1.1666387375527891,1.0088944525132866,1.0468350791271035,0.8987058190952679
2020-10-22,1.1175109473227933,1.0279943809988856,0.9804790461860572,1.1972845404922141,1.1025524179170874,1.1121755575380952,1.1712590565831809,1.0082347330888237,1.0438460150793116,0.8948661064578716
2020-10-23,1.120747052113507,1.0284179710327896,0.9798497674531115,1.1973787925045432,1.1018447915876395,1.1114617550061765,1.170507333822817,1.0063333729907478,1.04040719228836,0.8888996077986344
2020-10-26,1.1327326061503526,1.0384923068922485,0.9878135489182458,1.209108260917634,1.1108000941454068,1.1204952199492066,1.1800206948701246,1.0073342787939594,1.0409746894299128,0.8811617001148224
2020-10-27,1.1313196158740308,1.0361278472251751,0.9886312009740609,1.206355339497715,1.1090441961664694,1.1214226978331918,1.1809974443266609,1.0068428317653035,1.0399310394209078,0.8814010937722941
2020-10-28,1.1341877010923112,1.0400251073627655,0.9923985938109139,1.2092125936535132,1.111855809454892,1.125696121365383,1.1854978903046092,1.00551547337771,1.0384733986974113,0.8768426262294947
2020-10-29,1.147211446266362,1.0494932548796363,0.996879525831927,1.2230978409241628,1.1246231201202104,1.1307789256212681,1.1908507147550251,1.00365909072694,1.0365561691254463,0.8635362908698355
2020-10-30,1.1642106429408234,1.0614421771155034,1.006001829179119,1.2412215101201478,1.137239990292808,1.1411265234110017,1.2017480209788138,1.0023257808911017,1.035179157201315,0.848446219804418
2020-11-02,1.1699351894623538,1.0675643415093543,1.0148273825487895,1.2473247271979941,1.1426423792722706,1.1498152544826845,1.212290836099437,1.0066732168546222,1.0396690896988139,0.8516343336949311
2020-11-03,1.156540581555164,1.060428405182638,1.00966492483339,1.2405637735203388,1.1295602472137214,1.1437744734874198,1.2061238757988475,1.0067304986167094,1.0428621512511191,0.8614816291499998
2020-11-04,1.1509116559916186,1.0539707270316656,1.0049207827203428,1.2347347002336246,1.1240626359301156,1.1384001869156688,1.2004566262668572,1.0077163517349819,1.0439711475153064,0.8673617247189052
2020-11-05,1.1661029979953608,1.0665891243821595,1.0169022279482895,1.2494561652846776,1.13889958700898,1.1519730771589092,1.2147694015258248,1.013666160055827,1.049468634378041,0.8661553106485574
2020-11-06,1.1696702971928623,1.0699211367153894,1.0235003910797076,1.2531512094864088,1.1423836665369087,1.1594476465690202,1.2226514244558895,1.0130746423822639,1.0488027849328243,0.8624947227970425
2020-11-09,1.1606154161965607,1.0644815908521172,1.017561541899905,1.2456709555543948,1.1363853193698201,1.1527199650118238,1.2155570037086203,1.0109469077847557,1.0475293770495702,0.8655486850850151
2020-11-10,1.157581446730683,1.0599877601001528,1.0042079216352662,1.2277789334860656,1.131587938806219,1.1375926394885976,1.1996050578368844,1.0123393732651105,1.042818384668369,0.8701957110285243
2020-11-11,1.1530097676749347,1.0583355649579524,1.002475302130962,1.212916372843408,1.129824140990958,1.1349588431834103,1.1968276881007063,1.0202464134979068,1.0467109224225835,0.8872260153973706
2020-11-12,1.1582274934907015,1.0620385527285725,1.0059828416175398,1.216958067382081,1.1337772586178867,1.1382988200866793,1.2003497337321027,1.0207213328296725,1.04657374688007,0.8840370413396842
2020-11-13,1.160067285921541,1.0663225588107517,1.0100407325490743,1.2218669812336802,1.1383506412500675,1.144715654488663,1.2071163624326735,1.021327491435438,1.0484748526952559,0.8836827645557641
2020-11-16,1.148724923232016,1.0658420290043404,1.0095855657014174,1.2213163565665932,1.1378376525594052,1.1439690545295647,1.206329063837354,1.0190924802486085,1.0510698336540445,0.8884552284770447
2020-11-17,1.1480612458657293,1.0654038776796118,1.0091705405466558,1.2208142921283553,1.137369904937123,1.1430565501264303,1.205366817019556,1.017639819624224,1.0496591802131492,0.8864356459519336
2020-11-18,1.1525727134508323,1.0695905315506515,1.0131362176374141,1.225611653006271,1.1418393593994816,1.1451055526354827,1.2075275146964368,1.0224956650148411,1.0546678115517294,0.8914118365457314
2020-11-19,1.1510208176167496,1.0681503681052424,1.0117720678036024,1.2239614129855707,1.140301915623168,1.141973448286139,1.2042246731618478,1.021894788473284,1.0540480288291418,0.8915644006020127
2020-11-20,1.1565257574398289,1.0732589668450936,1.0166110283703311,1.2298152027877463,1.145755590595481,1.1476099094831742,1.2101683889750097,1.028750028041365,1.0611189639541587,0.8992622247366878
2020-11-23,1.154645372642179,1.0715139647712406,1.0149581296687038,1.2278156573419448,1.143892716914961,1.1455527525640528,1.208838508221954,1.0314600268853908,1.0639142311107141,0.9054621147281227
2020-11-24,1.1684496925795798,1.0665044410658133,1.0102130148332877,1.2220753946448903,1.1385448093092263,1.1401970839881306,1.1935862591997497,1.0412729994730812,1.0651891720089548,0.9118654354967725
2020-11-25,1.1776479462082585,1.0646697715290583,1.008475181428585,1.2317107487236496,1.136586211297405,1.1382356436271328,1.1870257838415161,1.0475908523021245,1.0717539301832293,0.9157524234745634
2020-11-26,1.177830198323796,1.0672409577006048,1.0109106572072513,1.231798725004865,1.1393310762568576,1.1409844919790986,1.1905107033753244,1.0480257869747647,1.0721095839605206,0.9163710991775954
2020-11-27,1.1836717081901889,1.069815568861827,1.013349377200393,1.23790789457427,1.1420795975575937,1.1437370019784898,1.1933414176755504,1.0532053586337646,1.0774081829887503,0.9208841202990786
2020-11-30,1.191317914993226,1.0934725744463254,1.0357577367094832,1.245904452825628,1.1673345893559524,1.169028644230237,1.209427563771384,1.0554624982619587,1.079717192039672,0.918882572089877
2020-12-01,1.1891197280675991,1.083618147433591,1.0264234385681268,1.2436055443274736,1.1568145143407438,1.1584933023116746,1.201519966029323,1.0548204630606282,1.0790604027687005,0.9194601608956651
2020-12-02,1.1839284201744371,1.0833833896213656,1.026201071564191,1.2381763691772651,1.1565638990800262,1.158242323354029,1.20711794309754,1.0527869675560335,1.0769801772184213,0.9199291307063717
2020-12-03,1.1759617802532765,1.0679686461485163,1.0115999373569795,1.2298446954679103,1.140107918690196,1.141762461778766,1.1943142224696133,1.0476091030607666,1.071683324584815,0.9170704484814316
2020-12-04,1.19098462958805,1.061372925866128,1.0053523473658776,1.2492035880100292,1.1330666699133374,1.1347109946275697,1.1873496122885139,1.0627262850349855,1.08873719614266,0.9318218950375743
2020-12-07,1.1893629747572916,1.0551210810895546,0.999430482705192,1.2472944611508736,1.1263925247856703,1.12802716387233,1.1794159593706772,1.0601211732110098,1.0859775944272507,0.9285222324277027
2020-12-08,1.1776055008885487,1.05985742960147,1.0039168408723849,1.2349643042981249,1.131448804727582,1.133090781569637,1.1902634650532269,1.0513414491674744,1.0769837323693368,0.9223214666308575
2020-12-09,1.1769448154330182,1.061766223157773,1.005724885939014,1.2342714381784154,1.1334865336969988,1.1351314677243582,1.1903221333675515,1.050170475598733,1.0757841986825718,0.9207843823601417
2020-12-10,1.1795675621284158,1.072551217853989,1.015940635248166,1.2370219336079866,1.1450000344917382,1.1466616770980427,1.1985056479413403,1.052931909584275,1.0786129842144232,0.923574896769356
2020-12-11,1.189549784841323,1.0612853212753355,1.0052693666539647,1.2474903703796325,1.1329731477972746,1.1346173367906964,1.1855028629689488,1.058865361966285,1.084691153868319,0.9261680474202512
2020-12-14,1.1975348123351435,1.0587302256462086,1.0028491321389463,1.2558643325564962,1.130245460266106,1.1318856907951766,1.1827101804090046,1.0673146164410285,1.0933464861841462,0.9347317913917635
2020-12-15,1.19025806960787,1.0567596845621612,1.0037695132501003,1.2482331542773841,1.131282761430617,1.1329244973079484,1.1868206752447346,1.061965450152064,1.0878668533973714,0.9310422529355789
2020-12-16,1.1902638341221459,1.0592077273284672,1.005213838090333,1.2482391995695954,1.1337148939352537,1.1345546633689516,1.1912558737068597,1.065184044853834,1.0911639498236954,0.9366813316865449
2020-12-17,1.2048776642474843,1.0577950576066637,0.9985936957979149,1.263564840066563,1.1481668967218723,1.1270827076263825,1.1855612889683826,1.0795626628932897,1.105893263249613,0.9504689312349339
2020-12-18,1.2049150831569462,1.0621304707724915,1.0050384016631686,1.2636040815760976,1.1530640634475764,1.1343566535435574,1.1961048436377852,1.0831985117374865,1.1096177906727966,0.9568415638730113
2020-12-21,1.1838345256006721,1.0556492016164136,1.008013036764334,1.2556827914986495,1.146027904750454,1.1377140348269863,1.2046136655365312,1.0726678948086614,1.1050589847152472,0.954977553107186
2020-12-22,1.1608392609177163,1.0406160814952856,1.0119840096374506,1.2315011984727808,1.1297077340650616,1.1364879452502612,1.2035162486326012,1.052010752208801,1.0838701516844271,0.9367460215878778
2020-12-23,1.158494238204944,1.039426051518522,1.0155269286270163,1.2298876254836193,1.1332862302616862,1.140277333305306,1.2066747997711804,1.0498855750278877,1.0820653135598324,0.9348536918134814
2020-12-24,1.1533336198747992,1.0525958849462367,1.0068037774993632,1.224203997522219,1.126973780347692,1.1304826038643967,1.1976557149770428,1.0547838956870483,1.0870235991166537,0.9477413443091584
2020-12-25,1.154420331207795,1.05455578081185,1.004467671326513,1.228341482651236,1.1261373376396282,1.1278595233315178,1.196894147559221,1.0571511665489617,1.0907880361482676,0.9511024158165339
2020-12-28,1.1508386807029234,1.0475066230354337,1.005380225378043,1.2205629765916806,1.1222470888287601,1.1288841782875243,1.19840277103368,1.0521640133274617,1.0838805910536375,0.9450795337359591
2020-12-29,1.1492998312216915,1.0417430656309667,1.0015973220270613,1.2168077151517032,1.115885255644812,1.124636571627757,1.191867159320259,1.047676394202958,1.0783149867181194,0.9382814721626211
2020-12-30,1.1544058274329607,1.049450298610068,1.0078353737778674,1.2223466131973435,1.124141022279543,1.1316409245552037,1.1991297834051948,1.0538086975215983,1.0846855494449745,0.9450969443199774
2020-12-31,1.1638581069727407,1.0520717183777397,1.0107211381270877,1.2278146278837176,1.1269490118540442,1.1348811849401501,1.2041580082989771,1.0601398753944218,1.0891876301298409,0.9487145836915993
2021-01-04,1.1615159941604853,1.0664458244926263,0.9949871396736011,1.2503043557658533,1.1192482936995514,1.1172143744469731,1.1902382742993147,1.0684395384277126,1.108785884623658,0.9654784132080043
2021-01-05,1.1558581811259951,1.0582619774218927,0.9993828203475609,1.244422433435312,1.1104727019787997,1.1189253425921528,1.1974882576790362,1.0626316999434742,1.1028511297340517,0.9596849936638463
2021-01-06,1.172519105499542,1.0737684971320176,0.9952249557239274,1.2623599524067255,1.1267442559117302,1.1143583005602706,1.1929997134530088,1.0782945105030637,1.1191067602797737,0.9741426008619152
2021-01-07,1.1850075866324825,1.086510490298272,0.9944740678886416,1.2758053268783802,1.1401148918051192,1.1133318013573643,1.1771099960902172,1.0888458187498595,1.1300574238264853,0.9828313501895161
2021-01-08,1.1871269222504255,1.0919226001982256,0.9964185817850485,1.278087050389112,1.1457940151528643,1.1155087200211635,1.1800237742189383,1.0910300847628334,1.1323243618824232,0.9850167920986611
2021-01-11,1.1720773345780306,1.0802181323492785,0.9974966919054793,1.2618843320805082,1.1335120922313695,1.1167156839040822,1.1820510378597981,1.0732869707284647,1.113909690685578,0.965466065397625
2021-01-12,1.1842929585423914,1.0886608557566957,0.9933893440136604,1.2750359425011324,1.1423713483270428,1.1067904233588814,1.1738999733969284,1.0840539161590652,1.125084153044036,0.9747744116824908
2021-01-13,1.2024207556978999,1.1017013265036026,0.9995181225822609,1.2945527290909056,1.1560551875788996,1.1134343720089754,1.17156904312526,1.0988897059423528,1.1404814609954796,0.9865341802505988
2021-01-14,1.1922504679339663,1.0961625773528636,1.0020068380740492,1.283603172774574,1.1502431770689991,1.1162067293160638,1.1743493730193493,1.0901534810536917,1.1314145796963588,0.9791924747731511
2021-01-15,1.1875702605845717,1.093769859643269,1.0027460665580317,1.2785643582263726,1.1477324115338723,1.1170302085349375,1.1764396009834879,1.0874821038735483,1.1286420938565107,0.9782373745318179
2021-01-18,1.1806376208706881,1.0889779616161455,1.0046558141716355,1.2711005252719898,1.142704099014556,1.1191576123176274,1.183029409444624,1.0814211171950168,1.1223517055629213,0.9730437571547603
2021-01-19,1.1814806864885488,1.0850177192983688,0.9996948628948097,1.2720081883268999,1.1385484730155704,1.1136312556216537,1.1783033224900745,1.080260196111124,1.1211468449052058,0.9702597765770543
2021-01-20,1.1790963046582865,1.084299721644799,0.9906601719335683,1.2675731294329744,1.1377950520183269,1.10356687036495,1.1681763778706062,1.0793235193921795,1.119351497743606,0.9705352929628982
2021-01-21,1.1750239640034206,1.0847049835866593,0.9936321110546722,1.2616228924918023,1.1382203080826931,1.106877524863546,1.1777368545382976,1.0794656785744405,1.1188046988856875,0.9741429705869222
2021-01-22,1.162266982255165,1.0712384397725252,0.988797179486223,1.2477154543725055,1.1240893748972938,1.1014915504895002,1.1771227620797138,1.066071397051505,1.1048290551837923,0.9605442089485071
2021-01-25,1.1620585506920666,1.0720046135920693,0.9897027638591952,1.2474916991713105,1.1248933488940231,1.1025003453725948,1.1726642966243397,1.0654934252993766,1.104230070925709,0.9596749450327969
2021-01-26,1.1569992576121668,1.064946391869721,0.9872592794007073,1.242060452942718,1.1174869006662638,1.0997783741325724,1.1746961343447846,1.0601867335226507,1.0987304512210183,0.9542937885374206
2021-01-27,1.169817536166003,1.0777013288488275,0.9920605665017171,1.253843881167616,1.1308711189722673,1.1051268695398757,1.1731679617078687,1.0714121507185856,1.10948944117703,0.963929676928128
2021-01-28,1.1640564469285342,1.0707045151180399,0.9872978749363865,1.254501917691422,1.1235291083788237,1.0998213684465927,1.1686617138228146,1.0645410356237317,1.1053972631163955,0.9563131845018853
2021-01-29,1.1682499573628,1.0780197818291577,0.9923647166083338,1.2592303413605068,1.1312052832426136,1.1054656839898651,1.1643686803334232,1.0710320675586926,1.1122295320672895,0.9645302953050124
2021-02-01,1.166527433709787,1.0847848668314077,0.9973086196321894,1.257373671874739,1.1383041324707286,1.1109730494235388,1.1661968827651676,1.0755796428324613,1.1169520307412213,0.9741431877820471
2021-02-02,1.1777022660141907,1.0839036325824123,0.9861190832944996,1.2647943250632347,1.1373794213893171,1.0985082285426129,1.14755174103857,1.0788609655795427,1.1183055724031017,0.9707550453214935
2021-02-03,1.1792247006332035,1.083231697682044,0.9852234190513659,1.2662185459304542,1.1366743357108315,1.0975104843981565,1.1458770238635416,1.077192659999714,1.116483079198142,0.9664978645044567
2021-02-04,1.1777452303247256,1.102291379969015,0.9927186914469446,1.2646299320371546,1.156674352095841,1.105860001754827,1.147314655752581,1.0846696454239078,1.1242327863949269,0.9811277114255151
2021-02-05,1.1801583215723486,1.110694186047282,1.00012076793965,1.2598451375970356,1.1654917214892582,1.1141057015625755,1.1516555816209644,1.0878342303328243,1.1242342772098655,0.9848424622676168
2021-02-08,1.186421676284984,1.1144847426168834,1.0035339615936114,1.2663214332371027,1.169469290074027,1.117907900889212,1.151096320536635,1.0940838284700318,1.130599307108197,0.9909315136012256
2021-02-09,1.1840971499365307,1.1236721008407027,1.011806686775367,1.2638403612910911,1.1791099185086857,1.1271234782353776,1.1554184532866514,1.0997231821226647,1.1364268764098298,1.0030883501775403
2021-02-10,1.1861108085240835,1.1204498629979347,1.008905233768521,1.2659896300372797,1.1757287073908167,1.123891343235919,1.1620630084599874,1.0991100076230063,1.13579323696977,1.0002639252436356
2021-02-18,1.2286997911072557,1.1630491022324225,1.0472635725372332,1.31144677444289,1.220429635236875,1.1666214267364647,1.1511151869455292,1.134283611275785,1.172140773496236,1.028368720596932
2021-02-19,1.2287232008923243,1.1597406509502999,1.0442844889348035,1.3114717607636666,1.2169579572280191,1.1633028134916503,1.1564491181206284,1.1318121077586907,1.1695867825759516,1.02386767891276
2021-02-22,1.2449197558181293,1.1798294496872814,1.0623733788130474,1.3287590752633236,1.2380378628552726,1.1834533153053524,1.1652118421180941,1.1512012995745504,1.1896230963043555,1.0454514193884352
2021-02-23,1.25617735751514,1.200148030505462,1.0806691751776982,1.340774821941528,1.2593588871601498,1.2038343049797067,1.156974454069767,1.1683566994969428,1.2073510644551544,1.0671565705963724
2021-02-24,1.2593487628488518,1.2031779815250518,1.0833974841745393,1.3441598060730866,1.2625383247355073,1.2068735625438376,1.152440048111401,1.1707641470145458,1.2098388614817384,1.0688602170617016
2021-02-25,1.2935200948110823,1.2339265303911473,1.1110849094724333,1.3806324118345803,1.2948038930633465,1.2377165560850265,1.153475282253886,1.1997267035294459,1.2397680547261158,1.0927409064861595
2021-02-26,1.2888428028422945,1.212547433670887,1.0918341752034304,1.3564813734266687,1.272370030931542,1.2162717931165044,1.1452580512489376,1.1837390607927119,1.214644814313595,1.0675683079073677
2021-03-01,1.2836628512626824,1.207084415586257,1.0869150193181256,1.3508034973561769,1.2666374877779296,1.2107919952817054,1.1373249757573338,1.1778607401642935,1.2085117986420835,1.0612560830620075
2021-03-02,1.2678730986708788,1.1838883832180647,1.0660282315806395,1.334187878229693,1.2422970491260124,1.187524715917435,1.1446532450975382,1.1559914108659932,1.1860733714289493,1.0349014477558107
2021-03-03,1.2785808087303425,1.2000105714404805,1.0805454006343935,1.3454556438916594,1.259214646374259,1.2036964237069396,1.1557667389640975,1.1696813543374829,1.2001195635159108,1.0506731261930464
2021-03-04,1.2801150351969768,1.1953382102151737,1.0763381890045431,1.3470701164728573,1.2543117681596156,1.1990097112470506,1.1389207810029192,1.1664112711922625,1.196764384139622,1.043537633708479
2021-03-05,1.2975864797886443,1.2131983391313275,1.0924202807913859,1.3654553867446226,1.2730530496554586,1.2169246978438046,1.1267807389896574,1.181067304537954,1.2118018063200144,1.055519314036478
2021-03-08,1.3025157463697137,1.2238177256819665,1.1019824709653252,1.370642473471141,1.2841963573881752,1.2275767020154191,1.118070164641168,1.1905552241109048,1.2215366267087802,1.0684683101158896
2021-03-09,1.288335276417871,1.2026076925518063,1.0828839694258041,1.355720308834016,1.2619398998175382,1.2063015219186028,1.1271922043130282,1.173030831027336,1.2035562024673028,1.0486460427046844
2021-03-10,1.2793833917858703,1.1847924972610835,1.0668423379677692,1.3463002052165116,1.2432457688057028,1.1884316069616516,1.131205907659696,1.1623688098857343,1.192616727275015,1.0368695650612703
2021-03-11,1.299497517169894,1.194841915854552,1.0758913024507966,1.3674663789421697,1.253790988474269,1.1985118925101128,1.129195466585459,1.1780264703523249,1.2086818415688891,1.048502429506405
2021-03-12,1.2990286089877698,1.1959052578469491,1.076848785098476,1.3669729450068266,1.2549067918203378,1.1995785005749813,1.1276876866605834,1.1755906370698317,1.2061826214480051,1.0445447424040253
2021-03-15,1.3057989570903796,1.2025106982028586,1.0827966311971775,1.374097409102931,1.2618381201268278,1.2062042296499123,1.1299088890768008,1.1835843941529383,1.214384397278538,1.0533060749838492
2021-03-16,1.2901760840765515,1.1904939287823137,1.0719761724138293,1.3576573980166307,1.249228487831432,1.1941505505238545,1.1377100305919545,1.1709697400649979,1.2014414764550303,1.043455773283688
2021-03-17,1.2966602931315345,1.200919741556775,1.0813640597453518,1.3644807568607726,1.2601686715751452,1.2046083863542445,1.134335581770858,1.179917652292981,1.2106222370763777,1.0541585792693655
2021-03-18,1.2883242582029093,1.1920014028555006,1.0733335722694006,1.3557087143228166,1.250810335089417,1.1956626548285256,1.1333589044477617,1.1733762188204568,1.2039105781662802,1.049247150242848
2021-03-19,1.2569356963343574,1.1628403904582092,1.0470756387364388,1.3226784064757726,1.2202106263971075,1.1664120739005939,1.1562105527149735,1.1438927190158197,1.1736598395482365,1.0220818676553203
2021-03-22,1.255792676175948,1.177341619935982,1.0601332210516865,1.3214756018405762,1.235427292802743,1.180957844143931,1.155568026479001,1.149488727911403,1.179401471427974,1.0330115208522521
2021-03-23,1.2515686740608754,1.1716401920470922,1.054999389876355,1.3170306677020933,1.2294445775885605,1.1752389042252254,1.149103915904073,1.1453484998523877,1.1751535036608411,1.0290447721045128
2021-03-24,1.2535009212144301,1.1646055969013132,1.0486651128199684,1.324912473498714,1.2220629215851093,1.168182702204408,1.1569385244742754,1.1425028224420388,1.1748430068054443,1.0223426411601644
2021-03-25,1.245061174990839,1.1637224070540206,1.047869847553069,1.3243475133965814,1.2211361584234277,1.16729679962493,1.1528187656806663,1.1387329330683793,1.1746709946521785,1.0224792132370648
2021-03-26,1.2548583841270875,1.17856073365433,1.061230967815392,1.3179546498616173,1.236706553074506,1.1821807023901763,1.1553542023679708,1.149966553421057,1.1788023111632653,1.0346070206065892
2021-03-29,1.2536801807548554,1.1774645771245096,1.0602439374301087,1.3185622589052433,1.2355563162433323,1.1810811789974913,1.1503969445726068,1.1489965772954291,1.1786331374676333,1.0338330821538109
2021-03-30,1.2490827647760823,1.1831774573849554,1.0653880808541034,1.3165748466827407,1.2415510488466461,1.186811606463901,1.1506172401424595,1.1470955772399836,1.177955956693449,1.0342033618094202
2021-03-31,1.2479846399378065,1.1814846706015778,1.063863816804631,1.3186528095652599,1.239774746236029,1.1851136202579926,1.1445998592187219,1.1435918637378801,1.1758053692833237,1.02879479033708
2021-04-01,1.2394641362443781,1.1830339135711536,1.0652588273196058,1.306046014027555,1.2414004231129754,1.1866676217529069,1.154214377194843,1.1444910035304197,1.1751231284726362,1.0374365579607343
2021-04-02,1.2265500708979342,1.1992819653344309,1.0798893297667664,1.2851376396206249,1.2584500935428,1.202965579675215,1.1753372891024527,1.1490012205453528,1.176469685853502,1.0564223559688968
2021-04-06,1.236887655615733,1.1917663605761053,1.0731219292555805,1.268269941388022,1.2505636966949092,1.195426890612891,1.1651338350409397,1.1488558036792278,1.1636423390920954,1.0472512379599417
2021-04-07,1.2440354841676216,1.1939049849208974,1.0750476462071201,1.2706657741584146,1.2528078328401617,1.1975720837776385,1.1691279624567665,1.154144517908907,1.166735939037177,1.0508412589128973
2021-04-08,1.2380751203383973,1.184253205159153,1.066356734245428,1.2786159876629597,1.242679870029819,1.1878906584151327,1.1630403747620068,1.1472252323174674,1.1661861470281076,1.0432760684927154
2021-04-09,1.2361470611578649,1.1828269282772081,1.0650724481220428,1.2792025874308006,1.2401516638387517,1.186460000700216,1.1583120160783198,1.1466124164404896,1.1667387656230843,1.0437861881175583
2021-04-12,1.2335190726161152,1.1727210962323091,1.0559726863402852,1.2725818806707425,1.2378847374607505,1.1763231284254776,1.1495314827920247,1.1390671020524021,1.1572819075762988,1.0322678996404768
2021-04-13,1.231901378892348,1.186403975296654,1.0682933878343284,1.2559583412730568,1.2536424052214445,1.1900480346785915,1.1523310692067243,1.1432271904933944,1.154708679447286,1.041161738425621
2021-04-14,1.2340600426806474,1.1928612590407606,1.0741078268204032,1.2501384535682174,1.2628937778381017,1.1965251520762423,1.1584108479366628,1.1492880631408544,1.1571433649466285,1.0503768438928063
2021-04-15,1.2341921644787346,1.2177528452552022,1.096521370199628,1.2395500742377508,1.2835879538204686,1.221493193208372,1.1682964859567488,1.161340755503756,1.164316126778722,1.072295189860749
2021-04-16,1.2370300789264628,1.2193609304247228,1.0979693649715974,1.2421937170405088,1.2794843766053665,1.2231062176380187,1.1729485441311107,1.1651816923929474,1.1680698778581002,1.0769224106924267
2021-04-19,1.2434820961156448,1.2230461602764284,1.1012877175439093,1.2534484130662973,1.2800752529298,1.2268027667340082,1.183380364000804,1.171356066138068,1.1765049411124435,1.0827188362844988
2021-04-20,1.2419746365621183,1.2252548704050263,1.1032765429989435,1.249902113573757,1.279013895092934,1.2290182609522027,1.1800323034499338,1.1699360441707258,1.1741275049831392,1.081406268247823
2021-04-21,1.2333941068937055,1.212531152054788,1.0918195144780913,1.2410584976909007,1.2645376895639404,1.2162554614911514,1.1787846677515237,1.1618532132967072,1.1659178722692718,1.0739350701290005
2021-04-22,1.2323797078295196,1.2110824132467455,1.0905150025904404,1.2400377950852848,1.2572575070298881,1.2148022728579604,1.1844050275693634,1.160897652697137,1.1649589687104358,1.0730518173843615
2021-04-23,1.2395771773242055,1.219442516492015,1.098042828865888,1.2472799901211824,1.2638576727767192,1.2231880542982623,1.1888856410956379,1.167677645412577,1.1717626807373251,1.0793187639048
2021-04-26,1.2410993472913112,1.223171706073548,1.101400764826054,1.2488116189509684,1.2674916573271842,1.2269286981471144,1.1950044371026813,1.1691115245413817,1.1732015761879853,1.0806441405230565
2021-04-27,1.2596253509631512,1.2410585898298032,1.1175069479168436,1.2674527444085033,1.2822057631255344,1.2448705217619023,1.2065521182843062,1.1865629593872018,1.1907140636094822,1.0967750146218755
2021-04-28,1.257362420092215,1.2411329323352833,1.1175738893707607,1.2651757515386934,1.28206886948882,1.2449450926116146,1.2009274528498222,1.1844312859105974,1.1885749326282429,1.0948046461808454
2021-04-29,1.2675752803421592,1.2497881480682573,1.1253674486729401,1.2754520751631382,1.2938712362528473,1.2536268929824954,1.2026321056617308,1.194051766851788,1.1982290701223701,1.1036971394459252
2021-04-30,1.2658835274342835,1.2502663844311894,1.125798074964642,1.273749809593214,1.294150695977256,1.2541065982563055,1.2028918588948165,1.1924581411476165,1.1966298692345667,1.1022241043733512
2021-05-06,1.2901073059420074,1.267986519418807,1.1417541096989912,1.298124116228185,1.3124928071566022,1.2718811609308622,1.2199405505820842,1.2152768612469598,1.219528418966718,1.1233161179682596
2021-05-07,1.3043792665849316,1.277385914305991,1.1502177625665666,1.3124847637581294,1.32222212051453,1.2813094262145017,1.2289837878706522,1.2287210014778442,1.2330195925444938,1.1357429318862686
2021-05-10,1.3193286855367274,1.2905036673656618,1.1620295982892057,1.3275270793667173,1.3358003063021566,1.2944674706690957,1.2416044889939968,1.2428033052191896,1.2471511622013622,1.1487596190916407
2021-05-11,1.2982267608327207,1.2701106791270793,1.1436668020182192,1.3062940259370255,1.3146915248051443,1.2740118450307203,1.2215387852775077,1.2229253611889215,1.2272036766295,1.1303858512422638
2021-05-12,1.3169207069130695,1.2874010931682616,1.159235896001147,1.3251041374080639,1.3325888318460841,1.2913553668638655,1.2379643851339897,1.2405349972340858,1.2448749187057322,1.1466629553589267
2021-05-13,1.2927246058242667,1.2635327961983573,1.1397152549929122,1.3007576801812866,1.3101490607108184,1.269609935569369,1.2171180169128688,1.2177423491728119,1.2220025322227794,1.1255950409150228
2021-05-14,1.272961487334947,1.2442159608461847,1.1200159781002705,1.2808717523947384,1.28750394035772,1.2476655090497948,1.19608088090793,1.1991255562164964,1.2033206097701867,1.1083869920665905
2021-05-17,1.2891781931454527,1.2600664672460449,1.130053293571487,1.2971892298645864,1.2990422429109787,1.2588467891045045,1.206799871855833,1.2144016400324595,1.2186501358544481,1.122507125278292
2021-05-18,1.3058705616419768,1.2763818951001764,1.142098210225275,1.3139853258191656,1.3156458247662839,1.2722644789965727,1.2222244668331523,1.2301257965423875,1.2344293021824086,1.1370414252491925
2021-05-19,1.2795883290481533,1.2506931577697415,1.1184903549260083,1.2875397737311949,1.2891668531183416,1.2459660088180549,1.1976257135855255,1.2053680194287524,1.2095849117860162,1.114157084270071
2021-05-20,1.2712454813270622,1.242538705025674,1.1113688281172944,1.2778253086970552,1.2807615539307151,1.2380328332699018,1.1898172577497805,1.197509084171467,1.2010785487173443,1.106892839449743
2021-05-21,1.2500755208982355,1.2218467964973387,1.0928423977527126,1.275365972138563,1.2643661674660773,1.2173949239689044,1.1700033157267153,1.1775670507110167,1.189921997115724,1.088459831856559
2021-05-24,1.246876745251131,1.224207947583897,1.0934316214238506,1.2576556636228753,1.2663311019144068,1.218051302150974,1.1704391414033417,1.1771982240823928,1.1828098287844495,1.0905632200407656
2021-05-25,1.2517281889821668,1.2380463996364155,1.107197882268769,1.2514103895505364,1.2794492563325062,1.2333865198448501,1.183474717442814,1.1861419176442145,1.1865582704643702,1.1028909515022052
2021-05-26,1.253554048673677,1.2354801717363793,1.1011979249115509,1.2519363798525343,1.28041351496013,1.2267027403303221,1.1810216059602547,1.1857776930585104,1.1855778848168765,1.1006048743961503
2021-05-27,1.258899955794108,1.2307616938891037,1.0989738281565853,1.251437617944587,1.2799034079786886,1.2242251606669794,1.1765111132689432,1.1860417986428244,1.1830777753318005,1.0964015048583429
2021-05-28,1.2619943965951816,1.2447569139099903,1.114164846953066,1.2584592057027382,1.278781620600987,1.2411475176424969,1.1898894398523676,1.1942428253849884,1.1931232905784857,1.1088688901920842
2021-05-31,1.2648611487679902,1.2508867959268737,1.1168048605095864,1.265963006727714,1.2812602461674891,1.244088416631707,1.1925105679218357,1.1985398102235814,1.1996182067463483,1.114329583274494
2021-06-01,1.26750196051903,1.2641218021124168,1.126242501846515,1.2683951251335275,1.2839352964032522,1.2546016769896895,1.2025879658885745,1.206131556829792,1.2071168159080947,1.1261197460417358
2021-06-02,1.2592700307945415,1.255176698139145,1.1180853441440333,1.2601573946540359,1.2785251060876222,1.253015316612085,1.2010673733892507,1.1979475019439358,1.1989260756699418,1.1181511640602648
2021-06-03,1.2560721518674567,1.2566779446765688,1.1194226233923885,1.2608111674593276,1.2796989844459565,1.2571700783422988,1.2050498855678395,1.1971428248036433,1.1999540627513787,1.119488522032135
2021-06-04,1.251356628247369,1.2380084410870142,1.1027922171899214,1.2511288949434916,1.2604741917023041,1.2382837351526808,1.1922059986009643,1.1860031607949144,1.186433199381542,1.1028571368239515
2021-06-07,1.250331832627612,1.243002496751145,1.1072408182945963,1.2463595685238664,1.2655588729271223,1.2401598257129967,1.1942109790150783,1.1879096581807311,1.1865648487997036,1.107305999810739
2021-06-08,1.2511437455536332,1.2412235605273534,1.1056561788387036,1.2511127212943163,1.2655317338158751,1.2356170312791197,1.1898364985038865,1.187445302714471,1.1879783253094383,1.1057212670696275
2021-06-09,1.2541262648328997,1.250523269948941,1.1139401669214097,1.2511261148869133,1.2695469093721736,1.2446687983225884,1.198955688873938,1.193309030427659,1.1924350723075274,1.114005742817613
2021-06-10,1.2535088215025663,1.2446846164369594,1.1087392155884541,1.249376265969857,1.2686723581130572,1.2388574791530724,1.1946360291019555,1.1902295188006184,1.1888174702772738,1.1088044853128765
2021-06-11,1.2603544271300675,1.2651879807308017,1.1270031868337598,1.2391479820163642,1.2800800069580955,1.2592648545378016,1.2107497396395779,1.2032827024360166,1.1937427567172547,1.1270695317292894
2021-06-15,1.2492647204142464,1.2464635196922393,1.1103238256766808,1.2516300982787378,1.260921801042804,1.2406280542637393,1.200345349527863,1.1890847933769852,1.190921583231165,1.1103891886845934
2021-06-16,1.2454902799471195,1.2433584727531142,1.107557914326779,1.2695418303858492,1.2577807372916798,1.237784668844485,1.1977943452725568,1.185807429021596,1.197959714282877,1.1076231145098643
2021-06-17,1.246760560799133,1.240025699487765,1.1045891490932733,1.271906961222706,1.2544093057160097,1.241569374590459,1.2014567748171725,1.18482287906728,1.1974700598382704,1.1046541745098437
2021-06-18,1.2402231991878934,1.2108076347882109,1.0785623036513081,1.2724818528879225,1.2248523277684773,1.2167657173003146,1.1774544736156651,1.167757907667557,1.1836330088109983,1.0786257969086426
2021-06-21,1.2462261082438217,1.2113533301974886,1.0814665027143906,1.2812962329860023,1.2281504357875292,1.2196928006891268,1.1802869888499452,1.1721561756518915,1.189326033690768,1.0815301669373316
2021-06-22,1.2572312338538896,1.2297646019478945,1.0977974203942555,1.2843053818549022,1.2403216340653438,1.2364713978294641,1.1965235033925465,1.1861818898024785,1.1997024481040255,1.097862045992497
2021-06-23,1.2601166494342055,1.2400283258739606,1.1059890914079051,1.2850675676176302,1.249370088371317,1.2450577096220852,1.2048324087868503,1.1919686607001216,1.204534475527686,1.1060541992368662
2021-06-24,1.2612770799280466,1.238208684220395,1.105019799386216,1.286036797267698,1.2482751368313758,1.2462745424149346,1.2060099281689396,1.1919951751193514,1.2044608915907693,1.1050848501544885
2021-06-25,1.2713540121819038,1.24882804574149,1.1152574649185094,1.2963115464788493,1.2598400186101961,1.2584240226557453,1.2177668832328836,1.2022786111816166,1.2148518703687936,1.1153231183619634
2021-06-28,1.2671272579334925,1.2451038586606125,1.1175128166829082,1.2920018182018758,1.2623877553420373,1.260110520114515,1.219398893363787,1.2014957243980664,1.214060796266304,1.1175786028953545
2021-06-29,1.2582875076948972,1.231998306930643,1.1068305949114188,1.2829885377210015,1.2503206848235944,1.2496001758758397,1.2092281171271528,1.191562275007517,1.2040234642709668,1.1068957522783607
2021-06-30,1.2599826281749433,1.2314494357018657,1.1093248845394932,1.2847169345561091,1.25313833544715,1.2561232151898847,1.215540410210931,1.1937075083384623,1.206191132147812,1.1093901887413216
2021-07-01,1.2463022604933678,1.217093355892665,1.1171132651585152,1.2747679463419377,1.2568627583640763,1.2600658632667547,1.219355679288616,1.191417526657101,1.2057549252373465,1.1171790278499951
2021-07-02,1.251497420508829,1.222166759783559,1.1282593058207093,1.2802424748251189,1.2691936778549722,1.2716666258918123,1.230581644695115,1.199844421428041,1.2143592333744295,1.1283257246619782
2021-07-05,1.2579218221887751,1.2404652892688939,1.1424327090611381,1.2868144355588942,1.2851375248887495,1.2862310023700454,1.2446754755747087,1.210460379629501,1.225103615423326,1.142499962268244
2021-07-06,1.2559571420816935,1.2443532957828007,1.147471846392955,1.284804629640551,1.2908061165062878,1.287799083045872,1.246192894729843,1.2121847030301103,1.226848798386598,1.1475393962461071
2021-07-07,1.2324322600225854,1.2223787069306393,1.1204150377441688,1.2607394156546714,1.260369557904193,1.2576153887692325,1.2169843746746178,1.186540852296354,1.200894727707377,1.1204809948057797
2021-07-08,1.2214134651210153,1.2077850164519937,1.1077251671812598,1.2477275312678024,1.2460945562196053,1.2441271056766126,1.2039318707759727,1.1745171980326732,1.1878969155543453,1.1077903772102564
2021-07-09,1.2215993283681716,1.2149021549645858,1.1149778556174201,1.2483815830922043,1.254253200480847,1.2509955530275183,1.2105784124603172,1.178451561884307,1.1920970613659496,1.1150434926007167
2021-07-12,1.223329129540601,1.21948726461072,1.1194566371192025,1.2489869418348862,1.2592914404822633,1.2568816815339754,1.2162743720387823,1.181652788843493,1.194780375889478,1.1195225377612839
2021-07-13,1.2270801625059662,1.227446148678843,1.1309349768342312,1.2501493593339315,1.2722035752401406,1.2677687656489214,1.2268097164469196,1.1895224440167194,1.2014616954667687,1.1310015531880213
2021-07-14,1.2294396086479245,1.232075125651782,1.1371486950526473,1.2511691063753798,1.2791934682887507,1.2739533718660214,1.232794510523821,1.1939338670901436,1.2052523189954518,1.1372156371982034
2021-07-15,1.2335642020927664,1.2123522458964262,1.125790766503774,1.235404267106994,1.2664167856295525,1.2578944813173818,1.217254450306022,1.1899740538735097,1.1916401007241204,1.1258570400260364
2021-07-16,1.2362998213066938,1.2130934532200919,1.125600394371308,1.2409643278537599,1.2662026335231003,1.2587780320014146,1.2181094552513365,1.1911929167468873,1.194220894934371,1.1256666566866638
2021-07-19,1.2403463284280491,1.2096680779149172,1.1235537596867609,1.2414467416514676,1.2639003473473027,1.2604929086436532,1.2197689276915882,1.1920594015869592,1.1933673139736747,1.123619901519969
2021-07-20,1.2435695059445897,1.187655360844475,1.1054182450885879,1.2410005717872108,1.2434994693275956,1.2369889040260915,1.1970242900088017,1.1839876116810997,1.1835216739575543,1.1054833193127285
2021-07-21,1.2491618926080557,1.1952548016719997,1.1085498979164663,1.2459135157147767,1.2486770412102108,1.2420096925108886,1.203031038021634,1.1883269538418817,1.1875408305746638,1.108615156496057
2021-07-22,1.2431482719348819,1.217030489300707,1.1202165305775393,1.2456548191495735,1.2426657546719533,1.2644301800786222,1.205931980563929,1.1917196893067301,1.1936665180801993,1.1202824759533467
2021-07-23,1.2380135833178785,1.2289586109520507,1.1283664235962192,1.244784791634323,1.2472346337419657,1.276822866326174,1.212667122662959,1.1935936044698774,1.197591791191301,1.1284328487433415
2021-07-26,1.2307447760890449,1.2375950925848487,1.1294268164458834,1.243483647250551,1.2567055967789282,1.2857957130397177,1.2127160368007408,1.1906504487582898,1.197528607884965,1.129493304016656
2021-07-27,1.2315692964879679,1.2449673628252604,1.136200555364924,1.244523949154131,1.2606551779531783,1.2934551111152977,1.2234020397778929,1.1946197425083422,1.201620625533861,1.1362674416949956
2021-07-28,1.2326991960173657,1.2434645405156999,1.1410642614472073,1.2456657338904698,1.2589233094058352,1.2918937583799233,1.224233772875105,1.1977246324826185,1.2047437112324701,1.1411314340959653
2021-07-29,1.2432760647834449,1.2468011060213717,1.152881186689723,1.256353858808802,1.2634833424076384,1.2953602731141638,1.2355585495659531,1.2090648732004237,1.2161504096655813,1.1529490549821844
2021-07-30,1.2509305821731505,1.249047259925335,1.1593852045646147,1.2640888926699667,1.2657945200574954,1.3009342155344488,1.2410810912639543,1.2161973073414472,1.2233246423265287,1.1594534557383238
2021-08-02,1.2460238708702418,1.2483743270750922,1.1523591608415484,1.2591305685663463,1.2577016888297101,1.2983334608084613,1.2385999915473846,1.2101269047550527,1.2172186650908021,1.1524269984031736
2021-08-03,1.2414091332145867,1.2319729240483703,1.1360368143891333,1.2555271845310676,1.2457186268391724,1.2799664003982887,1.2210779592224807,1.199315716712843,1.2068564273266036,1.1361036910800326
2021-08-04,1.241158971877123,1.2361355250561963,1.1368520385344607,1.2595458569051967,1.24855761297569,1.2799363339754857,1.2210492760897158,1.1996251939085387,1.2092208934812787,1.1369189632163164
2021-08-05,1.2363910805937999,1.2213439156873127,1.1194594964157276,1.2633966640638985,1.252166732861577,1.261053334109164,1.2030350415491908,1.1881445739502419,1.2018195162418048,1.1195253972261308
2021-08-06,1.2437069643714842,1.2400753374842102,1.136532478129978,1.268386034265834,1.2491938160463298,1.2801835929767267,1.2236526792887001,1.200720027606261,1.213357143030033,1.1365993839998179
2021-08-09,1.238968589096239,1.228419383033412,1.1194343622515448,1.2705019140574314,1.2568910951390253,1.2724037399216996,1.2164203145413337,1.1894008474099476,1.2052422470666881,1.1195002615823395
2021-08-10,1.239935628994447,1.2330784177849619,1.1239501917530295,1.2714935663498752,1.2545288917054085,1.2794856294498913,1.2231906139495703,1.192264061178442,1.2081435954251387,1.1240163569235662
2021-08-11,1.237432641694454,1.2396842640524708,1.129037971104154,1.2689268748425286,1.2479021351102755,1.2857462493221046,1.2291757780568764,1.1937591911554195,1.2096586387488701,1.1291044357842162
2021-08-12,1.2346648047639284,1.2416989723218965,1.1280295213933678,1.2660885929450054,1.245698563999293,1.2803063488240434,1.2239752231800631,1.1918909870010148,1.2077655523449573,1.12809592670759
2021-08-13,1.239290472132036,1.2330387459891434,1.1314161048257911,1.2590010869208164,1.2396052792814303,1.2831272306746486,1.2266719914151267,1.1959128492418027,1.206198028128383,1.131482709502825
2021-08-16,1.2359000011759518,1.222059817760631,1.1266005883942631,1.2553468578309,1.237631423394917,1.273947198454749,1.21789586373641,1.1917319371066877,1.2018806424985344,1.1266669095894593
2021-08-17,1.2408253433325345,1.2229296235515492,1.1310197740185424,1.2603497001273034,1.242267553253521,1.2746205475088517,1.2185395866700113,1.1964439327129877,1.2066327651281414,1.1310863553642083
2021-08-18,1.2284354080709716,1.2164928736105234,1.1224426925124835,1.2509045946473338,1.2357439845426201,1.2645239548842748,1.208887225559426,1.1859339319305555,1.197536244619136,1.1225087689389237
2021-08-19,1.2304176409824892,1.1994288053587199,1.0996707598859008,1.2331493399566285,1.2232650136128367,1.2401270634372683,1.1855637524850506,1.174860741462794,1.1768896615112088,1.0997354957646754
2021-08-20,1.2296729906002044,1.2019463738596645,1.101060351463177,1.2339598396388345,1.2213774713381549,1.2403467056987618,1.185773730890827,1.175247530272652,1.1780200070974924,1.1011251691450106
2021-08-23,1.2285103178789896,1.2091250517137513,1.1021227477143276,1.2384961915661568,1.2195662522633297,1.2418154102355659,1.1875704886973386,1.1752589130838582,1.180753685217726,1.1021876279377485
2021-08-24,1.2140899343150124,1.204003047567597,1.1165335155679434,1.2230109151431054,1.2085456069091407,1.2392327171237263,1.200141848400926,1.1760447852289364,1.1810914846208862,1.1165992441304806
2021-08-25,1.2122707080345045,1.204967009029349,1.1223543014157449,1.2209744862631395,1.2071767921481178,1.2465563295547855,1.208665243581022,1.1782291929993847,1.1831868419356073,1.122420372638741
2021-08-26,1.2131003702733394,1.1992325741067364,1.1191878468781142,1.221810105254112,1.2054358723940404,1.24041621177361,1.2069503456360973,1.176970329236643,1.1819226812368946,1.1192537316969384
2021-08-27,1.2086489036731245,1.203769595210844,1.130912272680999,1.2182830263120297,1.2056885124843917,1.2501579016776738,1.215484492363442,1.1809757581922184,1.1864075273289738,1.130978847698231
2021-08-30,1.214629191440136,1.208004460770329,1.1388183579793192,1.2215271313337546,1.206871572123112,1.2484146468251938,1.222630488086062,1.1880254767923815,1.192134163311374,1.1388853984152911
2021-08-31,1.2138694155615675,1.2042013557137525,1.1363364707796817,1.2221055609977558,1.2023311245447466,1.2450697033017666,1.220180984505041,1.1863593460014268,1.1911173783384013,1.1364033651108787
2021-09-01,1.215385548414155,1.1966778401090545,1.131614728290754,1.2213758231572946,1.2014795677264039,1.2398961489268703,1.2148102373184588,1.184635432688002,1.1882870762217101,1.131681344660437
2021-09-02,1.2227165755568112,1.1967466613384616,1.1314493102847554,1.2270233420432521,1.2008511443102814,1.239714902480113,1.2148462771987392,1.1881216219155368,1.1909474849978368,1.1315159169165419
2021-09-03,1.2201996708161789,1.1953994051283967,1.1374641366700504,1.2264819134274474,1.1969511425613149,1.2463052727582162,1.2217105478914292,1.1900568248353243,1.1938502904344606,1.1375310973851553
2021-09-06,1.2220307974012337,1.202510298032864,1.1394780179308277,1.230720569626367,1.1938096529992985,1.2485118573467762,1.2212701290117616,1.1920032691084785,1.196970088455952,1.139545097199938
2021-09-07,1.2287461507045363,1.195902214571037,1.143799750908731,1.2328066311808321,1.189569361500297,1.2532471262877225,1.2275477060064328,1.1975389150619775,1.2002544082871827,1.1438670845914278
2021-09-08,1.2319139808753268,1.1965797581324582,1.1332679569544521,1.240416130203688,1.1924822633993473,1.2443330628892375,1.221054636438071,1.1935692977548336,1.1984328870326026,1.1333346706470924
2021-09-09,1.2337297737627853,1.2030973697597462,1.1396161313161124,1.2443794224476368,1.1969218488114277,1.2510959966409967,1.2298050372821943,1.197791915706834,1.203704065028646,1.139683218715739
2021-09-10,1.2311838117922809,1.2064999131124912,1.1439646251664743,1.2420188801113201,1.1944819499280488,1.2558698701393674,1.2319712749641403,1.1988412550871117,1.204858892487402,1.1440319685550577
2021-09-13,1.234240415319811,1.2084670743805532,1.165528454089399,1.2451023833655424,1.199872790024142,1.2795431222953946,1.2576000168983106,1.211628538155293,1.2177103618959453,1.1655970669064932
2021-09-14,1.2159396700802585,1.1865983981914967,1.156479015150674,1.2266405818945314,1.186234741741479,1.2696084464716932,1.2472517746820708,1.197942119302034,1.2039552434499605,1.1565470952416073
2021-09-15,1.2187086527421993,1.1855152556131807,1.1605663938352038,1.2294339330675175,1.1891718219007144,1.2740956619194643,1.2505478064043036,1.2014230797822252,1.2074536767672648,1.1606347145436569
2021-09-16,1.2184717532488634,1.183098805241409,1.1618733307451925,1.2323357092956113,1.1903127766488115,1.27553044639734,1.2553591967061983,1.2019827832878813,1.2095584941946982,1.1619417283909548
2021-09-17,1.2204265374730359,1.1844447531355873,1.1602474939487593,1.234518124635462,1.192611138995242,1.273745566514269,1.257992383029684,1.202105967390038,1.2097832512278155,1.1603157958840802
2021-09-22,1.2208098622130827,1.1893566487482157,1.161176629506977,1.2349058754133078,1.1885302468712104,1.2691747566355804,1.2536877685244707,1.2027760806796677,1.2104576442149657,1.1612449861390388
2021-09-23,1.2239199316853844,1.1878975538953955,1.168969386714253,1.2380518551298596,1.191359994159036,1.277480769527405,1.2657584701586326,1.2083441118388787,1.2160612357630165,1.1690382020936092
2021-09-24,1.2195967292599983,1.1863039331859204,1.1745364426696776,1.2465132059862067,1.1995022338116215,1.2835645960217223,1.2746201390569376,1.2090873058772176,1.2231124269698541,1.174605585772815
2021-09-27,1.2217558632591894,1.1822274775283534,1.1779643843979317,1.2489277442328823,1.2018257102149217,1.28583697663159,1.2770891213837643,1.2119219601591993,1.2260818885933134,1.178033729298578
2021-09-28,1.2277405606571992,1.1897675299529142,1.1798492256785043,1.2550455414507926,1.207712780960461,1.2921355714979845,1.2833448654089112,1.2158598115848964,1.23006574933001,1.1799186815367764
2021-09-29,1.2123339168357556,1.187502806736933,1.165324306391228,1.2406449510929778,1.1925574613016379,1.2759208489767782,1.2672404555074825,1.2007469144319542,1.2154372020847166,1.1653929071904694
2021-09-30,1.213048992757395,1.1883968769626074,1.1620643752851745,1.2430413826542188,1.191075447462571,1.2743352378703134,1.2656656316910793,1.1994215232292622,1.2149110126058387,1.1621327841774265
2021-10-08,1.2428672409504007,1.1969917321430623,1.1829550601972476,1.2738040545395477,1.220155046094618,1.2974566297901517,1.2886297232740016,1.2276671552494438,1.2436226550661063,1.188301130262099
2021-10-11,1.2513441382840371,1.2008760134842515,1.1962144744619405,1.2824919544517255,1.236663277038214,1.313170628213528,1.303073615446742,1.2379658058691279,1.254055153135705,1.200133231682149
2021-10-12,1.2513271058670932,1.1973550904246066,1.19270721885843,1.2787317365395228,1.2332435376213202,1.3120019366944982,1.2960737492120276,1.2357931112063443,1.2500243343435695,1.195936974014932
2021-10-13,1.2508943785355142,1.1993467351121572,1.1946911324152683,1.2808587407091698,1.2326115232642103,1.3140417578193533,1.2899793574536744,1.232606840725127,1.2480571361848851,1.1901835294374226
2021-10-14,1.2402894367849633,1.2027520145176909,1.198083193268135,1.2844954554001278,1.2359058154138538,1.3175536813779,1.2974954293194705,1.2338413891493871,1.2563693941064398,1.2026578880192842
2021-10-15,1.2588947535257982,1.2209946990794567,1.2162550637033787,1.3039779797534816,1.2546513586900279,1.3365414128227004,1.3169102000112605,1.251963200309929,1.2749267785123959,1.2199446929137399
2021-10-18,1.278462003772423,1.2399728612806868,1.2351595568141454,1.3242459675058047,1.2741526530110965,1.3513367734248427,1.3329397192052501,1.2665122350215656,1.2897426724226801,1.229336747956497
2021-10-19,1.2677570773686266,1.2295902154268823,1.2248172141292433,1.3131576789365365,1.2634838100283263,1.3397964230278485,1.3209532857061088,1.256192881593218,1.2792340408435114,1.2195974284332753
2021-10-20,1.241110942409286,1.203746284117144,1.1990736033296472,1.2855572992104265,1.2369274920065518,1.3116361414223676,1.294964530200902,1.230009491411132,1.2525703934718344,1.1943900984991949
2021-10-21,1.2387685314990935,1.2014743933999885,1.1968105315972275,1.2831310024625286,1.2345929767320603,1.309160624767985,1.2947874334062217,1.2298129144732186,1.2523702109088632,1.1962625621409242
2021-10-22,1.2207492721189834,1.1839976185362975,1.1794015977654968,1.2890825624237396,1.2166344554176096,1.2917178149111994,1.279136568314429,1.214289855138829,1.2485754231230797,1.1834643712578425
2021-10-25,1.2249256816149379,1.1898001494195083,1.1851816044881478,1.2937075998634686,1.2225969327829496,1.297832974207652,1.2868361573199567,1.2195089746151917,1.2540459527934793,1.1895887782484988
2021-10-26,1.2287139840751184,1.1858828191454882,1.181279480436694,1.2977086227474492,1.2185716214900812,1.2935599537319311,1.2801213976899781,1.2190367087385565,1.2535603121597778,1.1849884034823828
2021-10-27,1.2288288733866022,1.1652523805514095,1.1607291247100169,1.2978299633133632,1.1973725058576,1.2710562891519386,1.2561551303233527,1.206195373622882,1.2403553053369638,1.1599122622740412
2021-10-28,1.2241755061157076,1.1566922745892951,1.1522022472140634,1.2969674016201844,1.1885764409901647,1.2617189329700926,1.2471843591779463,1.2015880670964105,1.2375538445328589,1.155443616291409
2021-10-29,1.2270911766793993,1.1584794361328825,1.153982471385948,1.2976427902625698,1.1938691167250752,1.263668367236541,1.2457946962082875,1.201231498411959,1.2360350606016524,1.1520058965407607
2021-11-01,1.2287252513470392,1.1630344615448422,1.1585198151817648,1.2973860100952377,1.197019627628517,1.2686369850173334,1.241188055830059,1.1988917190061297,1.2326822032014615,1.1459840164697768
2021-11-02,1.2336368434654947,1.1690386469696485,1.1645006936670197,1.3054803139647144,1.2024926541544343,1.2751863452871,1.2455002152373114,1.2047142276495375,1.240050423851191,1.1525342832128496
2021-11-03,1.2292346011760453,1.1702966463308175,1.1657538097487774,1.2970474814318007,1.204048422008391,1.2765585699025144,1.2466329113183747,1.2006409737733141,1.2340651675070067,1.1488534534104526
2021-11-04,1.2232846864854954,1.1532401667865568,1.1487635397416263,1.2961458313019385,1.1930831685248577,1.2579533767637843,1.2284638694623893,1.1885116951879853,1.224155940820788,1.1312020886289857
2021-11-05,1.2360909059834009,1.1627001442690323,1.137083347349645,1.316012377427475,1.186631496374228,1.2483006939897572,1.215973314317206,1.18617133333151,1.224719283895523,1.114904834762371
2021-11-08,1.2128304419774245,1.1714076793879438,1.1516862066055011,1.3166491906386437,1.180251144945898,1.2618803315640053,1.2315893087025245,1.1872372369937283,1.2376393832617916,1.1378885741281044
2021-11-09,1.2192614266550401,1.167175416575623,1.1480308547171028,1.3179928376221053,1.1767317666514692,1.2561056129471877,1.227680351315107,1.1895141963049007,1.2373632490214863,1.136219596287818
2021-11-10,1.2086268315699973,1.1743665565157062,1.1528891269188501,1.306277425751654,1.1760612845678757,1.2649409754097096,1.2328756867008408,1.1888959748941117,1.2366170456116259,1.144948841469411
2021-11-11,1.218028940803501,1.1513786753200483,1.139982458125169,1.3010867734158664,1.165456481058745,1.239429729155564,1.2190735631657212,1.1922467745311258,1.2328354938737898,1.1424959708636997
2021-11-12,1.2218679506501227,1.1501913434665252,1.1377279068264523,1.3049707189324475,1.165494314272022,1.2372715699599215,1.2158936553191368,1.1927944370787202,1.2332990646943516,1.1399446461571052
2021-11-15,1.2274302996257371,1.146522168530651,1.1318405099487836,1.3090912561454586,1.1658183190887708,1.2331041017704147,1.2118517362833012,1.1928013254806236,1.232446107859479,1.134768405676652
2021-11-16,1.223865461263907,1.1557385019925002,1.1307208201022072,1.3081847871308847,1.170004159770001,1.24378658162034,1.2126908726261967,1.1924288331847204,1.233424239691107,1.1373553860198133
2021-11-17,1.226839260641843,1.151678560174781,1.1255397579570505,1.3127269363098844,1.1685397646096936,1.2426138177808204,1.2084802879246577,1.1908965877299575,1.2324820896894486,1.1316688379187025
2021-11-18,1.238326530008792,1.1359382069628565,1.1099690620189144,1.332691880356618,1.163836523011897,1.2315072964496798,1.1901008057470321,1.1880805441158078,1.233169918686608,1.1157206957573633
2021-11-19,1.2113578219797916,1.1441473231938282,1.1179905063079116,1.3038901660556181,1.151477033415162,1.2286620010298328,1.2158208869614113,1.1875685146702772,1.2327412211431341,1.1390575623167654
2021-11-22,1.2241459023052055,1.1325622212059816,1.1066702560442774,1.317655093211316,1.1473924075502993,1.2219901410514011,1.2029856908850218,1.185706830214017,1.2308087219722288,1.123461469328989
2021-11-23,1.214937102908834,1.1278929111743716,1.102107693006699,1.3077428585633544,1.1447156666221452,1.2216090916461297,1.2120353097933596,1.1818706033715074,1.2268265728128345,1.1246431794141316
2021-11-24,1.1974105996802606,1.13834708144094,1.1123228662386955,1.2888775532089631,1.1500958885281343,1.2325700734418268,1.2295199521829767,1.180709049402992,1.2256208356786118,1.1386564952416969
2021-11-25,1.1970843086436607,1.1390687630504799,1.1130280491917004,1.2839788874260112,1.1467426102833393,1.2354136702422427,1.2339659952620534,1.1826935606907232,1.2255187006089718,1.1427944364026519
2021-11-26,1.2123960066625428,1.1315378311879032,1.1056692850226686,1.2999740459867253,1.149944702489334,1.2124092996546507,1.2101241365040278,1.1797883850665065,1.2223040759349666,1.1225628163874593
2021-11-29,1.2254003266257014,1.1135255479155715,1.0880687878776132,1.3169992276983957,1.1460633822553064,1.1973579987375957,1.1952576535288073,1.1781934550279496,1.2221003585889774,1.1074869230127447
2021-11-30,1.2465243863407875,1.112315197352491,1.0868861076305876,1.3355285152401695,1.146222354884485,1.199448423700468,1.1702282190128095,1.1753886945822711,1.2172545508524169,1.0831226345591836
2021-12-01,1.2388729354336725,1.108468299446354,1.0831271552206903,1.3261883519945017,1.1438061354772824,1.2003155963008894,1.178534675872263,1.1751591692848102,1.2164962424099917,1.0893480723703666
2021-12-02,1.2455530568802462,1.106014293726493,1.0807292515227893,1.3352731895514904,1.1430730164853105,1.197862037392317,1.1665396328552078,1.1714228929337769,1.2135155125525796,1.0765473025892436
2021-12-03,1.238837352216854,1.0989660278604534,1.0785957187492343,1.3306998340278526,1.1419376776604435,1.1964295402337335,1.171290513293512,1.173628873638988,1.216994078037309,1.0864064002291693
2021-12-06,1.233788282549473,1.1003826707895756,1.0836079824586171,1.327924801105076,1.144373221187381,1.1955934272789883,1.1674494685917025,1.170886043431484,1.2153609673582508,1.0857562406888648
2021-12-07,1.2206540998904156,1.092279031819478,1.085714655143519,1.3132812109633294,1.145357556810679,1.1966218200967011,1.1824426191561324,1.1695022205887708,1.2136924390687107,1.094748138758502
2021-12-08,1.2168076174408482,1.0899508589288829,1.0908913902223725,1.3079780695764438,1.150212658946382,1.2025305965210762,1.1865917884085033,1.1695390642303665,1.2131924506975678,1.0982668479764164
2021-12-09,1.216697778779573,1.0812553118768853,1.0854912779845631,1.306982626181629,1.1461429603552982,1.1953449066618709,1.1891702811571188,1.173718105624768,1.2171205790364437,1.1062147238218802
2021-12-10,1.2244343754788474,1.0837899763974914,1.0800341464684713,1.3164182469474737,1.1415268886065386,1.1943191498807653,1.1817741913052398,1.1749821612327955,1.2189551707791801,1.101563367350148
2021-12-13,1.208466058737385,1.0721458290750143,1.081301746991607,1.2989978920808047,1.1402440404200687,1.2069517600502184,1.1945007317803313,1.1750948207237812,1.2189551707791801,1.1161405162250284
2021-12-14,1.211782442986251,1.0812913464109286,1.0816063309726487,1.3066705205765514,1.1401729013754043,1.2032242531718835,1.180534165309854,1.170039548733083,1.215638551396454,1.1034742005294451
2021-12-15,1.2221141508513385,1.0804600383502951,1.073856190145427,1.3235630508731295,1.1362933490970164,1.1990064610273328,1.176245206278304,1.1707007243480654,1.2190010400677473,1.095313053912218
2021-12-16,1.211727864184572,1.0731870221401354,1.07479827204996,1.3180155895008314,1.1334231415544862,1.2012484887260177,1.1875648770790648,1.1733512897204434,1.2243862713418405,1.1095814685708558
2021-12-17,1.202260256990987,1.0727602548809179,1.073380968374582,1.3199404100216514,1.1271043182322438,1.1895976229568654,1.1925387591984717,1.1737216657588687,1.2304500550106716,1.1189514675135557
2021-12-20,1.2157394660555252,1.0849964850296074,1.0713643864785072,1.3300995991401368,1.1254302534599128,1.1846254752596197,1.1747446994826767,1.171313751142991,1.2257633348463002,1.1018151748568255
2021-12-21,1.2085715571585178,1.0805035643287892,1.0700195332142515,1.32203574819149,1.1190366026730563,1.182401733467792,1.1837823224546635,1.1709927022112618,1.2253252147187792,1.107707394946703
2021-12-22,1.2038996974205787,1.0666945844746691,1.0651357809742468,1.3169252807578418,1.1053759610969913,1.1771997924120283,1.2015331063879564,1.1770760503977875,1.2316908222146992,1.1234985113062634
2021-12-23,1.2019257623665829,1.0595303235572233,1.063319869250968,1.3147660269755286,1.0994318579820672,1.1872766596655369,1.2124190341277312,1.1835066125017712,1.2384197538945865,1.1376163373714026
2021-12-24,1.1984655504164576,1.0554654753206736,1.0637403550543794,1.3116788324055877,1.0990998118506374,1.1894067469541307,1.2145942292282332,1.1832774072397723,1.2385085877167414,1.1404507738357932
2021-12-27,1.193024330017792,1.060248696459666,1.0681014189232128,1.307957160511742,1.1034226571626267,1.1799887748647873,1.2035158777500246,1.175131569022547,1.2310370100517596,1.129926570092315
2021-12-28,1.1896358544535408,1.0514107826057744,1.0721075407995426,1.2956088675139676,1.1063727386847722,1.1905284141747752,1.222209659928773,1.1831241422453667,1.2353469917126827,1.1485060621863403
2021-12-29,1.1865509341772098,1.0475856610976129,1.0711744971281916,1.2920332070769067,1.105225478923485,1.1865158549412573,1.2213327965355927,1.1802532952604987,1.2322464805663,1.1459106335401505
2021-12-30,1.1947669039703472,1.0385548275988012,1.0648179397599764,1.3009795620080884,1.0986668564204052,1.1913811941870576,1.2317691446768224,1.1884256586566266,1.240778857534216,1.153845199920421
2021-12-31,1.1952528215492424,1.0388068283922303,1.0702999206486712,1.3015086767976447,1.1043231010093126,1.1913641266160937,1.2279269962451322,1.1889089972198497,1.241283488401035,1.1543144744409168
2022-01-04,1.1931189932122195,1.0413087877556066,1.0625500885141836,1.2991851549072446,1.0997575446711978,1.1792265391499626,1.229018703143149,1.1867864942123931,1.2390674836913405,1.152253731398951
2022-01-05,1.2063361975481224,1.0374843610408666,1.0601979100867065,1.3135773452589796,1.0971397067783417,1.1799224972279407,1.2411853716979908,1.1999335480153537,1.2527936989398547,1.1650182361141965
2022-01-06,1.1996328182474174,1.029397153932385,1.0590393286152386,1.306278047431408,1.095940755409176,1.182485360590425,1.237401905000265,1.1932657470123362,1.2458321641980505,1.158544452814993
2022-01-07,1.2186219298450358,1.0122883188392946,1.053304766776257,1.3269552573600532,1.0773606356294967,1.186499554723496,1.2594288460272425,1.2121540735827414,1.2655525700072388,1.1768831724387574
2022-01-10,1.214722655599473,1.0178004563577794,1.0533848183402346,1.3219856867327422,1.0832271065450172,1.1879185774075325,1.2549220728868893,1.2082754948004146,1.2611580440122105,1.1731174513960463
2022-01-11,1.21755237741063,1.0178609928440958,1.0513207483945497,1.3248449490686887,1.079989192203903,1.1872044841370828,1.2542288196753968,1.2110901978157593,1.2639908415274013,1.1758502530145574
2022-01-12,1.2302095040253611,1.0180632806440797,1.058234995338244,1.3386174409765206,1.0800238290479374,1.1950009593496607,1.2650050460234425,1.223680146519415,1.2771307215176952,1.1880738631101002
2022-01-13,1.232081277855675,1.014415032038369,1.0626874856053523,1.340654158370284,1.077577059928328,1.1963547380792348,1.2659186742381654,1.225541985878837,1.2790738863644995,1.189881527217858
2022-01-14,1.2325155304435782,1.0045381566029912,1.0640897100676148,1.341126677958252,1.070417980934217,1.204103545703779,1.2667013187017255,1.2259739336638713,1.27952470170863,1.1903009063138474
2022-01-17,1.2274063697708901,0.995250634384651,1.0654829924064788,1.3355672902581626,1.0714308692618986,1.2029641567468605,1.2652915794049415,1.2208918899468546,1.274220673382634,1.185366738403594
2022-01-18,1.2333121157520317,0.9998734727637159,1.0648909237165876,1.3419934595784822,1.0695375748628517,1.2113375855684638,1.2740988484489109,1.226766291082485,1.2803516694457568,1.191070207950369
2022-01-19,1.2368473107082347,1.0027395336842315,1.0618370846163858,1.342895432878405,1.0692495036215268,1.2125555223525575,1.2753798884105076,1.230282722932366,1.2826169560459446,1.1944843197050907
2022-01-20,1.2462881492847262,1.0103934308062281,1.0651821389246587,1.3465144946808985,1.0741175741734843,1.207628744416589,1.2701978465341837,1.2396734541003063,1.2892403614547052,1.203601802151674
2022-01-21,1.2397177163367246,1.005066635159472,1.0653184982301167,1.3391912492107572,1.0766826713254902,1.19810218725856,1.26017770380161,1.2331378938350028,1.2823360476844594,1.1972564116882645
2022-01-24,1.238223666072054,1.0038553754892392,1.0665089029429058,1.3375773180601722,1.0800977349802094,1.1998115432420058,1.2619756241468914,1.2316517732670855,1.280790635784482,1.1958135338176092
2022-01-25,1.2295093580748062,0.9967904928138365,1.0635658617892256,1.3281637839474825,1.0812123576243557,1.19121888991006,1.2529377722336155,1.2229837166051953,1.2717767521170644,1.1873976977077882
2022-01-26,1.2458544895234747,1.0100418532242499,1.0594771545118566,1.3363601695903207,1.0802429428339637,1.2048945197164125,1.2673219574481034,1.2392420959954862,1.284154474338616,1.203182995577558
2022-01-27,1.248987923276389,1.012582197430867,1.0478319225701045,1.3392757797088015,1.0825997679820147,1.2057415730983572,1.2682128979682095,1.2423588989963805,1.2871702101803695,1.2062091067654843
2022-01-28,1.252347708709581,1.015306049962534,1.0409607822075226,1.3409473414768784,1.0839509701837609,1.205769621494869,1.268242399595272,1.245700852312226,1.2897047223703135,1.20945381691101
2022-02-07,1.298772033648393,1.0529432793422007,1.0260096921499517,1.3879687712255655,1.12196060920462,1.2480509324729552,1.280637749261315,1.2918787793704283,1.3362215764589336,1.2542880722893492
2022-02-08,1.3049881724312407,1.057982840855141,1.0245177192807717,1.3913048240076697,1.1246572979841833,1.2498975868071427,1.2835023869065185,1.2980619258927812,1.341025103615805,1.2602913034407923
2022-02-09,1.3002483655497505,1.054140174342508,1.0180115621440748,1.3840489810132628,1.120941084335466,1.2442055022215315,1.2768087482145212,1.293347275615542,1.3350929421444184,1.2557138386645392
2022-02-10,1.3183534563519532,1.0688183728162677,1.025954878380536,1.4030902646333907,1.1363626173889128,1.2604197833888877,1.293660710971495,1.3113562733456796,1.3535719626778706,1.2731988158988627
2022-02-11,1.2966193007780713,1.0511980110816446,1.0181450933112997,1.3799591521469678,1.117628732484468,1.2420453291403188,1.2748016690394446,1.2897374721657993,1.331257200672626,1.252209072209185
2022-02-14,1.3154600392930786,1.066472615464288,1.0322657434554479,1.4000108739834316,1.1272687799981138,1.2529655329821017,1.286009870348322,1.3084782131462094,1.3506012508491445,1.2704045006448528
2022-02-15,1.3135687141695047,1.064939276259005,1.0312360280902095,1.39799798445418,1.1254601519396126,1.250955232812793,1.2798034356975856,1.306596926262343,1.3486594008488706,1.2685779548909717
2022-02-16,1.2975153964732702,1.0519244957267262,1.0196938485161617,1.380912844148195,1.111705736827068,1.235667123740549,1.2705134364836357,1.2906288118181173,1.3321772346764458,1.2530744759236154
2022-02-17,1.2991023964271213,1.053211111770521,1.0213919357382608,1.38260184809057,1.1092704998154284,1.2329603442267654,1.2679420769320275,1.2922073887431862,1.3338066297616211,1.2546071198836548
2022-02-18,1.3078742681948963,1.0603226626707851,1.0244445657046481,1.3869792555699954,1.113771981855933,1.2387276752806033,1.2730874571514237,1.3009327036549292,1.340421190897385,1.2630785481596893
2022-02-21,1.3056614238693078,1.0585286607208713,1.026374269644011,1.3844014071708546,1.1117019182202263,1.2364253682043658,1.2716359115345643,1.2987316040375871,1.3380415773770318,1.2609414954887737
2022-02-22,1.3319492837506826,1.0798408114857965,1.041889743899749,1.399836716953398,1.1293680730337965,1.2613192466930259,1.2920555310878246,1.3248799406632317,1.3589706859297472,1.2863289755399097
2022-02-23,1.3263960373988157,1.075338671561899,1.039439075408519,1.393533817825366,1.124471212937804,1.2560604755140563,1.2901297902359452,1.3193561682592017,1.3530782851416885,1.280965932233484
2022-02-24,1.364052877179357,1.1058679063628707,1.0667461021726143,1.4330967222875404,1.156395337489978,1.2917204644973328,1.3173701412142946,1.356813143733162,1.391492643114314,1.3173329957004751
2022-02-25,1.3415986573957257,1.0876637726107514,1.0560032271216127,1.409505944164637,1.137359451492318,1.2704569374786336,1.2954648229217625,1.3344781000963615,1.3685867263727252,1.2956478505652997
2022-02-28,1.34168062636645,1.0877302266724365,1.050672794716823,1.4073632189645693,1.1374289418597006,1.2705345598338296,1.295543973208295,1.3345596340154036,1.3675882753305104,1.295727012034452
2022-03-01,1.3473844326725004,1.0923544288888598,1.0570549254211996,1.4129497615457156,1.1422644252405956,1.2759359071381142,1.3010516415303484,1.3402331672741437,1.3732095760692964,1.301235458498479
2022-03-02,1.3793145272889193,1.118240864432652,1.078616976428856,1.4461981209121682,1.166624526429352,1.306172826350991,1.3256933615782476,1.3719937923796646,1.4056372365538916,1.3320719223172612
2022-03-03,1.4216113518222582,1.1525318377336313,1.0988494038366976,1.490545937853455,1.1942976305848176,1.3462267529597194,1.3661249385519019,1.4140661258097882,1.4487412497254963,1.3729200474180554
2022-03-04,1.4027781400859012,1.1372633354772959,1.0841089337405365,1.4707994950479877,1.1782767741798506,1.32839222072196,1.3480267992868444,1.3953328716595248,1.4295486267401067,1.3547318879629624
2022-03-07,1.4696891013573639,1.1915095350872469,1.135819727348368,1.540954999499473,1.2344792693223712,1.3917550561512293,1.4123261823342965,1.4618887018856017,1.4977365105302138,1.4193510963027463
2022-03-08,1.4664118884537674,1.1888526259358219,1.1332869991249717,1.5375188730401033,1.2317265433295683,1.3886516258921004,1.4091768811762773,1.4586288828442706,1.4943967556024784,1.4161861305128787
2022-03-09,1.4735793207209777,1.1946634221651644,1.1388262053121931,1.5450338573830715,1.2377468958925502,1.3954389866259445,1.4160645639125373,1.4657582738449169,1.5017009704758408,1.423108072600321
2022-03-10,1.4065104964902346,1.138755367606891,1.0855312299763002,1.4747128351250554,1.1798226138721977,1.330135004307953,1.3497953424494944,1.3981044482613698,1.4323881667563614,1.3565092278637332
2022-03-11,1.4033559043484152,1.1414405802224417,1.088090938791928,1.4714052753644034,1.1826046640446939,1.3332714947215696,1.3529781924145172,1.3981849609440193,1.4324706537365326,1.3597079093324542
2022-03-14,1.398824850506174,1.1346471044983253,1.0816149824378325,1.4689244971249582,1.1755661933475605,1.325336305023581,1.34492571498846,1.3917670152478026,1.4270002912622588,1.3516153788635104
2022-03-15,1.36303460059327,1.1010300847846632,1.0495691841953196,1.4310958610491191,1.1407368338578956,1.2860695968844817,1.3050786170714663,1.3533447312779954,1.3874864113230256,1.3115700813816709
2022-03-16,1.367727887545006,1.1111094226718676,1.059177425232231,1.4254777489452874,1.1511796656639695,1.2978428719226427,1.3170259094593955,1.3618692637125065,1.3911138006772403,1.3235767996318626
2022-03-17,1.3599626130935905,1.1089322445697791,1.0571020059716356,1.416909440432729,1.148923971392539,1.2952997964855657,1.3144452455648683,1.3566689912538206,1.385570006197862,1.3209832995086601
2022-03-18,1.394441618389864,1.1473656455289345,1.093739073248904,1.4528322133315295,1.188743406601807,1.3401923286347734,1.3600013211583317,1.397376476062412,1.42714467941746,1.3667659711362319
2022-03-21,1.3978583836773522,1.1547838917469317,1.1008105990307868,1.4619833025980278,1.1964291790620132,1.3488572879805805,1.3687943547448507,1.4036057948803322,1.4362528969503654,1.3756027412938345
2022-03-22,1.4257147914173203,1.1752140398209694,1.120285865096065,1.4878483458908154,1.2175961051535773,1.3727209340888578,1.3930107224567692,1.4300073872272527,1.461662724335533,1.399939561279408
2022-03-23,1.419422735986026,1.1723318515348973,1.1175383870299214,1.4841994283926618,1.214609975723082,1.369354364202678,1.3895943922815022,1.4250983554650964,1.4580780265362197,1.3965062382692923
2022-03-24,1.4297818171141423,1.1826650546080282,1.1273886278811616,1.4972815041500733,1.225315827924713,1.3814241691012297,1.4018425974513342,1.436579179273691,1.4709298622386637,1.4088153660423177
2022-03-25,1.435872524061508,1.1860031082783922,1.1305706646992466,1.501507557842133,1.2287742627375307,1.3853232172721646,1.4057992763178169,1.441666371903343,1.4750815388324405,1.4127917254393927
2022-03-28,1.4127783910551859,1.1659005110392804,1.1114076401134214,1.4760572015352273,1.2079467000362354,1.362811216599732,1.3819711628385236,1.417854684140674,1.4500791000841624,1.38884509086397
2022-03-29,1.3999290540352392,1.1541152920299986,1.1001732489082492,1.4611368397842803,1.1957364674506297,1.3488084388752748,1.3680018467053265,1.4042409130284648,1.435421331592372,1.374806291317337
2022-03-30,1.4034840515823603,1.1566271807883912,1.1025677348277245,1.4643169494558816,1.198338943140304,1.3517440699844308,1.3709792515486117,1.4075520255043876,1.4385454724223943,1.3777985057797701
2022-03-31,1.3980876060988654,1.148733813564121,1.095043294657907,1.454323762708446,1.1901609152550325,1.3425191334492683,1.3616230450984468,1.4000430838912024,1.4287281623407642,1.3683957615352873
2022-04-01,1.3729538761584419,1.1265666251751485,1.0739121755769347,1.4253339718634563,1.1671943054885852,1.3166124575983718,1.3353477198672559,1.3739502823289889,1.4007032436737212,1.3419897427705834
2022-04-06,1.389590425788953,1.1434801839076452,1.090035213708248,1.4107375387118501,1.1847178225154167,1.3380982841909703,1.3553957858968784,1.3925884042834062,1.4040457814439582,1.3621375279308525
2022-04-07,1.3777111822781227,1.118775932393828,1.066485610962757,1.3941549667219233,1.1591226548227804,1.3235360787629618,1.3261132160134734,1.3715929202343198,1.3806270117664303,1.332709306471502
2022-04-08,1.3740147882978904,1.1209123528365685,1.068522177530894,1.3905632443730294,1.1613361215802467,1.325861273871377,1.328645568830554,1.3710625314318665,1.3801668027625082,1.335254255217838
2022-04-11,1.3746337627547776,1.1130607546562736,1.0610375541671888,1.4003036525427448,1.153201369067407,1.3331789866986077,1.3193388722774402,1.3665694474300498,1.3801668027625082,1.325901267132758
2022-04-12,1.3884918518973004,1.12258927516009,1.071392022694608,1.3871698449756453,1.164455247155782,1.3448140582410577,1.332214055419021,1.3801258914069532,1.3804287291334136,1.338840491467534
2022-04-13,1.3951194411359746,1.1262307156627116,1.0782573349158164,1.3803617975055162,1.171916893938668,1.3491763486072073,1.3407506743616662,1.3878415349452242,1.3814640331629766,1.347419571574182
2022-04-14,1.3982601948996267,1.1309772584382733,1.0856743412517482,1.3717990048046265,1.179978156075324,1.3548625043489926,1.3499732930489035,1.3941769908997472,1.3819305548545755,1.35668806358987
2022-04-15,1.4084519535603475,1.1387409440062581,1.1000475400072758,1.3813406245418145,1.1955998392265508,1.364163068434731,1.3678455349527459,1.408486715663794,1.3958842613874458,1.3746492020697074
2022-04-18,1.4116407972395824,1.1423834754916635,1.10339848343011,1.3840271318118773,1.1992418522049821,1.3685266657517106,1.3720122394196936,1.4122264292760744,1.399367715400218,1.3788366317351104
2022-04-19,1.4053552230024793,1.1464924124652829,1.1087144496672536,1.3776338409963653,1.2050195737554712,1.3734489969451578,1.3786223361809558,1.4124842589235793,1.3995065834608884,1.3854796071342195
2022-04-20,1.3919601521990572,1.1388845463514083,1.099417925774024,1.364502995115342,1.1949155354590557,1.364335097917666,1.3670626460444262,1.3998309380376366,1.3869695192276805,1.3738624190699968
2022-04-21,1.3958336933703122,1.1470981018389046,1.1069265839701945,1.3683001286191494,1.2030764105173184,1.374174586974029,1.3763992285225346,1.406558849517359,1.393635615751821,1.3832454417327371
2022-04-22,1.3942636611260721,1.141815195480272,1.1042856983485296,1.36676106609907,1.2002061323612876,1.3678458905427835,1.3731154398910983,1.404089930115602,1.3911893803796644,1.379945319528423
2022-04-25,1.3860975123022516,1.124013025741061,1.0665816030504203,1.3847548767072497,1.1592269849725267,1.3544976575924526,1.3262325766262884,1.3760078604476387,1.3765971039045395,1.3328292607843042
2022-04-26,1.3905943098241247,1.1302167230416422,1.072725950970131,1.3724822933654264,1.1654318320569457,1.3624659546504834,1.3338727181306427,1.3822033358324493,1.3744621023070254,1.3405074043716378
2022-04-27,1.3988578267337834,1.1386355239204415,1.0815795954940473,1.3604698784574871,1.174112944565613,1.3723876646906727,1.3448817133691735,1.3920141066398255,1.3741192288699804,1.3515711583800598
2022-04-28,1.390482532693489,1.137699722447391,1.0832950193728912,1.3578586346667747,1.1731479855423173,1.3712597511738065,1.347014743813669,1.388950839160513,1.3738902089985021,1.353714798523329
2022-04-29,1.4093369858322469,1.1540599120899504,1.0984412401173016,1.36153506871851,1.1900179233155035,1.3909785479140857,1.365848193881212,1.408077573453893,1.3853547352781839,1.372641926218681
2022-05-05,1.4196812656978224,1.160358200547698,1.0980384937059948,1.3582514686148561,1.1965124528216515,1.3985698211586752,1.3653474019968717,1.412986953757054,1.3834302403991945,1.3721386433942537
2022-05-06,1.4341262247408435,1.1618030002859228,1.0902219403615607,1.3609030731613228,1.1980022693953642,1.4003112259339812,1.355627969697761,1.415146095836474,1.3798565410511276,1.3623708666145424
2022-05-09,1.444454173830365,1.1592021527698544,1.083513434400262,1.3702500668187014,1.195320385094984,1.397176446653159,1.347286330276154,1.415887789757197,1.3803497632307131,1.3539877358575585
2022-05-10,1.4158159913611383,1.1404089929727748,1.0672258334274196,1.3460168177990532,1.1759416710785198,1.3745252117810292,1.3270336398645677,1.3912099204173758,1.3577689773357628,1.3336343085131372
2022-05-11,1.4174366214560135,1.1413595383672173,1.0756443097697683,1.345196746739933,1.1769218334119145,1.3756708960203279,1.337501528621367,1.3974932142646943,1.3627105291740405,1.3441542645748323
2022-05-12,1.4396176698984702,1.1556933498156334,1.0852603796555214,1.3662512699730127,1.1917022554284369,1.3877398720403562,1.3494585557303351,1.4146743653157976,1.3794660459791301,1.35617076596659
2022-05-13,1.4343786758634705,1.1643176547749203,1.0980513194725798,1.3752903198457307,1.2005952750803406,1.397864522815817,1.3653633500963105,1.4204369703742574,1.3921585172292061,1.372154670819579
2022-05-16,1.4293497233496852,1.1661958416467413,1.1043291004963307,1.3761540562928978,1.2025319821935399,1.4001194493683518,1.3731694079533117,1.4220073964586284,1.396575308016617,1.3799995560279132
2022-05-17,1.437667862435629,1.1781147529808322,1.1110490395674124,1.3841626217663663,1.2148222610303556,1.4084059453164597,1.3779567637908499,1.4304716211975008,1.4048881531545898,1.3883969739085609
2022-05-18,1.4297455427861765,1.1645628912006347,1.0993632647269398,1.3765351446397094,1.2031839652019234,1.3935926344950407,1.36323405145126,1.4190075925165277,1.393629154484039,1.3737941131450018
2022-05-19,1.4222971248262137,1.161148432659686,1.0997397179978812,1.3693639321497764,1.1994557403329051,1.394069840276285,1.363700861589631,1.4155543081010202,1.3902376308124553,1.374264539349048
2022-05-20,1.4237519039513344,1.166513708764314,1.1094569832110075,1.3682356632382286,1.2049980216133669,1.406387797099966,1.3757504790823594,1.4225321457094378,1.3958069448269763,1.3864074971628852
2022-05-23,1.425790456835785,1.1688199530881282,1.1126280758547566,1.3649013665010605,1.2073803509650698,1.410407588822521,1.378496699254574,1.4255835169765783,1.3961009763562886,1.3903701804232742
2022-05-24,1.4150986625079194,1.1593801382334856,1.0966192667991697,1.354438687004637,1.197629108318903,1.3901142434809837,1.3604481969600224,1.4099825452634998,1.3807063071154377,1.3703651390100609
2022-05-25,1.427804157003239,1.1707514688518685,1.1077322658047908,1.3665995445744454,1.2093755891320415,1.4042014829388447,1.3731841796299444,1.4234566160654867,1.3939006084217327,1.384252243576085
2022-05-26,1.4307541767566176,1.1722340816016357,1.109405448922185,1.367974965169858,1.2109071145799342,1.4063224703716395,1.3779090504457696,1.4260021704156878,1.3956547715590404,1.386343098519706
2022-05-27,1.4327590119693827,1.180365326525585,1.122061636791657,1.3696638355831614,1.2193066164229014,1.422365911845066,1.3883296932319575,1.4351352332112273,1.4044771649392407,1.402158613689077
2022-05-30,1.4377380186524529,1.1815110217613822,1.1229707068965038,1.373975540228863,1.220490109151821,1.4235182819878587,1.389132668379693,1.438210223163001,1.40725675201244,1.4032946123153227
2022-05-31,1.4489940483023571,1.1908472079029466,1.1323851128785356,1.3853940529447462,1.230134304282555,1.4354523234968446,1.399684380054613,1.4498686920040342,1.4190031578267601,1.415059109030687
2022-06-01,1.4413444515101188,1.1789215091314684,1.1116968270158816,1.3666435257001044,1.217815166223551,1.4092271041143474,1.377476632546849,1.4327972841439856,1.3964381046671681,1.3892064666502504
2022-06-02,1.427939585748738,1.1735752006470614,1.1136902761127507,1.353705623408052,1.2122924783217779,1.4117540722856257,1.3765478653294156,1.4274192132910346,1.3910801398334334,1.3916975346366027
2022-06-06,1.4500283432122807,1.1937150465837063,1.1380120472213957,1.3746460577870145,1.2330967554827916,1.442585228976404,1.4031113756832898,1.4540462002824401,1.4170292600655676,1.4220906785976355
2022-06-07,1.4554876841740327,1.2010057037361763,1.1408894396030445,1.379821585262955,1.2406279378246554,1.4462327156246084,1.4064252032630156,1.4586216668565817,1.421488244940155,1.4256863460552882
2022-06-08,1.4668196897557622,1.2119090214663029,1.1517056230410263,1.3905644765124014,1.2518909655928776,1.459943700934148,1.4171408183769296,1.4712140890664704,1.4337600907199146,1.4392025418483927
2022-06-09,1.4708427149431869,1.2141488563537006,1.1554989061979726,1.394378357627318,1.2542046946024696,1.464752203853688,1.42102759004101,1.4756544395477558,1.438087399271531,1.4439427312268318
2022-06-10,1.4716045178613884,1.2182636944391203,1.154980342964565,1.3951005568748145,1.2584552848140862,1.4640948543444008,1.4201530252729888,1.4757054659904896,1.4381371266889795,1.4432947205644728
2022-06-13,1.4409187742956155,1.2117046996623195,1.1373645336163807,1.3660100659058545,1.2495831246021287,1.441764417312383,1.3903034506810816,1.449066076649262,1.4121759198446127,1.421281528058144
2022-06-14,1.4390003488580156,1.210495349212064,1.136418987052566,1.3729077606403295,1.2449896335541641,1.440565808290977,1.3889159064272958,1.4474991006870301,1.4151543195754883,1.4200999474607645
2022-06-15,1.4257643493813417,1.1993611505154465,1.1221790300471806,1.3630165760749324,1.2502370415879096,1.4225147237814721,1.3771024571117063,1.431773033725143,1.4011902112728905,1.4023053114809136
2022-06-16,1.4157366060506824,1.1903902262006392,1.119016966777269,1.3518802640202572,1.2416521968386292,1.4185063780197547,1.372282019660128,1.4247208149383364,1.393491980514593,1.3983539115706431
2022-06-17,1.4181493421149225,1.192220522586101,1.1155207335071708,1.3465241761459794,1.2437682536120092,1.4140744262800398,1.370047569143507,1.4237091545361986,1.3885546060781953,1.3939849237767539
2022-06-20,1.4089423565650392,1.1844803242883994,1.0920668425176743,1.3356486865403758,1.2356933943582358,1.3843434258164846,1.3524080385778297,1.404120828300052,1.3683499050619616,1.364676306320159
2022-06-21,1.4081836135046635,1.1838424584296454,1.0903649889192164,1.323958980518958,1.2339736651138853,1.3888028210261427,1.3569899614398298,1.4062245614088107,1.364780530894894,1.3695004814426808
2022-06-22,1.406700495419338,1.176142126240427,1.0831263205857122,1.3221232492995212,1.232508387702161,1.3713602627744408,1.3399469542605236,1.3933115957528748,1.35202067072296,1.3457913804647397
2022-06-23,1.415575191661921,1.1727318955050923,1.0805494066499848,1.330464358349385,1.2465917450103414,1.3692784823840243,1.337912860544016,1.3942944209662915,1.3529743698153223,1.3391995622086346
2022-06-24,1.4309913591155576,1.1678356605113986,1.0732129319773882,1.3324056807893263,1.24861845156995,1.347397892213708,1.3165334820159973,1.3810916526782697,1.3337827405958198,1.2992530204530486
2022-06-27,1.4062757145085099,1.1731246916874167,1.0847983082527577,1.309170710219442,1.2386139779412269,1.3617185397220057,1.3369084063043792,1.3809765617072132,1.3335604434723871,1.3214767786409
2022-06-28,1.3815257324020358,1.1754436348198964,1.091565990290662,1.2861297437020223,1.225089765813622,1.377340466857581,1.3524685243360737,1.3809765617072132,1.3335604434723871,1.3447343278455481
2022-06-29,1.3980526786999627,1.1754449192252552,1.0895575791113978,1.2858578729978478,1.2248869228395922,1.3709104544476265,1.3465681928117041,1.3809765617072132,1.3254429219667325,1.3286475105680726
2022-06-30,1.4003232885336436,1.1734101336319098,1.0897578173416267,1.2877319549956872,1.2265460473163288,1.370933914462685,1.341469434701053,1.3809765617072132,1.325332468389902,1.3264896232803083
2022-07-01,1.4291344095503742,1.1731672575349668,1.083015729177692,1.3142265519907441,1.2399091149448602,1.3624522526006184,1.329416388464187,1.3809765617072132,1.325332468389902,1.2991976019473015
2022-07-04,1.41760100425618,1.1889062782850424,1.095909715145855,1.303620476473138,1.2444992446346765,1.3786731067895626,1.3471196496069922,1.3809765617072132,1.325332468389902,1.3096823907819763
2022-07-05,1.4283612590639254,1.194360726170647,1.1004305660175902,1.3169957359976847,1.250001324626571,1.384360414266199,1.3409657946359383,1.3809765617072132,1.3271015348877362,1.2997412887372404
2022-07-06,1.4698021754036452,1.1910526929532728,1.0867744074680663,1.3549861151749625,1.2465391830699877,1.3671807339749469,1.3205765556985687,1.3809765617072132,1.3269909430931621,1.2620320119922674
2022-07-07,1.4819056613714023,1.17107911845007,1.075804242441977,1.3661441170516586,1.2461415478825437,1.347109078745734,1.3009690028702952,1.3809765617072132,1.3269909430931621,1.2516394659723828
2022-07-08,1.4602902518727718,1.1837637531472915,1.0898611383630528,1.3462172314920955,1.2390643054880284,1.3643079118988344,1.3177511649919247,1.3809765617072132,1.3269909430931621,1.2698961609205637
2022-07-11,1.4605197706971782,1.1822872180109985,1.0961322469186725,1.346428821068874,1.2448539456700138,1.3722543296548388,1.3252067875656284,1.3809765617072132,1.3269909430931621,1.2696965669880569
2022-07-12,1.4872287084400184,1.1846028923915446,1.0956208844950877,1.3710513453774138,1.2440657266463928,1.3712033047112744,1.3241917968609076,1.3809765617072132,1.3269909430931621,1.2464772670919697
2022-07-13,1.5236888204330001,1.1996645056077155,1.0869674823031379,1.4046633146171839,1.2549578387305995,1.3572311153245373,1.3106986419753162,1.3809765617072132,1.3269909430931621,1.2159192900323763
2022-07-14,1.5330650199622382,1.1988183750135044,1.0909309531247755,1.413307076606268,1.2538635497760473,1.3519460049913479,1.3055947308888505,1.3809765617072132,1.3269909430931621,1.2084369867418967
2022-07-15,1.5652059982141449,1.2237520104011497,1.1004114982356192,1.4429373084757464,1.273721607650305,1.341999015079303,1.2959887720935854,1.3809765617072132,1.3269909430931621,1.183101892402175
2022-07-18,1.498609256599398,1.171683530897366,1.0852891148525388,1.3815428829442322,1.225940184495556,1.355016187003191,1.3085596521525202,1.3809765617072132,1.3269909430931621,1.2334407814187798
2022-07-19,1.508927796772714,1.1797510531889417,1.0894526947375465,1.391055373058678,1.2274760324626561,1.3450508542352941,1.300480150497182,1.3809765617072132,1.3269909430931621,1.2249480350951942
2022-07-20,1.5081895487067425,1.1791738559663791,1.0801352438149037,1.3903747944776377,1.2266709062926258,1.3406003409502665,1.296548175228462,1.3809765617072132,1.3269909430931621,1.225547345095155
2022-07-21,1.5136306221879652,1.1834279443221507,1.0837125289468976,1.395390829384974,1.2310963490654785,1.3400777047252184,1.299745284916589,1.3809765617072132,1.3269909430931621,1.2211259557776795
2022-07-22,1.5028196426472566,1.1749754096638099,1.0703132665772042,1.385424367629617,1.222303346831453,1.3351386870647195,1.2951715414574958,1.3809765617072132,1.3269909430931621,1.2298477453153793
2022-07-25,1.5108929473990942,1.1812875008083077,1.0649096394824873,1.3928670126504081,1.2288696886186674,1.3294149185901818,1.289619113001984,1.3809765617072132,1.3269909430931621,1.2232408742281735
2022-07-26,1.4642942807125077,1.1448544612564613,1.0536549094521437,1.3627807721408085,1.1909691284765564,1.3499895914068445,1.3095778865474688,1.3809765617072132,1.3331226901949886,1.2609678315706454
2022-07-27,1.4749589977259303,1.153192640959597,1.0517007744915647,1.3752699566572728,1.1885618322485634,1.3434552033281095,1.3032391042453673,1.3809765617072132,1.334376696488149,1.2517839774343127
2022-07-28,1.4356546879186518,1.1224626742977224,1.040037604688086,1.3435338119625895,1.175380898272214,1.3500181939342841,1.3051170057416706,1.3809765617072132,1.3367595120175906,1.285141179456011
2022-07-29,1.4352031535100116,1.1221096433606004,1.037652607491822,1.3460501604843276,1.1726855340524154,1.3491371267465007,1.298117654243041,1.3809765617072132,1.3382215575885312,1.2855453751636334
2022-08-01,1.4381961669832795,1.1227609308279238,1.0410255756833786,1.3490815934638574,1.1764974369730068,1.3558884852781403,1.3049499136923874,1.3820157569583889,1.3393400978406127,1.2847992274083997
2022-08-02,1.4358930626578286,1.1296350223876794,1.041833870455852,1.3440698770420452,1.17741091763126,1.3553215635677962,1.3006159442851484,1.3766784997971264,1.332752286444018,1.2769330581442127
2022-08-03,1.434757590445709,1.130346529998285,1.0408582265374986,1.3462779583950613,1.1763083101678578,1.3534918792525619,1.2986433432401492,1.3757006217319998,1.333427309530787,1.2761287739541005
2022-08-04,1.442070628453598,1.1448776422014697,1.043950124236431,1.3608720633831364,1.191234230308335,1.3453488962414615,1.2908303442531712,1.3703640078222104,1.3320838059443563,1.2597235655441912
2022-08-05,1.4600277725136392,1.1361379479836895,1.0334941547929382,1.3811066653521316,1.1821406621130226,1.3356987346503915,1.2815712431802078,1.3841266213393801,1.3470714711637373,1.2693399632761075
2022-08-08,1.4426321221140983,1.1254922542712231,1.030246498378723,1.3705357523429975,1.1664231215847691,1.346041950025663,1.291495312914718,1.3823656448047459,1.3482273443380155,1.2812337693847868
2022-08-09,1.4398448628910059,1.1220659691957993,1.0302593456585984,1.3707604056345903,1.1639295054057524,1.34495850260481,1.2904557708218476,1.3831343711228044,1.350390016335978,1.2851341712982718
2022-08-10,1.4397862655355533,1.1192838674795071,1.029853485260369,1.376908427781683,1.166734832721767,1.346105135853143,1.291555938216947,1.384820929748324,1.3550924550139365,1.2883205917778067
2022-08-11,1.4371105389660264,1.1081615700038383,1.0279127721049068,1.3869109500280783,1.1650594660869773,1.3459114505102525,1.2913701017261017,1.390414607293915,1.3667472362329567,1.3011226032086063
2022-08-12,1.433367743482625,1.0983164608320866,1.0250094462787955,1.3990013676241078,1.1615745946870895,1.3566299015330345,1.3016542011610155,1.3947803650225021,1.3787757719460285,1.312682013335397
2022-08-15,1.4276875728579899,1.1141234683065409,1.0351231368120322,1.3788668928498222,1.1730357631910326,1.3647921192991803,1.309485655439068,1.3819798740422211,1.3589323846255508,1.2937898496136089
2022-08-16,1.4168849257849598,1.1179344356064915,1.0351541090152263,1.3741503450082955,1.1768527397446595,1.3505490321454208,1.2958197512670877,1.3743878768947746,1.3542840247013819,1.289364316043815
2022-08-17,1.405602614639216,1.1179418735613016,1.0360474815158012,1.374141202371802,1.1768605697007084,1.34037544442149,1.2860584352392084,1.3689113460620037,1.3542750142415063,1.2893557375143316
2022-08-18,1.4124101873505805,1.119117716188772,1.0453102087848039,1.3726958912692087,1.1871860854485392,1.3525637785936344,1.2977528526793651,1.3715063761981408,1.352850598242139,1.2879996031087804
2022-08-19,1.4153039877310802,1.1148914516850545,1.0483406430965583,1.3778797748193918,1.1906278287870675,1.3493719594965539,1.2946835505296166,1.3755010694543526,1.3579595375248221,1.29286363745001
2022-08-22,1.4210559479986173,1.1072340678148311,1.0444698555260232,1.3873434354716123,1.186231674320339,1.348898016138912,1.2944445961132047,1.3830198292618092,1.3672863804594793,1.301743383678977
2022-08-23,1.444950943876873,1.086530225920731,1.0316607932895503,1.41328495946889,1.1716840880373511,1.3696456214212616,1.3143546450707246,1.4075778784167945,1.3928528635255726,1.3260842976607599
2022-08-24,1.455278333925208,1.0709143177584528,1.0271095660855698,1.4335970756049077,1.1692594600251942,1.373837678706101,1.321107692921699,1.4227230627869367,1.412871324017042,1.345143142149105
2022-08-25,1.4525234524026729,1.0727631020100994,1.0340595500374348,1.4311221701408245,1.1721513031981796,1.3778656176524138,1.3252012180424517,1.4201483695345842,1.4104321986732766,1.34282094006797
2022-08-26,1.4488934983596018,1.0727699711939815,1.0342385146506483,1.4275456993450943,1.1721588087908161,1.3682089965751307,1.316654482646615,1.4165993230064708,1.4069074335112526,1.339465139999849
2022-08-29,1.433960775459116,1.0787523422792369,1.0400060125779227,1.4210410853059927,1.1786954281531505,1.365556899365164,1.3143217596465833,1.401999433383513,1.396452144557305,1.3256602179727133
2022-08-30,1.4307768577804816,1.084696581122463,1.045736747886541,1.424269289968295,1.1851903824385404,1.3709263596095316,1.3212446847289254,1.3988864815805213,1.396487999922488,1.322716767164225
2022-08-31,1.4251201842877887,1.0790710300906978,1.0403132538482909,1.4173744659828156,1.1790436414099426,1.3680841211068624,1.3158129546984643,1.3933558888562874,1.3903472768395229,1.3174873165797607
2022-09-01,1.4058111618582816,1.08485603538125,1.0458904749111508,1.3991478157038035,1.1853646096438641,1.3761165394429216,1.3198883500583758,1.3744772424046847,1.3719887877276515,1.2996366170900588
2022-09-02,1.3913891987449234,1.0902112332347842,1.0510533262422104,1.3847942106566342,1.1929971064310179,1.3710756506805075,1.3142737223478838,1.3628873543362787,1.360419882844911,1.2910517231003404
2022-09-05,1.403270957941694,1.0702543452133393,1.0318132442315475,1.3725937126017407,1.170679539104118,1.3510130444856698,1.3301081215135413,1.3839571917218199,1.3696500493311177,1.3199453544747624
2022-09-06,1.3903259716802345,1.0688707571798608,1.0304793515322201,1.367633092842639,1.1640353901245382,1.343089509247204,1.320267725019613,1.3783372730167218,1.3679306568414267,1.321401709297853
2022-09-07,1.3855886968090199,1.0752779669574586,1.036656428912623,1.3464076451280038,1.1815190162343645,1.338289335506857,1.3128049108686235,1.3655229956377408,1.3469285794237438,1.301334232526851
2022-09-08,1.3703242038379373,1.064662939719192,1.0264226693008938,1.3319846987467374,1.1809087215793466,1.3369196253197904,1.3018533912730912,1.3583539466500454,1.3400621832179451,1.3020064158058253
2022-09-09,1.3705623736431556,1.0502030366519588,1.0124821330519131,1.3292323378201998,1.1619057033887195,1.3156289213963452,1.3021465147582587,1.370113834922209,1.3501627303574704,1.3243242441143455
2022-09-13,1.3964085515050049,1.045806469351673,1.0082434804457554,1.350026472874769,1.164116172533425,1.3181318414940322,1.3268585051403698,1.3940599573263228,1.3715902001892732,1.3456417011771409
2022-09-14,1.3989129071864823,1.0505296083486164,1.0127969750362598,1.3426096828901317,1.171241002346553,1.3200564363924672,1.3264458886245114,1.3900138493583492,1.3626117568455376,1.3354172336430528
2022-09-15,1.4041142325833538,1.0549255316960844,1.0170350068189198,1.3532978596168788,1.1583877298459353,1.3249645640054442,1.3291396239300781,1.3969580383188718,1.3723095786681483,1.3437948664425812
2022-09-16,1.4027307963993891,1.0564726492292125,1.01852655541034,1.3465424920949671,1.1598935168618347,1.323659111872149,1.325943970775818,1.3917920289625638,1.364485635366288,1.3351800521305393
2022-09-19,1.3835306253069257,1.05331977016042,1.0154869205841044,1.3299034228748423,1.1564319942242067,1.3055412509958648,1.3075738447537206,1.3743328774374108,1.3482769712415736,1.3199576281874887
2022-09-20,1.3879942861790617,1.053262051980475,1.0154312755098596,1.3350501902574416,1.15636862586084,1.3097532961016514,1.3128661174142902,1.3798879970910654,1.3541607471499704,1.326369736330798
2022-09-21,1.3985540411468436,1.0568390678087076,1.0188798130681542,1.334193439936602,1.160295805113333,1.3197177995674054,1.3241472978162396,1.3919000216553923,1.3603631310289732,1.3393711047383665
2022-09-22,1.397379627692081,1.0575842728454508,1.019598252035507,1.3295669167168567,1.1611139602179463,1.3204284143487997,1.3219632191328867,1.3891342771857276,1.3558725875244892,1.3351730841957083
2022-09-23,1.3932089225855357,1.0585944420509568,1.0205721382615407,1.3293255867700273,1.1622230175260129,1.321689643507079,1.3198439639759627,1.3843391377477727,1.3530926217724644,1.3299403812147115
2022-09-26,1.3820726319867496,1.0639455724781095,1.02573106825892,1.3635902842701664,1.1680979840903294,1.3283707041528547,1.305594195955529,1.3589683563818953,1.3511409687192273,1.2918233186156376
2022-09-27,1.3776710247795658,1.0600401229268015,1.0219658935696134,1.3597020695018969,1.1645725235970439,1.3243615212746085,1.3025169713243543,1.3599832378325674,1.352375194815886,1.29786697565545
2022-09-28,1.3893113454550376,1.0688225733193322,1.0304328983263316,1.3711905655415353,1.1744123165379472,1.3355514153208732,1.3044949047336016,1.3613310903973153,1.3537155071992497,1.289473522022974
2022-09-29,1.371564538423631,1.068284736589105,1.0299143794677403,1.3536752300124926,1.159410590089021,1.3184913277272903,1.3206329497138136,1.3658576839244967,1.3582167779744179,1.3145203356269948
2022-09-30,1.3602529369798932,1.0614498348789503,1.023324971875891,1.3436288296009005,1.1544632921559077,1.3076174329972494,1.3169537503389892,1.3635488204162944,1.3564815375599868,1.3209173163111547
2022-10-10,1.320320689773967,1.065921432513758,1.0276359598976677,1.3037463726773282,1.158950192751092,1.3129081311078588,1.3508124478807135,1.3645097444606924,1.35721626757051,1.3615565691899985
2022-10-11,1.3160999760102072,1.0625139654520492,1.0249751179676494,1.2972873808496392,1.1599080924105734,1.309508638347931,1.3391358870121168,1.3592898724937108,1.3508316804233143,1.355491953632941
2022-10-12,1.322234849174731,1.0655992508025172,1.0276730060623778,1.2944502692472941,1.1628908528114643,1.3129554613033487,1.3366521300565852,1.3609716176554674,1.3478774697450029,1.3525275511379296
2022-10-13,1.3211779982975613,1.0645699266640085,1.0289619033494868,1.2935527881960163,1.1622784009768778,1.3146021570151032,1.3318306209538884,1.3567843337622965,1.343801883986566,1.345286006425361
2022-10-14,1.326025647884502,1.0684760331628393,1.0257609882265994,1.298083483580386,1.1765690281694174,1.3105126665186404,1.3322513796186604,1.3702729619217737,1.3570494621318232,1.367098532460629
2022-10-17,1.320961361604655,1.064395366605805,1.0270360177423505,1.276546343130465,1.1638485114304,1.3121416447599223,1.3242293678601462,1.3565172683549644,1.3347601630891406,1.3448720289583778
2022-10-18,1.3162097789722818,1.0605666682918748,1.0252367933922684,1.2715290087168543,1.1571367718877856,1.3098429549795985,1.3299703365460707,1.3540051552895194,1.3320658816387065,1.3447285249345309
2022-10-19,1.314795011990042,1.0594266868628242,1.0275505644709535,1.2701622681810885,1.1454092136611043,1.312799029875061,1.3207052120378877,1.3465288851292951,1.3247107512956329,1.3313238494331703
2022-10-20,1.3149282506571864,1.059534047020421,1.0286535391651406,1.2660849516121073,1.152315868349749,1.3142081908045293,1.3238781008131402,1.3506568012409714,1.3265784493735637,1.33935154293967
2022-10-21,1.3159338271525869,1.0603443136895172,1.0268691469314946,1.2674729961437006,1.148942167749024,1.3119284505423523,1.314172553466146,1.3491960536847287,1.3253636824733748,1.3354302473738382
2022-10-24,1.3261577557053568,1.0685824821147143,1.0243275598479966,1.2754981057737835,1.157259186998771,1.3086813178240932,1.3152242474321556,1.35932054410348,1.334356561119183,1.3450972257352145
2022-10-25,1.3318317940198383,1.0731544705675344,1.0265584534531726,1.280742810994355,1.1572109106466726,1.3115315084248231,1.3190974552104318,1.362200154877504,1.3370720913316188,1.3450411135107398
2022-10-26,1.3313880303288832,1.0727968976435642,1.0280723552307955,1.2803160700503986,1.1581445383279532,1.313465669967533,1.3184253808213007,1.362522719302313,1.337388705515316,1.3461262809633459
2022-10-27,1.3375160798415981,1.0777347161878865,1.0297824365513428,1.2832548194244606,1.160553171865632,1.3156504705761316,1.3190872698537484,1.367075239671428,1.3403142874395848,1.348925866679098
2022-10-28,1.3477601846012603,1.0859891420614514,1.040953829047391,1.2928694585838862,1.1603613641578328,1.3299230462899279,1.3195200944647738,1.3650740879081502,1.3382406160299685,1.3346452050680013
2022-10-31,1.3554680895969835,1.092199965937268,1.0521489074075177,1.2926912091721319,1.1554420604639315,1.3442258830735525,1.332236941062431,1.3639257426432778,1.333195860508405,1.324766810294231
2022-11-01,1.3597374928891897,1.0956401370236315,1.0483519125389775,1.2965474316316687,1.1588888554855423,1.3393748408453516,1.3272023969324114,1.379549575577268,1.3483565815556413,1.3509446398355407
2022-11-02,1.3618706090607093,1.0973589450337609,1.04821165569671,1.298581417094318,1.159542873360503,1.3391956486451537,1.327748116636843,1.3809575355558055,1.3497327061525655,1.3515828495403792
2022-11-03,1.358284980853621,1.0944697416392273,1.047748204016831,1.2951624210991364,1.1562966906239303,1.3386035425855827,1.325783997465873,1.3810253298503468,1.3497989675503832,1.3552740958655287
2022-11-04,1.349334338940458,1.0872575535636084,1.0360965341958295,1.2935734037098199,1.1486770837159264,1.3237173643610483,1.32986650745636,1.3858046167595603,1.3580895258584151,1.3735852373088802
2022-11-07,1.364462181163199,1.09944716458226,1.044446789742809,1.2984084108786984,1.1590729456146969,1.3244423221453232,1.3274999037889885,1.3962783324031425,1.363278849954851,1.3789482366856534
2022-11-08,1.3660049092579656,1.1006902536564231,1.044921329146018,1.3038045404197298,1.1640831817759631,1.3247082472017555,1.3259975697745536,1.39868306190214,1.3676889154193357,1.3821388956964258
2022-11-09,1.3637511373737143,1.0988742244971226,1.0357568879269667,1.3014360921847947,1.166368823232826,1.307719688463469,1.3184343217917627,1.3989023536596068,1.3677893737002444,1.38485268282831
2022-11-10,1.36185747663281,1.097348363274283,1.0341460432491922,1.2980164121637896,1.1634984435265363,1.304574781218939,1.3143854627381,1.3951496252929911,1.3632727281698807,1.379345567714865
2022-11-11,1.3565413773057107,1.0930647924926917,1.0301091868387604,1.2923802851899029,1.1623989546871747,1.2902380612898205,1.316768634005998,1.3989369913716778,1.366674632566767,1.3922188596072296
2022-11-14,1.346367844750652,1.0848672318157742,1.0223837687107975,1.2830467772567584,1.154197898797447,1.2842895031673318,1.3029459931577672,1.3867760225926644,1.3549838556468883,1.3784548233711003
2022-11-15,1.3440883801977526,1.0804192320808257,1.0181919537136481,1.28985739543356,1.1524361533846428,1.277873925645904,1.2976038616395003,1.3845437097486635,1.3578692528815315,1.3763507765136576
2022-11-16,1.3455961581688538,1.0782873140834595,1.0161828245844722,1.2914118260242766,1.1503542019728374,1.2767986238327416,1.2972340549380466,1.3847572003457276,1.3580786303937702,1.3752312616404414
2022-11-17,1.3535578316734496,1.0783231770844937,1.0162166220382798,1.2990528996527648,1.150392461862754,1.275201324267694,1.287261620897099,1.3844204664075408,1.3577483839321771,1.3664254070544637
2022-11-18,1.3504814760729031,1.069699748319303,1.00808986390456,1.2961004224332935,1.141192689792837,1.2657889899089059,1.281189083025302,1.3819420219025804,1.355317688848618,1.364638549909226
2022-11-21,1.360351243156822,1.0671914025899993,1.0057259875842635,1.3055727547188014,1.1385166998113008,1.2849894763979761,1.262118906421992,1.37682209998485,1.3502964067465872,1.3445536887813994
2022-11-22,1.36337882500383,1.0655955314305434,1.004222031411073,1.3084784222013863,1.140860816504874,1.2935156953213676,1.2601398030999271,1.3752016868469563,1.3487072122983235,1.3383963943603594
2022-11-23,1.3666131426684551,1.0679458241943423,1.0085783676194826,1.311582500684265,1.1435672589286736,1.2929142024799505,1.2618222508852814,1.379458964161799,1.3528824694072985,1.343508016879239
2022-11-24,1.3829189336945524,1.0806880559882677,1.0054638692840128,1.3272316917405464,1.1572117704339326,1.302590125948808,1.2567614285372193,1.3859169986295994,1.3592160841398138,1.3400573605877157
2022-11-25,1.3842872031407325,1.0817572961380935,1.0079284006809952,1.3285448638488773,1.1583567236699222,1.3056432573753218,1.261171726322495,1.3882112760119691,1.361466160242985,1.3431682193393453
2022-11-28,1.3873134313622322,1.0841221554324356,0.995815029203448,1.3314492322136111,1.1608890390736768,1.3201646549131598,1.2507389654962178,1.3777843886522099,1.3512401560732457,1.3200547466407317
2022-11-29,1.3807137089395252,1.0789647734476484,1.0064575918216885,1.325115266756427,1.1553664619485307,1.2993602702609668,1.2592477314047845,1.386772730196365,1.3600553292824913,1.3435579601471157
2022-11-30,1.3786976147162535,1.077389287789197,1.0032333467133716,1.324327541311667,1.1536794158689452,1.3054736114509415,1.2588837172254672,1.3842548021546048,1.3581746280318354,1.3406408720284373
2022-12-01,1.3851358098567224,1.0824204435720155,1.008738708563193,1.3318748436802492,1.159066828692195,1.2957887177137208,1.2592374565832531,1.3919973462714508,1.3664702172112817,1.3493775901320915
2022-12-02,1.3892756544285798,1.0856555432394284,1.012047512420647,1.3360263226581388,1.1625310063454157,1.2946570189966053,1.2633195612286752,1.3964497601069574,1.3709286084490735,1.3539768007889776
2022-12-05,1.3968655757856072,1.0915867205171281,1.0093858915926488,1.3337333472379256,1.1688821713465019,1.2999179085352974,1.2505894252923107,1.3934151338861713,1.3630281600815701,1.340695068516763
2022-12-06,1.40322314171451,1.096554868249525,1.005306355029493,1.3395812900380346,1.1742021145080155,1.3120663402252908,1.2391138335034546,1.3884755643916615,1.3580827248285512,1.3250877915648067
2022-12-07,1.4177935715902197,1.1079409944740228,1.0155774472011232,1.3534908919175075,1.1863944943660367,1.3289105171468107,1.226905999865294,1.3876834262298088,1.3573079260629992,1.309816733869657
2022-12-08,1.4266217734805646,1.1162582961345178,1.0232013766613532,1.357083187341137,1.1953007456440456,1.3304604086893712,1.2347399990255938,1.3996855778446486,1.3666227839851863,1.3243182298546372
2022-12-09,1.4322043449694686,1.121569438563875,1.0280697554802891,1.3569867164880693,1.2009879710183307,1.3311352024699958,1.2311896884903264,1.4035033989207801,1.3676279540684588,1.3263604805375773
2022-12-12,1.4163424813672316,1.1089996398914925,1.0165478385991553,1.3417317341975707,1.187528102654778,1.334595845652925,1.2212283861797186,1.3902875893161943,1.3546359894331053,1.3160712911010377
2022-12-13,1.401986215384591,1.097978633435212,1.0064455988063494,1.327637178543318,1.1757266967610362,1.3218927279121382,1.2319005162427594,1.389572487541188,1.3536895691645559,1.328057336364809
2022-12-14,1.3958528571215285,1.0973109541811474,1.005833580661183,1.31724372582715,1.1750117390196264,1.3167436883686032,1.233614818962345,1.3876156185542916,1.3494455659450153,1.3301267930210838
2022-12-15,1.3891583038678443,1.0891442821855957,0.9983477236175876,1.3107195948731425,1.1662667835200644,1.3104414913142484,1.2378241960709342,1.3867711611915965,1.348518517685418,1.3348871789516223
2022-12-16,1.386202225392267,1.085069041613265,0.9946122156457547,1.313874058235862,1.1619029744342515,1.3116989980557632,1.2377582558586784,1.3853742887059475,1.350217692079525,1.335038549287463
2022-12-19,1.3822817177954014,1.0841547276781474,0.9937741235300207,1.311364626087126,1.1609239177659307,1.3162650051281954,1.2313710823170443,1.3794254836879685,1.345039793787007,1.3273490277756095
2022-12-20,1.3794291295247212,1.0831796772752358,0.9928803582446668,1.308994067325924,1.1598798238696733,1.314234870690089,1.2353692286735258,1.3800650186398264,1.3458355363719934,1.331319034607104
2022-12-21,1.3747471590549905,1.0843992409476242,0.9939982529405765,1.3151513860133028,1.1596405904731932,1.30946942426383,1.2438805515723566,1.3849518263588636,1.3560504199881445,1.345266109414307
2022-12-22,1.3742444922700776,1.0838471479481915,0.9934921851970974,1.3152750942556104,1.1588569169123413,1.3090524579960214,1.2463094668325656,1.3862614263485484,1.3576443839340893,1.3483021436082314
2022-12-23,1.3712534559360754,1.0834250844015532,0.9931053069956501,1.3126316170401584,1.1584056436296424,1.308190042485177,1.2454595550454597,1.3827007901354458,1.3542703881164853,1.3443104422581291
2022-12-26,1.373108641606365,1.0845149276981865,0.9941042954603468,1.3144074925034146,1.1595709116704773,1.3078626748818603,1.2560839836246234,1.3917895703823693,1.3631722894101852,1.3601645731132521
2022-12-27,1.3699021893028442,1.0866419973164048,0.996054041831014,1.3103444260780814,1.1618451893160777,1.299672156683326,1.2579714067968661,1.3971650876750261,1.3679219990582192,1.3738475424683056
2022-12-28,1.3735897918300304,1.0837638009138262,0.9934157863917322,1.3003327573201677,1.158767801682891,1.2960130937532937,1.249164340816428,1.3942712325690652,1.3580217824526304,1.3644582015006632
2022-12-29,1.3800388513890436,1.087192127654304,0.9965583105303201,1.305787705764268,1.16195894193373,1.3021965680532934,1.2472330033009182,1.396466468544994,1.3598204393697606,1.3623486077292137
2022-12-30,1.381509665728483,1.0852079646161519,0.9947395573267039,1.3071793849042928,1.1635082652363022,1.2994715540998698,1.2563350087438387,1.4026093828927646,1.365802151552295,1.3728823139306299
2023-01-03,1.3832254082246385,1.0780568589347088,0.9889489133844958,1.3088028141689703,1.1560351085471596,1.3018672829293663,1.2610949139592342,1.4007619862982357,1.3640032342811341,1.3675608007219884
2023-01-04,1.3646772660658353,1.0742542607705905,0.9909448484876163,1.3219957360708992,1.1519574600029432,1.3141144710253434,1.2443946438167273,1.3769201913237532,1.3568069627362795,1.3393455083686647
2023-01-05,1.3490293392903348,1.0731421636296727,0.9985443582950254,1.321689484668566,1.1507649224031302,1.3232115796583321,1.2301259249405019,1.3606934006935765,1.3484388869136565,1.3231350135846742
2023-01-06,1.3460050674786528,1.0718327038612019,0.9954404546274749,1.314775641542157,1.147982557858331,1.3204533373514518,1.2273682123754261,1.360371751339402,1.346104722933905,1.3254756930267344
2023-01-09,1.3427328798151141,1.0778501922710177,1.003396487588794,1.3113602444843493,1.1550140214902926,1.3285411950943524,1.2243844352558664,1.3614649958166705,1.3470743265119383,1.3308283744862528
2023-01-10,1.3352365096737588,1.081621261370703,1.005515567980102,1.3080554594563,1.1529490711090524,1.3261660103812147,1.2204324003592442,1.3582353934258837,1.3459417706283119,1.33194442741274
2023-01-11,1.3410347430356069,1.0897742819675984,1.0123374702583934,1.3003403240567786,1.1589723957622535,1.3349423321479794,1.2259355049574423,1.365306248406033,1.3460569680470722,1.34002846285009
2023-01-12,1.3464586988454048,1.09635298275683,1.0090646412226272,1.3145555579377175,1.1550323423483573,1.33062654007855,1.239745995476176,1.3770037523865895,1.3622249186285595,1.357570441164984
2023-01-13,1.3484776644773984,1.1011816821239018,1.0067449018947296,1.3163075933823707,1.148829318615773,1.3275675619024596,1.2472104323317128,1.384181570069167,1.369212180904734,1.3696878517376614
2023-01-16,1.344377209764425,1.0975359104660491,1.0073810348903833,1.3155924682718882,1.1446428529505643,1.3229510148599333,1.2467407148121246,1.3816295574625954,1.3683975858857664,1.3688022213102766
2023-01-17,1.3409890158259217,1.0969445319602087,1.00574206310431,1.3163200689960821,1.144026092101426,1.3222381773235874,1.2474302364298417,1.3816393915729404,1.3705100942477557,1.3722714584965179
2023-01-18,1.3473507670633935,1.1099073700896278,1.005749252411963,1.33555241613319,1.1575453035252181,1.3378633606959456,1.2656560554395302,1.3998963157774604,1.395381106133604,1.402027574503392
2023-01-19,1.347167970021831,1.1109244963034681,1.0067879839377156,1.3253352505526192,1.1586060854459905,1.3276285160614043,1.2548529809103655,1.3945633080438133,1.3848225243399983,1.391535535786787
2023-01-20,1.343250713596584,1.1153644349158236,1.003544194261169,1.3423742600577437,1.1632365890602312,1.332713266006194,1.262321852750857,1.4015002881804843,1.4026263246579187,1.4094256411100274
2023-01-30,1.3401953734120402,1.113013335898401,1.0012615460014986,1.3304193223993601,1.1607845793708813,1.3299040130372755,1.2611317292800799,1.3936656196531942,1.3901347932212447,1.3968735562146621
2023-01-31,1.3399312403825174,1.1127939771465785,1.0010642119032496,1.3206036584862941,1.160555805601284,1.3296419082853066,1.2534866442377828,1.3883871405242951,1.379878556188013,1.3865676014483672
2023-02-01,1.3417919796317723,1.114339294821999,1.0024543723935604,1.3222174572483927,1.1621674492986251,1.3314883589177244,1.2586859082584054,1.39498165740879,1.3863176693907733,1.3978138480860578
2023-02-02,1.340214051531897,1.1130288478132329,1.0012755004468994,1.3206625485057495,1.160800757067008,1.3299225477278485,1.245323186649834,1.3860888260593371,1.3774800698673797,1.3816358846862837
2023-02-03,1.3393834126853785,1.1123390139786804,1.0006549291838331,1.317700165396164,1.160081315123547,1.329098287357096,1.2427641115299957,1.3842351198497436,1.374519829155109,1.3787966939805454
2023-02-06,1.3416823794772443,1.1142482734410675,1.002372489988695,1.3195226808790008,1.162072521221871,1.3313796003827916,1.235298227012541,1.3808423410754884,1.3709217760499652,1.3696711785481899
2023-02-07,1.333319570919213,1.1073030790050078,0.996124625840044,1.3112979954117363,1.154829234603384,1.323081009832316,1.2374655428174657,1.3781728371517306,1.36827145099006,1.3729126287227957
2023-02-08,1.3287541600877872,1.1035115697668472,0.9927138020169716,1.30670247203362,1.1508749913663552,1.3185506567910135,1.2409147214959992,1.378756499041705,1.3687958691150839,1.37877647822471
2023-02-09,1.3200450584252035,1.0962787837966403,0.9862072218810007,1.303433215482822,1.1433317696013354,1.3099084323207617,1.2445470519401716,1.3732607753015609,1.3661133182640952,1.3768218362299298
2023-02-10,1.3116699111834305,1.0893233422579385,0.9799501394871565,1.287938275610514,1.136077796068014,1.3015975978352976,1.2402273725678625,1.3628939631993213,1.3520141445628604,1.364769819511386
2023-02-13,1.3106436400498302,1.0884710385710241,0.9791834111114055,1.2893110411659308,1.135188910962327,1.299249797925499,1.2460728968683608,1.3645972191298656,1.3549532529754533,1.36924883735369
2023-02-14,1.3081147566125402,1.0863708365807199,0.9772940793092577,1.2948762200004837,1.1329985669607958,1.2973758302114566,1.2506515153890758,1.366339514151014,1.360914682453914,1.375387267623966
2023-02-15,1.2995721997677772,1.0823958072899997,0.9737181617127133,1.287549533219728,1.128852926873302,1.292412504654837,1.2489700185057453,1.3575305860067401,1.3527342371103468,1.3666346233095246
2023-02-16,1.3077129135857812,1.0815404860777111,0.9729487187853717,1.2958025973441842,1.1242800781252251,1.2913912259111342,1.252929435622047,1.3660343597884839,1.361306547267656,1.3751954261368908
2023-02-17,1.3014588836697054,1.0825838571941029,0.973887330519263,1.2908861723416105,1.1244523623229452,1.2926370417843465,1.2459206901093693,1.3595014123320892,1.3554689014432615,1.3686186666309164
2023-02-20,1.302528549681209,1.0924109491744358,0.9827277361025303,1.287675668820616,1.12970375087754,1.3019368645370235,1.2460724012244595,1.3631387117464946,1.356852821528246,1.3748171867822716
2023-02-21,1.2963075243778515,1.100550521907093,0.9900500573319643,1.2825248135645202,1.1380209352169173,1.311420628983969,1.248828654644923,1.3614515450163929,1.3556998909773235,1.3779802283552205
2023-02-22,1.2949729585379275,1.1026487902686195,0.9919376496507861,1.2800241381165347,1.1405945190279894,1.3139209343853802,1.2501335689222155,1.3612204414703857,1.3548459429468778,1.378931058819589
2023-02-23,1.2887306456800445,1.1020785509208335,0.9914246650237922,1.2839267847020712,1.1417268431919592,1.313241434781083,1.2429030367694696,1.3529754405404533,1.3519704004862407,1.3688735343514669
2023-02-24,1.2917832553595385,1.0983018632649988,0.9880271746262549,1.2740829136009955,1.138731089924894,1.303496084061979,1.2528089756118703,1.3594262233704846,1.3516324078861193,1.3786842557088697
2023-02-27,1.2854261605298711,1.0884836247102874,0.9791947335429081,1.2852601947491207,1.1338473854133206,1.2916262682058184,1.244409365473991,1.3483628416241675,1.349887069783021,1.3630287880531562
2023-02-28,1.2829199142802592,1.0915256243914517,0.9819313021045418,1.281219471596397,1.1352678276961325,1.2930290990225781,1.24619543918404,1.3490555554861121,1.3497745791938724,1.3670868360360422
2023-03-01,1.2881661975384189,1.0965450195492628,0.9864467263080133,1.2680047319489183,1.136080958038711,1.298759605749117,1.2542108697114274,1.3587711292707751,1.3497745791938724,1.3811872279003665
2023-03-02,1.2890644476350437,1.0937263734208702,0.983911085548716,1.267202450624191,1.133667638285048,1.2954211712396408,1.2525962868449616,1.3580671160696156,1.3481776132081895,1.3787928583051094
2023-03-03,1.2901860507517469,1.0954272530505147,0.9854411888391368,1.2648093934463829,1.1328978619933696,1.2974357111972723,1.2586921758058705,1.363479578152859,1.3516911554017028,1.3885833088896113
2023-03-06,1.2851012672791668,1.0941839645196854,0.9843227323423875,1.263768099489195,1.132762751386747,1.2959631470130895,1.2630958133568175,1.3609386985515617,1.3512794241521513,1.3888805660670098
2023-03-07,1.290253839077962,1.0932696822274153,0.983500248305661,1.2681303895815812,1.1310324191489796,1.2941995146786882,1.2705895099268898,1.367948134817996,1.357862336771563,1.3976185930265612
2023-03-08,1.2787821805377801,1.08279270199795,0.9844206344062055,1.2582340655073676,1.1335089652969912,1.2970333369180609,1.2602180830227068,1.355426276744629,1.3461708945047492,1.3844579243807618
2023-03-09,1.2750261798610656,1.0815119920602043,0.9855806280908688,1.255556406864129,1.1357617159141238,1.2996110780208128,1.2597471110924632,1.352634129744888,1.3439423808938105,1.38282040962944
2023-03-10,1.2670673866922701,1.072779298298457,0.9862355985267187,1.2529237586196473,1.141224522328454,1.3002581364473607,1.2547972386728974,1.3429515784340407,1.3371075459785093,1.3716547940343835
2023-03-13,1.2727714423203507,1.0820570595331147,0.9907910572597826,1.2535157320302126,1.1429552625370367,1.3062640769059741,1.2617561787622487,1.3517815647535407,1.3432053010265623,1.3835173324853112
2023-03-14,1.2615588473420793,1.0651298186036353,0.9890973538636308,1.2422638526822527,1.1444113987437745,1.3040310895499463,1.2457821944209202,1.3352538956109012,1.3266705565068622,1.3618741751205836
2023-03-15,1.263438482893657,1.064591065472766,0.9928934211442647,1.2441147400244175,1.1414494499759034,1.3090358443727483,1.2479692088942824,1.3359109213807694,1.3273233587541466,1.3611853257776387
2023-03-16,1.2698413838495701,1.044834820075963,0.99158222400382,1.2637419104328658,1.1468536471829942,1.3073071552513087,1.251754498601271,1.3269003669967077,1.3254773321900084,1.3359250054548788
2023-03-17,1.2748086916157066,1.0508493486370578,0.997455470914689,1.2688959822080665,1.1513398571149813,1.30015970009633,1.2374907611649697,1.3352431004093785,1.3339215748793856,1.3474981443611735
2023-03-20,1.304907463588499,1.0696918561368758,1.0063434987463755,1.2988551526128962,1.1759841346604727,1.315828568135714,1.255133728401873,1.3474850944016823,1.3461514526453677,1.3403918490666586
2023-03-21,1.2908080371485129,1.0656823728580436,1.0063929011945776,1.2848211209352005,1.1686321909835733,1.3125990169036212,1.246557617453808,1.3455089689235142,1.3441772829910261,1.350943235546156
2023-03-22,1.2840462602028577,1.063777655286185,1.0010920531616763,1.2780907058891164,1.165683073432485,1.3047189376676864,1.2339856927467667,1.3433103886454723,1.3419808787062295,1.3536051052037308
2023-03-23,1.2847245356112544,1.0674064904179128,0.9991338006807245,1.278765835378118,1.1678398284059697,1.3001300043634336,1.2296942788976823,1.3439076446510558,1.342577543591695,1.3540937529116328
2023-03-24,1.288480572166254,1.0824523878102166,1.0130508208559235,1.2825044510033574,1.1792846400330295,1.3083467269202316,1.2370559549438205,1.3534472162223883,1.3521076735958903,1.3693586605983097
2023-03-27,1.2891797093096258,1.0805972290802162,1.0113146058543132,1.2832003454682064,1.1770669781128402,1.3032748913554189,1.232243400655303,1.3511706500813006,1.349833360632726,1.3640089785499454
2023-03-28,1.2800492576384688,1.0774013078240896,1.0083235914795752,1.2741122418825677,1.1735857426682172,1.2988774660109286,1.2282910190453777,1.352100732411061,1.3507625224353228,1.3755472382859002
2023-03-29,1.2807698937308787,1.077800625718125,1.0086973070580991,1.2741597627876522,1.1740207094571278,1.3006171304084464,1.2301408579559412,1.3563179844562732,1.3546205674735055,1.3833536043141834
2023-03-30,1.284284108303143,1.0828246138897042,1.013399181614896,1.2800990463844513,1.17949321152918,1.3063118149814559,1.2354172689453164,1.35990219513051,1.3594990375435598,1.3868692276988057
2023-03-31,1.2844789632895277,1.0809915614532257,1.0116836555591004,1.2805364019123937,1.1774965143009588,1.3015114805242383,1.2304369005693545,1.3592825085526072,1.3590086428489985,1.38539485814413
2023-04-03,1.2587508132695195,1.0592590806940947,0.9913445554562207,1.255100644242102,1.1538238777573508,1.2910383922283024,1.222069813854099,1.3583704516480224,1.3582100204241745,1.4112852006465324
2023-04-04,1.2582356410535258,1.0584681284381958,0.9906043152007419,1.2537046258118498,1.1521511714464816,1.293623128231806,1.2238610296054826,1.364896540060482,1.3642579248790587,1.4254234198850635
2023-04-06,1.2623891234333064,1.0591019983569736,0.9911975444723156,1.2579983062232696,1.1551294262991127,1.286168667357684,1.2219869541369524,1.3635286819511439,1.3629751251988922,1.4178610118226138
2023-04-07,1.2651686684968293,1.059576078129253,0.9916412285621353,1.2551694235201765,1.1585078411533283,1.2832080427099237,1.2136713112387685,1.3664946631585309,1.3629069210176867,1.4209074791613792
2023-04-10,1.2619411360597756,1.0551617027342388,0.9899644167676648,1.2497309778487757,1.1536812990913865,1.2786665076176225,1.212757229039836,1.3607561839503992,1.3559693155639945,1.4125983495449514
2023-04-11,1.2635873292976008,1.057254488839965,0.9915349820680924,1.2511529545257376,1.155969486946308,1.2820021603977265,1.2179207631947013,1.3636886694776649,1.3587784877500997,1.4168440400949995
2023-04-12,1.2654070860344275,1.05867476694656,0.9899470621903026,1.2526251834477664,1.1575223752731318,1.279735397160894,1.2128865418317558,1.3629335030264305,1.3578470530264235,1.4132343661961428
2023-04-13,1.2641947317837887,1.0592491560278134,0.9903191715481038,1.2512163043480424,1.1581503945992002,1.2752573341344986,1.210974091564075,1.3659081958488084,1.360697490413025,1.4207573055820641
2023-04-14,1.2699852551266173,1.0685929666179197,0.999054939436177,1.262044952597679,1.1683666292408899,1.283335577113103,1.2085811840745029,1.371526480992236,1.3690661466968945,1.4259374458459142
2023-04-17,1.2697968167121272,1.0686125093021814,0.9990732103923329,1.262068033178221,1.1683879966098045,1.2827030801516477,1.2068159440891706,1.3722097433008658,1.3698622721702705,1.4275697613501805
2023-04-18,1.264507438954095,1.0641611709744532,0.9949115401564772,1.2568108499060962,1.163521040415961,1.285596778307755,1.200271384055568,1.3685477753652286,1.3662065688483718,1.425896936627569
2023-04-19,1.2651977668575958,1.0647421245754485,0.9954546885607706,1.2574969760389962,1.1641562371856802,1.2783808337192735,1.1928078835475453,1.3626329861703341,1.3603018982209532,1.412793203634688
2023-04-20,1.2613721703566723,1.0615226486540843,0.9924447180461652,1.2529577108416274,1.1606361613966063,1.2844272289905576,1.1802193343326708,1.355584479026644,1.352866847965183,1.4024491436171875
2023-04-21,1.2506104374608185,1.05246598522343,0.983977411393527,1.2420589418648982,1.150733884612834,1.2831340917372136,1.1757522749148483,1.3413956599228645,1.3385937352340518,1.385055815002026
2023-04-24,1.2444493684500901,1.047281064826019,0.9791298964880045,1.2359400013643225,1.145064852383679,1.2770443256575403,1.1759388901905259,1.336494453570957,1.3337027665856742,1.3817577577368685
2023-04-25,1.250655028129734,1.053462277867313,0.984908870909067,1.2440548955974444,1.1525830815508729,1.2738224017544302,1.1739913246084788,1.3433813450817365,1.3416282950500487,1.3891076485545695
2023-04-26,1.246715029980179,1.0446918074058011,0.9767091333948994,1.2399283476774121,1.1483026548316475,1.271441830126695,1.182777056810182,1.3387456616472806,1.336886858608455,1.3838968729431589
2023-04-27,1.2391020419793333,1.0296313678392217,0.9626287426295623,1.232356802131092,1.1423130411637608,1.2765520483473096,1.1959143896476228,1.3235945892422547,1.321756822954647,1.3610234231322358
2023-04-28,1.2334376984099604,1.0313965300126808,0.9642790379650086,1.2257379983304457,1.1344424016306693,1.2742111606235869,1.1933044734194629,1.3247091198606278,1.3223414200229693,1.3695372045044936
2023-05-04,1.2375446274060877,1.0149582087822586,0.9489104303339199,1.231035958227293,1.14498644552717,1.2817021057380737,1.2012107340780014,1.314590183968823,1.3128968485184942,1.3440543900701727
2023-05-05,1.236259838231318,1.0128715342439059,0.9469595448521119,1.2299630988565906,1.1439885791129512,1.2826050786504153,1.2058196114929425,1.315651236833159,1.3140659427017936,1.3476194240907546
2023-05-08,1.2170411972464914,1.022022815337179,0.9555153119814238,1.210842345686021,1.1262043681301144,1.2746917954868293,1.1900447498701419,1.3129888282331486,1.3114067421713769,1.3631150366704192
2023-05-09,1.2225042520562879,1.0196868645123136,0.953331371713458,1.2162775750894883,1.1281884952012693,1.2679097035697142,1.1934838050421308,1.3133855074411007,1.311802943400665,1.3578199321776832
2023-05-10,1.2251958904235802,1.0231648200723014,0.956583001463879,1.2189555039235858,1.1279001721685529,1.268908126699273,1.1909229782774544,1.3142163116369345,1.3126327465188734,1.3565481875435492
2023-05-11,1.2354849929307155,1.0142184519246908,0.9482188126968754,1.2291922001364424,1.1340872788478262,1.2630248140556222,1.202689399947455,1.3141777913376447,1.3125942726346231,1.3450764762376637
2023-05-12,1.2484335445444024,0.999432667828921,0.9311655351815273,1.2420747998747466,1.134320212966965,1.2552462517902527,1.2211923849830617,1.3125789645976633,1.310997372401133,1.327706510478578
2023-05-15,1.2486150236508153,0.9969820884484288,0.935070497358839,1.2422553546393669,1.1342960505685336,1.2549028012478587,1.2178021948139746,1.3135092531218795,1.3119265399740692,1.3293955281244838
2023-05-16,1.244353258429604,0.9986859501436575,0.9337307855706755,1.23801529620183,1.130424478172475,1.2464678230260824,1.2185084721796728,1.3129491871294505,1.3113671488332315,1.332799333420337
2023-05-17,1.243995452115099,0.9956345286910061,0.9390129462126545,1.2376593123303419,1.1332392099830055,1.2495715001845478,1.2098011715545545,1.3119718152055126,1.3103909545937222,1.3311982747479865
2023-05-18,1.2271124404608424,0.9929730540992634,0.9499118687050321,1.2208622922459476,1.1249052359017517,1.24244053925068,1.1950069041163132,1.3115638637704186,1.3099834947197637,1.3484369088148902
2023-05-19,1.2252742878589513,0.9952556054157655,0.9533477489793429,1.2204419037148948,1.126022639041098,1.2434676204164108,1.1891067600550247,1.3106980487290847,1.309874329428537,1.3486764865712004
2023-05-22,1.2444434859255165,1.0001245289750709,0.9409922760045418,1.239332093008007,1.1273003403882496,1.2515445206645028,1.2062178571654545,1.311635056404311,1.310701592039227,1.3295049993987518
2023-05-23,1.2364504848313131,0.9992899014630262,0.9413198466393508,1.2313719221464696,1.1257476952066623,1.2500293431372753,1.204080693074423,1.3107013837210326,1.3097685838320727,1.3361515601297502
2023-05-24,1.2398617610435876,1.0094777347579849,0.944099285074336,1.234769186976734,1.1315308826485386,1.2564509898614833,1.2025697707149854,1.3118140831665446,1.3108804913917043,1.3347338259119956
2023-05-25,1.2359485887398978,1.0091649620517755,0.946660187620605,1.2292330144442398,1.1317567008257954,1.2567017381854522,1.197378394773929,1.3108907495524276,1.3090877620331902,1.3370674955384485
2023-05-26,1.2285227561612462,0.9970258164144409,0.9336421388365779,1.2238759677306903,1.1230072505301925,1.2469863555536298,1.1921601717688308,1.3096715431261325,1.3089503379068264,1.3426137665293214
2023-05-29,1.223197529530816,0.9991993321575229,0.9401811322986569,1.2153790885833977,1.1235565012054738,1.2475962430655148,1.183883482650964,1.3097499372327273,1.307321857049785,1.3485942706434615
2023-05-30,1.2270293826673178,1.0008272037146329,0.9403373134914661,1.219726732889143,1.1254323855055122,1.2496792234965322,1.1866701508949098,1.3092405279914392,1.3071039700736102,1.3433205586357653
2023-05-31,1.2380557198500632,0.9984206330543471,0.9335852386624838,1.2308907347550802,1.1356233146397288,1.2615583501388825,1.198798587814083,1.3091314246141066,1.3071039700736102,1.3310253183833534
2023-06-01,1.2214835421822343,0.9864656297461505,0.9313376240331224,1.2143185204066715,1.1313868462290715,1.262034080084456,1.1905451294567313,1.3091314246141066,1.3070530274411687,1.3488419543416275
2023-06-02,1.2163180804908231,0.988978653688359,0.9360722974039644,1.2074907050705799,1.1314156953530647,1.2615313476583996,1.1785504560701137,1.310682460758485,1.3076906425594397,1.3577421636961389
2023-06-05,1.2050579230927658,0.9905592542538251,0.9365585555061424,1.2030859497143431,1.1169276249186215,1.2514323532213987,1.1849102517214363,1.305137997046024,1.3058267225201028,1.3588244929347433
2023-06-06,1.2001775212323396,0.9905909382939475,0.9328720100748821,1.1954419311788598,1.1143200590583493,1.2530322245046295,1.187720769367381,1.3027890603151415,1.3019724004700177,1.35943651964029
2023-06-07,1.2029483241092385,0.9904003805009831,0.9347360867826178,1.1971050096834055,1.117466463803146,1.2571360012784185,1.185422848806987,1.3042759735533322,1.3028611162054207,1.3594011751988722
2023-06-08,1.1981959952552408,0.993432891403126,0.9343207624524137,1.1989084057708053,1.1085059097238206,1.2478112058237198,1.1804145731053035,1.3033701879714983,1.3055111907079693,1.3628834444529412
2023-06-09,1.1956479930333428,0.9877331301154783,0.9298734679671085,1.1946870705406083,1.1089290032266532,1.2523358601747117,1.1825312910382053,1.3035064330077126,1.3043855283059584,1.3660665920750414
2023-06-12,1.184102916253985,0.9891537008092486,0.9261128336345581,1.184334276970367,1.1133620115009404,1.2544534861455252,1.1939497140427833,1.2918050476473117,1.2932677172269813,1.354731259161321
2023-06-13,1.185577999776868,0.9804012579963993,0.9234246334205357,1.1864443471883048,1.1080856932602838,1.2593672978482173,1.1924623639770413,1.2961244584350375,1.2979385573327398,1.362103251749691
2023-06-14,1.198063295394992,0.9788964776630052,0.9284129516548408,1.1984921469252654,1.1054317237476354,1.2549640147623344,1.17727015475501,1.3096379733204464,1.311226691329373,1.3761618045352126
2023-06-15,1.1903510060302962,0.9719932702613071,0.9226405398913072,1.1937089593860741,1.1035652666299811,1.254603226697838,1.181576221843252,1.3047239965414066,1.3079105754954004,1.3746933966743762
2023-06-16,1.2050396038529096,0.9707222861231014,0.9213243690729566,1.2054489812580578,1.0963809859698777,1.2467136342666856,1.1774276108116084,1.3209326520139995,1.3225207853504193,1.3918858435023251
2023-06-19,1.200522389322589,0.9741615440075703,0.9187796419264574,1.2007293239710097,1.0879169761097731,1.2419724426008363,1.1867695093931319,1.3159810005079622,1.3174529704982636,1.3866682166818343
2023-06-20,1.2087407267656283,0.9708696912375125,0.9189057582472427,1.20894907801301,1.0904705445325336,1.242868691134135,1.184439783281714,1.3249897253988872,1.326471771957684,1.3961608404159567
2023-06-21,1.2175950225329149,0.9776605676322355,0.9213683237365154,1.217804899999714,1.098276739711352,1.2447047100289685,1.1808146976045284,1.3346955710426338,1.336188473923454,1.4063880303715932
2023-06-26,1.2059277407122737,0.9791202389784749,0.9205805502538044,1.2061356070838336,1.087752793734133,1.2371006198220704,1.1882189724539678,1.3219062042302419,1.3233848017646053,1.3929116895555906
2023-06-27,1.2070180516998805,0.9748688798570461,0.9212890679211663,1.207275723868741,1.0864415437473673,1.2341932180798862,1.1829926937675095,1.3231013743970768,1.3246085293918355,1.3941710576492305
2023-06-28,1.1990541405857231,0.9735702724953406,0.9187378792767379,1.199108900011686,1.0818965014969215,1.2344946354315294,1.1853759774530688,1.3143715449418518,1.315758371676336,1.3849723100700932
2023-06-29,1.2002780929569203,0.9777461457923625,0.9235647383582075,1.2003329082793828,1.0845605198341965,1.2316172651962605,1.1814697308956426,1.3157132092709372,1.3171014516294641,1.3863860411816216
2023-06-30,1.2061502411373435,0.9774923993645452,0.9256008684839032,1.2062053246340716,1.0840982926624212,1.2345547255440492,1.1790328363892153,1.3221501033316676,1.323545137420284,1.393168689566908
2023-07-03,1.225053729731767,0.9835967472992354,0.9166537754899887,1.225109676529116,1.0908683843563485,1.2284913028914084,1.1887633769663182,1.342871609281771,1.3442885071565756,1.4150032401354198
2023-07-04,1.2226597585483814,0.9858640378047785,0.9177419107743146,1.2221307226631226,1.093382946891696,1.2300349680172677,1.191784320155757,1.340247401169437,1.3413406452210197,1.4122380740867249
2023-07-05,1.2221440694604193,0.9904139772968298,0.9216491031127878,1.2243140403867263,1.098429105448281,1.2301774358253492,1.1923487562968185,1.3396821163834445,1.342255914483347,1.4116424253305444
2023-07-06,1.2242400285886919,0.9900725525298637,0.9232019703823326,1.226708109935709,1.09805044469636,1.2288587661671662,1.1886506354486066,1.3426551309867287,1.3453960150093662,1.4154868962931109
2023-07-07,1.2282323523315295,0.9868243351413267,0.9270749714691204,1.2298418099346782,1.0944479748179257,1.2307369229966423,1.1815810225770764,1.3467830950977284,1.3490571431035343,1.419574672075497
2023-07-10,1.2308129325054675,0.9874148280674395,0.9283829063685248,1.2308700598745737,1.090757081316816,1.2286409321258667,1.1793718158671789,1.3514366432580722,1.3528652910506436,1.4264022024319796
2023-07-11,1.234639088945302,0.9834936859076245,0.9295331941707148,1.2378033256609275,1.0861691473319564,1.2321715164414027,1.176419564899781,1.3575158142910784,1.3606583231252116,1.4348008066392623
2023-07-12,1.240892951196485,0.9877252147819353,0.9359697719720561,1.242957100267727,1.0843682733025186,1.2382075176884888,1.1746651251415912,1.3638931852090999,1.366437010618683,1.4410139424463204
2023-07-13,1.2432101749721458,0.9852257515592253,0.9337572721466334,1.24101501426172,1.0786605268442349,1.2405197267282961,1.1730537825699041,1.3690146658342157,1.3692247020737178,1.4491451610284463
2023-07-14,1.248314155080612,0.9860156930328383,0.9345059468482325,1.2455833163263743,1.0758764160596526,1.2452929588771224,1.174737376101689,1.3745728100717751,1.3744931611123679,1.454962659647751
2023-07-17,1.2407968476169082,0.9799136024743947,0.9313509770144122,1.2348343352481144,1.0842220578891193,1.2359792104107767,1.1738566000639414,1.3652936668275668,1.3634224165535043,1.4440807574067684
2023-07-18,1.2417322076461677,0.9806522987546461,0.9330918134776407,1.2353535890628577,1.0838211320869902,1.2375893027225278,1.173226886254768,1.3666975462651987,1.3645971347863788,1.4459619406058577
2023-07-19,1.253971066192643,0.9903178809903563,0.9411536438208887,1.2474365035822144,1.0850645368686536,1.2499003494981216,1.1776115114221846,1.3802305042812055,1.3780578885960937,1.460345795611203
2023-07-20,1.2555559307580566,0.9915695204901754,0.9435293972382819,1.24880520318356,1.0855819844576013,1.251936528725503,1.1797315726437563,1.3822269730306758,1.379936376554174,1.4627248058859113
2023-07-21,1.255519658524773,0.9915408746607997,0.9424920347941195,1.249586002884769,1.0798737536909555,1.2529279423366304,1.1804691849287459,1.3827543027610678,1.380914159065527,1.463883143588035
2023-07-24,1.251675370507602,0.9890317349772875,0.9420728263497752,1.2459681475200999,1.0835364018674916,1.2493004112445234,1.1763200619133447,1.3786356632578816,1.376916076751073,1.4596448458861946
2023-07-25,1.264413793340914,0.9965695618997572,0.9458039647327404,1.253879513436594,1.084054023717491,1.2620146638848142,1.180377628489064,1.392666173424859,1.388293996321525,1.4744997944387275
2023-07-26,1.26749939015635,0.9988354333770896,0.9484882809991237,1.2567304231313388,1.087712836611967,1.2650944060138742,1.1830614190673914,1.3960647493754827,1.3915662115165945,1.4780980720706567
2023-07-27,1.2713723644410333,1.0018874774081503,0.9503830238487421,1.2605704917336333,1.0892562372485701,1.2689600316230385,1.1866763844778945,1.4003305682911171,1.3958182846887741,1.482614552210867
2023-07-28,1.2760629972072781,1.0055838659415657,0.9539462200346303,1.265221271802529,1.0930934235474723,1.2736417642686928,1.191054537792882,1.405496982656344,1.4009680513228502,1.4880845471492652
2023-07-31,1.2744072982367036,1.0042791151766666,0.9509026200791495,1.2635796400321095,1.0916751286356456,1.269153616849049,1.1895091377801574,1.4036733423561216,1.3991502873366994,1.4861537490160734
2023-08-01,1.2868919382315438,1.0141174637365542,0.9567829899524877,1.275958207647375,1.102369645993789,1.2770020468939005,1.2011620790151187,1.4174243279114598,1.412856963106875,1.5007127479790578
2023-08-02,1.28376156891987,1.0116506193243684,0.9552284575667137,1.272854434675041,1.0996881278278723,1.2749272388554604,1.198240247897222,1.4139764380880055,1.4094201834148892,1.4970622587714193
2023-08-03,1.2649973912829633,0.9968637676323826,0.9423835300376855,1.2542496818171855,1.0836144706353446,1.256079700858374,1.1807260977562795,1.3933089670396182,1.3888193091350256,1.4751803588632215
2023-08-04,1.2758039407218056,1.005379720046944,0.9497534046556044,1.2649644163206797,1.0931989333862304,1.2668100687468686,1.1908127390703724,1.4052116494796392,1.4006836375749168,1.4877824476810464
2023-08-07,1.273466595239987,1.003537807139202,0.9482700924351796,1.2626469294649207,1.0902017302397107,1.2646204466389512,1.1886311023105869,1.4026372217050616,1.398117505376038,1.4850567455014085
2023-08-08,1.2697062820757377,1.0005745441520826,0.9457265220523662,1.2589185647882082,1.0868008643028382,1.261228321189428,1.1851212927889538,1.398495491384723,1.3939891209486142,1.4806716454519533
2023-08-09,1.278272943177606,1.0073253834193299,0.9510832360515089,1.2674124415624177,1.094133469347904,1.2683720770709581,1.19311726211135,1.4079310884958895,1.4033943137459086,1.49066168202088
2023-08-10,1.2812731291125457,1.0096896386148828,0.9537432097048807,1.2691511978353631,1.0979127298760503,1.2719194388367778,1.1959175823775536,1.4112355901452551,1.4060038950585558,1.4941603575080065
2023-08-11,1.2828530081106064,1.012542304476399,0.9578122042193518,1.266887620886269,1.0994495010494862,1.2773458818948389,1.1992963961535528,1.4140992297887334,1.4067362499713147,1.4983817935617043
2023-08-14,1.2816495130099672,1.0117257564578654,0.9605920583630135,1.2666755853537763,1.098379626574107,1.2810531172245128,1.1983292433821728,1.4128657301204808,1.406051309555154,1.497173448311209
2023-08-15,1.2871586901318282,1.019211099864369,0.9632177275122861,1.2641389420912714,1.1065060863811593,1.284554730234106,1.2071951893596435,1.421128942150192,1.409844829202813,1.5082504198404747
2023-08-16,1.2839406228821963,1.0127775965782062,0.9574852429162387,1.2617032564561355,1.0995215563423482,1.2762322222807303,1.199575085713972,1.4148671846049223,1.4040369784080904,1.4987299838545523
2023-08-17,1.2856905433947134,1.0161296859284037,0.960481385210401,1.2632854589232076,1.103160750684502,1.2804562932466954,1.203545437036088,1.4181728290452875,1.4072408638362985,1.5036904774858038
2023-08-18,1.2839503330849236,1.0209376801427443,0.966153090127498,1.2615755743859682,1.1083805475079092,1.286514994744055,1.2092402214500269,1.4205682306637093,1.4096178005352,1.5108054503244381
2023-08-21,1.2862879153263738,1.034929115130691,0.9778184803905423,1.273732894867656,1.1235703428049086,1.3041460326223546,1.2258122476101965,1.4315954711083536,1.4260688236957195,1.5315102755540198
2023-08-22,1.2772753492494195,1.0292487390183986,0.9691904075266483,1.2662268661599658,1.1174034449541865,1.296988015843869,1.2190841785012305,1.4226513568201107,1.4179533513814526,1.5231043332940142
2023-08-23,1.2745662614323967,1.0290301032724603,0.9681195670965097,1.2644709180131761,1.117166083151893,1.2967125062109033,1.218825217407936,1.4209915407201823,1.4168195707695346,1.5227807914334048
2023-08-24,1.2703430914954283,1.0268262208867984,0.9676899507007297,1.2615520449108277,1.1147734392003823,1.2939353261822362,1.2162148492376526,1.41711569698426,1.4136670881377833,1.519519439065975
2023-08-25,1.2734539460013465,1.0346179562047633,0.9750329497519254,1.2705483042882801,1.1232325332525825,1.3031625141202547,1.2254436982894954,1.4242274945812476,1.4240711673859165,1.5310498159095653
2023-08-28,1.2759146460530721,1.0366394919596607,0.9764125800164547,1.2724964633665086,1.1254272126638731,1.3058978139069657,1.2278380876743398,1.426994910878615,1.4265541902697045,1.5340413278264315
2023-08-29,1.2751449930077057,1.0374685783931694,0.9756173679291428,1.2763376239267965,1.1263273099890845,1.3051100745134883,1.2288200914557237,1.4271351602765272,1.429277756793655,1.535268227692014
2023-08-30,1.285904853773535,1.0471725415228172,0.9830014092529477,1.2866821024128727,1.1368624133316625,1.3170999042329912,1.2403138611069697,1.439830703237028,1.4417541469558348,1.5496283602164296
2023-08-31,1.287640616419303,1.0487605830881819,0.9843283014580059,1.288324270694501,1.1385864699650097,1.3190972917796682,1.2421948022961566,1.4418942266648676,1.4437674019855946,1.5519783781450058
2023-09-01,1.2958561167765912,1.0554519633034398,0.9906085860414519,1.296329412241822,1.1458509639795065,1.3275134943549252,1.2501203458926802,1.451093907370248,1.452858720113204,1.5618804259350252
2023-09-04,1.2879345455671485,1.0489999831976147,0.9845529936393167,1.2884049477761896,1.1388463745894815,1.3193984015287348,1.2424783575483298,1.4422233672153617,1.4439773916542509,1.5523326475555432
2023-09-05,1.2913332791470455,1.0517681917843602,0.9871511329098156,1.291804922701611,1.1418516790352573,1.3228801651540467,1.2457571366839848,1.446029253938983,1.447787907077196,1.5564291019247318
2023-09-06,1.3051378870550439,1.063011801572902,0.9977039735713352,1.3056145725723995,1.1540582991020638,1.3370220155067938,1.2590745266236851,1.4614875923838098,1.4632650458715617,1.5730676365583787
2023-09-07,1.3041780238079694,1.0622300098789694,0.9969702124988924,1.3046543587471118,1.153209547290262,1.3360387030875136,1.2581485406605002,1.4604127417953023,1.4621888880554477,1.5719107244616026
2023-09-08,1.2952363939788658,1.0549472100093855,0.9901348430722714,1.2957094630979875,1.1453029787857951,1.3268786319144976,1.2495224955077338,1.4503999445418174,1.452163913290848,1.5611334811973017
2023-09-11,1.3023309032259436,1.060725562726606,0.9955581934604205,1.3028065635270734,1.1515762448949578,1.334146457901806,1.2563666121029906,1.4583443443952708,1.460117975081427,1.569684411336204
2023-09-12,1.3120432229311658,1.0686360759142939,1.0029827116347876,1.3125224305372887,1.160164290089658,1.344096046674241,1.2657361465074077,1.4692201567391112,1.4710070145307752,1.5813905582159542
2023-09-13,1.3098276992934121,1.0668315709673797,1.0012890693316623,1.3103060977068497,1.1582052300804695,1.3418263984562766,1.263598817261896,1.4667392232382714,1.4685230637317204,1.5787202131381293
2023-09-14,1.3228425844631029,1.0774319655070825,1.011238211700577,1.32332573640284,1.1697135437926962,1.3551592333802815,1.2761543568310258,1.4813132336784427,1.4831147990063838,1.594406904067132
2023-09-15,1.3302729585256632,1.0834838741957693,1.0169183117121285,1.3307588243178898,1.1762837958230616,1.3627711292601188,1.2833224842742992,1.489633733456214,1.4914454181320214,1.6033626481929197
2023-09-18,1.322136328745313,1.0768567326750687,1.0106983192164298,1.322619222733859,1.169089042519315,1.3544357240464184,1.2754730276072164,1.4805223716715714,1.4823229751573181,1.5935556621992732
2023-09-19,1.315390274080809,1.0713621900726737,1.0055413426153657,1.3158707041560858,1.1631238947376241,1.3475248652829768,1.2689650672855268,1.4729681697075456,1.4747595858127782,1.5854247203482705
2023-09-20,1.3101721420364099,1.0715496625351362,1.005717297407643,1.310650666253311,1.1633274241347933,1.3477606621097313,1.2691871173150566,1.4701754229680284,1.4719634425494326,1.58570214611439
2023-09-21,1.3090659741339805,1.0661354237875624,1.0006356910658079,1.3038098756756655,1.1574494581980914,1.340950806949135,1.2627742721537496,1.4658406030285462,1.4644033620886339,1.5776900396280777
2023-09-22,1.316367503723475,1.071695689816837,1.00585435327004,1.3106474852243977,1.163485958589531,1.3479443305226406,1.2693600779823886,1.473751019480472,1.4720619552353236,1.5859182404141507
2023-09-25,1.315528899433352,1.0672813477706913,1.001711213378624,1.3098125249258192,1.1586935300709653,1.342392113236867,1.264131551249306,1.4702463768785698,1.4685613293000312,1.5793858024871061
2023-09-26,1.308035956910064,1.061657831592491,0.9964331868993964,1.3023521415242993,1.15258836218291,1.3353190356626696,1.257470829364985,1.4621859169866944,1.4605101074914024,1.5710640027756637
2023-09-27,1.3133531685092246,1.0678223982768107,1.0022190235826682,1.307646248216491,1.1592809213171367,1.3441087484739835,1.2647723935323965,1.4694029612865795,1.4677188803456216,1.5801864606168285
2023-09-28,1.3165378822142402,1.069345241601349,1.0050120245301666,1.3108171233686288,1.1625116250210845,1.346249627528384,1.2682970826576117,1.4732319970766787,1.471543527682474,1.5845901510057316
2023-10-09,1.29447279483563,1.0364484064386243,0.9748914603598816,1.2888479155279384,1.1265549110248536,1.3048342357898282,1.2302857726108163,1.4388097211259077,1.4371607030601679,1.5370994263556637
2023-10-10,1.3037458769356716,1.0312657958067677,0.9654845199866713,1.298080703256533,1.1209217358248362,1.2983096005632166,1.2184144768045255,1.4370215535619177,1.435374584912841,1.522267618673108
2023-10-11,1.306166272274107,1.031232210653098,0.967761369699308,1.2982267885505614,1.1208852308530797,1.2983108184309238,1.2212877974989091,1.4400498888699746,1.4371478360167527,1.525857499731149
2023-10-12,1.3011109675512367,1.0253289851645464,0.964604565867142,1.2929858411803932,1.1144687921536696,1.2940111136932602,1.2173039993023351,1.4349144528420696,1.431902986829228,1.5208802057893716
2023-10-13,1.2943182950671392,1.0290096884165985,0.9667027514806119,1.2919681435971253,1.1193155217788626,1.300532620318587,1.2199518508976253,1.4327294410211702,1.4328967889993567,1.5241883893503
2023-10-16,1.2815537925204477,1.0344120059446147,0.9770019299371714,1.277772956052151,1.1303425234019646,1.3092933891825547,1.2329491262250831,1.4332967837248483,1.4326579728678568,1.5404269778919089
2023-10-17,1.2831514014066479,1.0316357033177974,0.9722674259907509,1.2810302562697993,1.1291060554571508,1.3101061851605869,1.2269743145845127,1.4307173276572196,1.4310127439932807,1.5329621435015912
2023-10-18,1.2720241082090917,1.032760708150365,0.9805367362104438,1.2786290803340215,1.1339662465346265,1.315963834963151,1.2374099529363327,1.4305981012132483,1.4357571027267106,1.5460002636533001
2023-10-19,1.2698798356092014,1.0332462778140545,0.982189643606674,1.2802220441274808,1.138614952562449,1.3213586419344205,1.2394958758679733,1.4305981012132483,1.4378616026405573,1.5486063825022915
2023-10-20,1.2652059771700164,1.0346943143016134,0.9858046434089577,1.2881611270148092,1.144969879491914,1.3287335122522683,1.2440579045712492,1.4305981012132483,1.4449659937746406,1.5543061084187693
2023-10-23,1.2743218693545093,1.0285951796335993,0.9780687942920769,1.2913625561667703,1.1382207117528853,1.3271078685401465,1.2342954792197656,1.4301387520131612,1.4410920595958927,1.5421090898547316
2023-10-24,1.2712213538884367,1.02061131114147,0.9799005673202641,1.2880053524086905,1.1293859391838657,1.3170281545348932,1.2366071255792475,1.4297381529229227,1.4405683013473032,1.5449972239551173
2023-10-25,1.2689406382659993,1.018266793722246,0.980778799398162,1.285694524384888,1.1267915479807329,1.3140027173128992,1.237715429913034,1.4290962951663033,1.4399215815711892,1.5463819217169028
2023-10-26,1.2677213802512433,1.021211572570126,0.9836113238801568,1.2832322623517147,1.1300501752254988,1.3178027503021468,1.2412899966340138,1.4304733643793819,1.4406220414129736,1.5508479283786138
2023-10-27,1.2664001978800867,1.0210893185737258,0.9850069366029355,1.279756194552864,1.1299148916527653,1.3176449899936866,1.2430512208797113,1.4307427905529568,1.4396928606973005,1.5530483738669822
2023-10-30,1.2572527480136149,1.0229700955410004,0.9926983625196651,1.2702989790791421,1.1360716285435648,1.3248246400529977,1.2527575853943307,1.4311615036903995,1.4399942187068715,1.565175350915379
2023-10-31,1.265055405088645,1.016333842547902,0.9868828087516877,1.2701390109527926,1.129472399298735,1.3171289795952876,1.2454185190966787,1.4314103736429173,1.4356855697610615,1.5560060385106944
2023-11-01,1.2651869757106404,1.0165565003567614,0.9855047014975409,1.26984773061901,1.128062978032962,1.3154853895485012,1.2436793862630784,1.4304853815311807,1.4345185340453108,1.553833193680334
2023-11-02,1.2634730152382652,1.0193865460942722,0.9874309748911865,1.2713228211380163,1.1295413400731174,1.3178373976069808,1.2461102894422755,1.4309144533053888,1.4367536816628002,1.5568703253496214
2023-11-03,1.2569134763074215,1.0200781107018966,0.9936465914124444,1.2689636110449745,1.1301193781834031,1.3261328350696349,1.2539542237519323,1.4317036470238187,1.4399425725208606,1.5666704117979584
2023-11-06,1.2645652706999024,1.0223134885500074,0.9916253218378768,1.2769002577661481,1.1325958981647737,1.323435224093532,1.251403438047764,1.4346054037732032,1.4429810230225617,1.5634835008136
2023-11-07,1.2703143885337311,1.0160082087691626,0.9821488544685979,1.2843562218433895,1.1256104342180004,1.3107878153996595,1.2394444011158676,1.4310115878252605,1.4402989631262102,1.5485420707678188
2023-11-08,1.2771647631460294,1.0128265142881239,0.9797352915723626,1.2910682599294911,1.1220855133803138,1.3075666449816603,1.2462056808974906,1.4331117618626557,1.4422927425410925,1.5447366357074819
2023-11-09,1.2782917489837853,1.0081844332066643,0.9722211026051373,1.2922075143831862,1.1153427695967606,1.2975381169270421,1.24573617882063,1.428248354395362,1.4373981785016618,1.5328891059868026
2023-11-10,1.272645539551314,1.0030626429889649,0.9706925276069925,1.2864998390718023,1.1130353491836065,1.2954980621294658,1.242380847833895,1.4239712888133564,1.4330937126445948,1.5304790205072123
2023-11-13,1.272864668288499,1.0033348197411076,0.968164781044701,1.284301004144118,1.1102473035440652,1.2921245008009616,1.2404644828255003,1.4222398241017913,1.430003084257153,1.5264935534589765
2023-11-14,1.2711224288727727,1.0006179484977396,0.9761598026325681,1.2877080583520046,1.11792891328128,1.3027947539235432,1.2437552454444714,1.4271388425675822,1.4378042953420893,1.5390992060840134
2023-11-15,1.27380882706462,1.0012992523651938,0.980514456859331,1.2942306451302643,1.1213145411642735,1.3086065284572597,1.250055199433817,1.4318301417990682,1.444652754003866,1.545965136073249
2023-11-16,1.2730721325131822,1.0003261619742196,0.9792293958371308,1.3022210368214526,1.119403724161044,1.3068914703759096,1.2577728583508467,1.4304778221050705,1.4481656119089756,1.54393899609729
2023-11-17,1.2767274864310083,1.0040141411168617,0.9678711038409913,1.306177122413348,1.1224312848749491,1.2917325556303982,1.261593912489969,1.4242352677373342,1.4419665491229265,1.5260305162084609
2023-11-20,1.2651686636067458,0.9947021706719611,0.9708485656415939,1.294351677989585,1.1122693791494396,1.2957063123896622,1.250172101128013,1.4199788145998817,1.4376571044818969,1.5307250437654185
2023-11-21,1.2606937381549495,1.0003067532439536,0.9673124164242457,1.2897735316648895,1.105562062157264,1.2909869246039452,1.2450503361288643,1.4148815541409443,1.4324963847325316,1.5251496406005498
2023-11-22,1.2547605930677237,0.9983230308999722,0.9641830514496331,1.2837035296799262,1.0994802873686476,1.286810436019758,1.2384087349078083,1.4092635072204562,1.4268083948938746,1.5202156091694417
2023-11-23,1.2569902130495445,0.999900313598701,0.9582365444655417,1.2859845791935314,1.1002623040094117,1.2788741554208733,1.2392895658330116,1.4061698384181276,1.4236762108874286,1.510839824432654
2023-11-24,1.2563921170356798,0.9994006183685137,0.9609198978254592,1.2853726871972992,1.0994928292832953,1.2824553914754575,1.2394780117344166,1.4078041507019345,1.425330869845435,1.5150706348130383
2023-11-27,1.2572210214156503,1.005110686791393,0.9551142370395924,1.2862207115010702,1.1122308419117677,1.274707085927033,1.2405555549359433,1.404015732710357,1.4214952872407232,1.5059169205520917
2023-11-28,1.257977714749315,1.0069932183546102,0.9547067944924079,1.2846260154301674,1.1124214040298066,1.27123166150947,1.23739031302922,1.4025242666585143,1.4186762628983962,1.5018111142109418
2023-11-29,1.259834263846594,1.002826677496867,0.9567126570329156,1.2863077882956826,1.1090597864135976,1.2717966171968877,1.2325966901465246,1.403870855688541,1.4199201367315606,1.5024785430959282
2023-11-30,1.2497715493728128,0.9942802782570175,0.9566577126563847,1.2760336209941043,1.1012946154609773,1.2827642663384435,1.2355571773360041,1.404317576233015,1.420371964258302,1.5154355342378862
2023-12-01,1.2625181900313487,1.0016500373509116,0.9525445264938177,1.28904811315724,1.110438308289329,1.2705586166167746,1.237566389078241,1.4047978959356255,1.4208577750542468,1.5010159906069462
2023-12-04,1.2675092532909478,1.007250627974409,0.9508101218391098,1.294144056113337,1.119478731152625,1.2668987618765637,1.245949287068732,1.405551395879808,1.4216198891329281,1.4966923014701292
2023-12-05,1.262553793304424,1.007009153251692,0.945971525595262,1.2890844645796133,1.1159784677862226,1.2616487799252336,1.2393596887201979,1.3998915441020412,1.415895333004704,1.490490063528264
2023-12-06,1.2594912218238956,1.0065158558849805,0.9462350087982447,1.2865749413721987,1.1122636661472136,1.2648236671341087,1.2432227124274566,1.3999550732731156,1.4162986581234942,1.4942408204052546
2023-12-07,1.267225908099124,1.014914307400702,0.9400758289481919,1.2942615228524983,1.1221997224621434,1.2542362186338456,1.2468016799597397,1.3983944231741592,1.4146017635393173,1.4817329917299125
2023-12-08,1.259314952991236,1.008866401082378,0.9376668369653625,1.2861817915751355,1.1123115752087425,1.2655695160897973,1.2478990140977206,1.4003474770891444,1.4165774532779494,1.4951219534709979
2023-12-11,1.257510441466783,1.0056898668325187,0.9344637811395583,1.284338781722893,1.1088093316893084,1.266358427603898,1.2429132929966837,1.399780640060786,1.4160040466291048,1.496053959898999
2023-12-12,1.2517280241724218,1.007930973359815,0.9365732164430884,1.2784329995215218,1.1046840388182306,1.2695482422131426,1.2458368997303129,1.398325275575264,1.4145318145222727,1.4998223517487959
2023-12-13,1.2712829086163429,1.0239062847034317,0.9479902554393487,1.2989900622896822,1.123886337365651,1.2466876617264926,1.2234032861246775,1.3966580863193576,1.4131689330736246,1.472815257061272
2023-12-14,1.272972240083302,1.0179818740356525,0.949926821897502,1.294087675571689,1.1232251758728462,1.253782710812491,1.2235100123876688,1.4015603282072575,1.4145235412530937,1.48119722542774
2023-12-15,1.2630242730917691,1.0073894475495044,0.9435669872776395,1.2837590153323406,1.113706398507924,1.265566297069217,1.2239740433040593,1.4026701342286,1.4155257350523303,1.4951181505757187
2023-12-18,1.2586878061474895,1.001000645624877,0.9405933954545693,1.2793513577338194,1.1095113640177345,1.269537563779121,1.2237095045175033,1.4024629156637418,1.4153166173102611,1.4998097364313983
2023-12-19,1.2559948710273943,0.9992543664742093,0.9402789128703908,1.2782051148856635,1.10786850854773,1.2720968718883474,1.2259724745492897,1.402376284888629,1.4161091811932491,1.5028332587991173
2023-12-20,1.2529460208895713,0.9933012432342065,0.935834915018764,1.275315384935588,1.102428968337561,1.2806059210041703,1.234172997820054,1.405364437593058,1.4192446047510872,1.5128857023626576
2023-12-21,1.2537327257454716,0.9913572467918484,0.933593364000324,1.272260696064659,1.0996046460976372,1.2831398346391645,1.2366150354022836,1.4071960261877576,1.4189490055114737,1.5158792241374113
2023-12-22,1.2590189599159078,0.9883225977516796,0.9335206704858845,1.2774130080533856,1.102569011214066,1.285554268429618,1.2389419253067637,1.4114866070528058,1.4231571757956165,1.5187315944887947
2023-12-25,1.2616984652956413,0.9947761897461637,0.9387234039977463,1.2801316605409139,1.1060962027987802,1.281371879620957,1.2349111838824336,1.4106925573721516,1.4223565606885977,1.513790592634467
2023-12-26,1.2621436587206705,0.9929249072836038,0.9390231903191837,1.2805833581644905,1.1071109813065745,1.2850689220502143,1.2384741768868752,1.412976521203195,1.4246594089757623,1.5181582146644086
2023-12-27,1.2586008213571498,0.9881702194800246,0.93468311838325,1.2769887605629728,1.0991195599912893,1.2969844381692528,1.2499576535817787,1.41754416405178,1.4292648183816712,1.5322349994715798
2023-12-28,1.2661079731767702,0.9926798710793039,0.9389486741918984,1.276617079456963,1.1045711842024382,1.296309036799549,1.2493067412913486,1.4214026718215067,1.428684674027051,1.5314370919663733
2023-12-29,1.272965248315231,0.9964106966368933,0.9424775598004392,1.2833185026869582,1.1138728173371812,1.280745755409156,1.2343077620312521,1.41671928164206,1.4238582332684933,1.5130509003119499
2024-01-02,1.275956150011012,0.9982500319004122,0.9442173365979658,1.2863337299219464,1.1161146285613992,1.2856054542948336,1.238991255246352,1.421071431875402,1.4282323143037872,1.5187920645853155
2024-01-03,1.27463084756992,1.0007971541487373,0.94662658969934,1.2849976485587196,1.1189624926347694,1.2706874315140413,1.2246141384495772,1.4120884394588615,1.4192040559343135,1.5011681703002697
2024-01-04,1.2629781863200356,0.9906263084669947,0.9370062656185271,1.2732502141277233,1.1075907628201234,1.2778061060009969,1.2314747000696435,1.409589208174356,1.41669223084137,1.5095780493071103
2024-01-05,1.2694941888631754,0.9955131611618975,0.9416286056019713,1.2739996413939452,1.1132542936094112,1.2717136464957794,1.225603144356583,1.4098650153980616,1.4137318312677623,1.5023805229436218
2024-01-08,1.2678269119333294,1.0011799308486269,0.9469886476853474,1.272114114001523,1.1194057399589488,1.2617773801556895,1.216027152699078,1.4034313581932065,1.4071627175807624,1.490641989617927
2024-01-09,1.2668266083179711,1.0039722550440637,0.949629830585902,1.2630372892343322,1.1225277998763392,1.253650733373207,1.2081951664047335,1.3983582169313087,1.3976109935876784,1.4810413095619355
2024-01-10,1.2606158384524317,0.9972931209724836,0.9433122207864392,1.2542136587543196,1.1150599504046217,1.25913255436426,1.213478224475194,1.3979876979184287,1.3957847666309249,1.4875174381384553
2024-01-11,1.2633305089139604,1.0000194845427006,0.9458910133400116,1.2546220824970205,1.118108260639056,1.2595897189939573,1.2139188129749634,1.3997467347270462,1.3965260759413103,1.4880575245308036
2024-01-12,1.2636120333808474,0.9976844400190641,0.9436823587439798,1.2513788856342014,1.1154974789381056,1.2622673951478796,1.2164994004545888,1.4013905098794759,1.3962636451768509,1.4912208848607713
2024-01-15,1.2669405656943322,1.0011182726014254,0.9469303268397764,1.2437201403580227,1.1193368007066664,1.2555614939809554,1.2086691780172685,1.3987260859482427,1.3874972533783942,1.481622366992802
2024-01-16,1.2666916994886428,0.9980735951759202,0.9440504499375564,1.2438489215553308,1.1159325880557547,1.252119622695713,1.2112719376031036,1.400094724435101,1.3890630125122894,1.4848129065452411
2024-01-17,1.2677463227197376,0.9998708378049939,0.9457504124661963,1.242903610183673,1.1179420607320385,1.2519619514515505,1.2060175905870503,1.3976408520610495,1.3855223849846332,1.47837197282697
2024-01-18,1.2686267789772998,0.9989642293878984,0.944892876420545,1.2465386392850266,1.1186649154074593,1.252903086873947,1.206466519386903,1.3983863157807417,1.3878063267673493,1.478922283005426
2024-01-19,1.270242461245856,0.9942771860252889,0.9404595306064335,1.2525757308387966,1.1168618278468705,1.255762416836571,1.210023723593723,1.4013383206076118,1.3932128958253367,1.4832828089563161
2024-01-22,1.2720857635228822,0.9953405445756132,0.9414653323055573,1.2541846335582496,1.119065484482589,1.2542946300664546,1.2090766869133502,1.4018067056616847,1.3935624639527253,1.482121903430203
2024-01-23,1.2690288764670226,0.9905485786005769,0.9369327430689679,1.2511707638319154,1.1174748899950955,1.258838273668934,1.2159059255233915,1.4040813177543185,1.395823698700387,1.4904933857664748
2024-01-24,1.2643696484967024,0.9918698384062132,0.9381824864947276,1.245662946716109,1.1148487133369998,1.2625787982104952,1.2230469496877974,1.4056268716565328,1.3968502408505232,1.4992470640414317
2024-01-25,1.2651753515437913,0.991814960619707,0.9381305791010311,1.2487054540318834,1.1137381464417158,1.2636003307198822,1.2211168976813354,1.4049656425149053,1.3974539677459805,1.4968811493029386
2024-01-26,1.2602411934614668,0.9911027775467938,0.9374569446579688,1.255470333283121,1.112894097098855,1.2762875289061613,1.227638958175071,1.4059779778077037,1.4049712747657588,1.504876083634143
2024-01-29,1.2665935412446243,0.9919844996496471,0.9382909414212754,1.2620078782147781,1.1129121955438481,1.2824342584341013,1.2333467847842687,1.4086210735849494,1.4077295589831116,1.5029486622178678
2024-01-30,1.262569745448886,0.9960320014121318,0.9421193623698562,1.257998650448182,1.1169232301013723,1.2792209429528971,1.2302564647221084,1.403982594087603,1.4030940151739213,1.4978251403563532
2024-01-31,1.2570974221455657,0.9963251668744594,0.9423966595430848,1.2525461395233732,1.113039298520448,1.2757539241256182,1.2269221522649285,1.403011529381137,1.402123565053153,1.5022451831899357
2024-02-01,1.2473789801624589,0.998025448552238,0.9440049093662299,1.2428628828610961,1.1114905630185163,1.2707435339975905,1.216140526723183,1.3944697291099055,1.3935871708771523,1.4955669206147097
2024-02-02,1.243042893481428,1.003659499148612,0.9493340033590837,1.2395666197846573,1.1193441688837844,1.2777053414124728,1.2066306814491863,1.3867100737994256,1.3869807491104797,1.4841213079444142
2024-02-05,1.2391237848235588,1.004331995303595,0.9499700990345543,1.2397708657928694,1.119994998988718,1.2789070285034634,1.2029239216822742,1.3822065341622687,1.384834849609221,1.4791607038193384
2024-02-06,1.2386590880224806,1.000815057558508,0.9466435240437927,1.2351236332037985,1.1153785579741926,1.2774140774124974,1.2028177261391422,1.3828094322374882,1.383103065205689,1.4810057954859217
2024-02-07,1.2418831665577659,1.0018241811084028,0.9475980263429472,1.2360035846872395,1.1165674849230733,1.2792917293517607,1.2069056633649702,1.3854234746631628,1.3844103273903674,1.4827502607749545
2024-02-08,1.244436060016499,0.9970804392181104,0.9431110509459788,1.2394267417850244,1.111840334541144,1.2752279337563333,1.2104612599171654,1.3903295212193898,1.3898069330527345,1.4902036239347978
2024-02-19,1.2535746345636631,0.9857961559236625,0.932437556753931,1.248321959045283,1.1053723003243265,1.2627329744313442,1.216586094701163,1.4017649589671428,1.401122255276877,1.5037740450035368
2024-02-20,1.254761293371918,0.9863518883144098,0.9329632087860714,1.2495036455658903,1.1040851040952253,1.2616018026730773,1.2135660679279021,1.4008053867070867,1.4001631229769074,1.5002917381369338
2024-02-21,1.2527518781001754,0.9890937370603348,0.9399355596295229,1.2472943994536045,1.1073150531486782,1.2653190546842668,1.216939523832297,1.3998185973405322,1.399060105789127,1.5005806098760786
2024-02-22,1.2593263178521985,0.9889736431963383,0.9369281920248791,1.2507617135696965,1.1034030420403718,1.2646256071091786,1.2202213097388144,1.4044463015762478,1.4019587713545256,1.5026271984269288
2024-02-23,1.2575587469786678,0.9907838191981543,0.9372922420716194,1.251070318708317,1.1026696823691675,1.2621483815826269,1.2195903825279815,1.403645764368374,1.402316491108072,1.5030232616082504
2024-02-26,1.2532642315159905,0.9895597409902503,0.9414647737450123,1.2433348135970854,1.1009398165916238,1.263788668009623,1.2130862636049784,1.3976231898903384,1.3943587105346655,1.4952580889288676
2024-02-27,1.2555211887613802,0.9876577574180071,0.935054206776898,1.2462486991749173,1.092295365436549,1.2607848701332083,1.2159292585324333,1.4039089829810099,1.4010082100924233,1.5060151435818028
2024-02-28,1.257484573286543,0.988637243815719,0.9335485099612989,1.2472050837495496,1.0925874568943312,1.258471842523618,1.215188784680244,1.4046962174441062,1.4012359437085318,1.5053490164067822
2024-02-29,1.2565689087377714,0.9902850245939847,0.9355147341096266,1.249283824537855,1.094408493499321,1.2611224147224458,1.217011631820756,1.405432926517548,1.4036487416064087,1.5080241639837504
2024-03-01,1.2511906203362841,0.9885224484865629,0.9337981834046697,1.2468520509192875,1.0904953236387573,1.2565437734611387,1.2211856760333502,1.4049524634170116,1.404806668544991,1.513447645446859
2024-03-04,1.2619084968239656,0.9923002004503698,0.9307419328153382,1.2571842574677101,1.0947858296048316,1.2522217770861288,1.2332452070246311,1.417907112818828,1.4175636462561954,1.5283933405546104
2024-03-05,1.2571439208231032,0.9951916542510071,0.9378646367146208,1.2598375242409179,1.0919246455999747,1.2618046750086913,1.2292369079194072,1.4129260795374012,1.4167558328169958,1.52342574966151
2024-03-06,1.2556316386011923,0.9951727395992757,0.9383591379835994,1.25874194758817,1.0947846296302337,1.262469977855785,1.2314109392144166,1.4133256914927657,1.4173926538975494,1.5261200840359905
2024-03-07,1.2636489444506616,0.9996174855101397,0.9404450415068515,1.266779113002872,1.0976808103204516,1.2678981433446737,1.2370313526286243,1.4210631437500527,1.4251523713182228,1.5330856107491768
2024-03-08,1.2735273572079961,0.9980025122376541,0.9366255402505946,1.2766819954494304,1.0957817996559363,1.2625374154454936,1.2465601328284854,1.432090815900772,1.4362117765141411,1.5448948795937836
2024-03-11,1.2694057990791077,0.9968299571026213,0.9402754370000624,1.272550227861896,1.0922365712721671,1.2674573445000474,1.2399573877953824,1.4259807253925247,1.4300841037114969,1.5367119233734858
2024-03-12,1.2750894802310928,1.0002593563296431,0.9367101203313564,1.2782479879873816,1.0961200030835967,1.2626514263409627,1.2456520349445395,1.4324475833253305,1.436569570566682,1.5437694499140338
2024-03-13,1.2761793061687245,1.0017347917460369,0.9377904304833542,1.2793405135188305,1.0984940884542953,1.2641076454259323,1.2475772546198882,1.4341667046393836,1.4382936387955163,1.5461554254800827
2024-03-14,1.2819849596079431,1.0013112718523731,0.9325206103643627,1.2851605480675339,1.1040882279197528,1.2570041181495846,1.2601336024534264,1.4446460397639183,1.4488031290797818,1.561716838815528
2024-03-15,1.2936141348455035,1.007737310278398,0.9322578735345475,1.2996549039554703,1.1137946088852764,1.25664995838797,1.2745557205771416,1.4594653184497537,1.4652638197290544,1.5795905505246206
2024-03-18,1.28475734454258,1.0034908035488588,0.9345483389671645,1.2906108904934608,1.1089761820377584,1.2597374231037943,1.2656863668280052,1.4493911197704286,1.4550673701402494,1.5685985262880873
2024-03-19,1.2877495249847093,1.0036771420969557,0.9314427585867651,1.2952105871951411,1.1105516757330391,1.2555512128645576,1.270197233309718,1.4536617170062682,1.4602531845731324,1.574188962197759
2024-03-20,1.2928731082193508,1.0039045312486312,0.9298896864665026,1.3001479874090707,1.1084430450914478,1.2534577277133925,1.2725514567265759,1.457900698081967,1.464389699072225,1.5771066134255989
2024-03-21,1.3073924139432007,1.0090376312239446,0.9365414769118484,1.3073604835027517,1.107996321622799,1.2624241010996071,1.2798229545648423,1.470252304417292,1.4726353490787434,1.5861183726512251
2024-03-22,1.294960174573746,0.9992743304336799,0.9369075912985124,1.2947106543519196,1.1063838020659422,1.2629176100758543,1.2692643770326517,1.4571970394565705,1.459436204001803,1.5730328487878371
2024-03-25,1.291818206381679,0.9968497862484464,0.9401480250209319,1.2915692915719847,1.1117817464923994,1.2672855977518378,1.2669084770977719,1.4540768750805615,1.4563112451050415,1.5701131198069553
2024-03-26,1.2944174902285706,0.998855560384755,0.9385310274315681,1.294168074574221,1.1123593559437501,1.2651059433760765,1.2687364942257944,1.4565887991967414,1.4588270291051417,1.5723786296901279
2024-03-27,1.290329795662544,0.9957012330697639,0.9389288924555104,1.290081167648212,1.112183855018892,1.2656422510651555,1.2689257430018301,1.454397522881492,1.456632385621211,1.5726131706941016
2024-03-28,1.292958412900357,0.9977296427319736,0.9404487125116313,1.292709278389247,1.1204141123609914,1.2676909136342798,1.2735167367824427,1.4585099650117046,1.4607511470303975,1.5783029104805184
2024-03-29,1.30660259470742,1.0082583685625237,0.9414605007896595,1.3063508311584924,1.1276628049691977,1.269054767706824,1.2866695088595157,1.4737372457071463,1.4760018263370978,1.59460348812552
2024-04-01,1.3092632601532836,1.0103115086776617,0.9403858382364177,1.3090109839323487,1.1316362463506722,1.267555536810604,1.295077571090539,1.4800529999956036,1.4823272855677805,1.6050238216063766
2024-04-02,1.3105227133268982,1.0097701584128498,0.9430624113371253,1.3102701944274302,1.136740714918793,1.2682850360116902,1.296539224522441,1.4816000830722258,1.483876745930027,1.6068352872895943
2024-04-03,1.318632262066013,1.016241623650652,0.9513808514578507,1.3183781805730073,1.1465165077308226,1.272581069949241,1.304562243068031,1.4907682630384083,1.4930590139453672,1.6167784259666222
2024-04-08,1.3322718011041477,1.0288866342921617,0.960329704192129,1.3320150914679194,1.1548940548884805,1.2846795559522888,1.318056246023885,1.5061883255573296,1.5085027713088037,1.6335019000475877
2024-04-09,1.3364145463530515,1.034030741901545,0.963975069663429,1.3361570384693298,1.1570950554686212,1.2852784096934042,1.3221547875125497,1.5108718702548047,1.5131935128554,1.6385813307087254
2024-04-10,1.3395345576527575,1.0365604285150303,0.9676822604421546,1.3392764485876816,1.1614155485990139,1.2933029878737037,1.325241507788273,1.5143991719595542,1.5167262346980606,1.6424067846303771
2024-04-11,1.3348555026841924,1.03442898688237,0.9689947888269469,1.3345982952057882,1.1571651021501057,1.2911528652486572,1.3206123790911897,1.5091093069616965,1.5114282411645061,1.6366697832352837
2024-04-12,1.3476953613059865,1.0461013950446545,0.9761947591335317,1.3474356797712876,1.163643701048364,1.2999740156181685,1.333315234349774,1.5236252977241862,1.5259665375527787,1.6524127670901252
2024-04-15,1.3462330773672786,1.0427490427731554,0.9699347783592517,1.345973677593687,1.162187177251914,1.295649422986435,1.3318685532166321,1.5219721253044844,1.524310824827978,1.650619856972003
2024-04-16,1.346732389693536,1.040361603114125,0.9650173805329535,1.3464728937096324,1.1626182277087598,1.2888647679329384,1.332362537799804,1.5225366185227547,1.5248761854603081,1.6512320651062462
2024-04-17,1.3419487192871484,1.0362085254040543,0.9704778952363585,1.3416901450478085,1.158488541326833,1.2838570250365433,1.3276299099284996,1.517128481449341,1.5194597381114392,1.6453667944523458
2024-04-18,1.3401399013741813,1.0399331100857026,0.9705216635044334,1.3348959518236239,1.1569270101033207,1.2895611321385543,1.325840392394517,1.5150835380516707,1.5145884943613568,1.6431489981323881
2024-04-19,1.3470276364615352,1.0452779130898469,0.9724908405677796,1.3373819573823367,1.1628731107699937,1.2859546609635173,1.3324336608384182,1.5228704071946686,1.5198909822090445,1.6515940679318784
2024-04-22,1.3377563466525344,1.038666151232344,0.9677896635370014,1.3286996345238393,1.1548693153546568,1.2911895988302413,1.3240055347428972,1.5123888309415328,1.50972685904223,1.6402265155252724
2024-04-23,1.3274852358684905,1.0312713506111435,0.95848337759653,1.3122624016445508,1.1460023862544642,1.2749258638056495,1.314579255722277,1.500776915759802,1.4945927677568718,1.627633080036035
2024-04-24,1.3414246338720917,1.0418696141583952,0.9651035114261493,1.3211821964812627,1.1580361045538818,1.2750882354058966,1.3280890438082529,1.516535981230467,1.507519403139348,1.6447242119698722
2024-04-25,1.3423492742108403,1.0456157856735018,0.9704676919208104,1.3218726867304222,1.158834335679925,1.2790569490389134,1.3287831437872017,1.5175813253429886,1.5084329055322734,1.6458579158799564
2024-04-26,1.3487464236726767,1.0507730803201174,0.9743922062855527,1.3281722522078983,1.1661181700187704,1.2839933023537524,1.335115641994997,1.5259668126023453,1.5167678426454965,1.6562029289982576
2024-04-29,1.3435447897646682,1.0467206233213198,0.9716894829761527,1.322679437702628,1.1614899024958265,1.2838253310377479,1.3295941122744563,1.5199960129019345,1.5106214659385824,1.649629538389342
2024-04-30,1.3484633018402088,1.050552507501694,0.9729434256627626,1.3273011183411934,1.1655483578110297,1.2849941003786869,1.33251966748236,1.5244505011994547,1.5149225961407307,1.6532592794077428
2024-05-06,1.3444205737780224,1.0474029237517457,0.9627750007734587,1.323321835055718,1.1620540135099815,1.2851593440916678,1.3283026522395405,1.517557874826769,1.5080730490872047,1.6432657530522987
2024-05-07,1.3493219266026553,1.0504941422277712,0.9654559928875541,1.3281462682283838,1.1654836037423963,1.2896304550828104,1.3322228949725365,1.5227363748683862,1.5132191831997843,1.6484898294544545
2024-05-08,1.3476894451765074,1.0455390440613184,0.9609020129767258,1.3265394062398963,1.1599861093387744,1.2880701915734059,1.3259389044590952,1.5168375635265274,1.507357239774844,1.6377123441618593
2024-05-09,1.3461979407346962,1.0476316046681053,0.9628251795105425,1.3250713088056354,1.1623077263559578,1.286644668490939,1.3285926623787416,1.5172557685157262,1.507772830958328,1.6404278828879393
2024-05-10,1.3512074949813258,1.0558315743510784,0.970361356585394,1.3300022453352898,1.1714052832413515,1.2914326094525959,1.3389917563961256,1.5258429173828332,1.5163063096412823,1.652891943994186
2024-05-13,1.3558748359131847,1.0540693081520833,0.96874174692315,1.3345963390937792,1.169450115403859,1.2958934759747422,1.333464034317431,1.525455807022834,1.5159216187437414,1.6463438385737506
2024-05-14,1.3551433751525035,1.0556210665355987,0.9701678895075355,1.3360473044415808,1.1711717327649247,1.295194373666335,1.3346575634082796,1.525727020818899,1.517424089014514,1.6478174135741313
2024-05-15,1.357700800962622,1.0549890138966804,0.9695870019199381,1.3350355775090867,1.17047049421656,1.2938820140103624,1.3358645134455034,1.527856564852009,1.5175356656342276,1.6493075585695056
2024-05-16,1.3619249808504226,1.0579267192997213,0.9722868982569983,1.3389667337354156,1.1737297674882878,1.2997223374152942,1.342813294516977,1.5342070895550586,1.5237168302892499,1.65788677976198
2024-05-17,1.3685117536068594,1.0661568282617901,0.9798507748176961,1.3448713752401058,1.1828607627663412,1.300882609633683,1.3551010320638281,1.544936652280995,1.5340480806164125,1.6730576733741387
2024-05-20,1.3774721809901338,1.07653590430265,0.9893896582454831,1.3425820529151382,1.1943759559134106,1.3104867136678118,1.3735363540861678,1.5605034030705918,1.5431772990439094,1.6958186013350776
2024-05-21,1.378963290144088,1.0717675430903295,0.9850072988170674,1.3438116299434897,1.1890856391126952,1.3048294377310403,1.3666798674851086,1.5574531240242049,1.5400322888144957,1.6873533302970811
2024-05-22,1.3862591944400877,1.0733558596380712,0.9864670401597158,1.3509215516607638,1.1908478163772156,1.2999725901108994,1.3671651377697582,1.5618497630008366,1.5443797493459421,1.68795246287405
2024-05-23,1.3675858128979501,1.057065928493597,0.9714957889980428,1.3327241801527272,1.1727747525762937,1.279810055147367,1.3454886497211827,1.5389488275441927,1.5217349714689932,1.6611898718912663
2024-05-24,1.3667112093827871,1.0543430324817455,0.9689933130993418,1.3358086604163537,1.1697538022168958,1.2765133925635543,1.344919280198846,1.5381311124660255,1.5231739607697574,1.6604869072961617
2024-05-27,1.3625608968524423,1.0557177403220617,0.9702567374913028,1.3307082382763367,1.171278988682407,1.272330038583822,1.3483382975815268,1.5377507771349685,1.5222021337768439,1.664708152156983
2024-05-28,1.3664208428569609,1.0608542099947333,0.974977406772951,1.334256165411373,1.1769777079269748,1.279244038736014,1.3529325293134808,1.5425487056029181,1.5268246988230152,1.6703803599632883
2024-05-29,1.365761676961252,1.0656713386413403,0.979404585881741,1.3336125158615462,1.1823221303554827,1.2909483745811776,1.3618192853144235,1.5472427665623878,1.5314709107608728,1.6813522764233744
2024-05-30,1.3606411046909854,1.052976798795918,0.9677376768738319,1.3286124786052695,1.1682380175059641,1.279003978602504,1.3509338380471718,1.538158474524784,1.5224792196693988,1.6679127020686504
2024-05-31,1.363339830008383,1.052052652306828,0.9668883406135595,1.3289005901252837,1.1648201252289148,1.2761668123378527,1.3472065916397673,1.537561982127825,1.520544024245529,1.6633109062948201
2024-06-03,1.351082535077679,1.0432053115256357,0.9587571975305468,1.3167314425028915,1.1548303185489153,1.2653829970373331,1.3298795438082762,1.5207625021801552,1.503803771363998,1.6419182944928452
2024-06-04,1.3618615053663172,1.0570927417061833,0.9588603201887544,1.323235047243601,1.1702037308983724,1.258769237798372,1.325372130894539,1.5242516528303975,1.5049691173377475,1.636353276399022
2024-06-05,1.3525018742583088,1.0508780434444398,0.952328936397507,1.3119010982213368,1.1633240477775122,1.2484070496570578,1.3177040320399696,1.5146044398995637,1.494170247057244,1.6268859589627054
2024-06-06,1.3572756193669724,1.0562134699833932,0.9608934024481769,1.309594271861523,1.1692303753829218,1.2529552657354686,1.3294046261752825,1.5240018770650223,1.4994903499713095,1.6413319436811347
2024-06-07,1.3563271289898682,1.0532301470842291,0.9620095664049899,1.3084608364175863,1.1659278311033712,1.2554935604759,1.3327624978798132,1.5253940733359763,1.5007351971024796,1.6454776958343265
2024-06-11,1.3392008228516146,1.0347645838905086,0.9526671629294674,1.291938936666829,1.1491204361872398,1.247423464995333,1.3241957310325725,1.5108610337396102,1.4864370924851904,1.6349008497758786
2024-06-12,1.333377659532298,1.0325827852350609,0.9547501315697344,1.286321279256213,1.1477282353294362,1.2512697973739888,1.328278784669829,1.5099055531176033,1.4854970577593054,1.639941938268156
2024-06-13,1.3351031805109972,1.0288950494774727,0.9509197471264625,1.2879859046808528,1.1419056441237994,1.2451304698266716,1.3217616142319628,1.5071783767013016,1.4828139677249372,1.6318955994699684
2024-06-14,1.3333069720998822,1.0300828882383655,0.9511261596276992,1.2862530864618895,1.1425215110249782,1.2397762349732564,1.321455739286193,1.505990128504237,1.4816449282462874,1.6315179549895906
2024-06-17,1.3413395423319778,1.024161113277112,0.9452375345540419,1.2875595752595355,1.1303831482497035,1.2266046197738463,1.3076365883398853,1.5026521209130745,1.4746502391819887,1.6144563219576804
2024-06-18,1.33814582624992,1.0200781175009488,0.9474881357032644,1.2842793154805447,1.1268452767408237,1.23502695689757,1.3120884782785704,1.5034211342809942,1.4752820344866133,1.6199527893403305
2024-06-19,1.3334117802740104,1.019939917077633,0.9508401264265912,1.2797358365815124,1.1346045507012363,1.2422675946553132,1.3213419883175224,1.5060632009001966,1.4778746503068574,1.6313775138516347
2024-06-20,1.329965167977889,1.0224062750760066,0.9547893498887973,1.2744205762650938,1.1369699823746429,1.247092341002974,1.3271265535005052,1.5074133778895238,1.4780404614423113,1.6385193512036311
2024-06-21,1.333041317747441,1.0200414952282415,0.9524264432935583,1.2771558504564398,1.134340221811374,1.2478642253807561,1.3220566169465149,1.506277330268946,1.4768033803997709,1.6322598206930132
2024-06-24,1.339237808240998,1.015299948702965,0.9478963882063004,1.2830925637306516,1.1287558679394576,1.2417118493201658,1.317256778226536,1.507043875611425,1.4775549264333294,1.6263337629221115
2024-06-25,1.3419182030270216,1.0132678938490716,0.948404545900006,1.2856605875697684,1.1248839251528724,1.2442214506535172,1.321362127933626,1.510900418475085,1.4813360067319308,1.6314023789638765
2024-06-26,1.3422381207644525,1.013026327432221,0.9472637304891193,1.285967093305626,1.1243924249189832,1.2408155005800696,1.3180073430120842,1.509162519993356,1.4796321144266866,1.627260437866719
2024-06-27,1.3465546795935155,1.0097684943621394,0.943199315525521,1.2901026878209503,1.119751659245886,1.2345674532906323,1.3117628652150886,1.5080141408948977,1.4785062061357606,1.6195507754524217
2024-06-28,1.3445846015791998,1.0112458370504378,0.949664170665555,1.2882152019431004,1.128651204590836,1.2445852911136124,1.3238373117506337,1.5138514352148014,1.4842292797097902,1.6344583321216635
2024-07-01,1.344945890224524,1.0109741162244457,0.9487036384876752,1.2885613441826065,1.1263179484659342,1.2432034632863205,1.3213211877183675,1.5126161852338,1.4830182003747148,1.6313518326653589
2024-07-02,1.3432936774545097,1.0122160578944566,0.9534506199147389,1.2854711987105383,1.1330833568921048,1.2473468897714277,1.3292579142077598,1.5162299758932665,1.4856939533304558,1.641150807679293
2024-07-03,1.3434544134078428,1.0120949380561253,0.9544894952568753,1.2854107705368247,1.1403610704621956,1.256829004279594,1.3377956429649052,1.5211900089689834,1.490430286288408,1.6516918022415763
2024-07-04,1.3433591648667442,1.0075706493732237,0.9530571048032213,1.2871949013034338,1.1336612887329147,1.2586143690924654,1.3299359053445958,1.5166674814673917,1.4870863898576878,1.641987880522663
2024-07-05,1.3397475120357754,1.0078231267763997,0.9567230192204847,1.28482130182668,1.1300251404389123,1.2564543993236097,1.3318091679836814,1.5156968236973571,1.4867625966082527,1.644300679611742
2024-07-08,1.3380519063503808,1.00752356848414,0.9541702004909951,1.281429089210983,1.1294543388655927,1.2560291445032523,1.3261740925355314,1.511531113499908,1.4816545526373879,1.637343407795477
2024-07-09,1.338160447182018,1.00597281693262,0.9531811720069321,1.2811058938520106,1.1354246014004912,1.2616777880969388,1.3228658378709313,1.50970709830576,1.4796196480639303,1.6332589146683074
2024-07-10,1.3355530033025367,1.0058843491606093,0.9453900459812371,1.2835986341865597,1.1370488628562043,1.2556248763464803,1.3102647173061386,1.5010457946517344,1.4740120004195765,1.6177011068331746
2024-07-11,1.3437384315584984,1.0061563872258334,0.9474754069766126,1.2872458736877401,1.1354272106029404,1.2635857737320637,1.3153779748121208,1.5085745371779136,1.4789822795769936,1.6240141229876177
2024-07-12,1.3446805040891447,1.007934505208501,0.9436880449358254,1.2937907535204154,1.1378171121864924,1.2610474422902813,1.3096759042220285,1.5058335733416657,1.4795365104528464,1.616974136500156
2024-07-15,1.347528516754236,1.0123871293253908,0.9415601149566607,1.2979536297490746,1.1466887779932422,1.2663028530221356,1.3022966291378597,1.5031859838265298,1.477748603301195,1.6078634115347235
2024-07-16,1.3509753867560583,1.0167973282706815,0.9422397635826896,1.3026330127917958,1.1536415017076012,1.2674279619635,1.2982946761507974,1.5027988558575966,1.478141835139552,1.6029224528939572
2024-07-17,1.3481952907821835,1.0185383093056637,0.9384030176967091,1.2997352923578147,1.1552208939240396,1.2622670685191921,1.2932372497347224,1.500643596638575,1.4758987596326156,1.6016233108622147
2024-07-18,1.3419003799906386,1.0155818441342412,0.9405051346279385,1.2941123109703114,1.1500195441703662,1.2650946734250037,1.2982031741033364,1.5001018084104514,1.4756189388106313,1.607945020895347
2024-07-19,1.3333357901041205,1.0079449715712114,0.9283729415733695,1.290383216675023,1.1426796209509031,1.2471257856998668,1.2799803939609598,1.4876784775289815,1.4659813260267356,1.591574719924041
2024-07-22,1.3420237735371678,1.0138225794605182,0.9210347938903871,1.2987913221889984,1.1502982817128138,1.2364142133585763,1.2708063087957235,1.4873179225948099,1.4656260296313877,1.580432587313883
2024-07-23,1.3488697321468954,1.0178349947083032,0.916742779505373,1.3054167425501773,1.1580650598259037,1.2292386808030162,1.2622258642431727,1.4860903285070992,1.4644163394760836,1.5697615557879676
2024-07-24,1.352081557513728,1.0197914208387673,0.9183200685734685,1.3085251009839731,1.1559921385872147,1.2307894358972404,1.2644852319529674,1.4891896518607555,1.4674704605300666,1.5725714083442301
2024-07-25,1.3592481280766575,1.021212703421392,0.9111858376922005,1.3154608049860381,1.16192669180376,1.2186096241045814,1.2521827163041204,1.483107129700587,1.4614766493426103,1.5513899720702908
2024-07-26,1.3489772040704537,1.013325883672426,0.9126455425244256,1.3055207523333487,1.1531467931923247,1.2248100714026624,1.2558212645573341,1.483863344944529,1.4622218355120826,1.5646948461650299
2024-07-29,1.3591376308805638,1.0209582020279748,0.9158870436912652,1.3153538673875822,1.1618322354356703,1.220244311280096,1.250930599564098,1.4855760342263622,1.4639095459564953,1.5565216167362272
2024-07-30,1.3731735220764674,1.0315016951324558,0.9161283419205826,1.3289376011811949,1.1738305426519182,1.215170793698964,1.2457294948910456,1.485920138147039,1.4642486312693128,1.5411684040395963
2024-07-31,1.3630080721808255,1.0238656035310953,0.9171723101876763,1.3190996248569693,1.1651408065220967,1.2214894598451227,1.2512028831640352,1.4877973014118382,1.4660984169143063,1.5564714180686394
2024-08-01,1.3583562781666627,1.0203712648085135,0.9220044468412412,1.3145976854596655,1.1611643113420174,1.2272882969245793,1.259974471215471,1.4898203358154956,1.4680919462302626,1.5660163090858816
2024-08-02,1.3676858055189696,1.0273794273779,0.9179910649884084,1.3236266679592557,1.1691394754262214,1.2214224759222767,1.2541624224792416,1.4911860262032897,1.4694377186104384,1.5581315968262577
2024-08-05,1.3909127183744006,1.0448270402235378,0.9090884383166938,1.3461053404334125,1.1889945478427002,1.2026926528904192,1.234930550879282,1.4850814217130697,1.4634221471542284,1.5189130806697653
2024-08-06,1.3986249883006578,1.050620349935936,0.9138260812896083,1.3579605263978678,1.195587231030275,1.2014099041181947,1.2316406557104989,1.4825352950479882,1.4633001953086322,1.5052828201057096
2024-08-07,1.3989431031471726,1.0522224564631106,0.9152195882111388,1.3584957189369071,1.19741039970082,1.2062942282663378,1.2393783089945454,1.4824117504400676,1.4633001953086322,1.5046895656488943
2024-08-08,1.3978378727854828,1.05141638202884,0.9145184673528362,1.3574224438970452,1.1964931013628117,1.2013711099634146,1.23486605365008,1.4824117504400676,1.4633001953086322,1.5058783406527751
2024-08-09,1.388820782801622,1.047533035463152,0.9111407454434628,1.3486660633746452,1.1885754188207458,1.2025430322303374,1.239981547841512,1.4824117504400676,1.4633001953086322,1.5155923717051423
2024-08-12,1.3816544190991558,1.0449923928319287,0.9089309029444196,1.3417068994256303,1.1854946020131127,1.2034871164859595,1.2411616876621125,1.4824117504400676,1.4633001953086322,1.5234128812300731
2024-08-13,1.3839845719847703,1.0493181070155353,0.9126933947345558,1.3439696810301534,1.190401920812458,1.2050996506914373,1.25106557665407,1.4824117504400676,1.4633001953086322,1.5208436534462577
2024-08-14,1.3906328767507792,1.0535971298583364,0.9164152745519648,1.3492262709762193,1.1952562704869896,1.2043697974425889,1.2511639925134161,1.4824117504400676,1.4626471972324069,1.5135379129674742
2024-08-15,1.3874022885594284,1.0503831062914,0.9136197275577294,1.34586700369223,1.191610112280019,1.2046041857681369,1.2560551454457214,1.4824117504400676,1.462525309965971,1.5170540226399414
2024-08-16,1.3804912424035385,1.0456201722474068,0.9094769433891868,1.3391628566262308,1.1862067881624176,1.2116499456552936,1.2606002881019895,1.4824117504400676,1.462525309965971,1.5246109010290707
2024-08-19,1.3895656313713538,1.0561522427223022,0.9186377032112544,1.3479655815396605,1.193806385167703,1.2188158323906015,1.2678455747483117,1.4824117504400676,1.462525309965971,1.514589169694925
2024-08-20,1.3927919600743088,1.05776539389985,0.9200408167328952,1.3497997831267523,1.1952552270937957,1.212948185407176,1.2704436441413602,1.483233149675746,1.462632868586108,1.5127510154371455
2024-08-21,1.3912339951097143,1.0540717514946794,0.9168280988705313,1.3482899088371159,1.1897215953440605,1.2123586992763504,1.2700379561419333,1.485837020414287,1.4652005747680878,1.5197545464476905
2024-08-22,1.400246836893527,1.06028036244167,0.9222283279944828,1.3570245456198389,1.1965309134538071,1.2201034365165029,1.2781511575081712,1.4855261765746008,1.464894048166372,1.509273229917801
2024-08-23,1.3978068068952307,1.0597667698696356,0.9217816068858443,1.3546598335472997,1.1959513220446594,1.215611818194487,1.273445845658743,1.4837813832163549,1.4631734878382676,1.5083578762680099
2024-08-26,1.3810504313034286,1.0447427487587873,0.908713763361039,1.3484546927581524,1.178996650110422,1.2102462012725874,1.2678249537948107,1.4869689352742754,1.471735653303461,1.5329201936095216
2024-08-27,1.374478635195655,1.0411236090674474,0.9055658477110343,1.342262747517262,1.174912435525118,1.2046888931579576,1.2620032508254102,1.485972262883192,1.470871835979709,1.5381597250298362
2024-08-28,1.3782244798984136,1.0458169419994272,0.9096480930641536,1.345920794775146,1.1802088817662917,1.2079720125847395,1.2654425681570292,1.4843049228270222,1.4692214394071226,1.5305160085247076
2024-08-29,1.3791333876232332,1.0517444749546387,0.9148038414869841,1.3468083989537167,1.1868981280002724,1.208768642676294,1.266277098773985,1.4805193602684898,1.465474345676126,1.5216998299172928
2024-08-30,1.3748533739805517,1.0458958083137444,0.9097166907216828,1.3422832278303258,1.1802978827385375,1.205017340352727,1.2623473242454257,1.481893756344796,1.4666468178718233,1.5292475348820567
2024-09-02,1.3863538700618105,1.0627789466115396,0.9244015881839159,1.3571886013830123,1.1993505763514867,1.2150971768377277,1.2729067196910941,1.4747244550444867,1.461560295221818,1.5016587574317994
2024-09-03,1.3754252223096015,1.0587721923200861,0.9209165266456805,1.3497406242225634,1.1948289370359217,1.2055185480928379,1.2628723774778008,1.4722068069629384,1.4608154975521936,1.5083690947006705
2024-09-04,1.385434590588203,1.0749538130578034,0.9349912464705578,1.336560195411448,1.2130899650888005,1.214291456222503,1.2720626660591186,1.4646116303882597,1.4408311539986602,1.4818287766396474
2024-09-05,1.3859081289156134,1.0790910197619545,0.9385897750828869,1.3367942685514582,1.2177588205087628,1.2147064982238176,1.272497454125866,1.4637055563739592,1.4398197223838245,1.4794888403869229
2024-09-06,1.3946373543411497,1.0711943559958204,0.9317212832388939,1.3452141473834562,1.2088474017519621,1.2142768820701932,1.2748007197301245,1.4744446697236149,1.450383586908637,1.49188001981552
2024-09-09,1.3957518949876542,1.080480850670496,0.9397986453783128,1.3462891908998549,1.2193272506197512,1.2190639732638184,1.2800388832002267,1.4667041719552143,1.442769404329717,1.4750237078143398
2024-09-10,1.4081648784249716,1.0892705916179672,0.9474439327802447,1.3582622825993846,1.2292465107866384,1.2327062151265142,1.298462791044068,1.469007016177537,1.4450346690302842,1.4665375413696164
2024-09-11,1.4110554841667655,1.0868413689081693,0.945331002957774,1.3610504509545955,1.2265051225926293,1.2319223990796888,1.2978535741542916,1.4733533958094642,1.4493101212124289,1.4722052576368658
2024-09-12,1.408010688608989,1.0780243694858032,0.9376620062251626,1.3581135569674512,1.2165551011205058,1.2308729182793017,1.2967479262589319,1.477357648970315,1.4532490299972622,1.4833842685874958
2024-09-13,1.4129996112488798,1.077472860779044,0.9371823057888198,1.3629256819937117,1.2159327211915247,1.2320067379816124,1.2979424267844437,1.4839545150734357,1.4597382435415003,1.4913758328183153
2024-09-18,1.4259237489847103,1.0742081600550688,0.9343426799721721,1.3753918136879864,1.212248492493357,1.2348617023282238,1.300950185782982,1.4927104195591863,1.4683512626770727,1.4953342056349028
2024-09-19,1.4171152761419905,1.066787799800906,0.9278884753365659,1.366895495811525,1.2038745842823029,1.2368091142190016,1.3030018210845924,1.4928726439540871,1.4685108397738549,1.5048964723281266
2024-09-20,1.4203555181533598,1.0693466820317614,0.9301141825786222,1.3700209100140575,1.2067622937991096,1.239637085181849,1.3059811420422094,1.495661067693865,1.4712537599447952,1.507077282396511
2024-09-23,1.4179392197196077,1.0769260859943808,0.9367067229021498,1.3676902404480473,1.2153156835138297,1.2387415715074614,1.305037701429492,1.4909960380879608,1.466664857755529,1.500239836745377
2024-09-24,1.421463087676448,1.0628725377525947,0.924482993446701,1.365318463486076,1.1994561943535402,1.2356047704014221,1.301733022068255,1.5022014754125808,1.4745932490990397,1.519061251389988
2024-09-25,1.4168212536873932,1.0620742519601856,0.9237886471231496,1.360632418517876,1.1985553254303538,1.2382086161314523,1.3044762228492381,1.5020487068696873,1.474320405443731,1.5237128291157982
2024-09-26,1.4327528440499062,1.0620235657880381,0.9237445604594258,1.3759321878214248,1.198498125868797,1.2434767598422962,1.3100263120020816,1.5111738222826674,1.483277068296178,1.5250927403874996
2024-09-27,1.4317913093729009,1.0542839707792906,0.9170126864974912,1.375008786051683,1.194908683435329,1.2462338069788348,1.312930913365724,1.5159716264971956,1.4879863035043652,1.5358002356650997
2024-09-30,1.4181828798145864,1.036924972544781,0.9019920052030674,1.3619400447591805,1.175487065366075,1.226185674355842,1.2918098260315638,1.5200451066240608,1.491984585880123,1.5586507366988813
2024-10-08,1.3843078168817322,1.0331956952103232,0.8963233015584524,1.329408411932656,1.1637042056823341,1.2138946214188633,1.2788609690286437,1.5064552196984746,1.4786455726307992,1.5680109719534259
2024-10-09,1.375798470693715,1.0368210995481637,0.9012791853242876,1.322485577661223,1.167593603658508,1.2194625553077494,1.2847268928106481,1.4944347125257358,1.4675415982489557,1.5526261802559433
2024-10-10,1.374297035832475,1.042023517597223,0.904555829413823,1.3208219099043383,1.1716438477684328,1.2219651560008908,1.2873634300281718,1.4918083409292855,1.464840194414702,1.5488633119212205
2024-10-11,1.3891734405208749,1.0431738303044895,0.902038990584701,1.336248822164215,1.1727419772378906,1.2251687037346928,1.290738428225619,1.5047696786065425,1.478193475595362,1.55901137441117
2024-10-14,1.3920794471436664,1.046157478254595,0.9038248578291658,1.3354712581664172,1.1760962113019942,1.2305239143878197,1.2963802440507897,1.5073393722503043,1.4787415905982877,1.5610747287267397
2024-10-15,1.3837216936870425,1.0569082425241159,0.9168608689350671,1.3163115853660108,1.1881822818877337,1.2376171175700388,1.303853067914633,1.4920857794846993,1.4576088536086087,1.5388523539176404
2024-10-16,1.3884323460268502,1.0623353078893678,0.9200880935763753,1.315247467967474,1.1942834197634673,1.2450503474553005,1.3116841163486126,1.495435412133337,1.4578108217199297,1.5405228257775558
2024-10-17,1.3913472619726972,1.0697199919570028,0.9295893730796275,1.3177895295037243,1.2025853237637119,1.249918501596195,1.3168128089156232,1.490212462874244,1.4525977956572873,1.5265277639689672
2024-10-18,1.3936856593152795,1.0627172580623554,0.9218437291051027,1.3200043004800983,1.1947128103291267,1.241527810082771,1.3137355416245209,1.49961403439781,1.461762060761141,1.5432235334398716
2024-10-21,1.3998657239706882,1.0703334633922639,0.923984035059886,1.3229933974413377,1.203274991854558,1.2442034265486672,1.3273023584668233,1.5039272935970631,1.4643805302310418,1.5452577499442297
2024-10-22,1.3974938611959853,1.0676409905430506,0.92313055463672,1.325728783863421,1.2002480985016795,1.2378309850447742,1.3209467429612833,1.5036201445249011,1.4668359019452246,1.5472447776352671
2024-10-23,1.4013077107743368,1.0648188497163524,0.920173616651357,1.3309319499200791,1.1970754316680225,1.2334533998374626,1.3147173148116713,1.509464071033168,1.4734138084223878,1.555049201774948
2024-10-24,1.4036779744506418,1.0660413404737368,0.9178505640387468,1.3310689070359363,1.1984497627587014,1.2346639199582419,1.317826120272747,1.5104815549722856,1.4732366871212936,1.5545153126533102
2024-10-25,1.3981285692892835,1.068694752700428,0.9199821494176142,1.325983610907409,1.201432743936679,1.2377370393736822,1.3176262594233767,1.5015732009408564,1.46464597245121,1.5423249463056423
2024-10-28,1.3943743843786072,1.0726019145868546,0.923345616096303,1.3197785835838807,1.2058251976418672,1.2422622220541804,1.325203306079351,1.4991848824750074,1.460855831958003,1.5415600482844678
2024-10-29,1.3924196637604795,1.080805354447642,0.9304075186804366,1.3071597771377201,1.2129119060550675,1.2517632524843514,1.3332124741525442,1.4932270524912212,1.449090438041989,1.5314686412073137
2024-10-30,1.3925794670515779,1.0803089324862492,0.9299801755668804,1.3096398485189338,1.213253259832838,1.2511883082851571,1.3335876845139487,1.497239921273501,1.454276219416051,1.539524156675341
2024-10-31,1.3865415659520512,1.07623554673966,0.9264736156580899,1.3042652067600642,1.2079928755137594,1.2464706090530142,1.327805558080841,1.4938064304676657,1.4511098474186697,1.5391382606457213
2024-11-01,1.382880059092588,1.073487220453537,0.9241077285629963,1.3009345730872839,1.204802870750477,1.2432875624140904,1.324299158216364,1.4924367040728332,1.4498424672443502,1.5403801512657709
2024-11-04,1.3830087885614275,1.0693317328566538,0.9205304915628157,1.295422593938821,1.204915023379035,1.2384747747566947,1.3244224345092723,1.4943981819745262,1.4486090366800501,1.5442857383510016
2024-11-05,1.3848231667977071,1.0698139092786105,0.920945571453448,1.2991192797300402,1.2064957592449723,1.2390332201083354,1.3261599529261392,1.4967492684741968,1.4520047781652818,1.547118925669256
2024-11-06,1.3861483851442489,1.0747882112519984,0.9252276819529766,1.3024936773641946,1.20765032565714,1.2447943392510412,1.3274290330095773,1.493018140407956,1.4495761909758351,1.5379250157965223
2024-11-07,1.3703133057279333,1.0638633913000282,0.9158230888116539,1.289037234283302,1.1938543720501025,1.232141470628945,1.3122647516220243,1.4928485925714654,1.4502034115914972,1.5551446658472836
2024-11-08,1.3749797450805992,1.0687262576177285,0.9200092703157589,1.2899436205741708,1.2025374915497704,1.2377735276253246,1.3218090913005476,1.496449615196697,1.451742173590542,1.557351389424839
2024-11-11,1.3799339658339196,1.0663222846127285,0.9179398185413458,1.2836005226059288,1.1970250455140976,1.234989302829213,1.315749902845753,1.4975081924243627,1.4465843638612157,1.5539433786284897
2024-11-12,1.3754021727608448,1.0681368115555525,0.9195018477295842,1.2859430371809868,1.1925473504766133,1.2370908451081468,1.3108280953759583,1.4841291964252072,1.4373556452386267,1.5312802346163015
2024-11-13,1.3733785380342816,1.0663779805205988,0.9179877641693248,1.2842653478785004,1.1849865183852726,1.23505380851518,1.3022875269669232,1.4821421653532239,1.4355510167207934,1.5294328945823086
2024-11-14,1.380617942994591,1.0684220342697046,0.9197473807079817,1.283216931781785,1.1784835699126595,1.2374211833238857,1.2987002343295857,1.477556811847058,1.426740278955413,1.5119075731083755
2024-11-15,1.3781723810487165,1.0775916406834345,0.9276410043984701,1.2759436369368535,1.1802588773564042,1.2434256280470208,1.3139284648635223,1.472639515144332,1.419212335916204,1.5045224638570796
2024-11-18,1.3720455186493166,1.0763961352693119,0.9266118577335821,1.2700585897653496,1.1782201048212577,1.2418389049171559,1.31187778031349,1.4698870633142438,1.4164414750029704,1.5055869476598853
2024-11-19,1.3589798321297042,1.0711770589986063,0.922119034134172,1.2555013471412995,1.1755423219711791,1.2341982384755916,1.3088962288978012,1.471067202168482,1.4162054014238032,1.5223419226783594
2024-11-20,1.3536948651778065,1.0722237472760108,0.9230200720861069,1.2502002995264814,1.1764113242004055,1.2311073604958138,1.311466547380704,1.4702891341842614,1.4152203163784791,1.526651816304731
2024-11-21,1.3521115732185265,1.074438677404068,0.9249267869594334,1.2485296888931527,1.177254550765857,1.235228844835304,1.313179757844946,1.4698557274120145,1.4146852075765086,1.5275373577090487
2024-11-22,1.346454679598513,1.0763251794238977,0.9265507756416069,1.2433061557384997,1.1680365371889396,1.243359191792627,1.3114286073173778,1.465081213768752,1.4100899036303258,1.5240044282461065
2024-11-25,1.3447363508360042,1.073662262106439,0.9242584125592143,1.2357565658301457,1.1647573728915084,1.2362237329032617,1.310554647651851,1.4649591236676047,1.406590999591235,1.5256953430577127
2024-11-26,1.3458530051874078,1.0756536311818954,0.9259726756803656,1.2385838368045374,1.1664164904245256,1.2397156650446426,1.310511313201244,1.460217436042166,1.4030632857532708,1.5145518727325236
2024-11-27,1.3424912905407305,1.0757815382883034,0.9260827840666768,1.2352836318752516,1.1659452490179012,1.2395615936676982,1.3129775145923628,1.4607235932173108,1.4034327095663326,1.5193849511928796
2024-11-28,1.3501890995856556,1.0761864410311415,0.9264313431802309,1.2423667150814506,1.1637479370709307,1.2470568407757359,1.3113462742936624,1.4592077479791061,1.401976317131915,1.507519398178647
2024-11-29,1.3450605572997916,1.0757812940724558,0.9260825738343165,1.2376477240639698,1.165785511719385,1.2431961123269157,1.3112081207099797,1.4609162058828726,1.4036177677911612,1.5167755855320575
2024-12-02,1.3492327025544062,1.0755813081896999,0.9259104166848534,1.2414866932842137,1.1626646278842767,1.2429650043188731,1.3103131756841548,1.461145736458177,1.4038382959723472,1.5125474236996497
2024-12-03,1.3475123012350225,1.0775854089557735,0.9276356398374542,1.2399036784780355,1.1642496562663487,1.2453825857071226,1.3164279781053054,1.461191606544756,1.403882366993172,1.5145710344817909
2024-12-04,1.3520419126122039,1.0775794209952425,0.9276304851225219,1.2440715675603806,1.1642431867271994,1.2414046146479594,1.318840784320702,1.4655485808893984,1.408068456913541,1.5185121432730553
2024-12-05,1.3570099962006106,1.0876446889200078,0.936295135900016,1.2486429136702502,1.1737817296932307,1.2545081357728438,1.329865738728152,1.4605775557923628,1.4032923998595923,1.5026310174955129
2024-12-06,1.3584902431155794,1.08633754707859,0.9351698874061665,1.2500049521416194,1.1734210086971053,1.2569771946240258,1.3294570507397026,1.4589684838863914,1.4017464371905628,1.497681123241931
2024-12-09,1.357126980208909,1.0870395565924855,0.9357742098470442,1.2500890068745931,1.1742316334726561,1.257480710593334,1.330375468609651,1.4591996259148614,1.402718978339012,1.4996586164549477
2024-12-10,1.354095308845687,1.0849419794484556,0.9339685178805985,1.2486996243623443,1.1739612023418298,1.2560831127429566,1.3301223507888562,1.459292009556934,1.4035950357618134,1.5031985780038069
2024-12-11,1.3524872043269658,1.084090790060839,0.9332357744658841,1.2460812457746901,1.1747196006452763,1.2534492518347342,1.3312033188288408,1.4621549962220928,1.405710607150055,1.5108820094893005
2024-12-12,1.3521857470106373,1.0839402559780908,0.9331061877259313,1.2484573647442858,1.1802265909588827,1.249998209559773,1.3307245685356552,1.4656837438594998,1.4106000486954628,1.5185114612668134
2024-12-13,1.3508438679179386,1.0805905946009893,0.9302226434156966,1.247426499620986,1.1752337835490168,1.2503912157734958,1.3227903848771614,1.4624897991386987,1.4076436896126745,1.5134002698212587
2024-12-16,1.344612691547399,1.0716852977803277,0.9225565497162822,1.2416723671760548,1.1672138648022556,1.2428515613659936,1.3095308556287508,1.4612350130397191,1.4064359603450363,1.5177843543503136
2024-12-17,1.3505985808000418,1.0713873046707671,0.9223000233875503,1.2471999910968354,1.1668284853391497,1.2484491999162612,1.3089320126210724,1.4609690105737443,1.40617993347027,1.510474953540504
2024-12-18,1.3490000963078874,1.0785288255509204,0.9286014933925753,1.2457238827455277,1.1654474997040887,1.2569790329278385,1.3154103844533438,1.4548618352872906,1.4003017887075524,1.4996344154956287
2024-12-19,1.3469928281570085,1.0778919472820505,0.9268880271153018,1.2441120001388453,1.1622510588578177,1.2562367786537463,1.3143974977253186,1.4522566334081282,1.3979301404907,1.4964950715063303
2024-12-20,1.337286538873805,1.0751210748170579,0.9264509402000981,1.2362801252253104,1.1571804563291492,1.2530074457802056,1.3089232698454976,1.4490565397433433,1.3954863343004102,1.500683509362216
2024-12-23,1.3457030615878534,1.0753639732365456,0.9257326396323677,1.235794527796361,1.1596555050742285,1.2532905334577846,1.3135543636680123,1.4558917689463,1.39740339749624,1.5053961192910719
2024-12-24,1.3423654338941002,1.0755370518227685,0.9253393196811908,1.2340180594679795,1.1569140031019278,1.2534922491178364,1.3111140182928305,1.4529674695960573,1.3953251139798555,1.5030823522354773
2024-12-25,1.3437765386067686,1.0726411144636359,0.9230805284527694,1.2337194765526276,1.1584560305606253,1.2501171584806041,1.313881942651141,1.4562440493150792,1.397569510165485,1.5082814877643544
2024-12-26,1.3398519467398897,1.0755183510446267,0.9234686933157094,1.229705074084675,1.161069745464264,1.2534704541639448,1.313283772712265,1.4524545660746067,1.3936997833712261,1.5048367343174476
2024-12-27,1.3367258123763721,1.0774016624558542,0.9256309875045525,1.2300241651257333,1.1617580498586375,1.2556653727422011,1.3151333241779772,1.4496759519731692,1.3928402785160665,1.5025901628571792
2024-12-30,1.33881760412622,1.0723033093372702,0.9214066951733711,1.2286816786432233,1.1597428757272883,1.2497234611115604,1.3141385946502608,1.4532429437713537,1.3944175275298465,1.5076331953570594
2024-12-31,1.3422475380088037,1.068240747435839,0.9175281253836142,1.2286281777450523,1.1624506520997941,1.2449887196664609,1.313704894603829,1.4578338572438776,1.397006059882595,1.513296244122962
2025-01-02,1.3460252908469132,1.064841940404108,0.9168760300861294,1.221998776281224,1.158945840473319,1.2406420964829856,1.3104882591464855,1.4642738085930114,1.3974424050529832,1.5224069856910014
2025-01-03,1.352158408075384,1.0735305798275174,0.9165344840055324,1.2315624130744818,1.1684023261140999,1.2423570548197667,1.3167355892933954,1.468584057028149,1.403840578273578,1.524432930897471
2025-01-06,1.3546026470467778,1.0745604428921354,0.9130263209514224,1.2324141441975058,1.1695232018701236,1.2400019741109274,1.3160080363722966,1.4701286022461872,1.4045336380360707,1.524883844280308
2025-01-07,1.3441486740238944,1.0788107235014952,0.9184265500211395,1.2226977429914743,1.1741490950155349,1.2422561413809134,1.3289771180881391,1.4631195830934782,1.3977203064832011,1.52211179768355
2025-01-08,1.3483155871381085,1.0817031042523158,0.9214333877253325,1.2264383433105737,1.1772970858234069,1.2395968633507837,1.333387543771561,1.4681217379416773,1.4024704022996688,1.527800870190392
2025-01-09,1.3475396406370235,1.073399824985389,0.9174714688012857,1.2303676018843874,1.1682600159977754,1.2361136746870542,1.3302800497513463,1.4712008329435944,1.408061977436858,1.5350886296166315
2025-01-10,1.3512475136174522,1.0718857804280284,0.9195507019729733,1.227011755004756,1.1666121698945513,1.228833693656746,1.3353663505820794,1.4790990989467439,1.411763818886819,1.547347205294873
2025-01-13,1.3769071632293255,1.0727182995117885,0.9216329442017283,1.25010771531159,1.167518261674588,1.2033301368871383,1.3400459992742488,1.5092038733220832,1.4403804408018928,1.5809514190387641
2025-01-14,1.3729325594257797,1.0684819009860458,0.9188293427323709,1.246499132966455,1.1629074774222947,1.1985779237290235,1.3354379643469514,1.505531972974104,1.4368759881992363,1.5778220955365712
2025-01-15,1.3815661825601995,1.0762590105833054,0.9215274692529111,1.2568992512769395,1.171371878078066,1.201897764146357,1.3377092380774052,1.515124902408112,1.447507852281011,1.5880071274266507
2025-01-16,1.3923328112165596,1.0792109049787126,0.9207248331443177,1.2643073656548007,1.1745846419646717,1.1983680895388378,1.3425289926543251,1.5269323622302702,1.4574138872747944,1.6003825628277781
2025-01-17,1.3948582706544135,1.0744897488859635,0.9213573451814733,1.2663898903985054,1.1694462603811662,1.198991606661105,1.3450943709615215,1.5297019627985349,1.4599359417699245,1.6032853898062924
2025-01-20,1.3863931342851368,1.0701876109858572,0.9207880345262488,1.258704404823066,1.1647639271303003,1.1982507446049586,1.3375852086348652,1.5204184850489535,1.4510758610739174,1.5935553478736366
2025-01-21,1.3902966810413184,1.0672440495840563,0.9176947835708266,1.2622484295119738,1.1664747190481126,1.1942253987907163,1.334451845029945,1.5246993953467471,1.4551615293669802,1.5980421832850047
2025-01-22,1.3875262496418048,1.0680016995502584,0.919558059724083,1.25973315868468,1.1666204257208854,1.1966501392894273,1.3365143353923574,1.5216611408955287,1.4522618423812477,1.5948577793353356
2025-01-23,1.3764264349467816,1.06634117760969,0.9198639050042657,1.2496556523094413,1.1637126944731586,1.1970481454764879,1.3336553292557976,1.5094882852851081,1.4406441613872871,1.5820993714709017
2025-01-24,1.3801705970320706,1.0596579031915347,0.9209932980247457,1.2530549718765818,1.1602917549324607,1.1985178605216427,1.3406895414088136,1.5135944028824289,1.4445630088538195,1.586403006108702
2025-01-27,1.3727830665131049,1.0605313604219646,0.9213000306462796,1.246347843158881,1.161260306702286,1.1989170214342155,1.3391922553319797,1.5054927052599214,1.4368308101405407,1.5779115916066044
2025-02-05,1.3899093767055644,1.0615890899971023,0.9219626104505401,1.2618967964424173,1.1620314123420885,1.198256830844199,1.338678020082565,1.5242746495391855,1.4547561551923658,1.5975970058816895
2025-02-06,1.389374125142017,1.0533097452226594,0.9198946720442587,1.2614108422898294,1.1529687168112412,1.2018822084422938,1.3427282480304832,1.5236876541543676,1.4541959312528077,1.5969817741913017
2025-02-07,1.4029801823713244,1.0555143608566344,0.9179482378851701,1.273763762787834,1.146255601117763,1.2033726212972864,1.344393319222626,1.538609035693623,1.468436784529983,1.6126209206390494
2025-02-10,1.409712843356786,1.061257649988964,0.9186151690922567,1.2798763363638352,1.1523015909833678,1.204870031884342,1.3460662081962846,1.5459925562569603,1.4754835605094638,1.6203596115294474
2025-02-11,1.4179044833009846,1.065272687082869,0.9245999024458995,1.2873135149140622,1.1575612046660462,1.2115776941115957,1.3535599272042844,1.5549760981441947,1.4840573846951732,1.6297752897509525
2025-02-12,1.411285896839065,1.0620176273958561,0.9258909025814664,1.2813045094398565,1.1547743487929254,1.2124841863967726,1.3545726494073247,1.5477176799129286,1.4771300054318055,1.6221677190042938
2025-02-13,1.397922412150563,1.0523048968006419,0.922051133334557,1.2691718202153992,1.1440208449848572,1.210395239552959,1.3522389032913404,1.53306232087904,1.4631430420144522,1.6068073915726593
2025-02-14,1.4081047792066104,1.057329252687751,0.9206234720450606,1.278416377150962,1.1441989665148748,1.2112781656567786,1.3532252976419639,1.544229037382978,1.4738004714824966,1.6185112619070603
2025-02-17,1.3945626011424517,1.0486046818052654,0.9179915255406467,1.2661214524584474,1.1345668888366094,1.2023346112861826,1.343233667008909,1.5293777103333903,1.4596264776784968,1.602945539788042
2025-02-18,1.3990322993794377,1.051880961694858,0.9198474096012885,1.2701794852919879,1.1367279560278853,1.203828826517134,1.3449029861694248,1.5342795030890277,1.4643047114763865,1.608083124036541
2025-02-19,1.4071814577524515,1.0574141626770763,0.9192097659118295,1.2775780948826232,1.1368740235019852,1.2041952821951258,1.3453123860149627,1.5432164566280469,1.4728340720961979,1.617449972865233
2025-02-20,1.4126488997301405,1.0593090355667003,0.9177839241394611,1.2831705987207198,1.1353854893203534,1.2086733454814134,1.3463672128135256,1.5492124469739579,1.4789189471675757,1.623734389014789
2025-02-21,1.4070791518025147,1.0549558735054605,0.9177790897186868,1.2832810222790416,1.1305304650712793,1.2073486662627795,1.3446672296302788,1.5431042605607355,1.47606706383298,1.617332379817771
2025-02-24,1.3943433466480792,1.045407219164103,0.9117190247083138,1.2881072482005003,1.122552268512766,1.200360073242814,1.3368837845677526,1.5291372600758624,1.4721625808665268,1.6026935231245056
2025-02-25,1.388697719306937,1.0450510157177493,0.9134635013721103,1.283955341145643,1.121982687252877,1.2007421361468738,1.3360126854369048,1.5257810466380732,1.4695391917888345,1.6021474345325
2025-02-26,1.3882194557895935,1.036735304217533,0.9095842683887105,1.2892784017389878,1.1113193738514449,1.1965791595047757,1.335356953619015,1.5194478138171814,1.4667386908181377,1.5893987785855617
2025-02-27,1.3914541086263765,1.0390773140926461,0.9110225437465945,1.2924973944190152,1.1137400237776316,1.198160968091099,1.3289478226733897,1.5229342605663179,1.4702264221507606,1.5929892684818712
2025-02-28,1.3875032432286485,1.0379322768175676,0.9109248744886226,1.288827504624874,1.112152625990851,1.1968406245984624,1.3285384346948577,1.5199330491057712,1.4673290808130481,1.5912338340531977
2025-03-03,1.3942318126334743,1.043454227840338,0.9137252640249551,1.2950775551080265,1.117884081320091,1.2016102864519793,1.3225050202425601,1.527661569590678,1.474790121854188,1.5996994300209404
2025-03-04,1.4058132330625925,1.0320705495708034,0.9119670542896888,1.305835334064232,1.1062231876223678,1.1987262981266615,1.3191104546134944,1.525673362465831,1.4728707253816367,1.5822473337493033
2025-03-05,1.4038490402322983,1.0279358121010456,0.9068080148728244,1.304010829684567,1.1026913723246905,1.19490525123849,1.314905672499652,1.5215514141412168,1.4688914352083795,1.5759084479628633
2025-03-06,1.4149067156145425,1.0279014462067693,0.9058374227889731,1.3142821110234757,1.1007004576129529,1.1974803331885602,1.3229988432013957,1.5275183698274122,1.474651878148566,1.5758557622771674
2025-03-07,1.4112820470870846,1.0287748193265571,0.9050036738383767,1.311907632267727,1.0997851964091996,1.1966841770438887,1.3208291159631897,1.5262107332349024,1.4739462517924036,1.5771947136606046
2025-03-10,1.414698583379469,1.03413996386888,0.9122727089224019,1.30720153934949,1.10838468980533,1.206041347618054,1.3160910197771871,1.5320377720171547,1.4751459466875072,1.5854199126557704
2025-03-11,1.409069313316767,1.0247502861900168,0.9070643583725702,1.3017821471135025,1.1009238127553511,1.1979231136740707,1.323102387143311,1.5220344635293586,1.4653911796371553,1.571024779999069
2025-03-12,1.4182710307440707,1.03034559412315,0.9068209615965264,1.3111295742995221,1.1071185281842708,1.2055463184189448,1.3343688330142238,1.5274748522933508,1.4711054517752993,1.5719964378566653
2025-03-13,1.4099373997353628,1.0344502071960877,0.9102823497272517,1.3003972504015782,1.1115289834819846,1.2101479585379251,1.3267505984598875,1.5286186609370995,1.4705081826619424,1.5835876401957796
2025-03-14,1.4119813644696677,1.0384945570512145,0.9138412453257386,1.3054649319342924,1.1158746852393457,1.2148792270772404,1.3286739685577222,1.5361345876054042,1.4795378086504387,1.5968643346868874
2025-03-17,1.410016832843498,1.0391339674251097,0.9144039055422869,1.3027485894912556,1.1166836725758085,1.2156272390678171,1.3268253449867728,1.5357507977495575,1.4786581494212934,1.5982881741737944
2025-03-18,1.4050986912170234,1.03879822618799,0.9141084642343345,1.300004597770355,1.1181701600670941,1.2152344733552956,1.3221973754418408,1.5340946137499036,1.478085060753314,1.6004157555441738
2025-03-19,1.4149223602206225,1.0397186519645354,0.9149184088143586,1.3093916392934208,1.1167067674833344,1.2163112302322565,1.3314414445274918,1.5384535176343146,1.482454307473752,1.5983212294771794
2025-03-20,1.4178296217877413,1.042739696650732,0.9175768293322838,1.3039799513931032,1.119765393869856,1.219845388797087,1.334177176642108,1.5437561968351285,1.4829774845262855,1.6060551931888662
2025-03-21,1.4064952600442506,1.0400140333362218,0.9151783347607345,1.2933383925317912,1.1168383896858467,1.215598940860826,1.323511546218261,1.5367336897757022,1.476107876802007,1.6042824537470326
2025-03-24,1.410699364826604,1.0426943289984247,0.9175369072820423,1.295947372501719,1.119716674973646,1.2191566351674634,1.327467607343402,1.541325635217983,1.4798014096927306,1.609074728900615
2025-03-25,1.4081108311798054,1.0445336649087618,0.9191554627260377,1.294506230077744,1.1216918800096805,1.2198853316667748,1.3250317980899782,1.5408502073816568,1.4798798272204434,1.6110346167111158
2025-03-26,1.4092845067605004,1.0418408854280599,0.916785904852745,1.2953694639585227,1.118800188741478,1.2205035647182558,1.326136226399616,1.542139621780733,1.480994897061972,1.6123880942089717
2025-03-27,1.4079321649548688,1.0417536749306173,0.9167091624672918,1.2952189790163726,1.1187065361287196,1.2199930898843394,1.3248636732349997,1.5417525775549983,1.4812477515569709,1.6131259829261868
2025-03-28,1.4098950409537774,1.0416086364847534,0.9165815333785418,1.2968088455071662,1.1185507838992987,1.2214906174561482,1.3251831149347424,1.540636805382673,1.4800523296434607,1.6085421841401248
2025-03-31,1.4082800403325102,1.044448760554767,0.9190807496713941,1.2953233823837964,1.1216007038919038,1.2183165684553308,1.3256494360717002,1.5391265525716415,1.4786014664786264,1.6072310922935882
2025-04-01,1.4198494377565565,1.0493680398764655,0.9234095545851252,1.3059648106326267,1.1268833633752924,1.229217686824105,1.3222197235134001,1.551828182453762,1.4908036135593798,1.6205545828641577
2025-04-02,1.4140114342896384,1.0473125962693333,0.9216008314359426,1.3005950672715325,1.124676087074495,1.2223668409755744,1.3179415108715256,1.5473294264952848,1.486481768064336,1.6178218387594296
2025-04-03,1.40873528950801,1.0497022212644618,0.9237036232768652,1.2870282003615503,1.1272422302667662,1.2175066990399546,1.3208161786912767,1.541153309960646,1.4755688495784816,1.6109434980897865
2025-04-07,1.392206871477639,1.0267492238133027,0.9035057362178468,1.2738985937621978,1.102593727563795,1.1906815377350228,1.3153847830259784,1.5017832261220732,1.4390039575105629,1.5475385176588157
2025-04-08,1.3842067067983115,1.0327732100765612,0.9071977182927233,1.2815849335018645,1.1090626971181434,1.1834425225221874,1.3337885157753346,1.486564031612652,1.43289678191367,1.525065513891238
2025-04-09,1.4107059457827529,1.0527167386759846,0.9194948858428176,1.3063331798007685,1.1304794257887967,1.2060983340239264,1.3658681179747731,1.4858653023123958,1.4323426858818147,1.4944360230662275
2025-04-10,1.3713071785925004,1.023316039098325,0.8936616109972293,1.269849377504667,1.0989069383805086,1.172413931110041,1.3342903788272371,1.4878496848915446,1.4342555886656752,1.5401648954400922
2025-04-11,1.3797789239162181,1.0296379434857976,0.8991825283322662,1.2776943306221318,1.1051721616121777,1.174641833148955,1.3379286262632377,1.49276517955099,1.4389940214240085,1.5408266334546408
2025-04-14,1.380667187795322,1.030300796192054,0.8997613974154176,1.2785168752361677,1.1111722491571228,1.1722115367440855,1.3417859061152415,1.496623994778145,1.4427138375864716,1.5478008007522204
2025-04-15,1.381278714203513,1.030757137988847,0.9001599205790404,1.2790831571319323,1.1078915761601769,1.172535365189976,1.3432998602909931,1.4938316301509567,1.4400220572185984,1.5413395492344848
2025-04-16,1.3949710252017213,1.0409748059741997,0.9090830071755046,1.2917624261309621,1.1157200374737664,1.1841584494462454,1.360531995615712,1.4951166834561114,1.4412608213917317,1.5287124335179936
2025-04-17,1.3833036782689863,1.032268235020311,0.901479561194369,1.279742638896247,1.1089579524961373,1.17425431007459,1.3512325440664568,1.498124982365745,1.4434825807592826,1.5476501680011665
2025-04-18,1.3764698942543752,1.0271686330499756,0.8970260802186676,1.2732792142219125,1.1052355582942361,1.1684532698118202,1.3465477738999474,1.4987771308280573,1.4440312804554751,1.556643269541964
2025-04-21,1.3765025359009797,1.0271929913564402,0.8970473523208965,1.2699376002238985,1.1108261707015437,1.1684809785462185,1.3497931825215903,1.5051953002811214,1.448303022252474,1.5699382911101893
2025-04-22,1.3867097541520441,1.0348099646458326,0.9036992529660962,1.2791429482217263,1.1182488876642398,1.176094207265475,1.357482869524754,1.514150852619987,1.4567993872141445,1.576978198548669
2025-04-23,1.359438385291466,1.0144591420155304,0.8859268852497262,1.2539870141396925,1.0999788312727825,1.1603499643845252,1.336193172463528,1.499346793920119,1.4425560615871553,1.577154772177161
2025-04-24,1.369772161687655,1.0221705572956064,0.8926612620589995,1.263519201510631,1.1060807714343728,1.1586089996278595,1.3419980638801803,1.5027721411611539,1.445851667010552,1.5723722322064138
2025-04-25,1.3621911152181405,1.0165133226755947,0.8877208006461563,1.2565262153413295,1.1001020191660644,1.1541169337081771,1.3384416460510447,1.4988987821419317,1.4421250191432675,1.5729690718865548
2025-04-28,1.3523495807740933,1.0091692350757113,0.8813072109973519,1.2474480868100406,1.0928169616862782,1.1472520637208556,1.3361261479521986,1.4928352274776697,1.436291133633147,1.5716070429224187
2025-04-29,1.3607657483466227,1.015449665455685,0.8867919090932292,1.2552114139008175,1.0997118713784801,1.1433339829848403,1.3473519576084214,1.4927115586115656,1.4361721489705248,1.5615659668253512
2025-04-30,1.3635077523270072,1.0174958420499611,0.8885788345412432,1.257740721165732,1.1053911616290175,1.1433904740730838,1.3567339909187868,1.487484751962743,1.4311433179858737,1.5474835335701038
2025-05-06,1.3778579384995024,1.0282044388571578,0.897571565912982,1.2709777661877748,1.1190222530710474,1.155233479131685,1.3712390092253526,1.492056834340443,1.4355422236791875,1.5407101024972076
2025-05-07,1.3723016532470984,1.0240581498962655,0.8944652522340448,1.2658524809017657,1.115423027812879,1.1517932170436433,1.365709415156477,1.4940220371453317,1.43743299053175,1.5509816667531995
2025-05-08,1.3690031345948457,1.0215966831331587,0.8922131721913548,1.2628098276998438,1.1105433214804254,1.1465624343818221,1.3624267418690175,1.4900801246141953,1.4336403857527251,1.54652527166795
2025-05-09,1.3612051542058268,1.0157775650469778,0.885093321454087,1.2556167351329828,1.1047919980612788,1.1406245738294003,1.3546662212784537,1.4893389599636626,1.4329272941827191,1.5537959552716634
2025-05-12,1.3508255207071846,0.998742508575523,0.8711658294100176,1.238727426837615,1.090115566215782,1.1254721298865746,1.3319478463373973,1.4910676051623881,1.4304165757792937,1.569251074699552
2025-05-13,1.3519671446363706,0.9976489085120523,0.8680150351798771,1.2401287905415663,1.0881325815672944,1.1215702375592844,1.3304893940969176,1.4910337911709328,1.4305888029839506,1.5678536786332917
2025-05-14,1.3550877163449064,0.9831518454525634,0.8582088748310526,1.2509294941071663,1.0762687425819717,1.1091549016057596,1.3111557502853168,1.501658536185669,1.4453615520057737,1.5865790936182016
2025-05-15,1.3494646445673,0.9895148475666834,0.864646777461214,1.2295572000442907,1.0783716044928382,1.0967896512175423,1.3196416081409421,1.4864878671617134,1.4214113698316284,1.5611055855576346
2025-05-16,1.3486832587795041,0.9958528843907396,0.8678185458046126,1.228640318532772,1.086525138468015,1.1002645902963442,1.328094171664897,1.4853086951723014,1.4201653695043162,1.5595327920826823
2025-05-19,1.344175683705803,0.9958673505280116,0.8665339644045575,1.2245339514978801,1.0850577375272064,1.09841187874606,1.3281134640653094,1.4841526745149833,1.4190600501122659,1.5623174903532226
2025-05-20,1.3398629747145347,0.9968525441086302,0.8676914651214656,1.2206051060004088,1.0859503225903016,1.0981811386702516,1.3294273427243863,1.4805533062760705,1.4156185445574865,1.5597522273367075
2025-05-21,1.3324413198416645,0.9938427740686204,0.8695768154427663,1.217749498409648,1.0826715420272306,1.0946823997438024,1.3254134385515486,1.48666920462374,1.4237309250465915,1.5812779836070665
2025-05-22,1.335153139679012,1.002812654614874,0.8779191049786993,1.2200249361669506,1.0914309392173216,1.1035389712561592,1.3373758943125695,1.4818931017236,1.4190383746648847,1.5678996349355099
2025-05-23,1.3342959869360407,1.0026409668876184,0.879063225155507,1.219241694387824,1.090637106433523,1.1027363319116938,1.3371469272899414,1.4815442773111285,1.4187043456942787,1.5681680690479514
2025-05-26,1.3336055079029552,0.9982933311156933,0.8750529214530539,1.218610754300706,1.0881511470280272,1.1002227939622449,1.3313488121067454,1.4834867823040392,1.420564459034919,1.573091734535958
2025-05-27,1.334021018130632,0.9971908919675699,0.8756685962113966,1.2189904357199626,1.086671425117821,1.0987266564276932,1.329878571843161,1.4827239246351862,1.4198339580930828,1.5709837368458064
2025-05-28,1.3341060339922175,1.0015316846681463,0.8789883406054615,1.219068120794447,1.091262232750956,1.1025678711893547,1.3356675609362318,1.4797617907486684,1.4169974635774023,1.564606707089089
2025-05-29,1.3380642165544039,0.9880563081700877,0.8672607081199829,1.2226849953568133,1.0777940903643353,1.089084317967593,1.3176964637304323,1.489369862888788,1.4261980078390093,1.580282585978654
2025-05-30,1.3363676432894966,1.0021798562717419,0.8802431620499076,1.2211347149974243,1.09076327922983,1.1020078490586072,1.33653197870563,1.4802102034713311,1.4174268568044888,1.5628487258801684
2025-06-03,1.3175483671032098,1.0052367274168579,0.8796657424629284,1.2086674873521244,1.0943246199530403,1.1013379744171037,1.3406086980835559,1.4711422394893934,1.4114882641603044,1.565708964323949
2025-06-04,1.3212574680914244,0.9982772105053601,0.8739752073467016,1.2115209896092605,1.0893320484002336,1.0961298499289658,1.3313273132599146,1.4780926269656434,1.417836206782504,1.5760955859903063
2025-06-05,1.3224081969988488,1.0006060159695584,0.8778973916894512,1.2087599487939733,1.091733968041255,1.1007261509384227,1.3344330661401058,1.477421534082043,1.414959435281949,1.5732917321331974
2025-06-06,1.3284603529552326,0.9943003264472902,0.8775093124966469,1.216175937451027,1.0883920933735691,1.1038068023845313,1.3260236417822335,1.485306778825753,1.4236139779029306,1.5828852182114508
2025-06-09,1.3247033623316269,0.991281446808489,0.8757196259702116,1.219868472469988,1.084995604842644,1.1014623496440252,1.3219975888219082,1.4827684950789803,1.4253553466908402,1.5819516656821782
2025-06-10,1.322823502044151,0.9888565094619832,0.8747376612313632,1.2228525943117123,1.0834606436324161,1.1000876697161106,1.3187636320728477,1.4836384905666515,1.4289464011281017,1.5860529618325863
2025-06-11,1.3267879551968553,0.9857281336265639,0.8735094994464311,1.2267212471139335,1.0838166202256132,1.098966505292974,1.3145915522617422,1.4889997494446587,1.4342291041714759,1.5927623049682134
2025-06-12,1.3325933175752513,0.981415078929415,0.8698785765493221,1.2356872066062388,1.0762132010146164,1.0910736423250145,1.3088395552598358,1.497946937128552,1.4449507520607985,1.604934535725104
2025-06-13,1.3562969611619606,0.9676276829030308,0.8568973005010737,1.2434299732145992,1.0581765584050955,1.0975465749101105,1.2904523410517057,1.5247166545001027,1.4624492730564835,1.6337499664205
2025-06-16,1.3614205293875694,0.9631359136858736,0.8532952550305754,1.2464376384109281,1.0636053763510052,1.1029167702224467,1.2844620059216127,1.5304764475452488,1.466980278010736,1.6399216453788974
2025-06-17,1.3595386032662264,0.9615416881796,0.8545917165053127,1.2431121058312853,1.0597217554600629,1.0989832150805654,1.2756942977403378,1.5283608311412333,1.464009382550485,1.6376547401025514
2025-06-18,1.380280407354152,0.9470107321776446,0.8405649781700144,1.2618704634200544,1.061036633462063,1.101698914748152,1.278937128995923,1.5516782719693425,1.4862230445609632,1.662639623725027
2025-06-19,1.388561363232092,0.9482781582380093,0.8354034454428871,1.269441021964233,1.071316881682978,1.107941295341462,1.2830334973565365,1.5609875248128042,1.49513960049497,1.6726145862700463
2025-06-20,1.3827942197631982,0.9465005394422176,0.8347833641110807,1.2641686237160734,1.0699843160491964,1.1033396575784227,1.2836849180683012,1.5545042398481455,1.4889298032109608,1.6656676780939967
2025-06-23,1.3869624342419398,0.9512260771609852,0.8343970779334922,1.266296424310333,1.0719252096536283,1.1066655004767794,1.2872763821173365,1.5591900470255213,1.4924269299513064,1.6706885698748375
2025-06-24,1.3512583100804032,0.9253214688927869,0.825453342160069,1.2334875167071893,1.043432225388176,1.0781769693826346,1.2734783234549798,1.5190523232804236,1.4538834985673637,1.627680575814296
2025-06-25,1.3458501655590476,0.9254199614348662,0.8202064941012516,1.227237148990779,1.0364520224000064,1.0717412522610978,1.271533727395308,1.5129726163594628,1.4472904751111335,1.6211661057659428
2025-06-26,1.3401067319553726,0.9265220927135241,0.8159092321404312,1.221291618406929,1.0347209759966889,1.0684805956677585,1.2774819369701405,1.5065159854590762,1.4406965037514425,1.6142477577007053
2025-06-27,1.3411205669943715,0.922138855817527,0.8107236434332606,1.22042189781345,1.0298151826055728,1.068691602889903,1.2716380849966873,1.5076557145988903,1.4407284881203362,1.6154689894872172
2025-06-30,1.3419390940655833,0.9209829063319555,0.8102563331213942,1.219453046184254,1.0285416269020873,1.067852729966722,1.2702774105198813,1.5085758831853968,1.4405962757561257,1.616454959826604
2025-07-01,1.343295808037788,0.9254751080596636,0.8107702642636151,1.2248251474635545,1.0280751720572556,1.0729129317166335,1.2697013258608658,1.5130176034711353,1.4472827699130557,1.624339407749982
2025-07-02,1.3409322887321729,0.9255940364178773,0.8099957871392397,1.2247784063320493,1.0279165656892475,1.071444547358518,1.2711988958458194,1.510335964750802,1.4459632647357323,1.6214395352300404
2025-07-03,1.3424248145871331,0.9272403433571698,0.8147679617945539,1.2257333875379939,1.0290628183468726,1.0786246178218957,1.2708132700495414,1.513716734632543,1.4489589474452167,1.6268937237485839
2025-07-04,1.3376042966701323,0.9226592079918525,0.8158244788399704,1.221331897270615,1.0283060507220954,1.075536598969133,1.2700905225692396,1.50691842757505,1.442451476388668,1.6181225415407294
2025-07-07,1.33372547905968,0.9194738440412837,0.8159771054301631,1.2199295783667603,1.0252351039792533,1.069760240265929,1.2689456075364802,1.5006869427543539,1.4377499036557155,1.6094321294853535
2025-07-08,1.3381074448757466,0.9246585523367441,0.8176595367181317,1.224214577417622,1.0236213732306332,1.0755495562924442,1.2671597648475326,1.5072129023516188,1.4441653489101414,1.618142035565338
2025-07-09,1.3404564419201201,0.9227033364886846,0.8208910591114775,1.2265676756007704,1.0146937002230396,1.0741321576571081,1.256108033880609,1.5079693701036325,1.445010520308039,1.6169257341953271
2025-07-10,1.342962571896636,0.9270275278659605,0.8208305581978994,1.227613450398083,1.0191107674431719,1.078195136918829,1.2563314815652926,1.5135095081178456,1.4495845606492326,1.6257835815795796
2025-07-11,1.335015703143091,0.9216458154594752,0.8211843140251838,1.2212341982933388,1.0131944802824688,1.0777956739958083,1.2605457092271544,1.5065169054396974,1.443409838164269,1.6203813742167428
2025-07-14,1.3322410966233078,0.9256121493317346,0.8276685638002441,1.222519810870452,1.0175547969235499,1.0813079611401213,1.251064586227119,1.5095429826349676,1.4485688478276972,1.6302586494211309
2025-07-15,1.3319240185619932,0.9221329382532542,0.8267157568711327,1.2218213402569866,1.0137299898215975,1.078902804522009,1.25728263127175,1.5053490646091359,1.4443029042718276,1.6215880592172425
2025-07-16,1.3335019004218474,0.9224068266276715,0.8261296558455931,1.2219866984636603,1.0140310839995543,1.0783366613235303,1.2558634099074029,1.5063800388725437,1.4445342972475428,1.6218881895521853
2025-07-17,1.3276402248430421,0.9187244494530492,0.8279374799378847,1.219351467062195,1.009982929963521,1.0796992732124369,1.252950302220671,1.5044477866395694,1.4442986665000919,1.6248566930962867
2025-07-18,1.3277901085058428,0.9234646645900073,0.8296077997859452,1.2092338913868463,1.0151939988270227,1.0861877241444482,1.2451044061396415,1.5106489201457804,1.4441783082778836,1.6380681412229392
2025-07-21,1.3222547026436877,0.9288690471300558,0.8245418182157667,1.213156202891769,1.0201981554004835,1.09133707303384,1.24522971684622,1.5129914674463263,1.4517702803526575,1.6499773307720036
2025-07-22,1.319000445881298,0.9270567168032546,0.823616533841756,1.2177552369761793,1.018725340329039,1.0901573552371884,1.24822243817175,1.511050423512056,1.4544460906690522,1.649804588384674
2025-07-23,1.3211328594395007,0.9273295844297479,0.825085335083486,1.2196462978033527,1.0157076733601387,1.0916685755076119,1.2497300572392203,1.512620173165455,1.4559106534523885,1.6505651552988758
2025-07-24,1.3103083072981632,0.9251612235296718,0.8183250920338557,1.2123940937176312,1.0193789958056882,1.0803390763429248,1.2446117292856647,1.504654963743073,1.4498799522938026,1.6467056634786306
2025-07-25,1.3167413296669026,0.9273870475694802,0.8176422507967579,1.2151088990097063,1.022730511166464,1.0737222089498815,1.2373298776452835,1.5101585594377624,1.453247361686023,1.6506674346370407
2025-07-28,1.3044235234264956,0.9177363889011847,0.8168402145280517,1.2035851169436187,1.0166999022928147,1.0764246139000901,1.245771208957333,1.4952373958659648,1.438794791682633,1.6334901104245634
2025-07-29,1.3083974709699826,0.9199127189110778,0.8178575591107183,1.2068506635977738,1.0213652910073268,1.0705844108372593,1.240825407014117,1.4992879395007939,1.4424526352269513,1.637363786559861
2025-07-30,1.3175654071199487,0.9267085867584229,0.8225739918101501,1.2153070616510397,1.0247963845943873,1.0677417339218869,1.2333148502222495,1.5100786970967264,1.4528343346458972,1.6494598340247346
2025-07-31,1.316045310182925,0.9221562965576657,0.8243352678499265,1.2155347696971548,1.0211365928101794,1.0641967898144242,1.237115839606487,1.505498599980391,1.4494020465942066,1.6413571575779362
2025-08-01,1.3115665863337347,0.920436018191834,0.8251875323668784,1.2109640647476767,1.0190372356472845,1.0692035020747237,1.237020296931525,1.5015326169423056,1.445325068881535,1.6382952132857107
2025-08-04,1.3082219995266346,0.9178149024818328,0.8257503785405079,1.205689014615109,1.0114195281331757,1.078796341041429,1.2359461862004306,1.497480161076521,1.4401191784788734,1.6336298576973902
2025-08-05,1.3058386767800403,0.9171192649339215,0.8251834446427728,1.203974950074181,1.0101869842997353,1.083048980725949,1.234857976100659,1.4955486131428657,1.4385497544298513,1.632391684003184
2025-08-06,1.3050370710434027,0.9182843646260441,0.8248144258285319,1.2032358746861498,1.0109625333267491,1.0832440493690103,1.231794209681519,1.4960395477908752,1.4390219784091514,1.6344654590520515
2025-08-07,1.3059377936008127,0.9172893561360123,0.8253837038785623,1.200809311822751,1.009290894519562,1.0883193056619784,1.2327865762179198,1.4957453049768883,1.4367913150647618,1.632694431393225
2025-08-08,1.302394904954215,0.9146568565004102,0.8231445141040667,1.2060995038377236,1.0052029582541018,1.0915482569832053,1.227463180571471,1.4915700995175452,1.4378945221258124,1.6280088134178923
2025-08-11,1.296191367399442,0.9136943636271851,0.8191368454153138,1.2005556549140162,1.0022363568612391,1.0888058952826278,1.2272886589714318,1.4872330040950297,1.4338333257759777,1.6262956606991148
2025-08-12,1.2934610220239717,0.9166735644118124,0.8206473161766339,1.1993273195768215,1.0040844591916906,1.0840862096618822,1.2221732353017651,1.4880912660717052,1.4354374058511876,1.6315983762474047
2025-08-13,1.3025712401006555,0.9188066412686321,0.8232786841069756,1.2083306037307568,1.0088288154534506,1.0931873561138619,1.218254841308249,1.4950631694126504,1.4424953944204826,1.6353950655718439
2025-08-14,1.3078387943967742,0.9137911078380848,0.8237552156368612,1.2105276806205179,1.0075911450378563,1.095634243756462,1.2165571964277828,1.4940055758570443,1.4398697117712063,1.62646785689146
2025-08-15,1.3024181055074575,0.9153232620244506,0.8218114275428522,1.2058707732617475,1.0056815198575928,1.0916019378562358,1.2142433492546032,1.4921619224115186,1.4383072332704456,1.6291949566788735
2025-08-18,1.3021953168650748,0.915682918443767,0.8207728798169814,1.2039405573911175,1.0039441922144619,1.0909089447596039,1.2111500693228479,1.4923274558487596,1.4374386726969204,1.6298351134942828
2025-08-19,1.3030952797265145,0.9138690329909624,0.8200466845043344,1.2042669703374993,1.002801608348038,1.0913865306779447,1.2114784369155924,1.491365055392077,1.4362098139083173,1.6266065568145733
2025-08-20,1.3015515568406733,0.9137716003702406,0.8182848572080166,1.2036662382062564,1.0004471698567468,1.0889407535006137,1.2073940132349819,1.4904021749258527,1.4357750359558468,1.6264331353132506
2025-08-21,1.2925047470727962,0.9173703809133558,0.8171732901895749,1.1929581985961444,1.0031674864933806,1.080910184449447,1.205242095004053,1.488157325345624,1.43221588897853,1.6328386483754551
2025-08-22,1.2887916903253593,0.9174655192054025,0.8163239257122408,1.1930913994163899,1.0040135359111046,1.0784474856864226,1.2047057752493082,1.4860969320818713,1.4323701125001855,1.63300798617339
2025-08-25,1.291600927546745,0.9226986459070927,0.8177174131293966,1.189623284607226,1.007239160452381,1.0819960034465785,1.2120722390844327,1.4919548584466007,1.4343733278690893,1.6423224917516688
2025-08-26,1.2857629483019193,0.9211847234188434,0.8176374497211294,1.1838496987173446,1.0054186544922306,1.077105429217042,1.2094187387651456,1.4873591071025558,1.429715885887763,1.6396278427844795
2025-08-27,1.2933609878067474,0.9135771658709956,0.8134593868428783,1.1869208031875753,0.9971154552757455,1.083470435778216,1.2032387044009916,1.4856121391966846,1.4256667289206133,1.6260870589938596
2025-08-28,1.2927066366265856,0.9123645386122679,0.8150686055123315,1.1861224832430264,0.9978305466001385,1.0834533353286526,1.2024294090771614,1.4842503747158677,1.424241106956245,1.623928689053735
2025-08-29,1.2943642525370496,0.9152364594699266,0.8164355963691754,1.1853641396367287,1.000805190370936,1.0829412084687482,1.2039712640218359,1.4875380345268039,1.426027412246658,1.6290404557610838
2025-09-01,1.299656852225598,0.917144666409539,0.8175524253455934,1.1900134818676333,0.9964632434286758,1.0874874689594096,1.207287466819336,1.492129982774476,1.430310644962559,1.6324368963971934
2025-09-02,1.2985439677375137,0.9196971338628783,0.8211513468185573,1.188994484012689,0.9990703819315152,1.0870310449018543,1.2119967201646435,1.4935674766975058,1.4316885831341086,1.6369800641222987
2025-09-03,1.3034672879540012,0.9233874538885055,0.8242812648489165,1.1890270183233203,1.0030791901594667,1.0892516123509814,1.2188985859478993,1.4993953428137379,1.4345805233708122,1.6435485094177733
2025-09-04,1.3085685435230847,0.914443995885026,0.8218767162783229,1.187116629053847,0.9933638788093099,1.0864831849867527,1.2136184792006999,1.4950681753478507,1.4264807592944864,1.6276299402312853
2025-09-05,1.3113852093796607,0.916893620056179,0.8229446362616876,1.1848832544189367,0.9950987121213005,1.088459655788162,1.217071805517768,1.4996606012089668,1.4279854189120085,1.634125737621641
2025-09-08,1.3086620413560663,0.9203793988152049,0.8277504901371296,1.1801427664624664,0.9999939075778848,1.092416271746475,1.2216987796345944,1.5019171514787524,1.428760220327889,1.6424368570999162
2025-09-09,1.3156857815488336,0.9205030607210064,0.827861706449957,1.1870461161601422,0.999275393196991,1.0925630484760134,1.2218629267239354,1.5054080549903037,1.4324257545814745,1.6412567354085805
2025-09-10,1.3130979596645946,0.9208533288932205,0.8276916815155287,1.1845134745675145,1.001888070400851,1.0911158141005621,1.2223278678113711,1.50528666567063,1.432190881412644,1.6442202355935118
2025-09-11,1.3151892938841907,0.9242139266324059,0.8295366422422114,1.1833694488551938,1.0007534464430021,1.0947340690643423,1.2267886783880646,1.5086980883935166,1.433604523846653,1.6490541064157043
2025-09-12,1.32835743242588,0.9247140250001816,0.826776270620491,1.1963674071545998,1.0106065502656465,1.095326437027334,1.227452501987762,1.514513605016413,1.4398269556416687,1.6452562781670408
2025-09-15,1.316638043887236,0.916401647773061,0.8266286413077629,1.1906047007705012,1.0055701891617246,1.085480402161141,1.2274379032754168,1.5091270940305779,1.437589781481719,1.648068476703031
2025-09-16,1.3158835458274365,0.9158765047632171,0.8288016860102891,1.1900528889168884,1.005104135609559,1.088091034336193,1.2306645969805523,1.5115396657802604,1.4399667532467255,1.6542822824627623
2025-09-17,1.3064550434648383,0.9093141126606712,0.8258271986354209,1.1906709329968848,1.0021991434776778,1.088837473879912,1.2262478633177174,1.5047017882652485,1.4389853619931567,1.651168234083327
2025-09-18,1.2984541146081094,0.9076926761877754,0.8202197063237259,1.1837759739064548,1.001413611231633,1.082532213853422,1.2189425100423783,1.492537472941299,1.4275921425200697,1.6345834790788356
2025-09-19,1.299516349385779,0.9135111877665144,0.8228090308440247,1.1847443931939032,1.0054907981600432,1.0820131097753167,1.219939698246089,1.4921984723891233,1.427267893023243,1.6325037377509575
2025-09-22,1.3016237570812927,0.9195142689695874,0.8259633401859723,1.1897118727655789,1.009874272457782,1.085149624710566,1.221918057586748,1.4952963195216844,1.4320658266685335,1.636634578844581
2025-09-23,1.3071897149034513,0.919020187197173,0.8198762982596247,1.2029277431276362,1.0091633252474874,1.0842048257003436,1.227143180694452,1.4913532142798667,1.4331816109500282,1.6210044293696841
2025-09-24,1.3007200744290148,0.9144717041941882,0.8214563209698081,1.19658642646918,1.0041686991271157,1.0784772161193343,1.2292286626492595,1.4929186317788472,1.4344550144538664,1.632430239975945
2025-09-25,1.2985679261772658,0.9129586356115269,0.828267137369968,1.193450732933261,1.002507219495354,1.0643290536384447,1.2342461525264241,1.5006694950649948,1.4412095430456162,1.65208157586826
2025-09-26,1.3014307988643712,0.9149713792575551,0.8276954994109487,1.1968337276032874,1.0050271014023853,1.0664981261418143,1.2375542364289693,1.5000949639910388,1.4411117532375333,1.6471743350924286
2025-09-29,1.3031026171092253,0.9161467516605264,0.8291130404440756,1.1997152673600375,1.0072046070801135,1.0678681498318503,1.2402355386272488,1.5026659121881525,1.4443908225769642,1.6507044170393794
2025-09-30,1.3152705132294813,0.9247013952923877,0.8291463676321152,1.201409781632196,1.0078174332548036,1.0778395124449567,1.2409901507442993,1.5065893069322214,1.4424385174676342,1.6439105758811576
2025-10-09,1.3428547424864978,0.9440944973390523,0.8425612243134399,1.2262056211446255,1.0287856990414022,1.1004442708687967,1.2595142132130248,1.5340286820315276,1.4684691136075227,1.669314803226424
2025-10-10,1.3444567488066415,0.9452207884438887,0.836515589660224,1.2276684667471454,1.030013025527129,1.1017570849961336,1.2529052743665734,1.5266514189986122,1.4614071316291624,1.6512676057805853
2025-10-13,1.3522409059170584,0.9506934428285018,0.8362692880936163,1.2347764412008768,1.0359766113573132,1.1081360557251936,1.2527451896040813,1.5304973362394945,1.4650886864448436,1.6500267672010507
2025-10-14,1.3612034620069353,0.956994571028621,0.8386785457714261,1.2429604512129213,1.0428429903038914,1.1154807023123463,1.256354297351268,1.5312048533319824,1.465765966478677,1.6406160538288246
2025-10-15,1.3723158518945906,0.9648071406337263,0.8432867587792363,1.2531075464373556,1.0513563964355357,1.1245870973680674,1.2632574764592386,1.541946148976168,1.4760482128788717,1.6502402523059607
2025-10-16,1.3714181415946824,0.964176005092753,0.8426720907552245,1.2522878171091718,1.0506686440754276,1.1265462619078153,1.2622205645684734,1.5419748010290197,1.476075640432963,1.6513810975473184
2025-10-17,1.3879842271097247,0.9758227973200642,0.85271072755042,1.2674148643885328,1.063360226662696,1.1262365191127646,1.2669722548277675,1.5477566534566605,1.4816103946451091,1.6438173649205325
2025-10-20,1.3822197191744665,0.9717700579958782,0.8491692912290002,1.2621510992099862,1.0589439311854776,1.1211836767322367,1.2614991658310433,1.543176673999893,1.477226149127409,1.6409159194831346
2025-10-21,1.3864125439882937,0.9747178249507101,0.8517451610607022,1.264662728793892,1.062156131336824,1.1245846749060067,1.2653257969604832,1.550206029654459,1.4831843936660691,1.6508875050900869
2025-10-22,1.3694467278972122,0.96279000200182,0.8413221799489945,1.247578188359765,1.049158307808456,1.1164104098242966,1.249841744353185,1.5404661091037364,1.4729222925150782,1.6503447543851952
2025-10-23,1.3581250530291136,0.9548302945178653,0.8343666876420185,1.2370561118362717,1.0404845646067684,1.109339429753005,1.2395088839520565,1.5411129906267724,1.4734180671199,1.665374752150561
2025-10-24,1.3594245743407032,0.9557439234314251,0.8351650510105854,1.2382397883890148,1.0414801517679586,1.1152191329334966,1.240694907438633,1.5456256938207176,1.4777325453300953,1.673534374680389
2025-10-27,1.3548013978505993,0.9524935975797604,0.8323247938149545,1.2340287411659148,1.0379382512878244,1.122688318428997,1.236475510764681,1.5480855742121205,1.4800843730245545,1.6845526832132771
2025-10-28,1.3407772431539002,0.9426339107051629,0.8237090279286203,1.2212547582089,1.0271940886195725,1.1059565008509307,1.223676200202148,1.5323212549344272,1.4650125171769484,1.667682284233269
2025-10-29,1.3486489305352969,0.9481681032774653,0.8285450139167446,1.230162208453079,1.0332247329991056,1.1141276536273883,1.2308603887414675,1.5419649434868954,1.475274733046827,1.678882511961904
2025-10-30,1.3496417808321532,0.948866127026637,0.8291549733690533,1.2252301328836321,1.0339853738594889,1.1094751061572092,1.2282797970650956,1.5395499053433703,1.4694637094924097,1.6723875907103167
2025-10-31,1.3513155896139466,0.9473487402447559,0.8278290236266342,1.228179529895708,1.032331867959906,1.1089956725007855,1.2295983809397129,1.5423740541293707,1.4730167473503701,1.6764491688323957
2025-11-03,1.3507640736259376,0.9464394499787749,0.8270344515317943,1.227473573163508,1.0317384843263968,1.108737302571986,1.229096541716418,1.5474609157451613,1.47775211213705,1.6881914846012036
2025-11-04,1.3445327916287715,0.9432201997484954,0.8242213493850035,1.2218110491685374,1.02697891633914,1.1056093127539213,1.2193689885658368,1.5383458562579926,1.4690476606886385,1.6760913523452428
2025-11-05,1.347215313054657,0.9390537605409085,0.8205805578214603,1.2242487244250908,1.0222713308074842,1.1004053722316671,1.2219771772742851,1.5413029380724295,1.4718715342046567,1.6791910531318355
2025-11-06,1.349628929848303,0.9412454349883588,0.8224957255320032,1.226442039222094,1.0239324124709137,1.1064166828070334,1.2239627595958555,1.5471504162113572,1.4774555997423084,1.6889238929482402
2025-11-07,1.3468640020036273,0.9421028885314114,0.8232450007452338,1.22392947916271,1.023752705677547,1.1044946273416734,1.223747946176485,1.5442217785774852,1.4746588890757555,1.6859899120625015
2025-11-10,1.3546066597043411,0.9443119887890717,0.8251753957853114,1.228197938993343,1.0267112275969528,1.1118031659128191,1.2272844302341215,1.553769504400196,1.4821093030950447,1.6971462563287734
2025-11-11,1.3556019155772159,0.9496779522930829,0.8298643768749935,1.2288956202627601,1.0323742984390665,1.1102124867486465,1.2301941586064702,1.553228792095896,1.4814700194560413,1.6947181150252906
2025-11-12,1.3552678806516882,0.9474273269599972,0.8278976956594188,1.2353143484762832,1.029927692467344,1.1161963484378499,1.234883775710567,1.5572232490897377,1.4893314420105273,1.7038523653814523
2025-11-13,1.3726996293703657,0.9563457179727959,0.8356909217553741,1.2369830253674925,1.0396226818506522,1.1177041193586588,1.233907580238829,1.5682896778482118,1.4913432481258695,1.706153948838045
2025-11-14,1.365224874489376,0.9489582503183323,0.8292354741723774,1.2362560369924878,1.0315919260364281,1.1112453222976622,1.2269829377914114,1.5635589271703,1.4904667694820277,1.7051512236095359
2025-11-17,1.3533399551420875,0.9462483660074242,0.8268674751579274,1.235276506006949,1.0230248055258062,1.1017748617307879,1.2169976395186939,1.5497772803918464,1.4832265059718208,1.6899359984274753
2025-11-18,1.3448875005289276,0.9420246922796417,0.8231766699141432,1.2320520700988569,1.0182879283871782,1.096431971780568,1.2112988271375258,1.5398729550979113,1.4764435031672347,1.6788906010685
2025-11-19,1.3494942480238403,0.9443893317275338,0.825242980959083,1.2330301611825936,1.0208440013059779,1.101258564279233,1.2118166802915868,1.5483360916055793,1.4826153966293905,1.691594120871887
2025-11-20,1.3512508582678209,0.9472083843855208,0.8277063753884781,1.228682773520455,1.0225656801302754,1.0968259817608137,1.20673713022319,1.5453515214774123,1.4761788792890047,1.6828707777765448
2025-11-21,1.348176173346828,0.947593387636827,0.8280428057357012,1.2223341098459086,1.0228108855687537,1.0901643912783987,1.2068253760736494,1.5372550970497658,1.4663105962813663,1.669066208653485
2025-11-24,1.348438746508889,0.9486417314448561,0.8289588880548707,1.2208827424384279,1.0239424441809817,1.0910681237290705,1.2068706512124898,1.5392251519772384,1.4671764129920524,1.6730190908394937
2025-11-25,1.3505287879892371,0.9534338837998397,0.8331464513423579,1.2156972664155241,1.0291149851230463,1.0968213301265326,1.2125649808695622,1.54356155183851,1.4670570103188825,1.6798526238770155
2025-11-26,1.3538115940695772,0.9535925539144858,0.8332851032669408,1.2184497137421848,1.0292862500586102,1.0941297607710077,1.212766775485633,1.54521936178495,1.468510398405721,1.6793776893781285
2025-11-27,1.3525176624278759,0.9534612083621353,0.8331703285744322,1.2172851568382999,1.0291444786380115,1.1009485532895973,1.2125997318973158,1.546436879146102,1.469667474837268,1.6836292353101125
2025-11-28,1.3534644505000268,0.9522148059689985,0.8320811752011035,1.2119776204691735,1.0277991400654425,1.103353279287615,1.2110145733250546,1.552450774668726,1.4716644467863245,1.6955455009921718
2025-12-01,1.3548547677193477,0.9568377833051877,0.8361209069829569,1.213020602118203,1.0327890773158321,1.1088757876158906,1.2166722768763896,1.5605464916045144,1.479216240650626,1.711487642387177
2025-12-02,1.3545466631833485,0.9551576522883481,0.8353773716100497,1.212744751777135,1.031870651278015,1.1070825014627954,1.2157590933255753,1.559237230428294,1.4779752136094337,1.7090050536369703
2025-12-03,1.3568981160420515,0.9569275704583502,0.8382144981459667,1.2148500407206266,1.03508236268261,1.105893104176775,1.2195431600014108,1.5586798610123171,1.477446892347241,1.7048164598146394
2025-12-04,1.358176648328784,0.9593977820125748,0.840732688668589,1.2159947287279549,1.0364953322138108,1.1111046767508581,1.2212079331529893,1.5627573361742089,1.4813118636971931,1.712129633870392
2025-12-05,1.3636755556838693,0.9646367397641497,0.8480525362772329,1.222432212760255,1.0453468400251147,1.1163182129520368,1.2301161311911382,1.5697175594876431,1.4888316566782072,1.7204486601763171
2025-12-08,1.3584395654034906,0.9658341671882501,0.8481383900257989,1.2223522286409445,1.0454526671300743,1.1103871723777736,1.2239905167154632,1.5659393260883785,1.4880576751473389,1.7187724505498636
2025-12-09,1.351126368484013,0.960795544634742,0.8467251972951123,1.2157716616575627,1.043710703640578,1.0947374859653773,1.2197480616045169,1.5496713428711497,1.4725987765283006,1.6923140858104986
2025-12-10,1.356445088145869,0.9645777239138026,0.8517600536191544,1.2227983391537331,1.0499168888981825,1.1008821777336188,1.2267977211135968,1.553540809951081,1.4776328662520468,1.6941035585501065
2025-12-11,1.357269632811098,0.9686682500810947,0.852419774512335,1.223745443457414,1.050730089875108,1.1017348532852544,1.2277479230922947,1.554596780372295,1.478760376712201,1.6953767878779389
2025-12-12,1.368634971110234,0.9734973352816017,0.859557662869964,1.233992693245294,1.0595285648750816,1.1070436906631573,1.238028688354172,1.5656275837399711,1.4892530749792825,1.7052396944201482
2025-12-15,1.3654187271517413,0.9727370322008692,0.8575377326485851,1.2310928538956867,1.0570387100799308,1.1042576697148145,1.233125259384536,1.5613902803894897,1.485222475933978,1.70001663263707
2025-12-16,1.3637959979529988,0.9696476630333583,0.8565185936181025,1.229629764016623,1.0557824745054958,1.1029453168607422,1.2344914413014663,1.5557886758674009,1.4798941291125642,1.6898391401803299
2025-12-17,1.371690414099983,0.9763683797808079,0.8614766036326501,1.2367475507519083,1.0618939356235437,1.1093297829625162,1.238525580418433,1.5613738821082566,1.4852068775943699,1.6921902853315969
2025-12-18,1.3679241264848025,0.9781344199291524,0.859111223930585,1.2333517794206945,1.0589782646111467,1.106283866056066,1.2337767497657173,1.561439251850578,1.4852690584672505,1.696978271361091
2025-12-19,1.3676492327539487,0.9871396271394003,0.858938579640604,1.2331039289255274,1.0685512653474751,1.1060615507291882,1.2317322696401087,1.5656362808010689,1.4892613477799903,1.7064419856570114
2025-12-22,1.3762844452313532,0.9935368599541405,0.8552388279611846,1.2408896346298715,1.0754760924245952,1.1012973531755472,1.2273274822325615,1.5831363762156399,1.5059077528250036,1.733815604242962
2025-12-23,1.3781496921714134,0.9948833778155373,0.8562553738472786,1.2425713840690702,1.076933660660183,1.0997307570629327,1.2293833183749174,1.587474661676846,1.5100344078675811,1.7409681901789422
2025-12-24,1.3849380447093738,0.9997838753022273,0.8604730313145456,1.2486919184758603,1.0822383132607571,1.1049644128716598,1.2329010032603918,1.5959358642363097,1.518082855698069,1.75095134131037
2025-12-25,1.384245665258258,0.999284048025866,0.860042850450212,1.2480676532761066,1.0816972640981795,1.1000341536599068,1.2371053597824457,1.5970618446918812,1.5191539085290497,1.7542974007540584
2025-12-26,1.397028611334548,1.008512030039036,0.8679849965999367,1.259593050762841,1.0916862986639897,1.1100091829219725,1.253011790740823,1.614162157346293,1.5354200330328447,1.775664957347042
2025-12-29,1.395041023740868,1.007077194715894,0.8667500926067432,1.2578009961832355,1.0901331292257903,1.1084299450574457,1.2488338559181447,1.6060603033370744,1.527713403996941,1.760366292359792
2025-12-30,1.387989623389527,1.0019868035633783,0.8623690014391567,1.2514432918322766,1.0849652096544007,1.1031752870225644,1.2411255987762966,1.5991285817797243,1.5211198259638279,1.7540688668788222
2025-12-31,1.3932786690454404,1.0058049545505072,0.8656551276060929,1.2562120167526574,1.0853241796061386,1.1071951622845886,1.2442707011384928,1.6000564529005403,1.522002433637716,1.7494203928771548
2026-01-05,1.4143764534323646,1.0210354009341764,0.8787633489845063,1.275234263243999,1.101577862038541,1.1239609144109237,1.2690611104714673,1.6182917103076935,1.5393481379729508,1.762804723612433
2026-01-06,1.4321955193839515,1.0338989473429125,0.8898344765003752,1.2913003419639348,1.1182058032348339,1.1381211711178922,1.2797100517605553,1.6449917351358085,1.5647456810989524,1.7987646328991207
2026-01-07,1.4301934256479534,1.0324536400659978,0.8885905597254903,1.2894952083135722,1.1213421138139326,1.1365301695844687,1.2830860596726994,1.6385296048398388,1.5585987867071196,1.7871467474999116
2026-01-08,1.4130153542410588,1.0237753768705133,0.8811215340462087,1.2786563886583422,1.1080605497899139,1.1228792912773147,1.2678887443842302,1.618920150160128,1.5427557146423712,1.765836065334433
2026-01-09,1.413637676020021,1.0237356027818227,0.8810873021171801,1.2790064265155563,1.1085485630379466,1.1226485204128012,1.2664077081664633,1.630330010223082,1.5535002183913076,1.7899489482540993
2026-01-12,1.4256925646704997,1.0319756328919534,0.888179158529491,1.2899132382937344,1.118001784126885,1.132034871732795,1.2769960155904359,1.6472470025201964,1.569619992340936,1.8118315719114833
2026-01-13,1.4128607164635298,1.0262629497569737,0.8832624861410616,1.2783034626070866,1.107939285700127,1.1218460694629109,1.265502500481343,1.6375040023891403,1.560336134019938,1.8067058951664652
2026-01-14,1.4202546149021826,1.0320481620733766,0.8882415814252185,1.2849931850023366,1.1128473146133802,1.1279831251336039,1.2711085142244443,1.64620998114066,1.5686318409056534,1.8164620141061005
2026-01-15,1.4090518755364685,1.0263581467835472,0.8833444183226574,1.2763559018981212,1.1052285704112432,1.1217641893663182,1.2624062866179564,1.6332249422846334,1.5571733810135777,1.8021340546696494
2026-01-16,1.3928884615021944,1.022183070904603,0.8797511015206262,1.2637332280540003,1.098984732707626,1.117201015562355,1.2552744948956924,1.61449001036937,1.540542187752615,1.7814615447524396
2026-01-19,1.398670639161797,1.027683833488179,0.8844853825705187,1.2691898769441656,1.1048987947476574,1.1232131064682436,1.2608197828248273,1.6213266442480752,1.5471940646143145,1.789153682574925
2026-01-20,1.4035846584235165,1.0316077168040358,0.8878625082220993,1.2736489849910901,1.1103330090189818,1.1275017378789984,1.257495782085053,1.6279147507851333,1.5534809404683225,1.7974078712508914
2026-01-21,1.416223876239774,1.0379071314058164,0.8932841563520642,1.2851181378107273,1.1156251327615812,1.1343867202181497,1.2632797376369758,1.6414832213526587,1.566429014320341,1.8111846428482377
2026-01-22,1.4187438193551993,1.0353586695750303,0.8910907996367811,1.2874047993041648,1.1187539632632622,1.1316013638309064,1.2668226733948766,1.6487210279975026,1.573335883779038,1.8239340757110052
2026-01-23,1.4344206394792718,1.0502781924014943,0.9039314218446289,1.2987802004342992,1.1325848926145186,1.147907744290407,1.282484146311752,1.6652514118694655,1.5873688593804134,1.8403541936656223
2026-01-26,1.4472163121785213,1.047446581583511,0.9014943703935675,1.2978948226404932,1.1320015742252372,1.1448129185477651,1.281823624887368,1.6819221756930816,1.595638870324401,1.8607848336090411
2026-01-27,1.4375713479764827,1.0485589874875525,0.902451772592131,1.2885599714805518,1.1327949665410475,1.146028729140884,1.2827220238272334,1.6704093100070847,1.5842955240452627,1.8477116384629464
2026-01-28,1.4707087063466728,1.0620879515745476,0.9140955978488279,1.320747048570204,1.1472219807039021,1.1608152902254083,1.2924240869433232,1.7105242213654857,1.6238698110740954,1.8938658247351776
2026-01-29,1.500621929275253,1.074306750395151,0.924611817523814,1.347390028037528,1.1629781549785119,1.174169898455468,1.3101744957509438,1.747364643891652,1.6587085913942408,1.9369241576269915
2026-01-30,1.4598649054204798,1.0449494332465132,0.900608160967754,1.3049601132308701,1.126355452560554,1.1436875160688045,1.2755659955357193,1.6962683215424104,1.6066133414591675,1.876252370014292
2026-02-02,1.3827841912930119,0.989776212599405,0.8669567801142394,1.2358408625570003,1.0666962767098362,1.100953432758605,1.2396531706267806,1.6049685988121702,1.520005312123721,1.7733439777672604
2026-02-03,1.3849508796144625,1.022570108665517,0.8954238963044256,1.2682379605762397,1.1015441925615594,1.1371039883678407,1.272195301881582,1.6305772057678825,1.5629905895166143,1.827155672183751
2026-02-04,1.4022636560744661,1.0395814474743679,0.9016859351904385,1.2889134507443216,1.1092477088480368,1.1450561877920327,1.2752809073596452,1.653933243652919,1.5883496897590466,1.8566586227807929
2026-02-05,1.4063123357021476,1.0205634027058506,0.8844755384931138,1.2922052226689116,1.088075599624839,1.1232006054173724,1.256968279117717,1.6420022767328117,1.576627097524512,1.8245112620663606
2026-02-06,1.4077048384266502,1.017591036300057,0.8802588024067961,1.2914271916892295,1.0828882004872704,1.1178457478561261,1.2491837388827534,1.6408249002894877,1.5742413849267554,1.8200881827272444
2026-02-09,1.407970527848413,1.0269526280285783,0.8918545224055128,1.291455697067874,1.0926700289866302,1.1325712197951223,1.263543661349293,1.6479274048626837,1.5809244880995563,1.8355015940748627
2026-02-10,1.415184420025882,1.0309096126479458,0.8876699100011551,1.2966737892875682,1.087361071577069,1.1272571562835194,1.2574044799813866,1.655827129754201,1.5876468399993058,1.8436950105112488
2026-02-11,1.4127115912465888,1.033098981822446,0.8891200364331533,1.2941919282868297,1.0894891013169181,1.1290986802324203,1.2594586168306705,1.6600754100958015,1.5915878893697373,1.8563771680072023
2026-02-12,1.4086373909945578,1.030044622965317,0.8864913515674109,1.2928885354747035,1.0862680249777636,1.1257604981073572,1.2557350253363508,1.6569238031117985,1.590059888454402,1.854682320125789
2026-02-13,1.4044946060364445,1.014312745634747,0.8829299498702574,1.2906308361496508,1.0696774473114539,1.1212378534797938,1.2506902193802627,1.6428240028905046,1.577478931637194,1.8285716155605993
2026-02-24,1.4313556904868523,1.0430533347023774,0.8871218736489848,1.3123949818240317,1.0745777204891471,1.1265612017480249,1.2445633234538334,1.679950364235072,1.6113444989354273,1.8762482049025242
2026-02-25,1.418432437327532,1.040266289429446,0.8846036246053572,1.3128329271925752,1.071527345566258,1.1273572300949461,1.2452353049005105,1.6751560892249198,1.6142890222922734,1.882479303206867
2026-02-26,1.4133225398676559,1.035728703501724,0.8807450308977568,1.3073865547054042,1.0668534005833077,1.1260567824987078,1.2476546092493872,1.6687811062923759,1.6077049191068398,1.8749329812167417
2026-02-27,1.412652290248726,1.0394178662189164,0.8838821571745078,1.3120723234945897,1.0703501348389646,1.1263421041043142,1.2484067063016786,1.6712592832817579,1.6133546789128248,1.8813907777142367
2026-03-02,1.448658867299473,1.0756917839897433,0.9147281429233197,1.345220652777742,1.1068219677061109,1.1353615974723905,1.257167377063675,1.7210321496620347,1.661221925750712,1.9454985568129963
2026-03-03,1.4788309428886348,1.0825773354005275,0.9205833588399356,1.355193986473747,1.1152123073114983,1.1424398711057009,1.229673501675879,1.74547782817508,1.6736764969847941,1.9602465416468016
2026-03-04,1.4974835632377128,1.107931462343375,0.9430544072206606,1.370114561338081,1.1415166190109562,1.1703263426231043,1.2582676977704093,1.7770708937351998,1.7026283705479894,2.0064825235322306
2026-03-05,1.5141886225315355,1.1184817708988355,0.9504790240701866,1.3853104456016958,1.152386743166722,1.1795402592501336,1.270249587361999,1.795443984362309,1.7201769244794891,2.025589309875882
2026-03-06,1.530324608461272,1.1287878175395742,0.9512132986660851,1.39821218738002,1.1630052010014895,1.1804514907715804,1.271019186394949,1.8132824753002266,1.736112271440393,2.044253733781322
2026-03-09,1.5883885426450584,1.1718300527597385,0.9873258371920147,1.4511242482759765,1.207352192212728,1.2252669911417498,1.3192730632070688,1.8822539491292043,1.8020619968196558,2.1222039461169806
2026-03-10,1.5434617132476054,1.1440659522890357,0.9639331842415615,1.4069490025522822,1.1787464677826596,1.196236812435051,1.2880156041677564,1.8333365454042643,1.7532846613985809,2.071922692926255
2026-03-11,1.5739202919821225,1.1652529912145182,0.9817843315947611,1.433519359006758,1.2005757576467782,1.218390007238591,1.3118684569578696,1.86840186593342,1.7860747312269625,2.1102927769741093
2026-03-12,1.6097483616335313,1.1912407253874588,1.0036803064749027,1.465012190237369,1.2273512680976735,1.2455628150887403,1.341126042208737,1.9105023882773002,1.8256104922919767,2.1573570009053604
2026-03-13,1.6199001221535956,1.1960014292260268,1.0076914392257377,1.4740070139608752,1.2322562850004521,1.2505406130674332,1.3464857514270983,1.9203441996442112,1.8348628551447645,2.1659787156742465
2026-03-16,1.6221461191924749,1.1953148222265348,1.0071129382485704,1.4820338088281944,1.2315488646163504,1.2498226959169187,1.345712753570194,1.9211242607156402,1.8393320997773237,2.16473525884335
2026-03-17,1.6148493460319748,1.188419714215366,1.0013034624857464,1.4751202862925605,1.224444742518421,1.2426131622251129,1.337950083338606,1.9112624891470136,1.8297369169753468,2.1522481021982856
2026-03-18,1.5971751144948183,1.1724218887263536,0.9878244888009595,1.4589753638270966,1.2079619687328302,1.2258858155799488,1.3199393656685507,1.8879391190388137,1.8074084134037112,2.1232757710124477
2026-03-19,1.6205832880644744,1.1729992414768307,0.9883109375708792,1.5025420711874384,1.2085568230014394,1.2264894963489634,1.3205893625941962,1.9022387748313805,1.8348391000660051,2.124321366559753
2026-03-20,1.601387842812199,1.1520958146412232,0.9706987476871642,1.4849952213292508,1.187019742470613,1.204632846706724,1.2970558067786664,1.8740235611393485,1.8077765044165128,2.0864649087795315
2026-03-23,1.6676043556612712,1.1524659147715695,0.9710105756866071,1.5463989628371666,1.1874010615899337,1.205019823872963,1.2974724739664598,1.9130694929754553,1.8454421558149658,2.0871351663439537
2026-03-24,1.5985019696690732,1.1043257409512004,0.9502587630005256,1.4805295206272964,1.13780159598599,1.1792669162382088,1.2697437278340504,1.8529900487354443,1.7864187057448477,2.0425302576982602
2026-03-25,1.5752958011709663,1.0882937499323744,0.9527618602692963,1.458789256050015,1.1273862008398716,1.1823732488626688,1.2730883873951415,1.841980206504978,1.7756555397678906,2.0479105310601
2026-03-26,1.5916608698494563,1.0995995643367396,0.9562307164092595,1.4739439884786525,1.1313029390492628,1.186678083968984,1.277723502058614,1.8549011556471944,1.7881112408891142,2.055366651331072
2026-03-27,1.5969553536740124,1.1032572606570747,0.9622080629468516,1.4742524091012672,1.1383746525904117,1.1940959445487864,1.2857104826271835,1.8637836608523262,1.7938870140917256,2.0682146372051817
2026-03-30,1.605864278373306,1.109411994937235,0.9722168612259698,1.4822311029273394,1.1502159192588122,1.2065168188847377,1.2990843228198676,1.878675851557924,1.8080712190316937,2.0897280124291533
2026-03-31,1.593931046941342,1.1011679171111852,0.9652377699129615,1.4712165937779085,1.141959055743752,1.1978557974753181,1.289758802481921,1.8649525310833692,1.7948636501160584,2.074726829874365
2026-04-01,1.5308915682820718,1.05761706744036,0.9431998333141318,1.4130304336898682,1.1158862868847281,1.1705068157610177,1.260311526792075,1.8067834453613123,1.7388806823016687,2.027357466840855
2026-04-02,1.5871078423625806,1.0964541034312045,0.9653324363987414,1.4649186978819235,1.1420710543145511,1.197973278164898,1.2898852966340775,1.8611556197713532,1.7912094348033,2.0749303104094823
2026-04-03,1.5870737021224446,1.0964305176323128,0.9694512842013429,1.4658282422358315,1.145284578887631,1.2030847500457686,1.297349874591234,1.8651061600707988,1.7955868372325514,2.083783552906403
2026-04-07,1.5758704032809407,1.0906085069648235,0.9657447440795636,1.4586391569165291,1.1396761990233741,1.1984849501707093,1.2921734422860713,1.8549577165295998,1.7877510839853192,2.075816543661256
2026-04-08,1.5137868320844319,1.0475198003560293,0.9417511491613302,1.3979698619485526,1.1048304668879574,1.1687090051435356,1.260069839001271,1.7953755254164674,1.728364017773305,2.024243597933609
2026-04-09,1.51418484277825,1.0597140036063113,0.9452909018939343,1.4028506414895467,1.1105204834776397,1.1731018226073209,1.2648060537219528,1.798985680982073,1.7346293599059472,2.0318521066289508
2026-04-10,1.5036179426898448,1.0515418257544,0.9421609371773294,1.391726828492487,1.1044591156029975,1.1692175502564612,1.2606181383262092,1.7897301522831421,1.7248802678566104,2.025124415300952
2026-04-13,1.49605084786386,1.0564952349903742,0.9488459018492893,1.3816200805390109,1.107919992481666,1.177513561807011,1.2695626693367923,1.7915760457684708,1.724736527834289,2.0394933884120316
2026-04-14,1.487886716454201,1.05526777970418,0.9556157858088583,1.3717624128152743,1.109966956954603,1.1859149578173807,1.278620822967492,1.7930789449411513,1.724736527834289,2.05404489097841
2026-04-15,1.4923054044214685,1.0497948076834591,0.9551326371587058,1.376294224708287,1.1061150290268142,1.1853153724823808,1.2779743665842387,1.7952881846402333,1.7271494800865292,2.05300638886159
2026-04-16,1.495519711735562,1.056279264730427,0.9638531390079725,1.3663797552570391,1.114083197074004,1.1961374766546826,1.2896424610389166,1.805417261675239,1.7288130746162762,2.071750639988723
2026-04-17,1.4959131349517434,1.056902953353258,0.9609384513350299,1.366511475938045,1.1105285338302795,1.1925203621615572,1.2857425878823459,1.8029249483828345,1.7262824428798562,2.065485675122809
2026-04-20,1.5018787165725125,1.0469209842528318,0.953056242438558,1.371961014119745,1.1014192949638548,1.182738575830919,1.2751961354527452,1.7991255581308152,1.722644565057159,2.048543289748002
2026-04-21,1.4990886693018541,1.046819103142581,0.9504958376772492,1.3694123155859312,1.09999401817939,1.179561124862031,1.271770295390608,1.7950377425600932,1.7187305229026044,2.0430398370038096
2026-04-22,1.4924966217376394,1.0537640727999082,0.9582623564916589,1.3630320581399806,1.1071871771099342,1.1891993403132153,1.2751171092236513,1.7984246630439926,1.7217485255264529,2.0597335527505867
2026-04-23,1.4835947654761081,1.0625761598967975,0.963266347856974,1.3500019995706738,1.1124654477423674,1.19540927143516,1.2862704928671405,1.7977570308471371,1.7180143372886714,2.0704893638737
2026-04-24,1.485700124326244,1.0622828357801155,0.9595494976206898,1.3413724386026085,1.1119729407813332,1.190796676753663,1.2827393554968485,1.7955642190305576,1.7092087851419357,2.0625001935902585
2026-04-27,1.475820617888007,1.066699878919639,0.9668629887674963,1.3467306800481296,1.1176412484079723,1.1998726868757874,1.2912265167053454,1.7964369220206982,1.7191362056247719,2.0782201506571027
2026-04-28,1.4626241342520285,1.0786580641622097,0.9706386826810999,1.3391864373774136,1.1282135499219301,1.2045583063002223,1.29439941465301,1.7919128681271617,1.717677693087349,2.0863358022697134
2026-04-29,1.4656171872607582,1.080118968522148,0.9667248500661454,1.3335083053667178,1.1274246840350497,1.1997012573592198,1.2871706150184297,1.790133618937275,1.7105731976021121,2.077923228925618
2026-04-30,1.4530265054511535,1.0851833389130103,0.9707053711100024,1.324948797261122,1.1304921726547894,1.2046410663451308,1.2922560534964103,1.786129832637094,1.7086049640217496,2.086479145471771
2026-05-06,1.457374859209921,1.07735490854597,0.9728590319650452,1.3319995587809907,1.1284166074867654,1.2073137499277897,1.2951231245562158,1.790783838507797,1.7150465675986286,2.091108323999265
2026-05-07,1.4856730434026357,1.0520709865919093,0.9550428085147505,1.301765989287954,1.1031800787730872,1.1852038955330788,1.2714051939777944,1.7917723223461839,1.6798785553057838,2.052813307008067
2026-05-08,1.4941677251895047,1.0469853276147973,0.9543727965421835,1.3093691408081423,1.1022168454305301,1.1843724136425706,1.2705132374138015,1.796266249691874,1.684195080595863,2.0513731521994263
2026-05-11,1.48319145572933,1.0585745335496368,0.9615966871887691,1.300181816467431,1.1133987274061128,1.1933372299407565,1.2801300755355187,1.7964666938772373,1.6846604665407692,2.0669005177954713
2026-05-12,1.482637252800056,1.06333059127272,0.9669534259297048,1.2996959961314984,1.1178714547271023,1.1999849189935472,1.2872612589728343,1.801134826296154,1.6890380696243827,2.0784145404879824
2026-05-13,1.4928137978600868,1.0642892206132,0.9679628410404227,1.2947015697763224,1.1067650758780532,1.2012375986753023,1.2886050475477593,1.8082562666400759,1.6866743856657342,2.080584224143105
2026-05-14,1.4982161256826856,1.0526861556006202,0.9571093799582839,1.2900729038739398,1.0943300100587794,1.1877685015417692,1.274156326852268,1.8013905035316522,1.6742033118700999,2.0572552915153017
2026-05-15,1.4824198149158516,1.059996295462436,0.955941026640072,1.2809109496713278,1.0928117617633053,1.1863185802484428,1.2726009510471918,1.7907946138630515,1.6689198436347326,2.0547439787055204
2026-05-18,1.4711039142432183,1.069128251688402,0.9627234990828327,1.2766307298180755,1.103184119112302,1.1947355985106998,1.2816301491259126,1.7903125999804963,1.672121552705867,2.0693225395415187
2026-05-19,1.4770334331763233,1.0719081646202153,0.9651561279493958,1.2762842386528408,1.1053476505143989,1.1977544801601208,1.2848685976524015,1.7961825689295015,1.6740072118963039,2.074551344851365
2026-05-20,1.4837456147494914,1.0690659354544811,0.9576083247274397,1.2730738799771948,1.1022325299260234,1.188387689790492,1.274820549403715,1.7932404885412643,1.6653562044025145,2.058327746542923
2026-05-21,1.485860528745092,1.0608213019911257,0.953050861152471,1.2654993081387742,1.0937321157801327,1.1827318976787191,1.268753404759601,1.7902513125536768,1.6564390182874742,2.0485317229621054
2026-05-22,1.5011151520525055,1.0522618974511195,0.9454822995577497,1.2689103174394676,1.0849071651312463,1.1733393462604262,1.2586777218303358,1.7923325877443324,1.6520941642375186,2.032263505644479
2026-05-25,1.519698531579642,1.0378630954995287,0.9343297095649956,1.2627151401550467,1.0700616561905292,1.1594990314736455,1.243830784377193,1.7928559970676063,1.638317397413319,2.0082916114627567
2026-05-26,1.5204877800893257,1.0371026938978694,0.9316547127326891,1.2631604729876726,1.0692776639657646,1.1561793722521716,1.240269682365695,1.7907550690726204,1.6362610364143415,2.0025418492064415
2026-05-27,1.5224547402918114,1.040075599611905,0.9296210360180617,1.2647945449034455,1.071041577060199,1.1536555884563648,1.2375623407525267,1.7899588746186372,1.6355335321425617,1.998170570155158
2026-05-28,1.5220596133015847,1.0471146824967212,0.9282933974884081,1.2644662891934024,1.0776354895948708,1.1488387102906605,1.2357949157666754,1.788448432949506,1.6341534009936067,1.9953168823243392
2026-05-29,1.5276331500116411,1.0462002372508254,0.927419498951865,1.2684634829034231,1.0660746320706698,1.1475657165341233,1.2346315342632868,1.790881112046973,1.6359671211079796,1.9934384842789359
2026-06-01,1.5163702061779858,1.0459588143119931,0.933315043149495,1.2588999363321256,1.0749419401621485,1.1548607156247808,1.2424800049782794,1.7899714581487904,1.6349998230879594,2.006110640409581
2026-06-02,1.5148502127599437,1.050921830694147,0.940016195130878,1.2576380283828645,1.0801026097482045,1.1631525536590368,1.2514009448134422,1.795500283503536,1.6400499753882882,2.0205144072742933
2026-06-03,1.5097507916497148,1.0491654264737464,0.9424752390343376,1.2480444032741833,1.0878419666231098,1.1661953131462501,1.2546745584810224,1.794826676194024,1.6359397404109581,2.0257999902895607
2026-06-04,1.5209228735971367,1.041737587908376,0.9318685671264691,1.2538017698532737,1.0781305009853912,1.1530708823339246,1.240554377025016,1.7913679483446185,1.6305076445553266,2.003001517758887
2026-06-05,1.5236832446855595,1.0491925749262807,0.930177289353243,1.2558683674295827,1.0774346147785634,1.1509781374737142,1.2383028555998319,1.7913679483446185,1.6303717689182804,1.9993662068725353
2026-06-08,1.5176969232368311,1.052049765394048,0.9307946222593422,1.2509342502034826,1.0827120241965038,1.1517420097877302,1.239124682910849,1.7884433818732364,1.6277100429363722,2.0006931308524827
2026-06-09,1.5408009169405477,1.0559892933450086,0.9164554773488969,1.2529925197317582,1.0866915098756824,1.1351287159697456,1.2223639089537424,1.7899606616023838,1.6180407001496042,1.9736311525171135
2026-06-10,1.5482080858244902,1.061456381173106,0.9194150299233478,1.2609624319865256,1.0953974856453974,1.135788342346589,1.2143850888522352,1.7884212783291473,1.6179058634245918,1.9607485340126596
2026-06-11,1.5427737596976707,1.0626456522082166,0.9279532070555768,1.260371771836955,1.0943336375638675,1.1436112307079822,1.2149539312380369,1.78570139837139,1.6179058634245918,1.9616669880387207
2026-06-12,1.5452046006782552,1.0713789080176097,0.9205924585479022,1.2625677136691904,1.1016592422350453,1.134349228903755,1.212837120768729,1.7855525899215259,1.6179058634245918,1.9582491817245795
2026-06-15,1.565072290706014,1.0644507529932217,0.8995595114030678,1.250366023429662,1.1189034581939903,1.108243482859728,1.1972428933382542,1.7855525899215259,1.5996867626993296,1.9330707116873178
2026-06-16,1.575882810633946,1.063341551676726,0.8924581278184058,1.2547176732461909,1.1231705465647512,1.0989922536441485,1.188973103991227,1.7855525899215259,1.596945650926247,1.9197182936712973
2026-06-17,1.5823536513643937,1.0702073231785776,0.8884081504368566,1.263028239501069,1.1306098163238236,1.0938218584691592,1.184090979802298,1.7855525899215259,1.5989556357336774,1.9118356064296766
2026-06-18,1.5828311575458132,1.0684670496161064,0.8897040552226362,1.2609744181467823,1.12877132173478,1.0954173964890248,1.1837336571761385,1.7855525899215259,1.5974143397288143,1.9112586726202587
2026-06-22,1.5912353979531093,1.0746157175823519,0.8916325730495125,1.2682309011744057,1.1352670204740727,1.0977918174715962,1.1774484749659644,1.7855525899215259,1.5977697946330707,1.9011106051598383
2026-06-23,1.6158212784198547,1.0863751045846946,0.8840212762396276,1.2821089952048859,1.1476901071890018,1.0884206710926994,1.1573206801394476,1.7855525899215259,1.5941684722388185,1.8717369008338496
2026-06-24,1.6244980089993293,1.0921039017608887,0.879884624388476,1.2887800534274703,1.15374223763406,1.0833275613396636,1.1509131458178072,1.7855525899215259,1.594035624866132,1.8616859397398862
2026-06-25,1.6672834130432919,1.1126760957741026,0.8718104698896998,1.3227234470199685,1.1754755261202359,1.0644835524466387,1.1196292675253587,1.7855525899215259,1.594035624866132,1.8126535711598837
2026-06-26,1.6569977927966917,1.1070577313255097,0.8693683393595701,1.3145634479694843,1.1695400612250813,1.0664523333249427,1.121514060422644,1.7855525899215259,1.594035624866132,1.8238359928919894
2026-06-29,1.6466290242414992,1.1059438630077694,0.8737581130329545,1.3050870132542087,1.168363326187996,1.0709444471333005,1.1317324045597135,1.7855525899215259,1.5932774663619722,1.8352487620430025
2026-06-30,1.659950353788726,1.1153555786972615,0.8782104886314517,1.3154277325347266,1.1783062390391101,1.0652850110778922,1.1256380014153933,1.7855525899215259,1.5931446932397755,1.820401487277166
2026-07-01,1.6775165454745176,1.1222274525915534,0.880964000761114,1.3293480619263682,1.1855659614435041,1.0586134624555272,1.1180699699809107,1.7855525899215259,1.5931446932397755,1.8011373439866005
2026-07-02,1.6868195796837864,1.1285611185741546,0.8797106061795448,1.3367202518040115,1.1922570994857826,1.0442882574697574,1.1243999543855372,1.7855525899215259,1.5931446932397755,1.7911487436524325
2026-07-03,1.660826887921803,1.1170549683845765,0.8743274779584177,1.3161223420479156,1.1801015422673962,1.0375499490228595,1.1354977739047631,1.7839043375489518,1.5916740535424023,1.815442237318552
2026-07-06,1.66695208372127,1.11305698579311,0.8797538412606722,1.3112777384208087,1.1758779135690067,1.0444978027687912,1.1336257798728786,1.7903284810107578,1.5915414140379405,1.8218222475687984
2026-07-07,1.6626932021824083,1.1079196842028283,0.8815076603859157,1.307709019917355,1.1727157626362958,1.047416799054462,1.1349149657533462,1.792202034719676,1.5930743114111066,1.830289828547069
2026-07-08,1.6430451886336639,1.0936693355473306,0.8753131156155208,1.292255847613874,1.158402246770863,1.042111028627106,1.1287473765270466,1.7927906068164718,1.5935974885248771,1.8531204890088013
2026-07-09,1.638804715840486,1.0917632566872748,0.8748676454171627,1.28892071367992,1.1565764165436447,1.0462414121659904,1.1263029163274707,1.7928885414065976,1.5936845418127907,1.858105597598196
2026-07-10,1.6453300705145921,1.0980506682909394,0.8757694756738656,1.2940529083351262,1.1632370839890451,1.0420896563633015,1.1269982630373878,1.7925948178578706,1.5934234532574445,1.8500982200239915
2026-07-13,1.6428069066506172,1.0942139411643317,0.8754396435793299,1.2920684387172083,1.1591725873281002,1.048443794494529,1.1197610631957535,1.792692805986103,1.5935105541349606,1.8531376649354092
2026-07-14,1.6046167423586628,1.0733068887973414,0.8706722510131683,1.2620318557497898,1.13702437565401,1.0749428947649817,1.1172077087741086,1.792594844630583,1.5934234770554985,1.8960148381664272
2026-07-15,1.6114037041535085,1.0771608223824525,0.8693274821868568,1.2673698045339097,1.1411071002448612,1.072459211669886,1.1143724808998225,1.7942606428353913,1.5949041919953686,1.8915191712631954
2026-07-16,1.6155245926953552,1.0806395138281735,0.8706236275547323,1.2706108853954743,1.1447923062287675,1.0694889331533375,1.1116438182285713,1.7943581782041051,1.594990890418505,1.886887580082467
2026-07-17,1.6234809168797517,1.0825786419533703,0.8705629245278431,1.276868538273146,1.1468465518214102,1.0696750979892105,1.1054441586236845,1.7937731249995965,1.5944708412204485,1.8763643706538922
2026-07-20,1.6007703219306963,1.0689008349598008,0.8697637407815353,1.2590066441945587,1.1323567538712584,1.0937156328516373,1.101553181457641,1.800414558763071,1.6003743595261761,1.9165069633527214
2026-07-21,1.577852545826736,1.0772830631520194,0.8714652003027551,1.2409818020359105,1.1412365979087136,1.0841055292063448,1.100868995134295,1.7871174519560424,1.5885546657305039,1.9156360184493992
2026-07-22,1.5940190154038563,1.062839997994621,0.8650028828784744,1.246054598201458,1.1259361117993563,1.0953938160712644,1.1166477874061682,1.8090801443146514,1.6031858591735246,1.9430928938244245
2026-07-23,1.6038469032948803,1.0574113758107078,0.8633261235150743,1.2533309801038879,1.1201852163064168,1.102147441665964,1.1260285691918803,1.8222559638569529,1.61460084638728,1.959416510484854
2026-07-24,1.6126456740891635,1.0602102116019394,0.8614489993611824,1.2542424877054652,1.123150206610028,1.1102660109835647,1.1249181238098689,1.826355931028765,1.6143918420702177,1.9574842104748582
2026-07-27,1.571947410009455,1.0765038723644,0.863123642857556,1.2280473164903027,1.1404111500074137,1.0827243269584754,1.101611410959864,1.7843903448893992,1.5808093932580773,1.9169279055880264
2026-07-28,1.5651816229559792,1.0774507216809477,0.8640874401938864,1.2178812093968125,1.1414142095835917,1.0776752016468212,1.0924919744130417,1.773164433282891,1.5677230264947948,1.9010590590728915
2026-07-29,1.577464386163764,1.0705612978975503,0.8617353305833062,1.2272355523140677,1.134115791155745,1.0824966900030002,1.0926513073175235,1.7867788392611919,1.5796294040357797,1.9153332665597593
2026-07-30,1.5954518673578049,1.0547862068623872,0.8568116588898783,1.2397294807716397,1.1174042026787159,1.0922248791765763,1.1037750946271043,1.806210053967223,1.595842530227942,1.9351516279211838
2026-07-31,1.5819592318064626,1.0631968880740974,0.8606137048951529,1.2324802223220075,1.126314188865691,1.082910949540404,1.0973208229046647,1.7932916886997425,1.5865109178673673,1.9238359219485424
2026-08-03,1.5794767714309896,1.067283895737012,0.8674942142227006,1.2303407620723121,1.1306438241123498,1.0810588521481121,1.0949153373682252,1.7899190666946814,1.583394976715685,1.9196185960871048
2026-08-04,1.5897033377462715,1.063606553920967,0.8667774709447689,1.2383067933690735,1.126748174763504,1.0854669640347019,1.0963869317435568,1.8014543403831458,1.5935992897224645,1.9319319939298751
2026-08-05,1.5588960194828563,1.075588701618301,0.8676295972084757,1.2143092898190375,1.1394416496184183,1.0648112933413032,1.1069423735511026,1.774644916250289,1.5698831852960253,1.91186904845126
2026-08-06,1.5692082134686565,1.069523781760914,0.8625349805355762,1.2223420211871805,1.133016682271042,1.0652266414860987,1.107517741869846,1.7865321896638784,1.5803988836648242,1.9248348257868657
2026-08-07,1.5909530305098378,1.0605324034707093,0.8596110030169819,1.2392802473475637,1.1234915255862241,1.0727805738041944,1.111256526812416,1.811288506428593,1.6022987719539734,1.9515076285175568
2026-08-10,1.587718706392638,1.0602222669538843,0.8530360477028927,1.2367608555647145,1.1231629776349428,1.064373258167339,1.1092065191966025,1.8076062518382916,1.5990413825391334,1.9475403158019884
2026-08-11,1.6091062281073434,1.045370009469255,0.8454977484803166,1.2534207648721927,1.1074290072581796,1.076305607173956,1.1013834596463212,1.8319557904607007,1.620581427481648,1.9737748500597077
2026-08-12,1.6097087110690276,1.0466208438680322,0.8467051433866628,1.2538900717715544,1.1070649141506952,1.0727633994222496,1.1016122766949066,1.8326417129504853,1.621188206997521,1.9745138725658602
2026-08-13,1.6042584954400592,1.0481205750449487,0.8470370375154869,1.2507408484145148,1.1084667464437432,1.0710340455575031,1.0978823941352733,1.8264366819175173,1.6164078075159356,1.9678284851452215
2026-08-14,1.6072700525505248,1.048504717727734,0.8525560864294078,1.2453977105243308,1.1088730063721288,1.0795756074378513,1.099943368435806,1.829865317883528,1.614472359957757,1.9715225455996062
2026-08-17,1.6254378115979529,1.043871720183823,0.8541026366690733,1.2592674833193314,1.1039732612129798,1.085027746875478,1.1123765659882936,1.8505491800209444,1.6325869908430113,1.9938076286248183
2026-08-18,1.6408898231516267,1.0359553661757124,0.8512059587939003,1.2712385446312908,1.0956011183698808,1.0949042486186356,1.122951228043675,1.8681411832992576,1.6481069651323283,2.012761499571764
2026-08-19,1.6277891211364883,1.0413036415784054,0.8504571991699043,1.2610891018543313,1.1012573239399832,1.0902992516404375,1.1139856965323163,1.8532261289066325,1.6349486421696064,1.9966918108812786
2026-08-20,1.6356004370876274,1.0396892527692638,0.8484489435132768,1.2671407244442678,1.099549985725878,1.086053949036396,1.119331410008143,1.86211925556157,1.6427943147091528,2.0062733902083085
2026-08-21,1.6431951736544739,1.0325025251864144,0.8421899726108363,1.2730245575474268,1.0919494779875416,1.08393722407489,1.1245289062897814,1.870765808155567,1.650422455281153,2.015589307185463
2026-08-24,1.6454113440663236,1.039367569463179,0.839579652488895,1.2780850687434306,1.092248054154859,1.0774696893671114,1.126045553690739,1.8732889021239565,1.6548157834733739,2.0183077239971987
2026-08-25,1.6469457445750226,1.0391219248455488,0.8429646787633669,1.2732084314045775,1.0918078703963776,1.0795530755011364,1.127095628419245,1.8750358059937546,1.6524303267205875,2.0201898627156294
2026-08-26,1.6285157693595678,1.0583498087184502,0.8471392054605587,1.2585363219454915,1.1120106535747054,1.0677296968558914,1.1144829819094024,1.8540534126475352,1.6336635718040993,1.9975831379810696
2026-08-27,1.6388201218556346,1.0515876619466886,0.8454368702815727,1.2690009850186996,1.104905649927244,1.078263404888497,1.1237498490654316,1.8676273061243622,1.6472473981552345,2.0141929363120226
