日期,上证50ETF
2005-02-23,-1.2401352874859106
2005-02-24,0.0
2005-02-25,0.45662100456620447
2005-02-28,-0.909090909090915
2005-03-01,-0.5733944954128489
2005-03-02,-0.9227220299884653
2005-03-03,0.0
2005-03-04,0.11641443538998875
2005-03-07,0.23255813953488857
2005-03-08,1.39211136890951
2005-03-09,-0.11441647597254523
2005-03-10,-2.290950744558995
2005-03-11,0.23446658851113966
2005-03-14,0.23391812865496409
2005-03-15,-1.6336056009334854
2005-03-16,-1.0676156583629859
2005-03-17,-0.7194244604316502
2005-03-18,-0.48309178743961567
2005-03-21,0.0
2005-03-22,-1.941747572815522
2005-03-23,-0.4950495049504955
2005-03-24,0.24875621890547706
2005-03-25,-0.1240694789081842
2005-03-28,-0.3726708074534124
2005-03-29,0.37406483790523026
2005-03-30,-1.4906832298136607
2005-03-31,0.12610340479193294
2005-04-01,4.4080604534004975
2005-04-04,-2.2919179734619877
2005-04-05,-0.6172839506172867
2005-04-06,1.6149068322981242
2005-04-07,0.7334963325183352
2005-04-08,1.4563106796116498
2005-04-11,-0.7177033492822948
2005-04-12,-1.0843373493975905
2005-04-13,2.3142509135201106
2005-04-14,-1.4285714285714346
2005-04-15,-1.2077294685990392
2005-04-18,-1.2224938875305513
2005-04-19,0.3712871287128605
2005-04-20,-1.7262638717632561
2005-04-21,0.0
2005-04-22,0.12547051442910462
2005-04-25,-1.0025062656641603
2005-04-26,0.37974683544304
2005-04-27,-0.6305170239596425
2005-04-28,1.1421319796954377
2005-04-29,-1.129234629861986
2005-05-09,-1.0152284263959421
2005-05-10,0.38461538461538325
2005-05-11,-0.7662835249042099
2005-05-12,-2.187902187902191
2005-05-13,0.2631578947368318
2005-05-16,-1.5748031496062964
2005-05-17,0.5333333333333412
2005-05-18,0.13262599469496816
2005-05-19,0.0
2005-05-20,0.26490066225166586
2005-05-23,-1.8494055482166427
2005-05-24,-0.2691790040376896
2005-05-25,0.26990553306343035
2005-05-26,-0.9421265141319024
2005-05-27,-0.8152173913043459
2005-05-30,0.8219178082191858
2005-05-31,0.27173913043478937
2005-06-01,-1.6260162601625994
2005-06-02,-2.617079889807161
2005-06-03,-0.28288543140028155
2005-06-06,2.127659574468077
2005-06-07,0.0
2005-06-08,8.472222222222236
2005-06-09,1.0243277848911658
2005-06-10,-1.7743979721166037
2005-06-13,-0.1290322580645209
2005-06-14,-0.7751937984496138
2005-06-15,-1.692708333333337
2005-06-16,1.4569536423841178
2005-06-17,0.7832898172323688
2005-06-20,4.145077720207246
2005-06-21,-1.243781094527363
2005-06-22,0.5037783375314797
2005-06-23,-0.5012531328320802
2005-06-24,0.0
2005-06-27,1.7632241813602123
2005-06-28,-0.7425742574257432
2005-06-29,-1.3715710723191998
2005-06-30,-2.7812895069532217
2005-07-01,-0.2600780234070177
2005-07-04,-0.7822685788787531
2005-07-05,-0.9198423127463884
2005-07-06,-0.5305039787798393
2005-07-07,0.0
2005-07-08,-0.9333333333333305
2005-07-11,-0.2691790040376896
2005-07-12,4.183535762483137
2005-07-13,-0.90673575129534
2005-07-14,0.39215686274509665
2005-07-15,-0.26041666666666297
2005-07-18,-0.26109660574412663
2005-07-19,-0.13089005235602524
2005-07-20,1.1795543905635641
2005-07-21,0.38860103626943143
2005-07-22,1.5483870967741842
2005-07-25,-0.3811944091486663
2005-07-26,1.5306122448979664
2005-07-27,0.8793969849246297
2005-07-28,-0.49813200498132204
2005-07-29,-0.25031289111389077
2005-08-01,0.12547051442910462
2005-08-02,0.8771929824561431
2005-08-03,0.248447204968949
2005-08-04,-0.24783147459727095
2005-08-05,2.7329192546583725
2005-08-08,0.12091898428052694
2005-08-09,0.12077294685990392
2005-08-10,0.12062726176116367
2005-08-11,1.2048192771084265
2005-08-12,-0.4761904761904745
2005-08-15,2.1531100478468845
2005-08-16,-1.756440281030447
2005-08-17,1.3110846245530494
2005-08-18,-3.0588235294117694
2005-08-19,0.728155339805836
2005-08-22,0.7228915662650603
2005-08-23,-0.7177033492822948
2005-08-24,1.2048192771084265
2005-08-25,0.0
2005-08-26,0.0
2005-08-29,-1.1904761904761862
2005-08-30,-0.48192771084337727
2005-08-31,1.0895883777239712
2005-09-01,1.0778443113772518
2005-09-02,0.11848341232227888
2005-09-05,0.0
2005-09-06,-1.3017751479289963
2005-09-07,0.5995203836930418
2005-09-08,0.23837902264600697
2005-09-09,0.0
2005-09-12,-0.11890606420927874
2005-09-13,0.5952380952380931
2005-09-14,0.591715976331364
2005-09-15,-0.23529411764705577
2005-09-16,-0.2358490566037763
2005-09-19,-0.11820330969266601
2005-09-20,-0.7100591715976323
2005-09-21,-1.0727056019070313
2005-09-22,-2.048192771084334
2005-09-23,-0.6150061500614923
2005-09-26,0.4950495049504955
2005-09-27,-1.4778325123152691
2005-09-28,0.24999999999999467
2005-09-29,0.8728179551122262
2005-09-30,-0.12360939431397266
2005-10-10,-1.1138613861386149
2005-10-11,1.001251564455563
2005-10-12,-0.12391573729864103
2005-10-13,-0.8684863523573227
2005-10-14,-1.8773466833541974
2005-10-17,-0.3826530612244916
2005-10-18,0.1280409731113874
2005-10-19,-0.12787723785165905
2005-10-20,1.1523687580025532
2005-10-21,-0.12658227848101333
2005-10-24,-0.25348542458808465
2005-10-25,-0.8894536213468918
2005-10-26,-2.179487179487183
2005-10-27,0.2621231979030192
2005-10-28,-0.6535947712418277
2005-10-31,1.3157894736842035
2005-11-01,-0.3896103896103953
2005-11-02,0.7822685788787531
2005-11-03,-0.9055627425614499
2005-11-04,0.5221932114882533
2005-11-07,-0.5194805194805197
2005-11-08,0.7832898172323688
2005-11-09,-0.7772020725388629
2005-11-10,-1.436031331592691
2005-11-11,0.13245033112583293
2005-11-14,-0.5291005291005346
2005-11-15,0.0
2005-11-16,0.3989361702127603
2005-11-17,0.26490066225166586
2005-11-18,2.245706737120212
2005-11-21,0.12919896640826156
2005-11-22,-1.806451612903226
2005-11-23,0.6570302233902758
2005-11-24,1.305483028720622
2005-11-25,0.9020618556700999
2005-11-28,-0.6385696040868472
2005-11-29,-1.0282776349614386
2005-11-30,0.5194805194805197
2005-12-01,-0.12919896640827266
2005-12-02,-0.1293661060802087
2005-12-05,-0.7772020725388629
2005-12-06,1.1749347258485754
2005-12-07,0.7741935483871032
2005-12-08,-0.256081946222797
2005-12-09,1.6688061617458283
2005-12-12,-0.2525252525252486
2005-12-13,-0.25316455696202667
2005-12-14,0.761421319796951
2005-12-15,0.0
2005-12-16,0.5037783375314797
2005-12-19,0.0
2005-12-20,0.3759398496240518
2005-12-21,0.12484394506866447
2005-12-22,0.37406483790523026
2005-12-23,0.6211180124223503
2005-12-26,0.37037037037035425
2005-12-27,-0.4920049200491827
2005-12-28,0.0
2005-12-29,0.9888751545117369
2005-12-30,-0.6119951040391536
2006-01-04,2.0935960591132785
2006-01-05,2.2919179734619988
2006-01-06,0.7075471698113178
2006-01-09,0.4683840749414525
2006-01-10,-0.34965034965035446
2006-01-11,-0.8187134502923965
2006-01-12,0.7075471698113178
2006-01-13,-0.936768149882905
2006-01-16,-1.5366430260047248
2006-01-17,0.7202881152460927
2006-01-18,2.0262216924910703
2006-01-19,0.2336448598130758
2006-01-20,-0.2331002331002363
2006-01-23,0.4672897196261738
2006-01-24,-0.6976744186046546
2006-01-25,1.053864168618257
2006-02-06,1.7381228273464666
2006-02-07,-0.5694760820045608
2006-02-08,0.45819014891179677
2006-02-09,-1.368301026225771
2006-02-10,1.6184971098266
2006-02-13,-0.34129692832765013
2006-02-14,0.11415525114155667
2006-02-15,0.9122006841505215
2006-02-16,-1.1299435028248594
2006-02-17,0.0
2006-02-20,-0.34285714285714475
2006-02-21,1.7201834862385246
2006-02-22,-0.5636978579481422
2006-02-23,0.9070294784580435
2006-02-24,0.8988764044943753
2006-02-27,0.33407572383072903
2006-02-28,1.1098779134295134
2006-03-01,0.8781558726673966
2006-03-02,-1.9586507072905324
2006-03-03,0.11098779134295356
2006-03-06,-0.5543237250554278
2006-03-07,-1.7837235228539638
2006-03-08,-0.4540295119182747
2006-03-09,-0.5701254275940704
2006-03-10,0.2293577981651307
2006-03-13,0.9153318077803174
2006-03-14,-0.45351473922902175
2006-03-15,0.7972665148063829
2006-03-16,-0.3389830508474634
2006-03-17,-0.11337868480725266
2006-03-20,1.1350737797956922
2006-03-21,0.11223344556678949
2006-03-22,0.5605381165919354
2006-03-23,-0.33444816053511683
2006-03-24,0.11185682326622093
2006-03-27,0.22346368715084886
2006-03-28,0.7803790412486133
2006-03-29,0.8849557522123908
2006-03-30,-0.6578947368421018
2006-03-31,0.44150110375276164
2006-04-03,1.098901098901095
2006-04-04,0.5434782608695565
2006-04-05,0.756756756756749
2006-04-06,-0.21459227467811592
2006-04-07,-1.1827956989247324
2006-04-10,1.414581066376508
2006-04-11,0.42918454935623185
2006-04-12,-0.3205128205128194
2006-04-13,-1.393354769560562
2006-04-14,1.9565217391304346
2006-04-17,0.9594882729211163
2006-04-18,0.31678986272438703
2006-04-19,0.21052631578948322
2006-04-20,-1.3655462184874012
2006-04-21,2.4494142705005384
2006-04-24,-0.10395010395010118
2006-04-25,-1.9771071800208095
2006-04-26,2.2292993630573354
2006-04-27,0.10384215991692258
2006-04-28,2.904564315352709
2006-05-08,3.4274193548387233
2006-05-09,1.949317738791434
2006-05-10,0.5736137667303964
2006-05-11,-0.855513307984801
2006-05-12,3.547459252157248
2006-05-15,5.462962962962958
2006-05-16,-3.0728709394205356
2006-05-17,0.27173913043476716
2006-05-18,-0.18066847335139746
2006-05-19,1.8501387604070274
2006-05-22,-0.09082652134422275
2006-05-23,-3.2727272727272716
2006-05-24,0.1879699248120259
2006-05-25,-0.09380863039401
2006-05-26,2.3474178403755985
2006-05-29,1.6513761467889854
2006-05-30,0.5415162454873723
2006-05-31,-0.35906642728904536
2006-06-01,2.5225225225224968
2006-06-02,-0.08787346221440506
2006-06-05,-1.1433597185576017
2006-06-06,-0.1779359430605032
2006-06-07,-4.36720142602497
2006-06-08,0.5591798695246952
2006-06-09,-1.6682113067655213
2006-06-12,0.0
2006-06-13,-0.2827521206408945
2006-06-14,-0.5671077504725952
2006-06-15,0.0950570342205248
2006-06-16,2.1842355175688555
2006-06-19,0.6505576208178265
2006-06-20,0.46168051708219693
2006-06-21,-0.09191176470588758
2006-06-22,-0.2759889604415755
2006-06-23,0.7380073800737907
2006-06-26,2.2893772893772812
2006-06-27,0.0
2006-06-28,0.0
2006-06-29,1.8800358102059045
2006-06-30,-0.17574692442882123
2006-07-03,2.2007042253521236
2006-07-04,-0.9474590869939847
2006-07-05,-2.347826086956517
2006-07-06,1.513802315227064
2006-07-07,-1.0526315789473717
2006-07-10,-0.08865248226949118
2006-07-11,0.2661934338952898
2006-07-12,0.1769911504424737
2006-07-13,-4.151943462897522
2006-07-14,0.55299539170508
2006-07-17,0.5499541704858002
2006-07-18,-0.27347310847766204
2006-07-19,-2.1937842778793404
2006-07-20,0.5607476635514086
2006-07-21,1.1152416356877248
2006-07-24,0.0
2006-07-25,1.1029411764705843
2006-07-26,0.0
2006-07-27,-0.727272727272732
2006-07-28,-1.098901098901095
2006-07-31,-2.592592592592591
2006-08-01,-0.855513307984801
2006-08-02,-0.7670182166826467
2006-08-03,0.38647342995168366
2006-08-04,-1.443695861405192
2006-08-07,-1.5625
2006-08-08,1.5873015873015817
2006-08-09,0.390625
2006-08-10,1.3618677042801508
2006-08-11,-0.19193857965451588
2006-08-14,-1.3461538461538525
2006-08-15,1.1695906432748648
2006-08-16,0.9633911368015502
2006-08-17,-0.8587786259542152
2006-08-18,0.2887391722810495
2006-08-21,0.09596928982724684
2006-08-22,0.86289549376799
2006-08-23,0.2851711026615966
2006-08-24,0.4739336492891155
2006-08-25,0.37735849056603765
2006-08-28,1.9736842105263053
2006-08-29,-0.36866359447004227
2006-08-30,-0.27752081406104967
2006-08-31,-0.09276437847867136
2006-09-01,-1.207056638811499
2006-09-04,1.1278195488721776
2006-09-05,0.4646840148698761
2006-09-06,0.8325624421831712
2006-09-07,-1.1009174311926606
2006-09-08,0.2782931354359919
2006-09-11,0.5550416281220993
2006-09-12,1.2879484820607079
2006-09-13,0.2724795640327127
2006-09-14,-0.18115942028985588
2006-09-15,2.5408348457350183
2006-09-18,1.5929203539823078
2006-09-19,-1.3066202090592283
2006-09-20,-0.3530450132391838
2006-09-21,1.3286093888396744
2006-09-22,-1.0489510489510523
2006-09-25,-0.441696113074197
2006-09-26,-1.153504880212941
2006-09-27,0.9874326750448637
2006-09-28,1.5111111111111075
2006-09-29,1.2259194395796813
2006-10-09,2.595155709342567
2006-10-10,0.4215851602023646
2006-10-11,-0.08396305625525402
2006-10-12,-0.25210084033612246
2006-10-13,-0.08424599831509116
2006-10-16,-1.433389544688024
2006-10-17,-0.6843455945252375
2006-10-18,2.067183462532296
2006-10-19,0.33755274261604296
2006-10-20,0.2523128679562614
2006-10-23,-1.593959731543615
2006-10-24,1.7902813299232712
2006-10-25,0.5862646566164198
2006-10-26,1.3322231473771762
2006-10-27,-1.3147082990961345
2006-10-30,0.9991673605328932
2006-10-31,1.6488046166529324
2006-11-01,1.4598540145985162
2006-11-02,-0.3996802557953538
2006-11-03,1.6853932584269593
2006-11-06,1.4206787687450761
2006-11-07,1.4007782101167265
2006-11-08,-1.534919416730618
2006-11-09,2.2603273577552763
2006-11-10,-0.3048780487804881
2006-11-13,-1.6819571865443472
2006-11-14,1.0886469673405896
2006-11-15,2.538461538461534
2006-11-16,0.4629629629629539
2006-11-17,1.9201228878648058
2006-11-20,2.788244159758868
2006-11-21,0.4398826979472137
2006-11-22,0.7299270072992581
2006-11-23,0.6521739130434856
2006-11-24,-0.4319654427645814
2006-11-27,-0.5784526391901634
2006-11-28,-1.0909090909090868
2006-11-29,1.4705882352941124
2006-11-30,2.60869565217392
2006-12-01,0.3531073446327859
2006-12-04,4.222378606615074
2006-12-05,0.4051316677920358
2006-12-06,-0.26899798251512896
2006-12-07,1.011463250168565
2006-12-08,-4.005340453938588
2006-12-11,5.702364394993054
2006-12-12,0.4605263157894557
2006-12-13,-0.4584151931892544
2006-12-14,1.7763157894736814
2006-12-15,1.7453135100194084
2006-12-18,2.1601016518424387
2006-12-19,0.43532338308456264
2006-12-20,1.609907120743026
2006-12-21,-1.4625228519195677
2006-12-22,-1.7934446505875057
2006-12-25,2.4559193954659886
2006-12-26,0.5531653349723387
2006-12-27,3.3007334963325308
2006-12-28,0.5325443786982298
2006-12-29,5.238375515008831
2007-01-04,0.7270693512304138
2007-01-05,-1.3881177123820088
2007-01-08,2.98423423423424
2007-01-09,4.100601421541827
2007-01-10,1.0504201680672232
2007-01-11,-1.3513513513513487
2007-01-12,-3.213909378292934
2007-01-15,4.354926510615131
2007-01-16,1.4084507042253502
2007-01-17,-1.7489711934156382
2007-01-18,-0.20942408376963817
2007-01-19,3.2528856243441817
2007-01-22,4.3191056910569126
2007-01-23,1.5586945932781315
2007-01-24,1.1990407673860837
2007-01-25,-1.8957345971563955
2007-01-26,3.913043478260869
2007-01-29,2.2780102278010306
2007-01-30,-1.0454545454545494
2007-01-31,-6.522737712448324
2007-02-01,-0.49140049140050657
2007-02-02,-4.592592592592593
2007-02-05,-2.4844720496894457
2007-02-06,3.290870488322728
2007-02-07,2.106885919835566
2007-02-08,0.9058882737795537
2007-02-09,-1.2468827930174564
2007-02-12,4.444444444444451
2007-02-13,0.822050290135401
2007-02-14,3.3573141486810565
2007-02-15,2.923433874709991
2007-02-16,-0.27051397655544207
2007-02-26,0.13562386980106034
2007-02-27,-8.758465011286676
2007-02-28,2.6224641266699544
2007-03-01,-2.796528447444546
2007-03-02,1.3392857142857206
2007-03-05,-2.3005384238864446
2007-03-06,2.7555110220440993
2007-03-07,2.5353486104339407
2007-03-08,0.4755111745125884
2007-03-09,-0.09465215333648302
2007-03-12,-0.4737091425864648
2007-03-13,0.4283674440742402
2007-03-14,-2.03791469194311
2007-03-15,1.9351717464924922
2007-03-16,-1.5662078785002587
2007-03-19,3.7608486017358
2007-03-20,-0.23234200743496025
2007-03-21,1.2109920819748599
2007-03-22,0.3221352968246771
2007-03-23,-0.18348623853211565
2007-03-26,1.4246323529411686
2007-03-27,0.1359311282283615
2007-03-28,1.8552036199094957
2007-03-29,1.0217681030653125
2007-03-30,-0.6596306068601621
2007-04-02,2.257636122177953
2007-04-03,0.952380952380949
2007-04-04,0.42881646655232863
2007-04-05,0.2561912894961438
2007-04-06,0.2129471890971235
2007-04-09,2.2099447513811876
2007-04-10,0.9147609147609259
2007-04-11,1.4009064688916384
2007-04-12,1.5034538805363873
2007-04-13,-1.0808646917534026
2007-04-16,2.8733306353702748
2007-04-17,-0.43273013375293434
2007-04-18,-0.6321612011062849
2007-04-19,-4.095427435387677
2007-04-20,3.772802653399676
2007-04-23,4.354774270874939
2007-04-24,-0.11485451761102938
2007-04-25,1.111536987351469
2007-04-26,0.6823351023502733
2007-04-27,-0.790662650602425
2007-04-30,1.5180265654648917
2007-05-08,3.2897196261682193
2007-05-09,0.7962359753890702
2007-05-10,0.8976660682226134
2007-05-11,-0.7829181494662052
2007-05-14,1.1836441893830818
2007-05-15,-3.580290677064868
2007-05-16,1.764705882352935
2007-05-17,1.4450867052023142
2007-05-18,-0.7122507122507171
2007-05-21,0.17934002869441912
2007-05-22,0.9667024704618665
2007-05-23,1.3120567375886738
2007-05-24,-0.9450472523626186
2007-05-25,1.3780918727915203
2007-05-28,1.9867549668874052
2007-05-29,1.8455228981544725
2007-05-30,-8.154362416107375
2007-05-31,5.188162221410297
2007-06-01,-0.6946856547412339
2007-06-04,-5.666316894018886
2007-06-05,0.7044864664442096
2007-06-06,-0.3313696612665784
2007-06-07,3.029183598079066
2007-06-08,0.43026174256006744
2007-06-11,1.749375223134586
2007-06-12,2.280701754385972
2007-06-13,2.8816466552315623
2007-06-14,-1.2337445815271741
2007-06-15,0.7427413909520508
2007-06-18,3.217158176943702
2007-06-19,-0.454545454545463
2007-06-20,-1.4024787997390598
2007-06-21,0.8269930532583514
2007-06-22,-2.034120734908129
2007-06-25,-2.3107836570663176
2007-06-26,0.7884813164209747
2007-06-27,3.3333333333333215
2007-06-28,-2.5345622119815614
2007-06-29,-2.36406619385342
2007-07-02,1.1760636457972984
2007-07-03,0.512820512820511
2007-07-04,-2.2789115646258407
2007-07-05,-3.6199095022624417
2007-07-06,2.4557602022390768
2007-07-09,3.278110680296087
2007-07-10,-0.546075085324238
2007-07-11,0.06863417982154729
2007-07-12,1.3031550068587139
2007-07-13,0.13540961408260443
2007-07-16,-3.313049357674114
2007-07-17,2.9020979020979
2007-07-18,0.5096839959225274
2007-07-19,-0.37187288708587785
2007-07-20,4.818459450288426
2007-07-23,3.6581417934606675
2007-07-24,0.031230480949395734
2007-07-25,2.622541367468001
2007-07-26,-0.30422878004258136
2007-07-27,-1.0070186145865079
2007-07-30,2.8360049321824787
2007-07-31,0.7793764988009766
2007-08-01,-3.1528851873884656
2007-08-02,2.6105651105651217
2007-08-03,4.759054175396571
2007-08-06,1.4285714285714235
2007-08-07,0.28169014084507005
2007-08-08,-0.6460674157303448
2007-08-09,3.3644331354255153
2007-08-10,-0.1914660831509929
2007-08-13,0.5480953685941259
2007-08-14,1.0084491687108121
2007-08-15,0.35078251484079725
2007-08-16,-2.097337994084425
2007-08-17,-2.389453446855261
2007-08-20,6.640405177265052
2007-08-21,0.7651715039577844
2007-08-22,1.335428122545168
2007-08-23,1.214470284237712
2007-08-24,2.7827418943068727
2007-08-27,0.37257824143070994
2007-08-28,-0.02474634991339597
2007-08-29,-1.2376237623762387
2007-08-30,0.7518796992481036
2007-08-31,0.995024875621886
2007-09-03,2.339901477832518
2007-09-04,-1.6606498194945862
2007-09-05,-0.07342143906020615
2007-09-06,1.0531471956894523
2007-09-07,-1.5996122152205694
2007-09-10,1.2315270935960854
2007-09-11,-3.795620437956204
2007-09-12,0.3034901365705611
2007-09-13,2.26928895612708
2007-09-14,0.3205128205128194
2007-09-17,2.605062668960434
2007-09-18,-0.8383233532934131
2007-09-19,-1.207729468599028
2007-09-20,1.173594132029332
2007-09-21,-1.0391493475108815
2007-09-24,1.0744810744810929
2007-09-25,-0.7248127567045293
2007-09-26,-1.4602092966658486
2007-09-27,1.333662632748811
2007-09-28,3.4121374603948373
2007-10-08,1.2255479613480835
2007-10-09,0.4423748544819528
2007-10-10,0.8808530366249512
2007-10-11,2.8262867647058654
2007-10-12,-0.4022346368715013
2007-10-15,2.916760152568987
2007-10-16,0.2616088947024364
2007-10-17,-1.1524244400956674
2007-10-18,-3.6515618125824933
2007-10-19,-0.7305936073059405
2007-10-22,-2.1389144434222573
2007-10-23,2.4676850763807323
2007-10-24,1.0091743119265972
2007-10-25,-3.7238873751135215
2007-10-26,1.6037735849056434
2007-10-29,1.9498607242339983
2007-10-30,1.1384335154826841
2007-10-31,0.06753714542999667
2007-11-01,-0.8548931383577152
2007-11-02,-2.1783526208305037
2007-11-05,-1.9253073532823017
2007-11-06,-0.5676442762535538
2007-11-07,0.523311132255011
2007-11-08,-4.543303360151452
2007-11-09,-0.8676251859196737
2007-11-12,-1.1752938234558696
2007-11-13,-0.7085020242915019
2007-11-14,4.689092762487257
2007-11-15,-1.9230769230769162
2007-11-16,-1.4395631670389597
2007-11-19,-0.4281037522034681
2007-11-20,1.062215477996964
2007-11-21,-0.9009009009009028
2007-11-22,-3.9393939393939426
2007-11-23,1.5247108307045343
2007-11-26,-2.0196789228379197
2007-11-27,-0.26427061310781985
2007-11-28,-1.377848436671969
2007-11-29,5.131649650725412
2007-11-30,-2.3766930743674974
2007-12-03,0.9424083769633551
2007-12-04,0.8817427385892085
2007-12-05,2.8277634961439535
2007-12-06,-0.3750000000000031
2007-12-07,1.8820577164366359
2007-12-10,1.3300492610837544
2007-12-11,-0.7292173067574237
2007-12-12,-1.9833496571988185
2007-12-13,-3.447414439170615
2007-12-14,1.9922380336351964
2007-12-17,-2.6128868594622046
2007-12-18,-0.7554050533993162
2007-12-19,2.388451443569539
2007-12-20,1.8969495001281755
2007-12-21,1.3081761006289216
2007-12-24,1.4651105040973444
2007-12-25,-0.09789525208028227
2007-12-26,0.5634492895639553
2007-12-27,1.924482338611444
2007-12-28,-0.7887189292543062
2008-01-02,-0.24090580582991628
2008-01-03,0.3622313450857284
2008-01-04,1.130895091434092
2008-01-07,1.1896264572924142
2008-01-08,0.30566658829060955
2008-01-09,1.453352086263493
2008-01-10,0.34658040665433987
2008-01-11,1.358507943817644
2008-01-14,0.7950931394820504
2008-01-15,-1.5100292990759545
2008-01-16,-3.089244851258577
2008-01-17,-1.983471074380172
2008-01-18,0.337268128161905
2008-01-21,-4.705882352941182
2008-01-22,-6.827916351725872
2008-01-23,3.9751216873985973
2008-01-24,-0.5201560468140465
2008-01-25,1.4640522875816853
2008-01-28,-6.699304303014686
2008-01-29,0.3866335266500931
2008-01-30,-2.283356258596969
2008-01-31,-1.1261261261261257
2008-02-01,-0.3132118451025123
2008-02-04,9.99714367323623
2008-02-05,-1.921578810698521
2008-02-13,-2.4887476833465816
2008-02-14,1.0317675807765436
2008-02-15,-1.827465735017475
2008-02-18,1.6972351491924442
2008-02-19,2.2341857335127946
2008-02-20,-2.738283307003686
2008-02-21,-1.3264753654575023
2008-02-22,-3.978052126200271
2008-02-25,-3.314285714285714
2008-02-26,0.7387706855791931
2008-02-27,2.4640657084188833
2008-02-28,-0.6870884626395624
2008-02-29,0.9224560392043779
2008-03-03,2.2564981433876197
2008-03-04,-3.379888268156428
2008-03-05,-1.0407632263660038
2008-03-06,1.0224948875255713
2008-03-07,-1.0699826489300235
2008-03-10,-3.7123648056123892
2008-03-11,0.0
2008-03-12,-2.641165755919861
2008-03-13,-2.213907078266286
2008-03-14,-0.6696428571428492
2008-03-17,-2.825040128410916
2008-03-18,-3.7991410637595036
2008-03-19,2.815934065934078
2008-03-20,1.9372077488309936
2008-03-21,0.1638269986893759
2008-03-24,-4.67778868171409
2008-03-25,0.34317089910775866
2008-03-26,0.547195622435015
2008-03-27,-4.081632653061229
2008-03-28,4.893617021276597
2008-03-31,-3.1102096010818148
2008-04-01,-3.5938590369853474
2008-04-02,0.9048136083966707
2008-04-03,3.0129124820660103
2008-04-07,4.073816155988852
2008-04-08,-0.23419203747071515
2008-04-09,-4.627766599597594
2008-04-10,1.0196905766526099
2008-04-11,0.3132613992342437
2008-04-14,-5.69049271339348
2008-04-15,0.8094186902134037
2008-04-16,-2.1897810218978075
2008-04-17,-2.7611940298507553
2008-04-18,-2.570990023023778
2008-04-21,1.4178810555336652
2008-04-22,1.3592233009708687
2008-04-23,4.137931034482767
2008-04-24,10.007358351729213
2008-04-25,-0.16722408026756952
2008-04-28,-2.4455611390284737
2008-04-29,1.0645604395604469
2008-04-30,5.708460754332312
2008-05-05,0.7714561234329675
2008-05-06,-1.531100478468883
2008-05-07,-4.016844833171362
2008-05-08,1.9237259534255813
2008-05-09,-1.9536423841059691
2008-05-12,0.4052684903748771
2008-05-13,-1.6145307769929396
2008-05-14,3.0427350427350452
2008-05-15,-0.5640345056403429
2008-05-16,-0.23356690023355053
2008-05-19,-0.8695652173913104
2008-05-20,-4.318488529014852
2008-05-21,1.7983074753173511
2008-05-22,-1.5933494977485196
2008-05-23,0.14079549454417695
2008-05-26,-3.0228471001757518
2008-05-27,0.18122508155127282
2008-05-28,2.713458755426923
2008-05-29,-2.2895385699189807
2008-05-30,1.1896178803172175
2008-06-02,0.5343783398646273
2008-06-03,-0.38979447200567785
2008-06-04,-2.027748132337248
2008-06-05,-1.0530137981118348
2008-06-06,-0.4770642201834874
2008-06-10,-8.480825958702065
2008-06-11,-0.8460918614021096
2008-06-12,-2.23486387647297
2008-06-13,-1.6209476309226978
2008-06-16,0.08449514152937265
2008-06-17,-2.19501899535669
2008-06-18,3.9274924471298878
2008-06-19,-6.561461794019929
2008-06-20,3.5555555555555562
2008-06-23,-2.618025751072961
2008-06-24,1.6306743058616124
2008-06-25,3.2523850823937384
2008-06-26,-0.12599748005038824
2008-06-27,-5.130361648444081
2008-06-30,-1.0638297872340274
2008-07-01,-3.987455197132639
2008-07-02,-0.46663555762948006
2008-07-03,1.2658227848101333
2008-07-04,-0.92592592592593
2008-07-07,5.74766355140186
2008-07-08,-0.0441891294741481
2008-07-09,4.686118479221912
2008-07-10,-1.3513513513513487
2008-07-11,-0.6849315068493178
2008-07-14,0.47413793103447954
2008-07-15,-4.504504504504503
2008-07-16,-3.0997304582210172
2008-07-17,-0.6954102920723293
2008-07-18,4.481792717086841
2008-07-21,2.859696157283298
2008-07-22,-0.5647263249348389
2008-07-23,-0.4368719965050394
2008-07-24,3.6419482229048006
2008-07-25,-1.058425063505497
2008-07-28,0.5562687205819428
2008-07-29,-2.1276595744680993
2008-07-30,-0.21739130434782483
2008-07-31,-2.527233115468397
2008-08-01,1.6092981671882
2008-08-04,-2.1557413110426693
2008-08-05,-1.5287769784172789
2008-08-06,1.2328767123287676
2008-08-07,0.13531799729364913
2008-08-08,-4.86486486486487
2008-08-11,-3.361742424242431
2008-08-12,-0.48995590396863076
2008-08-13,-0.5908419497784312
2008-08-14,-0.3467062902427043
2008-08-15,0.745526838966204
2008-08-18,-4.538727183029112
2008-08-19,0.9819121447028456
2008-08-20,8.444216990788146
2008-08-21,-3.303445021236451
2008-08-22,-1.9521717911176184
2008-08-25,0.5973120955699462
2008-08-26,-1.929737753587324
2008-08-27,0.3027245206861817
2008-08-28,0.7545271629778805
2008-08-29,1.7473789316025723
2008-09-01,-3.0912659470068604
2008-09-02,-1.3670886075949462
2008-09-03,-2.053388090349073
2008-09-04,0.10482180293500676
2008-09-05,-2.617801047120405
2008-09-08,-1.505376344086018
2008-09-09,0.5458515283842891
2008-09-10,-0.16286644951141183
2008-09-11,-3.697661772702554
2008-09-12,0.16939582156973998
2008-09-16,-7.046223224351744
2008-09-17,-2.9108550636749553
2008-09-18,-1.9987507807620264
2008-09-19,10.006373486297004
2008-09-22,10.02317497103129
2008-09-23,-6.424433912585581
2008-09-24,1.1817670230725996
2008-09-25,4.115684093437166
2008-09-26,-0.3205128205128194
2008-10-06,-5.573419078242237
2008-10-07,-1.759364358683313
2008-10-08,-4.679376083188913
2008-10-09,-0.9696969696969759
2008-10-10,-3.7943696450428277
2008-10-13,5.7888040712468225
2008-10-14,-3.066746843054713
2008-10-15,-1.8610421836228297
2008-10-16,-4.99367888748421
2008-10-17,0.6653359946773074
2008-10-20,3.6351619299405336
2008-10-21,-1.5943877551020447
2008-10-22,-2.657161373946848
2008-10-23,-0.5326231691078598
2008-10-24,-3.2128514056224966
2008-10-27,-8.506224066390045
2008-10-28,4.9886621315192725
2008-10-29,-3.0237580993520585
2008-10-30,3.26651818856718
2008-10-31,-2.3005032350826737
2008-11-03,0.07358351729214174
2008-11-04,-0.3676470588235392
2008-11-05,4.428044280442811
2008-11-06,-3.038869257950527
2008-11-07,1.9679300291545188
2008-11-10,9.292351679771249
2008-11-11,-2.4852844996729795
2008-11-12,0.9389671361502261
2008-11-13,3.2558139534883734
2008-11-14,2.2522522522522515
2008-11-17,0.818124606670878
2008-11-18,-6.679151061173528
2008-11-19,6.9686411149825656
2008-11-20,-2.931596091205202
2008-11-21,-0.3355704697986517
2008-11-24,-4.107744107744116
2008-11-25,-0.2808988764044895
2008-11-26,0.14084507042253502
2008-11-27,1.8284106891701901
2008-11-28,-3.5220994475138045
2008-12-01,1.0737294201861092
2008-12-02,-0.3541076487252104
2008-12-03,4.904051172707891
2008-12-04,1.8292682926829285
2008-12-05,1.1310711909514382
2008-12-08,4.144736842105257
2008-12-09,-2.8427037271004374
2008-12-10,3.0559167750324967
2008-12-11,-2.649842271293379
2008-12-12,-4.212572909915746
2008-12-15,0.5412719891745521
2008-12-16,0.605652759084796
2008-12-17,-0.06688963210702559
2008-12-18,2.4096385542168752
2008-12-19,-0.13071895424836555
2008-12-22,-1.8979057591622994
2008-12-23,-4.336224149432965
2008-12-24,-1.6039051603905063
2008-12-25,-0.850460666194186
2008-12-26,-0.07147962830593713
2008-12-29,-0.5007153075822557
2008-12-30,-1.294033069734002
2008-12-31,-0.5826656955571718
2009-01-05,3.809523809523818
2009-01-06,2.8228652081863093
2009-01-07,-0.61770761839397
2009-01-08,-2.8314917127071793
2009-01-09,1.4925373134328401
2009-01-12,-0.5602240896358524
2009-01-13,-1.6197183098591528
2009-01-14,4.509663564781663
2009-01-15,-0.8904109589040976
2009-01-16,2.9025570145127855
2009-01-19,1.2760241773001946
2009-01-20,0.6631299734747964
2009-01-21,-0.46113306982873414
2009-01-22,0.9927200529450841
2009-01-23,-0.5242463958060273
2009-02-02,0.13175230566535578
2009-02-03,2.565789473684199
2009-02-04,3.014753046824903
2009-02-05,-0.37359900373599153
2009-02-06,4.249999999999998
2009-02-09,1.4388489208633004
2009-02-10,0.2955082742316817
2009-02-11,0.1767825574543247
2009-02-12,-1.4705882352941124
2009-02-13,3.7014925373134444
2009-02-16,3.1663788140471993
2009-02-17,-2.4553571428571397
2009-02-18,-4.576659038901609
2009-02-19,-0.47961630695443347
2009-02-20,1.1445783132530307
2009-02-23,2.3228111971411503
2009-02-24,-5.1804423748544774
2009-02-25,0.9821976672805377
2009-02-26,-3.1610942249240104
2009-02-27,-1.1927181418706745
2009-03-02,0.12706480304955914
2009-03-03,-1.4593908629441654
2009-03-04,7.598197037990984
2009-03-05,1.077199281867136
2009-03-06,-0.7696862048549469
2009-03-09,-3.4009546539379487
2009-03-10,1.3588634959851742
2009-03-11,-0.9140767824497353
2009-03-12,-0.12300123001228735
2009-03-13,-0.1847290640394128
2009-03-16,2.2825416409623545
2009-03-17,3.0759951749095293
2009-03-18,-0.29256875365711865
2009-03-19,1.6431924882629012
2009-03-20,-0.34642032332563577
2009-03-23,2.3174971031286296
2009-03-24,0.45300113250283935
2009-03-25,-1.6347237880495968
2009-03-26,4.183381088825211
2009-03-27,0.2750275027502802
2009-03-30,-0.43883708173341196
2009-03-31,0.8815426997245135
2009-04-01,1.0376843255051948
2009-04-02,1.405405405405391
2009-04-03,0.6929637526652543
2009-04-07,0.264690312334559
2009-04-08,-4.118268215417098
2009-04-09,1.541850220264318
2009-04-10,2.5488069414316694
2009-04-13,2.485457429931248
2009-04-14,0.20639834881321928
2009-04-15,-0.3604531410916545
2009-04-16,-0.10335917312661591
2009-04-17,-1.2415933781686483
2009-04-20,1.9905709795704496
2009-04-21,-1.592193117616858
2009-04-22,-2.557411273486432
2009-04-23,-0.2142474558114671
2009-04-24,-0.805152979066015
2009-04-27,-1.7316017316017285
2009-04-28,-0.05506607929516294
2009-04-29,3.966942148760344
2009-04-30,0.0
2009-05-04,3.2856385797562337
2009-05-05,0.20523345305285545
2009-05-06,1.0752688172043001
2009-05-07,0.35460992907800915
2009-05-08,1.9182231196365418
2009-05-11,-1.4363546310054542
2009-05-12,1.70854271356784
2009-05-13,0.9387351778656239
2009-05-14,-1.6152716593245353
2009-05-15,0.19900497512437276
2009-05-18,0.5461767626613767
2009-05-19,1.1358024691358048
2009-05-20,-1.3671875
2009-05-21,-2.524752475247527
2009-05-22,-0.0507872016251909
2009-05-25,0.3556910569105787
2009-05-26,-1.6202531645569618
2009-05-27,2.4189397838394244
2009-06-01,4.3718592964824055
2009-06-02,-0.1925854597977894
2009-06-03,3.955619874577909
2009-06-04,0.6496519721577831
2009-06-05,-0.36883356385430943
2009-06-08,0.9254974548819961
2009-06-09,0.733608436497013
2009-06-10,0.7737824305871666
2009-06-11,-0.49683830171635135
2009-06-12,-1.8610985020426685
2009-06-15,2.636447733580005
2009-06-16,-0.6759801712482916
2009-06-17,1.3157894736842035
2009-06-18,2.149574563367662
2009-06-19,1.3590530469092421
2009-06-22,0.17301038062282892
2009-06-23,0.43177892918826455
2009-06-24,0.2579535683576939
2009-06-25,-0.08576329331045907
2009-06-26,0.2575107296137302
2009-06-29,2.397260273972601
2009-06-30,-0.5434782608695565
2009-07-01,2.648171500630525
2009-07-02,1.6380016380016293
2009-07-03,1.1684125705076598
2009-07-06,1.5531660692950977
2009-07-07,-1.4509803921568643
2009-07-08,-0.6366892160764026
2009-07-09,1.361633960752906
2009-07-10,-0.6321612011062849
2009-07-13,-1.8687872763419544
2009-07-14,3.363047001620756
2009-07-15,0.9800078400627132
2009-07-16,0.8540372670807317
2009-07-17,0.5003849114703751
2009-07-20,1.914975105323613
2009-07-21,-1.5031942878617088
2009-07-22,2.289202594429618
2009-07-23,1.305483028720622
2009-07-24,1.0677466863033835
2009-07-27,2.3315118397085666
2009-07-28,-0.49839800640798515
2009-07-29,-4.722719141323795
2009-07-30,3.3420953811490683
2009-07-31,2.4345930232558155
2009-08-03,0.6739978715856632
2009-08-04,-0.9161381254404577
2009-08-05,-1.7425320056899007
2009-08-06,-2.280130293159599
2009-08-07,-2.333333333333343
2009-08-10,-0.7205157375805848
2009-08-11,0.038197097020642445
2009-08-12,-4.8109965635739
2009-08-13,1.564380264741283
2009-08-14,-2.211690363349128
2009-08-17,-5.533117932148624
2009-08-18,0.3847798204360764
2009-08-19,-4.599659284497426
2009-08-20,4.642857142857126
2009-08-21,1.2372013651877234
2009-08-24,0.12642225031604948
2009-08-25,-4.461279461279455
2009-08-26,1.541850220264318
2009-08-27,-0.8676789587852451
2009-08-28,-3.4573304157549334
2009-08-31,-7.298277425203992
2009-09-01,2.1515892420537863
2009-09-02,2.2020105313547145
2009-09-03,5.245901639344264
2009-09-04,0.0
2009-09-07,0.5340453938584844
2009-09-08,2.1248339973439556
2009-09-09,0.13003901170351995
2009-09-10,-1.0389610389610393
2009-09-11,3.2808398950131323
2009-09-14,1.0165184243964287
2009-09-15,0.0
2009-09-16,-1.802935010482165
2009-09-17,1.9214346712211672
2009-09-18,-3.6447423544197832
2009-09-21,0.04347826086958939
2009-09-22,-2.564102564102566
2009-09-23,-1.2934879571810831
2009-09-24,1.2652507907817467
2009-09-25,-0.17849174475680352
2009-09-28,-2.77156906571302
2009-09-29,0.5977011494253004
2009-09-30,1.1425959780621442
2009-10-09,5.061003163126987
2009-10-12,-0.9032258064516241
2009-10-13,1.7795138888889062
2009-10-14,0.5543710021321813
2009-10-15,0.593723494486853
2009-10-16,-0.0843170320404596
2009-10-19,2.4894514767932474
2009-10-20,1.2762453684644015
2009-10-21,-0.12195121951219523
2009-10-22,-0.8954008954008885
2009-10-23,1.9712525667351155
2009-10-26,0.24164317358033038
2009-10-27,-2.8525512253917085
2009-10-28,-0.28949545078578165
2009-10-29,-2.447117378681052
2009-10-30,1.1479591836734748
2009-11-02,3.7410676754939143
2009-11-03,0.9724473257698651
2009-11-04,0.561797752808979
2009-11-05,0.23942537909018569
2009-11-06,0.23885350318471055
2009-11-09,0.27799841143765214
2009-11-10,0.3168316831683171
2009-11-11,-0.6316620607974777
2009-11-12,-0.3178386968613389
2009-11-13,0.8369868473495412
2009-11-16,3.0830039525691744
2009-11-17,0.0
2009-11-18,-0.07668711656442229
2009-11-19,0.03837298541828904
2009-11-20,-0.8822401227464582
2009-11-23,0.4643962848297267
2009-11-24,-2.503852080123259
2009-11-25,1.4618727775582707
2009-11-26,-4.166666666666674
2009-11-27,-2.6818366517675662
2009-11-30,3.173277661795404
2009-12-01,0.8903278025091055
2009-12-02,0.922583233052543
2009-12-03,-0.6359300476947549
2009-12-04,3.7599999999999856
2009-12-07,0.07710100231304029
2009-12-08,-1.7719568567026278
2009-12-09,-2.117647058823524
2009-12-10,0.6810897435897356
2009-12-11,0.0
2009-12-14,1.790688420214881
2009-12-15,-1.2900703674745828
2009-12-16,-0.5148514851485153
2009-12-17,-1.7515923566879033
2009-12-18,-1.5397082658022643
2009-12-21,-0.6172839506172867
2009-12-22,-1.9875776397515588
2009-12-23,0.295732995352771
2009-12-24,2.5695029486099363
2009-12-25,-1.1088295687885052
2009-12-28,1.7857142857143016
2009-12-29,0.9791921664626724
2009-12-30,2.7070707070707023
2009-12-31,0.6687647521636642
2010-01-04,-1.8366549433372459
2010-01-05,1.273885350318471
2010-01-06,-1.2578616352201255
2010-01-07,-1.9904458598726027
2010-01-08,0.0
2010-01-11,0.4467912266449936
2010-01-12,1.2939749292357527
2010-01-13,-4.431137724550894
2010-01-14,0.9189640768588081
2010-01-15,0.2483443708609423
2010-01-18,-0.28901734104046506
2010-01-19,0.6625258799171752
2010-01-20,-3.0851501439736806
2010-01-21,0.8488964346349714
2010-01-22,0.042087542087543284
2010-01-25,-0.925536390408066
2010-01-26,-1.9532908704883112
2010-01-27,-2.035513209181472
2010-01-28,-0.5305039787798393
2010-01-29,-0.2666666666666595
2010-02-01,-1.6042780748663166
2010-02-02,0.36231884057971175
2010-02-03,2.9783393501805033
2010-02-04,-0.7449605609114784
2010-02-05,-2.0309050772627013
2010-02-08,-0.3154574132491983
2010-02-09,0.723327305605781
2010-02-10,1.570915619389579
2010-02-11,0.22094564737074052
2010-02-12,0.837742504409178
2010-02-22,-0.6996064713598593
2010-02-23,-1.8053720827829078
2010-02-24,0.9865470852017832
2010-02-25,1.5541740674955618
2010-02-26,-0.3060778312199419
2010-03-01,1.666666666666683
2010-03-02,-0.30198446937015344
2010-03-03,0.4327131112072724
2010-03-04,-2.2404136148212017
2010-03-05,0.17628911414719894
2010-03-08,0.7479102507699009
2010-03-09,0.6986899563318882
2010-03-10,-0.43365134431917474
2010-03-11,0.34843205574912606
2010-03-12,-1.1284722222222099
2010-03-15,-1.7120280948200284
2010-03-16,0.8932559178204569
2010-03-17,2.0805666223993047
2010-03-18,-0.5203816131829964
2010-03-19,0.8718395815169977
2010-03-22,0.04321521175454368
2010-03-23,-1.1231101511879005
2010-03-24,0.087374399300999
2010-03-25,-1.4840680925360061
2010-03-26,1.7279574656623664
2010-03-29,3.0487804878048808
2010-03-30,0.16906170752324368
2010-03-31,-0.8438818565400852
2010-04-01,0.9787234042553328
2010-04-02,0.08428150021069225
2010-04-06,-0.04210526315788776
2010-04-07,-0.631844987363106
2010-04-08,-1.6108520559559025
2010-04-09,0.9047824213700872
2010-04-12,-1.1955593509820672
2010-04-13,2.074330164217808
2010-04-14,0.38103302286198737
2010-04-15,-0.2530577815267776
2010-04-16,-1.4799154334038112
2010-04-19,-5.150214592274683
2010-04-20,-0.36199095022624306
2010-04-21,1.4078110808356081
2010-04-22,-2.2839229735781563
2010-04-23,-0.6416131989000817
2010-04-26,-0.8302583025830312
2010-04-27,-1.8139534883720776
2010-04-28,-0.2842254855518811
2010-04-29,-0.3325415676959653
2010-04-30,1.5729265967588058
2010-05-04,-1.3608634443923018
2010-05-05,0.23786869647954845
2010-05-06,-4.651162790697693
2010-05-07,-1.1448481831757062
2010-05-10,1.3595166163141936
2010-05-11,-1.9374068554396384
2010-05-12,1.773049645390068
2010-05-13,1.8914883026381446
2010-05-14,-1.025891548607738
2010-05-17,-4.491609081934833
2010-05-18,2.170542635658923
2010-05-19,-0.5563985837127028
2010-05-20,-1.7293997965411978
2010-05-21,1.0351966873705987
2010-05-24,3.2786885245901676
2010-05-25,-2.6289682539682557
2010-05-26,0.05094243504839557
2010-05-27,1.527494908350313
2010-05-28,-0.5516549648946767
2010-05-31,-2.168431669188109
2010-06-01,-0.9793814432989656
2010-06-02,-0.1561686621551317
2010-06-03,-0.573514077163706
2010-06-04,-0.052438384897746104
2010-06-07,-2.0461699895068186
2010-06-08,-0.4284949116229231
2010-06-09,3.335126412049494
2010-06-10,-1.613742842269661
2010-06-11,0.37037037037037646
2010-06-17,-0.05271481286241997
2010-06-18,-0.8438818565400852
2010-06-21,3.6170212765957555
2010-06-22,-0.15400410677617327
2010-06-23,-0.976863753213375
2010-06-24,0.5711318795430964
2010-06-25,-0.30975735673722804
2010-06-28,0.05178663904712444
2010-06-29,-4.08902691511387
2010-06-30,-0.9713977334052881
2010-07-01,-0.6539509536784727
2010-07-02,0.767964893033457
2010-07-05,-0.9798584648884057
2010-07-06,1.6492578339747155
2010-07-07,0.05408328826392861
2010-07-08,0.2702702702702675
2010-07-09,2.264150943396226
2010-07-12,0.579862941486553
2010-07-13,-1.5199161425576424
2010-07-14,0.6386375731772143
2010-07-15,-1.5864621893178277
2010-07-16,-0.1612036539494821
2010-07-19,2.3681377825618855
2010-07-20,1.7875920084122088
2010-07-21,0.0
2010-07-22,1.1880165289256173
2010-07-23,0.6125574272588086
2010-07-26,0.15220700152207556
2010-07-27,-0.6079027355623157
2010-07-28,2.854230377166145
2010-07-29,0.14866204162538033
2010-07-30,-0.24740227610093868
2010-08-02,1.6369047619047672
2010-08-03,-2.1473889702293802
2010-08-04,0.3491271820448949
2010-08-05,-1.4413518886679855
2010-08-06,1.5632879475542039
2010-08-09,0.09930486593843213
2010-08-10,-2.4801587301587324
2010-08-11,0.10172939979653517
2010-08-12,-1.1686991869918617
2010-08-13,0.8226221079691509
2010-08-16,2.192758796532379
2010-08-17,0.4990019960079639
2010-08-18,-0.4468718967229335
2010-08-19,1.0473815461346625
2010-08-20,-1.382033563672247
2010-08-23,-0.25025025025025016
2010-08-24,-0.15052684395384652
2010-08-25,-2.0603015075376874
2010-08-26,-0.2565418163160693
2010-08-27,0.2057613168724215
2010-08-30,1.3347022587268942
2010-08-31,-0.9625126646403248
2010-09-01,-0.3580562659846631
2010-09-02,0.9753593429158158
2010-09-03,-0.40671072699542954
2010-09-06,2.603369065849903
2010-09-07,-0.29850746268655914
2010-09-08,-0.7984031936127733
2010-09-09,-1.8611670020120652
2010-09-10,-0.2050230650948226
2010-09-13,0.46224961479197635
2010-09-14,0.0
2010-09-15,-1.6871165644171793
2010-09-16,-1.5600624024960985
2010-09-17,-0.10565240359218242
2010-09-20,0.3172924378635589
2010-09-21,0.052714812862397764
2010-09-27,0.8429926238145313
2010-09-28,-0.8881922675026077
2010-09-29,0.3162888771744754
2010-09-30,2.364687335785587
2010-10-08,4.004106776180683
2010-10-11,3.7018756169792777
2010-10-12,1.1899095668729043
2010-10-13,1.599247412982141
2010-10-14,1.3425925925925952
2010-10-15,4.06578346276838
2010-10-18,-0.6145741878841204
2010-10-19,1.8992932862190948
2010-10-20,-0.04334633723449555
2010-10-21,-1.647875108412844
2010-10-22,-0.5291005291005346
2010-10-25,3.014184397163122
2010-10-26,-1.2908777969018903
2010-10-27,-2.092414995640801
2010-10-28,0.04452359750666268
2010-10-29,-1.4686248331108098
2010-11-01,2.4390243902439046
2010-11-02,-0.5291005291005346
2010-11-03,-0.22163120567375572
2010-11-04,1.2438916037316838
2010-11-05,1.053093462044763
2010-11-08,0.34737299174989467
2010-11-09,-1.4279532669839834
2010-11-10,-1.492537313432829
2010-11-11,1.292335115864529
2010-11-12,-5.411350637923462
2010-11-15,-0.41860465116279055
2010-11-16,-4.491725768321519
2010-11-17,-0.9405940594059414
2010-11-18,1.1494252873563315
2010-11-19,0.14822134387353358
2010-11-22,-1.0853478046374043
2010-11-23,-2.044887780548621
2010-11-24,2.0875763747454146
2010-11-25,1.4962593516209655
2010-11-26,-1.0810810810810922
2010-11-29,-0.29806259314455463
2010-11-30,-1.4947683109118093
2010-12-01,0.05058168942841945
2010-12-02,0.7583417593528985
2010-12-03,0.4014049172102352
2010-12-06,1.2993503248375893
2010-12-07,0.54267390231868
2010-12-08,-1.2266928361138296
2010-12-09,-1.0432190760059523
2010-12-10,1.1546184738955967
2010-12-13,2.7295285359801413
2010-12-14,-0.33816425120771765
2010-12-15,-0.6301502666020475
2010-12-16,-0.9268292682926726
2010-12-17,-0.1969473165928104
2010-12-20,-1.6773556980759774
2010-12-21,2.5589563472152577
2010-12-22,-1.4187866927592885
2010-12-23,-0.14888337468983437
2010-12-24,-0.2485089463220569
2010-12-27,-1.743896362730446
2010-12-28,-1.2170385395537497
2010-12-29,0.0
2010-12-30,-0.5646817248459945
2010-12-31,1.6004130098089764
2011-01-04,2.083333333333326
2011-01-05,-0.7964161274265691
2011-01-06,-0.652282990466635
2011-01-07,1.0101010101010166
2011-01-10,-1.3499999999999956
2011-01-11,1.0643689812468216
2011-01-12,0.8024072216649802
2011-01-13,-0.09950248756217528
2011-01-14,-1.5936254980079667
2011-01-17,-3.238866396761142
2011-01-18,0.4184100418409997
2011-01-19,1.4583333333333393
2011-01-20,-2.8234086242299727
2011-01-21,1.3206550449022636
2011-01-24,-0.6777893639207444
2011-01-25,0.10498687664042272
2011-01-26,0.8390141583639155
2011-01-27,1.0400416016640657
2011-01-28,-0.257334019557387
2011-01-31,0.9287925696594534
2011-02-01,0.4089979550102152
2011-02-09,-1.4256619144602856
2011-02-10,1.7045454545454586
2011-02-11,-0.0507872016251909
2011-02-14,3.7093495934959364
2011-02-15,-0.14698677119059367
2011-02-16,0.2453385672227748
2011-02-17,-0.1468428781204123
2011-02-18,-0.8333333333333304
2011-02-21,0.8897676717745773
2011-02-22,-2.6947574718275358
2011-02-23,0.0
2011-02-24,0.35246727089628394
2011-02-25,0.2007024586051287
2011-02-28,0.6509764646970284
2011-03-01,0.6965174129353269
2011-03-02,0.34584980237155616
2011-03-03,0.5416051206302175
2011-03-04,1.5670910871694366
2011-03-07,1.928640308582441
2011-03-08,-0.1419110690633718
2011-03-09,-0.0947418285172974
2011-03-10,-2.1337126600284417
2011-03-11,-1.2596899224806335
2011-03-14,0.19627085377822429
2011-03-15,-1.6650342801175277
2011-03-16,1.5438247011952289
2011-03-17,-1.2751348700343446
2011-03-18,0.5961251862891315
2011-03-21,0.049382716049373165
2011-03-22,0.9871668311944637
2011-03-23,1.270772238514195
2011-03-24,-0.7722007722007707
2011-03-25,1.6050583657587492
2011-03-28,0.14360938247965915
2011-03-29,-0.2868068833652093
2011-03-30,0.23969319271335277
2011-03-31,-0.8130081300813163
2011-04-01,2.073288331726131
2011-04-06,2.1728861596598925
2011-04-07,-0.0462320850670328
2011-04-08,0.6012950971322706
2011-04-11,-0.5057471264367619
2011-04-12,-0.6007393715342091
2011-04-13,1.8131101813110284
2011-04-14,-0.639269406392684
2011-04-15,0.5974264705882248
2011-04-18,-0.04568296025582175
2011-04-19,-2.1937842778793404
2011-04-20,-0.3271028037383217
2011-04-21,0.7032348804500765
2011-04-22,-0.27932960893856107
2011-04-25,-1.21381886087768
2011-04-26,-0.33081285444235276
2011-04-27,-0.2844950213371167
2011-04-28,0.2377555872562942
2011-04-29,-0.23719165085388516
2011-05-03,-0.04755111745127216
2011-05-04,-2.854424357754526
2011-05-05,-0.24485798237021683
2011-05-06,-0.589101620029453
2011-05-09,-0.09876543209875743
2011-05-10,1.038062283737018
2011-05-11,-0.3424657534246589
2011-05-12,-1.4236622484045114
2011-05-13,1.1454183266932372
2011-05-16,-1.2801575578532898
2011-05-17,0.8478802992518686
2011-05-18,0.9396636993076246
2011-05-19,-0.39196472317492015
2011-05-20,0.2951303492375823
2011-05-23,-2.844531633153513
2011-05-24,0.05047955577990315
2011-05-25,-1.0595358224016138
2011-05-26,0.20397756246812726
2011-05-27,0.15267175572517555
2011-05-30,0.10162601626015899
2011-05-31,1.4213197969543234
2011-06-01,-0.4004004004004025
2011-06-02,-1.9597989949748706
2011-06-03,0.7688364941055736
2011-06-07,0.3560528992879064
2011-06-08,-0.10136847440446184
2011-06-09,-1.4713343480466823
2011-06-10,0.2574665293511913
2011-06-13,-0.30816640986132127
2011-06-14,1.287995878413195
2011-06-15,-0.6612410986775119
2011-06-16,-1.177675371223763
2011-06-17,-0.6735751295336767
2011-06-20,-0.41731872717788443
2011-06-21,0.8381351492928291
2011-06-22,-0.05194805194805863
2011-06-23,1.6632016632016633
2011-06-24,2.300613496932513
2011-06-27,-0.19990004997499922
2011-06-28,0.0
2011-06-29,-1.6524787180771217
2011-06-30,1.731160896130346
2011-07-01,-0.15015015015014122
2011-07-04,2.656641604010024
2011-07-05,-0.439453125
2011-07-06,-0.6375674350171834
2011-07-07,-0.39486673247779436
2011-07-08,0.445986124876141
2011-07-11,-0.2960039467193032
2011-07-12,-2.028698664027706
2011-07-13,1.4646464646464574
2011-07-14,0.34843205574912606
2011-07-15,0.24801587301586103
2011-07-18,-0.3463631865413208
2011-07-19,-0.6951340615690027
2011-07-20,-0.24999999999999467
2011-07-21,-1.102756892230572
2011-07-22,0.1520527116066761
2011-07-25,-2.682186234817807
2011-07-26,0.2080083203328087
2011-07-27,0.2075765438505517
2011-07-28,-0.9321595028482621
2011-07-29,0.6272869837950834
2011-08-01,0.05194805194803642
2011-08-02,-0.8826583592938642
2011-08-03,-0.10476689366160086
2011-08-04,0.052438384897746104
2011-08-05,-2.0964360587002018
2011-08-08,-3.158458244111362
2011-08-09,0.44223327805417156
2011-08-10,0.6604292790313604
2011-08-11,1.3668671405139499
2011-08-12,-0.3236245954692518
2011-08-15,2.2186147186147087
2011-08-16,-0.7411328745367873
2011-08-17,-0.3733333333333255
2011-08-18,-1.7665952890792314
2011-08-19,-0.8174386920980825
2011-08-22,-0.9340659340659418
2011-08-23,1.77481974486966
2011-08-24,-0.7629427792915533
2011-08-25,3.8989566172432655
2011-08-26,-0.21141649048626032
2011-08-29,-1.959745762711862
2011-08-30,-0.27012425715828847
2011-08-31,0.48754062838569645
2011-09-01,-0.10781671159029171
2011-09-02,-1.0253642741500202
2011-09-05,-1.6357688113413316
2011-09-06,-0.4988913525498906
2011-09-07,1.7827298050139273
2011-09-08,-0.6568144499178974
2011-09-09,-0.055096418732780705
2011-09-13,-0.9371554575523744
2011-09-14,0.16694490818029983
2011-09-15,-0.38888888888889417
2011-09-16,0.2230897936419396
2011-09-19,-1.7250973845297723
2011-09-20,0.3963759909399789
2011-09-21,2.7636773829667227
2011-09-22,-2.908891328210761
2011-09-23,-0.7914075749010707
2011-09-26,-2.9059829059829068
2011-09-27,1.3497652582159736
2011-09-28,-0.9843659525188286
2011-09-29,-0.1754385964912175
2011-09-30,-0.23432923257176164
2011-10-10,-0.9982384028185631
2011-10-11,0.1779359430605032
2011-10-12,3.9076376554173953
2011-10-13,0.2849002849002913
2011-10-14,0.05681818181817455
2011-10-17,0.7950028392958552
2011-10-18,-2.929577464788724
2011-10-19,0.05803830528148257
2011-10-20,-2.146171693735499
2011-10-21,0.29638411381149865
2011-10-24,3.014184397163122
2011-10-25,1.4343086632243152
2011-10-26,0.6787330316742057
2011-10-27,0.393258426966292
2011-10-28,2.0705092333519914
2011-10-31,-1.041666666666674
2011-11-01,0.3324099722991747
2011-11-02,1.7669795692987211
2011-11-03,-0.5425935973955465
2011-11-04,0.8183306055646655
2011-11-07,-1.3528138528138611
2011-11-08,0.1645639056500281
2011-11-09,0.6571741511500528
2011-11-10,-2.1762785636561532
2011-11-11,-0.16685205784204848
2011-11-14,1.8941504178273005
2011-11-15,-0.5467468562055822
2011-11-16,-2.748763056624526
2011-11-17,-0.3957037874505298
2011-11-18,-1.53234960272417
2011-11-21,0.0
2011-11-22,0.0
2011-11-23,-1.037463976945241
2011-11-24,0.058241118229473976
2011-11-25,-0.8149010477299212
2011-11-28,0.35211267605634866
2011-11-29,1.0526315789473717
2011-11-30,-3.009259259259267
2011-12-01,3.0429594272076477
2011-12-02,-0.579038795599307
2011-12-05,-0.4659289458357585
2011-12-06,-0.29256875365711865
2011-12-07,0.762910798122074
2011-12-08,-0.058241118229473976
2011-12-09,-0.4662004662004615
2011-12-12,-0.7025761124121788
2011-12-13,-2.004716981132082
2011-12-14,-0.5415162454873612
2011-12-15,-2.4198427102238407
2011-12-16,1.7358958462492247
2011-12-19,-0.24375380865325758
2011-12-20,0.06108735491752171
2011-12-21,-1.2820512820512775
2011-12-22,0.18552875695734272
2011-12-23,0.7407407407407307
2011-12-26,-0.9803921568627305
2011-12-27,-0.6188118811881194
2011-12-28,0.062266500622665255
2011-12-29,0.12445550715618481
2011-12-30,1.24300807955251
2012-01-04,-1.1663597298956385
2012-01-05,0.06211180124222615
2012-01-06,0.6207324643078937
2012-01-09,3.4546576187538536
2012-01-10,2.6237328562910056
2012-01-11,-0.5810575246949501
2012-01-12,0.3506721215663422
2012-01-13,-0.9900990099010021
2012-01-16,-1.352941176470579
2012-01-17,4.7704233750745395
2012-01-18,-1.5936254980079556
2012-01-19,2.2556390977443552
2012-01-20,1.4705882352941124
2012-01-30,-1.7837235228539638
2012-01-31,-0.2270147559591429
2012-02-01,-1.7064846416382284
2012-02-02,2.83564814814814
2012-02-03,0.45019696117050145
2012-02-06,-0.1680672268907557
2012-02-07,-2.020202020202022
2012-02-08,3.0355097365406536
2012-02-09,-0.3891050583657574
2012-02-10,0.05580357142855874
2012-02-13,-0.6134969325153339
2012-02-14,-0.561167227833892
2012-02-15,0.8465011286681756
2012-02-16,-0.6715165081141561
2012-02-17,0.28169014084507005
2012-02-20,0.22471910112360494
2012-02-21,0.5044843049327286
2012-02-22,0.8365867261572957
2012-02-23,0.22123893805310324
2012-02-24,1.6004415011037443
2012-02-27,0.16295491580662347
2012-02-28,0.5965292841648484
2012-02-29,-1.0242587601078101
2012-03-01,-0.10893246187363426
2012-03-02,1.199563794983649
2012-03-05,-0.6465517241379337
2012-03-06,-1.8980477223427439
2012-03-07,-1.0503040353786575
2012-03-08,1.1173184357541999
2012-03-09,0.7182320441988965
2012-03-12,-0.8228195282501294
2012-03-13,0.9402654867256555
2012-03-14,-1.8082191780821821
2012-03-15,-0.837053571428581
2012-03-16,0.7315700619020982
2012-03-19,0.05586592178770111
2012-03-20,-1.3958682300390768
2012-03-21,0.28312570781425794
2012-03-22,0.16939582156973998
2012-03-23,-0.8455467869222133
2012-03-26,0.22740193291643784
2012-03-27,0.0
2012-03-28,-2.1554169030062242
2012-03-29,-1.2173913043478368
2012-03-30,0.8802816901408494
2012-04-05,1.512507271669583
2012-04-06,0.22922636103150928
2012-04-09,-0.800457404230992
2012-04-10,0.6916426512968199
2012-04-11,-0.11448196908986352
2012-04-12,2.177650429799427
2012-04-13,0.33651149747615516
2012-04-16,-0.5030743432084872
2012-04-17,-1.1235955056179803
2012-04-18,2.2727272727272707
2012-04-19,-0.05555555555556424
2012-04-20,1.5008337965536578
2012-04-23,-0.766703176341732
2012-04-24,0.3863134657836609
2012-04-25,0.4947773501924102
2012-04-26,0.273522975929974
2012-04-27,0.10911074740862503
2012-05-02,2.288828337874671
2012-05-03,0.0
2012-05-04,0.47948854555139864
2012-05-07,-0.477200424178148
2012-05-08,-0.2663825253063301
2012-05-09,-1.602564102564108
2012-05-10,-0.054288816503811343
2012-05-11,-0.651819663226505
2012-05-14,-0.8201202843083566
2012-05-15,-0.1653803748621896
2012-05-16,-1.388888888888895
2012-05-17,1.5774647887323967
2012-05-18,-1.386577925679422
2012-05-21,0.4499437570303799
2012-05-22,1.511758118701012
2012-05-23,-0.551571980143406
2012-05-24,-0.5546311702717688
2012-05-25,-0.8923591745677695
2012-05-28,1.4631401238041741
2012-05-29,1.4420410427065988
2012-05-30,-0.6560962274466897
2012-05-31,-0.4953219592735203
2012-06-01,0.22123893805310324
2012-06-04,-2.4834437086092787
2012-06-05,0.0
2012-06-06,0.28296547821167195
2012-06-07,-0.3386004514672636
2012-06-08,-0.9626274065685059
2012-06-11,1.0863350485991852
2012-06-12,-0.6221719457013664
2012-06-13,1.4797951052931246
2012-06-14,-0.5608524957936067
2012-06-15,0.958826847151717
2012-06-18,0.05586592178770111
2012-06-19,-0.4466778336125077
2012-06-20,0.16825574873808868
2012-06-21,-1.6237402015677582
2012-06-25,-1.9351166761525262
2012-06-26,0.34822983168891763
2012-06-27,-0.3470213996529803
2012-06-28,-0.580383052814859
2012-06-29,1.284296555750153
2012-07-02,-0.17291066282421053
2012-07-03,0.28868360277136684
2012-07-04,0.05757052389177009
2012-07-05,-0.8055235903337121
2012-07-06,0.9860788863109038
2012-07-09,-2.412406662837452
2012-07-10,-0.11771630370805974
2012-07-11,0.3535651149086716
2012-07-12,0.5284791544333478
2012-07-13,0.2336448598130758
2012-07-16,-1.3403263403263366
2012-07-17,0.4725339633786074
2012-07-18,-0.29394473838918467
2012-07-19,0.5896226415094352
2012-07-20,-0.7620164126611928
2012-07-23,-1.7129356172475019
2012-07-24,0.12019230769231282
2012-07-25,-0.24009603841537164
2012-07-26,-0.12033694344163459
2012-07-27,0.42168674698794817
2012-07-30,-0.1799640071985631
2012-07-31,0.36057692307691624
2012-08-01,0.5389221556886259
2012-08-02,-0.3573555687909513
2012-08-03,0.2988643156007109
2012-08-06,0.8343265792610355
2012-08-07,0.0
2012-08-08,0.35460992907800915
2012-08-09,0.5889281507656108
2012-08-10,-0.3512880562060894
2012-08-13,-1.8213866039952897
2012-08-14,-0.2393776181927043
2012-08-15,-1.2597480503899305
2012-08-16,-0.18226002430132837
2012-08-17,0.0
2012-08-20,-0.791235544735247
2012-08-21,0.24539877300613355
2012-08-22,-0.5507955936352449
2012-08-23,0.43076923076923457
2012-08-24,-0.42892156862744946
2012-08-27,-1.9692307692307676
2012-08-28,0.7532956685499137
2012-08-29,-0.9345794392523255
2012-08-30,0.12578616352201255
2012-08-31,0.0
2012-09-03,0.3140703517587884
2012-09-04,-0.8140262993111991
2012-09-05,-0.6944444444444531
2012-09-06,0.8900190718372558
2012-09-07,4.662885948330198
2012-09-10,-0.06020469596629274
2012-09-11,-0.7831325301204783
2012-09-12,0.06071645415905991
2012-09-13,-0.6674757281553312
2012-09-14,0.916310323762981
2012-09-17,-1.7554479418886104
2012-09-18,-1.1090573012939031
2012-09-19,0.06230529595017131
2012-09-20,-1.6189290161892966
2012-09-21,0.25316455696202667
2012-09-24,0.37878787878788955
2012-09-25,0.06289308176099517
2012-09-26,-0.7542426147077341
2012-09-27,2.6599113362888005
2012-09-28,1.912399753238736
2012-10-08,-1.0290556900726333
2012-10-09,1.8960244648317914
2012-10-10,-0.18007202881151763
2012-10-11,-0.48105832832231465
2012-10-12,0.0
2012-10-15,-0.30211480362538623
2012-10-16,0.0606060606060721
2012-10-17,0.30284675953966556
2012-10-18,1.328502415458943
2012-10-19,-0.05959475566149619
2012-10-22,0.3577817531305927
2012-10-23,-1.0101010101010166
2012-10-24,-0.18007202881151763
2012-10-25,-0.7215874924834664
2012-10-26,-1.9382192610539084
2012-10-29,-0.7411982705373688
2012-10-30,0.24891101431239182
2012-10-31,0.8690254500310468
2012-11-01,1.846153846153853
2012-11-02,0.5438066465256686
2012-11-05,-0.24038461538461453
2012-11-06,-0.3012048192771011
2012-11-07,0.0
2012-11-08,-1.5709969788519684
2012-11-09,-0.12277470841006721
2012-11-12,0.5531653349723387
2012-11-13,-1.3758599124452764
2012-11-14,0.38046924540267035
2012-11-15,-1.2002526847757378
2012-11-16,-0.8951406649616356
2012-11-19,-0.1290322580645209
2012-11-20,-0.5167958656330796
2012-11-21,1.3636363636363669
2012-11-22,-0.32030749519538215
2012-11-23,0.6426735218509005
2012-11-26,-0.25542784163473664
2012-11-27,-0.5761843790012877
2012-11-28,-0.7083065035415226
2012-11-29,-0.3891050583657574
2012-11-30,0.5208333333333259
2012-12-03,-0.7124352331606243
2012-12-04,0.9132420091324311
2012-12-05,3.3613445378151363
2012-12-06,0.0
2012-12-07,2.1263289555972564
2012-12-10,1.0410287813839458
2012-12-11,-0.363636363636366
2012-12-12,0.7907542579075555
2012-12-13,-1.1466505733252919
2012-12-14,5.311355311355315
2012-12-17,0.6376811594202891
2012-12-18,0.2880184331797375
2012-12-19,-0.057438253877084566
2012-12-20,0.45977011494253706
2012-12-21,-0.7437070938214996
2012-12-24,0.6916426512968199
2012-12-25,2.633085289066961
2012-12-26,0.3346346904629094
2012-12-27,-0.7226236798221208
2012-12-28,1.5677491601343796
2012-12-31,2.2050716648291058
2013-01-04,0.7011866235167252
2013-01-07,0.48205677557577875
2013-01-08,-1.226012793176967
2013-01-09,-0.2698327037236825
2013-01-10,0.05411255411253979
2013-01-11,-1.7306652244456489
2013-01-14,3.797468354430378
2013-01-15,0.3711558854718966
2013-01-16,-1.1621764395139955
2013-01-17,-1.0154997327632254
2013-01-18,1.6198704103671524
2013-01-21,0.5313496280552554
2013-01-22,0.05285412262157063
2013-01-23,0.4226096143687297
2013-01-24,-0.31562335612835835
2013-01-25,-0.527704485488123
2013-01-28,3.3952254641909763
2013-01-29,1.334017444843516
2013-01-30,0.30379746835442756
2013-01-31,0.3028773346794633
2013-02-01,3.0699547055863086
2013-02-04,0.341796875
2013-02-05,0.1946472019464629
2013-02-06,0.6313744536182497
2013-02-07,-1.254826254826269
2013-02-08,-0.537634408602139
2013-02-18,-1.1793611793611825
2013-02-19,-1.6409746394828506
2013-02-20,-0.25278058645095136
2013-02-21,-4.054738976178407
2013-02-22,-0.6867406233491913
2013-02-25,0.42553191489360653
2013-02-26,-1.3771186440677874
2013-02-27,1.235230934479059
2013-02-28,3.5543766578249203
2013-03-01,-0.4098360655737654
2013-03-04,-5.298353909465014
2013-03-05,3.910917979359052
2013-03-06,0.9932043910088728
2013-03-07,-1.7080745341614856
2013-03-08,0.05265929436544248
2013-03-11,-1.1052631578947314
2013-03-12,-1.383714741883979
2013-03-13,-1.0253642741500202
2013-03-14,0.27262813522355156
2013-03-15,0.32626427406199365
2013-03-18,-1.788617886178856
2013-03-19,0.9933774834437026
2013-03-20,3.9890710382513683
2013-03-21,-0.10509721492379942
2013-03-22,0.10520778537612685
2013-03-25,-0.10509721492379942
2013-03-26,-2.1567596002104117
2013-03-27,0.26881720430107503
2013-03-28,-4.128686327077746
2013-03-29,0.0
2013-04-01,-0.2796420581655523
2013-04-02,0.16825574873808868
2013-04-03,0.11198208286673506
2013-04-08,-1.0067114093959773
2013-04-09,0.9604519774011333
2013-04-10,0.05595970900951208
2013-04-11,-0.055928411633110464
2013-04-12,-0.615556799104644
2013-04-15,-0.7882882882882858
2013-04-16,0.4540295119182858
2013-04-17,-0.5084745762711895
2013-04-18,0.28392958546281655
2013-04-19,3.3975084937712285
2013-04-22,-0.16429353778751876
2013-04-23,-3.291278113000551
2013-04-24,1.5314804310833985
2013-04-25,-0.7262569832402255
2013-04-26,-0.6752954417557633
2013-05-02,0.0
2013-05-03,1.7563739376770693
2013-05-06,0.9465478841870878
2013-05-07,0.22062879205735353
2013-05-08,0.27517886626307053
2013-05-09,-0.7683863885839748
2013-05-10,0.6084070796460228
2013-05-13,-0.5497526113249052
2013-05-14,-1.3266998341625258
2013-05-15,0.056022408963585235
2013-05-16,1.8477043673012172
2013-05-17,1.319406267179768
2013-05-20,0.9766684753119925
2013-05-21,-0.4836109618484685
2013-05-22,0.21598272138227959
2013-05-23,-1.778017241379315
2013-05-24,0.3291278113000562
2013-05-27,-0.2186987424822262
2013-05-28,2.520547945205487
2013-05-29,-0.5344735435595993
2013-05-30,-0.3224073078989753
2013-05-31,-0.8086253369272156
2013-06-03,0.21739130434783593
2013-06-04,-0.9761388286334105
2013-06-05,-0.7119386637459035
2013-06-06,-1.0479867622724681
2013-06-07,-1.3377926421404673
2013-06-13,-2.5423728813559254
2013-06-14,0.057971014492741446
2013-06-17,-0.8690614136732222
2013-06-18,0.6428988895382792
2013-06-19,-0.8710801393728151
2013-06-20,-3.1634446397188043
2013-06-21,-0.1814882032667997
2013-06-24,-6.36363636363636
2013-06-25,0.3236245954692629
2013-06-26,-1.3548387096774306
2013-06-27,0.39241334205362133
2013-06-28,2.931596091205213
2013-07-01,-0.31645569620254443
2013-07-02,-0.4444444444444362
2013-07-03,-0.8928571428571397
2013-07-04,0.7722007722007707
2013-07-05,0.5108556832694733
2013-07-08,-1.842439644218563
2013-07-09,-0.25889967637540146
2013-07-10,2.7903958468527
2013-07-11,6.313131313131315
2013-07-12,-3.0878859857482177
2013-07-15,0.9803921568627416
2013-07-16,0.0
2013-07-17,-1.2742718446601908
2013-07-18,-2.0897357098955127
2013-07-19,-2.385436283741371
2013-07-22,0.12861736334404128
2013-07-23,2.7617212588310958
2013-07-24,-1.2499999999999956
2013-07-25,-0.06329113924051777
2013-07-26,-0.5699810006333017
2013-07-29,-2.420382165605095
2013-07-30,1.1096605744125299
2013-07-31,0.12911555842478606
2013-08-01,2.3855577047066534
2013-08-02,-0.12594458438287548
2013-08-05,1.0718789407313967
2013-08-06,0.12476606363069909
2013-08-07,-0.43613707165108817
2013-08-08,-0.1877346683354264
2013-08-09,0.5642633228840177
2013-08-12,3.6783042394014975
2013-08-13,0.42092603728201006
2013-08-14,-0.41916167664669546
2013-08-15,-1.0222489476849117
2013-08-16,0.0
2013-08-19,0.6682867557715744
2013-08-20,-0.6638503319251754
2013-08-21,-0.42527339003644027
2013-08-22,-0.3050640634533308
2013-08-23,-0.9791921664626502
2013-08-26,2.2867737948083944
2013-08-27,-0.12084592145015227
2013-08-28,-0.3629764065335772
2013-08-29,-0.36429872495445936
2013-08-30,0.24375380865326868
2013-09-02,0.18237082066867583
2013-09-03,1.2135922330097193
2013-09-04,0.11990407673860837
2013-09-05,-0.29940119760478723
2013-09-06,1.0810810810810922
2013-09-09,5.288175876411172
2013-09-10,1.5237020316027028
2013-09-11,0.22234574763757564
2013-09-12,1.6638935108153063
2013-09-13,-1.2002182214948198
2013-09-16,-0.7730535615681933
2013-09-17,-2.225932109070672
2013-09-18,0.11383039271486428
2013-09-23,0.5685048322910724
2013-09-24,-2.148106274731476
2013-09-25,-0.8087810514153637
2013-09-26,-1.6307513104251603
2013-09-27,0.3552397868561208
2013-09-30,0.11799410029498247
2013-10-08,1.1785503830288757
2013-10-09,0.34944670937682165
2013-10-10,-1.6831108531630945
2013-10-11,1.8299881936245654
2013-10-14,-0.40579710144927894
2013-10-15,-0.465657741559955
2013-10-16,-1.2280701754385892
2013-10-17,-0.4736530491415092
2013-10-18,0.7138607971445499
2013-10-21,1.2404016538688722
2013-10-22,-1.166861143523923
2013-10-23,-0.059031877213688855
2013-10-24,-1.1222681630242204
2013-10-25,-0.6571087216248439
2013-10-28,0.12026458208058699
2013-10-29,1.2612612612612484
2013-10-30,1.3048635824436605
2013-10-31,-1.3466042154566704
2013-11-01,0.8902077151335286
2013-11-04,-0.4117647058823448
2013-11-05,-0.35440047253396667
2013-11-06,-1.0669828097213951
2013-11-07,-0.2995805871779611
2013-11-08,-1.5024038461538436
2013-11-11,0.12202562538132788
2013-11-12,1.3406459475929333
2013-11-13,-2.525556223692127
2013-11-14,0.06169031462062158
2013-11-15,1.9757807520713877
2013-11-18,4.6875
2013-11-19,-1.134328358208958
2013-11-20,0.24154589371980784
2013-11-21,-0.9638554216867434
2013-11-22,-0.30413625304135383
2013-11-25,-0.5491153142159977
2013-11-26,-0.18404907975458906
2013-11-27,0.9834050399508243
2013-11-28,0.9738283627510613
2013-11-29,-0.1808318264014508
2013-12-02,1.1473429951690983
2013-12-03,0.05970149253731183
2013-12-04,1.193317422434359
2013-12-05,-0.3537735849056589
2013-12-06,-1.0650887573964485
2013-12-09,-0.3588516746411474
2013-12-10,0.12004801920768582
2013-12-11,-1.7386091127098324
2013-12-12,-0.6101281269066505
2013-12-13,-0.12277470841006721
2013-12-16,-1.4751075599262475
2013-12-17,-0.49906425452277414
2013-12-18,0.25078369905955356
2013-12-19,-1.1257035647279534
2013-12-20,-2.403542061986086
2013-12-23,-0.06480881399869576
2013-12-24,-0.12970168612191912
2013-12-25,0.3896103896103842
2013-12-26,-1.2289780077619716
2013-12-27,1.4407334643091074
2013-12-30,-0.06455777921239303
2013-12-31,1.4857881136950857
2014-01-02,-0.8274984086569015
2014-01-03,-1.4762516046213148
2014-01-06,-1.4332247557003241
2014-01-07,-0.06609385327164263
2014-01-08,0.0661375661375585
2014-01-09,-0.6609385327164596
2014-01-10,-0.39920159680637557
2014-01-13,-0.4008016032064132
2014-01-14,0.26827632461434714
2014-01-15,-0.5351170568561825
2014-01-16,0.20174848688634395
2014-01-17,-1.1409395973154268
2014-01-20,-0.5431093007467802
2014-01-21,0.6143344709897525
2014-01-22,2.6458616010854863
2014-01-23,-0.9253139458030302
2014-01-24,0.0
2014-01-27,-1.4009339559706513
2014-01-28,0.5412719891745521
2014-01-29,0.40376850605652326
2014-01-30,-1.1394101876675555
2014-02-07,-0.20338983050848247
2014-02-10,1.970108695652173
2014-02-11,1.6655562958028058
2014-02-12,-0.2621231979030192
2014-02-13,0.3285151116951379
2014-02-14,0.19646365422396617
2014-02-17,0.2614379084967311
2014-02-18,-1.8252933507170832
2014-02-19,1.527224435590968
2014-02-20,-0.7194244604316502
2014-02-21,-1.0540184453227908
2014-02-24,-2.3302263648468657
2014-02-25,-1.8404907975460238
2014-02-26,0.0
2014-02-27,0.7638888888888973
2014-02-28,0.689179875947632
2014-03-03,-0.2053388090349162
2014-03-04,0.0685871056241405
2014-03-05,-1.0281014393420218
2014-03-06,0.8310249307479145
2014-03-07,-0.27472527472527375
2014-03-10,-3.0303030303030276
2014-03-11,0.14204545454545858
2014-03-12,0.28368794326241176
2014-03-13,1.4144271570014189
2014-03-14,-0.8368200836820106
2014-03-17,0.8438818565400741
2014-03-18,-0.6276150627614996
2014-03-19,-0.42105263157894424
2014-03-20,-0.7751937984496249
2014-03-21,3.906250000000022
2014-03-24,0.8885850991114053
2014-03-25,-0.7452574525745215
2014-03-26,-0.13651877133106227
2014-03-27,0.06835269993163973
2014-03-28,0.4781420765027411
2014-03-31,-0.47586675730796335
2014-04-01,0.3415300546448119
2014-04-02,1.2933968686180908
2014-04-03,-0.8736559139784883
2014-04-04,0.8813559322033759
2014-04-08,2.9569892473118253
2014-04-09,-0.26109660574412663
2014-04-10,2.5523560209423923
2014-04-11,-0.38289725590300305
2014-04-14,-0.5765534913516945
2014-04-15,-1.9329896907216537
2014-04-16,0.0
2014-04-17,-0.3942181340341633
2014-04-18,-0.06596306068602509
2014-04-21,-1.7161716171616992
2014-04-22,1.074546675621213
2014-04-23,0.0
2014-04-24,0.2657807308970028
2014-04-25,-0.5964214711729587
2014-04-28,-1.1333333333333306
2014-04-29,0.6743088334457248
2014-04-30,-0.066979236436715
2014-05-05,-0.6032171581769386
2014-05-06,-0.13486176668914274
2014-05-07,-0.540175557056044
2014-05-08,0.20366598778003286
2014-05-09,0.0
2014-05-12,1.8292682926829285
2014-05-13,-0.46573519627410853
2014-05-14,0.13368983957218195
2014-05-15,-0.9345794392523366
2014-05-16,-0.20215633423179558
2014-05-19,-1.620526671168132
2014-05-20,-0.1372683596431057
2014-05-21,0.9621993127147732
2014-05-22,-0.20422055820287222
2014-05-23,0.9549795361528002
2014-05-26,0.13513513513514486
2014-05-27,-0.26990553306343035
2014-05-28,0.6765899864682012
2014-05-29,-0.40322580645161255
2014-05-30,-0.3373819163292824
2014-06-03,-0.27081922816519777
2014-06-04,-0.6109979633401319
2014-06-05,1.161202185792365
2014-06-06,-0.8102633355840605
2014-06-09,0.2042205582028611
2014-06-10,1.2228260869565188
2014-06-11,-0.4026845637583931
2014-06-12,-0.20215633423179558
2014-06-13,1.282916948008106
2014-06-16,1.0666666666666602
2014-06-17,-0.923482849604218
2014-06-18,-0.3994673768308976
2014-06-19,-1.2032085561497374
2014-06-20,0.47361299052774974
2014-06-23,-0.33670033670034627
2014-06-24,0.6081081081081186
2014-06-25,-0.4701141705842904
2014-06-26,0.5398110661268607
2014-06-27,-0.26845637583892135
2014-06-30,0.7402422611036519
2014-07-01,-0.2672010688042792
2014-07-02,0.5358338914936311
2014-07-03,0.26648900732844094
2014-07-04,0.33222591362127574
2014-07-07,0.06622516556291647
2014-07-08,-0.19854401058900795
2014-07-09,-1.0610079575596787
2014-07-10,-0.06702412868632157
2014-07-11,0.46948356807510194
2014-07-14,0.8678237650200149
2014-07-15,0.1323626737260053
2014-07-16,-0.06609385327164263
2014-07-17,-0.3306878306878369
2014-07-18,0.5972130059721303
2014-07-21,-0.06596306068602509
2014-07-22,1.1881188118811892
2014-07-23,0.7827788649706457
2014-07-24,2.265372168284796
2014-07-25,1.0126582278481067
2014-07-28,3.195488721804507
2014-07-29,0.18214936247722413
2014-07-30,-0.48484848484848797
2014-07-31,1.461632155907422
2014-08-01,-1.0204081632652962
2014-08-04,2.183141297756208
2014-08-05,-0.7715133531157381
2014-08-06,-0.837320574162681
2014-08-07,-1.5078407720144682
2014-08-08,0.24494794856093627
2014-08-11,1.3439218081856996
2014-08-12,-0.7233273056057921
2014-08-13,0.24286581663630624
2014-08-14,-0.8479709267110835
2014-08-15,0.977397678680525
2014-08-18,0.0604960677555999
2014-08-19,-0.30229746070132846
2014-08-20,-0.24257125530624535
2014-08-21,-0.9726443768997006
2014-08-22,0.36832412523020164
2014-08-25,-0.917431192660545
2014-08-26,-0.18518518518518823
2014-08-27,-0.12368583797155441
2014-08-28,-0.18575851393187737
2014-08-29,0.6823821339950298
2014-09-01,0.1848428835489857
2014-09-02,1.4145141451414656
2014-09-03,1.091570648878104
2014-09-04,0.7198560287942524
2014-09-05,1.1911852293031489
2014-09-09,-0.8240141259564404
2014-09-10,-0.8308605341246333
2014-09-11,-0.29922202274088594
2014-09-12,0.5402160864345751
2014-09-15,-0.3582089552238821
2014-09-16,-1.497902935889761
2014-09-17,0.24330900243310083
2014-09-18,0.24271844660195274
2014-09-19,0.7869249394673261
2014-09-22,-2.2222222222222254
2014-09-23,0.7371007371007376
2014-09-24,1.9512195121951237
2014-09-25,-0.6578947368421018
2014-09-26,0.06020469596628164
2014-09-29,0.30084235860410313
2014-09-30,-0.05998800239952473
2014-10-08,0.6002400960384069
2014-10-09,0.05966587112171684
2014-10-10,-0.7751937984496249
2014-10-13,-0.6610576923076872
2014-10-14,-0.6049606775559546
2014-10-15,1.0346926354229957
2014-10-16,-0.3012048192771011
2014-10-17,-0.30211480362538623
2014-10-20,0.3030303030303161
2014-10-21,-0.5438066465256908
2014-10-22,-0.12150668286755595
2014-10-23,-0.7299270072992692
2014-10-24,-0.18382352941175295
2014-10-27,-1.5346838551258402
2014-10-28,1.558603491271815
2014-10-29,1.3505217925107393
2014-10-30,0.726832222895224
2014-10-31,2.525556223692127
2014-11-03,-0.5865102639296182
2014-11-04,-0.2949852507374673
2014-11-05,-0.2958579881656709
2014-11-06,-0.17804154302670794
2014-11-07,0.29726516052319685
2014-11-10,2.8452874925904093
2014-11-11,1.2680115273774994
2014-11-12,1.081388730791133
2014-11-13,-0.05630630630630851
2014-11-14,-0.05633802816901179
2014-11-17,-1.2709416522241446
2014-11-18,-1.46284376828556
2014-11-19,-0.5344418052256494
2014-11-20,0.1791044776119355
2014-11-21,2.5029797377830842
2014-11-24,2.2674418604651025
2014-11-25,0.8527572484366086
2014-11-26,2.367531003382184
2014-11-27,1.927312775330381
2014-11-28,3.2955159373311727
2014-12-01,0.3138075313807498
2014-12-02,5.474452554744547
2014-12-03,0.4943153732080985
2014-12-04,7.18150516478111
2014-12-05,0.7801743919229054
2014-12-08,5.2823315118397
2014-12-09,-6.185121107266422
2014-12-10,3.2272936837252075
2014-12-11,-2.545779365788292
2014-12-12,0.0
2014-12-15,0.09165902841430373
2014-12-16,4.441391941391948
2014-12-17,3.2880315651030223
2014-12-18,-0.7640067911714676
2014-12-19,1.283147989734812
2014-12-22,1.5625
2014-12-23,-2.162162162162151
2014-12-24,-4.122396940076511
2014-12-25,3.900709219858167
2014-12-26,4.607508532423221
2014-12-29,0.2854812398042528
2014-12-30,1.342008946726314
2014-12-31,2.4077046548956593
2015-01-05,2.7429467084639336
2015-01-06,-1.1441647597253968
2015-01-07,-0.15432098765432167
2015-01-08,-2.704791344667712
2015-01-09,0.2382843526608447
2015-01-12,-0.9508716323296418
2015-01-13,-0.6000000000000005
2015-01-14,0.3621730382293853
2015-01-15,3.688853247794688
2015-01-16,0.6960556844547661
2015-01-19,-9.98463901689709
2015-01-20,0.7252559726962593
2015-01-21,6.014400677678955
2015-01-22,-0.15980823012384793
2015-01-23,1.0004001600640189
2015-01-26,-0.1980982567353351
2015-01-27,-1.6276300119094866
2015-01-28,-1.4527845036319653
2015-01-29,-1.7199017199017286
2015-01-30,-1.374999999999993
2015-02-02,-2.872834811998315
2015-02-03,2.957807742496743
2015-02-04,-1.3941698352344711
2015-02-05,-0.7712082262210873
2015-02-06,-1.0794473229706392
2015-02-09,1.7459624618070713
2015-02-10,1.6302016302016442
2015-02-11,0.4643309413254304
2015-02-12,0.1680672268907557
2015-02-13,0.2516778523490082
2015-02-16,0.16736401673640433
2015-02-17,0.7101086048454386
2015-02-25,-1.7005391953546223
2015-02-26,3.3755274261603407
2015-02-27,-0.4897959183673528
2015-03-02,0.12305168170629877
2015-03-03,-3.1544448996312924
2015-03-04,-0.08460236886631556
2015-03-05,-1.185436071126167
2015-03-06,0.21422450728363351
2015-03-09,2.479692176143633
2015-03-10,-1.5853149770546415
2015-03-11,0.6358626536668188
2015-03-12,3.117101937657951
2015-03-13,0.28594771241829964
2015-03-16,2.240325865580428
2015-03-17,1.3147410358565814
2015-03-18,2.674007078254026
2015-03-19,-0.9191880505553418
2015-03-20,1.8554310011596353
2015-03-23,1.555977229601524
2015-03-24,-1.420029895366226
2015-03-25,-1.2888551933282755
2015-03-26,1.4976958525345418
2015-03-27,0.2270147559591429
2015-03-30,3.4352585881464837
2015-03-31,-1.2043795620438114
2015-04-01,1.6992981159955844
2015-04-02,-0.5085361423901258
2015-04-03,1.241328952172327
2015-04-07,2.48827984132709
2015-04-08,1.9704433497536922
2015-04-09,-0.7246376811594346
2015-04-10,2.0507473062217674
2015-04-13,1.8732970027248053
2015-04-14,0.26746907388832675
2015-04-15,0.4001333777925886
2015-04-16,4.450348721355035
2015-04-17,1.2718600953895098
2015-04-20,-2.5745682888539956
2015-04-21,1.2246213341927215
2015-04-22,3.1836994587711054
2015-04-23,-0.8947855600123344
2015-04-24,-1.2764632627646488
2015-04-27,2.64900662251657
2015-04-28,-0.8294930875575979
2015-04-29,-0.24783147459727095
2015-04-30,-0.6832298136645987
2015-05-04,0.40650406504065817
2015-05-05,-3.581438804110859
2015-05-06,-0.41989664082686673
2015-05-07,-1.2325656827765208
2015-05-08,0.3284072249589487
2015-05-11,1.8003273322422242
2015-05-12,0.6109324758842405
2015-05-13,-1.4381591562799612
2015-05-14,-0.3566796368352776
2015-05-15,-2.1802798568174464
2015-05-18,-1.9960079840319223
2015-05-19,4.073319755600813
2015-05-20,0.0
2015-05-21,1.2393998695368724
2015-05-22,3.0605670103092786
2015-05-25,3.2510159424820273
2015-05-26,0.51468362095064
2015-05-27,-1.0542168674698704
2015-05-28,-6.27092846270928
2015-05-29,-0.4222150048717177
2015-06-01,4.305283757338563
2015-06-02,0.343964978111333
2015-06-03,-0.5609224057338769
2015-06-04,2.130993418990923
2015-06-05,-0.15342129487572187
2015-06-08,5.316533497234177
2015-06-09,-1.92588269623577
2015-06-10,-1.2198750371913203
2015-06-11,-0.6024096385542133
2015-06-12,0.39393939393941313
2015-06-15,-2.927859945668576
2015-06-16,-2.1144278606965217
2015-06-17,0.8576874205844964
2015-06-18,-4.188976377952757
2015-06-19,-5.522682445759363
2015-06-23,3.5490605427974886
2015-06-24,1.4112903225806495
2015-06-25,-3.280318091451284
2015-06-26,-7.98218568002741
2015-06-29,-0.9679821295606739
2015-06-30,7.1804511278195315
2015-07-01,-4.314275692739377
2015-07-02,-1.6129032258064502
2015-07-03,-3.9120715350223545
2015-07-06,6.3202791779759515
2015-07-07,1.7505470459518557
2015-07-08,-6.666666666666665
2015-07-09,7.219662058371723
2015-07-10,4.0472779369627565
2015-07-13,-1.480206540447493
2015-07-14,-3.4940600978336844
2015-07-15,-0.4706734250543021
2015-07-16,-0.3273917788286562
2015-07-17,2.2992700729926874
2015-07-20,-0.9275775954334597
2015-07-21,-0.32409074540872274
2015-07-22,-1.1199421965317757
2015-07-23,2.0825721592985014
2015-07-24,-1.7537580529706442
2015-07-27,-9.143897996357008
2015-07-28,-0.4009623095429071
2015-07-29,2.012882447665043
2015-07-30,-2.5651144435674844
2015-07-31,-0.28351559335761944
2015-08-03,0.6498781478472715
2015-08-04,2.5020177562550483
2015-08-05,-1.9291338582677175
2015-08-06,-0.8028904054596553
2015-08-07,1.3354917037636582
2015-08-10,4.472843450479247
2015-08-11,-0.9938837920489441
2015-08-12,-1.0038610038609952
2015-08-13,0.46801872074881956
2015-08-14,-0.038819875776396895
2015-08-17,-1.0485436893203914
2015-08-18,-5.416012558869698
2015-08-19,0.7053941908713668
2015-08-20,-2.7194066749072876
2015-08-21,-3.684879288437115
2015-08-24,-9.98240985048372
2015-08-25,-7.86516853932585
2015-08-26,3.181336161187698
2015-08-27,8.427543679342243
2015-08-28,2.7488151658767945
2015-08-31,1.8911439114391193
2015-09-01,0.860117700316887
2015-09-02,0.35906642728904536
2015-09-07,-4.29338103756709
2015-09-08,1.7289719626168099
2015-09-09,1.4699127239320209
2015-09-10,-0.13580805794477513
2015-09-11,-0.5893019038984537
2015-09-14,1.3679890560875485
2015-09-15,-2.5191183085919944
2015-09-16,3.4610059990770825
2015-09-17,-1.9625334522747617
2015-09-18,0.0
2015-09-21,0.6369426751592355
2015-09-22,1.1301989150090286
2015-09-23,-2.548055431381313
2015-09-24,0.32110091743118296
2015-09-25,-0.7315957933241912
2015-09-28,0.13818516812529325
2015-09-29,-2.161913523459069
2015-09-30,0.9402914903620108
2015-10-08,2.2822543083372393
2015-10-09,1.1384335154826841
2015-10-12,3.0166591625393924
2015-10-13,-0.3933566433566349
2015-10-14,-0.9214567792891537
2015-10-15,2.037201062887495
2015-10-16,0.78125
2015-10-19,-0.08613264427218548
2015-10-20,0.9051724137931094
2015-10-21,-0.8970525416488795
2015-10-22,0.5603448275862233
2015-10-23,0.7286755250750065
2015-10-26,0.0
2015-10-27,-0.08510638297872797
2015-10-28,-1.7035775127768327
2015-10-29,0.12998266897747968
2015-10-30,-0.04327131112071836
2015-11-02,-1.1688311688311748
2015-11-03,-0.48182216381954523
2015-11-04,5.017605633802824
2015-11-05,2.472757753562438
2015-11-06,2.208588957055224
2015-11-09,1.3205282112844996
2015-11-10,-0.43443917851501146
2015-11-11,-0.6743355811186014
2015-11-12,-1.3578274760383313
2015-11-13,-1.0526315789473828
2015-11-16,0.20458265139116083
2015-11-17,0.040832993058415035
2015-11-18,-0.4897959183673528
2015-11-19,1.3535684987694863
2015-11-20,-0.4856333468231444
2015-11-23,-0.3660024400162665
2015-11-24,-0.2448979591836875
2015-11-25,0.40916530278234386
2015-11-26,-0.2852485737571353
2015-11-27,-5.271761340416836
2015-11-30,0.4745470232959459
2015-12-01,0.4293688278230956
2015-12-02,5.258657545959822
2015-12-03,-0.08123476848092004
2015-12-04,-2.5203252032520274
2015-12-07,-0.33361134278565574
2015-12-08,-1.0041841004184149
2015-12-09,0.1267962806424494
2015-12-10,-0.5909666525960366
2015-12-11,-0.4670912951167727
2015-12-14,3.0290102389078477
2015-12-15,-1.3664596273291862
2015-12-16,-0.4198152812762479
2015-12-17,1.2225969645868418
2015-12-18,0.8746355685131268
2015-12-21,3.1791907514450823
2015-12-22,-0.36014405762304635
2015-12-23,0.3614457831325302
2015-12-24,-0.8403361344537785
2015-12-25,0.32284100080710587
2015-12-28,-2.97666934835078
2015-12-29,0.8291873963515828
2015-12-30,-0.3289473684210509
2015-12-31,-0.330033003300334
2016-01-04,-5.711920529801318
2016-01-05,0.3511852502194879
2016-01-06,1.3560804899387602
2016-01-07,-6.042296072507558
2016-01-08,1.9292604501607524
2016-01-11,-4.236142406489407
2016-01-12,0.2823529411764669
2016-01-13,-0.8916001877052881
2016-01-14,0.8996212121211933
2016-01-15,-2.86250586579071
2016-01-18,0.0
2016-01-19,2.898550724637694
2016-01-20,-1.8309859154929442
2016-01-21,-2.295552367288378
2016-01-22,1.1747430249632984
2016-01-25,-0.09675858732464127
2016-01-26,-5.181598062953996
2016-01-27,-0.05107252298263143
2016-01-28,-2.146142054164535
2016-01-29,3.1331592689294974
2016-02-01,-1.6708860759493738
2016-02-02,1.6992790937178315
2016-02-03,-1.1139240506329084
2016-02-04,1.2800819252432039
2016-02-05,-0.5055611729019249
2016-02-15,-0.9654471544715437
2016-02-16,2.66803488968701
2016-02-17,0.599700149925031
2016-02-18,-0.09935419771484044
2016-02-19,-0.24863252113378476
2016-02-22,2.3928215353938187
2016-02-23,-1.1684518013631906
2016-02-24,0.4433497536945996
2016-02-25,-5.051495831289854
2016-02-26,1.0330578512396604
2016-02-29,-0.971370143149275
2016-03-01,1.7552916881775849
2016-03-02,3.957382039573809
2016-03-03,0.19521717911177294
2016-03-04,3.360935216755956
2016-03-07,-0.5183788878416418
2016-03-08,0.1894836570345726
2016-03-09,-0.378250591016549
2016-03-10,-2.2781205505458035
2016-03-11,0.3399708596405926
2016-03-14,0.4840271055179146
2016-03-15,1.0597302504816941
2016-03-16,1.7635843660629202
2016-03-17,-0.140515222482418
2016-03-18,0.37523452157599557
2016-03-21,2.4299065420560817
2016-03-22,-1.049270072992703
2016-03-23,0.09220839096357736
2016-03-24,-1.4279134039612895
2016-03-25,0.2336448598130758
2016-03-28,-1.118881118881121
2016-03-29,-0.8015087223007922
2016-03-30,2.5665399239543696
2016-03-31,-0.0926784059314123
2016-04-01,0.4174397031539767
2016-04-05,0.4618937644341736
2016-04-06,-0.45977011494251485
2016-04-07,-1.2009237875288847
2016-04-08,-0.7012622720897421
2016-04-11,0.9416195856873921
2016-04-12,-0.093283582089565
2016-04-13,1.2138188608777023
2016-04-14,0.2767527675276549
2016-04-15,0.18399264029438367
2016-04-18,-1.1019283746556474
2016-04-19,0.32497678737233304
2016-04-20,-0.6015733456732897
2016-04-21,-0.09310986964619072
2016-04-22,0.4659832246039164
2016-04-25,-0.5102040816326592
2016-04-26,0.3263403263403353
2016-04-27,-0.371747211895912
2016-04-28,-0.093283582089565
2016-04-29,-0.326797385620925
2016-05-03,1.1241217798594771
2016-05-04,-0.2779064381658092
2016-05-05,-0.09289363678589568
2016-05-06,-2.231520223152006
2016-05-09,-1.5216357584403206
2016-05-10,-0.04828585224531112
2016-05-11,0.33816425120773985
2016-05-12,0.2888781896966952
2016-05-13,-0.1920307249159814
2016-05-16,0.09620009620008307
2016-05-17,-0.1922152811148492
2016-05-18,0.0481463649494307
2016-05-19,-0.2887391722810273
2016-05-20,0.5308880308880326
2016-05-23,0.048007681228989796
2016-05-24,-0.7197696737044179
2016-05-25,0.24166263895601947
2016-05-26,0.0
2016-05-27,0.192864030858253
2016-05-30,0.5293551491819093
2016-05-31,3.3987553853518593
2016-06-01,-0.8333333333333415
2016-06-02,-0.09337068160596429
2016-06-03,0.6542056074766212
2016-06-06,-0.603528319405755
2016-06-07,0.09341429238671761
2016-06-08,-0.18665422305179646
2016-06-13,-2.384291725105181
2016-06-14,0.6226053639846629
2016-06-15,0.38077106139933203
2016-06-16,-0.33191085822665833
2016-06-17,0.3330161750713767
2016-06-20,0.23707918444759724
2016-06-21,-0.0946073793755775
2016-06-22,0.5681818181818121
2016-06-23,-0.37664783427495685
2016-06-24,-1.2287334593572896
2016-06-27,1.0047846889952305
2016-06-28,0.28422548555187
2016-06-29,0.8502598016060459
2016-06-30,0.04683840749415413
2016-07-01,0.2808988764044784
2016-07-04,1.6339869281045916
2016-07-05,0.3674781809829941
2016-07-06,-0.04576659038900699
2016-07-07,0.22893772893772812
2016-07-08,-0.5481955230698943
2016-07-11,0.5052824988516447
2016-07-12,2.0566727605118906
2016-07-13,0.13434841021049415
2016-07-14,-0.13416815742397503
2016-07-15,0.13434841021049415
2016-07-18,-0.3577817531305927
2016-07-19,-0.538599640933568
2016-07-20,-0.3158844765343005
2016-07-21,0.49796287913084214
2016-07-22,-0.9009009009009028
2016-07-25,0.04545454545454852
2016-07-26,1.181281235801901
2016-07-27,-0.5388414907947947
2016-07-28,-0.18058690744920947
2016-07-29,-0.45228403437357345
2016-08-01,-0.4997728305315863
2016-08-02,0.0
2016-08-03,-0.09132420091323423
2016-08-04,-0.0914076782449813
2016-08-05,0.4117108874656772
2016-08-08,0.4100227790432953
2016-08-09,0.7713248638838488
2016-08-10,-0.2251238180999482
2016-08-11,0.3158844765342783
2016-08-12,2.204228520017981
2016-08-15,2.8169014084507005
2016-08-16,-1.2842465753424626
2016-08-17,-0.2601908065915093
2016-08-18,-0.43478260869563856
2016-08-19,0.4803493449781815
2016-08-22,-0.6084311169057055
2016-08-23,0.13117621337996876
2016-08-24,-0.4366812227074357
2016-08-25,-0.48245614035086204
2016-08-26,-0.08814455707361057
2016-08-29,-0.08822232024701115
2016-08-30,0.4856512141280245
2016-08-31,0.35149384885764245
2016-09-01,-0.7005253940455369
2016-09-02,0.4850088183421475
2016-09-05,0.04387889425185865
2016-09-06,0.263157894736854
2016-09-07,0.17497812773403787
2016-09-08,0.0
2016-09-09,-0.4366812227074357
2016-09-12,-1.3157894736842035
2016-09-13,-0.3555555555555534
2016-09-14,-0.5798394290811748
2016-09-19,0.583221175414983
2016-09-20,-0.1338090990187335
2016-09-21,0.1786511835640825
2016-09-22,0.5349977708426268
2016-09-23,-0.2660753880265987
2016-09-26,-1.2005335704757703
2016-09-27,0.31503150315030926
2016-09-28,-0.4486316733961493
2016-09-29,0.49571879224876714
2016-09-30,0.22421524663676085
2016-10-10,1.2080536912751683
2016-10-11,0.13262599469496816
2016-10-12,-0.35320088300220265
2016-10-13,0.0
2016-10-14,0.3987594151528606
2016-10-17,-0.7060900264783787
2016-10-18,1.4222222222222136
2016-10-19,-0.13146362839614456
2016-10-20,0.04387889425185865
2016-10-21,0.6578947368421018
2016-10-24,1.263616557734193
2016-10-25,-0.21514629948364838
2016-10-26,-0.34497628288054916
2016-10-27,-0.25962786672435456
2016-10-28,0.08676789587851452
2016-10-31,-0.0866926744690022
2016-11-01,0.4772234273318743
2016-11-02,-0.6908462867012077
2016-11-03,1.1739130434782696
2016-11-04,-0.12892135797164528
2016-11-07,0.2581755593803914
2016-11-08,0.34334763948498104
2016-11-09,-0.7698887938409005
2016-11-10,1.0344827586206806
2016-11-11,0.8105802047781552
2016-11-14,0.4655099449851985
2016-11-15,-0.33698399326032025
2016-11-16,-0.21132713440404904
2016-11-17,0.33883947479882437
2016-11-18,-0.2532714225411681
2016-11-21,1.1426153195090993
2016-11-22,0.7531380753138084
2016-11-23,0.29069767441860517
2016-11-24,0.41407867494822614
2016-11-25,1.0721649484536133
2016-11-28,0.3671970624234966
2016-11-29,1.6202742002492831
2016-11-30,-1.1038430089942763
2016-12-01,0.5787515502273521
2016-12-02,-0.6987258528565521
2016-12-05,-1.779801324503294
2016-12-06,-0.21070375052677504
2016-12-07,0.2956081081081141
2016-12-08,0.21052631578946102
2016-12-09,1.3865546218487346
2016-12-12,-1.1189390799834054
2016-12-13,-0.6286672254819825
2016-12-14,-0.4639392661324404
2016-12-15,-2.203389830508473
2016-12-16,-0.3032928942807489
2016-12-19,-0.34767492394610633
2016-12-20,-0.5233318796336706
2016-12-21,0.7452871547566797
2016-12-22,-0.26109660574413773
2016-12-23,-0.5671902268760909
2016-12-26,0.8336989907854475
2016-12-27,-0.3916449086161844
2016-12-28,-0.4805591961555278
2016-12-29,0.0
2016-12-30,0.3950834064969211
2017-01-03,0.8745080891998214
2017-01-04,0.7802340702210753
2017-01-05,-0.1290322580645209
2017-01-06,-0.3445305770887197
2017-01-09,0.216076058772674
2017-01-10,-0.2587322121604063
2017-01-11,-0.4323389537397415
2017-01-12,-0.3039513677811634
2017-01-13,0.6097560975609762
2017-01-16,1.2554112554112429
2017-01-17,-0.42753313381785896
2017-01-18,0.6440532417346434
2017-01-19,-0.426621160409546
2017-01-20,0.6426735218509005
2017-01-23,-0.042571306939132025
2017-01-24,0.25553662691653045
2017-01-25,0.12744265080715245
2017-01-26,0.38184132371659185
2017-02-03,-1.0143702451394732
2017-02-06,0.0426985482493647
2017-02-07,-0.34144259496372564
2017-02-08,0.5567451820128522
2017-02-09,0.25553662691653045
2017-02-10,0.5097706032285432
2017-02-13,0.507185122569731
2017-02-14,-0.3364171572750263
2017-02-15,-0.04219409282699704
2017-02-16,0.12663571127056183
2017-02-17,-0.4637436762225833
2017-02-20,1.4400677678949592
2017-02-21,-0.08350730688936325
2017-02-22,0.1253656498119593
2017-02-23,-0.3756260434056746
2017-02-24,-0.0837871805613788
2017-02-27,-0.7547169811320642
2017-02-28,0.042247570764675224
2017-03-01,0.0
2017-03-02,-0.6334459459459318
2017-03-03,-0.4249893752656275
2017-03-06,0.256081946222797
2017-03-07,0.21285653469560462
2017-03-08,0.042480883602369346
2017-03-09,-0.5095541401273884
2017-03-10,-0.34144259496372564
2017-03-13,0.8565310492505418
2017-03-14,-0.1698513800424628
2017-03-15,0.12760527435133895
2017-03-16,0.6372132540356956
2017-03-17,-1.0975094976783506
2017-03-20,0.17072129748185727
2017-03-21,0.2556455048998929
2017-03-22,-0.722481937951569
2017-03-23,0.3424657534246478
2017-03-24,0.8532423208191142
2017-03-27,-0.16920473773265332
2017-03-28,-0.25423728813558366
2017-03-29,-0.084961767204772
2017-03-30,-0.3826530612244805
2017-03-31,0.5548442168160417
2017-04-05,1.1035653650254718
2017-04-06,0.08396305625524292
2017-04-07,0.0
2017-04-10,-0.2936241610738355
2017-04-11,0.04206983592764946
2017-04-12,-0.1682085786375076
2017-04-13,-0.29486099410278577
2017-04-14,-0.7182087029995787
2017-04-17,0.1276595744680975
2017-04-18,-0.6374840628984302
2017-04-19,-0.6843455945252375
2017-04-20,0.3875968992248069
2017-04-21,0.4290004290004479
2017-04-24,-0.21358393848783797
2017-04-25,0.25684931506850806
2017-04-26,-0.128095644748083
2017-04-27,0.21376656690892393
2017-04-28,-0.17064846416382506
2017-05-02,-0.34188034188034067
2017-05-03,-0.3001715265866123
2017-05-04,-0.21505376344087557
2017-05-05,-0.30172413793102537
2017-05-08,0.2161694768698652
2017-05-09,-0.1294219154443499
2017-05-10,0.2591792656587488
2017-05-11,0.5601034037052921
2017-05-12,1.5424164524421524
2017-05-15,0.16877637130801038
2017-05-16,0.2106149957876946
2017-05-17,-0.8827238335434973
2017-05-18,-0.3392705682782049
2017-05-19,0.21276595744681437
2017-05-22,0.7643312101910826
2017-05-23,1.2642225031605392
2017-05-24,-0.16645859342488967
2017-05-25,2.9595664860358584
2017-05-26,-0.16194331983805377
2017-05-31,0.36496350364962904
2017-06-01,0.60606060606061
2017-06-02,-0.8032128514056214
2017-06-05,-1.1336032388663986
2017-06-06,0.6142506142505999
2017-06-07,0.9361009361009476
2017-06-08,0.8467741935483941
2017-06-09,0.6397441023590522
2017-06-12,-0.11918951132300348
2017-06-13,-0.07955449482894839
2017-06-14,-1.1942675159235638
2017-06-15,-0.6849315068493289
2017-06-16,-0.20283975659228792
2017-06-19,1.504065040650393
2017-06-20,-0.5606728073688338
2017-06-21,1.0471204188481575
2017-06-22,0.5978477481068278
2017-06-23,0.7527733755942956
2017-06-26,0.4325599685410797
2017-06-27,0.3915426781519349
2017-06-28,-0.6240249609984372
2017-06-29,0.6671899529042458
2017-06-30,-0.27290448343080254
2017-07-03,-0.5863956215793498
2017-07-04,-0.9044435705859222
2017-07-05,1.7063492063492225
2017-07-06,0.15606710885680553
2017-07-07,-0.23373587845735289
2017-07-10,0.5466614603670594
2017-07-11,1.1262135922330163
2017-07-12,-0.26881720430107503
2017-07-13,1.5787447054293358
2017-07-14,1.0235026535253988
2017-07-17,0.15009380863040267
2017-07-18,-0.37467216185838037
2017-07-19,1.617149304249721
2017-07-20,0.2960769800148144
2017-07-21,-1.1070110701106972
2017-07-24,0.746268656716409
2017-07-25,-0.6296296296296466
2017-07-26,-0.2236302646291377
2017-07-27,0.0
2017-07-28,0.11206574523721091
2017-07-31,0.07462686567163423
2017-08-01,1.5659955257270708
2017-08-02,0.1468428781204123
2017-08-03,-1.4296187683284556
2017-08-04,-0.669393826701381
2017-08-07,0.29951329090227574
2017-08-08,0.11198208286673506
2017-08-09,-0.6711409395973034
2017-08-10,-0.33783783783785104
2017-08-11,-1.5819209039547921
2017-08-14,0.8419441255262061
2017-08-15,0.6072106261859611
2017-08-16,-0.414937759336087
2017-08-17,0.454545454545463
2017-08-18,0.4524886877828038
2017-08-21,-0.037537537537546406
2017-08-22,0.9763424708974844
2017-08-23,0.7065823726292386
2017-08-24,-0.36927621861152504
2017-08-25,2.186805040770956
2017-08-28,1.1244105912223246
2017-08-29,0.035868005738892705
2017-08-30,-0.5378271782000787
2017-08-31,-0.2883922134102379
2017-09-01,-0.2169197396963196
2017-09-04,0.14492753623187582
2017-09-05,0.651230101302458
2017-09-06,-0.6470165348670065
2017-09-07,-0.759768451519538
2017-09-08,-0.182282172803494
2017-09-11,-0.29218407596786067
2017-09-12,0.586080586080584
2017-09-13,-0.25491624180626893
2017-09-14,-0.6206644760861635
2017-09-15,0.0
2017-09-18,0.25716385011020915
2017-09-19,-0.32979113228288615
2017-09-20,-0.11029411764705843
2017-09-21,0.4048582995951566
2017-09-22,0.03665689149559004
2017-09-25,0.0
2017-09-26,0.07328691828507594
2017-09-27,-0.7323324789454411
2017-09-28,0.14754703061601315
2017-09-29,0.40515653775323734
2017-10-09,0.8804108584005821
2017-10-10,-0.1454545454545486
2017-10-11,0.582665695557183
2017-10-12,0.3982621288921129
2017-10-13,-0.07212405337180261
2017-10-16,0.36088054853844476
2017-10-17,-0.07191657677095842
2017-10-18,0.8276358402303119
2017-10-19,0.1427551748750977
2017-10-20,-0.5702066999287214
2017-10-23,0.03584229390680704
2017-10-24,0.5374417771408124
2017-10-25,-0.14255167498218313
2017-10-26,0.8922198429692996
2017-10-27,1.6271666077113611
2017-10-30,-0.41768186564566934
2017-10-31,-0.3495281370150427
2017-11-01,-0.31567870922483143
2017-11-02,0.17593244194229474
2017-11-03,0.14049877063575522
2017-11-06,-0.280603297088744
2017-11-07,1.1255715793176302
2017-11-08,-0.03478260869564931
2017-11-09,0.3827418232428492
2017-11-10,1.1438474870017368
2017-11-13,0.34270047978066653
2017-11-14,-0.5122950819672178
2017-11-15,-0.4119464469618972
2017-11-16,1.0685970355049923
2017-11-17,1.9781718963165273
2017-11-20,0.20066889632106566
2017-11-21,1.6688918558077415
2017-11-22,0.6894287590282433
2017-11-23,-2.477991522660583
2017-11-24,-0.03343363423603529
2017-11-27,-0.8026755852842848
2017-11-28,-0.5494505494505475
2017-11-29,-0.2071823204419787
2017-11-30,-1.107266435986165
2017-12-01,-0.6997900629811094
2017-12-04,0.7047216349541863
2017-12-05,1.7494751574527623
2017-12-06,-1.2723521320495146
2017-12-07,-0.9404388714733591
2017-12-08,0.7383966244725926
2017-12-11,1.1518324607329822
2017-12-12,-1.7943409247757058
2017-12-13,0.8432888264230609
2017-12-14,-0.6968641114982632
2017-12-15,-1.1929824561403568
2017-12-18,0.42613636363635354
2017-12-19,1.4851485148514865
2017-12-20,0.2090592334494712
2017-12-21,0.5910987482614649
2017-12-22,-0.5184929139301686
2017-12-25,-0.06949270326616075
2017-12-26,0.5910987482614649
2017-12-27,-2.0394054614586876
2017-12-28,0.7410021171488923
2017-12-29,0.10507880910683998
2018-01-02,1.714485654303699
2018-01-03,0.17199862401100496
2018-01-04,0.24038461538462563
2018-01-05,0.47961630695443347
2018-01-08,0.37504261847938203
2018-01-09,0.8831521739130599
2018-01-10,0.8080808080808133
2018-01-11,-0.10020040080160886
2018-01-12,0.9027081243731194
2018-01-15,0.8283631544069081
2018-01-16,0.6901084456128803
2018-01-17,0.22845953002610386
2018-01-18,1.139693910778239
2018-01-19,0.22537025112685516
2018-01-22,0.5139736588499755
2018-01-23,1.4062000639181838
2018-01-24,-0.03151591553733901
2018-01-25,-0.6935687263556201
2018-01-26,0.6666666666666599
2018-01-29,-1.797540208136228
2018-01-30,-1.252408477841993
2018-01-31,1.2357723577235635
2018-02-01,0.6745904272406067
2018-02-02,0.35098915124442964
2018-02-05,1.1128775834658322
2018-02-06,-2.2012578616352307
2018-02-07,-2.797427652733109
2018-02-08,-2.7786966589480655
2018-02-09,-4.627424293977544
2018-02-12,-0.1070281840884757
2018-02-13,1.7142857142857126
2018-02-14,0.6320224719101208
2018-02-22,2.0586182833217004
2018-02-23,1.0256410256410442
2018-02-26,0.33840947546530664
2018-02-27,-1.5177065767284947
2018-02-28,-1.6780821917808164
2018-03-01,0.4528039010797569
2018-03-02,-0.9708737864077666
2018-03-05,-0.03501400560224077
2018-03-06,1.1558669001751287
2018-03-07,-0.58864265927977
2018-03-08,0.7662835249041988
2018-03-09,0.3456619426201346
2018-03-12,0.06889424733034222
2018-03-13,-1.1015490533562655
2018-03-14,-0.34806822137140037
2018-03-15,0.9430667132378723
2018-03-16,-0.968858131487893
2018-03-19,1.0482180293500898
2018-03-20,0.10373443983402453
2018-03-21,-0.37996545768567147
2018-03-22,-0.9361997226074781
2018-03-23,-2.6601330066503337
2018-03-26,-1.6900395541172286
2018-03-27,0.1828822238478356
2018-03-28,-1.8619934282584794
2018-03-29,1.7113095238095122
2018-03-30,-0.7681053401609295
2018-04-02,-0.40545521562845854
2018-04-03,-0.33308660251665234
2018-04-04,0.03713330857779695
2018-04-09,0.6310319227913919
2018-04-10,2.360752489856144
2018-04-11,0.0
2018-04-12,-1.1891891891891881
2018-04-13,-0.9117432530999281
2018-04-16,-2.281928597718086
2018-04-17,-1.0922787193973549
2018-04-18,0.6473724295506411
2018-04-19,1.2485811577752637
2018-04-20,-1.4573991031390232
2018-04-23,0.7963594994311762
2018-04-24,2.257336343115135
2018-04-25,-0.919793966151583
2018-04-26,-1.4110657259561954
2018-04-27,-0.48964218455743724
2018-05-02,0.15140045420136694
2018-05-03,0.3023431594860071
2018-05-04,-0.7535795026375247
2018-05-07,1.518602885345488
2018-05-08,1.4958863126402377
2018-05-09,-0.1105379513633098
2018-05-10,0.44264109184801725
2018-05-11,-0.25706940874035134
2018-05-14,1.0677466863033835
2018-05-15,-0.18214936247722413
2018-05-16,-1.2773722627737238
2018-05-17,-0.591497227356752
2018-05-18,1.6362960208255783
2018-05-21,0.1097694840834329
2018-05-22,-0.6944444444444531
2018-05-23,-1.656238498343754
2018-05-24,-0.6362275449101951
2018-05-25,-0.037664783427493465
2018-05-28,0.5275056518462717
2018-05-29,-0.4872563718141043
2018-05-30,-2.033898305084736
2018-05-31,1.922337562475973
2018-06-01,-0.3017729158808047
2018-06-04,1.626939084373813
2018-06-05,0.37230081906181045
2018-06-06,-0.37091988130564246
2018-06-07,0.29784065524944836
2018-06-08,-1.5590200445434244
2018-06-11,0.41478129713423684
2018-06-12,0.9387908374014486
2018-06-13,-0.5952380952380931
2018-06-14,0.112275449101773
2018-06-15,0.11214953271028172
2018-06-19,-2.464525765496628
2018-06-20,-0.07656967840735662
2018-06-21,-0.6896551724137834
2018-06-22,0.23148148148146586
2018-06-25,-1.9245573518090753
2018-06-26,-1.098901098901095
2018-06-27,-2.182539682539686
2018-06-28,-0.973630831643002
2018-06-29,2.2122081114297476
2018-07-02,-3.7274549098196386
2018-07-03,0.33305578684430515
2018-07-04,-0.8298755186721962
2018-07-05,0.04184100418409553
2018-07-06,1.4219991635298967
2018-07-09,2.9278350515463902
2018-07-10,-0.12019230769231282
2018-07-11,-1.5643802647412608
2018-07-12,2.078239608801935
2018-07-13,0.1596806387225591
2018-07-16,-0.757273814268622
2018-07-17,-0.6024096385542244
2018-07-18,-0.48484848484848797
2018-07-19,0.44660982541615546
2018-07-20,2.6677445432497837
2018-07-23,1.1417322834645693
2018-07-24,1.595951732191514
2018-07-25,-0.03831417624520217
2018-07-26,-1.3031812955155209
2018-07-27,0.0
2018-07-30,0.46601941747572706
2018-07-31,0.30923850019326515
2018-08-01,-2.23506743737959
2018-08-02,-2.089081592432007
2018-08-03,-1.0869565217391353
2018-08-06,-0.08140008140007371
2018-08-07,3.054989816700604
2018-08-08,-1.4229249011857514
2018-08-09,2.2854851643945517
2018-08-10,0.0
2018-08-13,-0.9800078400627354
2018-08-14,-0.31670625494854
2018-08-15,-2.5416997617156323
2018-08-16,-0.04074979625102726
2018-08-17,-1.3452914798206206
2018-08-20,1.5702479338843167
2018-08-21,1.5459723352318822
2018-08-22,0.12019230769231282
2018-08-23,0.400160064025612
2018-08-24,0.5579912315663682
2018-08-27,1.9024970273483932
2018-08-28,-0.4278490859587758
2018-08-29,-0.27343750000000666
2018-08-30,-0.7833920877399092
2018-08-31,-0.47374654559810825
2018-09-03,-0.35700119000395825
2018-09-04,1.5127388535031816
2018-09-05,-2.470588235294102
2018-09-06,-0.8443908323281013
2018-09-07,1.0137875101378757
2018-09-10,-1.0036130068245663
2018-09-11,-0.6893755068937746
2018-09-12,-0.6941608819926448
2018-09-13,1.3980263157894912
2018-09-14,0.36496350364962904
2018-09-17,-0.9292929292929353
2018-09-18,2.487765089722682
2018-09-19,0.9948269001193832
2018-09-20,0.11820330969267712
2018-09-21,3.581267217630857
2018-09-25,-1.2158054711246202
2018-09-26,1.4615384615384475
2018-09-27,-0.37907505686125553
2018-09-28,1.1796042617960412
2018-10-08,-4.738623542685216
2018-10-09,0.47374654559810825
2018-10-10,0.0
2018-10-11,-4.165029469548132
2018-10-12,2.255022550225516
2018-10-15,-1.2429831595829999
2018-10-16,0.16240357287859997
2018-10-17,0.4053506282934549
2018-10-18,-2.3415421881307963
2018-10-19,2.9764365440264617
2018-10-22,4.335608189482132
2018-10-23,-3.3859176606387154
2018-10-24,0.5575467941059342
2018-10-25,0.23762376237623783
2018-10-26,-0.592651126037147
2018-10-29,-3.378378378378377
2018-10-30,1.3163307280954273
2018-10-31,1.3398294762484664
2018-11-01,0.4407051282051322
2018-11-02,3.4702832070203415
2018-11-05,-1.3878180416345476
2018-11-06,-0.4691164972634887
2018-11-07,-0.706991358994491
2018-11-08,0.35601265822784445
2018-11-09,-2.2467481277098966
2018-11-12,0.40322580645162365
2018-11-13,0.7630522088353242
2018-11-14,-1.3551215623754387
2018-11-15,1.2121212121211977
2018-11-16,0.07984031936127955
2018-11-19,1.316314319904266
2018-11-20,-1.6535433070866024
2018-11-21,-0.04003202562050667
2018-11-22,-0.5606728073688338
2018-11-23,-1.651228352799028
2018-11-26,0.3276003276003303
2018-11-27,-0.4489795918367401
2018-11-28,1.1070110701107083
2018-11-29,-0.5271695052717074
2018-11-30,0.8560945780676787
2018-12-03,2.350515463917535
2018-12-04,0.3223207091055613
2018-12-05,-0.4417670682731023
2018-12-06,-1.855586930213804
2018-12-07,-0.32881216605014085
2018-12-10,-0.7010309278350446
2018-12-11,0.20764119601328623
2018-12-12,0.2486531288852234
2018-12-13,1.4055394791236075
2018-12-14,-1.2229922543823823
2018-12-17,-0.12381345439538283
2018-12-18,-1.1983471074380136
2018-12-19,-1.0874111250522733
2018-12-20,-1.4376321353065658
2018-12-21,-1.2441012441012367
2018-12-24,0.08688097306688292
2018-12-25,-0.520833333333337
2018-12-26,-0.7417102966841171
2018-12-27,0.0
2018-12-28,0.48351648351649956
2019-01-02,-1.3560804899387602
2019-01-03,0.2660753880266098
2019-01-04,2.1671826625387025
2019-01-07,-0.12987012987013546
2019-01-08,-0.30342436064153544
2019-01-09,1.0869565217391353
2019-01-10,0.1290322580645098
2019-01-11,0.816151202749138
2019-01-14,-0.9373668512995259
2019-01-15,1.9354838709677358
2019-01-16,0.16877637130801038
2019-01-17,-0.3791069924178547
2019-01-18,1.860465116279042
2019-01-21,0.6226650062266526
2019-01-22,-1.1551155115511524
2019-01-23,-0.16694490818029983
2019-01-24,0.459866220735794
2019-01-25,1.2484394506866225
2019-01-28,-0.12330456226878894
2019-01-29,0.7407407407407307
2019-01-30,-0.4493464052287677
2019-01-31,1.5182601559294406
2019-02-01,0.7275666936135794
2019-02-11,0.9630818619582593
2019-02-12,0.31796502384737746
2019-02-13,1.8621236133122165
2019-02-14,-0.1555814858031912
2019-02-15,-2.181534865601875
2019-02-18,2.38948626045401
2019-02-19,-0.1555814858031912
2019-02-20,0.38955979742889557
2019-02-21,-0.42685292976329947
2019-02-22,2.0265003897116163
2019-02-25,7.563025210084029
2019-02-26,-3.124999999999989
2019-02-27,0.2932551319648091
2019-02-28,0.0
2019-03-01,2.412280701754388
2019-03-04,0.46395431834402867
2019-03-05,-0.0710479573712175
2019-03-06,0.24884464984000765
2019-03-07,-1.6666666666666607
2019-03-08,-3.5340786152181836
2019-03-11,0.5607476635514086
2019-03-12,0.4089219330855043
2019-03-13,0.1851166234727808
2019-03-14,0.14781966001478075
2019-03-15,1.1070110701107083
2019-03-18,2.62773722627736
2019-03-19,-0.7823613086770931
2019-03-20,0.14336917562725038
2019-03-21,-0.35790980672871786
2019-03-22,-0.25143678160918226
2019-03-25,-2.700756211739297
2019-03-26,-0.37009622501850137
2019-03-27,1.151560178306088
2019-03-28,-0.1836210062431065
2019-03-29,3.715967623252392
2019-04-01,1.9510464703795805
2019-04-02,-0.06958942240780086
2019-04-03,1.0097493036211658
2019-04-04,1.3098931402964586
2019-04-08,0.13610071452874184
2019-04-09,0.20387359836899765
2019-04-10,0.5086469989827203
2019-04-11,-1.7543859649122862
2019-04-12,-0.2060439560439442
2019-04-15,0.0
2019-04-16,3.509979353062631
2019-04-17,-0.36569148936170803
2019-04-18,-0.3336670003336595
2019-04-19,1.2387010378305918
2019-04-22,-2.182539682539675
2019-04-23,0.16903313049356772
2019-04-24,-0.1687478906513662
2019-04-25,-1.5212981744421983
2019-04-26,-1.1328527291452062
2019-04-29,1.4236111111111116
2019-04-30,0.2396439575487852
2019-05-06,-4.815573770491799
2019-05-07,0.10764262648008671
2019-05-08,-1.6129032258064502
2019-05-09,-2.1493624772313313
2019-05-10,3.3879374534623974
2019-05-13,-1.8725243068059116
2019-05-14,-0.6238532110091732
2019-05-15,2.1048744460856694
2019-05-16,0.32549728752260254
2019-05-17,-1.8385003604902694
2019-05-20,-0.881380829966949
2019-05-21,0.8521674694331294
2019-05-22,-0.4775900073475392
2019-05-23,-1.1812476928755977
2019-05-24,0.5229734777736139
2019-05-27,0.8547008547008517
2019-05-28,0.7000736919675843
2019-05-29,0.5488474204171201
2019-05-30,-0.40029112081514384
2019-05-31,-0.3288271830471312
2019-06-03,0.4398826979472137
2019-06-04,-0.6569343065693567
2019-06-05,-0.14695077149154967
2019-06-06,-0.5150846210448812
2019-06-10,1.2943786982248406
2019-06-11,2.7382256297918905
2019-06-12,-0.4264392324093813
2019-06-13,-0.21413276231264655
2019-06-14,-0.21459227467810482
2019-06-17,0.3225806451612856
2019-06-18,0.39299749910681747
2019-06-19,1.6370106761565806
2019-06-20,3.431372549019618
2019-06-21,-0.03385240352066221
2019-06-24,0.2031832035218395
2019-06-25,-1.3518080432578627
2019-06-26,-0.10277492291881352
2019-06-27,1.3374485596707952
2019-06-28,-0.10152284263960087
2019-07-01,2.3035230352303593
2019-07-02,-0.13245033112583293
2019-07-03,-0.9615384615384581
2019-07-04,-0.36826247070639306
2019-07-05,0.3696236559139754
2019-07-08,-2.109139604954813
2019-07-09,-0.341997264021876
2019-07-10,-0.0686341798215584
2019-07-11,0.3434065934065922
2019-07-12,0.7186858316221789
2019-07-15,-0.03397893306149591
2019-07-16,-0.5778382053025277
2019-07-17,-0.3076923076923088
2019-07-18,-0.37722908093278384
2019-07-19,1.2048192771084487
2019-07-22,-0.6122448979591799
2019-07-23,0.034223134839139746
2019-07-24,0.9921313718782132
2019-07-25,0.8468834688346805
2019-07-26,0.1679543164259334
2019-07-29,-0.13413816230717357
2019-07-30,0.3357958361316138
2019-07-31,-0.9370816599732268
2019-08-01,-0.8445945945945943
2019-08-02,-1.5332197614991494
2019-08-05,-1.903114186851218
2019-08-06,-1.058201058201047
2019-08-07,-0.4991087344028644
2019-08-08,1.433178072375485
2019-08-09,-0.3885552808195025
2019-08-12,1.7375886524822803
2019-08-13,-1.0108051585918543
2019-08-14,0.31690140845070935
2019-08-15,0.3159003159003193
2019-08-16,0.41987403778867005
2019-08-19,1.986062717770043
2019-08-20,-0.20498804236420698
2019-08-21,-0.0684697021567926
2019-08-22,0.13703323055840322
2019-08-23,1.3684570646596006
2019-08-26,-1.653729328383391
2019-08-27,0.6863417982155173
2019-08-28,-0.7498295841854241
2019-08-29,-0.3777472527472514
2019-08-30,0.5170630816959676
2019-09-02,0.8230452674897082
2019-09-03,-0.03401360544217358
2019-09-04,1.1568560734943834
2019-09-05,1.0427177934746013
2019-09-06,1.0985352862849407
2019-09-09,-0.1646361540994401
2019-09-10,-0.3627968337730936
2019-09-11,-0.46342270771266847
2019-09-12,1.330229464582633
2019-09-16,-0.4266491631112701
2019-09-17,-1.5491100856954376
2019-09-18,0.5356545028456727
2019-09-19,0.1332001332001287
2019-09-20,0.19953441968738606
2019-09-23,-1.0620643876535052
2019-09-24,0.2012747400201409
2019-09-25,-0.33478406427854823
2019-09-26,0.03359086328520444
2019-09-27,0.0
2019-09-30,-1.1081262592343988
2019-10-08,0.7809847198641862
2019-10-09,0.10107816711590889
2019-10-10,0.5385392123864019
2019-10-11,1.5065282892534393
2019-10-14,0.9564643799472305
2019-10-15,0.03266906239791645
2019-10-16,-0.3592423252775867
2019-10-17,0.2622091117666425
2019-10-18,-1.4710689767898133
2019-10-21,0.06635700066357497
2019-10-22,0.09946949602122057
2019-10-23,-0.6293474660483689
2019-10-24,0.2666666666666595
2019-10-25,0.19946808510638014
2019-10-28,0.4644990046450026
2019-10-29,-0.39630118890356947
2019-10-30,-0.5636604774535758
2019-10-31,0.13337779259752214
2019-11-01,1.631701631701632
2019-11-04,0.5570117955439047
2019-11-05,0.5539263603779654
2019-11-06,-0.2268308489954518
2019-11-07,0.0
2019-11-08,-0.6170834686586635
2019-11-11,-1.5359477124183063
2019-11-12,0.1327580484566937
2019-11-13,-0.06629101756711053
2019-11-14,-0.06633499170812795
2019-11-15,-0.33189512114171205
2019-11-18,0.7992007992007943
2019-11-19,0.6276841757515639
2019-11-20,-1.0833880499015125
2019-11-21,-0.5974112180550883
2019-11-22,-0.9348914858096857
2019-11-25,0.9100101112234693
2019-11-26,-0.03340013360054739
2019-11-27,-0.16705646508519134
2019-11-28,-0.33467202141900243
2019-11-29,-1.3431833445265329
2019-12-02,0.20754064337598077
2019-12-03,0.34518467380049156
2019-12-04,-0.20639834881321928
2019-12-05,0.6204756980351611
2019-12-06,0.582391229873247
2019-12-09,-0.17029972752042877
2019-12-10,0.06823609689525778
2019-12-11,0.4773269689737569
2019-12-12,-0.3393281303020079
2019-12-13,2.1450459652706977
2019-12-16,-0.23333333333334094
2019-12-17,1.069161376545269
2019-12-18,-0.26446280991735405
2019-12-19,-0.23201856148492572
2019-12-20,-0.16611295681062677
2019-12-23,-0.8652246256239504
2019-12-24,0.302114803625364
2019-12-25,-0.2677376171352108
2019-12-26,0.7382550335570448
2019-12-27,0.23317788141239415
2019-12-30,1.3958125623130702
2019-12-31,0.22943297279578445
2020-01-02,0.7521255722694686
2020-01-03,-0.42194092827003704
2020-01-06,-0.5867014341590648
2020-01-07,0.39344262295082366
2020-01-08,-0.947093403004573
2020-01-09,0.7912957467853587
2020-01-10,0.13084723585214952
2020-01-13,0.6207121855602793
2020-01-14,-0.12987012987013546
2020-01-15,-0.9752925877763441
2020-01-16,-0.32829940906106136
2020-01-17,0.19762845849802257
2020-01-20,0.5259697567389976
2020-01-21,-1.6677567037279184
2020-01-22,-0.033255736614579146
2020-01-23,-2.6946107784431073
2020-02-03,-7.452991452991453
2020-02-04,2.881418544514225
2020-02-05,0.5745062836624681
2020-02-06,1.4637629418065012
2020-02-07,-0.035186488388450066
2020-02-10,-0.07039774727209958
2020-02-11,1.0919337794998318
2020-02-12,0.45296167247386165
2020-02-13,-0.4856052722858051
2020-02-14,0.5576856047403211
2020-02-17,1.8717504332755652
2020-02-18,-0.8846546444368886
2020-02-19,0.0
2020-02-20,1.8537590113285374
2020-02-21,-0.30333670374115274
2020-02-24,-1.1494252873563315
2020-02-25,-0.8549931600547178
2020-02-26,-0.17247326664366902
2020-02-27,0.13821700069107656
2020-02-28,-2.898550724637683
2020-03-02,3.02061122956645
2020-03-03,0.2759572266298749
2020-03-04,1.1007911936704584
2020-03-05,2.2116366110922048
2020-03-06,-1.7643142476697737
2020-03-09,-3.049813622500841
2020-03-10,1.7476406850751358
2020-03-11,-1.27104087942288
2020-03-12,-1.3221990257480942
2020-03-13,-1.4104372355430161
2020-03-16,-3.8984263233190264
2020-03-17,-0.44659471529586714
2020-03-18,-2.1308411214953304
2020-03-19,-2.062643239113826
2020-03-20,2.340093603744142
2020-03-23,-2.705792682926833
2020-03-24,2.898550724637672
2020-03-25,2.283974114960041
2020-03-26,-0.37216226274654485
2020-03-27,0.5603287261860324
2020-03-30,-0.4457652303120341
2020-03-31,-0.1865671641791189
2020-04-01,-0.14953271028037562
2020-04-02,1.3103706476975008
2020-04-03,-0.44345898004434225
2020-04-07,1.8188567186339988
2020-04-08,-0.4739336492890933
2020-04-09,0.3296703296703285
2020-04-10,-0.03650967506388936
2020-04-13,-0.43827611395178545
2020-04-14,1.650770359501097
2020-04-15,-0.7217610970768673
2020-04-16,0.07270083605961375
2020-04-17,1.4529604068289181
2020-04-20,0.358037952022916
2020-04-21,-1.1416339636104222
2020-04-22,0.6856730422230228
2020-04-23,-0.10752688172043223
2020-04-24,-0.7893792608539618
2020-04-27,0.9041591320072317
2020-04-28,0.7168458781362075
2020-04-29,0.6761565836298944
2020-04-30,0.8130081300812941
2020-05-06,-0.14025245441795509
2020-05-07,-0.1755617977528101
2020-05-08,0.703482237073505
2020-05-11,0.0
2020-05-12,-0.10478519035976852
2020-05-13,0.0
2020-05-14,-1.0139860139860124
2020-05-15,-0.6711409395973145
2020-05-18,0.7467994310099701
2020-05-19,0.6706671373102546
2020-05-20,-0.10518934081344966
2020-05-21,-0.38610038610038533
2020-05-22,-2.4665257223396853
2020-05-25,0.43352601156070314
2020-05-26,0.791366906474833
2020-05-27,-0.35688793718773315
2020-05-28,0.3223495702005863
2020-05-29,0.0357015351660106
2020-06-01,2.21270521056387
2020-06-02,0.5237430167597701
2020-06-03,0.1736714136852946
2020-06-04,-0.20804438280165316
2020-06-05,0.48644892286309194
2020-06-08,0.4495159059474396
2020-06-09,0.6196213425129216
2020-06-10,-0.5131713992473474
2020-06-11,-1.031636863823926
2020-06-12,0.4517025712300171
2020-06-15,-1.5219647180906293
2020-06-16,1.0537407797681642
2020-06-17,0.13903371567605127
2020-06-18,0.4859423811176766
2020-06-19,1.1053540587219413
2020-06-22,-0.10249402118209794
2020-06-23,0.20519835841315004
2020-06-24,0.9556313993174026
2020-06-29,-0.7099391480730355
2020-06-30,0.646918624446724
2020-07-01,2.4018944519621277
2020-07-02,2.5107367030062777
2020-07-03,2.7070576861102147
2020-07-06,8.848446815186705
2020-07-07,-1.9313923320841697
2020-07-08,1.3227513227513255
2020-07-09,0.3481288076588429
2020-07-10,-2.48626770742989
2020-07-13,1.2748295286095335
2020-07-14,-1.0538641686182681
2020-07-15,-0.8875739644970349
2020-07-16,-4.298507462686574
2020-07-17,0.7174048658764809
2020-07-20,3.1588727160111407
2020-07-21,-0.06004202942059278
2020-07-22,0.15019525382997667
2020-07-23,-0.0899820035992871
2020-07-24,-3.9327529270489325
2020-07-27,0.3437499999999982
2020-07-28,0.6228589224540615
2020-07-29,1.8570102135561761
2020-07-30,-0.4254026131874755
2020-07-31,0.5492828806835437
2020-08-03,1.0015174506828428
2020-08-04,0.9314903846153966
2020-08-05,-0.6847275974992573
2020-08-06,0.059952038369304184
2020-08-07,-0.8987417615338611
2020-08-10,0.7557436517533267
2020-08-11,-0.7800780078007885
2020-08-12,-0.3023888720894985
2020-08-13,-0.33363663936912813
2020-08-14,1.7346317711503412
2020-08-17,2.2434938677834415
2020-08-18,-0.14628437682856488
2020-08-19,-1.816583650747139
2020-08-20,-1.1638316920322356
2020-08-21,0.7246376811594235
2020-08-24,0.2997601918465209
2020-08-25,0.38852361028092197
2020-08-26,-1.0717475439118829
2020-08-27,0.57177249473368
2020-08-28,2.453620586475158
2020-08-31,-0.846962616822422
2020-09-01,0.26509572901325384
2020-09-02,-0.2643948296122134
2020-09-03,-0.2356406480117812
2020-09-04,-0.9152642456451199
2020-09-07,-1.6388557806912951
2020-09-08,1.0602847621932643
2020-09-09,-1.5287769784172567
2020-09-10,0.334855403348544
2020-09-11,0.5157766990291357
2020-09-14,0.845155448234225
2020-09-15,0.7782101167315147
2020-09-16,-0.6237006237006182
2020-09-17,-0.9563658099222994
2020-09-18,2.776101388050689
2020-09-21,-1.2918379330593033
2020-09-22,-1.1897679952409312
2020-09-23,0.09030704394943356
2020-09-24,-1.62406015037595
2020-09-25,0.33628859675940426
2020-09-28,0.6093845216331495
2020-09-29,-0.2119927316777792
2020-09-30,-0.4248861911987811
2020-10-09,1.7067967083206348
2020-10-12,3.1465388073119493
2020-10-13,-0.14526438117374862
2020-10-14,-0.378236834448642
2020-10-15,0.029205607476634476
2020-10-16,0.20437956204379937
2020-10-19,-0.6701631701631738
2020-10-20,0.08800234672925455
2020-10-21,0.6154747948417416
2020-10-22,-0.3786775415088761
2020-10-23,-0.35087719298245723
2020-10-26,-1.5845070422535135
2020-10-27,-0.23852116875372475
2020-10-28,0.5379557680812885
2020-10-29,0.5648038049940629
2020-10-30,-1.5962163759976278
2020-11-02,-0.3604686091919551
2020-11-03,1.1456135061802764
2020-11-04,0.7451564828613977
2020-11-05,1.1242603550295938
2020-11-06,-0.29256875365711865
2020-11-09,1.760563380281699
2020-11-10,-0.057670126874276306
2020-11-11,-0.05770340450087508
2020-11-12,-0.4907621247113081
2020-11-13,-1.7116333043226017
2020-11-16,1.2101534828807603
2020-11-17,0.029163021289013713
2020-11-18,0.1457725947521915
2020-11-19,0.727802037845704
2020-11-20,0.14450867052022698
2020-11-23,1.6161616161616266
2020-11-24,-0.7952286282306154
2020-11-25,-0.7157171485828728
2020-11-26,0.8362168396770508
2020-11-27,1.71575636259651
2020-11-30,-0.941243582430118
2020-12-01,2.4186582205586005
2020-12-02,-0.33736294630306585
2020-12-03,-0.19746121297602448
2020-12-04,0.14132278123233366
2020-12-07,-0.9031893875246944
2020-12-08,-0.3417829678154405
2020-12-09,-0.8288082309231171
2020-12-10,-0.4034582132564912
2020-12-11,-0.78125
2020-12-14,0.9332166812481724
2020-12-15,0.08668015024559939
2020-12-16,0.5196304849884648
2020-12-17,1.5795519816197423
2020-12-18,-0.9047215154085353
2020-12-21,0.2282453637660442
2020-12-22,-1.3948192428124062
2020-12-23,0.7794457274826749
2020-12-24,-0.17187052420510884
2020-12-25,0.688665710186509
2020-12-28,0.28498147620406034
2020-12-29,-0.19892014776925482
2020-12-30,1.4521640091116117
2020-12-31,1.992702778557387
2021-01-04,-0.055035773252609665
2021-01-05,1.0737885462555052
2021-01-06,1.4982293652955558
2021-01-07,2.0665593129361337
2021-01-08,-0.5521956350249768
2021-01-11,-0.4494976203067158
2021-01-12,3.559096945551121
2021-01-13,-0.9489612721210516
2021-01-14,-1.5535991714137776
2021-01-15,0.07890583903209514
2021-01-18,0.8409986859395646
2021-01-19,-1.0424811050299687
2021-01-20,0.0790097445351412
2021-01-21,1.0526315789473717
2021-01-22,-0.1822916666666563
2021-01-25,1.4870858335507497
2021-01-26,-2.313624678663251
2021-01-27,0.15789473684211242
2021-01-28,-1.9705727798213446
2021-01-29,-0.7236665773251105
2021-02-01,0.7289416846652186
2021-02-02,0.5628517823639712
2021-02-03,0.31982942430703876
2021-02-04,0.6110520722635515
2021-02-05,1.24108793240032
2021-02-08,1.0693792383933198
2021-02-09,1.6516129032258187
2021-02-10,1.8532622493018458
2021-02-18,-0.12462612163509634
2021-02-19,-0.22460693785872898
2021-02-22,-3.126563281640815
2021-02-23,0.33565711334881954
2021-02-24,-2.521873391662388
2021-02-25,1.4519535374867942
2021-02-26,-2.60213374967474
2021-03-01,0.8014961261020748
2021-03-02,-1.7492711370262426
2021-03-03,2.6166711626652184
2021-03-04,-2.7865404837013608
2021-03-05,-0.5408328826392639
2021-03-08,-3.1810766721043993
2021-03-09,-1.5725919685481649
2021-03-10,0.5135520684736106
2021-03-11,2.58302583025829
2021-03-12,0.08301051466519382
2021-03-15,-1.631186065800394
2021-03-16,0.6745362563237878
2021-03-17,-0.16750418760468344
2021-03-18,0.4194630872483174
2021-03-19,-2.645502645502651
2021-03-22,0.772311212814647
2021-03-23,-0.539313085438553
2021-03-24,-1.4269406392694028
2021-03-25,-0.057903879559939586
2021-03-26,1.7960602549246696
2021-03-29,0.19920318725099584
2021-03-30,1.1360408974723013
2021-03-31,-0.954787980904237
2021-04-01,1.134108307343351
2021-04-02,0.9531819456125579
2021-04-06,-0.6387114690363793
2021-04-07,-1.0061486864169966
2021-04-08,0.45172219085263254
2021-04-09,-1.4614952220348476
2021-04-12,-1.083856246434678
2021-04-13,-0.519031141868509
2021-04-14,0.17391304347824654
2021-04-15,-1.070601851851849
2021-04-16,0.4387247733255384
2021-04-19,1.921956901572508
2021-04-20,-0.22857142857143353
2021-04-21,0.1718213058419238
2021-04-22,-0.4859919954259717
2021-04-23,0.9480034472852505
2021-04-26,-1.5936254980079556
2021-04-27,0.23134759976866093
2021-04-28,0.028851702250420885
2021-04-29,1.3267955004326426
2021-04-30,-0.8824366638200853
2021-05-06,-1.0913268236645624
2021-05-07,-1.3066202090592283
2021-05-10,0.0
2021-05-11,0.8826125330979595
2021-05-12,0.37911927675708945
2021-05-13,-1.0168506682161627
2021-05-14,2.670971529204591
2021-05-17,0.914808461978267
2021-05-18,-0.056657223796030554
2021-05-19,-0.6802721088435382
2021-05-20,0.3424657534246478
2021-05-21,-1.1660978384527843
2021-05-24,0.40287769784173033
2021-05-25,4.184580108913716
2021-05-26,0.3576341127923044
2021-05-27,0.27412280701752945
2021-05-28,-0.1913613996719521
2021-05-31,-0.32867707477403085
2021-06-01,0.02748007694421961
2021-06-02,-0.7417582417582502
2021-06-03,-0.8026570716855752
2021-06-04,0.4743303571428603
2021-06-07,-0.22216051096917155
2021-06-08,-0.5844698023935391
2021-06-09,0.27995520716683764
2021-06-10,0.530429927414855
2021-06-11,-0.8331019161344044
2021-06-15,-1.3721646597591786
2021-06-16,-1.0221465076660885
2021-06-17,-0.20080321285140812
2021-06-18,-0.6898534061511974
2021-06-21,-0.5788712011577379
2021-06-22,0.8442503639010113
2021-06-23,0.14434180138567232
2021-06-24,0.547708273277614
2021-06-25,1.5194954128440408
2021-06-28,-0.3953685399604612
2021-06-29,-0.8505812305075189
2021-06-30,0.5147269087789619
2021-07-01,0.9388335704125117
2021-07-02,-3.5231116121758776
2021-07-05,-0.08764241893076674
2021-07-06,0.3216374269005895
2021-07-07,0.3206062372486107
2021-07-08,-1.3654851830331216
2021-07-09,-0.38291605301914444
2021-07-12,0.8279124778237668
2021-07-13,0.3225806451612856
2021-07-14,-1.549254603916983
2021-07-15,2.13776722090262
2021-07-16,-1.0755813953488347
2021-07-19,0.3820158683514485
2021-07-20,-0.23419203747072626
2021-07-21,0.3814553990610259
2021-07-22,0.11692487576731025
2021-07-23,-1.0802919708029157
2021-07-26,-3.8075560802833586
2021-07-27,-3.1604786744400037
2021-07-28,0.8555133079847899
2021-07-29,0.9110901665095872
2021-07-30,-1.5255292652552987
2021-08-02,2.497628833386023
2021-08-03,0.37014188772361845
2021-08-04,0.3073140749846326
2021-08-05,-0.18382352941175295
2021-08-06,-0.7980356046654369
2021-08-09,1.1138613861386037
2021-08-10,1.6523867809057569
2021-08-11,-0.8127633955448577
2021-08-12,-1.0318664643399034
2021-08-13,-0.21465808034345502
2021-08-16,0.24585125998770607
2021-08-17,-2.4524831391784185
2021-08-18,1.3199245757385292
2021-08-19,-1.4267990074441794
2021-08-20,-2.2026431718061623
2021-08-23,0.9009009009008917
2021-08-24,1.5625
2021-08-25,0.3767660910518167
2021-08-26,-2.1582733812949617
2021-08-27,0.9910485933503743
2021-08-30,-0.31655587211142366
2021-08-31,-0.3493172435693914
2021-09-01,2.198852772466542
2021-09-02,-0.0935453695041999
2021-09-03,0.24968789013732895
2021-09-06,1.0896637608966309
2021-09-07,1.1395133969818172
2021-09-08,-1.0657734470158275
2021-09-09,-0.27700831024930483
2021-09-10,1.6049382716049276
2021-09-13,-0.3341433778857761
2021-09-14,-1.615361170374885
2021-09-15,-1.3011152416356975
2021-09-16,-0.5963590709353483
2021-09-17,1.0104199557941174
2021-09-22,-1.2816505157861813
2021-09-23,0.18999366687777464
2021-09-24,0.6953223767383054
2021-09-27,1.9146264908976862
2021-09-28,0.0
2021-09-29,0.030797659377901354
2021-09-30,-0.5233990147783363
2021-10-08,1.9808108944599168
2021-10-11,0.5159332321699406
2021-10-12,-0.5132850241545861
2021-10-13,0.9711684370258045
2021-10-14,-0.6311992786293907
2021-10-15,0.7864488808227321
2021-10-18,-1.9207683073229287
2021-10-19,0.7037943696450499
2021-10-20,0.06077180188392983
2021-10-21,0.6377163680534537
2021-10-22,1.1466505733252808
2021-10-25,-0.05966587112171684
2021-10-26,-0.6268656716417853
2021-10-27,-1.2616401321718262
2021-10-28,-0.030422878004254805
2021-10-29,0.5477784540474762
2021-11-01,-0.45399515738497875
2021-11-02,-1.1857707509881465
2021-11-03,-0.9538461538461607
2021-11-04,0.8077042559801351
2021-11-05,-0.061633281972273135
2021-11-08,-0.37002775208140326
2021-11-09,-0.21665119158154056
2021-11-10,-0.5583126550868567
2021-11-11,2.1522145976294427
2021-11-12,-0.39694656488549196
2021-11-15,0.06131207847945852
2021-11-16,0.0
2021-11-17,-0.6127450980392024
2021-11-18,-1.017262638717642
2021-11-19,1.2145748987854255
2021-11-22,-0.06153846153845732
2021-11-23,0.40024630541870554
2021-11-24,0.36798528058876734
2021-11-25,-0.5805071799572348
2021-11-26,-0.9526736324523721
2021-11-29,0.0
2021-11-30,-0.565681961030795
2021-12-01,0.37926675094817064
2021-12-02,0.37783375314861534
2021-12-03,0.8469259723964839
2021-12-06,0.3110419906687367
2021-12-07,0.8062015503875974
2021-12-08,1.5379883112888404
2021-12-09,1.5449863677673425
2021-12-10,-0.08949880668256416
2021-12-13,0.14929829799938954
2021-12-14,-0.5068574836016637
2021-12-15,-0.9889121965837688
2021-12-16,0.33292978208232515
2021-12-17,-1.5082956259426794
2021-12-20,-0.6738131699846939
2021-12-21,0.46253469010175685
2021-12-22,-0.42971147943523524
2021-12-23,0.9556103575832253
2021-12-24,-0.061068702290068
2021-12-27,-0.1527650473571729
2021-12-28,0.5507955936352671
2021-12-29,-1.856360316494221
2021-12-30,0.6821705426356628
2021-12-31,0.27717893440097896
2022-01-04,-0.27641277641277107
2022-01-05,-0.1847859562673193
2022-01-06,-1.481024375192841
2022-01-07,0.4384591293454365
2022-01-10,0.280636108512633
2022-01-11,-0.6218905472636815
2022-01-12,0.7509386733416834
2022-01-13,-1.6770186335403836
2022-01-14,-1.452937460518
2022-01-17,0.3525641025641013
2022-01-18,1.2136697540721997
2022-01-19,0.0
2022-01-20,1.4200063111391659
2022-01-21,-0.24891101431238072
2022-01-24,-0.34310667498440584
2022-01-25,-2.0657276995305063
2022-01-26,0.4793863854266611
2022-01-27,-1.1768447837150142
2022-01-28,-2.2851625362085626
2022-02-07,1.9433465085639146
2022-02-08,0.09693053311792266
2022-02-09,0.7101355713363455
2022-02-10,0.2564102564102555
2022-02-11,-0.15984654731457937
2022-02-14,-1.1207172590457892
2022-02-15,0.38860103626943143
2022-02-16,0.5161290322580614
2022-02-17,0.09627727856227342
2022-02-18,0.8015389547932017
2022-02-21,-0.4452926208651453
2022-02-22,-1.565495207667733
2022-02-23,0.6166828951639225
2022-02-24,-1.8387096774193479
2022-02-25,0.42720999014129735
2022-02-28,0.1636125654450149
2022-03-01,1.4374387455080129
2022-03-02,-0.5475040257648889
2022-03-03,-0.32383419689120396
2022-03-04,-1.0396361273554255
2022-03-07,-2.987524622455673
2022-03-08,-1.3536379018612488
2022-03-09,-0.9605488850771837
2022-03-10,0.9005888465535072
2022-03-11,0.308959835221434
2022-03-14,-3.0800821355236208
2022-03-15,-5.12005649717514
2022-03-16,4.577595831782655
2022-03-17,1.672597864768699
2022-03-18,1.1900595029751493
2022-03-21,-0.5880318228986492
2022-03-22,0.27835768963118124
2022-03-23,0.589868147120054
2022-03-24,-0.5174197999310182
2022-03-25,-1.5950069348127593
2022-03-28,-0.07047216349542751
2022-03-29,-0.4583921015514747
2022-03-30,2.6567481402762994
2022-03-31,-0.5866114561766889
2022-04-01,1.4578271433530077
2022-04-06,-0.4105371193978802
2022-04-07,-0.9275163174166989
2022-04-08,0.8668515950069233
2022-04-11,-2.6469577174286663
2022-04-12,1.5536723163841915
2022-04-13,-0.3477051460361591
2022-04-14,1.5701325889741824
2022-04-15,0.10305736860185544
2022-04-18,-1.4756348661633556
2022-04-19,-0.9404388714733591
2022-04-20,-0.9845288326300938
2022-04-21,-1.278409090909094
2022-04-22,0.5395683453237377
2022-04-25,-4.758497316636856
2022-04-26,0.07513148009017367
2022-04-27,1.8768768768768762
2022-04-28,1.2896094325718588
2022-04-29,1.600582029829023
2022-05-05,-0.42964554242749253
2022-05-06,-2.80474649406689
2022-05-09,-0.9618941916389123
2022-05-10,0.8965259618976429
2022-05-11,0.7774898185856971
2022-05-12,-0.7347538574577483
2022-05-13,0.999259807549957
2022-05-16,-0.9893733968486695
2022-05-17,1.2953367875647714
2022-05-18,-0.3288271830471312
2022-05-19,-0.07331378299121338
2022-05-20,2.457813646368301
2022-05-23,-1.074113856068748
2022-05-24,-1.5562794064422625
2022-05-25,0.18382352941175295
2022-05-26,0.0
2022-05-27,0.6972477064220328
2022-05-30,0.5102040816326481
2022-05-31,1.232777374909344
2022-06-01,-0.3581661891117416
2022-06-02,-0.17972681524083267
2022-06-06,1.188332733165276
2022-06-07,0.6761565836298944
2022-06-08,1.2018381053375604
2022-06-09,-0.34928396786586546
2022-06-10,1.1566771819137678
2022-06-13,-1.7671517671517756
2022-06-14,1.3756613756613856
2022-06-15,1.3569937369519725
2022-06-16,-0.9268795056642576
2022-06-17,1.4899514899514799
2022-06-20,-0.2048480710139855
2022-06-21,0.20526855969893454
2022-06-22,-1.058381700238975
2022-06-23,1.4147688060731411
2022-06-24,1.3269819666553273
2022-06-27,1.2760241773001946
2022-06-28,0.8952254641909851
2022-06-29,-0.8215576733486829
2022-06-30,1.6898608349900757
2022-07-01,-0.35842293906810374
2022-07-04,0.16350555918902554
2022-07-05,0.0
2022-07-06,-1.6976820111002322
2022-07-07,-0.29890401859847815
2022-07-08,0.13324450366423157
2022-07-11,-1.4970059880239472
2022-07-12,-0.5741303613644
2022-07-13,-0.30570652173912416
2022-07-14,-0.6814310051107331
2022-07-15,-1.4751286449399714
2022-07-18,1.3579387186629654
2022-07-19,-0.41222947440742175
2022-07-20,0.31045187995859536
2022-07-21,-1.169188445667113
2022-07-22,0.4523312456506501
2022-07-25,-0.31174229303775336
2022-07-26,0.4517025712300171
2022-07-27,-0.8301625735039786
2022-07-28,-0.03487966515520746
2022-07-29,-1.3258897418004234
2022-08-01,-0.35360678925034916
2022-08-02,-1.7033356990773574
2022-08-03,-0.7220216606498187
2022-08-04,0.9818181818181948
2022-08-05,1.368383147281227
2022-08-08,-0.5328596802841923
2022-08-09,0.03571428571429447
2022-08-10,-1.1781506604784164
2022-08-11,2.095375722543369
2022-08-12,0.35385704175512345
2022-08-15,-0.5641748942172065
2022-08-16,-0.46099290780141633
2022-08-17,0.5700035625222588
2022-08-18,-0.921006021962445
2022-08-19,-0.1787629603146379
2022-08-22,0.03581661891118859
2022-08-23,-0.6802721088435382
2022-08-24,-1.0093727469358327
2022-08-25,1.7115804806992152
2022-08-26,0.03580379520229382
2022-08-29,-0.7874015748031593
2022-08-30,-0.14430014430014682
2022-08-31,1.1921965317919225
2022-09-01,-0.92823991431632
2022-09-02,-0.8288288288288315
2022-09-05,-0.3997093023255682
2022-09-06,0.8391098139365116
2022-09-07,-0.3617945007235779
2022-09-08,-0.2178649237472685
2022-09-09,1.8922852983988214
2022-09-13,0.28571428571428914
2022-09-14,-0.7122507122507171
2022-09-15,-0.1434720229555264
2022-09-16,-2.155172413793094
2022-09-19,-0.18355359765052093
2022-09-20,-0.18389113644722288
2022-09-21,-0.8474576271186529
2022-09-22,-0.7803790412486022
2022-09-23,0.07490636704121645
2022-09-26,-0.6736526946107824
2022-09-27,1.0173323285606717
2022-09-28,-1.1189854531891141
2022-09-29,0.0
2022-09-30,-0.03772161448509781
2022-10-10,-2.4150943396226476
2022-10-11,-0.30935808197989356
2022-10-12,0.6206361520558534
2022-10-13,-1.156515034695449
2022-10-14,2.379095163806544
2022-10-17,-0.07619047619046304
2022-10-18,-0.571864277544798
2022-10-19,-1.9555214723926406
2022-10-20,-0.5084082909659671
2022-10-21,-0.6682389937106903
2022-10-24,-3.482390185991302
2022-10-25,-0.3280032800327959
2022-10-26,0.32908268202385127
2022-10-27,-0.8200082000820008
2022-10-28,-2.2323274080198408
2022-10-31,-1.3530655391120527
2022-11-01,4.414916416630943
2022-11-02,0.8210180623973828
2022-11-03,-1.2622149837133612
2022-11-04,3.3402061855670073
2022-11-07,0.35913806863527853
2022-11-08,-0.7157057654075594
2022-11-09,-0.7609130957148436
2022-11-10,0.16142050040355294
2022-11-11,2.941176470588225
2022-11-14,0.8219178082191636
2022-11-15,1.9021739130434812
2022-11-16,-0.3809523809523707
2022-11-17,-0.5736137667304075
2022-11-18,-0.38461538461539435
2022-11-21,-1.2741312741312738
2022-11-22,0.5084082909659671
2022-11-23,0.1945525291829009
2022-11-24,-0.6601941747573004
2022-11-25,1.0555121188428496
2022-11-28,-1.7408123791102459
2022-11-29,4.251968503937009
2022-11-30,-0.11329305135951984
2022-12-01,0.9202453987730008
2022-12-02,-0.5699088145896702
2022-12-05,2.4073366450133804
2022-12-06,0.29850746268655914
2022-12-07,-0.6324404761904878
2022-12-08,0.224634968176729
2022-12-09,1.158012700784461
2022-12-12,-1.1816838995568735
2022-12-13,0.11210762331836932
2022-12-14,0.6345651362448912
2022-12-15,-0.5192878338278972
2022-12-16,0.41014168530948414
2022-12-19,-1.485332343111767
2022-12-20,-1.7338861666038374
2022-12-21,0.1917913310318431
2022-12-22,0.6508422664624813
2022-12-23,-0.2662609357170109
2022-12-26,-0.3813882532417878
2022-12-27,1.1485451761102494
2022-12-28,0.26495079485238104
2022-12-29,-0.5285013212533163
2022-12-30,0.5313092979127187
2023-01-03,0.07550018875046582
2023-01-04,0.3394945303659025
2023-01-05,1.8796992481203034
2023-01-06,0.5535055350553542
2023-01-09,0.917431192660545
2023-01-10,-0.2909090909090861
2023-01-11,0.2188183807440014
2023-01-12,0.21834061135370675
2023-01-13,1.6339869281045694
2023-01-16,1.7148981779206984
2023-01-17,-0.31612223393044925
2023-01-18,-0.6694855532064836
2023-01-19,0.3547357218872005
2023-01-20,0.67161541180627
2023-01-30,0.035112359550582006
2023-01-31,-1.053001053001057
2023-02-01,0.3902092940759161
2023-02-02,-0.21201413427562876
2023-02-03,-1.4518413597733648
2023-02-06,-1.5810276679841917
2023-02-07,0.29207740051113706
2023-02-08,-0.2548234437568131
2023-02-09,1.0583941605839309
2023-02-10,-0.43336944745395733
2023-02-13,0.6528835690968293
2023-02-14,0.39639639639639235
2023-02-15,-0.933237616654714
2023-02-16,-0.36231884057970065
2023-02-17,-1.0545454545454525
2023-02-20,2.829841969864022
2023-02-21,0.5003573981415155
2023-02-22,-1.3157894736842035
2023-02-23,-0.03603603603603567
2023-02-24,-1.3698630136986245
2023-02-27,-0.10964912280702066
2023-02-28,0.47566776436149816
2023-03-01,1.1289147851420323
2023-03-02,-0.036010082823201284
2023-03-03,0.10806916426513435
2023-03-06,-1.0795250089960295
2023-03-07,-1.1276827937431788
2023-03-08,-0.7726269315673218
2023-03-09,-0.7044864664441985
2023-03-10,-1.344286781179982
2023-03-13,1.0219530658591935
2023-03-14,-0.6744098913450847
2023-03-15,0.037721614485120014
2023-03-16,-0.9426847662141968
2023-03-17,0.3806623524933439
2023-03-20,-0.6446719757299935
2023-03-21,1.0305343511450182
2023-03-22,0.3400075557234761
2023-03-23,0.6400602409638578
2023-03-24,-0.486344930789373
2023-03-27,-0.6390977443609169
2023-03-28,0.03783579265987935
2023-03-29,-0.1512859304084735
2023-03-30,1.21212121212122
2023-03-31,-0.11227544910179521
2023-04-03,0.11240164855752521
2023-04-04,0.37425149700598404
2023-04-06,-0.4474272930648726
2023-04-07,0.7116104868913897
2023-04-10,0.037188545927846484
2023-04-11,-0.22304832713754275
2023-04-12,-0.5588673621460538
2023-04-13,0.14986886474335215
2023-04-14,0.4115226337448652
2023-04-17,2.0119225037257715
2023-04-18,0.36523009495983416
2023-04-19,-0.8733624454148492
2023-04-20,-0.6607929515418554
2023-04-21,-1.736881005173696
2023-04-24,-1.3538924407671904
2023-04-25,-0.0381242851696606
2023-04-26,-0.11441647597252302
2023-04-27,1.412752959144714
2023-04-28,0.9036144578313365
2023-05-04,0.5597014925373012
2023-05-05,-0.29684601113172393
2023-05-08,1.3770003721622848
2023-05-09,-0.6607929515418554
2023-05-10,-1.1825572801182571
2023-05-11,-0.224382946896029
2023-05-12,-1.3868065967016618
2023-05-15,1.8624097301406461
2023-05-16,-0.223880597014936
2023-05-17,-0.9349289454001486
2023-05-18,-0.15100037750094275
2023-05-19,-0.41587901701323204
2023-05-22,0.9491268033409161
2023-05-23,-1.579541180895061
2023-05-24,-1.5284677111196077
2023-05-25,-0.465657741559955
2023-05-26,-0.0779727095516436
2023-05-29,-0.42918454935623185
2023-05-30,-0.4310344827586299
2023-05-31,-1.6135379771743397
2023-06-01,0.20000000000000018
2023-06-02,1.716566866267466
2023-06-05,-0.47095761381475976
2023-06-06,-0.5126182965299653
2023-06-07,-0.03963535473643365
2023-06-08,0.9912767644726594
2023-06-09,0.3140950137416665
2023-06-12,0.0
2023-06-13,0.3522504892367939
2023-06-14,-0.03900156006240163
2023-06-15,1.5216543113538705
2023-06-16,0.8839354342813355
2023-06-19,-1.2190476190476196
2023-06-20,-0.4627844195912112
2023-06-21,-1.0461061604029487
2023-06-26,-1.096319498825371
2023-06-27,0.5938242280285166
2023-06-28,0.35419126328217754
2023-06-29,-0.5882352941176339
2023-06-30,0.2761341222879521
2023-07-03,1.4948859166011186
2023-07-04,0.15503875968991832
2023-07-05,-0.5804953560371584
2023-07-06,-0.7395873880887582
2023-07-07,-0.431372549019593
2023-07-10,0.5120126033871575
2023-07-11,0.6661442006269613
2023-07-12,-0.03892565200466214
2023-07-13,1.5965732087227291
2023-07-14,0.0
2023-07-17,-0.9582215408202366
2023-07-18,-0.11609907120743168
2023-07-19,0.34870205346764216
2023-07-20,-0.540540540540535
2023-07-21,0.38819875776396895
2023-07-24,-0.5027068832173187
2023-07-25,3.186941313641656
2023-07-26,-0.11299435028246929
2023-07-27,0.037707390648566985
2023-07-28,2.7892951375800834
2023-07-31,0.14668133480013612
2023-08-01,-0.2929329915781764
2023-08-02,-0.9181050312155659
2023-08-03,0.9266123054114228
2023-08-04,0.07344840249725593
2023-08-07,-0.40366972477065
2023-08-08,-0.18422991893882745
2023-08-09,0.0
2023-08-10,-0.11074197120709561
2023-08-11,-2.3651145602365142
2023-08-14,-0.7570022710068125
2023-08-15,0.038138825324196546
2023-08-16,-0.7243614182234182
2023-08-17,0.23041474654377225
2023-08-18,-1.1494252873563093
2023-08-21,-1.2790697674418539
2023-08-22,0.7852375343541329
2023-08-23,-1.246591351772497
2023-08-24,0.7100591715976323
2023-08-25,0.39169604386997126
2023-08-28,1.2875536480686733
2023-08-29,0.38520801232664326
2023-08-30,-0.26861089792784565
2023-08-31,-0.3462870334744239
2023-09-01,0.7722007722007707
2023-09-04,1.839080459770126
2023-09-05,-0.6395786305492868
2023-09-06,-0.15145778114350472
2023-09-07,-0.9859689040576325
2023-09-08,-0.5744925315970928
2023-09-11,0.6548536209553202
2023-09-12,-0.1530807500956799
2023-09-13,-0.30663089306247615
2023-09-14,0.26912725874663757
2023-09-15,-0.4601226993865004
2023-09-18,0.5392912172573094
2023-09-19,-0.03831417624520217
2023-09-20,-0.4599463395937198
2023-09-21,-0.9626492106276419
2023-09-22,2.4105754276827263
2023-09-25,-0.9491268033409272
2023-09-26,-0.6515906477577604
2023-09-27,0.4629629629629539
2023-09-28,-0.8064516129032251
2023-10-09,-0.30971738288811945
2023-10-10,-0.6213592233009768
2023-10-11,0.3126221180148603
2023-10-12,0.9349435138293671
2023-10-13,-0.9648784253184273
2023-10-16,-0.896336710833967
2023-10-17,0.3932363350373391
2023-10-18,-0.39169604386994905
2023-10-19,-2.7133307117577665
2023-10-20,-0.5658852061439013
2023-10-23,-0.7723577235772439
2023-10-24,0.32773453502663585
2023-10-25,0.48999591670069176
2023-10-26,0.3657049979683302
2023-10-27,0.9716599190283448
2023-10-30,-0.0801924619085903
2023-10-31,-0.16051364365970988
2023-11-01,0.3617363344051494
2023-11-02,-0.16019223067681443
2023-11-03,0.8022462896109195
2023-11-06,0.7958615200954977
2023-11-07,-0.43426766679827145
2023-11-08,-0.3172085646312439
2023-11-09,0.0
2023-11-10,-0.9546539379474805
2023-11-13,-0.24096385542169418
2023-11-14,-0.08051529790659151
2023-11-15,0.8460918614020985
2023-11-16,-0.9988014382740662
2023-11-17,-0.16142050040355294
2023-11-20,0.24252223120451166
2023-11-21,0.4838709677419395
2023-11-22,-0.8426966292134797
2023-11-23,0.3642250101173472
2023-11-24,-0.5241935483870974
2023-11-27,-0.8649093904448013
2023-11-28,-0.04154549231407678
2023-11-29,-0.4571903574397407
2023-11-30,0.25052192066805645
2023-12-01,-0.6663890045814247
2023-12-04,-0.7547169811320642
2023-12-05,-2.0278833967046883
2023-12-06,-0.08624407072013174
2023-12-07,-0.4315925766076978
2023-12-08,0.30342436064152434
2023-12-11,0.4321521175453702
2023-12-12,0.5593803786575036
2023-12-13,-1.9683354728284197
2023-12-14,-0.48013967699694904
2023-12-15,0.043859649122812705
2023-12-18,0.08768084173607082
2023-12-19,0.13140604467805073
2023-12-20,-0.5686789151356009
2023-12-21,1.1438627364716236
2023-12-22,0.3479773814702103
2023-12-25,0.04334633723450665
2023-12-26,-0.3899480069324057
2023-12-27,0.1304915180513344
2023-12-28,2.2589052997393555
2023-12-29,0.042480883602369346
2024-01-02,-1.1889596602972397
2024-01-03,0.21486892995272733
2024-01-04,-0.7718696397941538
2024-01-05,-0.4753673292999139
2024-01-08,-1.0855405992184042
2024-01-09,0.08779631255486642
2024-01-10,-0.43859649122806044
2024-01-11,0.22026431718060735
2024-01-12,-0.13186813186814028
2024-01-15,0.0
2024-01-16,0.5281690140845008
2024-01-17,-2.189141856392285
2024-01-18,1.7905102954342
2024-01-19,0.3518029903254227
2024-01-22,-0.9202453987730008
2024-01-23,-0.13268465280850128
2024-01-24,1.6386182462356125
2024-01-25,2.265795206971677
2024-01-26,0.12782275244993535
2024-01-29,-0.34042553191488967
2024-01-30,-1.5371477369769404
2024-01-31,-0.6071118820468402
2024-02-01,-0.3926701570680535
2024-02-02,-0.6570302233902869
2024-02-05,0.9259259259259522
2024-02-06,2.7086063783311465
2024-02-07,1.2335176520629432
2024-02-08,0.21008403361344463
2024-02-19,0.7547169811320753
2024-02-20,-0.04161464835621409
2024-02-21,1.7485428809325576
2024-02-22,0.9001636661211121
2024-02-23,0.040551500405516805
2024-02-26,-1.6619375760032362
2024-02-27,0.4946413849958864
2024-02-28,-0.5742411812961534
2024-02-29,0.8250825082508184
2024-03-01,0.16366612111293755
2024-03-04,0.1225490196078427
2024-03-05,1.2239902080783294
2024-03-06,-0.523982265215639
2024-03-07,-0.32414910858995505
2024-03-08,0.0
2024-03-11,0.7723577235772439
2024-03-12,0.24203307785395367
2024-03-13,-0.8048289738430636
2024-03-14,-0.24340770791073663
2024-03-15,0.08133387555915306
2024-03-18,0.4063388866314632
2024-03-19,-0.6879805746661249
2024-03-20,0.24449877750609694
2024-03-21,0.0
2024-03-22,-0.894308943089428
2024-03-25,-0.041017227235451426
2024-03-26,0.36930652441526934
2024-03-27,-0.5314799672935577
2024-03-28,0.2055076037813519
2024-03-29,0.45118949958982135
2024-04-01,1.0616578195181914
2024-04-02,-0.16161616161616266
2024-04-03,-0.32375556454876664
2024-04-08,-0.5278116118554554
2024-04-09,-0.5306122448979766
2024-04-10,-0.24620434961016846
2024-04-11,-0.08227067050596837
2024-04-12,-0.8645533141210304
2024-04-15,2.0764119601329067
2024-04-16,-0.40683482506103097
2024-04-17,1.0212418300653558
2024-04-18,0.28305701577031606
2024-04-19,-0.6451612903225823
2024-04-22,-0.16233766233766378
2024-04-23,-0.5284552845528423
2024-04-24,0.408663669799747
2024-04-25,0.3663003663003872
2024-04-26,1.2165450121654375
2024-04-29,0.6009615384615419
2024-04-30,-0.4380724810832404
2024-05-06,1.200000000000001
2024-05-07,0.19762845849804478
2024-05-08,-0.591715976331364
2024-05-09,0.6349206349206327
2024-05-10,0.2760252365930693
2024-05-13,-0.11797090051121062
2024-05-14,-0.35433070866141003
2024-05-15,-0.7111813512445719
2024-05-16,0.39793076004777106
2024-05-17,1.5061434799841456
2024-05-20,0.23428348301446356
2024-05-21,-0.19477989871447
2024-05-22,0.039032006245132145
2024-05-23,-1.0144362075692692
2024-05-24,-1.1430823807646817
2024-05-27,0.9170653907496051
2024-05-28,-0.27657052548399896
2024-05-29,0.03961965134706702
2024-05-30,-0.6732673267326739
2024-05-31,-0.3588516746411474
2024-06-03,0.12004801920766361
2024-06-04,0.5595523581135131
2024-06-05,-0.43720190779015233
2024-06-06,0.03992015968063978
2024-06-07,-0.4389465283319849
2024-06-11,-1.2024048096192508
2024-06-12,-0.12170385395535721
2024-06-13,-0.4061738424045558
2024-06-14,0.6933115823817282
2024-06-17,-0.6075334143377797
2024-06-18,0.0
2024-06-19,0.16299918500406463
2024-06-20,-0.2847843775427239
2024-06-21,-0.2039983680130475
2024-06-24,0.0
2024-06-25,-0.3679476696647699
2024-06-26,0.16413623307345304
2024-06-27,-0.28676771814828417
2024-06-28,0.2875924404272645
2024-07-01,0.36870135190496534
2024-07-02,0.4897959183673528
2024-07-03,0.0
2024-07-04,-0.32493907392363575
2024-07-05,-0.8149959250203787
2024-07-08,-0.49301561216105183
2024-07-09,0.9083402146985886
2024-07-10,-0.16366612111292644
2024-07-11,1.0655737704918122
2024-07-12,0.6082725060827077
2024-07-15,0.403063280935112
2024-07-16,0.3613006824568332
2024-07-17,0.40000000000000036
2024-07-18,0.47808764940238113
2024-07-19,0.6740681998414155
2024-07-22,-0.9452540370224471
2024-07-23,-1.2723658051689846
2024-07-24,-0.3624647603705178
2024-07-25,-0.9700889248181133
2024-07-26,-0.2448979591836875
2024-07-29,-0.3682487725040873
2024-07-30,-0.5338809034907577
2024-07-31,1.6928158546655636
2024-08-01,-0.6090133982947665
2024-08-02,-0.6127450980392246
2024-08-05,-0.6576243321002928
2024-08-06,-0.6619776582540315
2024-08-07,-0.08329862557266976
2024-08-08,0.2917882451021203
2024-08-09,-0.12468827930175452
2024-08-12,0.04161464835621409
2024-08-13,-0.04159733777038266
2024-08-14,-0.540990428630872
2024-08-15,1.3389121338912124
2024-08-16,0.49545829892649884
2024-08-19,0.4519309778142855
2024-08-20,-0.2862985685071484
2024-08-21,-0.4922067268252617
2024-08-22,0.16488046166529546
2024-08-23,0.6172839506172645
2024-08-26,-0.12269938650305567
2024-08-27,0.08190008190007703
2024-08-28,-0.6955810147299513
2024-08-29,-0.8240626287597919
2024-08-30,0.9140008309098446
2024-09-02,-1.6055990119390628
2024-09-03,-0.46025104602510636
2024-09-04,-0.8406893652795344
2024-09-05,0.1271725307333771
2024-09-06,-0.46570702794243024
2024-09-09,-1.318587834963847
2024-09-10,0.04310344827587187
2024-09-11,-0.6031882809134137
2024-09-12,-0.4334633723450221
2024-09-13,-0.217675228559
2024-09-18,0.567190226876102
2024-09-19,0.6073752711496683
2024-09-20,0.17248814144028568
2024-09-23,0.3013344812742291
2024-09-24,5.150214592274693
2024-09-25,1.2244897959183598
2024-09-26,5.56451612903226
2024-09-27,4.048892284186412
2024-09-30,6.791483113069008
2024-10-08,2.371949123410122
2024-10-09,-7.219610476830097
2024-10-10,3.2211364458921476
2024-10-11,-2.0336605890603043
2024-10-14,1.1811023622047223
2024-10-15,-2.4407499115670306
2024-10-16,-0.14503263234227903
2024-10-17,-1.525054466230935
2024-10-18,3.06047197640118
2024-10-21,-0.17889087656529634
2024-10-22,0.3942652329749219
2024-10-23,0.5712245626561918
2024-10-24,-0.9939652112176067
2024-10-25,0.1434205808533484
2024-10-28,0.07160759040456544
2024-10-29,-0.5724508050089505
2024-10-30,-1.295430010795251
2024-10-31,-0.07291286912138872
2024-11-01,0.7661437431594198
2024-11-04,0.8327299058653148
2024-11-05,2.010771992818672
2024-11-06,-0.8095740936290063
2024-11-07,3.797019162526616
2024-11-08,-1.4700854700854582
2024-11-11,-0.6245662734212454
2024-11-12,-1.4664804469273651
2024-11-13,0.5669737774627981
2024-11-14,-0.8456659619450302
2024-11-15,-1.279317697228144
2024-11-18,0.4319654427645814
2024-11-19,-0.4301075268817178
2024-11-20,0.21598272138227959
2024-11-21,0.25143678160919336
2024-11-22,-2.9021855965603693
2024-11-25,-0.8487084870848705
2024-11-26,0.37216226274656705
2024-11-27,1.186503522432325
2024-11-28,-0.47636496885306023
2024-11-29,0.589101620029453
2024-12-02,0.4109077325364252
2024-12-03,0.5208333333333259
2024-12-04,-0.11102886750555818
2024-12-05,-0.44460911448684914
2024-12-06,1.07927056196504
2024-12-09,0.11045655375550023
2024-12-10,0.9194556822361255
2024-12-11,-0.6559766763848507
2024-12-12,1.1371973587674278
2024-12-13,-2.4301777294160387
2024-12-16,-0.14869888475836923
2024-12-17,0.5212211466865346
2024-12-18,0.7037037037036953
2024-12-19,-0.36778227289443466
2024-12-20,-0.29531192321889943
2024-12-23,0.8515364679748227
2024-12-24,1.0646108663729725
2024-12-25,0.39956411187793694
2024-12-26,-0.25325615050649786
2024-12-27,-0.10881392818281599
2024-12-30,0.689905591866391
2024-12-31,-1.2621709340065013
2025-01-02,-2.593133674214765
2025-01-03,-0.9748781402324602
2025-01-06,-0.41650889814465186
2025-01-07,0.5703422053231932
2025-01-08,0.22684310018903364
2025-01-09,-0.49038098830629373
2025-01-10,-0.8718726307808788
2025-01-13,-0.3059273422562181
2025-01-14,1.7261219792865434
2025-01-15,-0.226244343891413
2025-01-16,-0.3401360544217691
2025-01-17,0.0
2025-01-20,0.22753128555175195
2025-01-21,-0.11350737797956034
2025-01-22,-1.2499999999999956
2025-01-23,0.6137322593018801
2025-01-24,0.5718642775447869
2025-01-27,0.18953752843062777
2025-02-05,-0.9080590238365382
2025-02-06,0.7254677357769967
2025-02-07,1.1372251705837888
2025-02-10,0.37481259370313325
2025-02-11,-0.2613890963405585
2025-02-12,1.0108573567952028
2025-02-13,0.148257968865817
2025-02-14,0.6291635825314446
2025-02-17,0.1471129091577872
2025-02-18,-0.3672420124862241
2025-02-19,0.3317360855141782
2025-02-20,-0.5143277002204183
2025-02-21,1.3293943870014813
2025-02-24,-0.4737609329446224
2025-02-25,-1.0252654705236175
2025-02-26,0.8509064002959699
2025-02-27,0.5135730007336914
2025-02-28,-1.2773722627737238
2025-03-03,-0.7024029574861368
2025-03-04,-0.29784065524943726
2025-03-05,0.7094846900672191
2025-03-06,1.5943641082684534
2025-03-07,-0.03649635036497845
2025-03-10,-0.4381161007667056
2025-03-11,0.44004400440043057
2025-03-12,-0.3285870755750264
2025-03-13,-0.2564102564102555
2025-03-14,2.9379360998898374
2025-03-17,-0.17838030681411876
2025-03-18,0.07147962830591492
2025-03-19,0.3214285714285836
2025-03-20,-1.0679957280171015
2025-03-21,-1.619287513494061
2025-03-24,0.6583760058522126
2025-03-25,0.0
2025-03-26,-0.5813953488371992
2025-03-27,0.5116959064327409
2025-03-28,-0.43636363636363473
2025-03-31,-0.47479912344776665
2025-04-01,-0.14678899082568586
2025-04-02,-0.18375597206908845
2025-04-03,0.14727540500736325
2025-04-07,-5.4779411764705905
2025-04-08,2.2170361726954413
2025-04-09,0.7610350076103556
2025-04-10,0.9063444108761365
2025-04-11,0.18712574850299202
2025-04-14,0.2988419872992143
2025-04-15,0.22346368715082665
2025-04-16,0.8918617614269708
2025-04-17,0.11049723756906271
2025-04-18,0.07358351729214174
2025-04-21,-0.3308823529411864
2025-04-22,0.184433788270022
2025-04-23,-0.2945508100147265
2025-04-24,0.2584933530280553
2025-04-25,-0.18416206261510082
2025-04-28,0.036900369003678435
2025-04-29,-0.1844337882700109
2025-04-30,-0.48041389504803744
2025-05-06,0.5198663200891129
2025-05-07,0.8865903213890025
2025-05-08,0.4027828634199926
2025-05-09,0.07293946024800047
2025-05-12,0.6924198250728653
2025-05-13,0.21715526601520097
2025-05-14,1.7334777898158293
2025-05-15,-0.4969826056088089
2025-05-16,-0.8919015340706382
2025-05-19,-0.3239740820734305
2025-05-20,0.3972553268327905
2025-05-21,0.4676258992805771
2025-05-22,0.10741138560685926
2025-05-23,-0.7510729613733891
2025-05-26,-0.39639639639640345
2025-05-27,-0.5065123010130179
2025-05-28,-0.10909090909091423
2025-05-29,0.2548234437568242
2025-05-30,-0.18155410312272746
2025-06-03,-0.036376864314291435
2025-06-04,0.2547307132459764
2025-06-05,-0.03629764065334884
2025-06-06,0.0726216412490821
2025-06-09,0.0
2025-06-10,-0.5079825834542695
2025-06-11,0.729394602479938
2025-06-12,-0.07241129616221142
2025-06-13,-0.5072463768115876
2025-06-16,0.25491624180626893
2025-06-17,0.0
2025-06-18,-0.10897203051217774
2025-06-19,-0.6181818181818177
2025-06-20,0.5854372484449311
2025-06-23,0.47289923608584417
2025-06-24,1.0861694424330048
2025-06-25,1.4326647564469885
2025-06-26,-0.21186440677964935
2025-06-27,-1.0969568294409093
2025-06-30,0.42933810375671566
2025-07-01,0.10687566797293879
2025-07-02,0.2135231316725994
2025-07-03,0.14204545454545858
2025-07-04,0.5673758865248235
2025-07-07,-0.28208744710860323
2025-07-08,0.601131541725608
2025-07-09,-0.10544815465729496
2025-07-10,0.5629838142153343
2025-07-11,0.4548635409377111
2025-07-14,-0.06966213862764636
2025-07-15,-0.4879749041477921
2025-07-16,-0.17513134851138146
2025-07-17,0.3157894736842026
2025-07-18,0.8744316194473578
2025-07-21,0.20804438280166426
2025-07-22,0.8304498269896099
2025-07-23,0.24021962937541552
2025-07-24,0.4108182129407778
2025-07-25,-0.5796113194681207
2025-07-28,0.44581618655692434
2025-07-29,0.17070672584500457
2025-07-30,0.30674846625766694
2025-07-31,-1.4950730547060864
2025-08-01,-0.793377026560893
2025-08-04,0.48678720445063384
2025-08-05,0.7612456747404739
2025-08-06,0.2060439560439553
2025-08-07,0.10281014393418442
2025-08-08,-0.3765833618623704
2025-08-11,0.06872852233676952
2025-08-12,0.6868131868131844
2025-08-13,0.27285129604366354
2025-08-14,0.4761904761904745
2025-08-15,0.37237643872714
2025-08-18,0.2023608768971341
2025-08-19,-1.1443958263211096
2025-08-20,1.293837248893448
2025-08-21,0.5042016806722671
2025-08-22,2.5418060200668835
2025-08-25,1.8917155903457328
2025-08-26,-0.7362355953905331
2025-08-27,-1.612383102225079
2025-08-28,1.4421501147164895
2025-08-29,0.5492730210016061
2025-09-01,0.032133676092538366
2025-09-02,0.48185030517187144
2025-09-03,-1.310741687979533
2025-09-04,-1.716877227081326
2025-09-05,1.2524719841793042
2025-09-08,-0.16276041666666297
2025-09-09,-0.2608412129116444
2025-09-10,0.4249754821837204
2025-09-11,1.6276041666666519
2025-09-12,-0.5765534913516945
2025-09-15,-0.22551546391752497
2025-09-16,-0.48433968356474955
2025-09-17,0.1946787800129801
2025-09-18,-1.2953367875647714
2025-09-19,-0.09842519685039353
2025-09-22,0.2955665024630516
2025-09-23,0.0
2025-09-24,0.5893909626719207
2025-09-25,0.48828125
2025-09-26,-0.32393909944931076
2025-09-29,1.0399740006499902
2025-09-30,0.5467996140237963
2025-10-09,1.1196417146513093
2025-10-10,-1.5501423600126518
2025-10-13,-0.35347043701799974
2025-10-14,-0.032247662044493364
2025-10-15,1.2258064516128986
2025-10-16,0.6692160611854625
2025-10-17,-1.551123773345997
2025-10-20,0.032154340836032524
2025-10-21,1.060752169720347
2025-10-22,0.12722646310432406
2025-10-23,0.6035578144853782
2025-10-24,0.7893905904641674
2025-10-27,0.7518796992481258
2025-10-28,-0.6218905472636815
2025-10-29,0.43804755944929497
2025-10-30,-0.5295950155763229
2025-10-31,-1.0335108048856845
2025-11-03,0.03164556962025333
2025-11-04,-0.15817779183802116
2025-11-05,-0.19011406844107182
2025-11-06,1.2698412698412653
2025-11-07,-0.12539184952977678
2025-11-10,0.47080979284368496
2025-11-11,-0.6560449859418949
2025-11-12,0.5345911949685478
2025-11-13,0.7507037847982456
2025-11-14,-1.1797578391803842
2025-11-17,-0.7540056550424112
2025-11-18,-0.2849002849002802
2025-11-19,0.4761904761904745
2025-11-20,-0.28436018957345155
2025-11-21,-1.7427122940431028
2025-11-24,-0.22573363431152016
2025-11-25,0.5171299288946329
2025-11-26,0.12861736334404128
2025-11-27,-0.06422607578676631
2025-11-28,0.032133676092538366
2025-12-01,0.7709604882749854
2025-12-02,-0.4781638508128849
2025-12-03,-0.4484304932735328
2025-12-04,0.2574002574002643
2025-12-05,0.9306803594351765
2025-12-08,0.604133545310015
2025-12-09,-0.6953223767383165
2025-12-10,-0.3182686187141903
2025-12-11,-0.3831417624521105
2025-12-12,0.4487179487179471
2025-12-15,-0.03190810465858451
2025-12-16,-0.9575486753909956
2025-12-17,1.1577902745616875
2025-12-18,0.19620667102682177
2025-12-19,0.4569190600522077
2025-12-22,0.4548408057180042
2025-12-23,0.19404915912031306
2025-12-24,0.03227888960621872
2025-12-25,0.258147789609553
2025-12-26,0.4184100418409997
2025-12-29,-0.3525641025641013
2025-12-30,-0.03216468317787102
2025-12-31,-0.09652509652510188
2026-01-05,2.2222222222222143
2026-01-06,1.921865154379332
2026-01-07,-0.46367851622873824
2026-01-08,-0.6832298136645987
2026-01-09,0.343964978111333
2026-01-12,0.2804612028669329
2026-01-13,-0.12430080795524656
2026-01-14,-0.840074673304303
2026-01-15,-0.21964229683086867
2026-01-16,-0.6289308176100628
2026-01-19,-0.22151898734177333
2026-01-20,-0.09514747859181716
2026-01-21,-0.15873015873015817
2026-01-22,-0.4451510333863373
2026-01-23,-0.7984669434685343
2026-01-26,0.7405022537025241
2026-01-27,0.06391818472355482
2026-01-28,0.2235707441711865
2026-01-29,1.8483110261312996
2026-01-30,-1.533166458072599
2026-02-02,-2.1290117572290934
2026-02-03,0.9090909090909038
2026-02-04,1.2548262548262468
2026-02-05,-0.3177629488401612
2026-02-06,-0.7013069811922179
2026-02-09,1.476725521669331
2026-02-10,0.2847200253084381
2026-02-11,0.0
2026-02-12,-0.28391167192428624
2026-02-13,-1.4868712432774434
2026-02-24,0.16056518946694354
2026-02-25,0.4809233728759077
2026-02-26,-0.6062539885130724
2026-02-27,0.2568218298555358
2026-03-02,0.06404098623118415
2026-03-03,-0.9279999999999955
2026-03-04,-1.4534883720930258
2026-03-05,0.491642084562427
2026-03-06,0.0652315720808927
2026-03-09,-0.8800521512385973
2026-03-10,0.6247944755014778
2026-03-11,0.06535947712418277
2026-03-12,-0.4898758981058071
2026-03-13,-0.39382999671808694
2026-03-16,-0.23064250411861664
2026-03-17,0.3632760898282683
2026-03-18,-0.1316222441592685
2026-03-19,-1.3838550247116999
2026-03-20,-1.2028065486134332
2026-03-23,-3.009807237064588
2026-03-24,1.115760111576014
2026-03-25,1.0344827586207028
2026-03-26,-1.1262798634812388
2026-03-27,0.4142216085605721
2026-03-30,-0.13750429700928324
2026-03-31,-0.10327022375213879
2026-04-01,1.688490696071665
2026-04-02,-0.8471704506946787
2026-04-03,-0.8544087491456076
2026-04-07,-0.034470872113057105
2026-04-08,2.6896551724137963
2026-04-09,-0.6715916722632609
2026-04-10,0.47329276538201626
2026-04-13,0.0
2026-04-14,0.8411843876177549
2026-04-15,0.36703370036703653
2026-04-16,0.19946808510638014
2026-04-17,-1.0617120106171107
2026-04-20,0.8383635144198598
2026-04-21,-0.033255736614579146
2026-04-22,-0.03326679973386648
2026-04-23,-0.1331114808652223
2026-04-24,0.5664778407197479
2026-04-27,-0.16567263088137496
2026-04-28,0.36508463325588547
2026-04-29,0.5621693121693028
2026-04-30,0.6905623150279538
2026-05-06,1.2410189418680773
2026-05-07,0.0967741935483879
2026-05-08,-0.9023525620367345
2026-05-11,1.333333333333342
2026-05-12,0.09627727856227342
2026-05-13,0.12824623276690428
2026-05-14,-1.5690041626641116
2026-05-15,-1.2687052700064982
2026-05-18,-0.8896210873146626
2026-05-19,0.5984042553191404
2026-05-20,0.0991407799074695
2026-05-21,-1.1554968636513618
2026-05-22,0.033400133600536286
2026-05-25,1.4691151919866474
2026-05-26,0.23033892727870597
2026-05-27,-1.2475377544320376
2026-05-28,-0.7646276595744683
2026-05-29,0.4020100502512669
2026-06-01,-0.9676343009676347
2026-06-02,0.8423180592991963
2026-06-03,0.1002338790511148
2026-06-04,-1.0680907877169576
2026-06-05,-0.8097165991902799
2026-06-08,-1.3265306122449028
2026-06-09,0.5515339538090247
2026-06-10,0.47994514912581554
2026-06-11,-0.10235414534288667
2026-06-12,1.8442622950819665
2026-06-15,1.4084507042253502
2026-06-16,-1.025132275132279
2026-06-17,0.7350484463748863
2026-06-18,0.06633499170811685
2026-06-22,2.651640702684799
2026-06-23,-2.9706167258637395
2026-06-24,0.6322795341098253
2026-06-25,1.157407407407418
2026-06-26,-1.928734880679961
2026-06-29,2.766666666666673
2026-06-30,0.0
2026-07-01,-0.2919234511839175
2026-07-02,-2.3096942094990136
2026-07-03,0.6660006660006657
2026-07-06,0.7608336089976797
2026-07-07,-1.1162179908076109
2026-07-08,-0.09960159362549792
2026-07-09,2.6586905948820183
2026-07-10,-1.0359339592101002
2026-07-13,-1.5047432122996307
2026-07-14,1.5609432082364538
2026-07-15,0.19620667102682177
2026-07-16,-1.9582245430809442
2026-07-17,-2.4300932090545957
2026-07-20,2.5929716820197957
2026-07-21,2.394413036248766
2026-07-22,0.22734654108476082
2026-07-23,-0.06480881399869576
2026-07-24,-1.1024643320363237
2026-07-27,0.13114754098360049
2026-07-28,-1.047806155861164
2026-07-29,0.03309066843151243
2026-07-30,0.09923916639098529
2026-07-31,0.23132848645075477
2026-08-03,-1.417738212990427
2026-08-04,-0.234113712374584
2026-08-05,1.5420717398591854
2026-08-06,0.0
2026-08-07,1.221525255860012
2026-08-10,0.29354207436400603
2026-08-11,-1.1707317073170742
2026-08-12,0.13162224415925738
2026-08-13,-0.19717384160369278
2026-08-14,-0.5268356931182105
2026-08-17,1.0261502813637913
2026-08-18,-0.1638269986893759
2026-08-19,-1.5753199868723367
2026-08-20,-0.36678892964321363
2026-08-21,0.16733601070950677
2026-08-24,-0.46775810223854686
2026-08-25,0.10070493454179541
2026-08-26,1.0395707578806146
2026-08-27,0.8961168270826381
2026-08-28,-0.09868421052632304
2026-08-31,0.13170892327956096
2026-09-01,0.46037487668530996
2026-09-02,-0.9819967266775809
2026-09-03,0.19834710743802386
2026-09-04,0.19795447047179504
2026-09-07,-0.6256173855778813
2026-09-08,-0.03313452617627055
2026-09-09,0.13258203513424327
2026-09-10,-0.16550810989738318
2026-09-11,-1.1604774535809104
2026-09-14,-0.16772895001676558
2026-09-15,-0.6048387096774133
2026-09-16,0.7437457741717335
2026-09-17,-0.7382550335570448
2026-09-18,0.5747126436781658
2026-09-21,0.9075630252100675
2026-09-22,0.4330446369087415
2026-09-23,-0.4975124378109541
2026-09-24,-1.3666666666666605
