date,策略名称,股指期货信号,股指期货仓位,沪深300主连,中证500主连,红利低波ETF,10年国债主连,沪铜主连,沪铝主连,PTA主连,原油主连,豆粕主连,沪金主连,资金占用比例
2018-01-02,风险平价策略,1.0,0.3,0.15,0.15,0.0,0.2580159333151048,0.06492018516926897,0.06246322893884731,0.07345828266480434,0.0,0.08921192110862965,0.15193044880334494,0.1354577280522514
2018-01-03,风险平价策略,1.0,0.3,0.15,0.15,0.0,0.2586142516308159,0.06391909582460072,0.06261807425686815,0.07285381092247362,0.0,0.08956474137336695,0.15243002599187458,0.13542027501688852
2018-01-04,风险平价策略,1.0,0.3,0.15,0.15,0.0,0.2570235715719686,0.06527479030550999,0.06361825589725119,0.07437857025309307,0.0,0.09089962194011536,0.1488051900320618,0.13517523768595913
2018-01-05,风险平价策略,1.0,0.3,0.15,0.15,0.0,0.2570795216300922,0.0648368831779127,0.06371113222646332,0.07439393035026813,0.0,0.09100402824495306,0.14897450437031057,0.13518502356052892
2018-01-08,风险平价策略,1.0,0.3,0.15,0.15,0.0,0.2591137109822957,0.06392357860404209,0.061442877933020446,0.07506442113447707,0.0,0.09021848217450532,0.15023692917165934,0.1350921702640988
2018-01-09,风险平价策略,1.0,0.3,0.15,0.15,0.0,0.25910862674595464,0.06392257894876831,0.06144543350401776,0.07506523384494318,0.0,0.09022031937091518,0.1502378075854008,0.1350929150568662
2018-01-10,风险平价策略,1.0,0.3,0.15,0.15,0.0,0.2503912235424814,0.06517106946115553,0.06394217061621234,0.07620512049950426,0.0,0.09188064286216306,0.15240977301848327,0.13649198950311314
2018-01-11,风险平价策略,1.0,0.3,0.15,0.15,0.0,0.24679242647554103,0.06596413601792922,0.06473260752226985,0.07716586895004213,0.0,0.09091811534201,0.15442684569220771,0.137258359138107
2018-01-12,风险平价策略,1.0,0.3,0.15,0.15,0.0,0.252323865513819,0.06525608798314916,0.062916639715582,0.07524373002021023,0.0,0.08587515394277316,0.15838452282446633,0.1371186035764893
2018-01-15,风险平价策略,1.0,0.3,0.15,0.15,0.0,0.24929811303033936,0.0656819039867285,0.06334695948165092,0.07571453132721352,0.0,0.08642445097448054,0.15953404119958708,0.13765325146889235
2018-01-16,风险平价策略,1.0,0.3,0.15,0.15,0.0,0.2572221950755932,0.06200369457195537,0.05294838213156744,0.07269123493953873,0.0,0.09099393403638742,0.16414055924495782,0.13696896510249362
2018-01-17,风险平价策略,1.0,0.3,0.15,0.15,0.0,0.2535026152577581,0.05930086253240951,0.05360504450309744,0.07302476138349173,0.0,0.09666663087347453,0.16390008544976867,0.1372754058818056
2018-01-18,风险平价策略,1.0,0.3,0.15,0.15,0.0,0.24978352439044726,0.061412186263628876,0.055368319973822175,0.07557277441262483,0.0,0.09921747177028949,0.1586457231891874,0.1370959145810097
2018-01-19,风险平价策略,1.0,0.3,0.15,0.15,0.0,0.250518428844223,0.06156021057284054,0.055507317175149964,0.075758956868879,0.0,0.09946215920248576,0.15719292733642168,0.13681688817901472
2018-01-22,风险平价策略,1.0,0.3,0.15,0.15,0.0,0.2506366000505049,0.06162133623696612,0.05512328433844726,0.07580405488334091,0.0,0.0995239481285602,0.1572907763621805,0.1368112742616201
2018-01-23,风险平价策略,1.0,0.3,0.15,0.15,0.0,0.25049077696548316,0.06143986885609508,0.055163730989005545,0.07592066537917032,0.0,0.09949577355615953,0.15748918425408634,0.13685678066725707
2018-01-24,风险平价策略,1.0,0.3,0.15,0.15,0.0,0.25523883178789286,0.056202957441827864,0.05640080656893991,0.07808559265307183,0.0,0.09338345914539088,0.16068835240287663,0.13680471214914866
2018-01-25,风险平价策略,1.0,0.3,0.15,0.15,0.0,0.25526535785274673,0.05619752902455489,0.05639444480521654,0.07807970162183074,0.0,0.09338597273396054,0.16067699396169044,0.1367996337994815
2018-01-26,风险平价策略,1.0,0.3,0.15,0.15,0.0,0.2689743529538302,0.05591151161121929,0.05463308136368706,0.07853867047571615,0.0,0.09403327774645208,0.14790910584909503,0.13340194342548792
2018-01-29,风险平价策略,1.0,0.3,0.15,0.15,0.0,0.26982879043642366,0.056265901442604856,0.055017527597765487,0.0790533858367773,0.0,0.0946237508164845,0.1452106438699441,0.13295021188934933
2018-01-30,风险平价策略,1.0,0.3,0.15,0.15,0.0,0.2830904562644349,0.054944556006547636,0.05315385680538918,0.07796718810943135,0.0,0.10086054254920743,0.12998340026498945,0.1291346520407181
2018-01-31,风险平价策略,1.0,0.3,0.15,0.15,0.0,0.28311685893195093,0.05495146657816264,0.053124343045712966,0.07796652252922585,0.0,0.10085241632558424,0.12998839258936334,0.12913192389043496
2018-02-01,风险平价策略,1.0,0.3,0.15,0.15,0.0,0.290910565900489,0.05536501340680768,0.052541507827144174,0.07289093781640814,0.0,0.09799453224311443,0.13029744280603645,0.12815184015102898
2018-02-02,风险平价策略,1.0,0.3,0.15,0.15,0.0,0.2878122849984756,0.05691997482605611,0.053866329110003,0.0749665307883622,0.0,0.09267141150730303,0.13376346876980003,0.12916648074024634
2018-02-05,风险平价策略,1.0,0.3,0.15,0.15,0.0,0.28470187921527473,0.057014805596179816,0.055712469521551705,0.07980095148604016,0.0,0.09822472112790111,0.12454517305305242,0.12836193495332757
2018-02-06,风险平价策略,1.0,0.3,0.15,0.15,0.0,0.286720538099094,0.0564759347545488,0.05369477331428888,0.07944241879030237,0.0,0.09796134291478586,0.12570499212698016,0.1282329103123194
2018-02-07,风险平价策略,1.0,0.3,0.15,0.15,0.0,0.29401675878365324,0.057660890919970224,0.05506504263530082,0.08051016865322069,0.0,0.0999010433389734,0.11284609566888151,0.1256573394308356
2018-02-08,风险平价策略,1.0,0.3,0.15,0.15,0.0,0.28129280215207175,0.05557847998680455,0.0583444825548569,0.08307746808856423,0.0,0.10535017284340556,0.116356594374297,0.12765853252996945
2018-02-09,风险平价策略,1.0,0.3,0.15,0.15,0.0,0.28321875305640853,0.05405543674571056,0.05861212760935505,0.08179410750586935,0.0,0.10513587644603534,0.11718369863662104,0.12749137695545698
2018-02-12,风险平价策略,1.0,0.3,0.15,0.15,0.0,0.2832583654242214,0.05406379863063271,0.058620982759798664,0.0817545319245035,0.0,0.10514963101040942,0.11715269025043433,0.127481499886715
2018-02-13,风险平价策略,1.0,0.3,0.15,0.15,0.0,0.2821705029757027,0.05422949051658499,0.05865584303938527,0.08198131900681817,0.0,0.1054475828802719,0.117515261581237,0.12766519919168862
2018-02-14,风险平价策略,1.0,0.3,0.15,0.15,0.0,0.2810925333353171,0.0550332520360132,0.05522130685875226,0.08309483963322614,0.0,0.10655998351726438,0.1189980846194269,0.12796642704487776
2018-02-22,风险平价策略,1.0,0.3,0.15,0.15,0.0,0.2756419263259999,0.05699871988609442,0.057344204114128404,0.08617092433770035,0.0,0.11031543905449737,0.11352878628157945,0.12796404037152162
2018-02-23,风险平价策略,1.0,0.3,0.15,0.15,0.0,0.27564100272213704,0.057000061959055895,0.057350563324711994,0.08617585365545535,0.0,0.11030046222622775,0.11353205611241192,0.12796505603576866
2018-02-26,风险平价策略,1.0,0.3,0.15,0.15,0.0,0.2757066131434992,0.05702585103131548,0.05714586687043328,0.08622414297125842,0.0,0.11033523842133183,0.11356228756216163,0.1279592660101596
2018-02-27,风险平价策略,1.0,0.3,0.15,0.15,0.0,0.27734348489694466,0.05664810252019021,0.057334637005038325,0.08666559497352196,0.0,0.11078490151643564,0.11122327908786918,0.12744853193369893
2018-02-28,风险平价策略,1.0,0.3,0.15,0.15,0.0,0.282773679349789,0.0533773931758903,0.05862423037475015,0.08806239819730526,0.0,0.11279644659735381,0.10436585230491159,0.12584618614842033
2018-03-01,风险平价策略,1.0,0.3,0.15,0.15,0.0,0.2838819061252484,0.0528673337137911,0.05892516623009198,0.086768782776954,0.0,0.1133405343057752,0.10421627684813929,0.12564936769346446
2018-03-02,风险平价策略,1.0,0.3,0.15,0.15,0.0,0.28382921380262593,0.05288622061573394,0.05884953130420618,0.08680212721018528,0.0,0.11337605371261354,0.10425685335463514,0.12566061819992516
2018-03-05,风险平价策略,1.0,0.3,0.15,0.15,0.0,0.2889063269781086,0.051783877929556354,0.05709407344085765,0.08337198023125676,0.0,0.11240938730252541,0.10643435411769528,0.1252312065353156
2018-03-06,风险平价策略,1.0,0.3,0.15,0.15,0.0,0.28910817299171054,0.05183046434253527,0.057139268630226975,0.08316848668355759,0.0,0.11249388176126043,0.10625972559070913,0.12517843213100194
2018-03-07,风险平价策略,1.0,0.3,0.15,0.15,0.0,0.2942908084714532,0.05291425752878035,0.05436592333867626,0.07544123687586687,0.0,0.11361668965081533,0.10937108413440788,0.12474118263171696
2018-03-08,风险平价策略,1.0,0.3,0.15,0.15,0.0,0.2964751595443201,0.0516412911806955,0.054806844201566896,0.07307612522677492,0.0,0.11476551899673011,0.10923506084991248,0.12437185644587213
2018-03-09,风险平价策略,1.0,0.3,0.15,0.15,0.0,0.3171474523938491,0.04782568015778366,0.05318847074005237,0.06632109073241586,0.0,0.11001291031893379,0.10550439565696525,0.12120844500342236
2018-03-12,风险平价策略,1.0,0.3,0.15,0.15,0.0,0.32339810194057816,0.04903209272943546,0.054231560435887685,0.06709262042303285,0.0,0.0989166857404374,0.10732893873062835,0.12092415451771454
2018-03-13,风险平价策略,1.0,0.3,0.15,0.15,0.0,0.30681048160679936,0.05092956238384957,0.052621104476646814,0.07140435813289257,0.0,0.10476510527856028,0.11346938812125135,0.12376800198060436
2018-03-14,风险平价策略,1.0,0.3,0.15,0.15,0.0,0.3067223924138096,0.05108606317758154,0.05278367308504541,0.07059283658591264,0.0,0.10506589713099199,0.1137491376066588,0.12379632498886413
2018-03-15,风险平价策略,1.0,0.3,0.15,0.15,0.0,0.30991527109330846,0.05095329382181272,0.05340734377019232,0.07165958546539847,0.0,0.09988170731745978,0.11418279853182815,0.12358351886135292
2018-03-16,风险平价策略,1.0,0.3,0.15,0.15,0.0,0.31186077719903094,0.05140482472999409,0.053811527319133856,0.07024872988672702,0.0,0.10055511300534953,0.11211902785976445,0.12303891233000933
2018-03-19,风险平价策略,1.0,0.3,0.15,0.15,0.0,0.32529917441898665,0.04874046114062638,0.05520051112998386,0.07427777793793013,0.0,0.08776466665436779,0.10871740871810505,0.12124053827935766
2018-03-20,风险平价策略,1.0,0.3,0.15,0.15,0.0,0.3265427600555959,0.049075957532271605,0.055540867302176285,0.07293602956342328,0.0,0.08661238599718996,0.1092919995493429,0.12116275605413424
2018-03-21,风险平价策略,1.0,0.3,0.15,0.15,0.0,0.3261652675291729,0.04671043057224019,0.05534428033938118,0.07380059068128784,0.0,0.0875387220976168,0.11044070878030107,0.12133241818108217
2018-03-22,风险平价策略,-1.0,0.0,0.0,0.0,0.0,0.46594575572916913,0.06673101094327995,0.07906127755607223,0.10542916214007136,0.0,0.12505909407238852,0.15777369955901877,0.11333268572287347
2018-03-23,风险平价策略,-1.0,0.0,0.0,0.0,0.0,0.47889978193694255,0.05921940726847963,0.07294499795344878,0.09644414307645154,0.0,0.1293692385624516,0.16312243120222583,0.11200658545667082
2018-03-26,风险平价策略,-1.0,0.0,0.0,0.0,0.0,0.4684432383574144,0.055499091326847313,0.0745243153640176,0.10033130179480133,0.0,0.13401937676749745,0.1671826763894219,0.11380481570340278
2018-03-27,风险平价策略,-1.0,0.0,0.0,0.0,0.0,0.45042301772747323,0.05442328877353177,0.07378862153699191,0.09114608559237163,0.06094819021094258,0.11831671172116033,0.15095408443752847,0.12442105267733425
2018-03-28,风险平价策略,-1.0,0.0,0.0,0.0,0.0,0.4701648151494057,0.055175274441075665,0.07393829454549318,0.08711775388291453,0.050912896189897805,0.11848963705408276,0.14420132873713046,0.11929446122087622
2018-03-29,风险平价策略,-1.0,0.0,0.0,0.0,0.0,0.4784338733207772,0.058205633980807844,0.07765500818875175,0.08802989286172935,0.05351712145559504,0.11404053816265494,0.13011793202968405,0.11704740116189005
2018-03-30,风险平价策略,-1.0,0.0,0.0,0.0,0.0,0.4778638323797889,0.05832196035328864,0.07746974911038113,0.08818616209830096,0.053608297853927414,0.11421084191450952,0.13033915628980336,0.11716194540368101
2018-04-02,风险平价策略,-1.0,0.0,0.0,0.0,0.0,0.47796712642291306,0.0583359552081427,0.07749600209569667,0.08823156751765196,0.05328778413410442,0.11426814497670504,0.13041341964478612,0.11710436507761315
2018-04-03,风险平价策略,-1.0,0.0,0.0,0.0,0.0,0.46480334346802227,0.060470993886514016,0.0804486978272885,0.0916316270693735,0.048534378194084,0.11780578669588367,0.13630517285883406,0.11875581255574776
2018-04-04,风险平价策略,-1.0,0.0,0.0,0.0,0.0,0.4677244839655566,0.060727110301146435,0.07963169239515082,0.08832074145312757,0.048620283475804514,0.1188121216213717,0.1361635667878423,0.11829491180120978
2018-04-09,风险平价策略,-1.0,0.0,0.0,0.0,0.0,0.46857878195831504,0.06087173466004126,0.07982517138030329,0.08775323272252078,0.04873851354587067,0.11911951445447587,0.13511305127847317,0.11805753964997451
2018-04-10,风险平价策略,-1.0,0.0,0.0,0.0,0.0,0.4452754063528416,0.06688093937257687,0.08734997016600674,0.09639380553424662,0.053555294877684206,0.10117465064616545,0.14936993305047838,0.12430975782481074
2018-04-11,风险平价策略,-1.0,0.0,0.0,0.0,0.0,0.4453264409032848,0.06688165692060338,0.0873466840472557,0.09638347840715605,0.053552803223133966,0.10113735669004718,0.1493715798085189,0.1243036826541504
2018-04-12,风险平价策略,-1.0,0.0,0.0,0.0,0.0,0.4485913316793572,0.06546385113132676,0.08665416632058784,0.09716430748892176,0.0538137103287393,0.09801957954709589,0.1502930535039713,0.12411658598483798
2018-04-13,风险平价策略,-1.0,0.0,0.0,0.0,0.0,0.45239468860841997,0.06596547753032052,0.08792039986521111,0.09653243883004843,0.05408130674384388,0.09939544965298952,0.14371023876916655,0.12280841566788911
2018-04-16,风险平价策略,-1.0,0.0,0.0,0.0,0.0,0.4541625083372009,0.06604957495120635,0.0880922940609176,0.09684163549124064,0.053628151127130146,0.09706857963884258,0.1441572563934617,0.12262379528778122
2018-04-17,风险平价策略,-1.0,0.0,0.0,0.0,0.0,0.45413238114965415,0.0660505520938377,0.08809615860595417,0.09684709163959376,0.05362875927881454,0.09707335328814591,0.1441717039439998,0.12262960482043857
2018-04-18,风险平价策略,-1.0,0.0,0.0,0.0,0.0,0.45619354189616285,0.0662655309644242,0.08830462557812252,0.09721398040376888,0.05379216319653694,0.09398501167791327,0.14424514628307122,0.12248262496313275
2018-04-19,风险平价策略,-1.0,0.0,0.0,0.0,0.0,0.44567135792674273,0.06774489089312251,0.09027811898068151,0.0991900120265801,0.05500695826230222,0.09459820583373288,0.14751045607683796,0.12449068867633245
2018-04-20,风险平价策略,-1.0,0.0,0.0,0.0,0.0,0.46448852807227947,0.06708128784281413,0.07045326135878009,0.09870134226191837,0.05526845920021642,0.1006839162565293,0.14332320500746218,0.12130228271809566
2018-04-23,风险平价策略,-1.0,0.0,0.0,0.0,0.0,0.44734219540095665,0.07103127008764411,0.07441315473852081,0.10425958003838984,0.058603960298614546,0.10064962666466382,0.14370021277121037,0.12425256980163843
2018-04-24,风险平价策略,-1.0,0.0,0.0,0.0,0.0,0.46082728894389835,0.07092660913157121,0.0569527372816935,0.10924474157777106,0.06025312954879822,0.09928139206362352,0.14251410145264404,0.12264451454856772
2018-04-25,风险平价策略,-1.0,0.0,0.0,0.0,0.0,0.4311465571478381,0.07625438852702074,0.0609187815443954,0.11384231058246144,0.05849568964111853,0.10714862529795491,0.15219364725921078,0.12734172714561207
2018-04-26,风险平价策略,-1.0,0.0,0.0,0.0,0.0,0.4336896777899092,0.0767484764518792,0.06085570587210832,0.11230565003442594,0.05879530315259132,0.10445598665467626,0.15314920004440977,0.12722642290881003
2018-04-27,风险平价策略,-1.0,0.0,0.0,0.0,0.0,0.42743820122761506,0.07794311820001881,0.061874812060474405,0.1142465327597861,0.059916077183007795,0.10537154081031272,0.15320971775878503,0.1282489004178959
2018-05-02,风险平价策略,-1.0,0.0,0.0,0.0,0.0,0.42440580962847246,0.07707829797162108,0.062274180682560146,0.11609774250121399,0.06061447630606091,0.10699717441457936,0.15253231849549193,0.12865847232115973
2018-05-03,风险平价策略,-1.0,0.0,0.0,0.0,0.0,0.4246171427619237,0.07693127374539162,0.06231965309957524,0.11586762914631904,0.06064942436091062,0.10697618985275838,0.1526386870331213,0.128646626664741
2018-05-04,风险平价策略,-1.0,0.0,0.0,0.0,0.0,0.42541643888016584,0.0770507982937165,0.06239877398600493,0.11564366218683084,0.06070907225572238,0.1058880824092504,0.1528931719883091,0.1286092071002811
2018-05-07,风险平价策略,-1.0,0.0,0.0,0.0,0.0,0.3999850645804627,0.08075871601572703,0.06642865981961286,0.12348695825560553,0.06507956311433874,0.10005640643795646,0.16420463177629666,0.1343524795825047
2018-05-08,风险平价策略,-1.0,0.0,0.0,0.0,0.0,0.37892218681365225,0.08603311630360633,0.07032668369037395,0.1312474430718677,0.06935884325268744,0.09061483676424557,0.1734968901035669,0.1393565758408063
2018-05-09,风险平价策略,-1.0,0.0,0.0,0.0,0.0,0.37398352715424416,0.0839644294153831,0.06976259871195398,0.133295722806126,0.0709075574224993,0.0927429946181275,0.17534316987166604,0.1404492807958943
2018-05-10,风险平价策略,-1.0,0.0,0.0,0.0,0.0,0.3739917024543731,0.08396159074590795,0.0697564056931421,0.13329882961902842,0.07090805354939984,0.09273681791258595,0.17534660002556282,0.1404488844984439
2018-05-11,风险平价策略,-1.0,0.0,0.0,0.0,0.0,0.37725972527865076,0.08448774787029446,0.07008802518025789,0.13439642894792383,0.06874471693680882,0.08821260341715917,0.17681075236890512,0.13998396826850465
2018-05-14,风险平价策略,-1.0,0.0,0.0,0.0,0.0,0.3824084154381802,0.08501973636805375,0.0697555949955739,0.1355107040663205,0.06624280383184344,0.08318312828954544,0.17787961701048285,0.13917887976217544
2018-05-15,风险平价策略,-1.0,0.0,0.0,0.0,0.0,0.3832245970869501,0.08392167985787571,0.07079303750079961,0.13754986576842212,0.06717094202411301,0.08406595540467596,0.17327392235716346,0.13865842079552337
2018-05-16,风险平价策略,-1.0,0.0,0.0,0.0,0.0,0.39951429492480506,0.08421929783941476,0.0728852926482854,0.14162850282011616,0.06940969114266841,0.07641894804670447,0.1559239725780058,0.13500571406413903
2018-05-17,风险平价策略,-1.0,0.0,0.0,0.0,0.0,0.39257454108197276,0.08657796678099197,0.0747455773018646,0.14263351224468748,0.07133129915608304,0.07868973265642784,0.15344737077797216,0.13589477245501766
2018-05-18,风险平价策略,-1.0,0.0,0.0,0.0,0.0,0.39329952503023036,0.08674628707838969,0.07450340725579555,0.14210485700245204,0.07145032874340725,0.07813820225928843,0.15375739263043675,0.13586440633776237
2018-05-21,风险平价策略,-1.0,0.0,0.0,0.0,0.0,0.3957193804806759,0.08735226457611522,0.07377124664479573,0.14309980393769142,0.07016847333435045,0.07816090060728816,0.15172793041908306,0.13509836204005304
2018-05-22,风险平价策略,-1.0,0.0,0.0,0.0,0.0,0.4009072337121554,0.08945457819049882,0.07193293907925943,0.13232234051076466,0.07148832941989658,0.07928859018993359,0.15460598889749147,0.1348129405231511
2018-05-23,风险平价策略,-1.0,0.0,0.0,0.0,0.0,0.4011309509884545,0.08951845337856627,0.07194145129765743,0.13190074082697537,0.07146814172598526,0.07932119421232676,0.1547190675700343,0.13478788398302033
2018-05-24,风险平价策略,-1.0,0.0,0.0,0.0,0.0,0.3990280223112564,0.08849209362634405,0.07243257162090001,0.1325462465014316,0.07190117592702258,0.07983736714408092,0.15576252286896444,0.13525724933127165
2018-05-25,风险平价策略,-1.0,0.0,0.0,0.0,0.0,0.40155238056357934,0.08881120864888718,0.07264708177223693,0.13320118779690782,0.06875611049643177,0.07835849365810553,0.15667353706385137,0.13457348781923395
2018-05-28,风险平价策略,-1.0,0.0,0.0,0.0,0.0,0.4012483593188585,0.1017750677549269,0.08137085796938781,0.10633388517386975,0.058953857863833274,0.08921472280767112,0.16110324911145246,0.13298337581105027
2018-05-29,风险平价策略,-1.0,0.0,0.0,0.0,0.0,0.4013500428459944,0.10183797835555282,0.08106244959142185,0.1063847858469591,0.05896747224370529,0.08923561624961607,0.16116165486675044,0.13297871772977476
2018-05-30,风险平价策略,-1.0,0.0,0.0,0.0,0.0,0.4103652289193736,0.09072648058339113,0.08202694102578854,0.10673631521135682,0.05993428332416757,0.08517986440945866,0.1650308865264638,0.13250585303075688
2018-05-31,风险平价策略,-1.0,0.0,0.0,0.0,0.0,0.3868597980752624,0.09558023490085692,0.08268116920098922,0.11207402562921599,0.06306429116708037,0.08576122898520726,0.17397925204138798,0.13728962747827497
2018-06-01,风险平价策略,-1.0,0.0,0.0,0.0,0.0,0.38710127838852837,0.09566604078227274,0.0827572690786137,0.11215658354261011,0.06312508184475885,0.0858547201094878,0.17333902625372827,0.13718794789529892
2018-06-04,风险平价策略,-1.0,0.0,0.0,0.0,0.0,0.3787075511510737,0.09867408471334098,0.0849931706666404,0.11608499693661688,0.0633281964540777,0.0889193718745481,0.1692926282037025,0.13781537622483156
2018-06-05,风险平价策略,-1.0,0.0,0.0,0.0,0.0,0.3793306473940207,0.10183018211782235,0.0875892894374755,0.11182850000941848,0.06255575993346739,0.08577570562958094,0.17108991547821453,0.13787508787975447
2018-06-06,风险平价策略,-1.0,0.0,0.0,0.0,0.0,0.3793183272813814,0.10184693447179001,0.08760644742745075,0.1117997981575449,0.062498470025786894,0.08579377062201482,0.1711362520140312,0.13787231612573816
2018-06-07,风险平价策略,-1.0,0.0,0.0,0.0,0.0,0.37899262639835385,0.10238904636255011,0.08799158273290511,0.11232041358341198,0.06283079840506686,0.08425214039542692,0.17122339212228535,0.13803137015967853
2018-06-08,风险平价策略,-1.0,0.0,0.0,0.0,0.0,0.39738880375910907,0.09917584297993426,0.08211202512952455,0.11122110013287372,0.06499987997446052,0.067329363421805,0.1777729846022927,0.13717758053938364
2018-06-11,风险平价策略,-1.0,0.0,0.0,0.0,0.0,0.3973879835577518,0.09917398817429922,0.08211411458360057,0.1112207416401087,0.06498012448117176,0.06732909525767576,0.17779395230539236,0.1371770509720089
2018-06-12,风险平价策略,-1.0,0.0,0.0,0.0,0.0,0.37951489538694994,0.10070435025096162,0.08442502925918138,0.11524248411676194,0.06745429372199394,0.07000680127071152,0.1826521459934398,0.14052865444053986
2018-06-13,风险平价策略,-1.0,0.0,0.0,0.0,0.0,0.3935848719102021,0.09652296038517111,0.07763044549671638,0.11006605055524263,0.0627861029801517,0.07272352509981303,0.18668604357270294,0.13823309875022938
2018-06-14,风险平价策略,-1.0,0.0,0.0,0.0,0.0,0.39362048778482606,0.09654520176114936,0.07749811179754416,0.11008890413615524,0.06279601414571137,0.07273547143325784,0.18671580894135575,0.1382333183836888
2018-06-15,风险平价策略,-1.0,0.0,0.0,0.0,0.0,0.3960016412652114,0.09757626687026842,0.07397758740615017,0.10933199161061606,0.06287771519996295,0.07221878103009093,0.18801601661770012,0.138088891340518
2018-06-19,风险平价策略,-1.0,0.0,0.0,0.0,0.0,0.46969099202437276,0.06332845435190917,0.06758417601043226,0.08103974258032019,0.06392944946015564,0.08656082850396606,0.1678663570688438,0.12517796340928006
2018-06-20,风险平价策略,-1.0,0.0,0.0,0.0,0.0,0.443295598288228,0.06757510069289542,0.0720561138647173,0.08645182765407429,0.06858089184293041,0.09140078358570741,0.1706396840714474,0.12972729378350134
2018-06-21,风险平价策略,-1.0,0.0,0.0,0.0,0.0,0.4489690972850335,0.06736505193367301,0.07261684487876424,0.08760856084681848,0.06698678008290385,0.08826018842686954,0.1681934765459374,0.1285185538209597
2018-06-22,风险平价策略,-1.0,0.0,0.0,0.0,0.0,0.4508612515913448,0.06753594580550705,0.07282915288242803,0.08777668659359167,0.06691463655782566,0.08541467843505418,0.16866764813424867,0.1283955171734147
2018-06-25,风险平价策略,-1.0,0.0,0.0,0.0,0.0,0.4402557058594676,0.06823011360902016,0.07325981125795447,0.08969641097838678,0.06839437218193027,0.08740480817665246,0.17275877793658814,0.13051445247495558
2018-06-26,风险平价策略,-1.0,0.0,0.0,0.0,0.0,0.44044212782510267,0.0682408614897823,0.07274239847763297,0.08979624098136078,0.06843903194821674,0.08745583657027566,0.17288350270762887,0.13051086549294663
2018-06-27,风险平价策略,-1.0,0.0,0.0,0.0,0.0,0.4404571248034195,0.06817899516703244,0.07275130948561136,0.08980605856360022,0.06844425757336671,0.08745991791355505,0.17290233649341485,0.1305119127907162
2018-06-28,风险平价策略,-1.0,0.0,0.0,0.0,0.0,0.4416587016260086,0.06840052314765528,0.07295939147377074,0.0894483648540143,0.06866196677063571,0.08732052246865162,0.17155052965926373,0.1302229214973828
2018-06-29,风险平价策略,-1.0,0.0,0.0,0.0,0.0,0.4416560184560174,0.06840030007002092,0.07295719235828874,0.08945438094491787,0.06866256417669793,0.08731844610842024,0.17155109788563694,0.13022356994918233
2018-07-02,风险平价策略,-1.0,0.0,0.0,0.0,0.0,0.44321740720009595,0.06715359500082173,0.07040472431379581,0.08964866885236636,0.06908781564386103,0.08774814236076818,0.17273964662829086,0.13021250054410033
2018-07-03,风险平价策略,-1.0,0.0,0.0,0.0,0.0,0.43146795054616466,0.06908987389272359,0.07249003597826435,0.09214175168533464,0.07124146154861963,0.08642014139821795,0.17714878495067515,0.13273712799303475
2018-07-04,风险平价策略,-1.0,0.0,0.0,0.0,0.0,0.4340040473730616,0.06005968670975406,0.07347493257119798,0.09536860782762567,0.06722492002932248,0.08436662238304948,0.1855011831059887,0.1328482701888317
2018-07-05,风险平价策略,-1.0,0.0,0.0,0.0,0.0,0.43476262082308076,0.05836971737140629,0.07334870717638803,0.0951865291915492,0.06750566347962832,0.08460068789039465,0.18622607406755276,0.13286892588893462
2018-07-06,风险平价策略,-1.0,0.0,0.0,0.0,0.0,0.42358320390008175,0.058941832529742444,0.075644086774874,0.09803723625416878,0.06849268924185062,0.08259794050825135,0.19270301079103114,0.13540189319440296
2018-07-09,风险平价策略,-1.0,0.0,0.0,0.0,0.0,0.42163098411365635,0.0591624399077812,0.07592364560454441,0.09839284050926793,0.06877083831189985,0.0829627773486985,0.19315647420415158,0.13575697326369027
2018-07-10,风险平价策略,-1.0,0.0,0.0,0.0,0.0,0.4276629376746958,0.05896469682897891,0.0768213218807894,0.09957480680675017,0.0696235962182147,0.0800590302608029,0.1872936103297682,0.13447448920864605
2018-07-11,风险平价策略,-1.0,0.0,0.0,0.0,0.0,0.4323167530423194,0.051545225426329284,0.07318433467244619,0.09901278505446844,0.07119565503093443,0.08134931474165513,0.19139593203184704,0.13454570339635308
2018-07-12,风险平价策略,-1.0,0.0,0.0,0.0,0.0,0.43764796371674974,0.053682152423873704,0.07606720149138758,0.10267507048548931,0.06105645352251177,0.08098647808247178,0.18788468027751612,0.13182987545752334
2018-07-13,风险平价策略,-1.0,0.0,0.0,0.0,0.0,0.44247797064579464,0.05341768725837646,0.074943143755709,0.10103863906674634,0.06111114747904388,0.07835254597846265,0.18865886581586702,0.13134213146868237
2018-07-16,风险平价策略,-1.0,0.0,0.0,0.0,0.0,0.44251353621678113,0.05343083355234115,0.07484206685624617,0.10105751949029489,0.06111682670646144,0.07835401328084686,0.1886852038970283,0.13134154414788932
2018-07-17,风险平价策略,-1.0,0.0,0.0,0.0,0.0,0.4472067793481478,0.054587660383539134,0.07642561689641883,0.0976680201492631,0.05575406081065761,0.07986339014397731,0.18849447226799618,0.12974784968703812
2018-07-18,风险平价策略,-1.0,0.0,0.0,0.0,0.0,0.46061256442248194,0.05358435419939799,0.07716498659037875,0.10118153237198374,0.05752969501428782,0.08049020383511932,0.16943666356635043,0.1259515638418793
2018-07-19,风险平价策略,-1.0,0.0,0.0,0.0,0.0,0.4606384648842377,0.05358264446087965,0.07716765696628584,0.10117061632678456,0.057527207941770714,0.08048256290762482,0.1694308465124167,0.12594709136884033
2018-07-20,风险平价策略,-1.0,0.0,0.0,0.0,0.0,0.3924079322845046,0.059500489602170685,0.08602668764809819,0.1131697182653326,0.06495544804204073,0.09193819243548834,0.19200153172236484,0.13883153604459086
2018-07-23,风险平价策略,-1.0,0.0,0.0,0.0,0.0,0.39252587476378037,0.059516592706422185,0.08604749438580367,0.11325834565362704,0.06468312494560235,0.09187854460741501,0.19209002293734953,0.13878533676898183
2018-07-24,风险平价策略,-1.0,0.0,0.0,0.0,0.0,0.38168010609290026,0.06063563251448234,0.08765030544026217,0.11533765756968875,0.0659695022060893,0.09385568674607128,0.19487110943050573,0.14075054513540816
2018-07-25,风险平价策略,-1.0,0.0,0.0,0.0,0.0,0.3816977172913945,0.06064370914819254,0.08765210383935741,0.1152785932893178,0.06597470261805544,0.09386775684052569,0.19488541697315653,0.1407497638490068
2018-07-26,风险平价策略,-1.0,0.0,0.0,0.0,0.0,0.38176525407393225,0.06067189069692516,0.08742051494575487,0.11532853186555829,0.06598892987083614,0.09388926904717614,0.19493560949981711,0.1407487998665713
2018-07-27,风险平价策略,-1.0,0.0,0.0,0.0,0.0,0.3832136949440684,0.06078998409537828,0.08773458810396716,0.11575674922680543,0.06624505627215509,0.09290891020584748,0.19335101715177827,0.14043778243040164
2018-07-30,风险平价策略,-1.0,0.0,0.0,0.0,0.0,0.38284278056472365,0.059458780590643495,0.08811349012728308,0.1161486724399985,0.06638515154922305,0.09314029784397271,0.19391082688415573,0.1405744258868175
2018-07-31,风险平价策略,-1.0,0.0,0.0,0.0,0.0,0.3831465053445523,0.059551506357447874,0.08826325650178293,0.1151256214829735,0.06650521941041909,0.09322558731981437,0.19418230358300986,0.140572421909349
2018-08-01,风险平价策略,-1.0,0.0,0.0,0.0,0.0,0.3918364308637045,0.06111678942097138,0.08481505089563003,0.11879051984761964,0.060820629155792706,0.08525955197463796,0.19736102784164372,0.13914682447856103
2018-08-02,风险平价策略,-1.0,0.0,0.0,0.0,0.0,0.38964249452013106,0.06034192058744674,0.08330567596589616,0.12191880840888969,0.062157762003984145,0.08723208910710838,0.19540124940654383,0.13939388050008067
2018-08-03,风险平价策略,-1.0,0.0,0.0,0.0,0.0,0.39222229067658426,0.06038394391035234,0.08390234755415384,0.12264040209191474,0.062645758544331,0.08470224816645307,0.1935030090562107,0.13897900978842492
2018-08-06,风险平价策略,-1.0,0.0,0.0,0.0,0.0,0.39144455222489216,0.06045535981153744,0.08400808351098366,0.12278622690837575,0.06272456546784945,0.08481725199313904,0.19376396008322244,0.13912593584377175
2018-08-07,风险平价策略,-1.0,0.0,0.0,0.0,0.0,0.38635303262495846,0.06421437790070376,0.08927939320144675,0.10135988222673431,0.06678959649032977,0.08877045607678656,0.2032332614790404,0.14126715255153197
2018-08-08,风险平价策略,-1.0,0.0,0.0,0.0,0.0,0.37244461482294305,0.06721297886997717,0.09309895446403815,0.10702379352522425,0.06057369193016914,0.09382794573083128,0.20581802065681684,0.14236532974987506
2018-08-09,风险平价策略,-1.0,0.0,0.0,0.0,0.0,0.36108792547738344,0.06986107329461255,0.09686269459880772,0.10118179057671771,0.06089839675850865,0.09529317588614734,0.21481494340782256,0.14492768938003608
2018-08-10,风险平价策略,-1.0,0.0,0.0,0.0,0.0,0.36560879093860227,0.0690134148026226,0.08982710901042501,0.10317582753711654,0.05840313751932519,0.09693638089586207,0.21703533929604638,0.1441552227904016
2018-08-13,风险平价策略,-1.0,0.0,0.0,0.0,0.0,0.35524809599931856,0.07141809737701559,0.09299664475032615,0.10671855902441486,0.06081823039702053,0.08668600493694681,0.2261143675149574,0.1473727534475459
2018-08-14,风险平价策略,-1.0,0.0,0.0,0.0,0.0,0.36421231426774836,0.07222060132333949,0.09561137554451861,0.10961533005009155,0.06257751794508412,0.08901445719530299,0.20674840367391495,0.14407926847057906
2018-08-15,风险平价策略,-1.0,0.0,0.0,0.0,0.0,0.350615342509057,0.06673025602799379,0.09210285625483128,0.11736423591652549,0.061857257446179474,0.09478877187175193,0.21654127997366102,0.14687902275251805
2018-08-16,风险平价策略,-1.0,0.0,0.0,0.0,0.0,0.3504180345388768,0.06664087945673855,0.10454051485966435,0.1479541049784173,0.06059882692674819,0.0938554949179662,0.17599214432158855,0.14217231116636717
2018-08-17,风险平价策略,-1.0,0.0,0.0,0.0,0.0,0.3479669504110716,0.0690354381058982,0.10641473272972717,0.14235431575304622,0.06226818471133436,0.09440762431497159,0.17755275397395087,0.14288501615327426
2018-08-20,风险平价策略,-1.0,0.0,0.0,0.0,0.0,0.35005468091654574,0.06931845918690507,0.10687116499974067,0.14278668906387063,0.061129019069062006,0.09121671712218898,0.17862326964168693,0.14264941886129173
2018-08-21,风险平价策略,-1.0,0.0,0.0,0.0,0.0,0.35006276023052585,0.06931575222853369,0.10686520379148423,0.14278291800306003,0.0611288136593054,0.09121703788886679,0.17862751419822392,0.14264875730151932
2018-08-22,风险平价策略,-1.0,0.0,0.0,0.0,0.0,0.35060294761422345,0.06864175203827601,0.1063624271878387,0.14303031150619536,0.061249805188427604,0.09135977153094584,0.17875298493409314,0.14260843906345302
2018-08-23,风险平价策略,-1.0,0.0,0.0,0.0,0.0,0.3619270441897295,0.0681424191971284,0.1079612004733473,0.13581735913365817,0.06321882221897597,0.07906167896609086,0.18387147582106989,0.14230576091030495
2018-08-24,风险平价策略,-1.0,0.0,0.0,0.0,0.0,0.36269019289381893,0.06978898917460229,0.11071969176546688,0.1229150913607123,0.06480665090914171,0.08100036200013207,0.18807902189612571,0.14277451078593537
2018-08-27,风险平价策略,-1.0,0.0,0.0,0.0,0.0,0.36591212800703166,0.07078578335979918,0.10949027686725332,0.12432972593701364,0.06527972521566228,0.0734414584995461,0.1907609021136938,0.1429779805115837
2018-08-28,风险平价策略,-1.0,0.0,0.0,0.0,0.0,0.3659307229781322,0.07072724720792427,0.10949804164409206,0.12433436828518471,0.06528641295192683,0.07344526324958546,0.19077794368315468,0.14297851749760332
2018-08-29,风险平价策略,-1.0,0.0,0.0,0.0,0.0,0.37271169709034235,0.07230060627950434,0.10733438228931583,0.12296901358524301,0.06495762346711016,0.0747047203785022,0.18502195690998213,0.14126832400123665
2018-08-30,风险平价策略,-1.0,0.0,0.0,0.0,0.0,0.3727587966237704,0.07229432939683815,0.10735785709943434,0.12285931665538034,0.06496662095617077,0.07471595853365719,0.18504712073474874,0.14126499070749224
2018-08-31,风险平价策略,-1.0,0.0,0.0,0.0,0.0,0.3737639070413081,0.07190978841822154,0.10649060462094506,0.12245818129647258,0.0651734240998473,0.0745597974447123,0.18564429707849317,0.14123472394444153
2018-09-03,风险平价策略,-1.0,0.0,0.0,0.0,0.0,0.36860811543032024,0.07160835553853226,0.10800370658392942,0.1263810278832039,0.0660491111546222,0.07703612779985569,0.1823135556095363,0.14163611531962705
2018-09-04,风险平价策略,-1.0,0.0,0.0,0.0,0.0,0.3766776078032159,0.07255102279040627,0.10957065754669601,0.10789458873445971,0.07124437049189007,0.08006285301004175,0.18199889962329044,0.1410645504771065
2018-09-05,风险平价策略,-1.0,0.0,0.0,0.0,0.0,0.37593839288184144,0.07273042604830289,0.104443929961893,0.10712058909087141,0.07146076764854253,0.0814383582628278,0.1868675361057208,0.14173419926042857
2018-09-06,风险平价策略,-1.0,0.0,0.0,0.0,0.0,0.37595761298790986,0.0727328297376082,0.10444610281925576,0.10711812922388998,0.07141672330026079,0.08144603305887654,0.18688256887219876,0.14172610653981033
2018-09-07,风险平价策略,-1.0,0.0,0.0,0.0,0.0,0.37608141940424256,0.07346730689725048,0.10456578892763323,0.10419617265573719,0.0707840391907892,0.0821657974634714,0.188739475460876,0.1417801795089119
2018-09-10,风险平价策略,-1.0,0.0,0.0,0.0,0.0,0.3682017013171052,0.07466958961867141,0.10655318808640844,0.10650990560445094,0.07248168189944529,0.08397712359915256,0.18760680987476597,0.14294844195914386
2018-09-11,风险平价策略,-1.0,0.0,0.0,0.0,0.0,0.35758734621962757,0.07911748336472892,0.11334076302935109,0.0857725712033535,0.07654038490645093,0.08866194090799527,0.19897951036849268,0.14604757857439524
2018-09-12,风险平价策略,-1.0,0.0,0.0,0.0,0.0,0.3599828243421177,0.07908842340751245,0.10894925134036221,0.08637298500175164,0.07722110427630681,0.08895355941106677,0.1994318522208823,0.14588464073221458
2018-09-13,风险平价策略,-1.0,0.0,0.0,0.0,0.0,0.36757090985391866,0.08069644881718183,0.10812571004138549,0.08505804749938399,0.07676216688375362,0.07841201325201712,0.20337470365235924,0.145563058386838
2018-09-14,风险平价策略,-1.0,0.0,0.0,0.0,0.0,0.3740966137501594,0.07987137648332211,0.10976584963965108,0.07830385091567882,0.07253023464166405,0.07931613164775934,0.20611594292176524,0.14423926239673057
2018-09-17,风险平价策略,-1.0,0.0,0.0,0.0,0.0,0.38259807682162933,0.07812499496585192,0.10561775587346982,0.07970345599857666,0.0743579186460422,0.08097145013587291,0.1986263475585572,0.14244957937538325
2018-09-18,风险平价策略,-1.0,0.0,0.0,0.0,0.0,0.3779334932952385,0.07963419483860315,0.10761596172054026,0.076437072972041,0.07329643763241621,0.08249397867763868,0.2025888608635222,0.14330662309934333
2018-09-19,风险平价策略,-1.0,0.0,0.0,0.0,0.0,0.3744339119321373,0.08018365984752439,0.10833060379161055,0.07618599648671848,0.07385576549549948,0.08295268806997338,0.20405737437653645,0.14402850861639374
2018-09-20,风险平价策略,-1.0,0.0,0.0,0.0,0.0,0.3650285691042038,0.07998897775407814,0.11025054791658198,0.07760385086593255,0.07517181467711902,0.08402431367359443,0.20793192600849014,0.14595577373874186
2018-09-21,风险平价策略,-1.0,0.0,0.0,0.0,0.0,0.36520276538688273,0.0800235744912805,0.11030200579654316,0.07764282340876807,0.07471270020568539,0.08406293290523272,0.20805319780560758,0.14587258268928413
2018-09-25,风险平价策略,-1.0,0.0,0.0,0.0,0.0,0.3719310699068024,0.08168839562371237,0.10804534126776022,0.07529959172977792,0.07609411118795868,0.0853124536633933,0.20162903662059511,0.14435347005452248
2018-09-26,风险平价策略,-1.0,0.0,0.0,0.0,0.0,0.3721164535920017,0.08178565032250047,0.10742419876569997,0.0753503742515626,0.07615039819858996,0.08536950992112644,0.20180341494851883,0.14435717071555826
2018-09-27,风险平价策略,-1.0,0.0,0.0,0.0,0.0,0.3791730054714793,0.08063242367305389,0.10126629055583376,0.07669607117895537,0.07779877612569974,0.08696875021537473,0.19746468277960316,0.14311310858034296
2018-09-28,风险平价策略,-1.0,0.0,0.0,0.0,0.0,0.3864525969042261,0.08257718067595865,0.1016256654941589,0.07796941633764061,0.07939163422834451,0.08847282491974778,0.1835106814399234,0.1406783520830394
2018-10-08,风险平价策略,-1.0,0.0,0.0,0.0,0.0,0.3848099434383296,0.08244429831793679,0.10196006453639984,0.07824457439445107,0.07964743422746323,0.08875278347761616,0.18414090160780325,0.14101101754477205
2018-10-09,风险平价策略,-1.0,0.0,0.0,0.0,0.0,0.385254257313989,0.08256113811629953,0.10211081048404211,0.07832361561926407,0.07975253826377073,0.08884777012821313,0.1831498700744215,0.14084686884609166
2018-10-10,风险平价策略,-1.0,0.0,0.0,0.0,0.0,0.38610129393349313,0.08303581732218543,0.09921118080601611,0.07855987646582666,0.08001397174933522,0.08911245915867456,0.18396540056446908,0.1408666338565064
2018-10-11,风险平价策略,-1.0,0.0,0.0,0.0,0.0,0.42023621829522817,0.07406971070534128,0.08639952632290811,0.0712600683417435,0.056136363441295016,0.09050520255876962,0.20139291033471443,0.1344145225275715
2018-10-12,风险平价策略,-1.0,0.0,0.0,0.0,0.0,0.42095525178221643,0.07481430086970503,0.08727292333030312,0.07119007454354145,0.05652064792090578,0.08591262727420151,0.20333417427912656,0.13474896751745025
2018-10-15,风险平价策略,-1.0,0.0,0.0,0.0,0.0,0.4163419797160601,0.07501499864186642,0.08466378057763507,0.07210388778112381,0.057669094234430035,0.08662939560124744,0.20757686344763723,0.136052268439331
2018-10-16,风险平价策略,-1.0,0.0,0.0,0.0,0.0,0.42425771448398014,0.07287892705000677,0.08671828110098867,0.06726478027104454,0.052906200898132506,0.08666888857341447,0.20930520762243307,0.1343794067485639
2018-10-17,风险平价策略,-1.0,0.0,0.0,0.0,0.0,0.4240762390565971,0.07361513343396754,0.08755935259761821,0.06674011909002879,0.053429991243949336,0.08744440387657165,0.2071347607012673,0.1341987466851465
2018-10-18,风险平价策略,-1.0,0.0,0.0,0.0,0.0,0.4383436506928935,0.07478116526881144,0.08120332362820175,0.05635944358631886,0.04954098048367586,0.08677756245643763,0.2129938738836609,0.13226969646205688
2018-10-19,风险平价策略,-1.0,0.0,0.0,0.0,0.0,0.4322944097893241,0.07575474735544253,0.08220177771747599,0.05653255347880339,0.04967696850982706,0.08785774111655492,0.21568180203257226,0.13339997918521368
2018-10-22,风险平价策略,-1.0,0.0,0.0,0.0,0.0,0.4251221499280531,0.07872390327459215,0.08536129878978974,0.05711682985976847,0.05173785686454482,0.08061709583643836,0.2213208654468132,0.1355977261351621
2018-10-23,风险平价策略,-1.0,0.0,0.0,0.0,0.0,0.4260170786655279,0.07712550474597063,0.08574946476204617,0.0573064461267683,0.05109478029656869,0.08077771277572729,0.22192901262739104,0.13544407382088752
2018-10-24,风险平价策略,-1.0,0.0,0.0,0.0,0.0,0.4276487947170276,0.07779499322858614,0.08641365256432654,0.057117994576187735,0.04724775894026173,0.08115722311964561,0.2226195828539647,0.13467786733829143
2018-10-25,风险平价策略,-1.0,0.0,0.0,0.0,0.0,0.43361477260134845,0.07355334140434372,0.08791758605793547,0.05262237282483361,0.04814924836073702,0.07932800132321771,0.22481467742758404,0.13429003041639778
2018-10-26,风险平价策略,-1.0,0.0,0.0,0.0,0.0,0.43426953927313955,0.0737110507982522,0.08709696873216465,0.052706026988487385,0.048233361474532645,0.0794429319759262,0.22454012075749746,0.1341795368355582
2018-10-29,风险平价策略,-1.0,0.0,0.0,0.0,0.0,0.4382648259824166,0.0743033381221074,0.08779165813999186,0.053122509484272586,0.04809676000270369,0.07610623973432455,0.22231466853418333,0.13345552821972134
2018-10-30,风险平价策略,-1.0,0.0,0.0,0.0,0.0,0.44286150653203094,0.07535889451172365,0.08551922268335406,0.054126865345703545,0.049022465888143185,0.07325394521779235,0.2198570998212525,0.13278379343575236
2018-10-31,风险平价策略,-1.0,0.0,0.0,0.0,0.0,0.4696235468990098,0.0718065648017159,0.08387274792418443,0.057373523184988263,0.04869090964349725,0.07706179942605475,0.19157090812054953,0.1256417569351274
2018-11-01,风险平价策略,-1.0,0.0,0.0,0.0,0.0,0.48227588182240216,0.07014356622894376,0.0814510655447643,0.05434319363192527,0.04437476831364954,0.07070612930115376,0.19670539515716137,0.12401961436030368
2018-11-02,风险平价策略,-1.0,0.0,0.0,0.0,0.0,0.42207669795841535,0.08552587888835884,0.09896636375668262,0.05763914136331308,0.0455468900198938,0.05346359162467737,0.2367814363886588,0.1376934042103288
2018-11-05,风险平价策略,-1.0,0.0,0.0,0.0,0.0,0.4224173339721941,0.08552790430642535,0.09816616142020847,0.05771146030666191,0.045527863495864275,0.0535118504533804,0.23713742604526547,0.13768636828798914
2018-11-06,风险平价策略,-1.0,0.0,0.0,0.0,0.0,0.42297099021097206,0.08527694935982384,0.09832834525878931,0.05709296414586841,0.04542721687387846,0.05359039038917422,0.23731314376149354,0.137608066202502
2018-11-07,风险平价策略,-1.0,0.0,0.0,0.0,0.0,0.4264182661785399,0.08440334863703292,0.09928690706040803,0.05372349050610961,0.04380004145126961,0.05409110748273533,0.2382768386839045,0.1369492630207478
2018-11-08,风险平价策略,-1.0,0.0,0.0,0.0,0.0,0.4317610133953745,0.08461955093571306,0.10042803446662274,0.0542124442697551,0.04425858329356515,0.05272548518740218,0.23199488845156735,0.13559338301985846
2018-11-09,风险平价策略,-1.0,0.0,0.0,0.0,0.0,0.4333876075528128,0.08574601646192767,0.10165298630348135,0.05251643560369267,0.04335143270579091,0.05406615716235705,0.2292793642099376,0.13484560555965558
2018-11-12,风险平价策略,-1.0,0.0,0.0,0.0,0.0,0.4423440563320663,0.08642125151988654,0.1036718904235526,0.054123842217612655,0.044809188243498756,0.05552439698674295,0.21310537427664009,0.13190117393990147
2018-11-13,风险平价策略,-1.0,0.0,0.0,0.0,0.0,0.4515189587884863,0.08866591530037717,0.10403217147718594,0.05419237888229716,0.04158432794053497,0.05531199339395783,0.20469425421716048,0.12914430752710343
2018-11-14,风险平价策略,-1.0,0.0,0.0,0.0,0.0,0.4662644983509041,0.08676863996785612,0.09850478877314638,0.04870669592290245,0.03695161178286058,0.05269458543477686,0.21010917976755358,0.1270858815761778
2018-11-15,风险平价策略,-1.0,0.0,0.0,0.0,0.0,0.4666802680628602,0.08679894793726985,0.09855178397889003,0.04875956765466374,0.03673654796672656,0.05231687621459384,0.2101560081849957,0.12701282185849844
2018-11-16,风险平价策略,-1.0,0.0,0.0,0.0,0.0,0.4667068243957467,0.0868194600048672,0.0984704119139354,0.04876557236319305,0.036738527250161725,0.05232002662824855,0.21017917744384737,0.12701229928464625
2018-11-19,风险平价策略,-1.0,0.0,0.0,0.0,0.0,0.4625613129794295,0.0876228113885117,0.09936062377120222,0.049303280015281906,0.03702515407120445,0.05191536670976825,0.21221145106460204,0.12787919332578176
2018-11-20,风险平价策略,-1.0,0.0,0.0,0.0,0.0,0.4608102813797073,0.08808430760360973,0.09565314221042957,0.04683216059840185,0.0364989226577004,0.05367511736065076,0.21844606818950033,0.12870203590687612
2018-11-21,风险平价策略,-1.0,0.0,0.0,0.0,0.0,0.4676653462417485,0.08749999085957734,0.09788089690215673,0.04260391764175496,0.033120546486099293,0.05468706190277567,0.21654223996588748,0.1269349618103806
2018-11-22,风险平价策略,-1.0,0.0,0.0,0.0,0.0,0.4525205107727337,0.090575572491985,0.10120464194647294,0.042487919964055425,0.033621798435820104,0.055964976448949176,0.22362457993998383,0.12987009829438234
2018-11-23,风险平价策略,-1.0,0.0,0.0,0.0,0.0,0.45904204825795075,0.0894007468184949,0.10075600270543636,0.03968741572734321,0.03213654374455052,0.053709147663975734,0.22526809508224854,0.1289889416215287
2018-11-26,风险平价策略,-1.0,0.0,0.0,0.0,0.0,0.4444733726296694,0.09282167447440272,0.10686686554568998,0.04054876029383087,0.03047934880771168,0.05013311543696172,0.2346768628117336,0.13193550818146602
2018-11-27,风险平价策略,-1.0,0.0,0.0,0.0,0.0,0.4506078008423809,0.08981399353981909,0.10663422092731287,0.03966492939252007,0.030936167608647216,0.05065671700415242,0.23168617068516753,0.13079702196968288
2018-11-28,风险平价策略,-1.0,0.0,0.0,0.0,0.0,0.45660522979092144,0.09159176590089893,0.10498553770070666,0.04018898681886364,0.03137670226871648,0.05131419045489097,0.22393758706500183,0.12911354094356237
2018-11-29,风险平价策略,-1.0,0.0,0.0,0.0,0.0,0.45787947554783953,0.09203203672570677,0.10444218915127926,0.040064330908451,0.0296459590842458,0.05157995679774492,0.22435605178473272,0.1287055950738411
2018-11-30,风险平价策略,-1.0,0.0,0.0,0.0,0.0,0.45122586909916446,0.09402295874181135,0.10283782750171612,0.04089470818917327,0.030245890963278132,0.05252466215872331,0.22824808334613322,0.1301468274444033
2018-12-03,风险平价策略,-1.0,0.0,0.0,0.0,0.0,0.45327697762339825,0.09456892022927524,0.1034259886101343,0.04105782961313217,0.030376159165931584,0.05274983644265536,0.22454428831547316,0.12944119128809875
2018-12-04,风险平价策略,-1.0,0.0,0.0,0.0,0.0,0.45724607513703996,0.08905201935204181,0.10406693355252045,0.041462298477197235,0.030662143213791397,0.050937048099939486,0.2265734821674695,0.12925305217257635
2018-12-05,风险平价策略,-1.0,0.0,0.0,0.0,0.0,0.45759844281346945,0.08741361289039672,0.10172274642344045,0.04207837009907608,0.03013263901573067,0.05153832282275006,0.22951586593513668,0.12946197039122323
2018-12-06,风险平价策略,-1.0,0.0,0.0,0.0,0.0,0.46163418567710146,0.08496131891594613,0.09711993753316153,0.04170132645440224,0.03015657877050998,0.05191104888455155,0.23251560376432726,0.12926599178659967
2018-12-07,风险平价策略,-1.0,0.0,0.0,0.0,0.0,0.46167594985228216,0.08510326504079775,0.09727041788020778,0.04183089459804158,0.029537115537329302,0.0518765953434683,0.23270576174787314,0.12918638775133576
2018-12-10,风险平价策略,-1.0,0.0,0.0,0.0,0.0,0.465755747820027,0.08327007881674993,0.09783088188842998,0.03927328920137618,0.029913752036474825,0.05032922775254995,0.23362702248439213,0.12882727312769665
2018-12-11,风险平价策略,-1.0,0.0,0.0,0.0,0.0,0.46633904604630383,0.0844039205366134,0.09914871817122052,0.03861437513434178,0.029071423199029167,0.05104425027176715,0.23137826664072422,0.12831586473567097
2018-12-12,风险平价策略,-1.0,0.0,0.0,0.0,0.0,0.4733274034850177,0.08598256774889065,0.09835797256075722,0.03916226749506007,0.029520788442631684,0.051751340062780996,0.22189766020486168,0.12629092837799427
2018-12-13,风险平价策略,-1.0,0.0,0.0,0.0,0.0,0.41293485611687875,0.09668620207368366,0.11078639369808636,0.04437817479685945,0.032605732928613594,0.05948305530017687,0.24312558508570142,0.13730507199204703
2018-12-14,风险平价策略,-1.0,0.0,0.0,0.0,0.0,0.4111351201286868,0.09328850048723202,0.11298978973046855,0.04616870097723972,0.033792645283042544,0.057590605201400705,0.24503463819192978,0.13804170746467606
2018-12-17,风险平价策略,-1.0,0.0,0.0,0.0,0.0,0.39801088612315555,0.09573984780295514,0.11591700326583664,0.04748014221779531,0.03413598964627376,0.058690084818354686,0.250026046125629,0.14044751312948062
2018-12-18,风险平价策略,-1.0,0.0,0.0,0.0,0.0,0.39958797704661814,0.09345667706865785,0.1167480093641554,0.04755423442375566,0.03255888513264323,0.05905145044174,0.2510427665224298,0.14009417553360642
2018-12-19,风险平价策略,-1.0,0.0,0.0,0.0,0.0,0.4075062904108606,0.08234190266378269,0.11367687939853001,0.04785009028828295,0.029572551639745745,0.06081200863405291,0.2582402769647451,0.1393612329365238
2018-12-20,风险平价策略,-1.0,0.0,0.0,0.0,0.0,0.40914152881445554,0.08269655016681772,0.11415128685882277,0.04744238825051598,0.02960869312329169,0.06058344757280819,0.2563761052132881,0.13892533759069067
2018-12-21,风险平价策略,-1.0,0.0,0.0,0.0,0.0,0.40209405484544036,0.08458209468390872,0.11652403187775105,0.04592232609237888,0.029032930138807606,0.06081001344328155,0.2610345489184318,0.14032164014591195
2018-12-24,风险平价策略,-1.0,0.0,0.0,0.0,0.0,0.3992414213178503,0.08286963945460603,0.11898084078392664,0.044136849230413035,0.029023398301717532,0.05960652572446725,0.2661413251870192,0.14133628359337744
2018-12-25,风险平价策略,-1.0,0.0,0.0,0.0,0.0,0.4037042888831885,0.08328617337069613,0.12077102718235638,0.040446400740832035,0.024227499629544253,0.06063602891112624,0.26692858128225644,0.13999313383544196
2018-12-26,风险平价策略,-1.0,0.0,0.0,0.0,0.0,0.40369642860938226,0.08328925002999246,0.12077507046725443,0.040448728434370355,0.024226553211463848,0.060637315140944406,0.2669266541065923,0.1399937969744741
2018-12-27,风险平价策略,-1.0,0.0,0.0,0.0,0.0,0.4154310275411315,0.0865139184424419,0.11405884930617712,0.04156342007975434,0.024916814109766566,0.061369232237342315,0.25614673828338624,0.13721566736719354
2018-12-28,风险平价策略,-1.0,0.0,0.0,0.0,0.0,0.41714481521329083,0.08721272235226353,0.11178582840769374,0.039969777862844724,0.02479326853243403,0.0617368874079087,0.2573567002235644,0.1370827680946141
2019-01-02,风险平价策略,-1.0,0.0,0.0,0.0,0.0,0.42631525403070836,0.08007240527450563,0.09833741916588032,0.03991965000781421,0.02429754937792779,0.06365050311986856,0.2674072190232951,0.13691359629560032
2019-01-03,风险平价策略,-1.0,0.0,0.0,0.0,0.0,0.4276903336092168,0.0786545021637242,0.09603510058041838,0.040145668119624466,0.024441815237108307,0.06392442307041493,0.2691081572194929,0.136949198256116
2019-01-04,风险平价策略,-1.0,0.0,0.0,0.0,0.0,0.4197245257870315,0.07897739564522893,0.09777331043119451,0.04086880019828776,0.024885930565325558,0.06522799637251629,0.2725420410004155,0.1384758309400601
2019-01-07,风险平价策略,-1.0,0.0,0.0,0.0,0.0,0.42906013805453197,0.08089132913110558,0.10057120689894661,0.04171794475918019,0.02541228111411635,0.0666604200805524,0.25568667996156696,0.13524261478146007
2019-01-08,风险平价策略,-1.0,0.0,0.0,0.0,0.0,0.4412829106077568,0.08248144739686628,0.09965768287874324,0.04288661503835393,0.025818103975100707,0.06590834671448385,0.24196489338869523,0.1320451066595614
2019-01-09,风险平价策略,-1.0,0.0,0.0,0.0,0.0,0.4371986040423091,0.08453106094782514,0.10229060849124928,0.04391647382555979,0.026440393971045383,0.0674693592352093,0.2381534994868021,0.13220215538927113
2019-01-10,风险平价策略,-1.0,0.0,0.0,0.0,0.0,0.4216278369284152,0.08598909817288834,0.10229334135420437,0.045550295427624,0.027424314256475235,0.06972812057310351,0.24738699328728928,0.13551823082725784
2019-01-11,风险平价策略,-1.0,0.0,0.0,0.0,0.0,0.4406187236795129,0.08669329725154369,0.10567849460602886,0.047331036120155955,0.028460798018830634,0.06586083836822973,0.2253568119556983,0.13061050263111715
2019-01-14,风险平价策略,-1.0,0.0,0.0,0.0,0.0,0.4291698711574884,0.08502934742446822,0.10317293769655454,0.051965033355235064,0.02768563624685092,0.05871689086804715,0.2442602832513556,0.1345611467909088
2019-01-15,风险平价策略,-1.0,0.0,0.0,0.0,0.0,0.42947503913618756,0.08545727529245374,0.10373578383614512,0.05219728787563109,0.027811139635156013,0.059040374451131576,0.2422830997732949,0.1342953856762574
2019-01-16,风险平价策略,-1.0,0.0,0.0,0.0,0.0,0.4306584479035277,0.08564041830423846,0.10387521054514146,0.05197403779946564,0.027877605900477977,0.057313481111467585,0.24266079843568106,0.13424115823403257
2019-01-17,风险平价策略,-1.0,0.0,0.0,0.0,0.0,0.4307106272043688,0.08565348905673942,0.1038742007128246,0.05187776119939589,0.02788528185122194,0.05731825078317399,0.24268038919227541,0.13423658721517753
2019-01-18,风险平价策略,-1.0,0.0,0.0,0.0,0.06406043531970342,0.40062718207223214,0.07709354266458997,0.09327741613428586,0.047328391611536895,0.02580751166242413,0.054772409139043104,0.2370331113961845,0.19112938296427362
2019-01-21,风险平价策略,-1.0,0.0,0.0,0.0,0.0659383453270254,0.4018019300783921,0.07905026349041716,0.0965918293068464,0.048705966573717216,0.02657421743254373,0.056724520586709216,0.22461292720434875,0.19113569961598315
2019-01-22,风险平价策略,-1.0,0.0,0.0,0.0,0.0660379309254835,0.4052379806721723,0.07782063821516609,0.09156128657421891,0.04913233620111515,0.026419217267636234,0.0568834950649672,0.2269071150792406,0.1910054816690557
2019-01-23,风险平价策略,-1.0,0.0,0.0,0.0,0.06738044475885353,0.39418586762453345,0.07937917017765998,0.09333118617598615,0.04930611770844689,0.026815123539842837,0.058180265026848255,0.2314218249878289,0.1941931734593183
2019-01-24,风险平价策略,-1.0,0.0,0.0,0.0,0.06761636591441252,0.39528805044798154,0.07860309426679046,0.09369814523370917,0.049501810665642444,0.026511419167614018,0.05836720250353163,0.23041391180031817,0.1940693590720359
2019-01-25,风险平价策略,1.0,0.3,0.15,0.15,0.0480771575718884,0.27316226250659875,0.05596494011324208,0.06594729678389004,0.03520396604546986,0.018858467581524888,0.040999526352923844,0.16178638304446208,0.17906168157024183
2019-01-28,风险平价策略,1.0,0.3,0.15,0.15,0.04847930032219546,0.27447329863747455,0.056391998987164356,0.06531866331570023,0.03365631771149925,0.018417762844657636,0.04103252633003931,0.16223013185126917,0.17918876221909646
2019-01-29,风险平价策略,1.0,0.3,0.15,0.15,0.048676805456242415,0.2754040891356187,0.05668191624462781,0.0640473356379758,0.033795188892572284,0.01830546973523947,0.04030821867695469,0.16278097622076879,0.17930026218268275
2019-01-30,风险平价策略,1.0,0.3,0.15,0.15,0.04864619222509935,0.27546247502089205,0.05669141746280954,0.06404813505048956,0.03379829131800082,0.01830485934111332,0.04024215584092701,0.16280647374066826,0.17927163992267353
2019-01-31,风险平价策略,1.0,0.3,0.15,0.15,0.048654049985822116,0.2754161965099383,0.05669500142364657,0.0640641613324962,0.03379562157744974,0.018306498155302203,0.04024288832563836,0.16282558268970646,0.17928699465286738
2019-02-01,风险平价策略,1.0,0.3,0.15,0.15,0.04901347157482273,0.27272144625233125,0.05713628483747348,0.06453261758092461,0.03410350853176445,0.018059257558771552,0.04047018064104417,0.16396323302286775,0.18004591971702028
2019-02-11,风险平价策略,1.0,0.3,0.15,0.15,0.0501775251918109,0.27699796245668096,0.05792997981550556,0.058013648554802844,0.03417347668982104,0.018415326908412494,0.0412204799836306,0.16307160039933563,0.1803745609501248
2019-02-12,风险平价策略,1.0,0.3,0.15,0.15,0.050268049843155284,0.2764912204208582,0.05786735688750517,0.05810912205693925,0.03423671084538077,0.0183997803541341,0.04129683918607669,0.16333092040595054,0.1805459843496816
2019-02-13,风险平价策略,1.0,0.3,0.15,0.15,0.051906071964809626,0.2762145397477601,0.0596452858639851,0.05933096221438444,0.030127358871964778,0.01915786956810871,0.04264720958719965,0.16097070218178758,0.18171573827830803
2019-02-14,风险平价策略,1.0,0.3,0.15,0.15,0.05323880915793021,0.26889059723233516,0.061638042639720315,0.06128877678343302,0.03100903979075437,0.019791510230700804,0.043099440256242,0.1610437839088841,0.18392937196249465
2019-02-15,风险平价策略,1.0,0.3,0.15,0.15,0.04779952689279249,0.27337134213151165,0.060323328213861264,0.06257630460597555,0.030845607218647094,0.020280987839356397,0.04157167650989197,0.16323122658796352,0.17914048242393396
2019-02-18,风险平价策略,1.0,0.3,0.15,0.15,0.04817608936356608,0.26997480679790514,0.06080283258124932,0.06306888469829891,0.031101128888170557,0.02045083177387019,0.04172667455103586,0.16469875134590384,0.18011651044535662
2019-02-19,风险平价策略,1.0,0.3,0.15,0.15,0.04810592526019128,0.2700769141236947,0.06086411052210002,0.06288684646838327,0.031077094413707484,0.020464161844259494,0.041746118789440186,0.16477882857822343,0.18005470651678407
2019-02-20,风险平价策略,1.0,0.3,0.15,0.15,0.04831976901197678,0.2716093790488802,0.0611644143337656,0.06309154127930926,0.030921753513637344,0.020186332279315378,0.03941608341613207,0.16529072711698334,0.18011277524984254
2019-02-21,风险平价策略,1.0,0.3,0.15,0.15,0.04742272975779962,0.2793344799517654,0.06259470062273345,0.06506482887086643,0.031730436807038596,0.020664024818156247,0.04052321088463267,0.15266558828700752,0.17685266080994066
2019-02-22,风险平价策略,1.0,0.3,0.15,0.15,0.049559258746426124,0.2763921463812213,0.06552827902092169,0.06822659453694478,0.03277942765431998,0.021516718088385574,0.04257062026098975,0.14342695531079078,0.17802142278568317
2019-02-25,风险平价策略,1.0,0.3,0.15,0.15,0.05227844044633977,0.25800329285592677,0.06933553918758792,0.07195749054868929,0.03479605363572731,0.021581596935397022,0.04278363755591862,0.14926394883441332,0.18351262621884815
2019-02-26,风险平价策略,1.0,0.3,0.15,0.15,0.05198878522936515,0.2426360940659614,0.06929594111424907,0.07373917624741469,0.036137205598701795,0.020163044997813826,0.047561078523376085,0.158478674223118,0.18609277470047206
2019-02-27,风险平价策略,1.0,0.3,0.15,0.15,0.052688704998611544,0.24629009542401498,0.06902173780230209,0.07464515603534447,0.03516650600107276,0.020471178982689634,0.04429541601808406,0.15742120473788043,0.1861980851018359
2019-02-28,风险平价策略,1.0,0.3,0.15,0.15,0.05338911555871898,0.24558802131869617,0.07162499260016233,0.07702775929043149,0.036350668273514936,0.021202891844834978,0.04600394470896739,0.14881260640467373,0.18592583799650053
2019-03-01,风险平价策略,1.0,0.3,0.15,0.15,0.05424253450288033,0.2424679916533224,0.07276960196053807,0.07829947605269819,0.03693268597814569,0.02155042443557507,0.04680357726749567,0.14693370814934462,0.18687588253859092
2019-03-04,风险平价策略,1.0,0.3,0.15,0.15,0.059724200353851196,0.2716207848503971,0.067815593578055,0.08662506388419283,0.040600702721563665,0.020299197665016554,0.04419661480139272,0.10911784214553089,0.1829216436094716
2019-03-05,风险平价策略,1.0,0.3,0.15,0.15,0.06104451338204728,0.2765091593636719,0.06822323276164974,0.08008053927749408,0.041352644234985435,0.020546431617748124,0.0450342193262474,0.10720926003615601,0.18316369485256487
2019-03-06,风险平价策略,1.0,0.3,0.15,0.15,0.06114115567583819,0.27680469029088783,0.06825097732708386,0.07938083019895678,0.04140696521860635,0.020575270574203303,0.04508568954801747,0.1073544211664062,0.18322601037602104
2019-03-07,风险平价策略,1.0,0.3,0.15,0.15,0.0605428167530505,0.2806430727245946,0.06762968208782202,0.07958950188374346,0.041125356179953165,0.020914216758834377,0.04578782191736766,0.1037675316946342,0.18180514864379027
2019-03-08,风险平价策略,1.0,0.3,0.15,0.15,0.044228415851264274,0.29063178247847304,0.06821416410962516,0.08353031790448852,0.038058747032552714,0.021381114159797772,0.04710951841044938,0.10684594005334906,0.1671263716704497
2019-03-11,风险平价策略,1.0,0.3,0.15,0.15,0.0443043111703714,0.28989099295993853,0.06834375376637133,0.08368403874844911,0.0381036306666366,0.02142224553532742,0.04719829504335943,0.10705273210954616,0.1673193119276838
2019-03-12,风险平价策略,1.0,0.3,0.15,0.15,0.04434233814578941,0.29038865294766025,0.0684604191947986,0.08376623536002696,0.038146348543353394,0.021451858334743678,0.04687958161989107,0.10656456585373658,0.16724021716737314
2019-03-13,风险平价策略,1.0,0.3,0.15,0.15,0.04428053539493504,0.2909992201426737,0.06807107235485811,0.08402575626389436,0.0372887694783709,0.021541046788980132,0.047024580342704445,0.10676901923358317,0.16713175509125386
2019-03-14,风险平价策略,1.0,0.3,0.15,0.15,0.043626977409766975,0.27945819928023424,0.06845429370256266,0.08819031784118149,0.0388244742507502,0.022687766355465443,0.049432279837387114,0.10932569132265173,0.1685742060443512
2019-03-15,风险平价策略,1.0,0.3,0.15,0.15,0.04370737363291164,0.2797738845558477,0.06854253653140539,0.08828587348314841,0.038334010125199235,0.022727066626771028,0.04949298264701876,0.10913627239769785,0.1685759534064549
2019-03-18,风险平价策略,1.0,0.3,0.15,0.15,0.04559013106406633,0.27440098683892444,0.07145920149567189,0.08669907311718025,0.03582603186813165,0.023382375207556857,0.04936632957117099,0.11327587083729754,0.1714631318357919
2019-03-19,风险平价策略,1.0,0.3,0.15,0.15,0.04571504108274081,0.2723332342738432,0.07183041371306949,0.08722660620517135,0.03606817505639401,0.023542244591807784,0.049226555277513705,0.11405772979945966,0.1719732196853964
2019-03-20,风险平价策略,1.0,0.3,0.15,0.15,0.04578319628196595,0.2726880324038253,0.07148064076636107,0.08737731573851226,0.03610992594634342,0.023582444638224946,0.04923290275797004,0.11374554146679701,0.17195176879719096
2019-03-21,风险平价策略,1.0,0.3,0.15,0.15,0.04576524625446926,0.27270652028387626,0.07148044537467024,0.08737630746064734,0.03611394969473544,0.02358210752482794,0.049232764802263934,0.11374265860450954,0.17193383940482393
2019-03-22,风险平价策略,1.0,0.3,0.15,0.15,0.04675044995479012,0.2778328554454057,0.0672886764356085,0.0861122041151554,0.03678805406623863,0.02368875843252965,0.05030983750297214,0.11122916404729978,0.17175922892734788
2019-03-25,风险平价策略,1.0,0.3,0.15,0.15,0.04618241287636219,0.28706792054624813,0.05746730660585608,0.08027499758383078,0.03838760334030305,0.022371831299368452,0.05207549175654709,0.11617243599148419,0.1703808541499844
2019-03-26,风险平价策略,1.0,0.3,0.15,0.15,0.044745804447580084,0.28788133832546836,0.05774482292203508,0.08013200700629551,0.03844359116830405,0.022448956567619492,0.05220042722686312,0.11640305233583421,0.16910111748802542
2019-03-27,风险平价策略,1.0,0.3,0.15,0.15,0.045172642438929565,0.2846025252646044,0.05825268947894834,0.08084448213183232,0.03841047643452783,0.02267179447719509,0.05266395977786174,0.11738142999610074,0.170041123424872
2019-03-28,风险平价策略,1.0,0.3,0.15,0.15,0.044434262433324136,0.29084233578100144,0.05928544098290973,0.08224179452662357,0.03924651142858068,0.022240937932827918,0.046745834064916655,0.11496288284981585,0.16840525121712577
2019-03-29,风险平价策略,1.0,0.3,0.15,0.15,0.047553477475705735,0.29526241641832324,0.06443150595397613,0.08860594969319326,0.04203911324407614,0.02409056503417049,0.048693153092366756,0.08932381908818819,0.1676174400988388
2019-04-01,风险平价策略,1.0,0.3,0.15,0.15,0.0497515864664345,0.2759078352352406,0.06731993019569091,0.09262859553772985,0.0441018420089633,0.025253571370156477,0.05109823122399428,0.09393840796179008,0.17276502673305716
2019-04-02,风险平价策略,1.0,0.3,0.15,0.15,0.05250200719838561,0.26974323795068456,0.06824374863740922,0.08904988720153728,0.04179388392000753,0.026711648997803566,0.05360623772805806,0.0983493483661141,0.17657188627424208
2019-04-03,风险平价策略,1.0,0.3,0.15,0.15,0.05487243381881778,0.250673712361658,0.07122424194443845,0.09314529152511208,0.04288643434332479,0.027962074043912547,0.05613777612034242,0.1030980358423938,0.18184232044691934
2019-04-04,风险平价策略,1.0,0.3,0.15,0.15,0.0555910721039417,0.24473210744110133,0.07219395045860634,0.09441517844152153,0.04354477429893819,0.028005064822384684,0.056935673509217015,0.1045821789242892,0.18341571544297147
2019-04-08,风险平价策略,1.0,0.3,0.15,0.15,0.055676003764384974,0.244937022997346,0.0715291601021913,0.09457999541163653,0.04358814285203583,0.028052887210482106,0.056937204361029586,0.10469958330089364,0.18348152230491552
2019-04-09,风险平价策略,1.0,0.3,0.15,0.15,0.05613973047827414,0.24194365272218354,0.07212988025151904,0.09536023366618895,0.04400820767709935,0.028322262401666697,0.05633216689210735,0.10576386591096092,0.18446832344784525
2019-04-10,风险平价策略,1.0,0.3,0.15,0.15,0.05631063221562297,0.24236967031938333,0.07095042565996208,0.0957096190653488,0.04397842253967823,0.028231619874683544,0.05646311123923128,0.1059864990860897,0.18456235552650652
2019-04-11,风险平价策略,1.0,0.3,0.15,0.15,0.053511832967863826,0.2443918468237439,0.06901408317169279,0.09589010322699207,0.04457267904250011,0.02863157699074927,0.05703621003402412,0.10695166774243388,0.18210693330881642
2019-04-12,风险平价策略,1.0,0.3,0.15,0.15,0.05450092608183343,0.24088586809393456,0.07346968474268611,0.10138322299602284,0.04728623876154795,0.028957078851142626,0.0556886837020582,0.0978282967707743,0.1824359158212884
2019-04-15,风险平价策略,1.0,0.3,0.15,0.15,0.05584292301616157,0.23351444660432935,0.07570858945258815,0.10402765983543806,0.04796497281816486,0.029213306503673143,0.05766747094615018,0.09606063082349463,0.18433463538119546
2019-04-16,风险平价策略,1.0,0.3,0.15,0.15,0.05638064869915354,0.22970187099630632,0.07650574261246676,0.10506636007915558,0.04850492768370236,0.02881923898162945,0.058329626767178365,0.09669158418040762,0.18529922113531894
2019-04-17,风险平价策略,1.0,0.3,0.15,0.15,0.05689423649023203,0.2323464700742421,0.0771671760197496,0.10594793454126976,0.04760335928459762,0.029143547212355857,0.05688918727525675,0.09400808910229627,0.185137681412613
2019-04-18,风险平价策略,1.0,0.3,0.15,0.15,0.05411906246069482,0.24464383805632658,0.08065641262156081,0.11136173318365648,0.03409134670994505,0.02933164760822802,0.05847437069572123,0.08732158866386698,0.1801914309325879
2019-04-19,风险平价策略,1.0,0.3,0.15,0.15,0.05417136045767386,0.24417004100379217,0.08073705553920946,0.11147527838420798,0.03412640828695477,0.029363270848255154,0.05853886231464602,0.08741772316526059,0.18031433557791637
2019-04-22,风险平价策略,1.0,0.3,0.15,0.15,0.048098592731438225,0.23953727270200223,0.07918062053338519,0.11600815833942972,0.035564534190551125,0.030574145734661853,0.06058887482137141,0.09044780094716018,0.17634886460810728
2019-04-23,风险平价策略,1.0,0.3,0.15,0.15,0.046910380875343806,0.24128799760172598,0.07905726059468406,0.11649087630588743,0.0358534214542358,0.03079909452149171,0.06106716721976659,0.08853380142686457,0.17490927075166757
2019-04-24,风险平价策略,1.0,0.3,0.15,0.15,0.04989302984663322,0.22557482588582628,0.08024055034525866,0.1179534454197661,0.037248444365513306,0.03252237539953141,0.06286158111207009,0.09370574762540089,0.18039245036585153
2019-04-25,风险平价策略,1.0,0.3,0.15,0.15,0.043223132781319035,0.2300555591986274,0.08252560518340066,0.12005985095623889,0.03720849974995137,0.033305174722668134,0.05759191465075137,0.09603026275704309,0.17474671808894232
2019-04-26,风险平价策略,1.0,0.3,0.15,0.15,0.04147256970444399,0.2361910622321994,0.08131440007498625,0.11626827110084612,0.03633520296825793,0.031858662872483394,0.057980072230190416,0.09857975881659249,0.17250207213075136
2019-04-29,风险平价策略,1.0,0.3,0.15,0.15,0.04220732032804732,0.23191998262698518,0.08145455110055856,0.1187544815733817,0.03705181818442099,0.029504208835511553,0.059167833283176444,0.09993980406791816,0.1734538845060977
2019-04-30,风险平价策略,1.0,0.3,0.15,0.15,0.04227544304260908,0.23230779925133896,0.0816675584327975,0.11772391918654118,0.03711947259822554,0.02956009577828672,0.05925768389968222,0.10008802781051872,0.17348346212764076
2019-05-06,风险平价策略,1.0,0.3,0.15,0.15,0.0326571322126009,0.27308668509123385,0.0644147409336407,0.08188067717113919,0.034328962596007734,0.026745083542344273,0.07054063292973982,0.11634608552329354,0.16103310283890637
2019-05-07,风险平价策略,1.0,0.3,0.15,0.15,0.03272592336787694,0.2726122358032156,0.06455888917760104,0.082056669599454,0.03440973599796893,0.026808595284691508,0.0707351648651668,0.11609278590402508,0.16112967576364084
2019-05-08,风险平价策略,1.0,0.3,0.15,0.15,0.03222920051151122,0.27359899429397017,0.062471964288334826,0.08284530322520794,0.034605918335067105,0.026722460621438876,0.07104586993692424,0.11648028878754554,0.16060457563916208
2019-05-09,风险平价策略,1.0,0.3,0.15,0.15,0.031578484073435255,0.2746269299770271,0.06156243479465856,0.08229719684152761,0.034840871427386316,0.026858573714704733,0.07135999518368848,0.11687551398757196,0.15998133340641157
2019-05-10,风险平价策略,1.0,0.3,0.15,0.15,0.03169695772988044,0.27570567120151757,0.06172669788584891,0.0824827442482475,0.0349614208471205,0.026962340715338352,0.06893030121905072,0.11753386615299596,0.16010492250560804
2019-05-13,风险平价策略,1.0,0.3,0.15,0.15,0.03129067966442685,0.2763732962228412,0.061503651596790505,0.08305142583242947,0.03355124597756749,0.027123202304809572,0.06918551710982776,0.11792098129130707,0.1597239529982422
2019-05-14,风险平价策略,1.0,0.3,0.15,0.15,0.03163672027346182,0.27287497565642765,0.061688431410443716,0.083750342887894,0.029721261253621997,0.02800548617277946,0.07105583121166076,0.12126695113371053,0.16093517291596657
2019-05-15,风险平价策略,1.0,0.3,0.15,0.15,0.031723932752773264,0.27395681880705275,0.06187585597944543,0.08398159980472455,0.02981887741498833,0.028101039871037087,0.07139042552176918,0.11915144984820937,0.16061474934302528
2019-05-16,风险平价策略,1.0,0.3,0.15,0.15,0.03172158994091691,0.2739748314399791,0.06187433778259218,0.08397616871816256,0.029816578232168767,0.02809777555623984,0.07138377323718245,0.11915494509275819,0.1606104233913086
2019-05-17,风险平价策略,1.0,0.3,0.15,0.15,0.029938876540826175,0.27825828235184724,0.06175968618812636,0.08315236260198446,0.029346784174150858,0.028734691414429105,0.07121571407955757,0.11759360264907819,0.15844956754034742
2019-05-20,风险平价策略,1.0,0.3,0.15,0.15,0.029491495146960364,0.28134653147285393,0.06295252098602926,0.08343251202490748,0.029946343750071547,0.029294329774150397,0.0728351782810443,0.11070108856398278,0.15687670565522283
2019-05-21,风险平价策略,1.0,0.3,0.15,0.15,0.030399169092366434,0.2725705847689673,0.06516113933539289,0.08425835168706124,0.030921102029983726,0.028357721977485907,0.07516386902800924,0.11316806208073328,0.15890997100932253
2019-05-22,风险平价策略,1.0,0.3,0.15,0.15,0.03166006001388985,0.27703560828566914,0.0608294702325235,0.07883646435822991,0.030909441272770823,0.02895430335482211,0.07506261461479811,0.11671203786729648,0.159889992348233
2019-05-23,风险平价策略,1.0,0.3,0.15,0.15,0.030979284136801767,0.2829812450078056,0.05666788962524599,0.08094050977340793,0.02756454692256438,0.026706831025093827,0.07537534738080535,0.11878434612827514,0.15836173014606925
2019-05-24,风险平价策略,1.0,0.3,0.15,0.15,0.03121619411554725,0.28367148594255737,0.05728858108248862,0.08166465592614433,0.02703993242816953,0.02426598143070151,0.07561651209255646,0.1192366569818349,0.15811881228305188
2019-05-27,风险平价策略,1.0,0.3,0.15,0.15,0.0324950369470626,0.2653640438240637,0.05974931485429302,0.08524050152663466,0.028229386219586924,0.025058592615414182,0.07902890440129433,0.1248342196116505,0.16237259302130536
2019-05-28,风险平价策略,1.0,0.3,0.15,0.15,0.032584216512899854,0.2663570134195599,0.05951644848105403,0.08391226054925964,0.028372467348929006,0.02518471477045577,0.07934388068847853,0.1247289982293632,0.16231298746282674
2019-05-29,风险平价策略,1.0,0.3,0.15,0.15,0.032857987995078594,0.2676701995316755,0.058409623648960796,0.08239781258786372,0.028581167929189497,0.025107094786425612,0.0797119996562981,0.12526411386450817,0.16240851349826185
2019-05-30,风险平价策略,1.0,0.3,0.15,0.15,0.03461569036568106,0.2798051130901485,0.05764985193637375,0.08356695113698673,0.028507447960062583,0.026344541538049673,0.06828606244709569,0.12122434152560203,0.16230202987535
2019-05-31,风险平价策略,1.0,0.3,0.15,0.15,0.03521474505111245,0.2833987607584311,0.0551196409533239,0.08531931950513143,0.028120728867686014,0.02199605585212354,0.06889850708489174,0.12193224192729976,0.1616870431842921
2019-06-03,风险平价策略,1.0,0.3,0.15,0.15,0.035769058265456274,0.28597901939773157,0.05581063177559436,0.08452296245246485,0.025717641949031526,0.020109562367356292,0.0694496754416322,0.12264144835073287,0.1615470312613958
2019-06-04,风险平价策略,1.0,0.3,0.15,0.15,0.03516202359719858,0.28787141194886534,0.056630880677706656,0.08133721501544386,0.025968681966738502,0.019737837693638866,0.06990566345405995,0.12338628564634817,0.16080038443313957
2019-06-05,风险平价策略,1.0,0.3,0.15,0.15,0.03527996394241281,0.28873987116345096,0.05681939440309272,0.08156271341768069,0.02586511503559132,0.01979561113768344,0.06789515907926832,0.1240421718208197,0.16092944188306646
2019-06-06,风险平价策略,1.0,0.3,0.15,0.15,0.036784589949016996,0.301947425262587,0.05397920732527904,0.07390568780505043,0.02803161190898272,0.01945585061203819,0.05079370446795296,0.13510192266909266,0.1622178249499935
2019-06-10,风险平价策略,1.0,0.3,0.15,0.15,0.03706619502920434,0.3018576713826127,0.054402458238165266,0.07424633090430013,0.028241986487580174,0.019600155357231374,0.05077661178410516,0.1338085908168008,0.1623369954544047
2019-06-11,风险平价策略,1.0,0.3,0.15,0.15,0.039027831226210855,0.2891954936584973,0.0572807779738734,0.0781704564720582,0.02929290078221243,0.020252591223380835,0.05364460499989108,0.13313534366387583,0.1656422332793514
2019-06-12,风险平价策略,1.0,0.3,0.15,0.15,0.03897219140171336,0.2932859478034331,0.055009478083216844,0.07684640851776786,0.02711073939447063,0.01976746512778256,0.05400305606084352,0.1350047136107721,0.16515741358983302
2019-06-13,风险平价策略,1.0,0.3,0.15,0.15,0.038826951914368274,0.2934686293631526,0.054653316787727196,0.0769706198911669,0.027142573353129817,0.019789703571101942,0.05404850635627797,0.13509969876307532,0.16502466160983206
2019-06-14,风险平价策略,1.0,0.3,0.15,0.15,0.038312825281957064,0.29416932282221536,0.054964114681018215,0.07622771316733319,0.027258378054564554,0.019757926205324426,0.0538244045847191,0.1354853152028681,0.16454727231604502
2019-06-17,风险平价策略,1.0,0.3,0.15,0.15,0.0402081061442252,0.30915445494418337,0.05549884453144848,0.07323905926250228,0.02849569449559044,0.020612982702077454,0.05675329838045839,0.11603755953951433,0.16184390011430067
2019-06-18,风险平价策略,1.0,0.3,0.15,0.15,0.041551869011248965,0.3014880881401887,0.05774397462619298,0.07599989599082432,0.02964125416768459,0.019123707238672488,0.05433801563654586,0.12011319518864198,0.16434232672392876
2019-06-19,风险平价策略,1.0,0.3,0.15,0.15,0.04314336390515512,0.3009316369636339,0.06015380295594556,0.0793477806711953,0.030758387558377526,0.01993998102280989,0.0501330909447851,0.11559195597809754,0.16547967751850123
2019-06-20,风险平价策略,1.0,0.3,0.15,0.15,0.04315609415512461,0.3009326148665661,0.060190912010320965,0.07937995077434742,0.030760682757246777,0.019940324761613247,0.05001453009987354,0.11562489057490727,0.1654978258387415
2019-06-21,风险平价策略,1.0,0.3,0.15,0.15,0.043851238480146396,0.303383055526703,0.060639511454236725,0.07459119050570664,0.02994249761092707,0.020218415860214462,0.05054137839993665,0.11683271216212893,0.16591638344841902
2019-06-24,风险平价策略,1.0,0.3,0.15,0.15,0.04417548340301279,0.30006180785821546,0.06079606773285151,0.07528691060583907,0.03022337548322342,0.020423742467435994,0.05103626930551116,0.11799634314391054,0.16679756764539758
2019-06-25,风险平价策略,1.0,0.3,0.15,0.15,0.04333376524508275,0.3008201342783001,0.06112215410395093,0.0756026856468181,0.0300524522038002,0.020038175831778367,0.05084290435962541,0.11818772833064409,0.16595351760231006
2019-06-26,风险平价策略,1.0,0.3,0.15,0.15,0.045215827987283616,0.30648448820824475,0.06525491055031758,0.08105444947495882,0.03198232622603407,0.021301176718789862,0.05220409902304021,0.09650272181133099,0.16434810478514042
2019-06-27,风险平价策略,1.0,0.3,0.15,0.15,0.04554333683084785,0.30615703253455817,0.06506172196986566,0.08139411131248302,0.03221133286768921,0.021328722382129905,0.05225796155309782,0.0960457805493284,0.164617667274891
2019-06-28,风险平价策略,1.0,0.3,0.15,0.15,0.045379869533487105,0.3072092058391579,0.06508913918818933,0.0798374801678824,0.03241621437885883,0.021173281472485636,0.052515274045865645,0.09637953537407305,0.16434782082274194
2019-07-01,风险平价策略,1.0,0.3,0.15,0.15,0.04775914963508542,0.32860625198546967,0.06870380847568239,0.07715079732249944,0.033911542921477,0.022090129861260323,0.050815779986093386,0.07096253981243222,0.1606204092603588
2019-07-02,风险平价策略,1.0,0.3,0.15,0.15,0.04943254281387355,0.3364469489531843,0.060306345639988615,0.0773350793071153,0.0350020747457295,0.02165870059024819,0.0469762813527117,0.07284202659714879,0.1612501654479474
2019-07-03,风险平价策略,1.0,0.3,0.15,0.15,0.05036190257213952,0.34261385718330856,0.05787876437034797,0.07551878983967036,0.0325289617554972,0.01978822350094184,0.047600721146486856,0.0737087796316077,0.16095956473995454
2019-07-04,风险平价策略,1.0,0.3,0.15,0.15,0.05139226710213223,0.3479352549906965,0.059320383461912554,0.07779439585826527,0.027822190333024008,0.020361362371428143,0.047155416198065854,0.0682187296844755,0.16050586990100088
2019-07-05,风险平价策略,1.0,0.3,0.15,0.15,0.0529956866802438,0.3399677091534452,0.0605190153293933,0.08009898358872668,0.026507773497455724,0.021069747852567332,0.048528963976678774,0.07031211992148911,0.16323855893835335
2019-07-08,风险平价策略,1.0,0.3,0.15,0.15,0.04767346122840445,0.34124284477178296,0.0631890923520546,0.08212254404685354,0.027546632058886418,0.0218454399037608,0.04663945501219937,0.06974053062605783,0.1587183401176206
2019-07-09,风险平价策略,1.0,0.3,0.15,0.15,0.04815258586018794,0.3455961536139511,0.06212110637170335,0.08214785414903088,0.026978304076147798,0.02209671990406682,0.04634918524409231,0.06655809078081984,0.15819444494646226
2019-07-10,风险平价策略,1.0,0.3,0.15,0.15,0.04767834103245866,0.3448850625227538,0.06202059863758477,0.08267359562541605,0.027138429592928278,0.02222622004280769,0.046630063322862146,0.06674768922318862,0.1579287233365688
2019-07-11,风险平价策略,1.0,0.3,0.15,0.15,0.04767752360862584,0.34489297729205365,0.062022314000801014,0.08265696470116994,0.02713888391805377,0.022226820466763435,0.04663026280435749,0.06675425320817484,0.1579278505115314
2019-07-12,风险平价策略,1.0,0.3,0.15,0.15,0.04828118541343674,0.34873579293428447,0.06293484927621576,0.08170973142254341,0.024879100777383853,0.02209067539167849,0.04723347317575928,0.06413519160869796,0.15753938156937183
2019-07-15,风险平价策略,1.0,0.3,0.15,0.15,0.050371610331212034,0.3341921517289009,0.06564730833521118,0.08515539603729355,0.02554447819182348,0.02272127915648808,0.04935315880527118,0.06701461741379952,0.1616482209672706
2019-07-16,风险平价策略,1.0,0.3,0.15,0.15,0.05045290757482428,0.33569323199573303,0.06610763598537689,0.08560174796075054,0.025400445056222642,0.0225928838318469,0.0466441813966368,0.06750696619860884,0.1616322324090201
2019-07-17,风险平价策略,1.0,0.3,0.15,0.15,0.05069860211155559,0.3376065275489159,0.06618236530484929,0.08577417983949824,0.02560750040984607,0.02149163064847316,0.04699888846158253,0.06564030567527915,0.16117155048964324
2019-07-18,风险平价策略,1.0,0.3,0.15,0.15,0.04975297566188671,0.33851001398426356,0.06606988242768136,0.08569609157604118,0.025711524571679734,0.02129584498533823,0.04717667458590551,0.0657869922072037,0.16023723693876746
2019-07-19,风险平价策略,1.0,0.3,0.15,0.15,0.04997937284573085,0.33851463235517143,0.06647373655000448,0.08615996194263323,0.024448627287798227,0.020981267725558257,0.04732978545312155,0.066112615839982,0.16039830726863727
2019-07-22,风险平价策略,1.0,0.3,0.15,0.15,0.05109967923732839,0.35825446881406836,0.05893422609773094,0.08316710509703643,0.020204024989273844,0.022813201706170978,0.04275649434589243,0.06277079971249862,0.15866133092745976
2019-07-23,风险平价策略,1.0,0.3,0.15,0.15,0.05195531762953229,0.36234622691931395,0.05913628888186912,0.07862969519344797,0.019831481659021162,0.023169960367476893,0.043523685295546934,0.06140734405379168,0.15869440537767485
2019-07-24,风险平价策略,1.0,0.3,0.15,0.15,0.054621041313606206,0.34896737104363273,0.06006729653258768,0.08268254470511012,0.019974380986673184,0.024454756500639954,0.04452695898569677,0.06470564993205331,0.16331245368478342
2019-07-25,风险平价策略,1.0,0.3,0.15,0.15,0.05463846607299801,0.3490864666155225,0.05995346369158171,0.08273248104249281,0.0198459098850523,0.024467981746951705,0.04454486695693774,0.06473036398846321,0.16331427235649304
2019-07-26,风险平价策略,1.0,0.3,0.15,0.15,0.054806225286730716,0.35004398948841675,0.06017765326042557,0.08261119309351497,0.01991333451102394,0.024529548761874728,0.04371228190702296,0.06420577369099029,0.16329847619263588
2019-07-29,风险平价策略,1.0,0.3,0.15,0.15,0.05655116458944943,0.33963600280595047,0.06136014032196006,0.08641333972516975,0.0196927214984077,0.02480936676296198,0.04439587280060056,0.06714139149550001,0.1665436345688342
2019-07-30,风险平价策略,1.0,0.3,0.15,0.15,0.056555704069362604,0.3396253552549741,0.06136235386024828,0.0864141865773963,0.019693448696987713,0.024810411921305998,0.04439849850982825,0.06714004110989677,0.1665488188311147
2019-07-31,风险平价策略,1.0,0.3,0.15,0.15,0.055144885773835056,0.34269275206244304,0.05815550094518297,0.08599195303377764,0.019973072270643908,0.025170199436041235,0.045024373002030514,0.06784726347604565,0.16507608558112924
2019-08-01,风险平价策略,1.0,0.3,0.15,0.15,0.05257476117413446,0.3548690919368563,0.05934183699949972,0.08620620543968158,0.02044755842890776,0.025130250607111996,0.04371830559272886,0.05771198982107922,0.16009467726697196
2019-08-02,风险平价策略,1.0,0.3,0.15,0.15,0.04852835628131691,0.3629163999739725,0.05916519362264182,0.08334498025792725,0.01937991881467529,0.022557590624318363,0.04497115461985525,0.05913640580529254,0.15532035302589706
2019-08-05,风险平价策略,1.0,0.3,0.15,0.15,0.04510189472683614,0.36614173672620304,0.056696196063057404,0.08492862928650376,0.018853601947799736,0.022927192188797223,0.04557314054186554,0.05977760851893716,0.152119462688207
2019-08-06,风险平价策略,1.0,0.3,0.15,0.15,0.043040193247625806,0.36767558736781736,0.0572443666743663,0.0848969180092419,0.01883145303370688,0.022834964694977533,0.045342317124642255,0.06013419984762197,0.15021530138285918
2019-08-07,风险平价策略,1.0,0.3,0.15,0.15,0.04323802860531421,0.3705016872342035,0.05633423762120944,0.08268793263773262,0.019076106941184612,0.02174357377872226,0.04580142053760536,0.06061701264402803,0.1498719480270091
2019-08-08,风险平价策略,1.0,0.3,0.15,0.15,0.04330437140526555,0.37053294638177253,0.056429038778003135,0.08281700590436879,0.019108286667593132,0.021528126076169024,0.04557457674104031,0.06070564804578741,0.14990674772101
2019-08-09,风险平价策略,1.0,0.3,0.15,0.15,0.042906822336327616,0.3707525377630421,0.05649680019501743,0.08289897123989962,0.01912312434241066,0.02149687105109546,0.04560118899897849,0.060723684073228576,0.14953967519492198
2019-08-12,风险平价策略,1.0,0.3,0.15,0.15,0.043231979219904355,0.36972513547198177,0.05693443993185439,0.0835920862411313,0.01928507042321406,0.021660640070781226,0.04534373168986637,0.06022691695126643,0.14992744045501522
2019-08-13,风险平价策略,1.0,0.3,0.15,0.15,0.04299193102647005,0.37004632561763895,0.05649975813929125,0.08375421846373507,0.019317789328461663,0.021696706713384525,0.04540827835288186,0.06028499235813661,0.14969356980366966
2019-08-14,风险平价策略,1.0,0.3,0.15,0.15,0.04499109998633445,0.3775474109044928,0.059164401029201376,0.08583486480831351,0.0203647466832019,0.02258420780380612,0.04147629807529172,0.048036970709358126,0.14916089177471964
2019-08-15,风险平价策略,1.0,0.3,0.15,0.15,0.046403711846373964,0.373001974993117,0.05956141535905818,0.08865562450283147,0.020174925182031227,0.021841247736507377,0.040862030985525995,0.04949906939455482,0.15103422761432564
2019-08-16,风险平价策略,1.0,0.3,0.15,0.15,0.04683233686744033,0.37123506337920714,0.06015764258272417,0.08845979026881899,0.020372675610952715,0.021924424706922883,0.041043867725277544,0.04997419885865617,0.1516996519529545
2019-08-19,风险平价策略,1.0,0.3,0.15,0.15,0.04683095729709531,0.37135288495829544,0.06016587910349813,0.08847670646971481,0.020369826007579514,0.021922412421171534,0.04105615916023223,0.049825174582412944,0.15166398508273599
2019-08-20,风险平价策略,1.0,0.3,0.15,0.15,0.04774843849686818,0.368534945491603,0.061397101329370596,0.08729852230279822,0.020793849031954848,0.022368409437673275,0.0419735949137836,0.04988513899594831,0.15287036352845043
2019-08-21,风险平价策略,1.0,0.3,0.15,0.15,0.049820299305137365,0.3554831370978349,0.06235194821197258,0.09160388776914818,0.02091905288795979,0.02346279104592501,0.04411658552222868,0.05224229815979338,0.15676764321784362
2019-08-22,风险平价策略,1.0,0.3,0.15,0.15,0.049880943691530816,0.35585743225124217,0.06198620867695548,0.09172720456781652,0.020678668292255113,0.023455898078360068,0.04415206838827147,0.05226157605356829,0.1567657967972084
2019-08-23,风险平价策略,1.0,0.3,0.15,0.15,0.049986582020670696,0.35633154394705646,0.06213167917856422,0.09077358603305394,0.020718101539547958,0.02350344645317548,0.044234538389702927,0.05232052243822826,0.15680312945331062
2019-08-26,风险平价策略,1.0,0.3,0.15,0.15,0.04841409167951392,0.3632288948559976,0.05893604389309074,0.0869822395348714,0.02063713021531151,0.02316602881468059,0.04529888855344652,0.05333668245308776,0.15458630735550116
2019-08-27,风险平价策略,1.0,0.3,0.15,0.15,0.04849792235732428,0.36404872110137404,0.05907833972597315,0.08715896560800496,0.020678250156814678,0.02319195103132,0.043717340309642756,0.053628509709546135,0.1546330730539025
2019-08-28,风险平价策略,1.0,0.3,0.15,0.15,0.048488549234149116,0.3634782361255634,0.059202704793843354,0.0873298047110695,0.020722776176814183,0.02323924270743527,0.04380764488597608,0.05373104136514905,0.15471982169193058
2019-08-29,风险平价策略,1.0,0.3,0.15,0.15,0.047178926277428083,0.3659653451452825,0.05995372361045441,0.08467382940548195,0.020361773121322094,0.023501046256257742,0.04416351522553239,0.05420184095824073,0.15336807706886382
2019-08-30,风险平价策略,1.0,0.3,0.15,0.15,0.052072946128442626,0.33615369281218804,0.06870364656008518,0.0974497598858591,0.023563917799999792,0.026955817021886343,0.043248292696390245,0.051851927095148624,0.16183387859027437
2019-09-02,风险平价策略,1.0,0.3,0.15,0.15,0.053435079899490784,0.328823031736927,0.07003742110735245,0.10005245747648882,0.024175377931207574,0.026395446647994675,0.044531694296321006,0.052549490904217684,0.16392937115369483
2019-09-03,风险平价策略,1.0,0.3,0.15,0.15,0.05377425370796676,0.3296387522070806,0.06859537444659625,0.0988156836351486,0.0245180979692442,0.026507556828519425,0.045045341785037794,0.05310493942040628,0.16417676411588936
2019-09-04,风险平价策略,1.0,0.3,0.15,0.15,0.05379146380652,0.32986770712594626,0.06862286110769962,0.09884277549922542,0.024525121363188306,0.02651631049589403,0.04466327241583827,0.05317048818568811,0.16418111043825642
2019-09-05,风险平价策略,1.0,0.3,0.15,0.15,0.05399410372939731,0.33143783855030734,0.068932479246531,0.09798327349560983,0.024614399200803147,0.026612468560929716,0.04280669070492627,0.0536187465114953,0.16426512675039068
2019-09-06,风险平价策略,1.0,0.3,0.15,0.15,0.05469252692899242,0.34129488059158236,0.06955013826403433,0.10008671721609969,0.024951322823292682,0.026814686151967585,0.040165811491606855,0.04244391653242407,0.16229507239218044
2019-09-09,风险平价策略,1.0,0.3,0.15,0.15,0.0552788708488594,0.3387123860487127,0.07008081053304718,0.10116093696476333,0.025235945649868096,0.027122296237285574,0.03931097671053668,0.04309777700692708,0.16329241019044521
2019-09-10,风险平价策略,1.0,0.3,0.15,0.15,0.05752105154314556,0.3285095603255347,0.07495953893597673,0.10020575882273793,0.025996833698761154,0.02897363667036994,0.042597027927180564,0.041236592076293405,0.16653512306788168
2019-09-11,风险平价策略,1.0,0.3,0.15,0.15,0.05895597197290135,0.32371337414237333,0.074937924990135,0.10273896116766054,0.02567286386131554,0.029737314688463058,0.04183905198667053,0.04240453719048061,0.16866978284004153
2019-09-12,风险平价策略,1.0,0.3,0.15,0.15,0.0624362968733871,0.3043247947616007,0.07973487287100453,0.1089352336914541,0.026890858981425333,0.028306106464809837,0.04446529967196598,0.04490653668435242,0.17421535311697622
2019-09-16,风险平价策略,1.0,0.3,0.15,0.15,0.06364404603698805,0.30855187535954864,0.08142845539829216,0.10014606200148383,0.02737393941625724,0.028786735315114966,0.044312893884300215,0.04575599258801483,0.17484744483614462
2019-09-17,风险平价策略,1.0,0.3,0.15,0.15,0.05985683076147444,0.3016126368112183,0.08183326712899604,0.10221066883685648,0.029282551315685343,0.030745226377558634,0.0471803891705477,0.04727842959766298,0.17303209348029341
2019-09-18,风险平价策略,1.0,0.3,0.15,0.15,0.06358921152459578,0.2912402693398866,0.08686577171271798,0.10490784849865904,0.027087093332999412,0.02682524280328657,0.04983288691974301,0.04965167586811158,0.1771236255982127
2019-09-19,风险平价策略,1.0,0.3,0.15,0.15,0.06570784970518848,0.3001906564682969,0.08382824135769326,0.09884863244663954,0.025571000548711677,0.024975439820475308,0.05085939888280342,0.05001878077019134,0.17739710723184027
2019-09-20,风险平价策略,1.0,0.3,0.15,0.15,0.0657047689447785,0.30020256614809554,0.08381946679046727,0.09885331869071441,0.025569232092569068,0.02497312060198103,0.05085927120679546,0.05001825552459865,0.17739246362761166
2019-09-23,风险平价策略,1.0,0.3,0.15,0.15,0.06339427835664012,0.30031025388738275,0.08188551840752692,0.10033706435288438,0.026102361307931133,0.025463220075383403,0.051665043759471785,0.050842259852779535,0.1755955682394711
2019-09-24,风险平价策略,1.0,0.3,0.15,0.15,0.06473216987197207,0.2985900443883396,0.08384060631975061,0.09808638821627302,0.026157331507014273,0.025427440785281214,0.051149050534532295,0.05201696837683679,0.17710289522993025
2019-09-25,风险平价策略,1.0,0.3,0.15,0.15,0.06101299863957571,0.30355790983880077,0.08363195550857042,0.09638205026476693,0.02671851339065498,0.02432161735580825,0.05178802965680949,0.05258692534501349,0.1731860350915387
2019-09-26,风险平价策略,1.0,0.3,0.15,0.15,0.06610601814949912,0.28636047065539827,0.09064874679877317,0.09622466450424365,0.02895112377951301,0.025951419781173702,0.053625260121987144,0.05213229620941185,0.17995924785135323
2019-09-27,风险平价策略,1.0,0.3,0.15,0.15,0.06895423538280841,0.28174512923816464,0.09033949406385297,0.09524415481631117,0.029628776590983077,0.027094595708071868,0.055399275897540776,0.05159433830226712,0.18304673067295402
2019-09-30,风险平价策略,1.0,0.3,0.15,0.15,0.06829829816325635,0.2822367035379732,0.09053296411635368,0.0954356368190922,0.029672037538362988,0.027035289511165912,0.05549202506811756,0.05129704524567801,0.18238186685411695
2019-10-08,风险平价策略,1.0,0.3,0.15,0.15,0.0701106591241529,0.28774283854657445,0.08351523107925507,0.09365237038502205,0.030453042777013807,0.026390808275283666,0.05652088080568563,0.05161416900701228,0.1830728040689873
2019-10-09,风险平价策略,1.0,0.3,0.15,0.15,0.07059712325595151,0.2877524369005565,0.0828241699754114,0.09287108552825642,0.030648141735289403,0.026565076758961362,0.05684627498413922,0.05189569086143417,0.1835339929060588
2019-10-10,风险平价策略,1.0,0.3,0.15,0.15,0.07130974577839766,0.284566548345131,0.0836639415767685,0.09370665723121409,0.03072274454134184,0.02686284692133799,0.0574350229909292,0.05173249261487971,0.18457383380414655
2019-10-11,风险平价策略,1.0,0.3,0.15,0.15,0.07487871192503164,0.27470874317022187,0.08812010383312673,0.08947841844108527,0.03112182274018651,0.028356482863745775,0.06060690483538418,0.05272881219121791,0.1891699434925324
2019-10-14,风险平价策略,1.0,0.3,0.15,0.15,0.07564072042937887,0.27876521577845864,0.08896935493347405,0.08740182783336682,0.03143052492432027,0.028573565760698763,0.059386309989528825,0.04983248035077364,0.1889892851439483
2019-10-15,风险平价策略,1.0,0.3,0.15,0.15,0.0729330462800263,0.2812629330988173,0.09047021232292507,0.0887001916746179,0.029641960549512954,0.02697185912688259,0.059868260771496366,0.050151536175721385,0.18612731649061975
2019-10-16,风险平价策略,1.0,0.3,0.15,0.15,0.07335920607575318,0.2815415814126507,0.08867449688930128,0.08966131185630741,0.02983599180784781,0.026907452489928305,0.06019803343652328,0.049821926031687974,0.1863898620500987
2019-10-17,风险平价策略,1.0,0.3,0.15,0.15,0.07248426526452412,0.2832498960701346,0.08806897553478663,0.0902966227855705,0.02969657018168996,0.02598756881070875,0.06023903925296772,0.0499770620996176,0.18529309983862746
2019-10-18,风险平价策略,1.0,0.3,0.15,0.15,0.06918812062197996,0.2704100686567768,0.09119205379572304,0.0954091303741544,0.030958636480672805,0.027458999235299347,0.06342031263868009,0.051962678196713484,0.18464860030069813
2019-10-21,风险平价策略,1.0,0.3,0.15,0.15,0.07267631234128995,0.25965380806451394,0.09597594414608988,0.09233791373271773,0.029745721786247875,0.028724269284590615,0.0665187202337565,0.05436731041079346,0.18941669422365368
2019-10-22,风险平价策略,1.0,0.3,0.15,0.15,0.0729711323282558,0.2600134591837444,0.09643174266499085,0.09280437243902738,0.029897268595921758,0.028425806943383026,0.06537296812151781,0.05408324972315891,0.1895698368859634
2019-10-23,风险平价策略,1.0,0.3,0.15,0.15,0.07190323338756686,0.26160446462636144,0.09486178119563374,0.09328315859321644,0.03010132974988622,0.028637234994533894,0.06517828115643204,0.05443051629636941,0.18854139773849304
2019-10-24,风险平价策略,1.0,0.3,0.15,0.15,0.07198678137259168,0.2613271708423871,0.09495422500218992,0.09338565559285951,0.030130776692476536,0.02866472776544317,0.06512516016902944,0.05442550256302252,0.18865469800114223
2019-10-25,风险平价策略,1.0,0.3,0.15,0.15,0.0726275473827236,0.25836900671877455,0.09576866100001122,0.09362645180793396,0.030091718284728796,0.028945727412550314,0.06563076846968582,0.05494011892359171,0.18968344868004902
2019-10-28,风险平价策略,1.0,0.3,0.15,0.15,0.07673692928748767,0.24610142680307406,0.10142622300808579,0.09986682780425099,0.028998914981291035,0.030790002367922363,0.05670294169230674,0.05937673405558127,0.19587583734765568
2019-10-29,风险平价策略,1.0,0.3,0.15,0.15,0.07448873045962502,0.25060889140439657,0.10133696708161925,0.09864387860475436,0.029485800351359014,0.03098723686014308,0.05779756782871019,0.05665092740939246,0.19305533340189376
2019-10-30,风险平价策略,1.0,0.3,0.15,0.15,0.07487107329470835,0.24079877132320435,0.10396292242132131,0.10137561401752158,0.0303195294062095,0.03139670540843109,0.059399850715097784,0.057875533413506014,0.19487360408650128
2019-10-31,风险平价策略,1.0,0.3,0.15,0.15,0.07150969656644238,0.24612071533141203,0.10164805408972809,0.1031164630133905,0.031033787808059456,0.031211337288009677,0.056133673302029036,0.05922627260092888,0.19156914290328372
2019-11-01,风险平价策略,1.0,0.3,0.15,0.15,0.0719812155625455,0.2471380665685684,0.09954747443989062,0.10374140097862856,0.03112663527585508,0.03068921495156723,0.0563586080727356,0.059417384150208925,0.19176145068663378
2019-11-04,风险平价策略,1.0,0.3,0.15,0.15,0.07222548959780924,0.24626981907988868,0.09930506447820463,0.10410652041768559,0.03122220628669808,0.03079746710507754,0.05658362829147615,0.05948980474316,0.19210407020648906
2019-11-05,风险平价策略,1.0,0.3,0.15,0.15,0.07232725822174009,0.24675969532039624,0.09942258216462889,0.10431829754330457,0.031260968592295386,0.03082398925538889,0.05634851076309792,0.05873869813914792,0.19204497445859817
2019-11-06,风险平价策略,1.0,0.3,0.15,0.15,0.06851166646430175,0.25723547965975807,0.10072156217283014,0.10696756365080475,0.030058786011777337,0.03155527117880154,0.05173632364766329,0.05321334721406313,0.18700595328092984
2019-11-07,风险平价策略,1.0,0.3,0.15,0.15,0.06878942110995379,0.25673187326718167,0.10070104809837328,0.10744475943664315,0.02980958863856044,0.031229353834976378,0.05192468704894512,0.05336926856536612,0.18726567495764906
2019-11-08,风险平价策略,1.0,0.3,0.15,0.15,0.0666534972195899,0.25173420193923435,0.10477369199994416,0.11241874013105929,0.02993633964002305,0.03167247553911706,0.054609607794261265,0.04820144573677098,0.18551766513990253
2019-11-11,风险平价策略,1.0,0.3,0.15,0.15,0.05828967818785773,0.2727587823806233,0.10739473605960068,0.096177172152301,0.030573319967280004,0.03420841553389685,0.048966391568377024,0.05163150415006338,0.17664676249246894
2019-11-12,风险平价策略,1.0,0.3,0.15,0.15,0.059758922247273596,0.2707082046961652,0.1098317062523159,0.0931434326991902,0.031346591906950313,0.03494422426989517,0.049755501003472216,0.05051141692473733,0.17812513385684456
2019-11-13,风险平价策略,1.0,0.3,0.15,0.15,0.059098679650882,0.2738699551130493,0.10656791838013019,0.09382996899093607,0.03157522569847224,0.033746225351865826,0.05031384180688508,0.050998185007779306,0.17699596222648944
2019-11-14,风险平价策略,1.0,0.3,0.15,0.15,0.059471228119440375,0.27262727730063463,0.10752716006041246,0.09278438271963017,0.03188999251549342,0.034031753837656886,0.0501470078796555,0.05152119756707647,0.17759326319558377
2019-11-15,风险平价策略,1.0,0.3,0.15,0.15,0.05928210315793882,0.2758525189468662,0.10658263472613845,0.09230379226168059,0.0318322820860048,0.032971484896514795,0.04978487662969549,0.05139030729516082,0.17682392757567253
2019-11-18,风险平价策略,1.0,0.3,0.15,0.15,0.05928073913690133,0.2758553652269646,0.1065857443204203,0.09230125213562006,0.03183158037882586,0.032971755371710244,0.04978410366826079,0.05138945976129676,0.17682235529392656
2019-11-19,风险平价策略,1.0,0.3,0.15,0.15,0.05975792948084473,0.2777108081047976,0.10590182071996956,0.09052178601173527,0.03189350678618434,0.03276801007044976,0.049731930276931374,0.05171420854908731,0.17698126546647824
2019-11-20,风险平价策略,1.0,0.3,0.15,0.15,0.05845845758818335,0.27779810451143555,0.10769814481283312,0.09166014198670522,0.031623690891061866,0.03084971989841407,0.04967276761413036,0.05223897269723639,0.17563304605293154
2019-11-21,风险平价策略,1.0,0.3,0.15,0.15,0.05827106149957472,0.27795251973341356,0.10776908062553309,0.09172737605123765,0.03164323731336723,0.030865406399880023,0.04956775314967185,0.05220356522732174,0.17545639412553485
2019-11-22,风险平价策略,1.0,0.3,0.15,0.15,0.0589766564989509,0.27949271028732864,0.10401305309606419,0.0926466950217587,0.032124280996327775,0.031345400274569384,0.04908723584215028,0.05231396798285003,0.17595044150690126
2019-11-25,风险平价策略,1.0,0.3,0.15,0.15,0.06100393708201192,0.27053482978553983,0.10731492598672882,0.09246358338149654,0.033298482656503606,0.03236120861494083,0.05090250210079889,0.05212053039197953,0.17895927191681127
2019-11-26,风险平价策略,1.0,0.3,0.15,0.15,0.061407347793345654,0.27236216812660813,0.10749991520352299,0.09057845963430565,0.03261091257984103,0.03206368224774205,0.0512121161581256,0.05226539825650889,0.1790050620407927
2019-11-27,风险平价策略,1.0,0.3,0.15,0.15,0.06098593401887806,0.27174025031536153,0.10834670624150464,0.09046468316006788,0.03267885217737777,0.03229050064382307,0.05079862280481485,0.05269445063817206,0.1788358948005054
2019-11-28,风险平价策略,1.0,0.3,0.15,0.15,0.06042665352260102,0.27249968982334377,0.10828231455094497,0.09074403608062424,0.03251174475060393,0.03220496262975067,0.05095714384730264,0.05237345479482871,0.17820494256105995
2019-11-29,风险平价策略,1.0,0.3,0.15,0.15,0.06039992170346992,0.27254701338527826,0.10822420765089162,0.0907636608790547,0.03251545901894518,0.032209811786367885,0.05096271995055756,0.05237720562543478,0.17817719497644594
2019-12-02,风险平价策略,1.0,0.3,0.15,0.15,0.06527839780562204,0.24949955584220967,0.11590175347578084,0.09828399001267545,0.03438636712862131,0.029877857113942353,0.05007513221930509,0.05669694640184321,0.18557711452918324
2019-12-03,风险平价策略,1.0,0.3,0.15,0.15,0.06567566498506432,0.2505127977267714,0.11339420411347291,0.0986498218451009,0.03456888624991984,0.029951710437618406,0.050316479654085554,0.056930434987966655,0.18580845123579146
2019-12-04,风险平价策略,1.0,0.3,0.15,0.15,0.06529992387135294,0.2518779746602981,0.11219502801069378,0.09926459554308889,0.03451886334386761,0.029882862874654095,0.049731534011400166,0.05722921768464433,0.18535041626799487
2019-12-05,风险平价策略,1.0,0.3,0.15,0.15,0.06547214259207357,0.25261550876710825,0.11249943605207842,0.0982331630525711,0.03460737687132015,0.0299361990942637,0.04988571936912899,0.05675045420145577,0.1853428546406784
2019-12-06,风险平价策略,1.0,0.3,0.15,0.15,0.06822503858224764,0.24771124075952908,0.11690827832285741,0.09345008011769142,0.0351826493224888,0.031141552752895804,0.05130577737375623,0.05607538276853356,0.18839236245125116
2019-12-09,风险平价策略,1.0,0.3,0.15,0.15,0.06850261210934729,0.24699344148448169,0.11730217215338577,0.09391520149304067,0.03532675677081846,0.03125016844056376,0.05154912638103181,0.0551605211673305,0.18862416283829378
2019-12-10,风险平价策略,1.0,0.3,0.15,0.15,0.06841081779518673,0.2474306470753903,0.11746760144271705,0.09407154357197917,0.034633395449566,0.031317091629099944,0.051445081883788574,0.05522382115227217,0.18850252428968983
2019-12-11,风险平价策略,1.0,0.3,0.15,0.15,0.06841477239995954,0.24743472691194981,0.11748505686245034,0.0940725540121707,0.03463767228318252,0.031293187093133536,0.05144579565174192,0.055216234785411586,0.1885005816452831
2019-12-12,风险平价策略,1.0,0.3,0.15,0.15,0.06869322269686852,0.24845036961012554,0.11793219394291672,0.09269968672924887,0.03478482094450817,0.03139224697846505,0.05056695936621789,0.05548049973164923,0.18867276608081346
2019-12-13,风险平价策略,1.0,0.3,0.15,0.15,0.07147807825346005,0.24056736276643018,0.12108919025869219,0.09695010915579712,0.03573185884986819,0.03251911624975646,0.049433450902215154,0.05223083356378066,0.19191006544848532
2019-12-16,风险平价策略,1.0,0.3,0.15,0.15,0.07152063846719592,0.24072423942218993,0.12116922560664847,0.09659580720381762,0.035746804557129336,0.03252922379059563,0.04945906385443963,0.05225499709798348,0.19192853557864037
2019-12-17,风险平价策略,1.0,0.3,0.15,0.15,0.07261972409330335,0.23397486952310736,0.12296247988018959,0.09827734956856346,0.035911934921951424,0.03307914371942062,0.050054203470668655,0.05312029482279555,0.19393855247169756
2019-12-18,风险平价策略,1.0,0.3,0.15,0.15,0.07259779421080603,0.23327191338494485,0.120049515859575,0.09966545169701663,0.03631519022138513,0.03357864983108207,0.0507338347595608,0.053787650035629374,0.19415867766678518
2019-12-19,风险平价策略,1.0,0.3,0.15,0.15,0.07286843175568888,0.23436687325461256,0.12040086981222374,0.10005057277812077,0.03557481714565993,0.0337010083732973,0.04937014705830354,0.05366727982209327,0.19427683346349223
2019-12-20,风险平价策略,1.0,0.3,0.15,0.15,0.07309621001464034,0.23494253757412037,0.11977535133488262,0.09956207690743063,0.03567458947326221,0.033802403888686654,0.04933903237281181,0.05380779843416535,0.19442546919762962
2019-12-23,风险平价策略,1.0,0.3,0.15,0.15,0.06700216567767522,0.23765101361832325,0.12196488287534764,0.10091897542764883,0.034766961362069145,0.03329773489941767,0.05001909403677126,0.054379172102747,0.18889916735952758
2019-12-24,风险平价策略,1.0,0.3,0.15,0.15,0.06700108702160859,0.23762216060487068,0.12195778595800065,0.10092524409576377,0.03477099234953461,0.03330273250782752,0.050028269577107064,0.05439172788528711,0.18890422780016267
2019-12-25,风险平价策略,1.0,0.3,0.15,0.15,0.06661742544626537,0.23790364722156765,0.1221409197183254,0.10105430243833981,0.0347601242767396,0.033347328789217895,0.04970901169490676,0.05446724041463744,0.1885696173479028
2019-12-26,风险平价策略,1.0,0.3,0.15,0.15,0.06809317718816349,0.24345620652491265,0.12513707441994104,0.08781048672754116,0.035585718284211816,0.03398053611820675,0.05009398045133861,0.05584282028568433,0.18932274293969126
2019-12-27,风险平价策略,1.0,0.3,0.15,0.15,0.06813705088597095,0.24315415388799386,0.1252152337362282,0.08787051885264915,0.03561304546769642,0.03400677707455546,0.05011618253947323,0.055887037555432645,0.18940948578640998
2019-12-30,风险平价策略,1.0,0.3,0.15,0.15,0.06865622931629348,0.2444153304852433,0.12183522090541472,0.08844139745182512,0.03583872095629635,0.034214746978310076,0.05041969403970896,0.056178659866908016,0.18973675809910895
2019-12-31,风险平价策略,1.0,0.3,0.15,0.15,0.07299044770518731,0.2483979281011727,0.1076369559655249,0.09306773557233235,0.03325480512584427,0.033448735488080764,0.05248940283778053,0.0587139892040771,0.1929335981274062
2020-01-02,风险平价策略,1.0,0.3,0.15,0.15,0.07400317831054228,0.24497665766586418,0.10911734603008189,0.0932771515256168,0.03320395814845417,0.03371134692744344,0.0532404976452047,0.05846986374679244,0.1942358448060983
2020-01-03,风险平价策略,1.0,0.3,0.15,0.15,0.07347161869205823,0.24904356484063583,0.09722195255751119,0.09633583706462863,0.03465780433216895,0.03525110724254469,0.05348290829787465,0.060535206972577735,0.193741771237745
2020-01-06,风险平价策略,1.0,0.3,0.15,0.15,0.07364671057452003,0.25052577554770505,0.09568696020629149,0.09694772748124372,0.034886372094644146,0.03546546830043707,0.05192930950890968,0.06091167628624878,0.19381711770175558
2020-01-07,风险平价策略,1.0,0.3,0.15,0.15,0.0797372320342486,0.24332530952376138,0.10350329898857996,0.0982199616283423,0.03206068169029144,0.03008652560421718,0.05652318530986798,0.05654380522069109,0.1983543701038256
2020-01-08,风险平价策略,1.0,0.3,0.15,0.15,0.07041471243079031,0.24911408928742462,0.10217894666058278,0.10097841374991327,0.03301325879909865,0.030931504779856695,0.0553288551713961,0.058040219120937535,0.1901020903802002
2020-01-09,风险平价策略,1.0,0.3,0.15,0.15,0.07570880157493315,0.2857735358523882,0.10953618276494012,0.09172268368743963,0.0275444888868344,0.0201153528747535,0.05544622043321065,0.034152733925500264,0.18494480878976405
2020-01-10,风险平价策略,1.0,0.3,0.15,0.15,0.07512366711629026,0.2892015753309118,0.1109778194797931,0.0927337983940039,0.02784607834001743,0.019997176763849975,0.04955185365484287,0.03456803092029058,0.18420128487441648
2020-01-13,风险平价策略,1.0,0.3,0.15,0.15,0.07780351894914504,0.2919653636909534,0.11211399099937139,0.08305638581894854,0.028940471381319516,0.020401389763615035,0.049757657302630424,0.03596122209401662,0.1863158758271978
2020-01-14,风险平价策略,1.0,0.3,0.15,0.15,0.07903752447300816,0.29092811460000495,0.11397259724180933,0.08280368517463547,0.028704664632302142,0.019412632662286305,0.05080415917260333,0.03433662204335024,0.18710556282863894
2020-01-15,风险平价策略,1.0,0.3,0.15,0.15,0.07710050339246802,0.29214514561334587,0.11388242522772664,0.08316641620717813,0.028744006360503133,0.019367647567730597,0.051120610145949354,0.03447324548509823,0.18531426302014667
2020-01-16,风险平价策略,1.0,0.3,0.15,0.15,0.07491324867771038,0.29046041830299435,0.11459765809774874,0.08447918884646952,0.02922291480519692,0.019664680075818487,0.05168936961562065,0.03497252157844084,0.18379957187949966
2020-01-17,风险平价策略,1.0,0.3,0.15,0.15,0.07466937531129059,0.29089558274795174,0.11480547134024613,0.08418577864621103,0.029265678053494847,0.0196909408539067,0.05149410132073716,0.03499307172616179,0.18354892447518795
2020-01-20,风险平价策略,1.0,0.3,0.15,0.15,0.07509014568456847,0.2936653792989965,0.11257059845213478,0.08198110708402762,0.029557138128213218,0.0198818847490691,0.0519516460603949,0.035302100542595416,0.18358527179410578
2020-01-21,风险平价策略,1.0,0.3,0.15,0.15,0.061036677744165095,0.32921850498405714,0.08322766618919064,0.07805760234495773,0.029144316074581164,0.020723401025848694,0.059423844544609375,0.03916798709259017,0.1673509415719051
2020-01-22,风险平价策略,1.0,0.3,0.15,0.15,0.0618290873285148,0.33019934238760745,0.0840778635171337,0.07920701486393485,0.029591869057301663,0.02092065820860585,0.05592400353384271,0.038250161103059,0.16791504536392718
2020-01-23,风险平价策略,0.0,0.0,0.0,0.0,0.061137158509279005,0.5248510230075042,0.10342702240077152,0.11267581170678785,0.04124156845821155,0.026990530721028964,0.0686589842435429,0.06101790095287399,0.15049360422876665
2020-02-03,风险平价策略,0.0,0.0,0.0,0.0,0.021654257219156745,0.7082582917911798,0.0335123080928253,0.052013862162283014,0.023751574261351903,0.0196162521928962,0.056727925615009146,0.08446552866529786,0.09438484843714477
2020-02-04,风险平价策略,0.0,0.0,0.0,0.0,0.023622999843294964,0.689839287726205,0.03656707961112551,0.056995020760653596,0.02427134405062726,0.01942151153309023,0.06230655348142264,0.08697620299358086,0.09863311906591783
2020-02-05,风险平价策略,0.0,0.0,0.0,0.0,0.023645641716759758,0.6911319620001934,0.03659742542752394,0.05706387803620787,0.024309235074089778,0.01940711506500113,0.061784223469839354,0.08606051921038477,0.09838149053434417
2020-02-06,风险平价策略,0.0,0.0,0.0,0.0,0.023645472099995964,0.691535216317616,0.03659502666776224,0.05707417818710692,0.02431684697178022,0.01941776445838976,0.061803283479652193,0.08561221181769653,0.0982743200579126
2020-02-07,风险平价策略,0.0,0.0,0.0,0.0,0.023604831774444474,0.6917476524849566,0.03638624201573739,0.05715805274922775,0.024352032908411606,0.01934017047722923,0.061767962958041336,0.08564305463195165,0.09820420087759799
2020-02-10,风险平价策略,0.0,0.0,0.0,0.0,0.02402492693894225,0.6868848932644045,0.036632422034799036,0.05807827129028488,0.024746694613628214,0.01947592453541161,0.0628891361222823,0.0872677312002473,0.09940054657018024
2020-02-11,风险平价策略,0.0,0.0,0.0,0.0,0.026526700555973802,0.6529714992482846,0.04048691459822838,0.0643849472667927,0.027600348450970858,0.021547669922040397,0.07002768014273601,0.09645423981497324,0.10732858511405045
2020-02-12,风险平价策略,0.0,0.0,0.0,0.0,0.026616951633089487,0.6534025138134152,0.040619291209377933,0.06428130010896956,0.027640532848357696,0.02162144779962661,0.06943776221115197,0.09638020037601158,0.1073672281621948
2020-02-13,风险平价策略,0.0,0.0,0.0,0.0,0.02659391400037175,0.6534642859477923,0.04063581137517143,0.06417707163197216,0.027649572903089944,0.021627251214767797,0.069460282103701,0.09639181082313371,0.1073412739164191
2020-02-14,风险平价策略,0.0,0.0,0.0,0.0,0.030421329804428063,0.6033265233858441,0.04652772555162516,0.07331189937049092,0.031916758886528944,0.025024312206087373,0.07693597979816048,0.11253547099683503,0.1196240710461453
2020-02-17,风险平价策略,0.0,0.0,0.0,0.0,0.030596244519414416,0.6011636613027994,0.04679938631009882,0.07348343198888854,0.03211096018333727,0.025176988764469117,0.07742090284492427,0.11324842408606832,0.12016036272955913
2020-02-18,风险平价策略,0.0,0.0,0.0,0.0,0.030574612744439067,0.6027867039069064,0.046685865909131444,0.07391852757179045,0.03191480940236808,0.025002099993262007,0.07549450026060339,0.11362288021149926,0.11999586438840389
2020-02-19,风险平价策略,0.0,0.0,0.0,0.0,0.030566584479216435,0.6027502517519622,0.04669929506289162,0.07389308433603636,0.03192311309647639,0.025007832685387133,0.07551499635398756,0.11364484223404234,0.11999706251411908
2020-02-20,风险平价策略,0.0,0.0,0.0,0.0,0.031271962103681446,0.5936657234455596,0.047785863174700065,0.07493714482884115,0.03270351123879203,0.025627015103866918,0.07742484521862045,0.11658393488593838,0.1222182598607025
2020-02-21,风险平价策略,0.0,0.0,0.0,0.0,0.031451993486843494,0.594724734203717,0.047221761285389255,0.07393018393448772,0.03286407726268684,0.025486652897346064,0.0774972860535678,0.116823310875962,0.12223221937115741
2020-02-24,风险平价策略,0.0,0.0,0.0,0.0,0.03111066041454312,0.6008800580609459,0.04843863803978604,0.07369937846407858,0.03223156071898251,0.023883807950381454,0.07117015768357905,0.11858573866770328,0.1212530556988564
2020-02-25,风险平价策略,0.0,0.0,0.0,0.0,0.03075828758894704,0.6112445382974863,0.048926496640541224,0.07517657527107291,0.03280085719819318,0.02448032220452919,0.07277513756471844,0.1038377852345118,0.11784108913046135
2020-02-26,风险平价策略,0.0,0.0,0.0,0.0,0.03119839167739944,0.6120809099522051,0.048447436781192954,0.07486323228663398,0.03193936760396304,0.02312017403262299,0.07363016285707709,0.1047203248089054,0.1179518817780835
2020-02-27,风险平价策略,0.0,0.0,0.0,0.0,0.031456609606166946,0.6135352143199809,0.048288476705185684,0.07399885366639186,0.031267384498255245,0.022227090366745576,0.07408750860730151,0.10513886222997218,0.11785934464902226
2020-02-28,风险平价策略,0.0,0.0,0.0,0.0,0.03074317491830783,0.6523206259253398,0.043774415209127546,0.059661076689656214,0.03140572172238609,0.020934821177915914,0.06780326013424592,0.09335690422302065,0.11059334173988321
2020-03-02,风险平价策略,0.0,0.0,0.0,0.0,0.032401638125441765,0.6455845145876176,0.04610159447636555,0.0632319645126845,0.033379411122043456,0.02232254289496808,0.07208729651345376,0.08489103776742533,0.11199317316714547
2020-03-03,风险平价策略,0.0,0.0,0.0,0.0,0.03277224575373408,0.6416576982791581,0.04663032425408067,0.06398825211455554,0.03378968074474284,0.022600753416357165,0.07299337343119398,0.08556767200617758,0.11293723395732035
2020-03-04,风险平价策略,0.0,0.0,0.0,0.0,0.032883740142610064,0.6423607133570729,0.046298134046245505,0.06350841066504126,0.03388960987196234,0.022607473752231776,0.07276228457374474,0.0856896335910915,0.11295962480938297
2020-03-05,风险平价策略,0.0,0.0,0.0,0.0,0.03299101193195033,0.6413232530680899,0.0464505153253752,0.06371694346445443,0.03385726130510098,0.022649064353195355,0.07301153597435989,0.08600041457747384,0.11322593743827447
2020-03-06,风险平价策略,0.0,0.0,0.0,0.0,0.03226391063782358,0.645386649834708,0.045741279025440534,0.06321223161881992,0.03334901200227497,0.02115950280053851,0.07195558358747203,0.08693183049292261,0.11196664992772172
2020-03-09,风险平价策略,0.0,0.0,0.0,0.0,0.031084020996877404,0.6793873884344676,0.04105249533190982,0.05440810531510103,0.027316566116271195,0.01900498181290277,0.0640254558413875,0.08372098615108267,0.10583299761283935
2020-03-10,风险平价策略,0.0,0.0,0.0,0.0,0.04477087873501549,0.5611151686488165,0.059302280312102974,0.07927039132009477,0.03346396052517704,0.02078329638126776,0.0942070472967484,0.10708697678077701,0.1355411831908682
2020-03-11,风险平价策略,0.0,0.0,0.0,0.0,0.04442987996087918,0.5664747294004859,0.05819196744945998,0.07907516387605226,0.03409840036525206,0.018386850261920686,0.09127933480010095,0.10806367388584892,0.1343591515659316
2020-03-12,风险平价策略,0.0,0.0,0.0,0.0,0.045550669079395874,0.5587968129636909,0.057122720368633514,0.08309060649407933,0.03476542300049607,0.018391343994204744,0.09578447299933425,0.10649795110016551,0.13602148148771184
2020-03-13,风险平价策略,0.0,0.0,0.0,0.0,0.04586248795943771,0.5474084048567448,0.061430638741220935,0.08950912550289356,0.037671335214144994,0.02003597092084228,0.10331604061216514,0.0947659961925506,0.13647926225448448
2020-03-16,风险平价策略,0.0,0.0,0.0,0.0,0.043198922136121504,0.5734711574439078,0.05605356167277741,0.08807936203924117,0.036324746983090475,0.01824128876756898,0.10522873359165426,0.07940222736563841,0.12852174728818344
2020-03-17,风险平价策略,0.0,0.0,0.0,0.0,0.048577074649028225,0.549397074365605,0.062910189060507,0.09375657067636528,0.03837022990467649,0.02062950246276037,0.11810908957723877,0.06825026930381893,0.13496731998805658
2020-03-18,风险平价策略,0.0,0.0,0.0,0.0,0.049907187848948736,0.5739764142066187,0.04770469189780929,0.0757548966677499,0.0375593886445372,0.02078318398629578,0.12163112493212658,0.0726831118159138,0.13320916486942197
2020-03-19,风险平价策略,0.0,0.0,0.0,0.0,0.05552237554114268,0.5524419709206155,0.04316934297388586,0.06716488364447053,0.03981129394522025,0.024420018274183247,0.134233164958552,0.0832369497419299,0.1423258842638733
2020-03-20,风险平价策略,0.0,0.0,0.0,0.0,0.05552290128276453,0.5524431463823113,0.043167436275453566,0.06716675929336605,0.03981112415392268,0.024419707759086574,0.1342338744280172,0.08323505042507816,0.14232586661707214
2020-03-23,风险平价策略,0.0,0.0,0.0,0.0,0.05173898367059573,0.5658374386536151,0.039813044325089454,0.054776598564624863,0.03688978213307621,0.0249461899229903,0.14101027516027217,0.08498768756973626,0.13740119452763178
2020-03-24,风险平价策略,0.0,0.0,0.0,0.0,0.05175126131464672,0.5659150821263491,0.039822791452498126,0.05479110517911651,0.036739406449975136,0.024950970807171062,0.14103160306643586,0.08499777960380737,0.13740085827135703
2020-03-25,风险平价策略,0.0,0.0,0.0,0.0,0.05175032738285501,0.5659147071963957,0.039822655622065925,0.05479102021923673,0.0367404004618678,0.02495101858643435,0.1410329325675231,0.08499693796362129,0.13740000108714182
2020-03-26,风险平价策略,0.0,0.0,0.0,0.0,0.05266219400304142,0.5793913006603671,0.04010700073671743,0.055778475342310604,0.03740922009446481,0.0251223483926928,0.12349433858859495,0.08603512218181092,0.1370314698213402
2020-03-27,风险平价策略,0.0,0.0,0.0,0.0,0.053371982122564915,0.5740894792696594,0.04066135955098353,0.056552039366505186,0.03742431187930244,0.02532841812155735,0.1251473200572758,0.08742508963215147,0.13849376645393263
2020-03-30,风险平价策略,0.0,0.0,0.0,0.0,0.0531388011023934,0.5799323981288532,0.04036397587281806,0.054535835738591935,0.034785718480681224,0.025202220065916037,0.1264503304612675,0.08559072014947867,0.13720330807806808
2020-03-31,风险平价策略,0.0,0.0,0.0,0.0,0.05309911340362707,0.5801153054507806,0.04038718874079343,0.05456356911463812,0.03480412779836193,0.025216724951038202,0.12619090768900104,0.08562306285175966,0.13715944660488225
2020-04-01,风险平价策略,0.0,0.0,0.0,0.0,0.05456269148169465,0.5998503065685947,0.041565251018376395,0.054655691862709105,0.03451307283643878,0.025784732020716,0.10800984514656267,0.08105840906490769,0.13581027104293422
2020-04-02,风险平价策略,0.0,0.0,0.0,0.0,0.055507808060690944,0.593745653105867,0.04229245188299782,0.055608576498034724,0.03515294353276845,0.02627153898080157,0.10870748971332506,0.08271353822551444,0.13769027116960628
2020-04-03,风险平价策略,0.0,0.0,0.0,0.0,0.05825439223500489,0.578319842126043,0.04469266585689274,0.058719427463241075,0.03725947032075762,0.027269236486547232,0.10744300087066719,0.08804196464084628,0.142937929062225
2020-04-07,风险平价策略,0.0,0.0,0.0,0.0,0.058253283326478944,0.5783370068140654,0.04469021658498842,0.058717249634741966,0.03725874834395156,0.027268118554444738,0.1074398810712563,0.08803549567007261,0.14293381157476517
2020-04-08,风险平价策略,0.0,0.0,0.0,0.0,0.05816855053607189,0.5793815846917999,0.04472991331831248,0.058764543546055766,0.037247047459207865,0.027106474152575957,0.10756332879659351,0.08703855749938279,0.14257230189193978
2020-04-09,风险平价策略,0.0,0.0,0.0,0.0,0.05893677909753585,0.5734189501755442,0.04532301722654335,0.059560065308486884,0.037779164207269504,0.02750349966781752,0.10905931883761379,0.08841920547918884,0.1442122128495294
2020-04-10,风险平价策略,0.0,0.0,0.0,0.0,0.05933670996309854,0.568448719772952,0.04597715958796995,0.06039260949296344,0.03818240607923943,0.0271663837694524,0.1106697807447934,0.08982623058953086,0.14528975891195894
2020-04-13,风险平价策略,0.0,0.0,0.0,0.0,0.05975059673411397,0.570996256338585,0.046294445885901196,0.05992797871897414,0.03738263093653916,0.02696677155398475,0.10870074085597464,0.0899805789759272,0.14533116366038173
2020-04-14,风险平价策略,0.0,0.0,0.0,0.0,0.05976830181330798,0.5709367242457715,0.04630121925269548,0.05994262392249495,0.03739574634117893,0.026913737638716583,0.1087317217596593,0.09000992502617516,0.1453483105859572
2020-04-15,风险平价策略,0.0,0.0,0.0,0.0,0.059514696881906956,0.5716452443587094,0.04619143760355408,0.060033163550745464,0.03738609275099157,0.026670907307291634,0.1088890005612054,0.08966945698559559,0.14495510831048797
2020-04-16,风险平价策略,0.0,0.0,0.0,0.0,0.06011937295318751,0.5778479540946035,0.04679987584233675,0.060765217253460804,0.036918078920567865,0.02524436856145625,0.10161953519361785,0.09068559718076931,0.1447327648428285
2020-04-17,风险平价策略,0.0,0.0,0.0,0.0,0.06235034784867401,0.5684528001339666,0.04846279662242354,0.06294698098670988,0.03815142659617242,0.025720598892268364,0.10549507903395873,0.08841996988582648,0.14757551827880577
2020-04-20,风险平价策略,0.0,0.0,0.0,0.0,0.06476477746744838,0.5636006497027649,0.05028023195810531,0.06399551066837919,0.03876308753145388,0.025326195204340936,0.10273315372422098,0.09053639374328634,0.1505385201082602
2020-04-21,风险平价策略,0.0,0.0,0.0,0.0,0.06409037477665305,0.5701377903415717,0.048441967852721576,0.060996005320424394,0.03706909279402015,0.02374113096435956,0.10386046393974316,0.09166317401050635,0.14892035196158257
2020-04-22,风险平价策略,0.0,0.0,0.0,0.0,0.06480537879352287,0.5742949185024963,0.04789149499426494,0.06171155084811049,0.03366745908859999,0.021802415146940902,0.10488380491366339,0.09094297771240122,0.14849840838119702
2020-04-23,风险平价策略,0.0,0.0,0.0,0.0,0.06480771516547579,0.5743066254736634,0.04789166285196806,0.06170537323272838,0.033665133584239386,0.021801933500535345,0.10488013321776926,0.09094142297362044,0.14849861375628454
2020-04-24,风险平价策略,0.0,0.0,0.0,0.0,0.06446423036567336,0.5749774736854546,0.04784187791725217,0.06184328196899909,0.03372807289001693,0.02184351520483774,0.10423448816695309,0.09106705980081298,0.14816125025239243
2020-04-27,风险平价策略,0.0,0.0,0.0,0.0,0.06624392305333514,0.5669401543859784,0.049154989886400303,0.06351318809299294,0.03389128235446635,0.02130021565021347,0.10729314225239991,0.09166310432421342,0.15063570010160687
2020-04-28,风险平价策略,0.0,0.0,0.0,0.0,0.0669178725789826,0.5721935710017504,0.049142387516852126,0.06406499691953349,0.03419816837563387,0.021517971927861188,0.10169286498438802,0.0902721666949983,0.15053161212719138
2020-04-29,风险平价策略,0.0,0.0,0.0,0.0,0.06693674265030417,0.5722924507658038,0.049153232255840375,0.06407991358667335,0.03420424909425754,0.021523705474018034,0.10152106896501191,0.09028863720809081,0.150542222735678
2020-04-30,风险平价策略,0.0,0.0,0.0,0.0,0.07008125006615001,0.5507348303994248,0.0514897911545212,0.06714292358552507,0.03591995779146223,0.022652579700058555,0.10651417892607674,0.0954644883767814,0.15676297351899912
2020-05-06,风险平价策略,0.0,0.0,0.0,0.0,0.07114859670581375,0.5426948857531458,0.05208957730341956,0.06841880882065848,0.03661692811430724,0.023105897655306833,0.10852169647064264,0.09740360917670572,0.15899690676928643
2020-05-07,风险平价策略,0.0,0.0,0.0,0.0,0.07620107818306684,0.5168080149650166,0.05584577121568916,0.07055462959761397,0.039297843398646136,0.02459903868581339,0.1138569381475152,0.10283668580663885,0.16749334242958674
2020-05-08,风险平价策略,0.0,0.0,0.0,0.0,0.07620345259118538,0.5168258446407831,0.055847605341108046,0.07053250064192136,0.03929817687525864,0.0246005359581218,0.11385631133130655,0.10283557262031494,0.16749305804664064
2020-05-11,风险平价策略,0.0,0.0,0.0,0.0,0.08006111353841658,0.49634764583652025,0.05862844744961712,0.07420751475643207,0.041061937144976024,0.02560626342440691,0.1169080663016186,0.10717901154801238,0.17410626410040747
2020-05-12,风险平价策略,0.0,0.0,0.0,0.0,0.0792974971473545,0.4987329862213798,0.057984094639833755,0.07314124408521257,0.04101519587647319,0.025327814018287084,0.11769763305462153,0.10680353495683746,0.173029041868764
2020-05-13,风险平价策略,0.0,0.0,0.0,0.0,0.08021013457349396,0.4939892970057329,0.05865714202536285,0.07400398080814975,0.041334411140164416,0.02554770101726312,0.11799483219839345,0.10826250123143955,0.17464058940194568
2020-05-14,风险平价策略,0.0,0.0,0.0,0.0,0.07850750801205239,0.4973054548186151,0.058836907204220114,0.07473912381227894,0.04175365628003303,0.0252707921938801,0.11447031672945968,0.10911624094946072,0.17293077305548363
2020-05-15,风险平价策略,1.0,0.3,0.15,0.15,0.054933513869904936,0.3481154354141546,0.04118932074762144,0.052322078909519225,0.0292294834631315,0.017690915259306935,0.08012575240508037,0.07639349993128096,0.16303485656553102
2020-05-18,风险平价策略,1.0,0.3,0.15,0.15,0.05637209852010802,0.33803407484240616,0.04228545171877218,0.05376041759516733,0.030050175810876344,0.018211556838533663,0.08242951656661741,0.07885670810751882,0.1659222329813438
2020-05-19,风险平价策略,1.0,0.3,0.15,0.15,0.056659762913507626,0.34042743956919935,0.042450678037420975,0.05399172266339022,0.03022085000708916,0.018307281640660658,0.08202214616699469,0.07592011900173729,0.1655176199632797
2020-05-20,风险平价策略,1.0,0.3,0.15,0.15,0.05657816004065558,0.34046142006386737,0.042459237973054974,0.05400153886220909,0.030224193722158375,0.018309231502939064,0.08203927818328334,0.07592693965183216,0.16544513611594178
2020-05-21,风险平价策略,1.0,0.3,0.15,0.15,0.0569714500473674,0.34261863671127135,0.04274609722998277,0.05336066634930239,0.030282278389089503,0.018430746024924324,0.0811408182572363,0.0744493069908259,0.1653539365228278
2020-05-22,风险平价策略,1.0,0.3,0.15,0.15,0.05335033487458837,0.3469422036207611,0.04062607323080734,0.05510869353819536,0.028534161713789703,0.017563231658323682,0.08295358198637463,0.07492171937715975,0.1615745413539891
2020-05-25,风险平价策略,1.0,0.3,0.15,0.15,0.05494941102014263,0.3359823800531716,0.04185187681891783,0.05683680177162277,0.029444372755008972,0.01815059982363019,0.08567363799567301,0.0771109197618329,0.16468152488062232
2020-05-26,风险平价策略,1.0,0.3,0.15,0.15,0.055849423159206255,0.32949755117273444,0.042548585433203626,0.057816542915579194,0.02995821018854724,0.018482125478672062,0.0872017694496986,0.07864579220235857,0.1665095102046792
2020-05-27,风险平价策略,1.0,0.3,0.15,0.15,0.05607416753946098,0.3307887694425121,0.04235465118559652,0.05804741957535812,0.029817704886375303,0.01847284515937815,0.08753311743354296,0.07691132477777572,0.16630301458309912
2020-05-28,风险平价策略,1.0,0.3,0.15,0.15,0.056184738403234735,0.33134923661350846,0.042421698648215066,0.05814763546805747,0.02986601827249761,0.018510453785718615,0.08646435105063179,0.07705586775813628,0.1663761397037909
2020-05-29,风险平价策略,1.0,0.3,0.15,0.15,0.056447134004374816,0.3288567752918123,0.0427734865120532,0.05863834939683568,0.02970324096277612,0.01867856523916878,0.0871646483042061,0.07773780028877296,0.16701912733270152
2020-06-01,风险平价策略,1.0,0.3,0.15,0.15,0.057016757397167356,0.32681762857624136,0.04321090377762361,0.05871733891796803,0.030006029392418965,0.018875709891445526,0.08675989314348902,0.07859573890364609,0.16792256210651632
2020-06-02,风险平价策略,1.0,0.3,0.15,0.15,0.059545639924670435,0.3135598345985213,0.04507709184577564,0.058919713516553965,0.03126366318115051,0.01975511288442667,0.09042163575900623,0.08145730828989517,0.1722234424812598
2020-06-03,风险平价策略,1.0,0.3,0.15,0.15,0.05962166665697355,0.31421206125254636,0.045122813746506944,0.05899077097323518,0.03131269890858955,0.01978438786579618,0.0905729369643499,0.08038266363200233,0.1720709322972871
2020-06-04,风险平价策略,1.0,0.3,0.15,0.15,0.061503563927371094,0.3081498108801233,0.04611573017526241,0.060886102031984475,0.03096337697920459,0.019432466554211755,0.09348946374763104,0.0794594857042113,0.17421205202071743
2020-06-05,风险平价策略,1.0,0.3,0.15,0.15,0.06159499862845799,0.3053148070497912,0.04647720384128547,0.06139044507007358,0.031217029748916467,0.019595029893673274,0.09424958762591482,0.08016089814188719,0.17476149512490882
2020-06-08,风险平价策略,1.0,0.3,0.15,0.15,0.06223375950301071,0.30855796807779706,0.046885975378371365,0.06198681838362208,0.031530995023964684,0.01981722372548398,0.09076482356336944,0.07822243634438056,0.17477084569276805
2020-06-09,风险平价策略,1.0,0.3,0.15,0.15,0.06251018390314507,0.3072082947962646,0.04709621254755985,0.06225724711902001,0.03149133322333112,0.019669532550831308,0.09116337758731921,0.07860381827252882,0.17519503008659634
2020-06-10,风险平价策略,1.0,0.3,0.15,0.15,0.06252416982442875,0.30723827265723236,0.04710649420576542,0.062264870119603466,0.031443381021657474,0.019634631651662446,0.09117409091666673,0.07861408960298334,0.17519757874313435
2020-06-11,风险平价策略,1.0,0.3,0.15,0.15,0.06101116502016995,0.3104688754091281,0.048053916340809466,0.06065932004313463,0.031247213529842263,0.019534678713608405,0.08939740777093526,0.07962742317237183,0.17364746971374279
2020-06-12,风险平价策略,1.0,0.3,0.15,0.15,0.061154398920113415,0.31080659753841733,0.047955995919210175,0.0607402740195561,0.031182485661226268,0.01892453204632826,0.08954087866385965,0.07969483723128874,0.17362770851707257
2020-06-15,风险平价策略,1.0,0.3,0.15,0.15,0.059974895568745565,0.3159516035244383,0.046799832642255165,0.06193869551716624,0.031122727691302452,0.019049938382100597,0.08514118485032962,0.08002112182366199,0.17213296229332575
2020-06-16,风险平价策略,1.0,0.3,0.15,0.15,0.06210218495189774,0.3012521901457242,0.04846878097139204,0.06434049852542455,0.032326352267485405,0.01980696011053752,0.08838244295390636,0.08332059007363217,0.17633616435050087
2020-06-17,风险平价策略,1.0,0.3,0.15,0.15,0.06276351406631167,0.30078389275192613,0.048097289498151286,0.06455991521568598,0.032639078275889626,0.019997471927734774,0.08704780696666171,0.08411103129763876,0.17712340213210503
2020-06-18,风险平价策略,1.0,0.3,0.15,0.15,0.06285889204717907,0.30111265801045756,0.04818388915774979,0.06406440024565077,0.03262489860215474,0.02002077178195538,0.08715434144782132,0.0839801487070313,0.17714382056076217
2020-06-19,风险平价策略,1.0,0.3,0.15,0.15,0.06286556038601712,0.30114348004934305,0.048184959046972446,0.06406385778932747,0.03262760495421267,0.020023438839149973,0.08710255983331724,0.08398853910165996,0.17714827507859887
2020-06-22,风险平价策略,1.0,0.3,0.15,0.15,0.062496717660140484,0.29579040909768706,0.04857031775379448,0.0654447476758124,0.03290327599151965,0.02027009643981703,0.08882466695799837,0.08569976842323053,0.1777570179986639
2020-06-23,风险平价策略,1.0,0.3,0.15,0.15,0.06234752382767382,0.29611444250972,0.048849398332589035,0.06535467480813582,0.03301380840764217,0.020378051090080535,0.08811931919126086,0.0858227818328978,0.17764225077913304
2020-06-24,风险平价策略,1.0,0.3,0.15,0.15,0.06235609570265451,0.29615367758441774,0.04886609615743415,0.06525039931650171,0.03302110031676897,0.020381662800371042,0.08813945422570237,0.08583151389614956,0.17764524900832734
2020-06-29,风险平价策略,1.0,0.3,0.15,0.15,0.06162219676577567,0.29845515912641846,0.049608766592880355,0.06604114769348851,0.03155057341549025,0.019339859209266636,0.08657601662903158,0.08680628056764846,0.17670055517806948
2020-06-30,风险平价策略,1.0,0.3,0.15,0.15,0.061623387121073736,0.29845661529509465,0.04960390001490291,0.06604039592526888,0.03155194477507432,0.019339368163585006,0.08658111176931621,0.08680327693568422,0.17670078034999112
2020-07-01,风险平价策略,1.0,0.3,0.15,0.15,0.061649836880393626,0.29826838296338026,0.04962619251091287,0.0660729069398386,0.03156277975912844,0.019348684949826216,0.0866207982743717,0.08685041772214823,0.17675447484746443
2020-07-02,风险平价策略,1.0,0.3,0.15,0.15,0.06194164812069641,0.2998624042126211,0.04987243719357571,0.06552755031875468,0.031732179178631754,0.01943934014647673,0.08709764417181892,0.08452679665742457,0.1765074623416401
2020-07-03,风险平价策略,1.0,0.3,0.15,0.15,0.06311722309562065,0.29371593601450063,0.04936325860588691,0.06685614682304555,0.03234310364288195,0.01978171468298867,0.08868037071495091,0.08614224642012473,0.1785319798730372
2020-07-06,风险平价策略,1.0,0.3,0.15,0.15,0.06859876573736268,0.25738278186197944,0.053829617596009904,0.0730156280303218,0.035344298479223775,0.021655955482392325,0.09683464903966421,0.09333830377304576,0.188990240511568
2020-07-07,风险平价策略,1.0,0.3,0.15,0.15,0.06879647165632295,0.25918348331755153,0.054529731565197505,0.07236378090057385,0.034292627274195665,0.021729579499927373,0.09482930511702173,0.09427502066920933,0.18908704826296663
2020-07-08,风险平价策略,1.0,0.3,0.15,0.15,0.07001937990409285,0.25290835463496225,0.05549975909781506,0.07367516457308515,0.034912377434894434,0.022136747565489827,0.09465246037023067,0.09619575641942968,0.19126857158777005
2020-07-09,风险平价策略,1.0,0.3,0.15,0.15,0.07008431623911582,0.25254228202117246,0.055548754754768004,0.07373959220518513,0.03488964710365079,0.022158838925809613,0.0947423520763281,0.09629421667397015,0.19138496370575164
2020-07-10,风险平价策略,1.0,0.3,0.15,0.15,0.06121125987345694,0.25903301723690325,0.05662338332654741,0.07701934136210795,0.03335483599456576,0.021880047831840187,0.09855907626976985,0.09231903810480864,0.18240386926424593
2020-07-13,风险平价策略,1.0,0.3,0.15,0.15,0.06246470868129073,0.2579169211537307,0.05776082410691925,0.07864533754419695,0.034032373177150785,0.02235414779438819,0.09245949768404166,0.09436618985828178,0.18411871616787676
2020-07-14,风险平价策略,1.0,0.3,0.15,0.15,0.06263218584433296,0.26349864261786965,0.055896711428338505,0.07207493621065746,0.0352622017866103,0.022520579672549078,0.09272926659922068,0.09538547584042145,0.18365901322417522
2020-07-15,风险平价策略,1.0,0.3,0.15,0.15,0.06173668485548868,0.2637517251031866,0.056036765494685975,0.07213989257555603,0.03534710005323048,0.022565976778701365,0.09288199826206256,0.09553985687708819,0.18289468255219352
2020-07-16,风险平价策略,1.0,0.3,0.15,0.15,0.05974011019007802,0.27895102600951294,0.048067061450285824,0.054827449578831865,0.03769611564308227,0.022703492084641817,0.10080623613974979,0.09720850890381745,0.1791736579226204
2020-07-17,风险平价策略,1.0,0.3,0.15,0.15,0.05960631456149333,0.2788128928804412,0.04846778585805646,0.05527716160543951,0.03752030196036538,0.022857899945147,0.10166446622620284,0.0957931769628542,0.17890727795237843
2020-07-20,风险平价策略,1.0,0.3,0.15,0.15,0.05980296899840483,0.27907506970640295,0.04834600608034199,0.05540231315531415,0.03705736854382501,0.02245871809922297,0.10186478214335636,0.0959927732731318,0.17898651745808472
2020-07-21,风险平价策略,1.0,0.3,0.15,0.15,0.05973143690057637,0.27927375768282164,0.04838902206331039,0.05545243669049172,0.03709021096642728,0.022480386236741468,0.10151458834991887,0.09606816110971221,0.17892295529951405
2020-07-22,风险平价策略,1.0,0.3,0.15,0.15,0.05972630788339133,0.27927843331064756,0.04838903358783468,0.055449028671179866,0.03709105566490282,0.02247861634536517,0.10151358227001328,0.09607394226666513,0.17891846490091814
2020-07-23,风险平价策略,1.0,0.3,0.15,0.15,0.05875274331869057,0.27798207290254795,0.047908639843820065,0.05604075317815195,0.03744444673404432,0.02266355336529179,0.10234637402607075,0.09686141663138259,0.17837831632662704
2020-07-24,风险平价策略,1.0,0.3,0.15,0.15,0.05100553540946886,0.28119396601490015,0.04608498546559201,0.057789561154419467,0.03856390546938823,0.02233707627357837,0.10433205960505423,0.09869291060759869,0.17155622307516896
2020-07-27,风险平价策略,1.0,0.3,0.15,0.15,0.05060176115438192,0.2796322615333354,0.04641661178079496,0.05816620764729597,0.03837987027105233,0.022435260544798278,0.10500548798644341,0.09936253908189761,0.17150190450279318
2020-07-28,风险平价策略,1.0,0.3,0.15,0.15,0.0545172050947206,0.2747493661071863,0.04944987305924804,0.06264207107102414,0.04158638330910122,0.023607857954818876,0.08593457273137424,0.10751267067252651,0.17721989225971913
2020-07-29,风险平价策略,1.0,0.3,0.15,0.15,0.054831118869070945,0.27212745775247665,0.04973791179652101,0.06299899926917409,0.04183947109240586,0.023708352536830728,0.08653946977806105,0.10821721890545952,0.1779225463455655
2020-07-30,风险平价策略,1.0,0.3,0.15,0.15,0.05544738132429263,0.2730779383531053,0.04974083240413338,0.06373172900347167,0.04234043870584726,0.023970939272585385,0.08541322439755927,0.106277516539005,0.17815993855816253
2020-07-31,风险平价策略,1.0,0.3,0.15,0.15,0.05624177262661929,0.26754288030434326,0.05048962809675382,0.06413092779638918,0.043011406721390116,0.023833909627569143,0.0868255252399905,0.10792394958694462,0.17971444796613245
2020-08-03,风险平价策略,1.0,0.3,0.15,0.15,0.057627588230479074,0.27085427316341393,0.04815257854252086,0.0635647131715944,0.041863182442076007,0.023211085683175415,0.08813537766742868,0.10659120109931167,0.18012113557216491
2020-08-04,风险平价策略,1.0,0.3,0.15,0.15,0.05771286253153653,0.271456538441314,0.04822377193737633,0.06365535763886425,0.04192789380830887,0.023253306554991006,0.08699562377013215,0.10677464531747688,0.1801750685487882
2020-08-05,风险平价策略,1.0,0.3,0.15,0.15,0.057674104194769635,0.26944430971237304,0.04892494057328159,0.06470349232657373,0.043220156255589726,0.02376512210647459,0.08219591850838016,0.11007195632255748,0.18104864401548346
2020-08-06,风险平价策略,1.0,0.3,0.15,0.15,0.057912397975661535,0.2690146473454803,0.04961932049742571,0.06304645886730156,0.04369497691473245,0.02402958971165959,0.08141291514569753,0.1112696935420413,0.18152109680160275
2020-08-07,风险平价策略,1.0,0.3,0.15,0.15,0.05801231337236336,0.26843879924376535,0.04961034729658959,0.06315254758897833,0.04377102250625112,0.024029455929909894,0.08152646871048308,0.11145904535165925,0.18170281988960962
2020-08-10,风险平价策略,1.0,0.3,0.15,0.15,0.060355603469904075,0.27597541005610526,0.045976952427829225,0.06002918893336208,0.04517279629044496,0.02489756155990931,0.08163556052151384,0.10595692674093132,0.1821431287629015
2020-08-11,风险平价策略,1.0,0.3,0.15,0.15,0.061817001593977926,0.2849365951177628,0.04884195398616688,0.059291086191794344,0.04727354799816429,0.02628880754395327,0.08312666883671375,0.0884243387314667,0.18025590626773225
2020-08-12,风险平价策略,1.0,0.3,0.15,0.15,0.06255891140731872,0.3012139436317366,0.04859505180807686,0.0641412814325647,0.047849419817253214,0.027643322785486393,0.08824097593120153,0.05975709318636189,0.175310650940141
2020-08-13,风险平价策略,1.0,0.3,0.15,0.15,0.06258726417089512,0.30128278798193614,0.04861440097635127,0.0641633334759559,0.04770991450399897,0.027639466386661076,0.08826459729615425,0.05973823520804725,0.17532018959897733
2020-08-14,风险平价策略,1.0,0.3,0.15,0.15,0.06262389550124217,0.30134134498827003,0.0484206797505611,0.06421336868551254,0.0477357794248866,0.027614460472734564,0.08829030349008977,0.05976016768670318,0.17534117313521505
2020-08-17,风险平价策略,1.0,0.3,0.15,0.15,0.06262914797852367,0.3013573179045196,0.04842490195477564,0.06421197407448864,0.0477492688515056,0.02755434347161282,0.08830750581491364,0.05976553994966031,0.17533407364833467
2020-08-18,风险平价策略,1.0,0.3,0.15,0.15,0.06331671762882045,0.29792207304281615,0.04893944004694481,0.06486943237006813,0.047989326238675925,0.027231503039101962,0.08936344878695433,0.06036805884661818,0.17636676029405762
2020-08-19,风险平价策略,1.0,0.3,0.15,0.15,0.06409192759182658,0.2898033343916922,0.05110410259699474,0.0676874320573123,0.049137847114979524,0.02850122867270572,0.09001278688880582,0.05966134068568302,0.17822432136865637
2020-08-20,风险平价策略,1.0,0.3,0.15,0.15,0.062154716440386434,0.28422315409407395,0.052608600838109434,0.07135604087697008,0.05053019694741958,0.03006771618503916,0.0948870753905245,0.05417249922747681,0.17681006021188655
2020-08-21,风险平价策略,1.0,0.3,0.15,0.15,0.0622027572581213,0.28545701545178903,0.05228057437784716,0.07170744584516954,0.050660269077211495,0.02988191251076541,0.09345104104696511,0.05435898443213097,0.17672087460377173
2020-08-24,风险平价策略,1.0,0.3,0.15,0.15,0.06260041844085609,0.2845119428565492,0.05202624423215482,0.07213915929606199,0.050963659604229015,0.030040127001494627,0.09397326193348875,0.053745186635165525,0.1771215206591816
2020-08-25,风险平价策略,1.0,0.3,0.15,0.15,0.06382171864926083,0.274352396218492,0.05249203175998142,0.0703807490798565,0.05318702446458971,0.03136232716153362,0.09828619531789722,0.05611755734838859,0.17990803378864365
2020-08-26,风险平价策略,1.0,0.3,0.15,0.15,0.061747652426716385,0.2704292398114105,0.0534434219335475,0.07157066441969648,0.054112228763300914,0.03190298017037534,0.09999009024426782,0.0568037222306851,0.17882242373914858
2020-08-27,风险平价策略,1.0,0.3,0.15,0.15,0.06189089708605533,0.2721156274283317,0.05391229789373431,0.07028021475244224,0.05377653788455642,0.03214211858145068,0.09875268957491108,0.057129616798518225,0.17882622152991423
2020-08-28,风险平价策略,1.0,0.3,0.15,0.15,0.06206521592884019,0.27205707346014235,0.054061853850582826,0.07045910491806914,0.05299280014656459,0.03213485830936878,0.0989803986137694,0.05724869477266259,0.1789790132083776
2020-08-31,风险平价策略,1.0,0.3,0.15,0.15,0.061492636620058654,0.2725157673345157,0.05420056930758651,0.06999730842236852,0.05309872424378419,0.03219297794630896,0.09915187833317667,0.05735013779220076,0.17845351006960572
2020-09-01,风险平价策略,1.0,0.3,0.15,0.15,0.06115939201349275,0.27486203255885067,0.055314331481194336,0.0714372151074629,0.05427294220321436,0.031995649023262115,0.09253931327528275,0.058419124337240176,0.1781636636838535
2020-09-02,风险平价策略,1.0,0.3,0.15,0.15,0.062416740749093494,0.2670244010759841,0.05213307693124076,0.07365824693588433,0.057380559080098655,0.03279466086058534,0.09673263807717743,0.057859676289935734,0.18024390142495228
2020-09-03,风险平价策略,1.0,0.3,0.15,0.15,0.06370517740236886,0.2804319677098693,0.053246630083083925,0.06732917802707303,0.0529545190731041,0.03101792264722479,0.09826533833101554,0.0530492667262605,0.1785643980486653
2020-09-04,风险平价策略,1.0,0.3,0.15,0.15,0.06341540146015191,0.27800597067103966,0.05363453233560303,0.06751378844087454,0.05306248135447301,0.03117299932577289,0.09947659981471749,0.05371822659736752,0.17871832508884825
2020-09-07,风险平价策略,1.0,0.3,0.15,0.15,0.06076649777551978,0.2768153396191292,0.05478061096562363,0.06873439290256404,0.054468069785084325,0.0285655789351479,0.10133880926397501,0.054530700752956116,0.1762924804227642
2020-09-08,风险平价策略,1.0,0.3,0.15,0.15,0.06078249673454377,0.276852067255968,0.0547973006783658,0.06874208093850329,0.05449398971899429,0.028435348449745577,0.10136130122586356,0.05453541499801565,0.17628027458959628
2020-09-09,风险平价策略,1.0,0.3,0.15,0.15,0.05575856732734931,0.30029199327306155,0.05175157432175866,0.06747734102943745,0.04538498768404632,0.02216230700761719,0.09742074806214879,0.059752481294580724,0.16854527177465456
2020-09-10,风险平价策略,1.0,0.3,0.15,0.15,0.05553714061729991,0.3005219501999745,0.05165280242196538,0.06744941560956758,0.04546187060117569,0.022054002961597548,0.09752029799366628,0.05980251959475308,0.1683146874329631
2020-09-11,风险平价策略,1.0,0.3,0.15,0.15,0.059378262407611584,0.2813060732771699,0.05510656696302374,0.06823309787020808,0.046287521250836,0.022658679713064678,0.10419433793207883,0.0628354605860072,0.17440410962893302
2020-09-14,风险平价策略,1.0,0.3,0.15,0.15,0.059527554570014,0.2802235956810551,0.05524054776384383,0.06841023232728936,0.04640139384598271,0.022715426833453716,0.10448011747991934,0.06300113149844185,0.17469717490909717
2020-09-15,风险平价策略,1.0,0.3,0.15,0.15,0.05953656408683505,0.2802536269214019,0.055243771652672885,0.06840966961070176,0.04640509216379895,0.022699442172531017,0.10444857694167975,0.06300325645037858,0.17469936933359018
2020-09-16,风险平价策略,1.0,0.3,0.15,0.15,0.06159791530406559,0.28456127874939496,0.05446811598893733,0.07020174058062648,0.04794372138787907,0.023487416072024904,0.0937536091946068,0.06398620272246477,0.1764296360605071
2020-09-17,风险平价策略,1.0,0.3,0.15,0.15,0.062493676700055956,0.28458143725790036,0.0537728466115215,0.07024831947603781,0.047180579310277,0.023741133812184415,0.09486288332022061,0.06311912351180232,0.1770749899230924
2020-09-18,风险平价策略,1.0,0.3,0.15,0.15,0.06249739251175809,0.2845656176272236,0.05377516753206165,0.07024958581600912,0.04718211743091396,0.023741584172575877,0.09486760146550142,0.06312093344395629,0.17708040994143262
2020-09-21,风险平价策略,1.0,0.3,0.15,0.15,0.06122376503692825,0.2874905847644652,0.05384076915326486,0.0712030917112492,0.04540566181422337,0.02397915377879447,0.0930146575321355,0.06384231620893913,0.1757780931296749
2020-09-22,风险平价策略,1.0,0.3,0.15,0.15,0.05649836835179485,0.3136803166466353,0.05537459621158626,0.06844396707938365,0.04870116964619501,0.021530549046909653,0.08182969077808525,0.05394134223941004,0.16706175655756605
2020-09-23,风险平价策略,1.0,0.3,0.15,0.15,0.05923312016831205,0.31511547128688355,0.05604458634306843,0.06512104895225386,0.04655217065937409,0.022853880805166923,0.08379329708643324,0.05128642469850783,0.16897794700430124
2020-09-24,风险平价策略,1.0,0.3,0.15,0.15,0.0562301711006973,0.32347855432712913,0.05297353569230842,0.0539963612255255,0.050109076555467785,0.02340143031611835,0.08911173940293038,0.050699131379823126,0.1652196020900478
2020-09-25,风险平价策略,1.0,0.3,0.15,0.15,0.0564640445413979,0.31814388327945603,0.05417197100207764,0.0552045356871617,0.05056201054076252,0.023949970959495206,0.0896437848101936,0.051859799179455345,0.16635185098820335
2020-09-28,风险平价策略,1.0,0.3,0.15,0.15,0.05679521457432484,0.3192369099120686,0.0544635641823915,0.055471290936570584,0.04854611191426869,0.02364075170962068,0.09004219726928464,0.05180395950147033,0.16639418801908348
2020-09-29,风险平价策略,1.0,0.3,0.15,0.15,0.058000871829530135,0.3145770670884088,0.054694286827812404,0.056798986479555856,0.04966643424611486,0.024199494136440708,0.08901778150511773,0.05304507788701943,0.16831628758545059
2020-09-30,风险平价策略,1.0,0.3,0.15,0.15,0.05877083037874186,0.3044980938372975,0.057452561968700716,0.05808306552452528,0.049075432892468705,0.023056976339726195,0.09343972700363679,0.05562331205490301,0.17031173102986816
2020-10-09,风险平价策略,1.0,0.3,0.15,0.15,0.05958730528003877,0.299161468698259,0.058238510360290714,0.0588883427604849,0.049757813830339406,0.0233752431528661,0.09479682459822239,0.056194491319498725,0.17180358942412274
2020-10-12,风险平价策略,1.0,0.3,0.15,0.15,0.05958749497314191,0.29916969090393697,0.0582414578398828,0.05889196783075016,0.049761839748168134,0.023356067346441953,0.09479681133887817,0.056194670018799756,0.1717996327404097
2020-10-13,风险平价策略,1.0,0.3,0.15,0.15,0.061100336566915533,0.3007108876272469,0.058784687487072315,0.060249083626771414,0.050957668031151857,0.023392498764749498,0.08815527340964506,0.056649564486447396,0.17313397890528648
2020-10-14,风险平价策略,1.0,0.3,0.15,0.15,0.06078027000851616,0.3015508728315579,0.059084352947885825,0.06054709883078785,0.05121085811983441,0.02329242630712984,0.08807153418662601,0.055462586767661894,0.172598320151753
2020-10-15,风险平价策略,1.0,0.3,0.15,0.15,0.061215512806524285,0.29912657190498004,0.058871018818127396,0.061105247621152936,0.05165129186998182,0.02349238521152474,0.08870168518445236,0.055836286583256366,0.17335354193730906
2020-10-16,风险平价策略,1.0,0.3,0.15,0.15,0.06122013253126208,0.2991315869847177,0.05886808412808971,0.061105228628971005,0.051655644459517994,0.023478423772591933,0.08870419783318666,0.05583670166166281,0.17335452959593708
2020-10-19,风险平价策略,1.0,0.3,0.15,0.15,0.06090462812447421,0.30063980531599643,0.05824849288553543,0.06147378755729528,0.051516502140779075,0.02362769497343274,0.0874652200811029,0.05612386892138379,0.1729800177921888
2020-10-20,风险平价策略,1.0,0.3,0.15,0.15,0.06095432027593851,0.3008037286694312,0.058301363190036676,0.061282037393770195,0.051555172542935804,0.023607630540558037,0.08751326480632482,0.055982482581004606,0.17297839823886457
2020-10-21,风险平价策略,1.0,0.3,0.15,0.15,0.061028633817303134,0.3004770396619388,0.058374244660755845,0.061236259905111876,0.05161737319341343,0.023606187290912708,0.08761305249154867,0.05604720897901551,0.17309008925338848
2020-10-22,风险平价策略,1.0,0.3,0.15,0.15,0.060467304871522916,0.3027057002340803,0.058911285899804725,0.06173437070031221,0.04987189830181235,0.023454522539649747,0.08634493265871755,0.05650998479410012,0.17236955934537096
2020-10-23,风险平价策略,1.0,0.3,0.15,0.15,0.06200038997275817,0.30132992585905866,0.058733775524450624,0.06507863583594918,0.04857860149746662,0.024457839077478456,0.08154577323364218,0.05827505899919606,0.1743464617364094
2020-10-26,风险平价策略,1.0,0.3,0.15,0.15,0.0616644258622378,0.3042987256003275,0.05864324653997429,0.06597988207663265,0.04637659275984135,0.022991605122344452,0.08255397801680647,0.057491544021835345,0.1732825784575251
2020-10-27,风险平价策略,1.0,0.3,0.15,0.15,0.06132310795451123,0.3049456169163625,0.05843684335655645,0.0659140555014596,0.046197678395546726,0.02306204137148298,0.08247926620068682,0.057641390303393596,0.17293824465185986
2020-10-28,风险平价策略,1.0,0.3,0.15,0.15,0.06171578015047701,0.3043499626659058,0.0594963426818316,0.06407158901414277,0.04539626148770285,0.022765276733442613,0.08364698928982921,0.05855779797666808,0.17336794333723654
2020-10-29,风险平价策略,1.0,0.3,0.15,0.15,0.06636544947294727,0.3080421514854218,0.059185642130213975,0.06825883774233324,0.048025004014401365,0.01983122241738944,0.07518347598452839,0.05510821675276456,0.176172014464466
2020-10-30,风险平价策略,1.0,0.3,0.15,0.15,0.05898100840841169,0.32369744875855905,0.05655168070828022,0.06875496100749223,0.04322438392420948,0.017315221298569383,0.07657154583806529,0.054903750056412584,0.1673388743593011
2020-11-02,风险平价策略,1.0,0.3,0.15,0.15,0.059100835713643,0.32428420666237706,0.05666773314581988,0.06883719289146983,0.04313297571956832,0.017235078533252176,0.07572826512109668,0.055013712212773014,0.16738507393445512
2020-11-03,风险平价策略,1.0,0.3,0.15,0.15,0.05912629566037865,0.32439762375300935,0.056699593931542405,0.06860199597458588,0.04314983648240047,0.01724096800454161,0.07574652157153507,0.05503716462200645,0.16739452650110717
2020-11-04,风险平价策略,1.0,0.3,0.15,0.15,0.05917261539151347,0.3245477523392382,0.05651297817011567,0.06859694698991738,0.04305569733195887,0.017253498218074394,0.07578904352408505,0.055071468035096854,0.1674170719097747
2020-11-05,风险平价策略,1.0,0.3,0.15,0.15,0.060696314757627635,0.3204031142531013,0.0567813487332373,0.07019398368754648,0.040848056597999255,0.017222164856245295,0.07756904881654585,0.05628596829769687,0.16932175564644503
2020-11-06,风险平价策略,1.0,0.3,0.15,0.15,0.06288461466571788,0.31221247617121944,0.058813501706986286,0.07237975922505872,0.039259219372624145,0.017558249588911074,0.0786598982816774,0.05823228098780499,0.17250438093412668
2020-11-09,风险平价策略,1.0,0.3,0.15,0.15,0.06452230845223152,0.30851641382990325,0.060468487698577274,0.07414592247418891,0.04032818081395564,0.018062751310176033,0.07464014835214107,0.05931578706882626,0.17472103524830018
2020-11-10,风险平价策略,1.0,0.3,0.15,0.15,0.06514598066619379,0.31160495942709676,0.05985912079826942,0.07522757155416039,0.04075792701871039,0.018293909534634077,0.07561402213980407,0.053496508861131185,0.17414171943181492
2020-11-11,风险平价策略,1.0,0.3,0.15,0.15,0.06515003233616129,0.31160568272852285,0.05986474889863842,0.07523992561582213,0.04076382466305046,0.01829593737810804,0.07561500877717338,0.05346483960252343,0.1741415787101403
2020-11-12,风险平价策略,1.0,0.3,0.15,0.15,0.06603174160579284,0.31121905359847474,0.05985947586100376,0.07612868299653029,0.04119229925905439,0.018106619823051177,0.07361218044841661,0.05384994640767624,0.1750147010328193
2020-11-13,风险平价策略,1.0,0.3,0.15,0.15,0.060649724652673966,0.30495695981291626,0.06337400935333692,0.08028072748863171,0.0428390221178445,0.0185708832189683,0.07259343896933164,0.05673523438629671,0.17180673562699147
2020-11-16,风险平价策略,1.0,0.3,0.15,0.15,0.06107321460102225,0.3061750438064961,0.06388876919118949,0.07810089560814662,0.043095093500072505,0.0186853683947858,0.0719717389969516,0.05700987590133562,0.1720705121673999
2020-11-17,风险平价策略,1.0,0.3,0.15,0.15,0.06201314259494699,0.30435848139509963,0.06097118433297029,0.0794004452363211,0.04367344410900067,0.018870776813305665,0.07306071500368772,0.057651810514667896,0.17318509933428544
2020-11-18,风险平价策略,1.0,0.3,0.15,0.15,0.06344091162621303,0.29630572926518417,0.06239568253080563,0.08118880154687827,0.044700518186679125,0.019291438198580736,0.07490133438430317,0.0577755842613559,0.17550875768869242
2020-11-19,风险平价策略,1.0,0.3,0.15,0.15,0.06245985869146351,0.29563587904516275,0.061962210781530996,0.08155134304117638,0.04528501037952383,0.019551044875000992,0.07586301767419551,0.057691635511946025,0.17478356064473544
2020-11-20,风险平价策略,1.0,0.3,0.15,0.15,0.062462097456841024,0.29563303533602525,0.0619641925796999,0.08155162053865468,0.045285514404076604,0.019550599469081484,0.07586221762326151,0.0576907225923594,0.1747856733348621
2020-11-23,风险平价策略,1.0,0.3,0.15,0.15,0.0626196906429019,0.29617351358710814,0.06214028199219712,0.08054685625576172,0.045123835978747195,0.019596445220570972,0.07598651903867965,0.057812857284033244,0.17486173270378041
2020-11-24,风险平价策略,1.0,0.3,0.15,0.15,0.061714212417077335,0.29719218080494475,0.06499541245839173,0.08379989738491621,0.04689103329606049,0.020468626409702886,0.07342264396824082,0.051515993260665735,0.17344212445242316
2020-11-25,风险平价策略,1.0,0.3,0.15,0.15,0.05852779325505505,0.30009393037213644,0.06441054641914709,0.08480963477217661,0.04727188346881961,0.020712619191286353,0.07424819630352965,0.049925396217849194,0.17020100529633786
2020-11-26,风险平价策略,1.0,0.3,0.15,0.15,0.05914732257412033,0.29766326834441703,0.06512417080620062,0.08453384043715849,0.04753706628396469,0.020836115605585445,0.07472179091577641,0.0504364250327769,0.171119076171958
2020-11-27,风险平价策略,1.0,0.3,0.15,0.15,0.059705968939664116,0.2954420870310851,0.06572088127998076,0.08526412517868356,0.04798107152235596,0.021037877706610388,0.07393057969940427,0.050917408642215896,0.1720063749544864
2020-11-30,风险平价策略,1.0,0.3,0.15,0.15,0.061301271999818975,0.3011246650447515,0.06734576558590286,0.08694944230936565,0.043248559421909735,0.02010043990350721,0.07555631927546104,0.04437353645928297,0.17154792947443687
2020-12-01,风险平价策略,1.0,0.3,0.15,0.15,0.062450883694000696,0.30011920589794844,0.06448916572694807,0.09287360542513526,0.04604858070741927,0.02159216826428915,0.06492929871842648,0.0474970915658325,0.1736096542624451
2020-12-02,风险平价策略,1.0,0.3,0.15,0.15,0.06465024837556355,0.29319023347924894,0.06682656243108256,0.09564831539898243,0.04687820797297241,0.021920643084455918,0.06182335764371356,0.04906243161398061,0.1767344031533837
2020-12-03,风险平价策略,1.0,0.3,0.15,0.15,0.061722308919510235,0.316235229945596,0.06983109937493312,0.06126119735469306,0.051257089105953065,0.02405092085442927,0.06213277817174483,0.053509376273140376,0.17207284348512586
2020-12-04,风险平价策略,1.0,0.3,0.15,0.15,0.06170120727824575,0.31623430462001906,0.06984127252534592,0.061263720914430185,0.051260012249861854,0.024053939611911233,0.062133790793999034,0.05351175200618695,0.17205600996735074
2020-12-07,风险平价策略,1.0,0.3,0.15,0.15,0.05862152555872371,0.3164745114438835,0.06932373949829247,0.0574572963461792,0.05412166930350985,0.02482977292194881,0.06369431981925217,0.05547716510821022,0.1697784330033582
2020-12-08,风险平价策略,1.0,0.3,0.15,0.15,0.058625468216882796,0.319959376019887,0.06938206179839769,0.057812445772863166,0.05188928365187528,0.023397637803446024,0.06276805926547031,0.05616566747117763,0.1691702307431441
2020-12-09,风险平价策略,1.0,0.3,0.15,0.15,0.05652261778944968,0.3218606889761001,0.07073105564846709,0.056988832833657514,0.050470928688195506,0.02387036369477031,0.0637496110311149,0.05580590133824489,0.16713599323906536
2020-12-10,风险平价策略,1.0,0.3,0.15,0.15,0.056165502477443396,0.32296094508284234,0.07103401308368261,0.057178688137292835,0.05026241393807186,0.023769416464570814,0.06396783132589702,0.054661189490199026,0.16652533306762776
2020-12-11,风险平价策略,1.0,0.3,0.15,0.15,0.060617245744015155,0.3081370053412278,0.07673357744083478,0.05604023636000905,0.05368720314663314,0.025438106384147563,0.06136809718577248,0.05797852839736004,0.17304334024894696
2020-12-14,风险平价策略,1.0,0.3,0.15,0.15,0.05995066058624299,0.3084099092142118,0.07683040828728067,0.056128407966360414,0.05374309051530744,0.02546437879875142,0.061428173900666266,0.05804497073117895,0.1724574999322003
2020-12-15,风险平价策略,1.0,0.3,0.15,0.15,0.059761150199662626,0.31044302741401864,0.07644466580257003,0.055506866744483414,0.052758373328485764,0.025084446259722663,0.061523092252549004,0.05847837799850779,0.17200236519390905
2020-12-16,风险平价策略,1.0,0.3,0.15,0.15,0.05967203918209569,0.3104064931372202,0.07647732130139799,0.055530588310292166,0.05277629674889143,0.025094171854706318,0.061544468811880366,0.058498620653515784,0.17193596721774307
2020-12-17,风险平价策略,1.0,0.3,0.15,0.15,0.05984883578034103,0.3092180139758808,0.07670439787612197,0.05569685223478377,0.052932514278438876,0.025166313317338866,0.06176369211743366,0.058669380419660966,0.17227194032913748
2020-12-18,风险平价策略,1.0,0.3,0.15,0.15,0.060469779135611836,0.3061181347572585,0.07750137666360994,0.056253702540645455,0.052417835896260485,0.025465826918331238,0.06247727184263285,0.05929607224564964,0.1733085874617786
2020-12-21,风险平价策略,1.0,0.3,0.15,0.15,0.0613456099623682,0.31181015036480225,0.07864931167675103,0.04809857763701867,0.051578787911898884,0.024391078018425116,0.06379611292792033,0.06033037150081547,0.17318006362346824
2020-12-22,风险平价策略,1.0,0.3,0.15,0.15,0.051479920146111455,0.3479812344071119,0.05862181571593541,0.04070959472474624,0.05187773684545298,0.021393715020163694,0.0723279082374794,0.055608074902999016,0.15871056979068976
2020-12-23,风险平价策略,1.0,0.3,0.15,0.15,0.051487130016259354,0.3481668308830332,0.058608087157908405,0.040746687940099495,0.051880880527387166,0.02126298893966266,0.0723765613101325,0.05547083322551714,0.15865275722782635
2020-12-24,风险平价策略,1.0,0.3,0.15,0.15,0.05109483940128769,0.3451428139610641,0.05949177339742428,0.041353115579623595,0.052621937917159856,0.021566334678941666,0.07246446346539578,0.05626472159910296,0.15888005082807075
2020-12-25,风险平价策略,1.0,0.3,0.15,0.15,0.05110236543884093,0.34519493233508614,0.059499943345397384,0.041320446509328014,0.05262642821254438,0.021568745214671312,0.07241851978211919,0.05626861916201258,0.15888161332584053
2020-12-28,风险平价策略,1.0,0.3,0.15,0.15,0.05042044859006662,0.348559205527291,0.06055781484435743,0.03874512558120007,0.050069531989019166,0.021519965776845233,0.0731028588447135,0.0570250488465069,0.15789149400989652
2020-12-29,风险平价策略,1.0,0.3,0.15,0.15,0.05052687646800071,0.35629193382773716,0.05776231064876409,0.03746173403594696,0.05101018020385172,0.02170296533158366,0.06892649449211458,0.05631750499200098,0.15701604718574463
2020-12-30,风险平价策略,1.0,0.3,0.15,0.15,0.05052658733157351,0.35629393359295125,0.057761742571731924,0.03746096435082921,0.051009642833230326,0.02170358859520666,0.06892608882845606,0.05631745189602102,0.15701563448970754
2020-12-31,风险平价策略,1.0,0.3,0.15,0.15,0.05257452547493402,0.34716987391033727,0.05616581289292449,0.038669671967249776,0.052988935441247595,0.022033155606706767,0.07192909424720592,0.05846893045939416,0.16020826150024572
2021-01-04,风险平价策略,1.0,0.3,0.15,0.15,0.052428306656364713,0.34354540827481533,0.0569031887592031,0.03902412516553176,0.05365528495778593,0.02230494296469605,0.0729542805148255,0.059184462706777505,0.16067999830754404
2021-01-05,风险平价策略,1.0,0.3,0.15,0.15,0.052610057447197725,0.3446218669628723,0.05705022442459478,0.03886385457198026,0.05259214734411518,0.021551502944393938,0.07319531526051969,0.05951503104432627,0.1605886024277061
2021-01-06,风险平价策略,1.0,0.3,0.15,0.15,0.052611523081150205,0.34461827868255007,0.057050471503562225,0.03886396111231805,0.05259253793803434,0.02155174181565868,0.07319599561206175,0.05951549025466456,0.16059039479810552
2021-01-07,风险平价策略,1.0,0.3,0.15,0.15,0.05291149739009559,0.3464422865078378,0.05737743253274913,0.03858682577953034,0.0528418851076774,0.021660231246734687,0.07206763188699804,0.05811220954837691,0.1604814411688718
2021-01-08,风险平价策略,1.0,0.3,0.15,0.15,0.054638638890518704,0.33956564772062925,0.05921398518274628,0.03976130809452238,0.05220809843323198,0.022412105386030206,0.07454704339092318,0.057653172901398105,0.162845081518288
2021-01-11,风险平价策略,1.0,0.3,0.15,0.15,0.05831566823064123,0.36010177586639636,0.04510437667749188,0.0378509943353596,0.04205179152839458,0.022018574901132015,0.08847551221337849,0.046081306247205855,0.16119040285450353
2021-01-12,风险平价策略,1.0,0.3,0.15,0.15,0.05831772834476288,0.3601064061119853,0.04510586687349515,0.037838288775502556,0.04205304136435734,0.022019216665678645,0.088477287121064,0.0460821647431542,0.16119167322018155
2021-01-13,风险平价策略,1.0,0.3,0.15,0.15,0.058262108698407235,0.3602599987939503,0.045148355129816506,0.03756930744177635,0.04208442563776363,0.022036879273481677,0.08852640540053018,0.046112519624274075,0.16112952660251048
2021-01-14,风险平价策略,1.0,0.3,0.15,0.15,0.05838866115771868,0.3670710726235961,0.04576491317262878,0.03816412784124725,0.041468956868301265,0.021269217649698097,0.08261791244242422,0.04525513824438558,0.16026172417698648
2021-01-15,风险平价策略,1.0,0.3,0.15,0.15,0.06084374250456456,0.355822421052203,0.04751471414902974,0.039708738605897236,0.043215951244182614,0.021796460478307546,0.08396632046783652,0.04713165149797878,0.16412911861648022
2021-01-18,风险平价策略,1.0,0.3,0.15,0.15,0.06279494914483458,0.35648575079281897,0.04905201051527461,0.04092485019812103,0.0417503815361138,0.021543432602767885,0.07945572383888094,0.04799290137118814,0.16586211040581064
2021-01-19,风险平价策略,1.0,0.3,0.15,0.15,0.0631605482573063,0.3579450064423261,0.0484275136982916,0.03999189560223367,0.04188539313296944,0.021648849225442114,0.07872847721453718,0.048212316426893546,0.1660385781286148
2021-01-20,风险平价策略,1.0,0.3,0.15,0.15,0.059561545473681914,0.3752130656418202,0.0496887240091348,0.04118126472942865,0.042900369101296694,0.02236928557140183,0.05958979532551076,0.049495950147725044,0.16153784387664602
2021-01-21,风险平价策略,1.0,0.3,0.15,0.15,0.059587889221016856,0.37534258499470174,0.049716917890326597,0.04120088937322687,0.04271882027976821,0.022303246860946892,0.05960182423892593,0.04952782714108692,0.16153357020168127
2021-01-22,风险平价策略,1.0,0.3,0.15,0.15,0.052502792098881396,0.3975581305974353,0.048155145867773565,0.04219804425285959,0.03889115104418271,0.02148899224344726,0.048919353677507355,0.05028639021791283,0.15282593421762433
2021-01-25,风险平价策略,1.0,0.3,0.15,0.15,0.0512003223489915,0.39995973267324436,0.04866006314371778,0.04260411196951538,0.03931015495610688,0.021701643517975225,0.04677793031754458,0.04978604107290427,0.15145005839392414
2021-01-26,风险平价策略,1.0,0.3,0.15,0.15,0.05671892074183214,0.36960309516142514,0.05126786325386403,0.04646591389369861,0.04225560247364662,0.02373730643975879,0.053181166281960894,0.05677013175381371,0.1611849814534433
2021-01-27,风险平价策略,1.0,0.3,0.15,0.15,0.056739938361132544,0.36970315452093405,0.051297185623310225,0.04648600053467847,0.0422770686423188,0.023747283935127955,0.05319707821877716,0.05655229016372065,0.16116432095215205
2021-01-28,风险平价策略,1.0,0.3,0.15,0.15,0.056892688239619606,0.354738212578185,0.050262288265585396,0.05045842384873425,0.04520579724754157,0.026216747058001498,0.0551862482266924,0.061039594535640306,0.16421610082245722
2021-01-29,风险平价策略,1.0,0.3,0.15,0.15,0.05685289582195829,0.3548140681778191,0.05017237141511654,0.05047190240375692,0.045215693349308424,0.02622187280892217,0.05519615152534518,0.06105504449777344,0.16417491066333248
2021-02-01,风险平价策略,1.0,0.3,0.15,0.15,0.056851730189548026,0.3548144320535125,0.05017373809315482,0.050472389988792186,0.04521509910946019,0.026222057277542017,0.05519771596910538,0.06105283731888493,0.16417359418669053
2021-02-02,风险平价策略,1.0,0.3,0.15,0.15,0.0582489906103289,0.361199526823095,0.048948747496950704,0.04624372890952351,0.047350631943757035,0.027471068015537024,0.05070524966002546,0.05983205654078226,0.16469478248857503
2021-02-03,风险平价策略,1.0,0.3,0.15,0.15,0.06205045992633422,0.3449692630164587,0.05136077505012316,0.049694989220733475,0.048550841490095045,0.029625031571344003,0.053826694769585515,0.05992194495532592,0.17035288184876637
2021-02-04,风险平价策略,1.0,0.3,0.15,0.15,0.06212565599874587,0.34081047852030677,0.05238783522469131,0.05057258168009462,0.04950621375360153,0.030158352698050426,0.05481166518733725,0.05962721693717216,0.17100745108476975
2021-02-05,风险平价策略,1.0,0.3,0.15,0.15,0.06226450102428446,0.34156367988616815,0.05252618903924441,0.05068193266749296,0.04933051660374394,0.03024241667422535,0.054902740540823225,0.05848802356401742,0.17089465652113714
2021-02-08,风险平价策略,1.0,0.3,0.15,0.15,0.062459327134360386,0.3422206075686542,0.05261342593440092,0.05077154100008863,0.049403615885929515,0.03029045588098535,0.053662673132436646,0.058578353463144314,0.17102608409251557
2021-02-09,风险平价策略,1.0,0.3,0.15,0.15,0.062458821084304096,0.34221812198881246,0.05261544053579094,0.05077157946716522,0.04940382669382271,0.03029092310777653,0.053662935036975015,0.05857835208535306,0.17102606340564136
2021-02-10,风险平价策略,1.0,0.3,0.15,0.15,0.0648466053978554,0.33590217788904486,0.05452721892972015,0.0524698432748795,0.04959919911138742,0.029817212260400405,0.05218613671910609,0.06065160641760609,0.17410370914049497
2021-02-18,风险平价策略,1.0,0.3,0.15,0.15,0.06864468361565784,0.3241332810789411,0.05799140904056008,0.05541874766475309,0.05278524278851095,0.031554191030581547,0.05510289829410338,0.05436954648689205,0.17835132291387765
2021-02-19,风险平价策略,1.0,0.3,0.15,0.15,0.06915380832746362,0.32585285316854656,0.05836336607303344,0.055458145391197936,0.05315937584707801,0.03018534156875698,0.05397290110392304,0.05385420852000039,0.1783036302160699
2021-02-22,风险平价策略,1.0,0.3,0.15,0.15,0.06921992710586489,0.3254621187732554,0.058431925548900976,0.055512650336240796,0.0532140933110517,0.030214985543884902,0.054030024208085614,0.053914275172715666,0.17842270364915244
2021-02-23,风险平价策略,1.0,0.3,0.15,0.15,0.06763245746411105,0.326282881595789,0.05865484719815387,0.0554333904245293,0.05338496186723702,0.03031158886533351,0.05423645213864399,0.054063420446202166,0.17700729598093243
2021-02-24,风险平价策略,1.0,0.3,0.15,0.15,0.06754907711885658,0.3269252967509229,0.058760986964619386,0.05515924646605196,0.053586314401634874,0.029764100490663612,0.05436861539651625,0.05388636241073443,0.1767397339683801
2021-02-25,风险平价策略,1.0,0.3,0.15,0.15,0.06795729033448841,0.3263596245091372,0.05910982148090554,0.055455200318668255,0.05391475238815242,0.029936790968431236,0.054144194463172264,0.053122325537044636,0.17710496188161745
2021-02-26,风险平价策略,1.0,0.3,0.15,0.15,0.062372361391123204,0.3439667164799763,0.046594363897619465,0.07095377837926636,0.052073004529128525,0.030465300356235896,0.040658676936168946,0.05291579803048122,0.1704825904016084
2021-03-01,风险平价策略,1.0,0.3,0.15,0.15,0.06376440606024462,0.34942164512896823,0.04621539106448524,0.06349204833073781,0.052000992564188095,0.031112629174023493,0.041087949361366234,0.05290493831598612,0.17100416370875773
2021-03-02,风险平价策略,1.0,0.3,0.15,0.15,0.06522562306732331,0.3759128444303242,0.04601668190933801,0.062407853377601956,0.039034920569663366,0.025193095368028877,0.03783564449646385,0.04837333678125635,0.1671322649218959
2021-03-03,风险平价策略,1.0,0.3,0.15,0.15,0.06529261143422312,0.3756349882666222,0.046062259091066766,0.06246993700301101,0.039017049517483346,0.025219165894364032,0.037875399131828046,0.04842858966140145,0.16723547601243982
2021-03-04,风险平价策略,1.0,0.3,0.15,0.15,0.0700795082505766,0.37720612149942395,0.04369869101649451,0.05427511739838695,0.04164596430603558,0.026887590894953968,0.0373174501524296,0.048889556481698786,0.17140965798754607
2021-03-05,风险平价策略,1.0,0.3,0.15,0.15,0.06644597566114817,0.38082243375595215,0.04317181366370227,0.05477672164715351,0.04205821091371972,0.02715355445780944,0.037737911162438784,0.04783337873807593,0.16777660993439358
2021-03-08,风险平价策略,1.0,0.3,0.15,0.15,0.06609214227886248,0.3810547916339093,0.04314081681847528,0.05481194710149785,0.042087699140038064,0.027174480818450267,0.03776966970452325,0.04786845250424345,0.16745492077539267
2021-03-09,风险平价策略,1.0,0.3,0.15,0.15,0.06566002803454334,0.3878000732753871,0.047173265159639835,0.0517450642211245,0.03531240956518114,0.02537135586670353,0.03640200687071265,0.050535797006707815,0.16618619012584707
2021-03-10,风险平价策略,1.0,0.3,0.15,0.15,0.06359006368934675,0.3954955646855803,0.04553263952510067,0.05294786423182561,0.03231204046690555,0.024336262581742013,0.033986555556626656,0.051799009262872356,0.1634369591290916
2021-03-11,风险平价策略,1.0,0.3,0.15,0.15,0.06519862250716701,0.38922927393751555,0.04670699016394519,0.05418975217790617,0.03312226630382056,0.02493974139023485,0.03348501164274507,0.05312834187666555,0.16591332288584898
2021-03-12,风险平价策略,1.0,0.3,0.15,0.15,0.06640648688474993,0.38925458080631414,0.04666616282637557,0.052933910583175564,0.03370261524471266,0.025386701618630395,0.0340769081054761,0.051572633930565555,0.1667973878142691
2021-03-15,风险平价策略,1.0,0.3,0.15,0.15,0.06680104180440627,0.38742066010686566,0.04694865050608028,0.05323547484450011,0.033882754866776776,0.025531709356902164,0.03428139119399605,0.0518983173204727,0.16743434338968335
2021-03-16,风险平价策略,1.0,0.3,0.15,0.15,0.0674799764691611,0.3896571974050497,0.045485507617850064,0.053368013391457074,0.03246480484199308,0.024534624392825236,0.03465178545620117,0.05235809042546252,0.16757306382305504
2021-03-17,风险平价策略,1.0,0.3,0.15,0.15,0.06710488081967156,0.3898531769471684,0.04552399841074354,0.053397141628598016,0.03248690083215141,0.02455593840961448,0.034677616693502784,0.05240034625854967,0.16723945320473707
2021-03-18,风险平价策略,1.0,0.3,0.15,0.15,0.06837764138177727,0.38714170691305994,0.04643344628277132,0.05215062092345746,0.03317555396364841,0.02413089636600592,0.03511608748752205,0.05347404668175763,0.1687291902628125
2021-03-19,风险平价策略,1.0,0.3,0.15,0.15,0.06315955336634228,0.4023024750440189,0.044087071675219566,0.05328269134395572,0.02636446601830349,0.019118899961303636,0.03746445079274063,0.054220391798115775,0.16144837284276825
2021-03-22,风险平价策略,1.0,0.3,0.15,0.15,0.06317007593349011,0.4024188248168291,0.04411198238130904,0.053302496213030584,0.026366203237180506,0.01911832629779659,0.037462180493278555,0.05404991062708549,0.16142104053433093
2021-03-23,风险平价策略,1.0,0.3,0.15,0.15,0.05939896023797095,0.40837477131696287,0.045063782921397906,0.04856639162248855,0.026798436830666808,0.019444499208471546,0.03734373110319625,0.055009426758845105,0.15762445599173325
2021-03-24,风险平价策略,1.0,0.3,0.15,0.15,0.057513857896685824,0.41082396373499935,0.0442814528748919,0.04890033078251136,0.026845722894439965,0.018776935569954467,0.0376997207321221,0.05515801551439502,0.15561114268889203
2021-03-25,风险平价策略,1.0,0.3,0.15,0.15,0.057489757324555246,0.41149487835575754,0.04340858780137054,0.04893530086298822,0.02677670517689224,0.018828256299322867,0.03778272341787766,0.05528379076123558,0.15552044882307164
2021-03-26,风险平价策略,1.0,0.3,0.15,0.15,0.05795806774122751,0.40929663575755826,0.04377790400302059,0.04934022220331903,0.026990066527353578,0.018977417881305313,0.038113919266191815,0.05554576662002385,0.15625809301806023
2021-03-29,风险平价策略,1.0,0.3,0.15,0.15,0.05808976227852524,0.4092657368583487,0.04387504720615566,0.04937733935513514,0.026903470345108874,0.019022201314172173,0.03780950139936952,0.05565694124318456,0.15640166065900382
2021-03-30,风险平价策略,1.0,0.3,0.15,0.15,0.058660635724747945,0.40827626699696296,0.04385688604720557,0.04989135663955099,0.027483472689490092,0.019434314087541288,0.03849336928483808,0.05390369852966306,0.1568556056901142
2021-03-31,风险平价策略,1.0,0.3,0.15,0.15,0.05880219160581726,0.41157429462942385,0.04365017335853469,0.04851927413976932,0.027496142942142025,0.019573278178763358,0.03830919212330299,0.05207545302224649,0.15633777571090832
2021-04-01,风险平价策略,1.0,0.3,0.15,0.15,0.0594586653540028,0.4094838701736837,0.04340320855478806,0.04902326448131395,0.02775725885329753,0.019466567875943926,0.03873756620425829,0.0526695985027117,0.1572154047067967
2021-04-02,风险平价策略,1.0,0.3,0.15,0.15,0.058659609940288196,0.41006714170276104,0.04349088602083383,0.049111667603994144,0.02781028217681002,0.019503201670872855,0.038600368869314346,0.05275684201512561,0.15648643328481276
2021-04-06,风险平价策略,1.0,0.3,0.15,0.15,0.059978274587594166,0.40775261578367494,0.04430700135766265,0.05008410639189975,0.028578619721394857,0.018310390044255505,0.03880211108319738,0.052186881030320736,0.1576489585182204
2021-04-07,风险平价策略,1.0,0.3,0.15,0.15,0.06087058318617617,0.40383641041731094,0.044844571594503065,0.050507051307195884,0.028998410260304402,0.01849812493267859,0.039412525228218274,0.05303232307361281,0.15904456157386965
2021-04-08,风险平价策略,1.0,0.3,0.15,0.15,0.06182510722223739,0.40137307258768,0.04576493543005318,0.05149554379991849,0.02733956381901357,0.018812938701407905,0.039218394896566505,0.054170443543122955,0.16035509247603577
2021-04-09,风险平价策略,1.0,0.3,0.15,0.15,0.06186313973659075,0.4015154464042854,0.04570731097372568,0.051409154641086315,0.027235388395197454,0.01882845795926909,0.039242545298271723,0.05419855659157364,0.16037190970363344
2021-04-12,风险平价策略,1.0,0.3,0.15,0.15,0.06313544908687632,0.4084581714223044,0.04270727184172862,0.050765097178946686,0.027149963906717818,0.018702984032243554,0.03645057209606639,0.05263049043511625,0.16037804286452315
2021-04-13,风险平价策略,1.0,0.3,0.15,0.15,0.062317033249054576,0.4098319002445815,0.04287897424496426,0.05094201766187531,0.02723147014350485,0.018763889053068052,0.03637779689180638,0.051656918511145004,0.1594010346606965
2021-04-14,风险平价策略,1.0,0.3,0.15,0.15,0.062355175902976706,0.40976325045639683,0.042905857504564056,0.050971503046469184,0.02724837478360444,0.018774369404916436,0.03629344900112727,0.05168801989994497,0.1594504507174691
2021-04-15,风险平价策略,1.0,0.3,0.15,0.15,0.06258840918484097,0.4086427449599163,0.04307347932364546,0.0511650732179248,0.027349572572183137,0.018845461797165522,0.036437756414505376,0.05189750252981846,0.1598308303700891
2021-04-16,风险平价策略,1.0,0.3,0.15,0.15,0.06279795524306722,0.40960136269559794,0.043225287247004446,0.049476249367552766,0.027408282118036486,0.018886123806843586,0.036540052945273876,0.05206468657662368,0.1599015218713827
2021-04-19,风险平价策略,1.0,0.3,0.15,0.15,0.06260075279592077,0.4097644044216711,0.04324813547148357,0.04949031514875637,0.027431952496802112,0.01881541049315151,0.03655892203078493,0.052090107141429615,0.15970526815156813
2021-04-20,风险平价策略,1.0,0.3,0.15,0.15,0.062085713745783415,0.41206810009032596,0.04315408196001443,0.04861320005938918,0.0275664571473314,0.01891708705067385,0.03678002236946586,0.05081533757701583,0.1588196443720031
2021-04-21,风险平价策略,1.0,0.3,0.15,0.15,0.06258036022358254,0.4139512248215652,0.041786488831863866,0.048164420904465426,0.027082207701285062,0.01823628544861865,0.03704575534022154,0.051153256728397746,0.15889973313289096
2021-04-22,风险平价策略,1.0,0.3,0.15,0.15,0.0634413584141951,0.41099815734274153,0.04238491542286093,0.04876750729665074,0.026863333603988696,0.0181416517807388,0.03756466999317143,0.05183840614565261,0.160070956085295
2021-04-23,风险平价策略,1.0,0.3,0.15,0.15,0.06242071357160985,0.411774235664111,0.04249573285965298,0.04888640101949186,0.026928595720363983,0.018187305723011755,0.03766223280052982,0.0516447826412287,0.15909063939131435
2021-04-26,风险平价策略,1.0,0.3,0.15,0.15,0.0645585174977379,0.3983415054120569,0.045028006658321504,0.051671793310348366,0.02817711542847049,0.019020382978583234,0.039939191592183676,0.05326348712229797,0.16297152660524045
2021-04-27,风险平价策略,1.0,0.3,0.15,0.15,0.06453777528633471,0.3965103522684152,0.04537439265723198,0.05206056990039391,0.02839184430809613,0.01916564055784565,0.04025734272260006,0.053702082299082306,0.16326978421083324
2021-04-28,风险平价策略,1.0,0.3,0.15,0.15,0.06568991939992513,0.4022931698665756,0.04243900582915645,0.05096437563359601,0.028834068791140234,0.01945601098636627,0.03755880536657762,0.05276464412666262,0.1634762499438816
2021-04-29,风险平价策略,1.0,0.3,0.15,0.15,0.06572066373130325,0.40232005943630483,0.0424657336018266,0.05098827437139358,0.02884802175300587,0.01946447365400061,0.037401503179275326,0.05279127027288981,0.16350785284993224
2021-04-30,风险平价策略,1.0,0.3,0.15,0.15,0.06319837947021323,0.40609458699358414,0.04177787638245991,0.051540316584102484,0.02823421711697018,0.019724708156712217,0.03740526698204155,0.052024648313916226,0.16082296477529762
2021-05-06,风险平价策略,1.0,0.3,0.15,0.15,0.06319438067038932,0.4061175316684695,0.041775019985602964,0.05153591143343334,0.028231432051744974,0.019723628966169506,0.03740314934936016,0.05201894587483022,0.16081568696748705
2021-05-07,风险平价策略,1.0,0.3,0.15,0.15,0.06392930861542147,0.40276415223647855,0.04226033664650688,0.05211878645143998,0.028566778053881848,0.019852604024398195,0.03784642540216962,0.052661608569703464,0.1619735433757713
2021-05-10,风险平价策略,1.0,0.3,0.15,0.15,0.06393494365868983,0.4028780018350478,0.04226797710118062,0.05212536266791387,0.02854783616140017,0.01985482879623084,0.037724739202609506,0.05266631057692737,0.16196728848773195
2021-05-11,风险平价策略,1.0,0.3,0.15,0.15,0.06155047235937256,0.4194889631781025,0.036413004898625145,0.04309748872326203,0.026111426822691793,0.01909273619634448,0.038730046061057254,0.0555158617605441,0.1578873408419047
2021-05-12,风险平价策略,1.0,0.3,0.15,0.15,0.061542961201180954,0.4195243882315266,0.036407385923054515,0.043091708900921746,0.026108454854788386,0.019090661504146837,0.038725306326556866,0.055509133057823956,0.15787522216408945
2021-05-13,风险平价策略,1.0,0.3,0.15,0.15,0.06265948640659878,0.4350664949621123,0.03414534382638906,0.039163021948275215,0.021505675883420887,0.019478351352015612,0.033143941430073875,0.05483768419111419,0.156817788596846
2021-05-14,风险平价策略,1.0,0.3,0.15,0.15,0.06330876021734931,0.44348143518320243,0.031379612063124576,0.03557599747956247,0.020869683513920597,0.01839840010767965,0.03040614213014258,0.056579969305018366,0.15633921773790696
2021-05-17,风险平价策略,1.0,0.3,0.15,0.15,0.06363383548850367,0.4421750464592781,0.03153483762822061,0.03574739628033158,0.02097161641404225,0.018492221773768105,0.030554060353303117,0.056890985602552485,0.15683755864799104
2021-05-18,风险平价策略,1.0,0.3,0.15,0.15,0.0637597381925544,0.44166209744811225,0.031595850491694,0.035816450765115006,0.021011315143116695,0.01852739281484217,0.03061278876140556,0.05701436638315987,0.15703163323119346
2021-05-19,风险平价策略,1.0,0.3,0.15,0.15,0.06527858260159904,0.4508695754668135,0.027524816899979487,0.031671956887153706,0.019725995744444356,0.01678613627356395,0.029078606577085293,0.05906432954936058,0.15706501980714874
2021-05-20,风险平价策略,1.0,0.3,0.15,0.15,0.059433524959627865,0.4563925467755581,0.02715510648687952,0.0312932902559425,0.020156074415181666,0.016190797946016005,0.02948063906542794,0.05989802009536634,0.15140659880638255
2021-05-21,风险平价策略,1.0,0.3,0.15,0.15,0.06089312655075694,0.4609870773352816,0.025282058117030468,0.028500790504934582,0.01944961665971616,0.015428894361878085,0.028464871139491386,0.06099356533091068,0.152045371832395
2021-05-24,风险平价策略,1.0,0.3,0.15,0.15,0.06383929003312724,0.45289448330501136,0.025979858205138394,0.02664246843693539,0.020434815439518136,0.016214877917744532,0.02994555827798363,0.06404864838454119,0.15607044806069006
2021-05-25,风险平价策略,1.0,0.3,0.15,0.15,0.06399051945999906,0.4527718232214554,0.026032956674683652,0.026693515995630534,0.02047557433566988,0.01624733899155815,0.030011299475918046,0.06377697184508521,0.15618506783064143
2021-05-26,风险平价策略,1.0,0.3,0.15,0.15,0.06409371805245306,0.45331186855226163,0.02586794908018632,0.026426691767419772,0.02048109577340939,0.016286403189455883,0.029659570808180623,0.06387270277663333,0.1562271935865029
2021-05-27,风险平价策略,1.0,0.3,0.15,0.15,0.06969905877009715,0.4378877360743645,0.028136459367721165,0.028720315763660884,0.021245655367619704,0.017234453272961244,0.030749573308921883,0.06632674807465337,0.16343905664388314
2021-05-28,风险平价策略,1.0,0.3,0.15,0.15,0.07088920044582828,0.4354518920397878,0.028582640161812726,0.029172694342119585,0.02158585029987959,0.017511585394312728,0.031273015836469346,0.06553312147978994,0.16470441921769394
2021-05-31,风险平价策略,1.0,0.3,0.15,0.15,0.07089229338787252,0.43548306056419905,0.028583964293504252,0.029173830181876827,0.021588671148931416,0.017503988406155593,0.03124046938458923,0.06553372263287104,0.16470267076052708
2021-06-01,风险平价策略,1.0,0.3,0.15,0.15,0.0708903872631862,0.4354804154285524,0.028584781139911457,0.02917533714603915,0.02158909614735641,0.01750456269027328,0.03124044871527873,0.06553497146940222,0.164701673325009
2021-06-02,风险平价策略,1.0,0.3,0.15,0.15,0.07956299584495895,0.4216807605181787,0.03080031832359296,0.030020377160595232,0.023172751626625732,0.019430619772794703,0.03519641645264514,0.0601357603006085,0.17340703926221845
2021-06-03,风险平价策略,1.0,0.3,0.15,0.15,0.07881439515250369,0.4242779191580069,0.030314969337595993,0.029543129469263633,0.02330921368050248,0.019544946856789636,0.03541103153430316,0.05878439481103454,0.1722786529069586
2021-06-04,风险平价策略,1.0,0.3,0.15,0.15,0.09206130236000384,0.3978954161993614,0.029475707281817247,0.03422664932533479,0.02615468874273209,0.023123095242307216,0.03648285550894437,0.06058028533949908,0.18775200349715748
2021-06-07,风险平价策略,1.0,0.3,0.15,0.15,0.0886811256547819,0.3880186010203478,0.03155646214965781,0.036575934107157676,0.026475920246483337,0.024445350425594876,0.039082992556438455,0.0651636138395381,0.18693279356688128
2021-06-08,风险平价策略,1.0,0.3,0.15,0.15,0.08874105854659387,0.3882583429549084,0.03159964631613894,0.036273015568259556,0.026407804011516867,0.02447131498368342,0.03904082283219621,0.06520799478670262,0.18696083600716915
2021-06-09,风险平价策略,1.0,0.3,0.15,0.15,0.08906538888403497,0.3871500256737226,0.03171464356681245,0.036399096150095,0.02650302565543456,0.024556016857256908,0.03918221999560291,0.06542958321704058,0.18741974953652904
2021-06-10,风险平价策略,1.0,0.3,0.15,0.15,0.08931459072718871,0.38803624350879856,0.031646163233375976,0.03650184809606804,0.026147806615692257,0.024172551852115247,0.03930680042680407,0.06487399553995704,0.1873741251516368
2021-06-11,风险平价策略,1.0,0.3,0.15,0.15,0.09017513695228363,0.38237683170271963,0.03230456044822986,0.037253968314701555,0.026699466107444014,0.02466738168696054,0.04013370319191971,0.06638895159574094,0.18910268158677054
2021-06-15,风险平价策略,1.0,0.3,0.15,0.15,0.07854317604808926,0.413195707212139,0.030039096931482788,0.036195426102517275,0.028976421754446598,0.026604859361469835,0.030983053944686964,0.05546225864516827,0.17446736854121545
2021-06-16,风险平价策略,1.0,0.3,0.15,0.15,0.07883654755323138,0.4155935818090624,0.02835781631813492,0.034541638434683636,0.029251578656751143,0.02685203959003966,0.030855643778728185,0.05571115385936866,0.17446607767122718
2021-06-17,风险平价策略,1.0,0.3,0.15,0.15,0.0807378009588941,0.4138714986556385,0.0291819526302209,0.03547247444047406,0.03004566671004306,0.027003578437188584,0.0311234589185181,0.05256356924902262,0.17594205424633763
2021-06-18,风险平价策略,1.0,0.3,0.15,0.15,0.07893476686335221,0.4346042908283958,0.02692487491444518,0.03321981033274213,0.025412537630300342,0.02368322541692732,0.02838782621938394,0.04883266779445298,0.17068535169514662
2021-06-21,风险平价策略,1.0,0.3,0.15,0.15,0.07860200871190322,0.43518429000874376,0.026582655857150788,0.03303371616267548,0.025469670343994513,0.02373538637209654,0.02846277736091792,0.04892949518251782,0.1703458227908683
2021-06-22,风险平价策略,1.0,0.3,0.15,0.15,0.07860353247908414,0.43517723072806264,0.026584425845498923,0.033036169133508,0.02547052864630706,0.023735107553574417,0.02846432102591161,0.04892868458805307,0.1703478761489662
2021-06-23,风险平价策略,1.0,0.3,0.15,0.15,0.07860224229756728,0.4352026056977057,0.026581821699702624,0.03303181446556234,0.0254681498919648,0.023734075298943714,0.028451462336178568,0.04892782831237494,0.17034346083491653
2021-06-24,风险平价策略,1.0,0.3,0.15,0.15,0.07871230252124621,0.4353718398882332,0.02658761759069004,0.0329737097560852,0.025501692941075713,0.023746122613015095,0.028498390943169364,0.0486083237464851,0.17037557940171164
2021-06-25,风险平价策略,1.0,0.3,0.15,0.15,0.07883037676290613,0.43502101135512655,0.026626932674568216,0.033022692573341325,0.02553906117926248,0.023780109650436445,0.028540736495208646,0.048639079309150214,0.1705303555260033
2021-06-28,风险平价策略,1.0,0.3,0.15,0.15,0.07377167972669561,0.4322007845416184,0.027737833649797525,0.03423601801976906,0.026705321541985308,0.024522236004528884,0.029851112310754574,0.05097501420485056,0.16703318436870973
2021-06-29,风险平价策略,1.0,0.3,0.15,0.15,0.07300385929613883,0.435973818065827,0.027491853205881402,0.034164287540487934,0.024844027416649563,0.023852008106573445,0.030265485321770213,0.050404661046671524,0.16567213270703568
2021-06-30,风险平价策略,1.0,0.3,0.15,0.15,0.07306416116754873,0.4364547358324259,0.02751810136102965,0.034151628844839826,0.024860238295210425,0.02386681223665348,0.03030289938356236,0.04978142287872953,0.16558448214812077
2021-07-01,风险平价策略,1.0,0.3,0.15,0.15,0.07426018739108592,0.4329924369658643,0.027890529859135024,0.03402501845676273,0.02515881780481072,0.02425256933516608,0.03079234244020975,0.05062809774696538,0.1672081791462247
2021-07-02,风险平价策略,1.0,0.3,0.15,0.15,0.07128330587174855,0.4350966691008055,0.028014182912172246,0.03416433726531878,0.025266393149753832,0.024373268527790367,0.030943132049558186,0.05085871112285247,0.1644670648728596
2021-07-05,风险平价策略,1.0,0.3,0.15,0.15,0.07064983108660325,0.435773247699371,0.028075577966013406,0.03422484411765713,0.025310179561391387,0.02441510203728654,0.030587677518048133,0.05096354001362918,0.16387398227100547
2021-07-06,风险平价策略,1.0,0.3,0.15,0.15,0.07193853427070376,0.43174476866835676,0.028598566344568022,0.03437046248479012,0.025763913779890898,0.02484112855534382,0.030791679049501003,0.05195094684684557,0.16568540797395337
2021-07-07,风险平价策略,1.0,0.3,0.15,0.15,0.07192557374252523,0.4439397085353044,0.02752236853226435,0.03333399609894318,0.020610470852690885,0.02023631863070995,0.02853971717837346,0.053891846429188484,0.163540367037047
2021-07-08,风险平价策略,1.0,0.3,0.15,0.15,0.06211829098616194,0.45512239643099944,0.02776415334548928,0.032571598959936186,0.019272713105613383,0.01914389912922219,0.029601378785297165,0.054405569257280344,0.1536342188492375
2021-07-09,风险平价策略,1.0,0.3,0.15,0.15,0.06232150508448913,0.45435958397495163,0.027851517271529694,0.032671081503929875,0.019331233340508888,0.01920175376124017,0.029672083025148326,0.05459124203820214,0.1539378999233857
2021-07-12,风险平价策略,1.0,0.3,0.15,0.15,0.061983193256980734,0.45470328053915,0.02787235452531936,0.03270010690490903,0.01934740051562386,0.0192183232239976,0.02969641524753381,0.05447892578648556,0.15359592382102666
2021-07-13,风险平价策略,1.0,0.3,0.15,0.15,0.06198229804340416,0.4547025292263124,0.027874198354557705,0.03269916761250716,0.019346827739603084,0.019218419011503268,0.029697497083744234,0.05447906292836804,0.1535952668690357
2021-07-14,风险平价策略,1.0,0.3,0.15,0.15,0.06198577172355649,0.454727157250843,0.027834309406859718,0.03270221750499307,0.019348728272263964,0.01921962282682504,0.02969996097757279,0.05448223203708591,0.15359537796906142
2021-07-15,风险平价策略,1.0,0.3,0.15,0.15,0.07437263665768047,0.41023817645616995,0.03371216265724025,0.038172947246934076,0.021399620951267764,0.01933446591855684,0.03609753562492256,0.06667245448722804,0.17131614019707012
2021-07-16,风险平价策略,1.0,0.3,0.15,0.15,0.07441890620902761,0.41054680752297074,0.03373339842360549,0.038194861985895244,0.021420516677849583,0.019178747920463576,0.0361207227739463,0.06638603848624133,0.17125356996916535
2021-07-19,风险平价策略,1.0,0.3,0.15,0.15,0.07556371374933113,0.4119227014342285,0.033398156632064406,0.03748494250372673,0.021760655849911475,0.019230015263901022,0.03680344556487945,0.06383636900195713,0.17171462476982904
2021-07-20,风险平价策略,1.0,0.3,0.15,0.15,0.0742169269010294,0.41825234522889104,0.032587357132172645,0.03605579435511815,0.019828296426469348,0.017210548163919717,0.03726840978334503,0.06458032200905463,0.16946170900904248
2021-07-21,风险平价策略,1.0,0.3,0.15,0.15,0.07364194191879199,0.42041464019206476,0.032739171202725764,0.03525213235033198,0.019961694735286875,0.017235551770325815,0.036820752508446394,0.06393411532202635,0.1686280312798513
2021-07-22,风险平价策略,1.0,0.3,0.15,0.15,0.07552722694487747,0.4176423086482662,0.03365008304257802,0.03618968069454046,0.020450031063173005,0.017655322831583747,0.03592513155054238,0.06296021522443868,0.17056798281028263
2021-07-23,风险平价策略,1.0,0.3,0.15,0.15,0.07454079219655717,0.4186449196960102,0.03378622045468569,0.0363159851598782,0.020520217587646945,0.017710170152577285,0.03527073055324822,0.06321096419939622,0.16966322447376558
2021-07-26,风险平价策略,1.0,0.3,0.15,0.15,0.06240348459679466,0.4283377778366692,0.034885683303233134,0.03740286783084338,0.02074817738493369,0.018250191944105546,0.03278655834956166,0.06518525875385871,0.1585594738382396
2021-07-27,风险平价策略,1.0,0.3,0.15,0.15,0.05552905956780911,0.4032929460423802,0.04116463524352126,0.04411401353908111,0.024605089821300948,0.021691782341207375,0.03939870046057885,0.07020377298412114,0.1571590901383217
2021-07-28,风险平价策略,1.0,0.3,0.15,0.15,0.055468616492880034,0.4035380095597762,0.04121512307173709,0.04374872489000613,0.02462863013802874,0.02171052915543107,0.039433300424893146,0.0702570662672475,0.1570838264690216
2021-07-29,风险平价策略,1.0,0.3,0.15,0.15,0.05546554012686213,0.40357256109789313,0.04117334887161119,0.043750701600253135,0.02462927881490114,0.021711730536886565,0.039438729388575476,0.07025810956301722,0.15707673889830429
2021-07-30,风险平价策略,1.0,0.3,0.15,0.15,0.055466280335360885,0.4035775207397817,0.041173961758572394,0.04375096270234925,0.024628055994956394,0.021709863260726277,0.039436169359216705,0.07025718584903634,0.15707634608460624
2021-08-02,风险平价策略,1.0,0.3,0.15,0.15,0.05529987383908064,0.40909869880128946,0.04100435045793464,0.043125491107127635,0.024786372375534306,0.02163835238391575,0.03938215838592643,0.06566470264919094,0.15563186935816062
2021-08-03,风险平价策略,1.0,0.3,0.15,0.15,0.05622200446743096,0.39962823710619705,0.040404042133812726,0.04358503749336819,0.02450925830075559,0.021190456153667284,0.042361891725239485,0.0720990726195287,0.158293269273486
2021-08-04,风险平价策略,1.0,0.3,0.15,0.15,0.05646159783937514,0.3992849263936412,0.040284703408447954,0.04378302834009556,0.024612399742808926,0.021275100276308172,0.04185747390405987,0.07244077009526313,0.15861158535788072
2021-08-05,风险平价策略,1.0,0.3,0.15,0.15,0.05720981222824872,0.4041876486722224,0.0384565926002478,0.04464301201713326,0.022666698479279154,0.019858159936477087,0.04075541548956976,0.07222266057682176,0.15833893908013955
2021-08-06,风险平价策略,1.0,0.3,0.15,0.15,0.05759735882211523,0.4033198810599362,0.038693095752353926,0.044924212691918756,0.022794740540408632,0.019974897973233444,0.04101440984414794,0.07168140331588582,0.1587288646511887
2021-08-09,风险平价策略,1.0,0.3,0.15,0.15,0.07819571748240071,0.3477983018216784,0.046002993465596255,0.06030074222693311,0.02624520082425694,0.022794687789602877,0.05504000135363129,0.06362235503590023,0.18262471655756812
2021-08-10,风险平价策略,1.0,0.3,0.15,0.15,0.07822103805928769,0.3479015170412397,0.04602058624698988,0.0603183573768782,0.02625221666081814,0.022802707583406405,0.05505873813975321,0.06342483889162667,0.1826091410719901
2021-08-11,风险平价策略,1.0,0.3,0.15,0.15,0.07863875964881752,0.3462662000922194,0.04626286251551324,0.06062125827363207,0.0263531457304732,0.022926854489059217,0.05522731833895407,0.06370360091133119,0.18323006182730242
2021-08-12,风险平价策略,1.0,0.3,0.15,0.15,0.07902958887893337,0.347038665693051,0.04652576373726114,0.06076481129762714,0.02647770381663459,0.022870994291591167,0.0533218326329158,0.06397063965198588,0.18353559269381392
2021-08-13,风险平价策略,1.0,0.3,0.15,0.15,0.0793983792850186,0.34498442602350315,0.0463778301301767,0.061284060961374766,0.026632428422085953,0.022982515947644097,0.05374772082750856,0.0645926384026882,0.18420395290558395
2021-08-16,风险平价策略,1.0,0.3,0.15,0.15,0.08015821281627059,0.34298993870091476,0.04636190254844994,0.06196541760426788,0.026044679073500977,0.02289471911727663,0.0542700015971387,0.06531512854218056,0.1851625742676906
2021-08-17,风险平价策略,1.0,0.3,0.15,0.15,0.07597228992475913,0.34572565184824433,0.04663797534828488,0.06238532864328524,0.02623328935012731,0.02271078367577702,0.05463608514348595,0.06569859606603601,0.18128456779253
2021-08-18,风险平价策略,1.0,0.3,0.15,0.15,0.07717200163520972,0.3502676583301289,0.0447702341660498,0.058254191316688936,0.025787495169724804,0.02324384127329788,0.05366001220519857,0.06684456590370134,0.18192678459672187
2021-08-19,风险平价策略,1.0,0.3,0.15,0.15,0.0709764140514248,0.3719039149932594,0.03797940136133884,0.05555775747628208,0.024767970940030686,0.02096417763288676,0.04953256365305708,0.06831779989172039,0.17372726648718376
2021-08-20,风险平价策略,1.0,0.3,0.15,0.15,0.07164509198013175,0.3692917276889601,0.03833101023990477,0.05605321523409091,0.024938896204368226,0.021140104246548896,0.049560635149158,0.06903931925683741,0.17475719892313832
2021-08-23,风险平价策略,1.0,0.3,0.15,0.15,0.07305495051076595,0.36516485415848937,0.03908850097103723,0.057112060333164336,0.025358559537035648,0.021547682062068516,0.04858263745685981,0.07009075497057912,0.17672352931571236
2021-08-24,风险平价策略,1.0,0.3,0.15,0.15,0.07306526642148661,0.3651540745910304,0.03908838548143931,0.057116207575241766,0.025361155487147444,0.021547732532558553,0.04858415299975628,0.07008302491133968,0.17673271088370857
2021-08-25,风险平价策略,1.0,0.3,0.15,0.15,0.07308319859692818,0.36548891044346044,0.03910581484379501,0.05713544230059881,0.025367581299291585,0.021555198787447636,0.048602035013986175,0.0696618187144922,0.17665274872585654
2021-08-26,风险平价策略,1.0,0.3,0.15,0.15,0.07902341752621432,0.34477913649116076,0.04098961768292024,0.0583864437901055,0.02702383299508749,0.023428083072581592,0.05251012745224326,0.07385934098968677,0.18514103601247237
2021-08-27,风险平价策略,1.0,0.3,0.15,0.15,0.07903451802992884,0.3448043188097314,0.04099300103470286,0.05839042334143736,0.027024104880501082,0.02342914820007359,0.05246420581905318,0.07386027988457158,0.18514862427822026
2021-08-30,风险平价策略,1.0,0.3,0.15,0.15,0.07904131456459705,0.3448647907063267,0.041002090683132576,0.058401702309094465,0.026910526857623737,0.02344003265245868,0.052472444588499825,0.07386709763826695,0.1851473463608141
2021-08-31,风险平价策略,1.0,0.3,0.15,0.15,0.07981238989897803,0.3428077957854789,0.04142710791340332,0.058180350139992565,0.02682207408553531,0.023701292691733628,0.05270411265035521,0.07454487683452306,0.18618804449626675
2021-09-01,风险平价策略,1.0,0.3,0.15,0.15,0.07710767096365179,0.34880394901730727,0.03942060466366337,0.05479316758167322,0.027496123275651818,0.024287293880631812,0.05205043740212726,0.07604075321529341,0.18340621600956003
2021-09-02,风险平价策略,1.0,0.3,0.15,0.15,0.07785142870630321,0.3461191395127774,0.039842427659403636,0.05535418027252586,0.027046746315243196,0.024472655711667773,0.05255182937406942,0.07676159244800954,0.1844900448686281
2021-09-03,风险平价策略,1.0,0.3,0.15,0.15,0.07794185670815046,0.3455610005995157,0.04035326858263083,0.054347076826157074,0.02734722415378875,0.02473744116676246,0.05241824461521376,0.07729388734778082,0.18475460652540893
2021-09-06,风险平价策略,1.0,0.3,0.15,0.15,0.07834986685551834,0.3441980248999141,0.04058911035422744,0.05464144508840387,0.027377849430387007,0.024431493473975382,0.0526497656550208,0.07776244424255302,0.18528197258674267
2021-09-07,风险平价策略,1.0,0.3,0.15,0.15,0.08029472752562014,0.3371050127131988,0.04089979415635197,0.0560383984067074,0.02810126256299974,0.025067189170016796,0.05393164832438304,0.07856196714072214,0.18803964390522693
2021-09-08,风险平价策略,1.0,0.3,0.15,0.15,0.08167955284290368,0.34524165006875407,0.040710284392405226,0.057255089602200306,0.026015242332558752,0.02520245552649673,0.05154523964509839,0.07235048558958276,0.18743144801771933
2021-09-09,风险平价策略,1.0,0.3,0.15,0.15,0.08223189723917147,0.3442551110624138,0.04099947843206153,0.057638311455307865,0.02620056706693015,0.025373236456063257,0.05134537601667452,0.07195602227137735,0.18801643858318265
2021-09-10,风险平价策略,1.0,0.3,0.15,0.15,0.08014080154105886,0.3455636815149501,0.041188447117382204,0.0578971977182755,0.026203984090376553,0.02521172308165992,0.05159302425067524,0.07220114068562153,0.18607943797869486
2021-09-13,风险平价策略,1.0,0.3,0.15,0.15,0.08376236961056992,0.33127269438925655,0.04307604995638706,0.06050003692779226,0.027446898499839396,0.026392455802554227,0.0538585365064747,0.07369095830712583,0.191362997545397
2021-09-14,风险平价策略,1.0,0.3,0.15,0.15,0.06945374289938834,0.3544891818297539,0.03950727231953214,0.039108764483484826,0.029886446111276433,0.028919921206897275,0.059751469260162934,0.07888320188950407,0.17708459649162134
2021-09-15,风险平价策略,1.0,0.3,0.15,0.15,0.06940289515325514,0.35034270683335506,0.040137564943133155,0.03978037503590158,0.030385265534997756,0.029405780559599196,0.06016856204656746,0.08037684989319058,0.17785110917690305
2021-09-16,风险平价策略,1.0,0.3,0.15,0.15,0.06852448776854796,0.352560703743027,0.04013746464318366,0.03993979756074373,0.030515307034123182,0.0295304148170528,0.06047235876360765,0.07831946566971405,0.17657905927879877
2021-09-17,风险平价策略,1.0,0.3,0.15,0.15,0.06113633845398072,0.3612852871462214,0.040125620060664086,0.041125396120710526,0.03057514832778509,0.030190354504175784,0.06196321227607578,0.07359864311038654,0.168690159545514
2021-09-22,风险平价策略,1.0,0.3,0.15,0.15,0.06142401569598135,0.3626361455215007,0.03969937755719849,0.041349848145528514,0.030145872311593578,0.03033627766763126,0.060409768151437365,0.07399869494912875,0.168863107038511
2021-09-23,风险平价策略,1.0,0.3,0.15,0.15,0.06148674319826211,0.363758794639162,0.039672411165576016,0.041401969799060565,0.0302063075945523,0.030393528484443533,0.060507700474918345,0.0725725446440251,0.16859992898674525
2021-09-24,风险平价策略,1.0,0.3,0.15,0.15,0.04871922357648519,0.36227650228608904,0.04464707937712345,0.041238722166480606,0.03321852564565616,0.033456752844981515,0.06205652404175628,0.07438667006142767,0.15876679039339778
2021-09-27,风险平价策略,1.0,0.3,0.15,0.15,0.04626625752905626,0.3599461705098367,0.04583958724701325,0.040218975612319546,0.033865451280879984,0.03413869431679241,0.06347554403724001,0.07624931946686186,0.15731742092398113
2021-09-28,风险平价策略,1.0,0.3,0.15,0.15,0.0474537184880962,0.3603836926156726,0.04693572126641221,0.04082359128246846,0.03475316574273544,0.03495729101454633,0.06090816740478583,0.07378465218528303,0.1581769364867302
2021-09-29,风险平价策略,1.0,0.3,0.15,0.15,0.040731294718138,0.3725357260828212,0.04454605150862695,0.04281489207794365,0.03134656061505633,0.030273198744798526,0.061262210763223045,0.07649006548939227,0.15042008348320376
2021-09-30,风险平价策略,1.0,0.3,0.15,0.15,0.04154879712583228,0.3716772943628629,0.04454856137553077,0.04221386445602531,0.03176915964866159,0.03081044722084837,0.06136665992766164,0.07606521588257725,0.1512587441066144
2021-10-08,风险平价策略,1.0,0.3,0.15,0.15,0.04371267719107768,0.3514221748186555,0.04952001727147036,0.046859919965199684,0.03533214263937122,0.03414357500737273,0.05324006905827313,0.08576942404857962,0.15778807748164148
2021-10-11,风险平价策略,1.0,0.3,0.15,0.15,0.0462445731363424,0.33480460168040516,0.05221088681435652,0.04941387851895692,0.037304932713645746,0.03601796208142861,0.054907727264295776,0.08909543779056889,0.16282696418477735
2021-10-12,风险平价策略,1.0,0.3,0.15,0.15,0.04567441491509028,0.33767812640295336,0.05116979647648179,0.04995511607503471,0.03511443554165483,0.03657653382215641,0.05384387520928607,0.08998770155734247,0.16216655916184122
2021-10-13,风险平价策略,1.0,0.3,0.15,0.15,0.04326966696716847,0.34259160403408967,0.05199201865430767,0.050594082757874866,0.034644894038051766,0.03591510949301309,0.05013343191589678,0.09085919213959763,0.15958862026635684
2021-10-14,风险平价策略,1.0,0.3,0.15,0.15,0.04306546169244109,0.342695609999146,0.05201162593914063,0.05062421695932276,0.034622344878471184,0.035932980411411616,0.05015967574426518,0.09088808437580156,0.15940836063914463
2021-10-15,风险平价策略,1.0,0.3,0.15,0.15,0.04309523191683742,0.34261182578091326,0.05204553244854937,0.05065540026089773,0.0346470962519202,0.035957272563083044,0.05017965186059119,0.09080798891720775,0.15943860201657983
2021-10-18,风险平价策略,1.0,0.3,0.15,0.15,0.04732475665593465,0.32215222362927004,0.056934554721704694,0.055302305367197345,0.03794728849067143,0.039308190913362455,0.05245040860745877,0.08858027161440056,0.16598714916758267
2021-10-19,风险平价策略,1.0,0.3,0.15,0.15,0.04811658243475559,0.3250478509044321,0.056544621597614836,0.05276132335681288,0.03817797771976262,0.03721386993796124,0.0526498942590135,0.08948787978964712,0.16603151708735503
2021-10-20,风险平价策略,1.0,0.3,0.15,0.15,0.04590007538052393,0.34412891980433014,0.04637032903457947,0.035132043267603066,0.037220689733134936,0.038930131849100484,0.05866711253568367,0.09365069839504431,0.16217775757057779
2021-10-21,风险平价策略,1.0,0.3,0.15,0.15,0.04593690005093095,0.34427055005593893,0.04613911993727768,0.03517444403557655,0.037074917457064066,0.03897934624159233,0.058710858311866024,0.09371386390975346,0.1622022542782701
2021-10-22,风险平价策略,1.0,0.3,0.15,0.15,0.0481179742838898,0.3392833359168354,0.048059798276322986,0.03036130385677989,0.03864642818418218,0.037722394033130366,0.06065457528197833,0.09715419016688107,0.16487676093840373
2021-10-25,风险平价策略,1.0,0.3,0.15,0.15,0.04814266966298565,0.33953561806043137,0.04795303052595411,0.030377018032980308,0.03866928252520154,0.037740152943892546,0.06068894944932125,0.09689327879923315,0.16483417634745287
2021-10-26,风险平价策略,1.0,0.3,0.15,0.15,0.047729938046031054,0.3408100212125151,0.04807538291340412,0.029732868656294868,0.038833358765592234,0.037699176359233234,0.05993535107152015,0.09718390297540927,0.1643680047250133
2021-10-27,风险平价策略,1.0,0.3,0.15,0.15,0.044694125963341096,0.3612563900048545,0.044485220003515936,0.024929977638112204,0.032693328303985573,0.03951372498018308,0.06116829556791756,0.09125893753809003,0.1585386060759536
2021-10-28,风险平价策略,1.0,0.3,0.15,0.15,0.040693404756407356,0.3647003933911853,0.045442047144827274,0.024834835252051282,0.03237244316286291,0.037549859791521006,0.06206237307712902,0.09234464342401574,0.15449909490441216
2021-10-29,风险平价策略,1.0,0.3,0.15,0.15,0.040935490008532124,0.3655153221561559,0.045152264020968516,0.025273818727704424,0.03234917159171081,0.03840519907492733,0.0613031515777491,0.0910655828422517,0.15459834207772916
2021-11-01,风险平价策略,1.0,0.3,0.15,0.15,0.04151650582927997,0.37220116237626716,0.04477377007398128,0.025524772026361938,0.032874543290625655,0.03771577655278436,0.05600617036938315,0.08938729948131648,0.15403626848382734
2021-11-02,风险平价策略,0.0,0.0,0.0,0.0,0.05668224093631834,0.5340520072899747,0.06326352208868376,0.0367537368982706,0.047299653333370086,0.05424057791702485,0.07931888512065534,0.1283893764157023,0.1576947090186831
2021-11-03,风险平价策略,0.0,0.0,0.0,0.0,0.05776279024538887,0.542093682181527,0.06471033574657103,0.037386640884203584,0.04482489129046973,0.05185192440326828,0.07926810352793667,0.12210163172063486,0.15635680622968623
2021-11-04,风险平价策略,0.0,0.0,0.0,0.0,0.05853143636826678,0.5524871432484147,0.0610637349179475,0.035362607743566164,0.04360458452418759,0.04770687031879502,0.08114322727934106,0.12010039559948114,0.15462753796061468
2021-11-05,风险平价策略,0.0,0.0,0.0,0.0,0.05454081352473791,0.5691768437213574,0.060853586534186314,0.030354611756951713,0.04390332012127928,0.048731619127171236,0.06849949652259936,0.12393970869171687,0.15002928186728484
2021-11-08,风险平价策略,0.0,0.0,0.0,0.0,0.0545606100600956,0.5689880303165938,0.060875340049386654,0.030366381409617282,0.04392400082946695,0.04875406078458612,0.06852956952512775,0.12400200702512575,0.15008177184882984
2021-11-09,风险平价策略,0.0,0.0,0.0,0.0,0.0545632848348449,0.5694228836283729,0.06101156553449914,0.03041743287174827,0.0436076544047429,0.048172384859075115,0.06861386260990449,0.12419093125681226,0.14994922396545915
2021-11-10,风险平价策略,0.0,0.0,0.0,0.0,0.05471678700529123,0.5673994799597833,0.06110932340141694,0.03048665476050963,0.043850816724425805,0.048443296793724985,0.06902349759766574,0.12497014375718221,0.15047831926704602
2021-11-11,风险平价策略,0.0,0.0,0.0,0.0,0.05823351427542303,0.5488088379874558,0.06534332545108612,0.03242397978304491,0.04199516621166762,0.04555665175584707,0.07349860594493965,0.1341399185905358,0.15642780685861712
2021-11-12,风险平价策略,0.0,0.0,0.0,0.0,0.05807553380979225,0.5478874273909917,0.06566965750579683,0.03250629893185447,0.04207503584903286,0.04533162411358792,0.07367872532955483,0.13477569706938922,0.1564551778075461
2021-11-15,风险平价策略,0.0,0.0,0.0,0.0,0.057993300430088844,0.550316543546792,0.06602909939823129,0.03240606277234509,0.0416490060664347,0.04463908814625019,0.07395433701634425,0.1330125626235135,0.15572326055085337
2021-11-16,风险平价策略,0.0,0.0,0.0,0.0,0.057687897612118344,0.5497196784832026,0.06554806636756391,0.031663400009615816,0.04197139568751059,0.044970571799357074,0.07452428765111446,0.13391470238951717,0.15569471850092792
2021-11-17,风险平价策略,0.0,0.0,0.0,0.0,0.05829490608765786,0.5494287058978261,0.06589507084036333,0.03196008469308761,0.042102851246434425,0.04464852438563246,0.07529399942128756,0.13237585742771069,0.1559859211402783
2021-11-18,风险平价策略,0.0,0.0,0.0,0.0,0.05890794404569721,0.557400878000103,0.061186355718716744,0.032028674687045136,0.039186178130700876,0.03961802938894979,0.07656037233918708,0.13511156768960023,0.15488087790448715
2021-11-19,风险平价策略,0.0,0.0,0.0,0.0,0.061043856746891445,0.5418145183306221,0.06334522506052902,0.033174667122708265,0.04063683557307196,0.041105186651044595,0.07959232835203059,0.13928738216310196,0.159441793921664
2021-11-22,风险平价策略,0.0,0.0,0.0,0.0,0.06255644290140894,0.5566642086651447,0.06368453818319388,0.0334111422401688,0.03921356202544318,0.0373042675440404,0.078792224433843,0.12837361400675712,0.15679962924248544
2021-11-23,风险平价策略,0.0,0.0,0.0,0.0,0.06376890336709082,0.5632945121728938,0.06510405528203186,0.03404052243544111,0.03965559169312449,0.038200611746949165,0.08069511038198547,0.11524069292048326,0.15543780332045717
2021-11-24,风险平价策略,0.0,0.0,0.0,0.0,0.06380369141955797,0.5639852796931589,0.06514927372554635,0.03405790640128813,0.039690003251293286,0.03823011978607471,0.08075827945348309,0.11432544626959754,0.15526711240088434
2021-11-25,风险平价策略,0.0,0.0,0.0,0.0,0.06396616520919694,0.5627208060684037,0.06561597156986503,0.034301803532285756,0.03999586221853438,0.03812294787982311,0.08006164926008566,0.11521479426180534,0.15568782607306203
2021-11-26,风险平价策略,0.0,0.0,0.0,0.0,0.060526638182066814,0.5753472958844915,0.05979326197873531,0.032110072623343526,0.03617060884920997,0.03602316223314042,0.08109916661247059,0.11892979363654173,0.1511345034123352
2021-11-29,风险平价策略,0.0,0.0,0.0,0.0,0.05985753561297634,0.574854012355216,0.06114964705574492,0.03355560708507628,0.03393745082020546,0.0326290716639603,0.08432189087658046,0.11969478453024021,0.1500687816387131
2021-11-30,风险平价策略,0.0,0.0,0.0,0.0,0.06280833053521488,0.583087813853645,0.06001210564182971,0.03465347360076337,0.030338332108048104,0.028552505933871066,0.07945195901033425,0.1210954793162935,0.15106182579748345
2021-12-01,风险平价策略,0.0,0.0,0.0,0.0,0.06350221582912721,0.5796332321190055,0.06066750158054318,0.03502649980676798,0.03068596106951185,0.0288822717855536,0.08041416004548639,0.1211881577640042,0.15214955218710072
2021-12-02,风险平价策略,0.0,0.0,0.0,0.0,0.06714860915599057,0.5698216132404326,0.059642256586515265,0.03510940171167926,0.0316963010452105,0.028945465632561614,0.0849483529173804,0.12268799971022988,0.15660126079294184
2021-12-03,风险平价策略,0.0,0.0,0.0,0.0,0.06807063016696696,0.5646636131095806,0.06045923052460087,0.03558805153795326,0.03214414262682625,0.02936173180232292,0.0862105790203354,0.12350202121141374,0.15820298525985838
2021-12-06,风险平价策略,0.0,0.0,0.0,0.0,0.06784306546037065,0.5666432511390329,0.06004053096243164,0.03515910086862194,0.0322943104150905,0.02948668488450218,0.08458432381877186,0.12394873245117817,0.15786846694819137
2021-12-07,风险平价策略,0.0,0.0,0.0,0.0,0.07310061942297065,0.5395140681317531,0.06457593955601887,0.03783184141828878,0.03478391443159307,0.031794947701900375,0.08580431214710542,0.13259435719036983,0.1673423453925599
2021-12-08,风险平价策略,0.0,0.0,0.0,0.0,0.07320519976043302,0.5390743581522811,0.06467831774794906,0.03788472021554754,0.03472771811478239,0.03184884141766164,0.08577530424838034,0.1328055403429649,0.16752382696988385
2021-12-09,风险平价策略,0.0,0.0,0.0,0.0,0.07327572168433034,0.5397773420329068,0.06474591529889011,0.03780173634530789,0.034762196346030894,0.03187839818396936,0.08585463535729178,0.13190405475127273,0.16738267822272446
2021-12-10,风险平价策略,0.0,0.0,0.0,0.0,0.07281693919815267,0.5420759319582349,0.06472325496840724,0.03800224667212826,0.03435861369437901,0.03119180288529188,0.086244354824099,0.13058685579930707,0.1664033447618709
2021-12-13,风险平价策略,0.0,0.0,0.0,0.0,0.07257517660377905,0.5397312874319095,0.06512956976664126,0.03825699766352121,0.03457642116447653,0.03138875829297751,0.08685931252723413,0.13148247654946094,0.1666395078925061
2021-12-14,风险平价策略,0.0,0.0,0.0,0.0,0.06895708241651324,0.5508563436708179,0.06336684284450451,0.03935593448597019,0.03370463592304117,0.030157069954661306,0.07929485746607794,0.13430723323841365,0.16245854265091422
2021-12-15,风险平价策略,-1.0,0.0,0.0,0.0,0.07029409404448744,0.561929356360505,0.06082425908062574,0.038729935806323834,0.03419678977358224,0.02951362687616093,0.08072835925597273,0.12378357880234198,0.1606829027652247
2021-12-16,风险平价策略,-1.0,0.0,0.0,0.0,0.07092951132199107,0.55778414037218,0.06135891070248678,0.03907475551001501,0.03450547280465319,0.029783038641035986,0.08152106543061226,0.12504310521702575,0.16194981213396523
2021-12-17,风险平价策略,-1.0,0.0,0.0,0.0,0.07092991074251971,0.5577881455640016,0.06136127819077978,0.03907326522657132,0.03450476136936674,0.029778004595270347,0.08152609551631934,0.1250385387951712,0.16194809551144423
2021-12-20,风险平价策略,-1.0,0.0,0.0,0.0,0.07071574168289609,0.562385593378002,0.059719639934784845,0.039238135014730995,0.03268534640127887,0.027691861573087843,0.08091182987460269,0.1266518521406167,0.1610075865839452
2021-12-21,风险平价策略,-1.0,0.0,0.0,0.0,0.07083504801413963,0.5641848118749674,0.05985959428803343,0.03931671033849173,0.03276107015095645,0.027757773816563663,0.08079269608804719,0.1244922954288006,0.16062063980973112
2021-12-22,风险平价策略,-1.0,0.0,0.0,0.0,0.07063596586693316,0.5645551940268537,0.059900628020738804,0.03934720070172924,0.03278319977606463,0.02777601182008098,0.08084884578066306,0.12415295400693649,0.1603641431309847
2021-12-23,风险平价策略,-1.0,0.0,0.0,0.0,0.07064589963800387,0.5645261245785081,0.059904462129287045,0.03934961811988708,0.03278227469659887,0.027778380893205303,0.08084331231917645,0.12416992762533344,0.16037898451316826
2021-12-24,风险平价策略,-1.0,0.0,0.0,0.0,0.07022853511420116,0.5600830110950211,0.05990227838199101,0.0396310037703884,0.03334009290033188,0.028243051199476055,0.08229552721575742,0.1262765003228329,0.16091736634128784
2021-12-27,风险平价策略,-1.0,0.0,0.0,0.0,0.07114026563118896,0.564068037155686,0.05996619624081227,0.037606659591033854,0.03340716625716255,0.027901045317129836,0.0789954315230611,0.12691519828392525,0.16126683787587268
2021-12-28,风险平价策略,-1.0,0.0,0.0,0.0,0.07067637414679359,0.5643118915093186,0.060009400109418895,0.03763762383364825,0.0334297591382298,0.027916590802124146,0.07905486632388052,0.12696349413658625,0.16085097435594473
2021-12-29,风险平价策略,-1.0,0.0,0.0,0.0,0.07029922507417152,0.5688344646382028,0.059793676121580104,0.03793397108551585,0.03368883890334649,0.02807742899374587,0.07688294535400042,0.12448944982943688,0.1597202189830919
2021-12-30,风险平价策略,-1.0,0.0,0.0,0.0,0.0703819384492874,0.5698508745938308,0.05967452919945576,0.037990608072886733,0.03374241083528135,0.028121671111552143,0.07699277676811063,0.12324519096959514,0.15950749132674352
2021-12-31,风险平价策略,-1.0,0.0,0.0,0.0,0.07191740147594669,0.5650648924579794,0.06088677239678471,0.03846733441738653,0.03442097550388593,0.02869001029966315,0.07462656484975931,0.12592604859859421,0.1619337970472915
2022-01-04,风险平价策略,-1.0,0.0,0.0,0.0,0.07261894962224587,0.5705769601295112,0.059495953721529674,0.038161471830642196,0.03485369176596048,0.028512538097891994,0.07531752452255024,0.12046291030966823,0.1610785945800085
2022-01-05,风险平价策略,-1.0,0.0,0.0,0.0,0.07330906829906572,0.5662916312292301,0.060056739438376396,0.0385230771612877,0.035188303836633274,0.0287847611658461,0.0761177387076904,0.12172868016187026,0.16241160143836456
2022-01-06,风险平价策略,-1.0,0.0,0.0,0.0,0.0807569071092475,0.555540697149771,0.06165405517316334,0.04242141139874473,0.03794801127482885,0.031340471950108716,0.06877126282467982,0.12156718311945612,0.17075668757090887
2022-01-07,风险平价策略,-1.0,0.0,0.0,0.0,0.08084060417591311,0.5564379436625386,0.0617552828241979,0.04247114907567736,0.03799772848772652,0.03138494263378958,0.06888016759561297,0.12023218154454383,0.17055000997708475
2022-01-10,风险平价策略,-1.0,0.0,0.0,0.0,0.08096111677067165,0.5567984126102168,0.06189329958836743,0.0425246476783941,0.0374216233987988,0.031075605755822064,0.06894584770860199,0.12037944648912718,0.17056302368734164
2022-01-11,风险平价策略,-1.0,0.0,0.0,0.0,0.08097074671371571,0.5568395604800751,0.061874665519069935,0.042530210431007735,0.03743276508242648,0.031023993436186056,0.06893238891692693,0.1203956694205921,0.17055976183828833
2022-01-12,风险平价策略,-1.0,0.0,0.0,0.0,0.08047563969608676,0.5557232248099362,0.062153119562366715,0.04272319331652566,0.03759257567780785,0.031154453801158364,0.06924223780727291,0.12093555532884553,0.17037253986557818
2022-01-13,风险平价策略,-1.0,0.0,0.0,0.0,0.08055306671229345,0.5557858765363457,0.06222368613277741,0.042444341144467504,0.03761525149903666,0.031174590188846583,0.0691964259531478,0.12100676183308472,0.17044248829250136
2022-01-14,风险平价策略,-1.0,0.0,0.0,0.0,0.06602532839064154,0.5711126135714749,0.06446628713387283,0.042097263158846925,0.03874844175138434,0.032015521434552205,0.06311016884601907,0.12242437571320826,0.15666866088323642
2022-01-17,风险平价策略,-1.0,0.0,0.0,0.0,0.06683784705752839,0.5779451489349429,0.059773918807849456,0.0426677787766799,0.03817172649919496,0.032598966693034276,0.062458548658320505,0.11954606457244962,0.15619051964692834
2022-01-18,风险平价策略,-1.0,0.0,0.0,0.0,0.06689082095606264,0.5785158028977854,0.059738120967834485,0.04269802415225573,0.03819928769301927,0.0326232113651446,0.06219281644314316,0.11914191552475464,0.15612160827692118
2022-01-19,风险平价策略,-1.0,0.0,0.0,0.0,0.06689994188998996,0.5785813090274079,0.059720189483255776,0.04270131102479452,0.03820216371490456,0.032628541230733714,0.06220118877871371,0.11906535485019981,0.1561118696216205
2022-01-20,风险平价策略,-1.0,0.0,0.0,0.0,0.06628894074929295,0.5776120939074291,0.060055181207311216,0.042765399292272,0.038203273772814864,0.032809847065574514,0.0625943623081308,0.11967090169717455,0.15581936315454026
2022-01-21,风险平价策略,-1.0,0.0,0.0,0.0,0.06410745394253076,0.5805997727920861,0.06078900091551192,0.0428833737806605,0.03642191335023274,0.03201536936116772,0.0631721751155148,0.12001094074229546,0.1534621178516934
2022-01-24,风险平价策略,-1.0,0.0,0.0,0.0,0.06485789258885209,0.5853635070275918,0.05855668447107778,0.04104842629166268,0.03681398196053779,0.0323550020157551,0.06236275447538973,0.11864175116913314,0.15336762397407136
2022-01-25,风险平价策略,-1.0,0.0,0.0,0.0,0.055588538746073626,0.5947118255547701,0.055032261416940065,0.04256343790590895,0.036121951360107506,0.031176147501850198,0.06361190608768752,0.12119393142666206,0.14439259379927383
2022-01-26,风险平价策略,-1.0,0.0,0.0,0.0,0.05786553674204779,0.5770356920042211,0.05729145538950029,0.04431461407152283,0.03762823884668904,0.03247972318472092,0.06657738621874304,0.12680735354255498,0.14949983137931686
2022-01-27,风险平价策略,-1.0,0.0,0.0,0.0,0.05767496937459658,0.5813561564218929,0.05661576976520112,0.048383525643213514,0.04107629805845443,0.03545512397083052,0.0732367483379559,0.10620140842785498,0.14659454253482693
2022-01-28,风险平价策略,-1.0,0.0,0.0,0.0,0.05682569319961667,0.5835397870822695,0.05696327825261726,0.04858707063927964,0.0410968017476152,0.034761548129881976,0.07355349198192698,0.10467232896679281,0.14528260146638622
2022-02-07,风险平价策略,-1.0,0.0,0.0,0.0,0.05841812582430066,0.5712111344617724,0.05858227966345483,0.04993279045744044,0.04225102673952634,0.035737558947212214,0.07585478877298173,0.10801229513331143,0.1487840739918304
2022-02-08,风险平价策略,-1.0,0.0,0.0,0.0,0.05845092652804419,0.5713082354421181,0.058615475645869525,0.0499553729564975,0.04230822931925073,0.03543814204825788,0.0758760292725285,0.10804758878743351,0.14875478129610112
2022-02-09,风险平价策略,-1.0,0.0,0.0,0.0,0.059749572521018056,0.5670477143965583,0.059502944934738164,0.05100954950882238,0.04066699202991963,0.03419570546064178,0.07746791073258737,0.11035961041571442,0.1504352981960298
2022-02-10,风险平价策略,-1.0,0.0,0.0,0.0,0.059789367197328545,0.5667626945156516,0.05954491297517921,0.05104483802227759,0.04068662999587622,0.034217827760490004,0.07752076771650633,0.11043296181669056,0.15051815581428787
2022-02-11,风险平价策略,-1.0,0.0,0.0,0.0,0.08096726565687805,0.501486536805188,0.06200647572938526,0.052745440585580186,0.045934973213090764,0.04403098558774138,0.08006627247419318,0.1327620499479432,0.18134558592877412
2022-02-14,风险平价策略,-1.0,0.0,0.0,0.0,0.07641837961153634,0.4976972933815238,0.0632142186380526,0.05413318621817054,0.04708036647231732,0.04511345618680111,0.08023508347442652,0.13610801601717182,0.17861717033962402
2022-02-15,风险平价策略,-1.0,0.0,0.0,0.0,0.07504387971682121,0.5003831723729676,0.06288533705848226,0.05437158400305659,0.04689252162077868,0.04541288204801852,0.07811914440056127,0.13689147877931393,0.1773035201571708
2022-02-16,风险平价策略,-1.0,0.0,0.0,0.0,0.0776650283553981,0.5193909567074168,0.06608458718083604,0.05529664960531231,0.04066551087583843,0.04243339220073649,0.08075061198370544,0.11771326309075655,0.17401991573528902
2022-02-17,风险平价策略,-1.0,0.0,0.0,0.0,0.0769982249674583,0.5205770288620573,0.06556333879567555,0.05535294970231509,0.039700805963348754,0.04267743693268519,0.08101015070917485,0.11812006406728498,0.1733701112119493
2022-02-18,风险平价策略,-1.0,0.0,0.0,0.0,0.07759143854088707,0.5166370007066431,0.06611103201621366,0.05580719411380282,0.04001195350530125,0.04299984955837798,0.0817217170782745,0.11911981448049966,0.17455363496865353
2022-02-21,风险平价策略,-1.0,0.0,0.0,0.0,0.08339113104832745,0.48415043053755463,0.06949789560483241,0.0578264383351233,0.04292122553956889,0.046248980897621424,0.08884791095773494,0.12711598707923696,0.1851057722778167
2022-02-22,风险平价策略,-1.0,0.0,0.0,0.0,0.0824130189772447,0.4848895155133678,0.06895573668255336,0.057967657874881603,0.04300940692222773,0.04634393195101329,0.08907436281367904,0.12734636926503246,0.18422130795535882
2022-02-23,风险平价策略,-1.0,0.0,0.0,0.0,0.08126867042380906,0.49056834653566644,0.07009980753348842,0.05761366703511241,0.04248934008537361,0.04569552950109691,0.09024823676055278,0.12201640212490036,0.18170965564688535
2022-02-24,风险平价策略,-1.0,0.0,0.0,0.0,0.07646680724952981,0.4932109085011975,0.06938851946541842,0.05810235627768862,0.04280901227739783,0.04605807750217297,0.09113321035173068,0.1228311083748641,0.1774517646594968
2022-02-25,风险平价策略,-1.0,0.0,0.0,0.0,0.07911360499319087,0.531695692757961,0.07254457342142272,0.05383495431679832,0.04221790260203059,0.04535524866131427,0.0660451091450095,0.10919291410227276,0.17347732490170864
2022-02-28,风险平价策略,-1.0,0.0,0.0,0.0,0.07961011956991722,0.535109557705381,0.07310684103086536,0.054268819525692256,0.04141851794521711,0.04577723052866589,0.06382082605056577,0.10688808764369526,0.17328319794826919
2022-03-01,风险平价策略,-1.0,0.0,0.0,0.0,0.08120454153939485,0.5257659963628396,0.07478093430137647,0.05489187550766795,0.0422701297946757,0.04669460322064996,0.06521329054582452,0.10917862872757092,0.17627227992829286
2022-03-02,风险平价策略,-1.0,0.0,0.0,0.0,0.08137051160001131,0.5248319567321346,0.07495154432570732,0.055019397754662344,0.042357928541808684,0.04678846544553591,0.06525825339910087,0.10942194220103911,0.17658153480402686
2022-03-03,风险平价策略,-1.0,0.0,0.0,0.0,0.0842712053549041,0.5089163330323012,0.07797501067635416,0.05720858058916666,0.04394926522922223,0.04849383395974211,0.06739959277403473,0.11178617838427457,0.18167496724750162
2022-03-04,风险平价策略,-1.0,0.0,0.0,0.0,0.08149483211136796,0.5165447252640512,0.07951579915962943,0.05603623387800938,0.03918249891931461,0.04287616052724509,0.06911874716873023,0.11523100297165223,0.17772828967799092
2022-03-07,风险平价策略,-1.0,0.0,0.0,0.0,0.08127072731724624,0.5166268540359916,0.07955680677742756,0.05605534067116789,0.03919315435985233,0.04288693807402706,0.06914166582507769,0.11526851293920963,0.17753459886502365
2022-03-08,风险平价策略,-1.0,0.0,0.0,0.0,0.06490153216461739,0.5389326313168417,0.07439532593240993,0.04573851177669265,0.03536106473921676,0.04611656171248528,0.0734752534375723,0.12107911892016394,0.1618188789791873
2022-03-09,风险平价策略,-1.0,0.0,0.0,0.0,0.06605427563664075,0.520822969859909,0.07152091796511983,0.03860896224804549,0.039087654704038036,0.05029951349643853,0.0810659286095354,0.1325397774802729,0.16708608474950776
2022-03-10,风险平价策略,-1.0,0.0,0.0,0.0,0.08252869926556328,0.5789477552332819,0.07688391887411487,0.046278665013849106,0.029360991795850257,0.024910253726823765,0.07473641458872288,0.08635330150179393,0.163565714683384
2022-03-11,风险平价策略,-1.0,0.0,0.0,0.0,0.08253452797946567,0.5789605518011296,0.07690129944042358,0.04627671680801467,0.029385931570117513,0.024760829409739133,0.07476834790100949,0.08641179509010041,0.1635512860046399
2022-03-14,风险平价策略,-1.0,0.0,0.0,0.0,0.07795882463072056,0.5849823423089504,0.07647649731847214,0.04611925226856217,0.028541404069671237,0.025139944502303953,0.07578682653578551,0.08499490836553399,0.15874638584695283
2022-03-15,风险平价策略,-1.0,0.0,0.0,0.0,0.05800534987706287,0.5425872640194105,0.10485687549971295,0.06120678966397419,0.035049273691551766,0.02551773906098513,0.08110254504168654,0.09167416314561609,0.14847636746700887
2022-03-16,风险平价策略,-1.0,0.0,0.0,0.0,0.058037114412822,0.5429238019930326,0.10491240851529034,0.061233263041041014,0.035080476146215976,0.02554328363972243,0.08116263281273964,0.09110701943913613,0.14839215632984298
2022-03-17,风险平价策略,-1.0,0.0,0.0,0.0,0.05808213934339651,0.5432650756557184,0.10498600576538678,0.06125359998153909,0.034937192436506906,0.025376299025057714,0.08085205419979462,0.09124763359259991,0.14838194600842353
2022-03-18,风险平价策略,-1.0,0.0,0.0,0.0,0.05808222062588055,0.5432628474457601,0.1049869440722812,0.0612539346452802,0.034937283543384164,0.025376079516223338,0.08085216881020436,0.09124852134098607,0.1483823839752038
2022-03-21,风险平价策略,-1.0,0.0,0.0,0.0,0.05828366871039537,0.540203010131011,0.10587724859537578,0.061769711573915136,0.035142325483219265,0.025596912099358625,0.08154769787189244,0.09157942553483239,0.14902090466779833
2022-03-22,风险平价策略,-1.0,0.0,0.0,0.0,0.05968572972448366,0.530079537654297,0.10842352501568313,0.06259914080779021,0.03591231159812819,0.026167141682981877,0.08344678728206331,0.09368582623457265,0.1518600367001814
2022-03-23,风险平价策略,-1.0,0.0,0.0,0.0,0.059732415841119046,0.5304992069113411,0.10850878633422097,0.06262004639333991,0.03596916624890251,0.026025472780915816,0.08355378006244275,0.09309112542771794,0.15174592533039738
2022-03-24,风险平价策略,-1.0,0.0,0.0,0.0,0.059693827598529176,0.5306216888993599,0.10853097813903592,0.0626354412248828,0.035977329445393315,0.02603274887915836,0.08339043735994475,0.09311754845369573,0.15170629299011534
2022-03-25,风险平价策略,-1.0,0.0,0.0,0.0,0.059765971012464336,0.5312094030597259,0.10862066843012425,0.0624790980089468,0.0360192725822291,0.026058668884327996,0.08260585304789858,0.09324106497428314,0.15173047819019886
2022-03-28,风险平价策略,-1.0,0.0,0.0,0.0,0.06143171143124845,0.5435940363228793,0.10483945238612626,0.06341477405731333,0.03403174769533252,0.02586293571013868,0.07628561664423314,0.09053972575272842,0.15127202848023594
2022-03-29,风险平价策略,-1.0,0.0,0.0,0.0,0.06115947845045922,0.5479511826547172,0.10577586396706513,0.06326879301817238,0.03418071072029434,0.025027782556637103,0.07292393322721662,0.08971225540543794,0.15032455720809984
2022-03-30,风险平价策略,-1.0,0.0,0.0,0.0,0.06129550709616831,0.5491321950650534,0.10602458225504906,0.06330016588367018,0.03427900315151417,0.02510659659829061,0.07120513923675459,0.08965681071349972,0.15033788822275815
2022-03-31,风险平价策略,-1.0,0.0,0.0,0.0,0.06389854397161514,0.5401525464006812,0.103685120910188,0.0643535680752696,0.035594317280440144,0.02532618457603125,0.07407752409090632,0.09291219469486833,0.15408945351769116
2022-04-01,风险平价策略,-1.0,0.0,0.0,0.0,0.06546307874892586,0.5515282356572291,0.10449008524592991,0.06449910468044001,0.03504052800739933,0.024346806983980066,0.05801347370550707,0.09661868697058874,0.15463240695818806
2022-04-06,风险平价策略,-1.0,0.0,0.0,0.0,0.06550564718781238,0.5518558982230294,0.10455978823855776,0.06435468249700507,0.035065591836015576,0.024362861909659618,0.05804617822984907,0.09624935187807117,0.1545814480800322
2022-04-07,风险平价策略,-1.0,0.0,0.0,0.0,0.06087054095126964,0.5659289815945153,0.10423828257090317,0.05625174404828302,0.03448576846662537,0.021588687451111865,0.057638113897500905,0.09899788101979087,0.148680491866101
2022-04-08,风险平价策略,-1.0,0.0,0.0,0.0,0.061041582050261944,0.56481036023418,0.1045279959925089,0.056408962875644404,0.034510643666684694,0.02162343807893092,0.05779536194569108,0.09928165515609798,0.14901032458026253
2022-04-11,风险平价策略,-1.0,0.0,0.0,0.0,0.06234625076695003,0.5590891249314738,0.10516300826982111,0.05183001277471726,0.03443846904497792,0.022656358161815028,0.06047699080140883,0.1039997852488359,0.15152888528064726
2022-04-12,风险平价策略,-1.0,0.0,0.0,0.0,0.06207231650307094,0.5571379667874158,0.1058707218713814,0.052189637671400536,0.03465840182991666,0.022805265699662236,0.06057539764131859,0.10469029199583378,0.15166811998678406
2022-04-13,风险平价策略,-1.0,0.0,0.0,0.0,0.062009719647924254,0.557262470708342,0.10590852023695063,0.05220032870865269,0.034622673795836896,0.022813464890661894,0.06046290414281146,0.10471991786882011,0.15160661509906853
2022-04-14,风险平价策略,-1.0,0.0,0.0,0.0,0.06200856352988312,0.5572565116399366,0.10590807271334086,0.05220166681215311,0.03462424457885381,0.022813829646182067,0.06046362866689385,0.10472348241275639,0.15160692851241198
2022-04-15,风险平价策略,-1.0,0.0,0.0,0.0,0.0619232180838936,0.556991733756386,0.10601586128208826,0.052263052632901805,0.03465793180573708,0.02283776841537275,0.06048535319875146,0.10482508082486898,0.15158669050089726
2022-04-18,风险平价策略,-1.0,0.0,0.0,0.0,0.06279440211183276,0.5325562959865471,0.1114915341246635,0.05590904721710584,0.036873174986740864,0.02430681461995882,0.06428125346143071,0.11178747749172034,0.15659607959997998
2022-04-19,风险平价策略,-1.0,0.0,0.0,0.0,0.06299826665180842,0.5324282296502653,0.1118684701693514,0.05606559246854054,0.03701356902983378,0.024375778245062825,0.0644994606854171,0.11075063309972075,0.15666608534564566
2022-04-20,风险平价策略,-1.0,0.0,0.0,0.0,0.05924464363173671,0.5439829788664745,0.10856700951137914,0.05653828297254035,0.037652036986741834,0.023961140505888615,0.06624579908705387,0.10380810843818504,0.15100770039446498
2022-04-21,风险平价策略,-1.0,0.0,0.0,0.0,0.05813609589365207,0.5447778184141411,0.10869311408603868,0.056552719588119554,0.03768170584582933,0.023984810068905266,0.06627418992678123,0.10389954617653271,0.14998342157762232
2022-04-22,风险平价策略,-1.0,0.0,0.0,0.0,0.05903090974273564,0.539771995847814,0.11037740812422636,0.0574018825308098,0.03780097857758768,0.02412746482990337,0.06589513054694524,0.10559422979997807,0.1516496025625925
2022-04-25,风险平价策略,-1.0,0.0,0.0,0.0,0.046820994752680305,0.6013409508755957,0.09226919445317168,0.041303398194986456,0.03394923546504738,0.021844805335776422,0.05527300469254904,0.10719841623019297,0.13318888823926742
2022-04-26,风险平价策略,-1.0,0.0,0.0,0.0,0.04706640956106991,0.6011374849725343,0.09256662502481612,0.041494843825995116,0.03414094670937706,0.02196859119132693,0.055551269141679016,0.10607382957320163,0.13330092909224653
2022-04-27,风险平价策略,-1.0,0.0,0.0,0.0,0.04719346434870305,0.6001858445271552,0.09281794114515679,0.04160382288629501,0.034229418788912974,0.02202621006299301,0.05569302312335023,0.1062502751174338,0.1335631511601042
2022-04-28,风险平价策略,-1.0,0.0,0.0,0.0,0.04751206184094654,0.5977110957273146,0.09343734314622816,0.04187340101756678,0.03445803117371348,0.02200419913349797,0.05605884887600749,0.10694501908472495,0.13423602302019122
2022-04-29,风险平价策略,-1.0,0.0,0.0,0.0,0.04751310841821699,0.5977049293499098,0.09344220695114978,0.04187076845788085,0.03445752297187812,0.02200400347857383,0.05606053097682894,0.10694692939556161,0.13423787699351755
2022-05-05,风险平价策略,-1.0,0.0,0.0,0.0,0.04796551994245378,0.6018759459829996,0.09017513512171327,0.04102589543847594,0.03478339692910162,0.022191670141132908,0.05578438875379029,0.10619804769033249,0.1340065192960547
2022-05-06,风险平价策略,-1.0,0.0,0.0,0.0,0.0447681463258752,0.6120346208392073,0.08658022943593577,0.039072796540513995,0.03560554973564069,0.0226962643403953,0.053093694912790604,0.10614869786964116,0.13011305978923507
2022-05-09,风险平价策略,-1.0,0.0,0.0,0.0,0.045176062829210585,0.6152818143062181,0.08448213023390687,0.03865532186804621,0.03542325044643049,0.022899807553474493,0.05114389784462675,0.10693771491808662,0.1302012584130493
2022-05-10,风险平价策略,-1.0,0.0,0.0,0.0,0.045660072438229816,0.6196573191541053,0.08537159832169486,0.038994890727442034,0.03354857946665826,0.02128284827890544,0.05183323976232129,0.1036514518506429,0.1293246413108078
2022-05-11,风险平价策略,-1.0,0.0,0.0,0.0,0.04637174460516765,0.61613709670813,0.08624263832441206,0.03957277909123605,0.03407139203282953,0.02161748865750267,0.05260121022377573,0.10338565035694652,0.13040151125439234
2022-05-12,风险平价策略,-1.0,0.0,0.0,0.0,0.046393813036866995,0.6175269497626987,0.08460389900983357,0.039287625818827485,0.03416284673812981,0.02166384854247987,0.05275637958100698,0.10360463751015664,0.13026237408097063
2022-05-13,风险平价策略,-1.0,0.0,0.0,0.0,0.047193978429642035,0.6151367121980398,0.08607415872997609,0.03990239777035463,0.034789391394919246,0.022069265990209284,0.05363284107225195,0.101201254414607,0.1310136275041319
2022-05-16,风险平价策略,-1.0,0.0,0.0,0.0,0.04726206396266797,0.6162602127426667,0.08622206368403786,0.03994398620162369,0.034870018796311,0.02212079478390753,0.05372243772585987,0.09959842210292545,0.13073316988234468
2022-05-17,风险平价策略,-1.0,0.0,0.0,0.0,0.046874591957847885,0.6168054188472454,0.08640607290575891,0.039572609178281065,0.03491346796224983,0.022146140940837902,0.05361664083659859,0.09966505737118045,0.13034975058981435
2022-05-18,风险平价策略,-1.0,0.0,0.0,0.0,0.04682596830877504,0.6244951372928899,0.08447310402084021,0.040135298837121004,0.03371648856132781,0.021721641424048765,0.054461560164581285,0.09417080139041605,0.12850624672020447
2022-05-19,风险平价策略,-1.0,0.0,0.0,0.0,0.046843122226970485,0.6245766462966837,0.08450169370931437,0.040148972661659815,0.03373753070329681,0.021653734446023302,0.05432974678181878,0.0942085531742325,0.12850748221645292
2022-05-20,风险平价策略,-1.0,0.0,0.0,0.0,0.04707710101094222,0.6227388088057458,0.08492709719182967,0.040342067379017625,0.03389632428436094,0.02175675726524758,0.05458626290287017,0.0946755811599859,0.1290185519178112
2022-05-23,风险平价策略,-1.0,0.0,0.0,0.0,0.04692559659576448,0.6228584326062792,0.08496029817349077,0.04035789526728217,0.0338785363198068,0.021763565106655353,0.05459961263506695,0.0946560632956543,0.1288733077352839
2022-05-24,风险平价策略,-1.0,0.0,0.0,0.0,0.04448761841930008,0.6312377515070653,0.08457428062505729,0.03862336576183534,0.033035141336190135,0.02102410582255005,0.05041178485435885,0.09660595167364279,0.1259270720189345
2022-05-25,风险平价策略,-1.0,0.0,0.0,0.0,0.044486404159029345,0.6312426488440837,0.08457257275752814,0.03862452076769115,0.033035281216255215,0.021023133736887304,0.05041094419756527,0.0966044943209599,0.12592508710228612
2022-05-26,风险平价策略,-1.0,0.0,0.0,0.0,0.044518346669069384,0.63159164857467,0.08402706975834584,0.03866383809264639,0.03305727985895144,0.021034463318352625,0.050443391494734445,0.09666396223323,0.12591299929710936
2022-05-27,风险平价策略,-1.0,0.0,0.0,0.0,0.04451623759827866,0.6316161703482049,0.08402838167220975,0.038661473426808916,0.033042524823850866,0.02103263214429953,0.050439108478515286,0.09666347150783208,0.12590754630345724
2022-05-30,风险平价策略,-1.0,0.0,0.0,0.0,0.04633050786618625,0.6209663858160837,0.08747832119530978,0.04010731596800789,0.034398863045948296,0.021902969053352508,0.052155861071578484,0.09665977598353319,0.1289701254872977
2022-05-31,风险平价策略,-1.0,0.0,0.0,0.0,0.04772315398086105,0.6088256673568295,0.09053590480387833,0.04147540662135108,0.035557786409834084,0.02264825688816683,0.05389220582320219,0.09934161811587684,0.13217951121616547
2022-06-01,风险平价策略,-1.0,0.0,0.0,0.0,0.05116978549782513,0.614128557134674,0.08965121390074539,0.039192456887555495,0.03464741023829584,0.02239693345631343,0.0511702818315125,0.09764336105307833,0.13418734293180928
2022-06-02,风险平价策略,-1.0,0.0,0.0,0.0,0.050978876683367466,0.6120779515450973,0.09034544676453954,0.039499909075893784,0.034941004645910254,0.022110212217248817,0.05156735251357187,0.09847924655437096,0.1343492659677768
2022-06-06,风险平价策略,-1.0,0.0,0.0,0.0,0.05139160501103937,0.6089644388609475,0.09124284377863878,0.03986545598479836,0.035269567905824445,0.022320061994805438,0.052045883479206044,0.09890014298474012,0.13518929521506493
2022-06-07,风险平价策略,-1.0,0.0,0.0,0.0,0.05160869272853781,0.6109483310747483,0.09077098168508312,0.03942582670224845,0.03543520156026967,0.022415425091324822,0.05173987545906725,0.09765566569872064,0.13498058084716988
2022-06-08,风险平价策略,-1.0,0.0,0.0,0.0,0.051670416166053196,0.6105018575484992,0.09087214323632781,0.03947110205772126,0.035474799332598936,0.02244015176693585,0.051797381513703396,0.09777214837816037,0.13510930744644117
2022-06-09,风险平价策略,-1.0,0.0,0.0,0.0,0.051671680748898066,0.6105090210174796,0.09087381750866723,0.039472499774977646,0.03547331596670872,0.02244072851532705,0.05178503691790132,0.09777389955004037,0.13511006055230185
2022-06-10,风险平价策略,-1.0,0.0,0.0,0.0,0.05232101081550904,0.6084061930680769,0.09129991744554375,0.03921366213150921,0.035808258876314655,0.022650238328456283,0.052411375194659555,0.09788934413993067,0.13597131378310529
2022-06-13,风险平价策略,-1.0,0.0,0.0,0.0,0.05041148574915764,0.6178206265217401,0.08423490285311802,0.036386509772609335,0.03426401990817784,0.023120120667919852,0.04810330415223917,0.10565903037503807,0.13421770747524386
2022-06-14,风险平价策略,-1.0,0.0,0.0,0.0,0.051043705238856305,0.626579637592051,0.08446748982044983,0.03682447696085978,0.03436182116518323,0.023564901743156508,0.04777142643256374,0.09538654104687957,0.1324157059489179
2022-06-15,风险平价策略,-1.0,0.0,0.0,0.0,0.05476134336913896,0.6220136124104644,0.0808809907343997,0.03800255305088663,0.034672727640054975,0.023925963538628765,0.049128517919861295,0.0966142913365654,0.1363224316200372
2022-06-16,风险平价策略,-1.0,0.0,0.0,0.0,0.05299257187210542,0.623953863701458,0.08073658424497339,0.03824420216468912,0.03398639723405469,0.02362488302764812,0.049416353366590546,0.09704514438848066,0.13456276075525592
2022-06-17,风险平价策略,-1.0,0.0,0.0,0.0,0.052905816881208774,0.6271786574884631,0.07752340329799938,0.03783119482813742,0.03355553830932624,0.02350824327021653,0.049845742615087084,0.09765140330956153,0.13409143784429556
2022-06-20,风险平价策略,-1.0,0.0,0.0,0.0,0.06017064618918524,0.610139893982021,0.06834715621470666,0.04077192779253123,0.038211155502246845,0.022034691897109823,0.05234361984618775,0.10798090857601157,0.1434695198036386
2022-06-21,风险平价策略,-1.0,0.0,0.0,0.0,0.06022870254863259,0.6106713066700761,0.0684243249263938,0.04081798924494405,0.03813188535355019,0.022063694905999704,0.051969004503414504,0.10769309184698911,0.14342709466542283
2022-06-22,风险平价策略,-1.0,0.0,0.0,0.0,0.05732832948039269,0.6236461450604651,0.06372929973962699,0.0391836170138389,0.03628926478088365,0.021018609862389487,0.04901846900726741,0.10978626505513576,0.1393932351425565
2022-06-23,风险平价策略,-1.0,0.0,0.0,0.0,0.060379945591938884,0.6143256951313975,0.0639040245145145,0.04146418192185557,0.03824364362097014,0.022187538048232088,0.044013029238190934,0.1154819419329004,0.14425507013321917
2022-06-24,风险平价策略,-1.0,0.0,0.0,0.0,0.06642308552624922,0.6333611526052152,0.048736154976013024,0.03942099781331557,0.031092191214118853,0.023047718742069075,0.044418101647291354,0.1135005974757277,0.14657772179888612
2022-06-27,风险平价策略,-1.0,0.0,0.0,0.0,0.06954575324912887,0.6157887533768509,0.05109164358158086,0.04127220075892681,0.03251234285803357,0.024144284394199775,0.046560501248861845,0.11908452053241739,0.1523684873814699
2022-06-28,风险平价策略,-1.0,0.0,0.0,0.0,0.07018503718290636,0.6140643664823968,0.05158712875923401,0.041650988358846945,0.032830441954791,0.024384288498054466,0.047005112527843076,0.11829263623592734,0.1530714953102304
2022-06-29,风险平价策略,-1.0,0.0,0.0,0.0,0.07079604778072858,0.6179239507366032,0.048937793976476504,0.04131063597281252,0.031026581656539678,0.02467475594742929,0.04699783965384831,0.11833239427556187,0.15309712567797665
2022-06-30,风险平价策略,-1.0,0.0,0.0,0.0,0.07088073607009154,0.6183529981664758,0.048995754699875875,0.04099017614271999,0.03106064030102085,0.02459138708418201,0.047045938275267686,0.11808236926036618,0.1530658980458679
2022-07-01,风险平价策略,-1.0,0.0,0.0,0.0,0.07391844956016431,0.628972373288302,0.04323627894238871,0.04154273685483963,0.029827855472657216,0.023700848926317044,0.04724146622508987,0.11155999073024114,0.1532405965204308
2022-07-04,风险平价策略,-1.0,0.0,0.0,0.0,0.0763166287961949,0.6177241449679982,0.04336079916206446,0.043154277136170156,0.030959761153381185,0.024608811576210525,0.047996360391861816,0.1158792168161189,0.1574258312880299
2022-07-05,风险平价策略,-1.0,0.0,0.0,0.0,0.07677288493333653,0.6195982654771693,0.04292421754643695,0.04136496301450895,0.030434173222870682,0.024757517682537568,0.0482244908693456,0.11592348725379423,0.15757308581039448
2022-07-06,风险平价策略,-1.0,0.0,0.0,0.0,0.0657034561572546,0.6642281736791734,0.0357996916263458,0.043017986447507074,0.029134597327369612,0.02133389821609946,0.049031971268126744,0.09175022527812325,0.13876393730858605
2022-07-07,风险平价策略,-1.0,0.0,0.0,0.0,0.06650271152964057,0.6693203154311178,0.036355845878309444,0.04346780217681216,0.02824276716518803,0.020279900898357413,0.049551540120179566,0.08627911680039504,0.13789819472952827
2022-07-08,风险平价策略,-1.0,0.0,0.0,0.0,0.06656494367193858,0.6690649917640366,0.03639003902328341,0.043506563901721466,0.028268843833178674,0.02029959278327695,0.04959967515364935,0.08630534986891503,0.1379900538095999
2022-07-11,风险平价策略,-1.0,0.0,0.0,0.0,0.06600239322009398,0.6699990205254107,0.036165818768095055,0.04310328703779676,0.02817069449026116,0.020352564146019048,0.04972446613758089,0.08648175567474237,0.13741633643905582
2022-07-12,风险平价策略,-1.0,0.0,0.0,0.0,0.06717977391083409,0.6757985927926774,0.03477696139378203,0.03929135008411154,0.026083072521167348,0.02046864429876695,0.049158969440748226,0.08724263555791242,0.1377283610548306
2022-07-13,风险平价策略,-1.0,0.0,0.0,0.0,0.0689277738452037,0.6856363437868621,0.033078843809436626,0.03727228317997574,0.023519914927068824,0.019567292352372753,0.047552259907051364,0.08444528819202891,0.137411256330227
2022-07-14,风险平价策略,-1.0,0.0,0.0,0.0,0.06542203162128724,0.688701311775633,0.03271680975589942,0.03766329525642189,0.023003951173335802,0.01931034871878145,0.047953422503698946,0.08522882919494242,0.13408838160719136
2022-07-15,风险平价策略,-1.0,0.0,0.0,0.0,0.060891581360881776,0.7025530623505776,0.02968645426318135,0.03816511654167596,0.021454947590228264,0.019089433308244336,0.045833414625546236,0.08232598995966445,0.12807724008742744
2022-07-18,风险平价策略,-1.0,0.0,0.0,0.0,0.06092138197282011,0.702404278813016,0.029702313300904448,0.03818562586437211,0.021467176568978636,0.019100982776962046,0.045855532621051714,0.08236270808189493,0.1281280712186113
2022-07-19,风险平价策略,-1.0,0.0,0.0,0.0,0.061184650166584954,0.7044015277416871,0.02961046413352082,0.03841058212377689,0.020918020331233564,0.019211927490030326,0.04445556011751512,0.08180726789565121,0.1280671938404735
2022-07-20,风险平价策略,-1.0,0.0,0.0,0.0,0.06128979962329298,0.705582592942258,0.029680322073726294,0.03835441499152857,0.020968055895842348,0.019232578257903456,0.04314896729294263,0.08174326892250575,0.12803139796849666
2022-07-21,风险平价策略,-1.0,0.0,0.0,0.0,0.05873445944005442,0.7098850256634156,0.029361891835890035,0.03868592128487963,0.021114060714648355,0.01937200521593743,0.04350015739354531,0.07934647845162925,0.12502970159917023
2022-07-22,风险平价策略,-1.0,0.0,0.0,0.0,0.05938198464135969,0.7056992846992015,0.029985719950129677,0.03951550211117411,0.02154487175910621,0.01977788235845054,0.04310418325010135,0.08099057123047679,0.12641711660944724
2022-07-25,风险平价策略,-1.0,0.0,0.0,0.0,0.05949503609079294,0.7061579782620446,0.030055648402357086,0.03904515626618485,0.021494222993095474,0.01941468441302502,0.043180099982984624,0.0811571735895154,0.12640925281815732
2022-07-26,风险平价策略,-1.0,0.0,0.0,0.0,0.05949963783045646,0.7061482864911742,0.030055604021241005,0.03904522317716111,0.02149424588145868,0.019415026176249656,0.04318095797095721,0.08116101845130162,0.1264149172233169
2022-07-27,风险平价策略,-1.0,0.0,0.0,0.0,0.06041835278023935,0.7008003084986608,0.030434856426991418,0.04017971398556131,0.021669487677004353,0.019318424590856323,0.04444880741950163,0.08273004862118473,0.128045159111346
2022-07-28,风险平价策略,-1.0,0.0,0.0,0.0,0.061270828594450606,0.6965608384603987,0.030864680195890906,0.0407419804470318,0.021963094633134457,0.019591121694557328,0.04509994638406646,0.08390750959046961,0.12950189600397954
2022-07-29,风险平价策略,-1.0,0.0,0.0,0.0,0.06050556880407177,0.6971421084871077,0.030933109341768933,0.04082654235588636,0.02177415948518767,0.019565830344972654,0.04517707007298784,0.08407561110801709,0.12879252883048067
2022-08-01,风险平价策略,-1.0,0.0,0.0,0.0,0.060681474952714975,0.6982193629032244,0.031042260026406192,0.039248407795027807,0.021860923143745183,0.019619992518112587,0.045319466622476254,0.0840081120382925,0.12879202244860155
2022-08-02,风险平价策略,-1.0,0.0,0.0,0.0,0.05620805077687216,0.7038632089205787,0.03068131160957253,0.03886859114051857,0.02217188508016906,0.019372411956003817,0.043821812110295115,0.08501272840599,0.12440140725746673
2022-08-03,风险平价策略,-1.0,0.0,0.0,0.0,0.054575639859255044,0.7062583994965342,0.030493153700754207,0.03905588391936532,0.02229824061616659,0.019409638657471116,0.04403564262881718,0.08387340112163635,0.12257091699683102
2022-08-04,风险平价策略,-1.0,0.0,0.0,0.0,0.05614440203964134,0.7018716204539661,0.03009990511136719,0.03983591915909144,0.022066793005123802,0.019079829314466338,0.044421950622161685,0.08647958029418225,0.1247269606890162
2022-08-05,风险平价策略,-1.0,0.0,0.0,0.0,0.05686986799876734,0.6985483169542859,0.030544874941995533,0.04039678931633438,0.0216386894411256,0.01923692399111872,0.045050961891194494,0.08771357546517798,0.12593506126221174
2022-08-08,风险平价策略,-1.0,0.0,0.0,0.0,0.0574893191470279,0.698988302287393,0.030904563873283584,0.04040280552224762,0.021889281346418234,0.019462993264395347,0.044461969874027056,0.08640076468520727,0.12629481167647688
2022-08-09,风险平价策略,-1.0,0.0,0.0,0.0,0.05749948229134768,0.6990696682686233,0.030908887048287877,0.04040922486951732,0.021886949602123666,0.019464669705331415,0.04435548693553446,0.0864056312792343,0.12629638770278426
2022-08-10,风险平价策略,-1.0,0.0,0.0,0.0,0.05772466556380214,0.6962577018446111,0.03116146883523906,0.04086172787024807,0.02201903505358889,0.019689974158156813,0.04486963593785693,0.08741579073649706,0.12700832135065623
2022-08-11,风险平价策略,-1.0,0.0,0.0,0.0,0.0577526530313184,0.6965081196935049,0.03117751645643273,0.04087543793181374,0.022029904777969143,0.019701353801448697,0.0448861459663081,0.08706886834120424,0.12695782786565105
2022-08-12,风险平价策略,-1.0,0.0,0.0,0.0,0.0580446234133978,0.6949780493743679,0.031339181336506185,0.04104931089400671,0.022141182810730634,0.019802856633072463,0.04512663986253192,0.08751815567538652,0.12747369537628384
2022-08-15,风险平价策略,-1.0,0.0,0.0,0.0,0.059172288721075286,0.703079577316203,0.029409826070516898,0.035494440922467875,0.022716050234482886,0.019542639173507105,0.04173747900323398,0.08884769855851295,0.12755256181504634
2022-08-16,风险平价策略,-1.0,0.0,0.0,0.0,0.059271881070951236,0.703724202397215,0.0294907111954155,0.03556523237665773,0.022215455077558295,0.019437002397635815,0.04160579223092978,0.08868972325363668,0.12751228073388085
2022-08-17,风险平价策略,-1.0,0.0,0.0,0.0,0.05939918115781699,0.7048835151274092,0.02953096723564278,0.035644753750438574,0.021979468329620357,0.01949698921111362,0.04134418836639914,0.08772093682155942,0.12736153735503558
2022-08-18,风险平价策略,-1.0,0.0,0.0,0.0,0.05810676112004517,0.710026399600189,0.0289831228594018,0.03431622556302477,0.022259957028631237,0.01975537505136372,0.04125616630622632,0.08529599247111784,0.12533740908066426
2022-08-19,风险平价策略,-1.0,0.0,0.0,0.0,0.05876980140325743,0.7073220411399622,0.029346820152750027,0.03471307368110319,0.021899147793824066,0.020009418135814472,0.041756304931447545,0.08618339276184116,0.12638797398798743
2022-08-22,风险平价策略,-1.0,0.0,0.0,0.0,0.05917129196362438,0.7059966222762089,0.029551123536541855,0.03493828752819673,0.02205080281114757,0.020151833234752677,0.0420421513393176,0.08609788731021023,0.12690962452487387
2022-08-23,风险平价策略,-1.0,0.0,0.0,0.0,0.059900570111514125,0.7023056460163632,0.029919833346714757,0.035366149919281865,0.022328222692778205,0.020405391654559978,0.04258583938988216,0.08718834686890584,0.12817838801569248
2022-08-24,风险平价策略,-1.0,0.0,0.0,0.0,0.0593508226241058,0.7026619097148198,0.02994624846442027,0.03539204189360835,0.022343160439326645,0.020424263134821867,0.04261763253694365,0.08726392119195375,0.12767978846563913
2022-08-25,风险平价策略,-1.0,0.0,0.0,0.0,0.06475715401812251,0.6794222035383132,0.032240563681830654,0.03741719148304607,0.0243404560268649,0.022328524073364782,0.04419944186535504,0.09529446531310296,0.13659933289116938
2022-08-26,风险平价策略,-1.0,0.0,0.0,0.0,0.0648522761088125,0.6804642223266733,0.03232087932969185,0.037364586505217685,0.024248775980364477,0.02222281783988094,0.04308921597685976,0.09543722593249955,0.13657117116408035
2022-08-29,风险平价策略,-1.0,0.0,0.0,0.0,0.06580673326130333,0.6866641368202694,0.03109115677503178,0.036909842580014326,0.023707447558350955,0.02195567420282389,0.04369820023250335,0.09016680856970306,0.13583705083818304
2022-08-30,风险平价策略,-1.0,0.0,0.0,0.0,0.0659452607218822,0.6877324162883919,0.03094249622805897,0.036040553459573944,0.023768222320669212,0.022007285022399632,0.04325038351827251,0.09031338244075156,0.13584908502158077
2022-08-31,风险平价策略,-1.0,0.0,0.0,0.0,0.06565579153873985,0.6870164550562655,0.03155138301252809,0.03685287390100914,0.024388232416183063,0.021496509634206625,0.04426963935285856,0.08876911508820909,0.13541117195557986
2022-09-01,风险平价策略,-1.0,0.0,0.0,0.0,0.06717050599969832,0.6965506677114103,0.029667604854691977,0.033461482499584534,0.02507659162159042,0.020618492936675368,0.044345917756067166,0.08310873662028184,0.13458128054654195
2022-09-02,风险平价策略,-1.0,0.0,0.0,0.0,0.06956912746124698,0.6901992479953939,0.029179775150059546,0.0347205968337228,0.023850080556350062,0.021237630495296814,0.04604817865690592,0.08519536285102397,0.13773968845529597
2022-09-05,风险平价策略,-1.0,0.0,0.0,0.0,0.06956827736006319,0.6902056276373957,0.029177903426119957,0.03472013653994947,0.02385006178540684,0.021236934550988597,0.04604763471732188,0.0851934239827545,0.1377377852338278
2022-09-06,风险平价策略,-1.0,0.0,0.0,0.0,0.06963997111895211,0.6910940529910868,0.029229082533917653,0.034787598949044256,0.02366609850314237,0.02125646799352746,0.045054801798636204,0.08527192611169311,0.13771856152956297
2022-09-07,风险平价策略,-1.0,0.0,0.0,0.0,0.07776020734104777,0.6719794338586433,0.03028895191793341,0.03661510583094974,0.023340019013993463,0.021759792049340827,0.050600500168605615,0.0876559898194858,0.14731702128687788
2022-09-08,风险平价策略,-1.0,0.0,0.0,0.0,0.07805016088538048,0.67122523211353,0.030416609185230026,0.03675063316415546,0.023387292011277806,0.0213882916502495,0.05073933074555308,0.08804245024462345,0.14764564249953396
2022-09-09,风险平价策略,-1.0,0.0,0.0,0.0,0.08285258265578914,0.6504075665715773,0.03235316396103401,0.03903347885917484,0.02490916108579229,0.022754989371026654,0.05403148752422982,0.09365756997137589,0.15529900162476035
2022-09-13,风险平价策略,-1.0,0.0,0.0,0.0,0.08192549845861803,0.6512324993078901,0.03243704220920598,0.03861962436127018,0.02495498595741773,0.022809328251581235,0.05416683796602074,0.09385418348799617,0.1544375705580801
2022-09-14,风险平价策略,-1.0,0.0,0.0,0.0,0.0800309720971979,0.6463073874713814,0.032884622200777106,0.04003041385458117,0.026115779573846323,0.024291122818985655,0.056496885371249674,0.09384281661198075,0.1536884881320861
2022-09-15,风险平价策略,-1.0,0.0,0.0,0.0,0.08053842884539568,0.6483151248829065,0.03306538458791298,0.04033053555650253,0.026238408833324317,0.02445547898343578,0.0548105923766107,0.0922460459339114,0.153730206837394
2022-09-16,风险平价策略,-1.0,0.0,0.0,0.0,0.06376122843049006,0.6635500807824202,0.03378669337316283,0.04021531200631786,0.02649933190620422,0.024064620910060945,0.05674471578141439,0.09137801680992942,0.1373585241844058
2022-09-19,风险平价策略,-1.0,0.0,0.0,0.0,0.06373548446347116,0.6653128963671735,0.0340426074360453,0.040237577317814126,0.025163247211780853,0.02251823046134787,0.05693828901700228,0.0920516677253649,0.13691316674221454
2022-09-20,风险平价策略,-1.0,0.0,0.0,0.0,0.0633844992472882,0.6655766490847307,0.034066109654572005,0.040169580389497264,0.025178103705015328,0.022535362909440464,0.056973853602107535,0.09211584140734858,0.1365922562046627
2022-09-21,风险平价策略,-1.0,0.0,0.0,0.0,0.06338334103645404,0.6655854497597032,0.03406433144962701,0.04016759637876536,0.025176700085199698,0.022534664637273914,0.05697111158374908,0.09211680506922762,0.13659016735667212
2022-09-22,风险平价策略,-1.0,0.0,0.0,0.0,0.06337240651428416,0.6634648538949434,0.03423446109373484,0.04077136700201816,0.02541058453239937,0.022540344210293304,0.057797991176927965,0.09240799157539892,0.1368806463688923
2022-09-23,风险平价策略,-1.0,0.0,0.0,0.0,0.0646121511177502,0.6442577726009024,0.03654515234163741,0.043555301590805076,0.02662697064184936,0.02432297521975852,0.05996419358897057,0.10011548289832627,0.1416722855194982
2022-09-26,风险平价策略,-1.0,0.0,0.0,0.0,0.073850256238621,0.5805405603221935,0.04380944500679755,0.04674079394413331,0.030636462599346714,0.02490321369011788,0.0787753048667839,0.1207439633320061,0.16007813486719505
2022-09-27,风险平价策略,-1.0,0.0,0.0,0.0,0.07385027814892624,0.5805317788529679,0.04381147135459398,0.04674384766477135,0.03063890402358444,0.02490263208193252,0.07878120605291332,0.12073988182031027,0.16007860331014226
2022-09-28,风险平价策略,-1.0,0.0,0.0,0.0,0.07503837827714173,0.5682837380731941,0.04486971002273845,0.04639140903475004,0.03054783817665924,0.026098675046479124,0.08240006391531482,0.12637018745372264,0.1634876200791084
2022-09-29,风险平价策略,-1.0,0.0,0.0,0.0,0.07513657153124025,0.558158290544498,0.046132599656428096,0.04771666846138786,0.031423224190656886,0.026846600568524295,0.08466892628479146,0.12991711876247306,0.16542302565855804
2022-09-30,风险平价策略,-1.0,0.0,0.0,0.0,0.07553539166292113,0.5573292873827045,0.04639244116661024,0.04799433273078899,0.03159363435454194,0.026988517568516956,0.08356441059682237,0.13060198453709404,0.1660096801812434
2022-10-10,风险平价策略,-1.0,0.0,0.0,0.0,0.0755371737347797,0.5573758707193812,0.04638338038718925,0.047993750369858396,0.03159180913415154,0.026987090148158668,0.08353623604027932,0.13059468946620195,0.16600461155988125
2022-10-11,风险平价策略,-1.0,0.0,0.0,0.0,0.07500554035838815,0.560498899572336,0.04708730162495399,0.047961008701966616,0.031047098355921045,0.026962532967586612,0.0803872462519842,0.1310503721668634,0.16527620598961784
2022-10-12,风险平价策略,-1.0,0.0,0.0,0.0,0.0750342483592375,0.5609018997980396,0.047136263887083904,0.04766628377112613,0.030782976583243474,0.02688925542155305,0.08044193212465853,0.1311471400550578,0.16524152162517225
2022-10-13,风险平价策略,-1.0,0.0,0.0,0.0,0.07509955000367037,0.5613769922688181,0.04685080546444487,0.04772331724828174,0.03048337498164288,0.02669158390997179,0.08050008406147588,0.13127429206169428,0.16521112774776361
2022-10-14,风险平价策略,-1.0,0.0,0.0,0.0,0.07511282335998869,0.5614243927096303,0.04685614099763745,0.04772925582948071,0.030487864857426272,0.02669634104204392,0.08051648652150602,0.1311766946822866,0.1652044805881209
2022-10-17,风险平价策略,-1.0,0.0,0.0,0.0,0.07704500498270882,0.5756052690925066,0.04774108589163711,0.04532394268607841,0.030776634959202336,0.02690481283028722,0.06793583034058961,0.12866741921698982,0.16502564465624608
2022-10-18,风险平价策略,-1.0,0.0,0.0,0.0,0.07678409504431298,0.5776082407421766,0.047323374771031095,0.04502896644433299,0.030894957819752225,0.027003315268858817,0.06616358196159636,0.1291934679479388,0.16466931605314875
2022-10-19,风险平价策略,-1.0,0.0,0.0,0.0,0.07527922757939731,0.5822585356858697,0.04655863882782738,0.04537685473983154,0.02964707877883756,0.026382680345456256,0.06565317535169789,0.12884380869108245,0.1626390102745417
2022-10-20,风险平价策略,-1.0,0.0,0.0,0.0,0.07568051965928976,0.5757102070068907,0.04804720972728389,0.046797071695322545,0.03058163576552922,0.027235768070206615,0.06764186011932649,0.12830572795615078,0.1638817293679198
2022-10-21,风险平价策略,-1.0,0.0,0.0,0.0,0.07662492759207616,0.5726393370726315,0.04867286230345651,0.0473895772052666,0.03042113073712894,0.027219046020070657,0.06818090059084547,0.12885221847852418,0.16513472654281885
2022-10-24,风险平价策略,-1.0,0.0,0.0,0.0,0.07219296712348205,0.5756776489714357,0.04888053286749179,0.04759949936876073,0.03039082051722456,0.02735640219000338,0.06841035878067249,0.12949177018092928,0.16109324398644523
2022-10-25,风险平价策略,-1.0,0.0,0.0,0.0,0.07203232374344436,0.5697666464255904,0.04996007988027123,0.048376793280335756,0.030568557775149986,0.02796642730421489,0.06900269643238055,0.13232647515861287,0.16217806474952656
2022-10-26,风险平价策略,-1.0,0.0,0.0,0.0,0.07105404344390151,0.5709967217634362,0.04967123329662389,0.04848691793895488,0.030496129049990002,0.02779557915036392,0.0691211708733546,0.13237820448337498,0.16116484242117587
2022-10-27,风险平价策略,-1.0,0.0,0.0,0.0,0.07122149325412436,0.572420748049342,0.0498332331791498,0.04818942981170968,0.030544601197519602,0.027873851771088587,0.06839115380649008,0.13152548893057586,0.16104583969962707
2022-10-28,风险平价策略,-1.0,0.0,0.0,0.0,0.06440044405736706,0.5852533442705553,0.04851060239293827,0.04396619666086193,0.028181043630538326,0.028628963325464128,0.06640635035499097,0.13465305530728394,0.15411579222626734
2022-10-31,风险平价策略,-1.0,0.0,0.0,0.0,0.056225196648007444,0.5998993502055475,0.046773327840648096,0.0392932960427896,0.02818075513698976,0.028796763143238088,0.06826711308949604,0.13256419789328355,0.1449917329153745
2022-11-01,风险平价策略,-1.0,0.0,0.0,0.0,0.057242118870518006,0.5928771821742777,0.04762241670424622,0.03999804930669382,0.02870076939215103,0.029329253223957043,0.06950132837558946,0.13472888195256674,0.1471070744505026
2022-11-02,风险平价策略,-1.0,0.0,0.0,0.0,0.057640742162944424,0.591124470096481,0.04796618608305726,0.04017036873359953,0.02888862644169325,0.029536534445955543,0.06898398758594053,0.13568908445032868,0.14784432223607946
2022-11-03,风险平价策略,-1.0,0.0,0.0,0.0,0.05710116761605317,0.5925939601727536,0.047864469432917785,0.04029328022151543,0.02896865297202345,0.02962362126804281,0.06914434777981433,0.13441050053687947,0.14704919173780112
2022-11-04,风险平价策略,-1.0,0.0,0.0,0.0,0.058119659781797325,0.586477075177735,0.04872808127777105,0.04102363195724249,0.02950146049189386,0.030167304209576796,0.06952437129791594,0.13645841580606763,0.14905717110395741
2022-11-07,风险平价策略,-1.0,0.0,0.0,0.0,0.05815893791331759,0.5867246547286236,0.0487748718271906,0.04084386872061307,0.029223346559796748,0.03019011582477248,0.06957009860295525,0.13651410582273077,0.14906292119702322
2022-11-08,风险平价策略,-1.0,0.0,0.0,0.0,0.05808629586686771,0.5867983118264435,0.04878551403919638,0.040850629691772576,0.02917560495118117,0.03019403263787745,0.06957697274114315,0.1365326382455182,0.14899412511039914
2022-11-09,风险平价策略,-1.0,0.0,0.0,0.0,0.05825322370241648,0.5864300709932846,0.048968735513574294,0.04097321909042137,0.029301786390477643,0.02919445635878802,0.06977259267780385,0.13710591527323368,0.1490883112597012
2022-11-10,风险平价策略,-1.0,0.0,0.0,0.0,0.058447827188292355,0.5860852438410175,0.04917234228934143,0.04090234833628706,0.02928033946562342,0.028435670334144857,0.06999666692531661,0.13767956161997688,0.14923882495438537
2022-11-11,风险平价策略,-1.0,0.0,0.0,0.0,0.06501639560557203,0.5450772856631224,0.05478456293101053,0.045598485239113994,0.03267510619134281,0.0316982056674968,0.0715015505481418,0.1536484081541997,0.1627195651749316
2022-11-14,风险平价策略,-1.0,0.0,0.0,0.0,0.08182050961494491,0.4514595132193084,0.06881856765112591,0.06269712215846547,0.042842367557314805,0.039575167742512345,0.081964033878262,0.1708227181780661,0.1925824494713423
2022-11-15,风险平价策略,-1.0,0.0,0.0,0.0,0.0818694717047608,0.45187974694109967,0.06888870086470605,0.06274773481075951,0.04289389491185102,0.03907208996139679,0.08162911811197911,0.17101924269344698,0.19252049931774687
2022-11-16,风险平价策略,-1.0,0.0,0.0,0.0,0.08246282231152036,0.4443236855254658,0.06879574564534273,0.06364661440761085,0.04371598492812564,0.03925970380155722,0.08328109852152588,0.17451434485885156,0.19444707408068607
2022-11-17,风险平价策略,-1.0,0.0,0.0,0.0,0.08221258938091777,0.44668432679140274,0.06863825190237631,0.06409068741593113,0.04245655592598726,0.038383068671776266,0.08191016116015643,0.17562435875145205,0.19393966572524518
2022-11-18,风险平价策略,-1.0,0.0,0.0,0.0,0.08393968608727334,0.4345615330254021,0.06781294637732219,0.06675864675243873,0.04429448713635638,0.03834651063991837,0.08201887260370974,0.1822673173775792,0.19783342783582905
2022-11-21,风险平价策略,-1.0,0.0,0.0,0.0,0.08306360514327753,0.45083958423977105,0.06641644441835802,0.06447227880330937,0.039894787739962356,0.03626121567870619,0.08560606392619731,0.1734460200504182,0.19335616732224092
2022-11-22,风险平价策略,-1.0,0.0,0.0,0.0,0.08340758610157788,0.45208899792796936,0.06535331645288822,0.06427828086777058,0.03961843649525113,0.035964036201419226,0.08589343530115065,0.17339591065197296,0.19341149398143137
2022-11-23,风险平价策略,-1.0,0.0,0.0,0.0,0.08340735398010954,0.45210113998783463,0.0653542701269871,0.0642823087707324,0.039615810366448435,0.03596985435588081,0.085896443988608,0.173372818423399,0.19340770313668937
2022-11-24,风险平价策略,-1.0,0.0,0.0,0.0,0.08351014240305492,0.4526713842610237,0.06550948956894592,0.06437517092990304,0.03974014011751691,0.03439505869655949,0.08598895650149571,0.17380965752150032,0.1932159837434878
2022-11-25,风险平价策略,-1.0,0.0,0.0,0.0,0.08568182031340597,0.4393518083382602,0.06723213480804367,0.06479477966196588,0.04069501316131536,0.035272048816037835,0.08848952279113356,0.17848287210983743,0.19747397184922158
2022-11-28,风险平价策略,-1.0,0.0,0.0,0.0,0.0844326777928574,0.4320201429904325,0.06493290248301509,0.06572751413044732,0.041646080016609174,0.032445029572510754,0.07986918030961532,0.1989264727045124,0.19968349688931267
2022-11-29,风险平价策略,-1.0,0.0,0.0,0.0,0.08654953150071948,0.4226708754378697,0.06659162259478131,0.06728582157057345,0.04265118670522105,0.03326735820349468,0.08204180439900265,0.1989417995883377,0.20280208927473375
2022-11-30,风险平价策略,-1.0,0.0,0.0,0.0,0.08695201495178514,0.4238880283213631,0.06610750940649929,0.06602180947820761,0.042862627671624284,0.033241592703779674,0.0823800363053245,0.19854638116141632,0.2029162544956467
2022-12-01,风险平价策略,-1.0,0.0,0.0,0.0,0.08614427512581556,0.4245646599892263,0.06621849070284229,0.06613797662227701,0.04293198714647555,0.0332937183455565,0.08187954390485101,0.19882934816295567,0.20220441227630245
2022-12-02,风险平价策略,-1.0,0.0,0.0,0.0,0.08545880641471315,0.42484042936223104,0.0662784230060728,0.06620245036172323,0.042968752176848535,0.03331744754714912,0.08193946554956603,0.19899422558169602,0.20161354165708673
2022-12-05,风险平价策略,1.0,0.3,0.15,0.15,0.06205514546886071,0.30710396480360347,0.04839362638828284,0.048126561367444955,0.02915446774739899,0.02282753109229401,0.05676224046283983,0.1255764626692751,0.18197754490402537
2022-12-06,风险平价策略,1.0,0.3,0.15,0.15,0.06461014359311645,0.30362889875986865,0.050509182440461854,0.050214573720274394,0.02910170663269447,0.023055892362341773,0.06253132852458476,0.11634827396665752,0.18334843215019853
2022-12-07,风险平价策略,1.0,0.3,0.15,0.15,0.06345368017735598,0.30675736852186525,0.05015584504593091,0.050410492273129624,0.02870470352978409,0.021124740235053226,0.06327717686526993,0.11611599335161094,0.1815914559676688
2022-12-08,风险平价策略,1.0,0.3,0.15,0.15,0.06344802438197784,0.30677445827542615,0.05015493850389882,0.05040580440373459,0.028705223029409456,0.021111454448271734,0.0632787820958196,0.11612131486146171,0.18158286787619723
2022-12-09,风险平价策略,1.0,0.3,0.15,0.15,0.06308718473290724,0.306033880256877,0.050377572698539465,0.050614826787966645,0.028831523248263602,0.02088281728558352,0.06354236964386627,0.11662982534599614,0.18139753529134323
2022-12-12,风险平价策略,1.0,0.3,0.15,0.15,0.05607407814107102,0.3197273485018777,0.047235106666426115,0.0449003913119736,0.030455770290080394,0.021883981042362336,0.05848224632455428,0.12124107772165454,0.17453949019728687
2022-12-13,风险平价策略,1.0,0.3,0.15,0.15,0.056265910918011405,0.3186066848093714,0.04740073989025573,0.044968313775579936,0.03055592180026303,0.02195853743252807,0.05857046392130787,0.12167342745268249,0.17491408530575422
2022-12-14,风险平价策略,1.0,0.3,0.15,0.15,0.05582711358964322,0.32045096851505694,0.047677736088051585,0.04524738143887856,0.030678560556311775,0.02204908452157405,0.055929824981751954,0.12213933030873197,0.17444735868237787
2022-12-15,风险平价策略,1.0,0.3,0.15,0.15,0.055377576170255564,0.32159647898648647,0.04760538004052288,0.04667961213269346,0.0316937983656069,0.02276000177200462,0.05765336820157746,0.11663378433085257,0.17332663066067078
2022-12-16,风险平价策略,1.0,0.3,0.15,0.15,0.055768573610658165,0.3237085995288437,0.046698850094195506,0.04666711878065759,0.03193235282936839,0.02288335067892242,0.058001463180443226,0.11433969129691104,0.17310631959369627
2022-12-19,风险平价策略,1.0,0.3,0.15,0.15,0.05274305819266386,0.3287188975756767,0.047215054272822125,0.04546871622554272,0.03152122901905667,0.02301832006499979,0.055177137691521425,0.11613758695771662,0.17020645751389216
2022-12-20,风险平价策略,1.0,0.3,0.15,0.15,0.052201673549752456,0.3253616682775966,0.04772349669834176,0.04603325889932252,0.0318882928851676,0.023292146803103535,0.05589661495448774,0.11760284793222771,0.17040665028489746
2022-12-21,风险平价策略,1.0,0.3,0.15,0.15,0.05220309621693036,0.32535438860204746,0.04772476102085827,0.04603437566303513,0.0318904203910593,0.02329429610338772,0.05589779623384228,0.11760086576883949,0.1704089199466432
2022-12-22,风险平价策略,1.0,0.3,0.15,0.15,0.05204028743127392,0.3252878697934063,0.04776590873551523,0.04604085918414041,0.031914632741145,0.023311129765120814,0.05594757040464468,0.11769174194475371,0.17029348803122216
2022-12-23,风险平价策略,1.0,0.3,0.15,0.15,0.051529234040563386,0.3299432415572478,0.04730441796138966,0.0467065077764605,0.032105003371320724,0.02351418511944017,0.05664489294019205,0.11225251723338571,0.16859649391646897
2022-12-26,风险平价策略,1.0,0.3,0.15,0.15,0.05199201961548299,0.3265704245033761,0.047727182486051706,0.0471019954958749,0.03238245212980674,0.023725137186498078,0.057180797039193945,0.11331999154371554,0.16958911071425775
2022-12-27,风险平价策略,1.0,0.3,0.15,0.15,0.05274464330532337,0.3210196779534602,0.04842741470217459,0.04774802390318891,0.03284161771060677,0.02407478005471918,0.058064904098231285,0.11507893827229557,0.17121575030834416
2022-12-28,风险平价策略,1.0,0.3,0.15,0.15,0.053249661778748,0.32414165693850794,0.04915470719039059,0.04526985683791762,0.03319654211869133,0.023759808350005778,0.05514448785372485,0.11608327893201388,0.17137978580086752
2022-12-29,风险平价策略,1.0,0.3,0.15,0.15,0.05282391385969511,0.3249307274796286,0.04934606754336865,0.04494176265199385,0.03328724970945784,0.023506866072203217,0.05532686467639699,0.11583654800725574,0.1708409903216199
2022-12-30,风险平价策略,1.0,0.3,0.15,0.15,0.05282944252143192,0.32494226913303426,0.04930065216631396,0.04494680850696384,0.03329052297346961,0.02350989792813225,0.0553317647740558,0.11584864199659828,0.17084589837964917
2023-01-03,风险平价策略,1.0,0.3,0.15,0.15,0.05341524861103207,0.3266482351860541,0.04853841489210699,0.042235652130450684,0.03345430906515728,0.023700935678356426,0.05590653907867229,0.11610066535816999,0.17115287355295844
2023-01-04,风险平价策略,1.0,0.3,0.15,0.15,0.05690003004927282,0.3404919314517728,0.04275796182988248,0.037558835600739714,0.03184216236547968,0.019916455396172233,0.048180913779159,0.12235170952752125,0.17257144671236999
2023-01-05,风险平价策略,1.0,0.3,0.15,0.15,0.05844316018002979,0.33936594695261785,0.043338006301520154,0.03906040562317658,0.02977596425240523,0.01906674006029614,0.04730209074554254,0.1236476858844117,0.1740449493485562
2023-01-06,风险平价策略,1.0,0.3,0.15,0.15,0.059905807664586065,0.34095802509587947,0.0444653504837891,0.0395578845351629,0.030540167927926094,0.019539721744829767,0.04676115776239111,0.11827188478543545,0.17451309365014112
2023-01-09,风险平价策略,1.0,0.3,0.15,0.15,0.059843697030555365,0.34104647658901865,0.04448759519443139,0.039571493825526986,0.030425407195281785,0.019515336519196375,0.046782250642870275,0.11832774300311916,0.1744500007222614
2023-01-10,风险平价策略,1.0,0.3,0.15,0.15,0.060268502266578865,0.32870466082807487,0.046783405768840325,0.041547703846085,0.031963370013668765,0.02016716852097102,0.04701843086094318,0.12354675789483793,0.17721185137718043
2023-01-11,风险平价策略,1.0,0.3,0.15,0.15,0.060272030082181405,0.32869271712897763,0.04678667440907706,0.04155495140144606,0.031967249707728664,0.020160902581226874,0.04702374854239558,0.1235417261469667,0.17721470004805812
2023-01-12,风险平价策略,1.0,0.3,0.15,0.15,0.06019042447636386,0.32879676117125806,0.046793899489777684,0.04155862386819583,0.03197267701526463,0.020163696379565638,0.04703042425236098,0.12349349334721323,0.1771266184670037
2023-01-13,风险平价策略,1.0,0.3,0.15,0.15,0.06058221922663404,0.32643644770120134,0.04705285052265262,0.041798891455381494,0.03216792574357698,0.020290307379861653,0.04734111276435274,0.12433024520633898,0.17788766819075413
2023-01-16,风险平价策略,1.0,0.3,0.15,0.15,0.06199735588554603,0.3193686649688969,0.04813041974464692,0.04259827255549381,0.03202004654485653,0.02077527705097854,0.04778648869748428,0.127323474552097,0.18045247625198985
2023-01-17,风险平价策略,1.0,0.3,0.15,0.15,0.061828361269632676,0.3196618476971441,0.047960438315387134,0.04265645293564614,0.032051356844598866,0.020797210604068153,0.04760647020945968,0.12743786212406322,0.18029389064107768
2023-01-18,风险平价策略,1.0,0.3,0.15,0.15,0.06192315369675985,0.3194591248310654,0.04803617612596276,0.04271417723297312,0.03210144179545098,0.020828034406603028,0.04767833930991078,0.12725955260127406,0.180382763308951
2023-01-19,风险平价策略,1.0,0.3,0.15,0.15,0.06247922011533119,0.3220702801825526,0.04661712758542709,0.04327154675123295,0.03244492225124531,0.02006566198046639,0.04480898815129472,0.12824225298244973,0.1805828129249758
2023-01-20,风险平价策略,1.0,0.3,0.15,0.15,0.06330207989203641,0.3184529273963111,0.04722622878930788,0.04381707623504886,0.03285549033554434,0.020334292523318642,0.044117142270032036,0.12989476255840077,0.18202850085680217
2023-01-30,风险平价策略,1.0,0.3,0.15,0.15,0.06219409661414845,0.3267075348973748,0.04386976207353409,0.038975192555666026,0.033044076546130195,0.019798745697052495,0.045985631801434855,0.12942495981465912,0.17978719024544487
2023-01-31,风险平价策略,1.0,0.3,0.15,0.15,0.06359227595166751,0.3337042047166708,0.04472712066484366,0.039158057179069415,0.032520138062484806,0.01935843849688199,0.04694399060596884,0.11999577432241297,0.1787811689032866
2023-02-01,风险平价策略,1.0,0.3,0.15,0.15,0.06385336965478182,0.3324740410702951,0.04490471775618409,0.03930330724022242,0.03264742902470708,0.01943577876274444,0.04689169280646222,0.1204896636846028,0.17924104271577154
2023-02-02,风险平价策略,1.0,0.3,0.15,0.15,0.06418582188903946,0.33590716529830733,0.043327314133065065,0.03951806247741322,0.02933172172047724,0.018361650478421695,0.04667236581497472,0.12269589818830128,0.17912314117342082
2023-02-03,风险平价策略,1.0,0.3,0.15,0.15,0.0634990050182505,0.34710626289358415,0.04418965584958863,0.04075774380215336,0.030359685600415822,0.018777473775643497,0.047955876143831594,0.10735429691653237,0.17523165073047262
2023-02-06,风险平价策略,1.0,0.3,0.15,0.15,0.06525119816690275,0.35193913126998183,0.04435378940121918,0.04263993232199483,0.032352618714844864,0.018510586549730788,0.05070345919007937,0.09424928438524635,0.17437325412438331
2023-02-07,风险平价策略,1.0,0.3,0.15,0.15,0.06556200182549468,0.35386692038771445,0.04443975273651078,0.04284811208651902,0.03249652905431118,0.018611077850378046,0.04895608949918138,0.09321951655989037,0.17432044432988908
2023-02-08,风险平价策略,1.0,0.3,0.15,0.15,0.06530383118259146,0.35289347825826195,0.04469379504877958,0.04308459364493939,0.03234782899258862,0.01871970179983001,0.049210460874505216,0.09374631019850377,0.17430647260399545
2023-02-09,风险平价策略,1.0,0.3,0.15,0.15,0.06572081775085094,0.3545204198707718,0.04504871286801764,0.04175069013184723,0.03247630224993253,0.018838401016849922,0.04760767575888591,0.09403698035284407,0.17454034478293062
2023-02-10,风险平价策略,1.0,0.3,0.15,0.15,0.0687810509945634,0.35717700853691825,0.046292963605592874,0.03942738285721717,0.02960323132202742,0.019405108507213862,0.04964332953569957,0.08966992464076741,0.1762291274281449
2023-02-13,风险平价策略,1.0,0.3,0.15,0.15,0.06881141460098804,0.35730808040953294,0.046141601426758876,0.039317094738091404,0.029622424874444435,0.01941674281856695,0.04967490113865404,0.08970773999296323,0.17624258227425413
2023-02-14,风险平价策略,1.0,0.3,0.15,0.15,0.06881750981628182,0.35735251958584924,0.0461427448954868,0.03931944642968438,0.02961345430482844,0.019417131318851935,0.049673043085443215,0.08966415056357413,0.17623650043071726
2023-02-15,风险平价策略,1.0,0.3,0.15,0.15,0.0686590451093182,0.36152528356324226,0.04683349947975456,0.03748676078477324,0.02998082196572265,0.01936382913505395,0.04762749292046331,0.0885232670416717,0.17545967274944213
2023-02-16,风险平价策略,1.0,0.3,0.15,0.15,0.06831192558306208,0.36185518171378367,0.04676729507545658,0.037525485195943876,0.030006586659633006,0.019381323081580595,0.04762728293042236,0.08852491976011781,0.17512681740136204
2023-02-17,风险平价策略,1.0,0.3,0.15,0.15,0.06783439254895612,0.36202376619558846,0.04768579503238415,0.038188068541436894,0.02926532873017414,0.019084187951636158,0.04800479934172704,0.08791366165809684,0.17456330008300203
2023-02-20,风险平价策略,1.0,0.3,0.15,0.15,0.07001552393352778,0.35161562707331845,0.04917715717804305,0.03930336380263298,0.0302131125204099,0.019277814201834914,0.04960848971432703,0.09078891157590586,0.1781379265444419
2023-02-21,风险平价策略,1.0,0.3,0.15,0.15,0.07013976623419924,0.3518115631882671,0.049284159364061206,0.039372757260619215,0.030283166927841575,0.01909061241901105,0.04948785692964349,0.09053011767635702,0.17815915067590501
2023-02-22,风险平价策略,1.0,0.3,0.15,0.15,0.07013817546913924,0.35185193481266064,0.049272109627645715,0.03935859715424182,0.03028513035867887,0.019076844628099054,0.0494921808268562,0.09052502712267842,0.17814944046836614
2023-02-23,风险平价策略,1.0,0.3,0.15,0.15,0.06856124407104267,0.35682862872664173,0.04937753298521061,0.03921000079236805,0.03024219155924057,0.01847842087584207,0.04775027867509719,0.08955170231455716,0.1759922453148003
2023-02-24,风险平价策略,1.0,0.3,0.15,0.15,0.06862787727798383,0.3569986992664203,0.0490358270090131,0.03915526441533247,0.030271564761142716,0.018497598476785063,0.04779037133450281,0.08962279745881968,0.17603594847146
2023-02-27,风险平价策略,1.0,0.3,0.15,0.15,0.06757180347103188,0.3692167447343159,0.04272479149681921,0.037035244027467544,0.028590412926930393,0.018978650091842714,0.046015664875782125,0.08986668837581023,0.17364207517932204
2023-02-28,风险平价策略,1.0,0.3,0.15,0.15,0.06768630831024411,0.3698512015553463,0.042809417355368966,0.03712240421203196,0.02863015214588173,0.019016271163833868,0.04493422224639166,0.08995002301090148,0.17370146777222198
2023-03-01,风险平价策略,1.0,0.3,0.15,0.15,0.0677264896630463,0.3700817211979741,0.042837277750904755,0.03715272937535019,0.02864434298279411,0.019028976053595555,0.04454656327151789,0.08998189970481706,0.17372172962006813
2023-03-02,风险平价策略,1.0,0.3,0.15,0.15,0.06927661733735811,0.3648292847305179,0.04309703925339439,0.03780648065968804,0.029021542408877592,0.019472179089585276,0.04517471864779727,0.0913221378727814,0.17594958418848317
2023-03-03,风险平价策略,1.0,0.3,0.15,0.15,0.06928300366621844,0.3648219399801826,0.04309847730336257,0.03780662204483978,0.02902087479638548,0.01947131082414199,0.04517171311390121,0.0913260582709679,0.17595635526122452
2023-03-06,风险平价策略,1.0,0.3,0.15,0.15,0.06950903452722178,0.36531253011724235,0.04248207076349956,0.0371762928228491,0.029123424935557845,0.019530903953249978,0.04532179143902579,0.09154395144135355,0.1761121967487058
2023-03-07,风险平价策略,1.0,0.3,0.15,0.15,0.06923805746560573,0.365453372669999,0.04250619023511883,0.037194606229710235,0.02913606894026324,0.01953886125034469,0.04533974736745095,0.09159309584150732,0.1758723205300741
2023-03-08,风险平价策略,1.0,0.3,0.15,0.15,0.07109124000316286,0.373368115356054,0.04115946442390369,0.038225392352493295,0.03102355554811688,0.018328908311104435,0.04711044522524521,0.0796928787799196,0.17470463901168037
2023-03-09,风险平价策略,1.0,0.3,0.15,0.15,0.07096968993579832,0.37375645460316725,0.041253968801719665,0.038135302620884826,0.030691756315018883,0.018245986314701475,0.04718103667998716,0.0797658047287224,0.17454015901519251
2023-03-10,风险平价策略,1.0,0.3,0.15,0.15,0.05565491531644007,0.3880600142230969,0.04084445519264631,0.03627199850428274,0.031383900289064286,0.017140402953578632,0.046883666987854504,0.08376064653303648,0.16006309799548354
2023-03-13,风险平价策略,1.0,0.3,0.15,0.15,0.05587158974704407,0.38666968627547205,0.0410011874402028,0.03640342041881835,0.03154233163999626,0.01722505056794909,0.04709323151094354,0.08419350239957384,0.16049358249022067
2023-03-14,风险平价策略,1.0,0.3,0.15,0.15,0.05496991486108841,0.39873398021564427,0.038748967754238035,0.035451185741041766,0.025817073866786878,0.015122935517579457,0.04323026008962083,0.08792568195400029,0.15827765560747428
2023-03-15,风险平价策略,1.0,0.3,0.15,0.15,0.055439929879061926,0.3963255288311015,0.03906802849024353,0.03572867791777583,0.026039313318678255,0.015093645387598621,0.04360074565427994,0.08870413052126039,0.15907744439433874
2023-03-16,风险平价策略,1.0,0.3,0.15,0.15,0.052492128030740874,0.4095279049013421,0.029676935845704334,0.033735696494793424,0.02467625520235371,0.012962746397185941,0.043181237793265236,0.09374709533461419,0.15508213666607015
2023-03-17,风险平价策略,1.0,0.3,0.15,0.15,0.05287955696904175,0.4087402677623077,0.029891339422631853,0.033993671970943905,0.024861774540990512,0.013060611334479395,0.04220165217011511,0.09437112582948974,0.15563569279944545
2023-03-20,风险平价策略,1.0,0.3,0.15,0.15,0.05083287968560581,0.41766695158859096,0.029842431480678683,0.03272477615357851,0.025843649971303156,0.01196096584881891,0.03468524200761975,0.09644310326380422,0.1530193866384011
2023-03-21,风险平价策略,1.0,0.3,0.15,0.15,0.052007787429180684,0.4154094437347334,0.030961038013902653,0.033909940490583435,0.02672419175860943,0.012422529903874041,0.03592580139918638,0.09263926726992998,0.1539000512689447
2023-03-22,风险平价策略,1.0,0.3,0.15,0.15,0.05300773167900487,0.4251262084667021,0.031541605494547716,0.03453536996025548,0.027197154672700154,0.012685139368895487,0.034689051461420366,0.08121773889647388,0.15214150743684385
2023-03-23,风险平价策略,1.0,0.3,0.15,0.15,0.053843811213361764,0.42271069982542475,0.03202477794054385,0.03509460817353435,0.02734368144156557,0.012901195817879284,0.03361405579876502,0.08246716978892547,0.153388123788776
2023-03-24,风险平价策略,1.0,0.3,0.15,0.15,0.05298138750021148,0.41821042408469566,0.03296126726063122,0.036160956164677384,0.028128088552003647,0.013296555900592841,0.0333651674861806,0.0848961530510072,0.1536412714198941
2023-03-27,风险平价策略,1.0,0.3,0.15,0.15,0.05093951569667909,0.42390760621480617,0.032392065304682555,0.03679791142513107,0.028085503886196166,0.013518765252358851,0.03298947931742923,0.0813691529027168,0.15078013779425412
2023-03-28,风险平价策略,1.0,0.3,0.15,0.15,0.051020016347089706,0.42439213569416545,0.03244161501507988,0.036844321504734545,0.02812836290617848,0.013539325029189756,0.03304121590861789,0.08059300759494427,0.15069137548070993
2023-03-29,风险平价策略,1.0,0.3,0.15,0.15,0.050625067627706424,0.4246260096068506,0.032449978277830194,0.03688073139805549,0.028150788322906694,0.013550967044008115,0.03307015941396328,0.08064629830867921,0.15033565913524155
2023-03-30,风险平价策略,1.0,0.3,0.15,0.15,0.051175493332825076,0.42173113345749264,0.032790210732904695,0.03725928459491821,0.02845634750809738,0.013640517184366123,0.03339663741088967,0.08155037577850607,0.15130490357848514
2023-03-31,风险平价策略,1.0,0.3,0.15,0.15,0.051309060330941215,0.4223389559750452,0.032409291024182864,0.037387358715520076,0.028122423900247592,0.013689471177539748,0.033054750401011565,0.08168868847551175,0.15136639135379942
2023-04-03,风险平价策略,1.0,0.3,0.15,0.15,0.055270764050588665,0.4146133776842194,0.03466724496544543,0.03902343936999197,0.030224955581979757,0.014720368457993311,0.03563294399558279,0.07584690589419858,0.15514478471165993
2023-04-04,风险平价策略,1.0,0.3,0.15,0.15,0.055264250106312945,0.4146481729353566,0.034657080394479754,0.03901678477568915,0.030221041813731312,0.014718916559865144,0.03562670509764803,0.07584704831691697,0.15513454845584607
2023-04-06,风险平价策略,1.0,0.3,0.15,0.15,0.05333224135751212,0.4197778892613067,0.03396800798803568,0.038948602275252535,0.028575704755720535,0.01530076795881909,0.03253495792225144,0.07756182848110185,0.15319431829106672
2023-04-07,风险平价策略,1.0,0.3,0.15,0.15,0.05290108060788282,0.4204989126678879,0.03406420215871086,0.03906473911357388,0.028348605449428153,0.0153451321136231,0.032107980373771515,0.07766934751512174,0.15276534398373215
2023-04-10,风险平价策略,1.0,0.3,0.15,0.15,0.053266415122812834,0.42747529668782636,0.033844081476774604,0.03876401149704018,0.028273800241680885,0.015347851111679233,0.03171995078439658,0.07130859307778926,0.15137845047639453
2023-04-11,风险平价策略,1.0,0.3,0.15,0.15,0.053306665810716636,0.4275961679264638,0.033873177848246394,0.03848916715198768,0.028295089339963185,0.01535904624724617,0.03174270944961116,0.07133797622576488,0.15140079076749183
2023-04-12,风险平价策略,1.0,0.3,0.15,0.15,0.05367999114667185,0.42913041172494826,0.03411205795835753,0.03818177062632941,0.027071984894272313,0.01548212117096781,0.030760140359381002,0.07158152211907176,0.1515734246601411
2023-04-13,风险平价策略,1.0,0.3,0.15,0.15,0.05398028821534844,0.42770102392208975,0.0342972291894707,0.03838728814843757,0.027131191350048257,0.015567932434998539,0.03093541893532439,0.07199962780428225,0.15207787774296494
2023-04-14,风险平价策略,1.0,0.3,0.15,0.15,0.05339710216054676,0.4271555162742895,0.03477106935993447,0.038934777611599906,0.027516222749236458,0.01554876620117152,0.02982047822686209,0.07285606741635925,0.15179864968066725
2023-04-17,风险平价策略,1.0,0.3,0.15,0.15,0.056443006731733074,0.4188555018374032,0.03670224858217204,0.04106723490884703,0.029036325803985737,0.016428383426712993,0.031528784743139096,0.06993851396600675,0.15523229564654692
2023-04-18,风险平价策略,1.0,0.3,0.15,0.15,0.05670595117177832,0.42071180429667576,0.03619666195356935,0.041318574049215975,0.02854014668073742,0.016258556110754618,0.03167899161198682,0.06858931412528178,0.1550040237954449
2023-04-19,风险平价策略,1.0,0.3,0.15,0.15,0.05769333008344829,0.42441595114409203,0.03576327067360463,0.04203942773287212,0.02752336438597944,0.01605390709188387,0.027868971416807695,0.06864177747131195,0.15541104679825857
2023-04-20,风险平价策略,1.0,0.3,0.15,0.15,0.05848112927602351,0.42486421761021315,0.03603019373743588,0.04266981307683457,0.02629444495150827,0.015431118004319327,0.026951293657799885,0.06927778968586545,0.15600419849725702
2023-04-21,风险平价策略,1.0,0.3,0.15,0.15,0.04950471489284825,0.4446623860783887,0.0348180051606926,0.03722218010626329,0.026140081420356953,0.01488255333726978,0.026199077828428126,0.06657100117575221,0.1453996955438142
2023-04-24,风险平价策略,1.0,0.3,0.15,0.15,0.0497204478305146,0.4460648268743624,0.03448998840789746,0.037053985067355195,0.025623787778945105,0.014951359509949153,0.026311517767297447,0.06578408676367854,0.14529962482759715
2023-04-25,风险平价策略,1.0,0.3,0.15,0.15,0.04976410811024037,0.4460608573320275,0.034436168657608165,0.037008360877976446,0.025644027340753085,0.014963081292445059,0.02629910219290226,0.06582429419604706,0.1453441105907155
2023-04-26,风险平价策略,1.0,0.3,0.15,0.15,0.050196655515923685,0.4470925595013878,0.03344337060738977,0.036612840811294754,0.02542967757515689,0.014596405689328532,0.026495390681366967,0.06613309961815163,0.14553852702046988
2023-04-27,风险平价策略,1.0,0.3,0.15,0.15,0.05221181938883213,0.45234755726474574,0.03130757055859815,0.03327635271327411,0.024552512720513106,0.012442014515199365,0.026323320283395603,0.06753885255544169,0.14634221820366647
2023-04-28,风险平价策略,1.0,0.3,0.15,0.15,0.05278831801326966,0.45216914255859547,0.031640999084377446,0.03362227592721769,0.024809569658914673,0.0125701292867074,0.026600986786081287,0.06579857868483636,0.1466564691067964
2023-05-04,风险平价策略,-1.0,0.0,0.0,0.0,0.07790659487434083,0.6536562608661226,0.04454252587209528,0.04893396724519386,0.026856121446698158,0.015045553203523972,0.03743895527139565,0.09562002122062975,0.1502250280928843
2023-05-05,风险平价策略,-1.0,0.0,0.0,0.0,0.07672790694632586,0.6547983015681278,0.04455880301713258,0.04851186756447188,0.026933668100268676,0.01505189502506487,0.03756487987379167,0.09585267790481673,0.14910668596059382
2023-05-08,风险平价策略,-1.0,0.0,0.0,0.0,0.08477605855508975,0.6322789348517939,0.04902731107643578,0.053334760895840105,0.02957248746234288,0.016530573529636532,0.04142782060606381,0.0930520530227974,0.15871826136520228
2023-05-09,风险平价策略,-1.0,0.0,0.0,0.0,0.07659495009960361,0.6409101129497544,0.04860650577694226,0.05136873646674693,0.02937512889299664,0.01698637577913068,0.0415118697500021,0.09464632028482334,0.1509406665907198
2023-05-10,风险平价策略,-1.0,0.0,0.0,0.0,0.06258356250271714,0.6513562979680785,0.05009869770077925,0.053247399088226836,0.02918103877765166,0.017391282647855208,0.039886732380391594,0.0962549889342998,0.13806550458872938
2023-05-11,风险平价策略,-1.0,0.0,0.0,0.0,0.06403849825152039,0.6572577069903726,0.04303887338890516,0.0498262033574947,0.030007378684188596,0.01745229704022361,0.04076867164308785,0.09761037064420705,0.1386451737288667
2023-05-12,风险平价策略,-1.0,0.0,0.0,0.0,0.056568037849733986,0.6624132543985575,0.043951508846236796,0.051209043819898624,0.027532872108481325,0.017143110450088633,0.04692207611940024,0.09426009640760295,0.13101313812840065
2023-05-15,风险平价策略,-1.0,0.0,0.0,0.0,0.05666733907105975,0.6593983550329346,0.04459901068761849,0.051979166039664244,0.027648580460295967,0.017397347085878086,0.046530937304700995,0.0957792643178478,0.13173943182758818
2023-05-16,风险平价策略,-1.0,0.0,0.0,0.0,0.05433519657876042,0.6628329194905539,0.04349923356366364,0.0524490198115233,0.027806541960498594,0.017505476929633612,0.04683157853114796,0.09474003313421857,0.12920191934345213
2023-05-17,风险平价策略,-1.0,0.0,0.0,0.0,0.05624575314855572,0.6584795696157169,0.04513326167470281,0.054473388802539026,0.028965616455160867,0.01789697368685359,0.04417270740590428,0.09463272921056684,0.1315356089842041
2023-05-18,风险平价策略,-1.0,0.0,0.0,0.0,0.05625206936373421,0.6586073850984818,0.04513414597194755,0.05447354957851166,0.028967194172633853,0.017897139976808148,0.04417338138614134,0.09449513445174137,0.13150717030788206
2023-05-19,风险平价策略,-1.0,0.0,0.0,0.0,0.05245397784791234,0.6654822707423803,0.0454024587968541,0.054363981651736226,0.029285625864792757,0.018064555639866163,0.04281747483117562,0.09212965462528235,0.12717545431315014
2023-05-22,风险平价策略,-1.0,0.0,0.0,0.0,0.053005930073772196,0.6730941991224996,0.043843937473110495,0.049425666430965465,0.026807702987229176,0.017156881400783953,0.04293574948029661,0.09372993303134255,0.12662996191378115
2023-05-23,风险平价策略,-1.0,0.0,0.0,0.0,0.05023732055607397,0.678650344640434,0.04252692472468493,0.04950055556085234,0.027050631456074573,0.01731061958311288,0.04335345748942532,0.09137014598934208,0.12328557198254066
2023-05-24,风险平价策略,-1.0,0.0,0.0,0.0,0.047124101890510826,0.6861588323522988,0.042543466977394466,0.04350130070841722,0.02786590533694511,0.017854454906867295,0.04154414000717466,0.0934077978203916,0.12005078659716872
2023-05-25,风险平价策略,-1.0,0.0,0.0,0.0,0.04791044772246656,0.6774678250003225,0.04331128356911421,0.04559974295120967,0.02917425257383219,0.018695910398838413,0.042950374286692114,0.09489016349752433,0.122168016292483
2023-05-26,风险平价策略,-1.0,0.0,0.0,0.0,0.049944297789453515,0.6686164251308846,0.04519233784057093,0.047480277063457234,0.030026316586161044,0.018869581812722042,0.044828413723396354,0.09504235005335432,0.1250696186010693
2023-05-29,风险平价策略,-1.0,0.0,0.0,0.0,0.05009316245151077,0.669338768476101,0.04531662981435554,0.04676907582283993,0.03009582265019239,0.018915948440147212,0.04431347100346526,0.09515712134138787,0.12513448312278347
2023-05-30,风险平价策略,-1.0,0.0,0.0,0.0,0.05118284238669625,0.6659802126866562,0.04528361775000249,0.047162300147733205,0.030436637582425527,0.019217841005595197,0.04490426545571521,0.0958322829851759,0.1266182258233954
2023-05-31,风险平价策略,-1.0,0.0,0.0,0.0,0.049168941116656956,0.6702533728472645,0.04604341648217302,0.047958086059858136,0.029476062581237243,0.017444924085292888,0.0430815995532786,0.09657359727423864,0.12420003736938065
2023-06-01,风险平价策略,-1.0,0.0,0.0,0.0,0.04916535760086618,0.6702723996585659,0.04604199217921631,0.047952943530834305,0.029474184671456245,0.017444321055967275,0.04307914948432994,0.09656965181876392,0.12419394338021232
2023-06-02,风险平价策略,-1.0,0.0,0.0,0.0,0.0582020231067713,0.6108281076764173,0.054218852208936956,0.05644981783705781,0.034838367738072966,0.02063312091672715,0.04735457348988716,0.1174751370261294,0.14275396713586755
2023-06-05,风险平价策略,-1.0,0.0,0.0,0.0,0.06006014652517078,0.626712981681015,0.05350427407939929,0.050277621079716894,0.03524290235992849,0.021216054623110422,0.04845934041753577,0.1045266792341233,0.1406806896130721
2023-06-06,风险平价策略,-1.0,0.0,0.0,0.0,0.058900949156335945,0.6276184979294129,0.053710725147158495,0.05045295875088085,0.03468664767524637,0.021198552744714886,0.0486532650404473,0.10477840355580331,0.1396007454622413
2023-06-07,风险平价策略,-1.0,0.0,0.0,0.0,0.058932727069601974,0.6279122719382851,0.053712374739519134,0.05046585827103484,0.03470065362990344,0.021183015312859172,0.04831929242927723,0.10477380660951907,0.13959490103341765
2023-06-08,风险平价策略,-1.0,0.0,0.0,0.0,0.06007330176328568,0.6251983086502133,0.054781902112124525,0.05145722627238574,0.03449131322093866,0.02161902215722087,0.049288674386553134,0.10309025143727826,0.14075592843162274
2023-06-09,风险平价策略,-1.0,0.0,0.0,0.0,0.060087704333230026,0.6252408411567606,0.054809724234736144,0.05147238987499304,0.034524140998296156,0.021455694444458474,0.04930991511555419,0.10309958984197133,0.1407369639324168
2023-06-12,风险平价策略,-1.0,0.0,0.0,0.0,0.05768796848685892,0.628503804323526,0.055096989234915905,0.04890174303646139,0.03317241678435588,0.020914719713750494,0.05054188968796446,0.10518046873216677,0.13839335882455017
2023-06-13,风险平价策略,-1.0,0.0,0.0,0.0,0.05757524305350232,0.6285895361851888,0.05512880206739358,0.048921153629638,0.033200202458547774,0.020813699972120684,0.05056857499245223,0.10520278764115668,0.1382730880672315
2023-06-14,风险平价策略,-1.0,0.0,0.0,0.0,0.05648784540016304,0.6319383869240304,0.05538495437187842,0.04917714974976911,0.033329657496843676,0.020880374662286292,0.05061140361418179,0.10219022778084728,0.1365567496476033
2023-06-15,风险平价策略,-1.0,0.0,0.0,0.0,0.06647759622329451,0.5794533168325166,0.06527437402048607,0.05662339657580376,0.039348060009796,0.02327202835081489,0.06035645409791619,0.10919477388937207,0.15302466743519316
2023-06-16,风险平价策略,-1.0,0.0,0.0,0.0,0.06893077277134664,0.562674426075335,0.06767701633817762,0.05870001644912258,0.04078357517843084,0.024180748572089347,0.06282893461649125,0.11422450999900674,0.15803963029246565
2023-06-19,风险平价策略,-1.0,0.0,0.0,0.0,0.06480020290483836,0.5497671185617401,0.07126572408188694,0.058004629889171426,0.039713653288673045,0.025891107017600567,0.06765692033914088,0.12290064391694883,0.15747169274979178
2023-06-20,风险平价策略,-1.0,0.0,0.0,0.0,0.06442731103168003,0.5499570930996996,0.07130162851250697,0.058036400657669976,0.03973528990729753,0.025899622086892,0.06769344163822566,0.12294921306602832,0.15713912844990413
2023-06-21,风险平价策略,-1.0,0.0,0.0,0.0,0.0634492846363004,0.5531141162386168,0.07183863520077366,0.05694160183463877,0.03996069322986173,0.026033037106970257,0.06805048970840115,0.12061214204443728,0.15562382862577337
2023-06-26,风险平价策略,-1.0,0.0,0.0,0.0,0.05530567425121637,0.5683689918418432,0.0705662888262744,0.05440235590964382,0.038322481345386246,0.02580636562710781,0.06567603958264119,0.12155180261588695,0.14685513091259123
2023-06-27,风险平价策略,-1.0,0.0,0.0,0.0,0.056023047542267286,0.5650018167510464,0.07140312751951293,0.05505978148045127,0.038799489149871295,0.026133736794699422,0.06477781974232992,0.12280118101982151,0.14814631458287256
2023-06-28,风险平价策略,-1.0,0.0,0.0,0.0,0.05662682538685075,0.5700233225691889,0.06962180650440843,0.05537036238717108,0.03844060816303493,0.02558622098705466,0.06450270926677502,0.11982814473551628,0.14753588230793194
2023-06-29,风险平价策略,-1.0,0.0,0.0,0.0,0.05643247809538925,0.5709586092672865,0.06862556641548712,0.05500506588229648,0.03858424427349855,0.025679072337042128,0.06453279458489267,0.12018216914410723,0.1473042398254511
2023-06-30,风险平价策略,-1.0,0.0,0.0,0.0,0.05642553940642899,0.5709511542360106,0.06863528467156955,0.05500638501047422,0.03858900739509167,0.025677917058634817,0.06453219255717034,0.12018251966461976,0.14729934066591066
2023-07-03,风险平价策略,-1.0,0.0,0.0,0.0,0.056818777661473335,0.5677308248681447,0.06912503074698435,0.055384704485841985,0.03886560150470158,0.025862261317539117,0.06502049199477179,0.12119230742054322,0.1482031918349134
2023-07-04,风险平价策略,-1.0,0.0,0.0,0.0,0.05811337086062013,0.5587718795006283,0.07027360158140011,0.05524499768331416,0.03961503621883201,0.026425693902628167,0.06679847650690383,0.12475694374567314,0.15097216813121855
2023-07-05,风险平价策略,-1.0,0.0,0.0,0.0,0.05804486682835501,0.5597682425272861,0.06950633594653811,0.0543166901978122,0.03969627061397707,0.026523864504754763,0.06700405180599484,0.12513967757528188,0.1508363961763891
2023-07-06,风险平价策略,-1.0,0.0,0.0,0.0,0.05802104028699665,0.558142904392822,0.06983638049232516,0.05458702135037225,0.03988748612485907,0.026648459668531972,0.06716843433905309,0.1257082733450398,0.15112094992749311
2023-07-07,风险平价策略,-1.0,0.0,0.0,0.0,0.05816202822398216,0.5593177553058473,0.06954106880289096,0.05459235449100187,0.03997613051304806,0.026719198324318728,0.06662379057997636,0.12506767375893452,0.15103244691254994
2023-07-10,风险平价策略,-1.0,0.0,0.0,0.0,0.05816485393976003,0.5592778370026702,0.06954378927697567,0.05459405614531106,0.03998249066291449,0.026723405490159082,0.06662551566266331,0.12508805181954621,0.15104333984755822
2023-07-11,风险平价策略,-1.0,0.0,0.0,0.0,0.05816458213604268,0.5592781206661563,0.06954714446434367,0.05459203548313849,0.03998269047134736,0.026722790762651927,0.06662780867384453,0.12508482734247497,0.1510425211519642
2023-07-12,风险平价策略,-1.0,0.0,0.0,0.0,0.05824649279665042,0.5596178941575035,0.06895584808715899,0.05452107362878297,0.04003836361407023,0.02676076813726529,0.06670021001526302,0.1251593495633055,0.1510788604231653
2023-07-13,风险平价策略,-1.0,0.0,0.0,0.0,0.058632945534535914,0.558109822136958,0.0693755074254875,0.054872354813367455,0.04023340054530989,0.026941790918021808,0.06584520893942221,0.12598896968689724,0.15176318890710244
2023-07-14,风险平价策略,-1.0,0.0,0.0,0.0,0.05897758039373762,0.5584645112479362,0.0698106008085762,0.055185618136445236,0.04047159357760339,0.027097891617198146,0.06622657602672599,0.12376562819177717,0.15175391520900744
2023-07-17,风险平价策略,-1.0,0.0,0.0,0.0,0.05714144512957531,0.5649097467616113,0.06672976756722428,0.05504048985395411,0.03633632509669689,0.02600846064653665,0.06786744605467253,0.12596631888972895,0.14934064993556587
2023-07-18,风险平价策略,-1.0,0.0,0.0,0.0,0.05704503029506475,0.5650588429745418,0.06648904852204433,0.05509046558565366,0.03636082054700093,0.026025014343678963,0.06790313978911139,0.1260276379429043,0.1492487145062251
2023-07-19,风险平价策略,-1.0,0.0,0.0,0.0,0.0571524505770123,0.5642092585231866,0.06661082330043176,0.055189924650089386,0.03642609697004037,0.026073290410394866,0.06803672754548348,0.12630142802336136,0.1494908655558626
2023-07-20,风险平价策略,-1.0,0.0,0.0,0.0,0.056423494877904046,0.5652939320928452,0.06607479392433105,0.05539902234010261,0.03654697433686707,0.02612744540732941,0.06822328577504704,0.1259110512455735,0.14868954344966406
2023-07-21,风险平价策略,-1.0,0.0,0.0,0.0,0.05659504138384657,0.5708382786177556,0.06652053362331495,0.055800660242328354,0.03675937008756904,0.026306079791323253,0.0662919948635524,0.12088804139030972,0.14757103873745211
2023-07-24,风险平价策略,-1.0,0.0,0.0,0.0,0.05689487866487725,0.5720889683143937,0.06524853256120733,0.05591874364322828,0.03591613321095281,0.026481935129994378,0.06652489510128749,0.12092591337405881,0.14767132106081082
2023-07-25,风险平价策略,-1.0,0.0,0.0,0.0,0.07036282602147347,0.4789264166571432,0.08024280526854426,0.06924351001564427,0.04432878610168069,0.0327945497018858,0.08338694678671846,0.14071415944691,0.17452421415266958
2023-07-26,风险平价策略,-1.0,0.0,0.0,0.0,0.07023828176122004,0.479063900907945,0.08031318743197471,0.06897930477275176,0.04435920405434601,0.03281828734696974,0.08343998838345784,0.14078784534133498,0.17441238986236737
2023-07-27,风险平价策略,-1.0,0.0,0.0,0.0,0.07024418913279441,0.47909574352483286,0.08025087518469347,0.06898545356863608,0.044365225319550734,0.032819374618160105,0.0834423224658871,0.14079681618544512,0.1744142939560728
2023-07-28,风险平价策略,-1.0,0.0,0.0,0.0,0.07291704136210987,0.47904501858330534,0.08313874471783234,0.0707034272450807,0.04588065843587441,0.034022340936523926,0.0810529642248902,0.13323980449438327,0.17603880598220795
2023-07-31,风险平价策略,-1.0,0.0,0.0,0.0,0.07392278101778937,0.47669640721452466,0.08421735790315064,0.0714421210286115,0.04468947977644437,0.034545153868467814,0.08021044672680629,0.13427625246420535,0.17742207739160198
2023-08-01,风险平价策略,-1.0,0.0,0.0,0.0,0.07391210183151986,0.4767420020355412,0.08422025521832341,0.07142677141103863,0.044680332459248844,0.034540312024102904,0.08020495136710101,0.1342732736531242,0.17740589280948946
2023-08-02,风险平价策略,-1.0,0.0,0.0,0.0,0.07002333914456702,0.48496820024851456,0.07410009794991634,0.07292302986696841,0.043877407560691674,0.0358559007843548,0.0824461179290612,0.1358059065159259,0.17334794129302977
2023-08-03,风险平价策略,-1.0,0.0,0.0,0.0,0.07535493021045385,0.5091842843180981,0.07091839930016001,0.07453309739929427,0.03787861984255661,0.03157970024046075,0.07273349214804321,0.12781747654093317,0.17314589365120797
2023-08-04,风险平价策略,-1.0,0.0,0.0,0.0,0.07537029828093754,0.5092540113265502,0.0709373934048223,0.07454642610883125,0.037885442173755245,0.03158486371813816,0.07275212272941176,0.1276694422575534,0.17313196103256695
2023-08-07,风险平价策略,-1.0,0.0,0.0,0.0,0.07194298487521496,0.5143837922582492,0.07002151102584771,0.07560522441836426,0.03750184451484082,0.03221973420126914,0.06873846936753958,0.12958643933867442,0.17000868989728316
2023-08-08,风险平价策略,-1.0,0.0,0.0,0.0,0.07219454776137532,0.5151862288256924,0.06929216549041173,0.0756789042034566,0.03769181938803738,0.03179304328880108,0.06819614999924964,0.12996714104297583,0.17010725677335495
2023-08-09,风险平价策略,-1.0,0.0,0.0,0.0,0.07105589197138451,0.5154682287532398,0.06922329658076436,0.07602671251525296,0.03784155562617692,0.031896414427561616,0.06846092648986443,0.13002697363575536,0.16912998928054196
2023-08-10,风险平价策略,-1.0,0.0,0.0,0.0,0.07137836269643755,0.5157546816207144,0.06951208480442549,0.0760985326598686,0.03801016295609596,0.03204135868661125,0.0687947259137767,0.12841009066207007,0.16918303076766497
2023-08-11,风险平价策略,-1.0,0.0,0.0,0.0,0.06854349988174482,0.518300558933576,0.06836358080015115,0.07521561512865008,0.03842958845266474,0.03232890363421084,0.06943085322231518,0.1293873999466873,0.16660644730756632
2023-08-14,风险平价策略,-1.0,0.0,0.0,0.0,0.06888052555217884,0.5218868490180583,0.0679796157452321,0.0706145460771278,0.03634143319409448,0.032970850134943545,0.07042025610333705,0.13090592417502786,0.16663977041782752
2023-08-15,风险平价策略,-1.0,0.0,0.0,0.0,0.06887898673682108,0.5218955815757622,0.06797774507689529,0.07061673109052564,0.03633842427214163,0.032968446972943925,0.07041628035958367,0.13090780391532655,0.16663722916364593
2023-08-16,风险平价策略,-1.0,0.0,0.0,0.0,0.06768367114916175,0.5270678577951294,0.06207151300146456,0.07199870671102664,0.035943794993909275,0.03210270399331025,0.06989437149743104,0.13323738085856707,0.16508764810992727
2023-08-17,风险平价策略,-1.0,0.0,0.0,0.0,0.06802790750835108,0.5236936385634089,0.06256015123416347,0.07257868902016693,0.03619630740931659,0.03228785783764099,0.07048400992312896,0.13417143850382302,0.16595887375183532
2023-08-18,风险平价策略,-1.0,0.0,0.0,0.0,0.06782456823807363,0.5263277157589487,0.06284285404612193,0.07196820715012402,0.03634393581957036,0.03241305966194302,0.07078775737085195,0.13149190195436655,0.16512332011002884
2023-08-21,风险平价策略,-1.0,0.0,0.0,0.0,0.06695532948757821,0.5266453625210048,0.06295853128211291,0.07210126829706182,0.036394342883577534,0.0324440325114673,0.0708862171563146,0.1316149158608828,0.1643675448485171
2023-08-22,风险平价策略,-1.0,0.0,0.0,0.0,0.07032878452203498,0.5257601222660171,0.06616377415033521,0.07552353651251444,0.03858783586533764,0.03110241985647689,0.056788883234686865,0.13574464359259678,0.16804651876235774
2023-08-23,风险平价策略,-1.0,0.0,0.0,0.0,0.06987408411760734,0.5254839255313118,0.06644651920434871,0.07581067872866815,0.0384769828798686,0.030736217526763206,0.05701463813250497,0.13615695387892737,0.16768486066664004
2023-08-24,风险平价策略,-1.0,0.0,0.0,0.0,0.06893949093302618,0.5270479134007432,0.06676684463649142,0.07431719189801289,0.03880022627541613,0.029870625174510272,0.05739986676533679,0.13685784091646305,0.16662595127233293
2023-08-25,风险平价策略,-1.0,0.0,0.0,0.0,0.07059774821306747,0.5168648909238138,0.06872480977192763,0.07660631762263444,0.039957685959865305,0.030778171608619145,0.05928622801854886,0.13718414788152325,0.16953294344646583
2023-08-28,风险平价策略,-1.0,0.0,0.0,0.0,0.07097149948681626,0.5148465158633385,0.06902406912135021,0.0770322566581448,0.0395780079161861,0.030958163917664865,0.05960837353117975,0.13798111350531964,0.1702303486480662
2023-08-29,风险平价策略,-1.0,0.0,0.0,0.0,0.07255079973830096,0.5044001105289664,0.07058103539837499,0.07879012280227728,0.03961620204961695,0.031304486373287484,0.06105460049935158,0.14170264260982435,0.1734262157971829
2023-08-30,风险平价策略,-1.0,0.0,0.0,0.0,0.07057564133495574,0.5052817761833575,0.07088855994696858,0.07912384094980264,0.03975069618663104,0.031397415303321616,0.060915524261099925,0.1420665458338628,0.17171211211923784
2023-08-31,风险平价策略,-1.0,0.0,0.0,0.0,0.06977781248986537,0.5057014542628995,0.07105760193726242,0.07928932914554844,0.03957423403652897,0.03138607299824061,0.061001888134823164,0.14221160699483165,0.1709965163814144
2023-09-01,风险平价策略,-1.0,0.0,0.0,0.0,0.07504255197117114,0.4727105124473235,0.07620719077021634,0.08520401581762103,0.04264086211385495,0.03391148774954339,0.06253123936216891,0.15175213976810087,0.18140639072776765
2023-09-04,风险平价策略,-1.0,0.0,0.0,0.0,0.08499468582562496,0.45770224131370035,0.07864390785455849,0.06989621565429464,0.04205617508797746,0.03871947870623661,0.05635036853163039,0.17163692702597705,0.19512733204722138
2023-09-05,风险平价策略,-1.0,0.0,0.0,0.0,0.08191387224090338,0.45701544434712776,0.07798973929375426,0.07089435489260333,0.042297648676199236,0.039216883391316806,0.05700512378160606,0.17366693337648903,0.19293812381659975
2023-09-06,风险平价策略,-1.0,0.0,0.0,0.0,0.08254844011079132,0.4428280929889279,0.08064720574054371,0.07340378802624452,0.04376378393603651,0.04052175363683406,0.0591488381853745,0.17713809737524747,0.19596212210028172
2023-09-07,风险平价策略,-1.0,0.0,0.0,0.0,0.08328760687492037,0.438779010510923,0.08016309475697128,0.07452316938307194,0.04300912648576293,0.04112146631300955,0.05998108857520289,0.17913543710013796,0.19743276902565812
2023-09-08,风险平价策略,-1.0,0.0,0.0,0.0,0.08202295694429555,0.45066130238993674,0.07688439467522996,0.06892882165224237,0.04206724430148322,0.04237805107577598,0.05326454432238588,0.18379268463865028,0.19571835445267224
2023-09-11,风险平价策略,-1.0,0.0,0.0,0.0,0.08207395834676344,0.4508874092044229,0.07693309289736029,0.06895578671101821,0.04210095268908226,0.04221191145018033,0.053302240451924575,0.18353464824924795,0.1956723307039559
2023-09-12,风险平价策略,-1.0,0.0,0.0,0.0,0.08168049479789213,0.4516054144528056,0.0770909908762002,0.0691433259945494,0.04219077836618744,0.04230968905967657,0.052207536884502706,0.18377176956818606,0.19532272895395802
2023-09-13,风险平价策略,-1.0,0.0,0.0,0.0,0.08230264044405036,0.4546086525519416,0.07696588619022773,0.067363085429666,0.041833701417082945,0.04269127334416868,0.04948474861170872,0.18475001201115404,0.19569644961071525
2023-09-14,风险平价策略,-1.0,0.0,0.0,0.0,0.08230509804668547,0.4546870934508323,0.07696087389741636,0.06737631920926258,0.041836199844576274,0.04269573140093726,0.04938893830358849,0.18474974584670126,0.19569150511844566
2023-09-15,风险平价策略,-1.0,0.0,0.0,0.0,0.08694449827274678,0.43744169761896473,0.08117110195324155,0.07121803465384166,0.04421023245636067,0.045108277959795745,0.052359014313544755,0.18154714277150416,0.20185306287185215
2023-09-18,风险平价策略,-1.0,0.0,0.0,0.0,0.09252549338472245,0.44181230001126115,0.08141196961411842,0.0702463183710207,0.04373249343574037,0.04784090586317505,0.052389620768899865,0.170040898551062,0.20500184301717247
2023-09-19,风险平价策略,-1.0,0.0,0.0,0.0,0.0940212462990378,0.4465102299185913,0.0762931954142445,0.07178878540975495,0.044651671554966535,0.04707180140419142,0.047557564521911254,0.17210550547730238,0.20590290451402118
2023-09-20,风险平价策略,-1.0,0.0,0.0,0.0,0.09438287840111137,0.44607052859603247,0.07644299991017375,0.07206381024441336,0.04446076112614812,0.04604648573842485,0.04777116445587976,0.17276137152781626,0.20617237147554018
2023-09-21,风险平价策略,-1.0,0.0,0.0,0.0,0.08825348398691671,0.45492244414295824,0.07634735491257699,0.07434802984267377,0.042288204011519046,0.04531580661667005,0.046167262058343414,0.17235741442834185,0.19968967955814382
2023-09-22,风险平价策略,-1.0,0.0,0.0,0.0,0.09150756588776097,0.4373095206402219,0.07690797048005416,0.07720046120972075,0.04390217540996358,0.04695754129885198,0.04796834633079233,0.17824641874263444,0.2057323182803976
2023-09-25,风险平价策略,-1.0,0.0,0.0,0.0,0.09319112758691084,0.43559585433459824,0.07564526639719038,0.07574449570217132,0.0437777181482245,0.046865101322070335,0.047843327998658,0.18133710851017631,0.20773645341210925
2023-09-26,风险平价策略,-1.0,0.0,0.0,0.0,0.09345215519892545,0.44344016062783126,0.0727130821416339,0.07772186113646865,0.041128785023672156,0.04460372881036364,0.049032640953133276,0.17790758610797167,0.20606120424659768
2023-09-27,风险平价策略,-1.0,0.0,0.0,0.0,0.09294849704825205,0.4556832489761733,0.07272931359344117,0.07929886457021673,0.04197370643200952,0.04553378898889952,0.049931131916597385,0.16190144847441035,0.20219488207072367
2023-09-28,风险平价策略,-1.0,0.0,0.0,0.0,0.09489837112510818,0.47748847223353713,0.07509776141566953,0.08170109760246075,0.0432369536090928,0.046948549625068905,0.05063958128784146,0.12998921310122127,0.19727734360317664
2023-10-09,风险平价策略,-1.0,0.0,0.0,0.0,0.1015699180910119,0.5425386002968939,0.09366219787409209,0.06779297629408945,0.031003910297336783,0.022232216210146524,0.03772604586216667,0.10347413507426262,0.18722832868601264
2023-10-10,风险平价策略,-1.0,0.0,0.0,0.0,0.08946390535220057,0.5622698214954702,0.08337764284093076,0.07043474010690227,0.03392845252127612,0.02592675452529247,0.03725423833918746,0.09734444481873997,0.1742945260712927
2023-10-11,风险平价策略,-1.0,0.0,0.0,0.0,0.09198243669444153,0.5502292759935483,0.08579049122842927,0.07245782113483776,0.03466005299836676,0.026623362841107036,0.038150666671197264,0.10010589243807193,0.17845882024119536
2023-10-12,风险平价策略,-1.0,0.0,0.0,0.0,0.09212460360103289,0.5504344705365536,0.08592256524569049,0.07263095022401879,0.03413134347768376,0.02612687130605329,0.03828406932079784,0.10034512628816947,0.17849051942113467
2023-10-13,风险平价策略,-1.0,0.0,0.0,0.0,0.0924082649875793,0.5532272173625262,0.08372749309253087,0.0705725716740798,0.03425194980664255,0.026285336500433226,0.03858693709517333,0.10094022948103473,0.1784406610086303
2023-10-16,风险平价策略,-1.0,0.0,0.0,0.0,0.0924264079622105,0.5531705762454705,0.08374454625164962,0.07057770272426725,0.034255190883507376,0.026286143111538082,0.03858975726008832,0.10094967556126844,0.17846475805134904
2023-10-17,风险平价策略,-1.0,0.0,0.0,0.0,0.09842204162893675,0.5418637778728999,0.08001161693067119,0.06863681641214624,0.035658434472867796,0.02722399541172261,0.04104597112218493,0.10713734614857043,0.18586043097023255
2023-10-18,风险平价策略,-1.0,0.0,0.0,0.0,0.09741993531784295,0.5405888363709528,0.08058245063009833,0.06907134588825052,0.03585010072417459,0.027365497255512874,0.04129496647785625,0.10782686733531174,0.18529060841093498
2023-10-19,风险平价策略,-1.0,0.0,0.0,0.0,0.08531419101369864,0.5082082441346045,0.08880601164005292,0.07828303661976856,0.03961701949429629,0.030506672849502866,0.04667903097643973,0.12258579327163642,0.18164296960750184
2023-10-20,风险平价策略,-1.0,0.0,0.0,0.0,0.08542832001735438,0.5087688401637208,0.08811978608595056,0.07806625359197057,0.03963089283522147,0.03053499834646383,0.04673591233209936,0.12271499662721899,0.1816816262815651
2023-10-23,风险平价策略,-1.0,0.0,0.0,0.0,0.0716561444028435,0.526860291841501,0.08531303502152472,0.0775639810493683,0.03830071375339931,0.029788912921844175,0.0464535402976379,0.12406338071188111,0.16770825458131156
2023-10-24,风险平价策略,-1.0,0.0,0.0,0.0,0.07285843167649282,0.5215670829646386,0.08669494263452263,0.0788698335990411,0.03898514031947013,0.029699101848423688,0.04642790089789102,0.12489756605951995,0.1695261050071759
2023-10-25,风险平价策略,-1.0,0.0,0.0,0.0,0.07299199538874365,0.5224117455708184,0.0868417806144316,0.07911634406433474,0.03916411875260276,0.02903792267071181,0.04661644393658064,0.12381964900177646,0.16928526385143988
2023-10-26,风险平价策略,-1.0,0.0,0.0,0.0,0.0734476383961909,0.521641518294469,0.08594967150063872,0.07908187079026334,0.03938447759662694,0.02917314515680321,0.046874973863470525,0.1244467044015373,0.16986331459638218
2023-10-27,风险平价策略,-1.0,0.0,0.0,0.0,0.07347229915130765,0.5218940070997073,0.08601924078902651,0.07861602318442898,0.03939854010344687,0.029189714364397865,0.04690186678285536,0.12450830852482948,0.16985932104746995
2023-10-30,风险平价策略,-1.0,0.0,0.0,0.0,0.0694348456693968,0.5244053527496364,0.08655974527908777,0.07890153465899849,0.03960472697361896,0.02908239249472115,0.04707671377513475,0.1249346883994056,0.1661596390046586
2023-10-31,风险平价策略,-1.0,0.0,0.0,0.0,0.06964248037040234,0.5253635693207518,0.08679781151545272,0.07938746296048303,0.03992914113757313,0.02830358181088097,0.044896133062928154,0.12567981982152793,0.1662381605406487
2023-11-01,风险平价策略,-1.0,0.0,0.0,0.0,0.06987780962918269,0.5267804628707558,0.0869270242815952,0.07973233212586221,0.03979702181446421,0.028053251404017737,0.04510672465000867,0.12372537322411366,0.1659623310911423
2023-11-02,风险平价策略,-1.0,0.0,0.0,0.0,0.06988629884760485,0.526873018000508,0.08696268960397523,0.07962678009901228,0.03970996001220624,0.02806312765498244,0.04511802086200222,0.12376010491970893,0.1659615055913438
2023-11-03,风险平价策略,-1.0,0.0,0.0,0.0,0.06917103299726324,0.5262705140646492,0.08745303166647712,0.07987870764184923,0.039913394026231924,0.028189038195594464,0.04533790789531982,0.12378637351261489,0.16546075595518508
2023-11-06,风险平价策略,-1.0,0.0,0.0,0.0,0.06907980972594595,0.5307192076508588,0.08695699702587403,0.0808867838855459,0.03906194073610444,0.027515415190759823,0.04597047656334952,0.11980936922156157,0.1641710429844982
2023-11-07,风险平价策略,-1.0,0.0,0.0,0.0,0.0713185332214206,0.5310862408275995,0.08737507040197448,0.08118178597248014,0.03929543754771629,0.02549674577011595,0.04673793587032831,0.11750825038836461,0.16538221106345696
2023-11-08,风险平价策略,-1.0,0.0,0.0,0.0,0.07155377159746645,0.5327292435978365,0.08767325299520594,0.08156535296693267,0.03957027513199582,0.02483399034236096,0.047033882715898916,0.11504023065230277,0.164949672659061
2023-11-09,风险平价策略,-1.0,0.0,0.0,0.0,0.07388287797766617,0.5384795735794035,0.0856235747158466,0.0795041693515744,0.04043881196907023,0.024133864086431176,0.048221810468342154,0.10971531785166592,0.16535186526968948
2023-11-10,风险平价策略,-1.0,0.0,0.0,0.0,0.07234143353885453,0.5417041223319805,0.08638232545520766,0.07894327130328567,0.04083586102259368,0.02436797280241462,0.04492498082006934,0.11050003272559404,0.16385623641890193
2023-11-13,风险平价策略,-1.0,0.0,0.0,0.0,0.072879763951194,0.5456678030376344,0.08724677541891027,0.07461491216008494,0.0406510988897519,0.024510795693116722,0.04541653034067455,0.10901232050863315,0.16360106915953423
2023-11-14,风险平价策略,-1.0,0.0,0.0,0.0,0.07345621626485302,0.5421697164820094,0.08794180453665561,0.0751704434466422,0.04095038078230135,0.024682552654563684,0.045752105264960465,0.10987678056801417,0.16468167268017134
2023-11-15,风险平价策略,-1.0,0.0,0.0,0.0,0.07343949443233015,0.5422670473630585,0.08792398418261364,0.07514693953037799,0.04094100286242788,0.024673180415238746,0.045748295380842866,0.10986005583311026,0.16465100066275487
2023-11-16,风险平价策略,-1.0,0.0,0.0,0.0,0.07333780521783811,0.5437131229053701,0.08826899056349045,0.07495632393211363,0.04121677873934974,0.024016781506606733,0.045642761606702935,0.10884743552852832,0.16414974703443194
2023-11-17,风险平价策略,-1.0,0.0,0.0,0.0,0.0729186662617174,0.5486176211911419,0.08989686874441849,0.07266643959725477,0.04173496876277392,0.02147522997324568,0.04117732187278752,0.11151288359666028,0.1631879136578011
2023-11-20,风险平价策略,-1.0,0.0,0.0,0.0,0.07385298862989567,0.5552859846310524,0.09119746699301412,0.07386008215597388,0.04244447332462828,0.021927884434654304,0.039951179002083316,0.101479940828698,0.16198486629609252
2023-11-21,风险平价策略,-1.0,0.0,0.0,0.0,0.07696347377340909,0.5470422020947615,0.09533865503927678,0.0756125676529755,0.0372767747943898,0.022985285487926443,0.04163521529640714,0.1031458258608536,0.16597747675729316
2023-11-22,风险平价策略,-1.0,0.0,0.0,0.0,0.07792334580581495,0.5391347629947081,0.0976885694148456,0.07530502357709763,0.03788703175635393,0.024175081213282882,0.04198726602680489,0.10589891921109199,0.16836755310881465
2023-11-23,风险平价策略,-1.0,0.0,0.0,0.0,0.08635443304924466,0.5007016509719938,0.10541284475395227,0.08162580013933476,0.041906579721119816,0.02493163610190632,0.04382961995945164,0.11523743530299674,0.18186473209123863
2023-11-24,风险平价策略,-1.0,0.0,0.0,0.0,0.08634644769131429,0.5007406036563107,0.10541215297749351,0.08161473402270412,0.04189071128315657,0.024931554260588327,0.04382503290819582,0.11523876320023663,0.18185289095841028
2023-11-27,风险平价策略,-1.0,0.0,0.0,0.0,0.08365813688689507,0.49156458506287537,0.11080741934402527,0.08601915417442527,0.0404624969177005,0.024539720376630478,0.041826272910860475,0.12112221432658761,0.18152247376280628
2023-11-28,风险平价策略,-1.0,0.0,0.0,0.0,0.08432906523210174,0.4949388305851375,0.1074244159250197,0.08451922620124973,0.040027488105409785,0.024702515231334113,0.04205265421910943,0.12200580450063793,0.1817514668975427
2023-11-29,风险平价策略,-1.0,0.0,0.0,0.0,0.08079840272813676,0.5022500310930583,0.1099903805235213,0.07582427692070812,0.04001867091418861,0.02514450847041861,0.042151902863945274,0.1238218264860229,0.17808427425088524
2023-11-30,风险平价策略,-1.0,0.0,0.0,0.0,0.08080451980284067,0.5022656268386405,0.1099864915959315,0.07581881292464294,0.04001528879712248,0.025143980591117287,0.04214436626169954,0.12382091318800513,0.17808730538842932
2023-12-01,风险平价策略,0.0,0.0,0.0,0.0,0.08133760561086585,0.504978934640338,0.11078362532158523,0.07456054817798088,0.03816541076703584,0.023559918946936455,0.04159705294314219,0.1250169035921156,0.1780567905186215
2023-12-04,风险平价策略,0.0,0.0,0.0,0.0,0.08059502553947293,0.5001137590453525,0.11275927341845776,0.07596605427771497,0.038567910336563524,0.022720102688995044,0.04189382682186856,0.1273840478715748,0.17823463045557245
2023-12-05,风险平价策略,0.0,0.0,0.0,0.0,0.07259074479139843,0.5386407700470548,0.10080129509451054,0.07358934522220209,0.041800153008084,0.024407632301573577,0.045350427227632814,0.10281963230754385,0.1635607874268312
2023-12-06,风险平价策略,0.0,0.0,0.0,0.0,0.07234230940299546,0.5381387281636615,0.10117554836660372,0.07384143259656456,0.04194381152441255,0.02445325215941058,0.04551092448814518,0.10259399329820636,0.1633967215183121
2023-12-07,风险平价策略,0.0,0.0,0.0,0.0,0.07283582015471496,0.5445995897819841,0.09409321834642302,0.07376367884164926,0.041676199308904906,0.02282249211322701,0.0459297593861866,0.10427924206691014,0.1628651213070417
2023-12-08,风险平价策略,0.0,0.0,0.0,0.0,0.07281712654818974,0.544569493928471,0.09410355004593095,0.07378079066883404,0.0416856994597114,0.022827756171875865,0.045933912394958726,0.10428167078202827,0.16285458572422767
2023-12-11,风险平价策略,0.0,0.0,0.0,0.0,0.07344453791553228,0.5479035060411224,0.09504308339683525,0.07230102371913943,0.041807239886210774,0.02300005952020185,0.046289578056410104,0.10021097146454798,0.16246114968964345
2023-12-12,风险平价策略,0.0,0.0,0.0,0.0,0.0739798444742786,0.5473843074801128,0.09465962239048016,0.07283101795061167,0.04208518188853391,0.023084428887838973,0.046598397934336386,0.09937719899380754,0.1628878602307452
2023-12-13,风险平价策略,0.0,0.0,0.0,0.0,0.07015829119296928,0.5684922337483156,0.089776073204331,0.07062853840974882,0.03476399714255537,0.01867456234170016,0.0473882723012892,0.10011803165909063,0.15611459862222138
2023-12-14,风险平价策略,0.0,0.0,0.0,0.0,0.07198513659304531,0.5587091790372678,0.09254910190369627,0.07291275460977793,0.03530696981231624,0.0193257753389001,0.045993746740847344,0.10321733596414893,0.15949323723394654
2023-12-15,风险平价策略,0.0,0.0,0.0,0.0,0.0711881587771911,0.5595122043403462,0.09272893527714648,0.07303148013436585,0.035356343512848935,0.019350643150525818,0.045958960718603406,0.10287327408897223,0.15867959619522498
2023-12-18,风险平价策略,0.0,0.0,0.0,0.0,0.07155722832074313,0.557399648846641,0.0934995469196983,0.07366192135964929,0.03565936904311577,0.01951982226721402,0.04554817875924077,0.10315428448369769,0.1593509532235796
2023-12-19,风险平价策略,0.0,0.0,0.0,0.0,0.07149754656233138,0.5576456265769291,0.09317267455251906,0.07370226677873955,0.03567206894748795,0.01952787028814325,0.04556608985792838,0.10321585643592142,0.15927587953662348
2023-12-20,风险平价策略,0.0,0.0,0.0,0.0,0.07126218496635843,0.5557701053595177,0.0938775518265305,0.07426983474048403,0.03595227567846194,0.019679887804099416,0.045203239893833694,0.10398491973071435,0.15946166912451742
2023-12-21,风险平价策略,0.0,0.0,0.0,0.0,0.07111733493580472,0.555920389870529,0.09389588773667759,0.07418184440819374,0.03596390896440216,0.019684896545526735,0.04521845024159761,0.10401728729726833,0.1593240522189071
2023-12-22,风险平价策略,0.0,0.0,0.0,0.0,0.0711352611301269,0.556322517307534,0.09389985053952374,0.07420779045894063,0.03597613995641188,0.019699120897537826,0.04471096006722777,0.10404835964269733,0.15930617461106655
2023-12-25,风险平价策略,0.0,0.0,0.0,0.0,0.07099502550868207,0.5569981090580786,0.09417565030811674,0.0735477177695458,0.035866096681913436,0.01928952036831035,0.044854896808289864,0.10427298349706324,0.15905317204560004
2023-12-26,风险平价策略,0.0,0.0,0.0,0.0,0.07094034324506535,0.5569519898361658,0.09423114282216803,0.07358245192159087,0.03584380587690587,0.01930059659064996,0.04481520830815493,0.1043344613992992,0.1590235823299168
2023-12-27,风险平价策略,0.0,0.0,0.0,0.0,0.07094306752289203,0.556990363496079,0.09417215030041175,0.07359862779250752,0.03584691695148061,0.019302413980996316,0.04481721375520882,0.10432924620042403,0.1590203261851275
2023-12-28,风险平价策略,0.0,0.0,0.0,0.0,0.07197154395205882,0.5466491096678637,0.09670943611106596,0.07552330215424502,0.03687469220512338,0.01925708070579482,0.04594521704420593,0.10706961815964233,0.1615783446173771
2023-12-29,风险平价策略,0.0,0.0,0.0,0.0,0.07412452052589169,0.559709842502146,0.08997229629857396,0.07741124368235028,0.03603939307026851,0.01758007521340236,0.04248834622586284,0.10267428248150444,0.16092323797981103
2024-01-02,风险平价策略,0.0,0.0,0.0,0.0,0.07657647973410124,0.5487551030364858,0.09277146355047543,0.07985419158969181,0.037238412472258196,0.018190067286206504,0.04066663675647579,0.10594764557430508,0.1650188173234574
2024-01-03,风险平价策略,0.0,0.0,0.0,0.0,0.08005892477803203,0.5637535607824499,0.08930087652742613,0.06259654971287526,0.036406654804682956,0.01717818900045039,0.04209378689228283,0.10861145750180068,0.16602590418948268
2024-01-04,风险平价策略,0.0,0.0,0.0,0.0,0.08074338993003616,0.5669270529425448,0.08827179217440767,0.061342856806596686,0.036717178253005744,0.017323867408019313,0.042380839232331984,0.10629302325305762,0.16591202357519694
2024-01-05,风险平价策略,0.0,0.0,0.0,0.0,0.08083490948230013,0.5685515012863294,0.0884186921598863,0.06118112152120669,0.03683441014719785,0.017115255219597822,0.04062664070427604,0.10643746947920577,0.16580735334446167
2024-01-08,风险平价策略,0.0,0.0,0.0,0.0,0.07136417135266272,0.5798557748866372,0.09021284844985193,0.06150675837115735,0.03322966404681509,0.01776755527550213,0.037910770181448145,0.10815245743592525,0.1566814515979567
2024-01-09,风险平价策略,0.0,0.0,0.0,0.0,0.07198736033860194,0.5827912963579126,0.0905746529217916,0.05905593514418373,0.03241532191994638,0.017397392326439606,0.038256155940888756,0.10752188505023548,0.15665523519533883
2024-01-10,风险平价策略,0.0,0.0,0.0,0.0,0.07357906106694917,0.5676502287182105,0.08994143683229827,0.06352724555334276,0.034899101179945005,0.018695508484515858,0.040006041158496444,0.11170137700624201,0.16071788679459503
2024-01-11,风险平价策略,0.0,0.0,0.0,0.0,0.0713525180781029,0.5693356402229173,0.09021467646064141,0.06365873018309016,0.034891049786354225,0.018683693439226073,0.039872948040574153,0.1119907437890939,0.1586568060171264
2024-01-12,风险平价策略,0.0,0.0,0.0,0.0,0.07724225653394434,0.5403459654897039,0.0967945289354328,0.06756853598305898,0.037626158647478834,0.020153827200954304,0.03957219774225956,0.12069652946716738,0.16883408168982303
2024-01-15,风险平价策略,0.0,0.0,0.0,0.0,0.07834067808170872,0.545569370787149,0.09113289504543275,0.06511523488163688,0.03797566723912522,0.01939598666190449,0.039759948988759994,0.122710218314283,0.16916984679871735
2024-01-16,风险平价策略,0.0,0.0,0.0,0.0,0.07878721360771457,0.5438423261064029,0.09170318544659285,0.06480255073502995,0.03819347988485373,0.01950945827402868,0.04000618846869645,0.12315559747668078,0.16984447957194976
2024-01-17,风险平价策略,0.0,0.0,0.0,0.0,0.06960180540025401,0.5613860412944326,0.09333190965725131,0.06693122392334616,0.038984997773236635,0.019680339268812904,0.03895051888426965,0.11113316379839681,0.15838456931148695
2024-01-18,风险平价策略,0.0,0.0,0.0,0.0,0.0686585492447804,0.556482122309294,0.09596455179044175,0.06778533578683088,0.040062635388634325,0.020192426671496143,0.038866529055470445,0.11198784975305211,0.15845205557388872
2024-01-19,风险平价策略,0.0,0.0,0.0,0.0,0.06704868729505352,0.5588072310334955,0.09570534272212047,0.06601304639627406,0.04032947409878557,0.020308252020391777,0.03905973231872428,0.11272823411515481,0.15689013232683047
2024-01-22,风险平价策略,0.0,0.0,0.0,0.0,0.05555945224204454,0.5677364468400694,0.09780185994812692,0.06715480404682615,0.0411965308248628,0.01995978580282022,0.0399233111151953,0.11066780918005484,0.14571348836475867
2024-01-23,风险平价策略,0.0,0.0,0.0,0.0,0.056224887243583245,0.5626830229485735,0.09900072399742367,0.06774838082427745,0.04169043660619944,0.02019245910086889,0.04047066666909782,0.1119894226099759,0.14713900572187769
2024-01-24,风险平价策略,0.0,0.0,0.0,0.0,0.056236255492396484,0.5627663799943222,0.09902904887685779,0.06775019610638035,0.041693823278079585,0.020185977154405774,0.04047947018442133,0.11185884891313658,0.14712036565590902
2024-01-25,风险平价策略,0.0,0.0,0.0,0.0,0.05678470708546363,0.567346134449296,0.1002220415454839,0.06497570920383623,0.04175993524187197,0.020415178653571873,0.039757847436995224,0.10873844638348112,0.1466473318810326
2024-01-26,风险平价策略,0.0,0.0,0.0,0.0,0.05730783668085238,0.5648220295092249,0.10099964816598946,0.06553038298601434,0.0421537807718368,0.020606179497159947,0.03885332474003585,0.10972681764888637,0.1476077537310999
2024-01-29,风险平价策略,0.0,0.0,0.0,0.0,0.05744173940724196,0.5676863471651438,0.10023307927208465,0.06487305974936337,0.04203987505673241,0.020697066753390878,0.03695491355409555,0.1100739190419474,0.14744555654430952
2024-01-30,风险平价策略,0.0,0.0,0.0,0.0,0.05585537520513024,0.5694217056444679,0.1008247888090799,0.06418150247516015,0.04198393664255151,0.02018556039535337,0.036824705818251445,0.11072242501000555,0.14587806376664142
2024-01-31,风险平价策略,0.0,0.0,0.0,0.0,0.05504927215494383,0.5700716046427716,0.10104449975661298,0.06434309933220048,0.041373221806733695,0.020216427771513383,0.03690616482466517,0.11099570971055875,0.1451423828654152
2024-02-01,风险平价策略,0.0,0.0,0.0,0.0,0.05296880332028883,0.5646696878092101,0.09841570842450588,0.0644848390444405,0.039413779884382834,0.020459770965819628,0.039824394077731654,0.11976301647362056,0.14510791824267674
2024-02-02,风险平价策略,0.0,0.0,0.0,0.0,0.053667406510968844,0.5723692786977334,0.09297489931492739,0.06299671111028761,0.039008282469163484,0.019554440283881175,0.03789290795798807,0.12153607365505002,0.1447771037149988
2024-02-05,风险平价策略,0.0,0.0,0.0,0.0,0.05436001884580984,0.5773282407100159,0.0930859488782267,0.06377511606758267,0.039436702592208314,0.019350514870063694,0.038142967588931063,0.11452049044716184,0.1438117225657519
2024-02-06,风险平价策略,0.0,0.0,0.0,0.0,0.06388904296830922,0.5191827731733641,0.09777966116287533,0.0748099381242365,0.04622847823364039,0.02262708686135591,0.045388127600536295,0.13009489187568218,0.1619094835921947
2024-02-07,风险平价策略,0.0,0.0,0.0,0.0,0.06390711434509655,0.5192625647753785,0.09780291166918349,0.0748408148820935,0.04624484802280373,0.022638411325216413,0.0451679932036667,0.13013534177656122,0.16192732531454504
2024-02-08,风险平价策略,0.0,0.0,0.0,0.0,0.06521218487667414,0.5090833024437615,0.09872516545106189,0.07665620914063158,0.04738040848348462,0.023180563611909722,0.04636803116860388,0.13339413482387277,0.16485093897304554
2024-02-19,风险平价策略,0.0,0.0,0.0,0.0,0.06595894573996544,0.5132425906103246,0.09995411799725133,0.07481177825386333,0.04788631215345582,0.02344073519674611,0.046839190311952876,0.12786632973644033,0.1642859293012053
2024-02-20,风险平价策略,0.0,0.0,0.0,0.0,0.06630980821617678,0.5151689202210138,0.10045048396621103,0.07358151772050738,0.046655151271485985,0.02363006734791103,0.04634359723330805,0.12786045402338583,0.16435274352593932
2024-02-21,风险平价策略,0.0,0.0,0.0,0.0,0.0663722779374255,0.5156358300450582,0.10057089189807536,0.0736905212587845,0.04674911355122078,0.023328879052361844,0.04567015756336467,0.1279823286937093,0.16432976291158888
2024-02-22,风险平价策略,0.0,0.0,0.0,0.0,0.06657974741935088,0.5169394796097585,0.10100995439757414,0.071780320966132,0.04696708164834123,0.02343584446808182,0.04540147897637065,0.12788609251439084,0.16434385074874963
2024-02-23,风险平价策略,0.0,0.0,0.0,0.0,0.06675908217808264,0.5178571963527163,0.10124975571017289,0.07199443679651572,0.04642368748377022,0.02350311643886216,0.045504313818524204,0.12670841122135584,0.16423152295903534
2024-02-26,风险平价策略,0.0,0.0,0.0,0.0,0.052108784474980546,0.533863349870439,0.09607518073901726,0.07198678352127667,0.04468223530228669,0.02272385272663831,0.0462610736006734,0.13229873976468806,0.15027048207950175
2024-02-27,风险平价策略,0.0,0.0,0.0,0.0,0.05217574375037384,0.5334163675108806,0.09609000622392262,0.07208675291101689,0.04474371428366143,0.022752062033475254,0.04632566569174083,0.13240968759492852,0.15040357474517702
2024-02-28,风险平价策略,0.0,0.0,0.0,0.0,0.050901428304309486,0.5365737029989275,0.09412733791458859,0.0715869697709222,0.04498844450600282,0.022932607748761748,0.045977650383042495,0.13291185837344513,0.1490089450489488
2024-02-29,风险平价策略,0.0,0.0,0.0,0.0,0.05089797413754045,0.5365625798696693,0.09414322126517902,0.07158038233559563,0.044983669378868926,0.022931172383193397,0.045977208020636574,0.13292379260931667,0.14900871314072717
2024-03-01,风险平价策略,0.0,0.0,0.0,0.0,0.058685938540138496,0.4669245345472697,0.10876306772930552,0.08230679240466897,0.04983694510830167,0.026372634850713693,0.053696970602890866,0.1534131162167111,0.16777803206495076
2024-03-04,风险平价策略,0.0,0.0,0.0,0.0,0.05868407584170866,0.46691892181860656,0.10877278923097725,0.08230166132903406,0.049832918183803795,0.026371875230352743,0.05369521621645911,0.15342254214905798,0.1677782470516111
2024-03-05,风险平价策略,0.0,0.0,0.0,0.0,0.05919670309583273,0.46938278606613915,0.10779000528638534,0.08316378340001376,0.04675350648244184,0.025794396567295565,0.053659914986273406,0.15425890411561816,0.16785446404144838
2024-03-06,风险平价策略,0.0,0.0,0.0,0.0,0.05920894132596209,0.4693806481727556,0.10783468149689038,0.0831572299609509,0.046768681562675135,0.025788092661202366,0.053584948984142684,0.15427677583542085,0.1678685694826315
2024-03-07,风险平价策略,0.0,0.0,0.0,0.0,0.05949106040074429,0.46725759163549235,0.10841473829389157,0.08354300380394793,0.046556002893860776,0.025918137433005188,0.05385848369938657,0.1549609818396713,0.16848474119383214
2024-03-08,风险平价策略,0.0,0.0,0.0,0.0,0.05963890464022047,0.46597986984539497,0.10870092471714249,0.08374389085051204,0.046650695364313544,0.02597632459937896,0.05399370006107915,0.15531568992195838,0.1688301881470033
2024-03-11,风险平价策略,0.0,0.0,0.0,0.0,0.05869789790289527,0.4659157509476968,0.1003526331568295,0.08672376525337083,0.04678255600023212,0.025578830363689423,0.05360879980261618,0.16233976657266985,0.16884055427332748
2024-03-12,风险平价策略,0.0,0.0,0.0,0.0,0.05145045521074224,0.4466395816400168,0.10945784410465954,0.09331344411292683,0.05064112670797833,0.02756191366885161,0.05792819700288913,0.16300743755193553,0.16566140290586284
2024-03-13,风险平价策略,0.0,0.0,0.0,0.0,0.05140531442375484,0.44758386459406774,0.10970578880658523,0.09353800255008339,0.050742570148187886,0.027623394554004435,0.057850448774231934,0.16155061614908447,0.1653343717005407
2024-03-14,风险平价策略,0.0,0.0,0.0,0.0,0.05253934140562771,0.43806890110185237,0.11229268887716022,0.09281731362055835,0.05187138202216056,0.028195553141543806,0.059131633688037616,0.1650831861430594,0.16805978078137182
2024-03-15,风险平价策略,0.0,0.0,0.0,0.0,0.052529915436329996,0.43803778432539875,0.11232717816243386,0.0928166131931116,0.05187767878593161,0.028195845478540857,0.05913195407247054,0.16508303054578294,0.16805614519033407
2024-03-18,风险平价策略,0.0,0.0,0.0,0.0,0.05540998654584317,0.4570726440735026,0.10948532168028645,0.09641752707834768,0.054573502660860605,0.027026014546196384,0.05782035624118931,0.14219464717377364,0.16503822607620258
2024-03-19,风险平价策略,0.0,0.0,0.0,0.0,0.055117217383653355,0.457542272520761,0.10964339920239431,0.09571366254986689,0.054648465012350884,0.027057586762791352,0.05787890514067546,0.14239849142750663,0.16475740616121673
2024-03-20,风险平价策略,0.0,0.0,0.0,0.0,0.05709335517540359,0.4455509118160828,0.10869979069959167,0.09902162331519102,0.05469674600950475,0.028003267206508756,0.059891728762323085,0.1470425770153943,0.16868489284428193
2024-03-21,风险平价策略,0.0,0.0,0.0,0.0,0.057314978728100215,0.44670898497048495,0.10923861117562995,0.09954473814891288,0.05186681834872058,0.02787231342729641,0.06015616971006404,0.1472973854907909,0.16868810866003633
2024-03-22,风险平价策略,0.0,0.0,0.0,0.0,0.06675840123805661,0.4278641961331442,0.09451126219178821,0.1112319144241371,0.06557491885740739,0.03282405261345058,0.055041208763212196,0.14619404577880377,0.18011503739927937
2024-03-25,风险平价策略,0.0,0.0,0.0,0.0,0.06694417819140239,0.42850140782296325,0.09503279059280577,0.11167339008367372,0.06577217712914912,0.032978051442317004,0.05214751532692579,0.14695048941076302,0.18038926289622398
2024-03-26,风险平价策略,0.0,0.0,0.0,0.0,0.06711307411497558,0.4283748007800439,0.09407181639382974,0.1119952583168796,0.0657169382914343,0.033071951597895534,0.05229239569494206,0.1473637648099992,0.1806079456962028
2024-03-27,风险平价策略,0.0,0.0,0.0,0.0,0.06599374669850047,0.43000704649711746,0.09466883135576029,0.1098227307038514,0.06619253017681608,0.032498970613280685,0.0525724686720026,0.14824367528267102,0.17945762352328307
2024-03-28,风险平价策略,0.0,0.0,0.0,0.0,0.06605349879108556,0.43014174192130444,0.09483462294178797,0.10997134624856034,0.06626877930768763,0.03254799244220063,0.05167281670145218,0.14850920164592118,0.17955709010543172
2024-03-29,风险平价策略,-1.0,0.0,0.0,0.0,0.06605710083383363,0.4301273700321793,0.09484256796775274,0.10997311125310827,0.06626134934815228,0.03255004322790054,0.05167510124128521,0.148513356095788,0.17956273985027765
2024-04-01,风险平价策略,-1.0,0.0,0.0,0.0,0.06836587714264217,0.4104596095366813,0.09847217560802192,0.11355494037830809,0.06846705449340193,0.033554317937238246,0.05351612087080022,0.15360990403290609,0.18489635578508432
2024-04-02,风险平价策略,-1.0,0.0,0.0,0.0,0.06839676089066007,0.41077722113372106,0.09857316838920575,0.11363557324874574,0.06850152972512548,0.033585057056870746,0.052769767851221686,0.15376092170444952,0.18492519629044998
2024-04-03,风险平价策略,-1.0,0.0,0.0,0.0,0.06841696625626721,0.41097425099614704,0.09864230591866384,0.1136946375932977,0.06846009256066432,0.033606857692999814,0.052351701679210536,0.15385318730274963,0.1849422573532249
2024-04-08,风险平价策略,-1.0,0.0,0.0,0.0,0.06846607048439173,0.4112277487716844,0.09871798201485672,0.11380684183124011,0.06783930618968172,0.033641067768497866,0.05238380429821356,0.1539171786414339,0.18495526433559378
2024-04-09,风险平价策略,-1.0,0.0,0.0,0.0,0.06727254995184596,0.4121941199594948,0.09898289715162834,0.11415461507631795,0.06685887812312678,0.033769757272418176,0.05249171311797626,0.15427546934719188,0.18387279063796075
2024-04-10,风险平价策略,-1.0,0.0,0.0,0.0,0.06783117725110034,0.4081505237131172,0.0999450338239112,0.1151012812732922,0.06736557431397971,0.033605279265864374,0.05238397823041154,0.15561715212832333,0.185030907523818
2024-04-11,风险平价策略,-1.0,0.0,0.0,0.0,0.0706200885719301,0.4255408869132817,0.0940000290316219,0.11593050838255942,0.06690275274012326,0.0352847017902167,0.05066464542882404,0.14105638714144297,0.1835942615750726
2024-04-12,风险平价策略,-1.0,0.0,0.0,0.0,0.07030361052442043,0.4259012049032252,0.0941024780755323,0.11610555386533905,0.0663229754588561,0.035353907110043346,0.0507221882075992,0.14118808185498435,0.1832991292471434
2024-04-15,风险平价策略,-1.0,0.0,0.0,0.0,0.0724097985968108,0.4367768740362867,0.09778854150539654,0.11609365210740273,0.06815366359569876,0.03503396209725439,0.052519026105687774,0.12122448195546218,0.18111769044942486
2024-04-16,风险平价策略,-1.0,0.0,0.0,0.0,0.07414392238448787,0.4534399576193959,0.09801867342108084,0.08315847179465245,0.07162890674161744,0.03699582917151789,0.05496891570735744,0.1276453231598902,0.18137049356717652
2024-04-17,风险平价策略,-1.0,0.0,0.0,0.0,0.07451227346194299,0.45700692180918223,0.09923312433136777,0.08359554688579623,0.07220943780845242,0.036398533602810056,0.04806064076301859,0.1289835213374297,0.18147643835592767
2024-04-18,风险平价策略,-1.0,0.0,0.0,0.0,0.07663744800345912,0.46517830767879004,0.10229296450961528,0.08566455084401925,0.06480317389886404,0.032512856190082304,0.04939095178990645,0.12351974708526338,0.1807671146122052
2024-04-19,风险平价策略,-1.0,0.0,0.0,0.0,0.07692797061151924,0.4644031706720887,0.10276314854621038,0.08470134718545147,0.06502693433791978,0.03262844528265564,0.04956152142553708,0.12398746193861747,0.18118753765141624
2024-04-22,风险平价策略,-1.0,0.0,0.0,0.0,0.06089494140108666,0.4970164757356069,0.11302623035186414,0.09118740893193285,0.06968722968117687,0.029009263940288306,0.05111569620154175,0.08806275375650234,0.15842694064459775
2024-04-23,风险平价策略,-1.0,0.0,0.0,0.0,0.05556285510665644,0.5629862741525502,0.07656866281060495,0.07534356099128531,0.07621545215956632,0.03416367912126194,0.0583362402951198,0.060823275362955155,0.14244670029469575
2024-04-24,风险平价策略,-1.0,0.0,0.0,0.0,0.05946095647026776,0.5261285416414013,0.0835229214768009,0.08160849890024179,0.08280199927778965,0.037010444961278297,0.06361701845623215,0.06584961881598805,0.15166298520424976
2024-04-25,风险平价策略,-1.0,0.0,0.0,0.0,0.05984078903268371,0.5278911073504386,0.08408095575895182,0.08207517452430545,0.08017699956381613,0.03729432656862797,0.06279585504141397,0.0658447921597624,0.15178732494969283
2024-04-26,风险平价策略,-1.0,0.0,0.0,0.0,0.05917562554198034,0.5047874272014466,0.08918359392122349,0.08661495980622665,0.0847047505903307,0.03940492634782201,0.06643160724815557,0.06969710934281455,0.1550837634083161
2024-04-29,风险平价策略,-1.0,0.0,0.0,0.0,0.0661557624954714,0.45631255719996905,0.09923226247124119,0.09285783746677781,0.09545906628839114,0.04240293163304694,0.07325078866261317,0.0743287937824892,0.16842963659239188
2024-04-30,风险平价策略,-1.0,0.0,0.0,0.0,0.06632230412849915,0.45696246913319255,0.09947279601277727,0.09305004455105297,0.09457515530646568,0.04236125688838671,0.07340156936349522,0.07385440461613041,0.1684048362631956
2024-05-06,风险平价策略,-1.0,0.0,0.0,0.0,0.06952762732156992,0.46985378977774905,0.08916156301634803,0.09722291435414097,0.08950131414241758,0.03540602757999233,0.07656194231549629,0.07276482149228589,0.167967843193955
2024-05-07,风险平价策略,-1.0,0.0,0.0,0.0,0.07005689650669684,0.472548296648463,0.08558216096746032,0.09560441301412467,0.09014459617735442,0.03547045393656065,0.07703564674229356,0.07355753600704654,0.16814632652828287
2024-05-08,风险平价策略,-1.0,0.0,0.0,0.0,0.07207611570154213,0.4822390176010771,0.07912447473173906,0.08908287218181893,0.08820558004209592,0.035085412307006354,0.07887882605703653,0.07530770137768393,0.16860795096630293
2024-05-09,风险平价策略,-1.0,0.0,0.0,0.0,0.07419635917478858,0.47141070792953244,0.08129928727681544,0.09143014809727501,0.09003114460978173,0.03605392369982855,0.07891196011578237,0.07666646909619595,0.17218605286247596
2024-05-10,风险平价策略,-1.0,0.0,0.0,0.0,0.07437509259986541,0.4731067624313716,0.08151827948201038,0.09163592127829184,0.09008090567221332,0.03619188810637303,0.07622441210213254,0.07686673832774177,0.17223445224565861
2024-05-13,风险平价策略,-1.0,0.0,0.0,0.0,0.07579983726087666,0.4782459501952754,0.08352531858343919,0.08810097598921685,0.08720976708114571,0.03516094660514114,0.07729769554234206,0.07465950874256298,0.17224671933324556
2024-05-14,风险平价策略,-1.0,0.0,0.0,0.0,0.07513164188183061,0.4808853046784112,0.08410941191583124,0.08820473513959959,0.08696463093169941,0.03542062557860139,0.07586431219671366,0.07341933767731297,0.17126240060642156
2024-05-15,风险平价策略,-1.0,0.0,0.0,0.0,0.07509293320872178,0.4811118165033918,0.08274533160045731,0.08805347706944683,0.08755943686002357,0.03517959423351074,0.07626580528970717,0.07399160523474066,0.17122331658280798
2024-05-16,风险平价策略,-1.0,0.0,0.0,0.0,0.07630692485616376,0.474280647275387,0.08398374543932016,0.0893315455019283,0.08886580236087532,0.035639831016590025,0.07650631630719175,0.07508518724254386,0.17337599346315302
2024-05-17,风险平价策略,-1.0,0.0,0.0,0.0,0.07632726022231999,0.47420274848169985,0.08400199900424066,0.08933964446360149,0.0888737395498412,0.03564374522672135,0.07651934985260536,0.07509151319897009,0.17340466526179138
2024-05-20,风险平价策略,-1.0,0.0,0.0,0.0,0.07637069570572709,0.47443510484541457,0.0840642638988645,0.08906286098823835,0.08892014341277032,0.03566146455277434,0.07634089345517094,0.07514457314103981,0.17342480297452104
2024-05-21,风险平价策略,-1.0,0.0,0.0,0.0,0.07915133800338103,0.4727408441473434,0.08185935401922406,0.09223767597750154,0.09055539724579693,0.03461440571109437,0.07809538001557949,0.07074560488007912,0.1752575800343239
2024-05-22,风险平价策略,-1.0,0.0,0.0,0.0,0.07936994026398496,0.47549946515442165,0.07799585402653746,0.09324862635719143,0.08967084202341066,0.03403573180419428,0.07862044508662347,0.07155909528363608,0.17504922561624325
2024-05-23,风险平价策略,-1.0,0.0,0.0,0.0,0.07491255462423663,0.5310898632017884,0.049645796283211766,0.06346274052571933,0.09851949924981697,0.03820940816944201,0.08756115671670199,0.05659898122908295,0.16249315769771513
2024-05-24,风险平价策略,-1.0,0.0,0.0,0.0,0.07620046464261272,0.530599703818929,0.05046369191770807,0.06444521441751316,0.10012492443873877,0.03822686068122011,0.08477841853142701,0.05516072155185116,0.16357091126790121
2024-05-27,风险平价策略,-1.0,0.0,0.0,0.0,0.0762324181956989,0.5306800324872829,0.05024944107254169,0.0644960779129368,0.10014591623879357,0.03823787641608043,0.08477059239255008,0.05518764528411554,0.16359234594988203
2024-05-28,风险平价策略,-1.0,0.0,0.0,0.0,0.07511357281495067,0.5344230905460051,0.05054512637191103,0.06487050148549177,0.09834663705365009,0.03860452020681222,0.08251907140991742,0.05557748011126176,0.16230219901552823
2024-05-29,风险平价策略,-1.0,0.0,0.0,0.0,0.07533010027556906,0.5369270058200016,0.05063902558683465,0.06498884925535074,0.09872240124217466,0.038758818061378035,0.07888510373515724,0.05574869602353399,0.1623040637587894
2024-05-30,风险平价策略,-1.0,0.0,0.0,0.0,0.0715949097092974,0.5484761189124443,0.04176003786016697,0.06913658149539642,0.10293220552421721,0.03732410822406538,0.0748720156570897,0.05390402261732265,0.1573189497180885
2024-05-31,风险平价策略,-1.0,0.0,0.0,0.0,0.074359599843385,0.5393000242804894,0.04253609929094935,0.07109028566108357,0.10200990957319332,0.037031364027857595,0.07771305640905957,0.055959660913982114,0.16098544554817254
2024-06-03,风险平价策略,-1.0,0.0,0.0,0.0,0.06675679668009545,0.58250845053774,0.04246464336203991,0.06102579065580186,0.08522830465084237,0.03771760897582681,0.06874707224429785,0.055551332893355704,0.14892791665119973
2024-06-04,风险平价策略,-1.0,0.0,0.0,0.0,0.06762288869622107,0.587520337927572,0.04302840729412345,0.0617093281352061,0.08049451399403162,0.033596293855690164,0.06968701849761774,0.05634121159953796,0.14833866787847028
2024-06-05,风险平价策略,-1.0,0.0,0.0,0.0,0.06160847345386225,0.5967312992322735,0.039331128805055,0.0579545543845642,0.08247672029681141,0.03395728450472069,0.07120018390756652,0.056740355415146354,0.14212316216120136
2024-06-06,风险平价策略,-1.0,0.0,0.0,0.0,0.061606269270604946,0.5967312203832837,0.039329986399150786,0.057958870176212804,0.08247492885183519,0.033956633659827276,0.0711999600044869,0.05674213125459836,0.14212141906007275
2024-06-07,风险平价策略,-1.0,0.0,0.0,0.0,0.06162443725149607,0.5968641893353281,0.03934451128741779,0.057865227223606035,0.08250002994384714,0.03396370882294557,0.07107889445565443,0.05675900167970486,0.14212576880999211
2024-06-11,风险平价策略,-1.0,0.0,0.0,0.0,0.05365926546656224,0.6190413690382223,0.03682686086928512,0.05317684886741299,0.08677600676771653,0.03587790114343491,0.0703359835294776,0.04430576431788819,0.13131803463464126
2024-06-12,风险平价策略,-1.0,0.0,0.0,0.0,0.054014735165469716,0.617147996426494,0.037070028151814746,0.05300406871388115,0.08730477943310685,0.03609018074427131,0.07077258761741757,0.04459562374754473,0.1319331719560152
2024-06-13,风险平价策略,-1.0,0.0,0.0,0.0,0.051663578960376544,0.6270267406480102,0.03793567501364819,0.05140885772039261,0.08686152572752673,0.03658567401569957,0.06281430337312865,0.04570364454121748,0.12907112768277434
2024-06-14,风险平价策略,-1.0,0.0,0.0,0.0,0.0517496288888896,0.6273707749859148,0.037752221073614034,0.05122591190568173,0.08669080828013483,0.03653517590293053,0.06288870380965095,0.04578677515318347,0.12909492177493148
2024-06-17,风险平价策略,-1.0,0.0,0.0,0.0,0.04838829905187101,0.6505774864613627,0.03518756107734613,0.047074398516465395,0.07531562521519261,0.03865224216903524,0.055694544787429995,0.049109842721296905,0.12397807031341798
2024-06-18,风险平价策略,-1.0,0.0,0.0,0.0,0.04846149821490197,0.651105576730533,0.035216955392752755,0.04712869795727223,0.0754195993250515,0.038684201985560905,0.05483713725772988,0.04914633313619777,0.1240045198114478
2024-06-19,风险平价策略,-1.0,0.0,0.0,0.0,0.04845798079538364,0.6511174840174947,0.035219145401058215,0.04712791359012618,0.07541340404999891,0.038683347487868926,0.05483831301113205,0.04914241164693748,0.12399925317161804
2024-06-20,风险平价策略,-1.0,0.0,0.0,0.0,0.04845302021294461,0.6511351178370877,0.03521581531122954,0.047123873011726554,0.07541998198795749,0.0386791354490344,0.05483411875832994,0.049138937431689775,0.1239918064916446
2024-06-21,风险平价策略,-1.0,0.0,0.0,0.0,0.05080534676120089,0.6438090261518046,0.03625626195137109,0.04770665817790883,0.0764151935030263,0.04036728741647769,0.05335569545761164,0.051284530580599,0.12753866347652537
2024-06-24,风险平价策略,-1.0,0.0,0.0,0.0,0.048289161120121965,0.6480974241495971,0.035919231601277996,0.04740125447588032,0.07718111387646437,0.04074573391859356,0.05398721882538602,0.048378862032678736,0.12454671852560634
2024-06-25,风险平价策略,-1.0,0.0,0.0,0.0,0.04829093115740518,0.6481020338628357,0.03592161867698586,0.047385306486516406,0.07718870731159355,0.04074528135021188,0.05398609803826558,0.0483800231161858,0.1245477595226817
2024-06-26,风险平价策略,-1.0,0.0,0.0,0.0,0.04858237366267578,0.6484543282634493,0.03596924791414351,0.04764094571567248,0.07642039912406436,0.04078281192530991,0.054261417791732186,0.047888475602952486,0.12467608799897456
2024-06-27,风险平价策略,-1.0,0.0,0.0,0.0,0.04885986564761248,0.6502866795990724,0.035136840819378456,0.04688311433253761,0.07632436890920809,0.040652086474606074,0.05455652161743263,0.04730052260015231,0.12456052998664408
2024-06-28,风险平价策略,-1.0,0.0,0.0,0.0,0.0488607989936777,0.6502843437929136,0.03513732412950167,0.04688332219187016,0.0763212952455422,0.04065313987311037,0.054558611709772914,0.04730116406361152,0.12456178141113923
2024-07-01,风险平价策略,-1.0,0.0,0.0,0.0,0.05599612708008404,0.6039807332206384,0.039322038029545085,0.05359903829651064,0.08511794758906792,0.04618930633662945,0.06183094598196449,0.05396386346555996,0.13836155148864407
2024-07-02,风险平价策略,-1.0,0.0,0.0,0.0,0.05599612346308859,0.6039801104917366,0.03932250436037697,0.05359954854693826,0.08511727839857727,0.04618928751751577,0.061830949177786594,0.05396419804397994,0.13836166286934226
2024-07-03,风险平价策略,-1.0,0.0,0.0,0.0,0.05470738449227906,0.6048537464441198,0.039443047884702945,0.05377973691897947,0.08532463461193096,0.04625848875063919,0.061484598544079054,0.054148362353269565,0.1372068172758498
2024-07-04,风险平价策略,-1.0,0.0,0.0,0.0,0.05709135088150004,0.6047040429715956,0.042487558206243156,0.05634821683564692,0.07799294594398543,0.04864069091095708,0.05486895348425002,0.05786624076582169,0.1401820092318587
2024-07-05,风险平价策略,-1.0,0.0,0.0,0.0,0.057448454542912926,0.5954640921730324,0.04435060168823897,0.05693950748149144,0.07723817741713662,0.05078972665781054,0.05746499326681107,0.060304446772566106,0.14228037122681214
2024-07-08,风险平价策略,-1.0,0.0,0.0,0.0,0.06144850058131307,0.564966277256766,0.04751406802838347,0.06334227478302,0.08262136074039197,0.05245468841167627,0.06076283850014969,0.06688999169829947,0.15076917066070314
2024-07-09,风险平价策略,-1.0,0.0,0.0,0.0,0.061951074455848854,0.5689198446465139,0.04781923182974435,0.063841677158238,0.08146427560361418,0.05236470675330421,0.05753557786480642,0.06610361168793005,0.15063408541880588
2024-07-10,风险平价策略,-1.0,0.0,0.0,0.0,0.053433270127736104,0.5897866461671135,0.04633698175072887,0.05599291635896447,0.08186230799430035,0.04694718638554269,0.055035741795502774,0.07060494942011121,0.1404144442529161
2024-07-11,风险平价策略,-1.0,0.0,0.0,0.0,0.05348994306629651,0.5903498556562802,0.04636373297509616,0.05604714246223678,0.08200258962238378,0.0469829039842445,0.05412861903614123,0.07063521319732088,0.14042397920838848
2024-07-12,风险平价策略,-1.0,0.0,0.0,0.0,0.05399703205097339,0.5927588409696929,0.04499216397349388,0.05459813509970352,0.08218367881620539,0.046832178824169915,0.05337923600639681,0.07125873425936412,0.14059971982287015
2024-07-15,风险平价策略,-1.0,0.0,0.0,0.0,0.05482898156323247,0.6005941150464903,0.04557204202349873,0.054198844844558024,0.07739445226394472,0.04622674405753322,0.04946840778418811,0.07171641241655444,0.14026827981014475
2024-07-16,风险平价策略,-1.0,0.0,0.0,0.0,0.05444746150419587,0.6044965204088817,0.04556064620271815,0.05343127364760734,0.07593542093755168,0.045094867700710556,0.048743959509205105,0.07228985008912979,0.13931583367523417
2024-07-17,风险平价策略,-1.0,0.0,0.0,0.0,0.05371301583501276,0.6066041363229939,0.04452666764038979,0.05268068328276373,0.07649348479227479,0.04401972400522264,0.049026814984507366,0.07293547313683489,0.13831691791344985
2024-07-18,风险平价策略,-1.0,0.0,0.0,0.0,0.054478336614025534,0.6011335943172249,0.045028037874105635,0.05340414053173912,0.07763772621414643,0.04465919624166137,0.04974546074630979,0.07391350746078715,0.13990787325666854
2024-07-19,风险平价策略,-1.0,0.0,0.0,0.0,0.05434149099062815,0.6214253726587933,0.04036956203507594,0.053425446286370935,0.07756303041115446,0.04300312274712123,0.05216577247868537,0.05770620239217058,0.1347703281795414
2024-07-22,风险平价策略,-1.0,0.0,0.0,0.0,0.05226485677473811,0.627956480021947,0.038878420853083975,0.051846773218855266,0.07781129033849349,0.03938959815482522,0.053078381715919346,0.05877419892213747,0.13166935591515305
2024-07-23,风险平价策略,-1.0,0.0,0.0,0.0,0.0521355431846128,0.6328575539253516,0.03747647261511809,0.050553914211696,0.07686274677053688,0.03892434145337616,0.05301099930244754,0.05817842853686105,0.13074569004074776
2024-07-24,风险平价策略,-1.0,0.0,0.0,0.0,0.05219615427470403,0.6328506044153869,0.037518479327833136,0.05060897264989531,0.07679286204813092,0.03872939386389824,0.05307182687832626,0.05823170654182518,0.1307702196120484
2024-07-25,风险平价策略,-1.0,0.0,0.0,0.0,0.05400913273122623,0.6492902452119561,0.033672963163670515,0.051144970055710705,0.06903915561981891,0.04025640132132669,0.053810393499830016,0.04877673839646092,0.12908380096080685
2024-07-26,风险平价策略,-1.0,0.0,0.0,0.0,0.053565300317995085,0.6495839122159446,0.03369432170336558,0.05118701782564904,0.06905399515878484,0.04027721627483434,0.05382983253971922,0.04880840396370729,0.128678032172978
2024-07-29,风险平价策略,-1.0,0.0,0.0,0.0,0.05413483161714753,0.6546443074297364,0.033821233568542754,0.05102153471778497,0.06812168662449944,0.039184121024226796,0.04993473053780305,0.04913755448025895,0.12844541790700775
2024-07-30,风险平价策略,-1.0,0.0,0.0,0.0,0.05249268692791278,0.6677554293450422,0.033506233453914784,0.047744663484934294,0.06216707841874944,0.03576625229732559,0.049732028857900755,0.05083562721422022,0.12489945960959505
2024-07-31,风险平价策略,-1.0,0.0,0.0,0.0,0.052493681809859624,0.6677564634769743,0.03350613066548232,0.04774272369036037,0.062167512693974955,0.035766412972499766,0.04973134336489463,0.05083573132595401,0.12490021881159791
2024-08-01,风险平价策略,-1.0,0.0,0.0,0.0,0.05250601241861198,0.667939460817533,0.03351200370069558,0.04775609428326254,0.062204407353952156,0.03577809904409404,0.04946714834966439,0.050836774032186144,0.12489616157523406
2024-08-02,风险平价策略,-1.0,0.0,0.0,0.0,0.05252020781057209,0.6706832032613111,0.03236225891789079,0.04812185073335835,0.061060845798772884,0.034072300844519454,0.04985480748560747,0.051324525147967946,0.12430021750690234
2024-08-05,风险平价策略,-1.0,0.0,0.0,0.0,0.05137465671962284,0.7140616314318117,0.030664465164779334,0.04308413819343646,0.048782242745198434,0.02257339411925561,0.04870469736013401,0.04075477426576174,0.1142853888788089
2024-08-06,风险平价策略,-1.0,0.0,0.0,0.0,0.05881805907345544,0.6781285416134482,0.033061577033338535,0.0500090543585345,0.05318381575356399,0.02756460878908004,0.05382908141728653,0.04540526196129283,0.12663575106051206
2024-08-07,风险平价策略,-1.0,0.0,0.0,0.0,0.05892400042310281,0.6791975506703165,0.03310344440420437,0.050110585960538245,0.05333772192148033,0.027450561945759087,0.052423169376093384,0.045452965298505114,0.12661161889998768
2024-08-08,风险平价策略,-1.0,0.0,0.0,0.0,0.06562831867956244,0.6454847645802525,0.03561918241547334,0.055637226398305505,0.058013505258345775,0.030448121888797954,0.058604772568111176,0.050564108211151135,0.13774872883558426
2024-08-09,风险平价策略,-1.0,0.0,0.0,0.0,0.0691087340416084,0.6287363275315458,0.037592473703782894,0.058513971032932495,0.05971378022671144,0.03203002210026818,0.06111848262768753,0.05318620873546329,0.1434426642859274
2024-08-12,风险平价策略,-1.0,0.0,0.0,0.0,0.08250611495299894,0.5587805559362886,0.045159469704184434,0.0694635990221609,0.07231026205109921,0.03795896451396912,0.07061598765570153,0.06320504616359719,0.1661324243618268
2024-08-13,风险平价策略,-1.0,0.0,0.0,0.0,0.08382414982918343,0.5659163148336264,0.04573403061247482,0.06714594783244864,0.07371461777446271,0.03851574128549037,0.06124726441383062,0.06390193341848309,0.16674406221520066
2024-08-14,风险平价策略,-1.0,0.0,0.0,0.0,0.08338981761293734,0.5684601828534508,0.045668457663408435,0.06771612745442315,0.07217468363425691,0.03815751187070426,0.06050997818431989,0.06392324072649916,0.16598776038695706
2024-08-15,风险平价策略,-1.0,0.0,0.0,0.0,0.08499011596041407,0.5630878505539727,0.046590419725015826,0.06899742750749072,0.07180329223508447,0.03811954789192409,0.061711319458801324,0.06470002666729678,0.16810466178333178
2024-08-16,风险平价策略,-1.0,0.0,0.0,0.0,0.08499607365728439,0.5631445488810428,0.04659606770188358,0.06901092893429274,0.07181598462459497,0.03812214285425626,0.061607662162851566,0.06470659118379367,0.16810645155327475
2024-08-19,风险平价策略,-1.0,0.0,0.0,0.0,0.08654996348490966,0.5709996364219623,0.04742896836778095,0.07048477697700413,0.061149889054201684,0.03649656262083863,0.06093018041551426,0.06596002265778848,0.1681552646267046
2024-08-20,风险平价策略,-1.0,0.0,0.0,0.0,0.08430917360185052,0.5724607350774464,0.04756113930069958,0.07099303114640855,0.06156801478040189,0.03550985111566718,0.06120305438892842,0.06639500058859751,0.1659660713553738
2024-08-21,风险平价策略,-1.0,0.0,0.0,0.0,0.08322056395025412,0.5578292957804547,0.04983044440316189,0.07423862438084526,0.06439371417867942,0.03704034240335676,0.06405078385897756,0.06939623104427008,0.167574734923719
2024-08-22,风险平价策略,-1.0,0.0,0.0,0.0,0.08394190827928377,0.5609765444042718,0.050275960707685294,0.07499998792512266,0.06112536986182094,0.03608734004698802,0.06345130069656428,0.06914158807826316,0.1675580491146526
2024-08-23,风险平价策略,-1.0,0.0,0.0,0.0,0.08401943549766736,0.5620529756578184,0.04995513279451283,0.07456841359341446,0.06131226345408712,0.036204349194963584,0.063013343054328,0.06887408675320832,0.16747948272872532
2024-08-26,风险平价策略,-1.0,0.0,0.0,0.0,0.08402019580622062,0.562058359217547,0.04995423827429466,0.074566365189717,0.061311149428128306,0.03620514061004745,0.0630118298293373,0.06887272164470769,0.16747939167723017
2024-08-27,风险平价策略,-1.0,0.0,0.0,0.0,0.08629628037937884,0.5512647260686339,0.05102248395506766,0.07607849736446982,0.06293146497047253,0.03710142402204435,0.0647124938586083,0.07059262938132446,0.17116342070264515
2024-08-28,风险平价策略,-1.0,0.0,0.0,0.0,0.08444294937829519,0.5547357399680019,0.050637050345786305,0.07706312823729192,0.060819649865356804,0.03590765223555528,0.0653588899991679,0.07103493997054461,0.16895959953492043
2024-08-29,风险平价策略,-1.0,0.0,0.0,0.0,0.07323339240129614,0.5588003587368126,0.05193523092071954,0.07483616559855015,0.06320253987936934,0.03541716188026763,0.06780052182168499,0.07477462876129959,0.15931571228396096
2024-08-30,风险平价策略,-1.0,0.0,0.0,0.0,0.07293015055848062,0.5573506501669304,0.05226824502111297,0.07530207180589324,0.06339916812850925,0.03563514034898674,0.068190484291233,0.07492408967885378,0.15929977906643655
2024-09-02,风险平价策略,-1.0,0.0,0.0,0.0,0.07771513469844507,0.5759332075278638,0.052407098119913786,0.06754378343149298,0.04583363275186923,0.0326531128080959,0.07265680230687206,0.07525722835544735,0.16006372784069384
2024-09-03,风险平价策略,-1.0,0.0,0.0,0.0,0.07541473024230216,0.5780614058838232,0.05151132435883482,0.06747066117682078,0.0459978943363426,0.03284321528312677,0.07294142545550773,0.075759343263242,0.15792785542580523
2024-09-04,风险平价策略,-1.0,0.0,0.0,0.0,0.07758812953331637,0.5921359334598011,0.048153643477434456,0.06632133434611905,0.04479856432499505,0.027855422805475406,0.06878301393380482,0.07436395811905369,0.15700071563931092
2024-09-05,风险平价策略,-1.0,0.0,0.0,0.0,0.07715387609452902,0.594137606434463,0.04819691388050087,0.06497736355141974,0.04341920844538098,0.028007416897389843,0.06920812008714425,0.0748994946091723,0.1564277535892744
2024-09-06,风险平价策略,-1.0,0.0,0.0,0.0,0.07635375014810537,0.5946252226728608,0.048255652434291904,0.06506292451649871,0.04344116707033703,0.02803372565358488,0.06925549274840337,0.07497206475591793,0.1557015358271073
2024-09-09,风险平价策略,-1.0,0.0,0.0,0.0,0.06801873541120883,0.6114636716573095,0.047884978566650506,0.06581146115845225,0.040074636233804126,0.027972942576200588,0.06617161064577701,0.07260196375059716,0.1461916465769071
2024-09-10,风险平价策略,-1.0,0.0,0.0,0.0,0.0687203120301324,0.6160930749035334,0.04847712899530068,0.06695637404189068,0.03637967763161492,0.027983358903327274,0.06190085561600717,0.07348921787819346,0.14635531167108573
2024-09-11,风险平价策略,-1.0,0.0,0.0,0.0,0.06318679389881607,0.6194222303436425,0.04898274081917322,0.06770217163267912,0.03662632445213152,0.027650478234543408,0.06230325555294331,0.07412600506607094,0.14127126848200225
2024-09-12,风险平价策略,-1.0,0.0,0.0,0.0,0.06348258877506746,0.6181964330949983,0.04921854268189964,0.06801395180388033,0.036799921115307235,0.027776346939426825,0.06225606866702531,0.0742561469223949,0.14172412639536988
2024-09-13,风险平价策略,-1.0,0.0,0.0,0.0,0.063407090910682,0.6182409981751317,0.04922424970260162,0.06802225641979939,0.036802088951248625,0.027779310263640253,0.062260707449738016,0.0742632981271585,0.14165590669479192
2024-09-18,风险平价策略,-1.0,0.0,0.0,0.0,0.06347489656563216,0.6186953292940008,0.04931327689204751,0.06818259951339017,0.03585478608744636,0.02787190350887264,0.062416556626933836,0.07419065151167645,0.14164347756532814
2024-09-19,风险平价策略,-1.0,0.0,0.0,0.0,0.06537547961993803,0.6136778422353731,0.050830257186548024,0.07036307444028259,0.037049825507514296,0.028723821674948427,0.05830508832228986,0.0756746110131056,0.14436700457394344
2024-09-20,风险平价策略,-1.0,0.0,0.0,0.0,0.06528183263933263,0.6138872532815008,0.05087263541880305,0.0701492613886207,0.03699993461852762,0.02874654417707431,0.058338581220153535,0.0757239572559874,0.14426812407266787
2024-09-23,风险平价策略,-1.0,0.0,0.0,0.0,0.06668705418888518,0.6153461514391184,0.05051223944344598,0.06520382519904139,0.03647922574148152,0.0294447159271416,0.058810991390415186,0.07751579667047077,0.14555890773888408
2024-09-24,风险平价策略,1.0,0.3,0.15,0.15,0.048500342365230355,0.42079260608395885,0.03674250775561859,0.04734367379267937,0.026492547323514838,0.021366954425794775,0.042844576741501675,0.05591679151170141,0.14704160162598046
2024-09-25,风险平价策略,1.0,0.3,0.15,0.15,0.04855728539399688,0.42161828951319935,0.03678821180252828,0.047436227450497144,0.026555187476265205,0.02140409100482884,0.0416444968170442,0.055996210541640036,0.1470300674426962
2024-09-26,风险平价策略,1.0,0.3,0.15,0.15,0.05284437634072022,0.39949628261161574,0.04005762700530445,0.051516744745315014,0.02812697327376494,0.021666635727101664,0.045459050171431765,0.06083231012474614,0.15414131513253737
2024-09-27,风险平价策略,1.0,0.3,0.15,0.15,0.06687463942792217,0.3243095644196209,0.050648098752169794,0.06471099800179686,0.035608775988090695,0.027515494305697576,0.054487800674854786,0.07584462842984724,0.17861819416293434
2024-09-30,风险平价策略,1.0,0.3,0.15,0.15,0.0679325437276014,0.31957652092213584,0.05149172434394394,0.06571279521329702,0.036160826128335925,0.027958642707043697,0.055433988009304026,0.07573295894833815,0.18018043293462865
2024-10-08,风险平价策略,1.0,0.3,0.15,0.15,0.0698022737749575,0.32680313215480816,0.046720334415140834,0.06810736042188109,0.03735870164201152,0.02881571191039699,0.044728076034805955,0.07766440964599787,0.1814774749286244
2024-10-09,风险平价策略,1.0,0.3,0.15,0.15,0.03447749764666501,0.35386856809142964,0.054148935773556055,0.07188741868880091,0.037604784873081054,0.027325661627533537,0.04899360321000931,0.07169353008892437,0.14707041055436243
2024-10-10,风险平价策略,1.0,0.3,0.15,0.15,0.034541425665082906,0.3542848203736556,0.05334887832643683,0.07213270255440844,0.03757826154675077,0.02714901925373392,0.04903906408447851,0.07192582819545294,0.14706589996521105
2024-10-11,风险平价策略,1.0,0.3,0.15,0.15,0.033588501893848266,0.35554551317516053,0.05364616307810274,0.07247292669036841,0.03774946471280911,0.027291510994027428,0.04740357639533187,0.07230234306035158,0.1462140075937406
2024-10-14,风险平价策略,1.0,0.3,0.15,0.15,0.03361025668229652,0.3556386245705364,0.05367829986864029,0.07253570584325963,0.03755298588863463,0.027210219698105064,0.04742372952144273,0.07235017792708447,0.14620987577229663
2024-10-15,风险平价策略,1.0,0.3,0.15,0.15,0.03178593122494519,0.36482462851906133,0.05031253656775308,0.06674606252155835,0.034441786693495076,0.024807935900784683,0.04961971226887083,0.07746140630353154,0.14356932237829886
2024-10-16,风险平价策略,1.0,0.3,0.15,0.15,0.03198683374781633,0.36345576560907633,0.05062770511872336,0.06720180817462727,0.03407184261920524,0.024785172427674192,0.04992773406549285,0.07794313823738434,0.14396410257208167
2024-10-17,风险平价策略,1.0,0.3,0.15,0.15,0.031520213382502715,0.36988362181412887,0.04943281682960419,0.06377070968076558,0.03267285260181739,0.025217435757269157,0.04709353002989372,0.08040881990401841,0.14314046103116154
2024-10-18,风险平价策略,1.0,0.3,0.15,0.15,0.031717781898097944,0.36773313198777263,0.04974650142787617,0.06417365242373771,0.032885285758838576,0.025382029484219245,0.04742674064462282,0.08093487637483497,0.14367832449675796
2024-10-21,风险平价策略,0.0,0.0,0.0,0.0,0.044885999633060905,0.5260363498825378,0.07130140882591926,0.09203576409210316,0.04671736401966828,0.035589370281298466,0.06741825531441546,0.11601548795099657,0.1447501162375201
2024-10-22,风险平价策略,0.0,0.0,0.0,0.0,0.045888317122711464,0.5186692009126359,0.07133521368837216,0.09222841718234316,0.047856043248619286,0.03645105265497768,0.06869064875251922,0.11888110643782118,0.1470415864271174
2024-10-23,风险平价策略,0.0,0.0,0.0,0.0,0.04623485552248381,0.5150056435161313,0.07107212370620511,0.09313099352437473,0.0482984615091808,0.03679876198278336,0.0694028441128906,0.12005631612595039,0.14800697590827316
2024-10-24,风险平价策略,0.0,0.0,0.0,0.0,0.046560095582307455,0.513614176000432,0.07242524842908435,0.09483084623360959,0.048573887460451964,0.03735617923191755,0.07024059114798407,0.11639897591421304,0.14809595345605733
2024-10-25,风险平价策略,0.0,0.0,0.0,0.0,0.04726680947245678,0.5209258318418437,0.07137205159987656,0.08658804323682816,0.049917690456760144,0.0369958233216406,0.06787591734454713,0.119057832726047,0.14804830370103414
2024-10-28,风险平价策略,0.0,0.0,0.0,0.0,0.04740005151962047,0.5212335332351435,0.071532786883092,0.08681446593509462,0.049665115611555774,0.036098865355871326,0.06794944544240707,0.11930573601721518,0.1480001908615854
2024-10-29,风险平价策略,0.0,0.0,0.0,0.0,0.04596215366559512,0.5253671950644835,0.07093159931588627,0.08582395941443215,0.04627873624293268,0.03473994630721655,0.06901656433249287,0.1218798456569609,0.14625990106583914
2024-10-30,风险平价策略,0.0,0.0,0.0,0.0,0.0458622236778065,0.5252277931643071,0.07096973371266779,0.08586974929149599,0.04630135055209755,0.034763595672364776,0.0690446438323529,0.12196091009690736,0.14620767452193364
2024-10-31,风险平价策略,0.0,0.0,0.0,0.0,0.04602315162957863,0.5287152208522463,0.07140978503504194,0.08403993241230198,0.046750596475636196,0.03509981975031604,0.0680917189520215,0.11986977489285734,0.14570799109718197
2024-11-01,风险平价策略,0.0,0.0,0.0,0.0,0.046427974090334806,0.5322214449297598,0.07210218753860982,0.08476701714239682,0.04709116538985244,0.03536643132324652,0.0668165798108214,0.11520719977497841,0.1450995104146544
2024-11-04,风险平价策略,0.0,0.0,0.0,0.0,0.04671878728634534,0.5320363672839304,0.07254681189444641,0.08525073672947703,0.04734638323489223,0.035520469219735416,0.06718416512867413,0.11339627922249895,0.14516763919754572
2024-11-05,风险平价策略,0.0,0.0,0.0,0.0,0.046746976746483954,0.5324424823682279,0.07264654285972992,0.08533150096382605,0.04738366982661797,0.03554070092823189,0.06655726052124689,0.11335086578563527,0.14515346027275783
2024-11-06,风险平价策略,0.0,0.0,0.0,0.0,0.04705564464020833,0.5360550732138957,0.06968096810353391,0.08574568650064661,0.04449388425469466,0.03571589479948993,0.06751203832218952,0.1137408101653413,0.1449423246945397
2024-11-07,风险平价策略,0.0,0.0,0.0,0.0,0.048033549163441804,0.5434201553409176,0.06988874501336513,0.08731756013158633,0.04520061697778896,0.03636369562146972,0.06859651339116127,0.10117916436026932,0.14334026211697778
2024-11-08,风险平价策略,0.0,0.0,0.0,0.0,0.046917455477189354,0.5450726163583974,0.07028090647980777,0.0878688932175,0.04546191103332176,0.03602450303005676,0.06672176476928611,0.1016519496344408,0.14224098000065202
2024-11-11,风险平价策略,0.0,0.0,0.0,0.0,0.04635764737053063,0.5502972768761096,0.06910732459323932,0.08171064689541647,0.04514862052440399,0.03595751523461335,0.06791717539898631,0.10350379310670027,0.14123791996658755
2024-11-12,风险平价策略,0.0,0.0,0.0,0.0,0.047609247437878026,0.5781200858971683,0.0638006128647665,0.06807820502251366,0.04564434012449408,0.03479553142706217,0.07330991759675257,0.08864205962936458,0.13640703430889586
2024-11-13,风险平价策略,0.0,0.0,0.0,0.0,0.048309996907577965,0.5767062428917014,0.06165733389301871,0.06767034692341672,0.04641090818480479,0.035387313621150586,0.07451067252126754,0.0893471850570624,0.13733747590442744
2024-11-14,风险平价策略,0.0,0.0,0.0,0.0,0.04866409097573518,0.5948675296377491,0.058588716597808524,0.06591762030253229,0.04480291919547619,0.03697944645226628,0.07268688808372774,0.07749278875470471,0.13405398855089154
2024-11-15,风险平价策略,0.0,0.0,0.0,0.0,0.04906990193321894,0.6015939107849794,0.05977354074960169,0.06704300777784857,0.04350036109634911,0.036854770208448295,0.06359328242743167,0.0785712250221223,0.13385605504207862
2024-11-18,风险平价策略,0.0,0.0,0.0,0.0,0.050361015170507124,0.5948762677418943,0.061247582002340206,0.06528816760220386,0.044690777891416025,0.037539757911734695,0.06526126726206198,0.08073516441784181,0.13617860735514112
2024-11-19,风险平价策略,0.0,0.0,0.0,0.0,0.05036097894728009,0.594875171831745,0.061247197780200616,0.06528827041031562,0.04469152308516392,0.03753867929112032,0.06526508776713141,0.0807330908870431,0.13617819630929184
2024-11-20,风险平价策略,0.0,0.0,0.0,0.0,0.05053785677072818,0.5935919497454395,0.06148020492535692,0.06553341337495042,0.04485820396077713,0.037676543408128614,0.06529605769923284,0.08102577011538645,0.13655792613955509
2024-11-21,风险平价策略,0.0,0.0,0.0,0.0,0.050534030314224945,0.5938759884413846,0.061386013690080087,0.06529847581834469,0.04487980743336087,0.03770538932188028,0.06522560571293244,0.08109468926779222,0.1365315819309436
2024-11-22,风险平价策略,0.0,0.0,0.0,0.0,0.04531911376321494,0.6042575659260966,0.059742704147330426,0.06079271323286304,0.0465302114402846,0.03944347566871053,0.05942413516150045,0.08449008065999959,0.131625628006829
2024-11-25,风险平价策略,0.0,0.0,0.0,0.0,0.04557301543532535,0.6063235434275274,0.06019623775324512,0.06117450038224883,0.04625872349501766,0.03969088262657227,0.05967534825658471,0.08110774862347857,0.1311834524452787
2024-11-26,风险平价策略,0.0,0.0,0.0,0.0,0.0470762360832601,0.6078771514192977,0.06041895138343604,0.062279148538904754,0.046275783093612174,0.03831501737290674,0.06128268431437202,0.07647502779421059,0.13141230628480863
2024-11-27,风险平价策略,0.0,0.0,0.0,0.0,0.047102722055516,0.607685985878932,0.0604530123524859,0.06231458756603401,0.0462997594623209,0.0383359335721283,0.06129260969231783,0.07651538942026508,0.13146849383880363
2024-11-28,风险平价策略,0.0,0.0,0.0,0.0,0.04764955773438832,0.613293924466109,0.060293214995494046,0.058090115630952045,0.04504338268330551,0.03835999817382906,0.06179711714581449,0.07547268917010755,0.13102179141464565
2024-11-29,风险平价策略,0.0,0.0,0.0,0.0,0.04778338138926557,0.6121818474870783,0.060466904298734615,0.058257835291624656,0.04517213824289654,0.0384694492482398,0.06198356220435505,0.07568488183780546,0.13132300317278084
2024-12-02,风险平价策略,0.0,0.0,0.0,0.0,0.0479567381953448,0.6137126980681501,0.06053720973134395,0.058504518827254964,0.04528482964538216,0.03861492498327384,0.06131518463411999,0.07407389591513014,0.131113094109459
2024-12-03,风险平价策略,0.0,0.0,0.0,0.0,0.04940405250124589,0.6038010174484458,0.0624552420821043,0.06025567670944858,0.04655600230518269,0.03977997848353429,0.061445591214694416,0.07630243925534407,0.13412954830012414
2024-12-04,风险平价策略,0.0,0.0,0.0,0.0,0.04956796120707469,0.605521702616753,0.062698150577443,0.060436736084748574,0.04670115904797815,0.03985853906116731,0.05915404231491485,0.07606170908992031,0.13408881922229063
2024-12-05,风险平价策略,0.0,0.0,0.0,0.0,0.050873154354286805,0.6109213100852224,0.06317237312839956,0.06059561595021065,0.04383450173325337,0.03762316928001717,0.05517427612717299,0.077805599341437,0.13439856853538842
2024-12-06,风险平价策略,0.0,0.0,0.0,0.0,0.051209146388637515,0.6117451870721232,0.06368142122887742,0.05935080163796763,0.04406906827360812,0.037422723402063825,0.055272273655208294,0.07724937834151402,0.1344701663301106
2024-12-09,风险平价策略,0.0,0.0,0.0,0.0,0.051318011078497844,0.6111862935278657,0.06383211109041531,0.05948872487790665,0.04382766693019308,0.037525209576447914,0.05540170951072406,0.07742027340794946,0.13466767140484215
2024-12-10,风险平价策略,0.0,0.0,0.0,0.0,0.051330299176568644,0.6112887879685477,0.06385363796597662,0.05940002680875603,0.04383947759315299,0.03753359725536437,0.0553195926871507,0.07743458054448286,0.13466979715407695
2024-12-11,风险平价策略,0.0,0.0,0.0,0.0,0.05180856232885996,0.6084399544505784,0.06448294658676713,0.05997175543648501,0.04426524635481208,0.03788898814028261,0.05499204782721629,0.0781504988749984,0.13561298750159093
2024-12-12,风险平价策略,0.0,0.0,0.0,0.0,0.05181077389975517,0.6084666132780948,0.06446489548908858,0.05997076034509786,0.04426921164815733,0.03789000012332828,0.05497377880870443,0.07815396640777351,0.13561241202413732
2024-12-13,风险平价策略,0.0,0.0,0.0,0.0,0.04870900426154372,0.616375057482849,0.0624481127785492,0.05777609686349901,0.045391658985235,0.038945644497340316,0.055658835382714135,0.07469558974826959,0.13168385623724985
2024-12-16,风险平价策略,0.0,0.0,0.0,0.0,0.04905299046949932,0.618729936567468,0.061802048515163535,0.056993282340467924,0.04570430929814654,0.03922559139446379,0.055947073847491736,0.07254476756729912,0.13143606816651807
2024-12-17,风险平价策略,0.0,0.0,0.0,0.0,0.049333581024464106,0.6144378679582077,0.0643424909677452,0.054486841974268216,0.047473152836105176,0.04080827936807458,0.05421524380081147,0.0749025420703237,0.13285699984785931
2024-12-18,风险平价策略,0.0,0.0,0.0,0.0,0.0522258869638945,0.6042482022186415,0.0653618060527386,0.05791117397708172,0.04887639596715175,0.04080529214402885,0.05206510602356466,0.07850613665289825,0.13717263167051175
2024-12-19,风险平价策略,0.0,0.0,0.0,0.0,0.050607262682547956,0.6074830448523262,0.06587647577333859,0.057738118557663184,0.04830755070644139,0.04131254555153094,0.052508472886075165,0.07616652899007657,0.13515770168581254
2024-12-20,风险平价策略,0.0,0.0,0.0,0.0,0.05018467506428161,0.6080448802107884,0.06596517014003027,0.05787643459280537,0.048219703765116965,0.040773903615201605,0.05260524112601233,0.07632999148576332,0.13465653158613475
2024-12-23,风险平价策略,0.0,0.0,0.0,0.0,0.0511103023329065,0.6018972949477184,0.06725905893853744,0.058459527393558385,0.0491332105909596,0.04154703553323362,0.052861198207241104,0.07773237205584502,0.13655742563341064
2024-12-24,风险平价策略,0.0,0.0,0.0,0.0,0.05156120462031187,0.6004694880199214,0.06761963188853205,0.05873051115354871,0.0491939738959504,0.041704893109424,0.05333162046197478,0.0773886768503368,0.13709944624302112
2024-12-25,风险平价策略,0.0,0.0,0.0,0.0,0.05189995487241301,0.5978642965475269,0.06809643791515127,0.05913704503811093,0.049362572621802325,0.04200153329793327,0.05373223243909653,0.07790592726796561,0.1378348974117811
2024-12-26,风险平价策略,0.0,0.0,0.0,0.0,0.05272056332821296,0.5925261528714822,0.0695035643610807,0.05886727009409807,0.04804130949873746,0.04308432893524026,0.05524169637990891,0.0800151145312395,0.1396127111350261
2024-12-27,风险平价策略,0.0,0.0,0.0,0.0,0.05276962856399781,0.5928054365297092,0.06958814084394906,0.058925706333765066,0.047561894118990394,0.04299371735680474,0.055287678632633806,0.0800677976201498,0.13960187313596503
2024-12-30,风险平价策略,0.0,0.0,0.0,0.0,0.05516339691359149,0.5752905561555769,0.07292000850600776,0.06176149796838308,0.04980223112642846,0.045012000434436296,0.05807951122117616,0.08197079767439994,0.1444670810914808
2024-12-31,风险平价策略,0.0,0.0,0.0,0.0,0.05467667197969788,0.5761351604273938,0.07180793635750626,0.061815076878608224,0.049943824838505624,0.04515288383752216,0.05823119802931112,0.08223724765145494,0.14399559124493191
2025-01-02,风险平价策略,0.0,0.0,0.0,0.0,0.051668703124389426,0.5781608926151115,0.07021778169830918,0.06245790717713879,0.050319956558604745,0.04556126339463403,0.05863174999278654,0.08298174543902562,0.14134184878307401
2025-01-03,风险平价策略,0.0,0.0,0.0,0.0,0.04958865998176944,0.5822352694906017,0.06911901394716805,0.06157829932867023,0.05085755679522858,0.046074883302427136,0.05668604101043452,0.08386027614370034,0.13929592180672673
2025-01-06,风险平价策略,0.0,0.0,0.0,0.0,0.04989104435466892,0.5843139014689392,0.06964997305253916,0.05914506399801683,0.05103561413409347,0.04633254305165119,0.05694567781573388,0.08268618212435724,0.13916363510967106
2025-01-07,风险平价策略,0.0,0.0,0.0,0.0,0.05130630251157399,0.5808145967883598,0.0718532510293947,0.060988881926762925,0.04856075655468789,0.04795668693778549,0.0536024423544959,0.0849170818969393,0.141427977575884
2025-01-08,风险平价策略,0.0,0.0,0.0,0.0,0.05130758086930513,0.5808028153566118,0.07185260757148154,0.060991228376460274,0.04855961497474426,0.04795349506254502,0.05360618691408488,0.0849264708747671,0.14143113411437788
2025-01-09,风险平价策略,0.0,0.0,0.0,0.0,0.05220116445355306,0.5568546462597358,0.07801145411228108,0.06615328142549816,0.05297703519942903,0.0476397324076965,0.05440301268915846,0.09175967345264782,0.14620479886678894
2025-01-10,风险平价策略,0.0,0.0,0.0,0.0,0.051110061477472817,0.5563042969269931,0.07844667231061526,0.06651916686468037,0.05278208323905042,0.047929358513449344,0.05469451208301015,0.09221384858472853,0.14545271621815262
2025-01-13,风险平价策略,0.0,0.0,0.0,0.0,0.05067755791042188,0.5480616684110408,0.08015750942488854,0.06797658526085136,0.053904150475294024,0.04902196343769333,0.05600654176947945,0.09419402331033067,0.14658646560820304
2025-01-14,风险平价策略,0.0,0.0,0.0,0.0,0.05097151683336058,0.5502431398868264,0.08033100976545719,0.06845402623406951,0.054271470528523116,0.048149125878964735,0.05623779460565503,0.09134191626714333,0.14605372121510846
2025-01-15,风险平价策略,0.0,0.0,0.0,0.0,0.05106941179911676,0.5508118220969063,0.07980946492719761,0.06784233403551805,0.05436728010283867,0.04823039481694904,0.0563218639837403,0.09154742823773326,0.14609528136893174
2025-01-16,风险平价策略,0.0,0.0,0.0,0.0,0.05108793712769938,0.5507931986298295,0.07983690652854629,0.06786167270197552,0.054387699191667443,0.04825329543271573,0.05620840350368936,0.0915708868838769,0.14612344395434626
2025-01-17,风险平价策略,0.0,0.0,0.0,0.0,0.05328924151276789,0.5289178923729929,0.08413683926923617,0.07154839132011659,0.0556362828542522,0.050342766878669204,0.05963143192008189,0.09649715387188317,0.15176096843652412
2025-01-20,风险平价策略,0.0,0.0,0.0,0.0,0.054893204931008764,0.5385975516060247,0.07484927595143699,0.07203167517284818,0.052683947056041125,0.04743680281722016,0.06127319863556418,0.09823434382985592,0.15146627589706546
2025-01-21,风险平价策略,0.0,0.0,0.0,0.0,0.05439906076710597,0.5388833792539266,0.0749171871438321,0.07209797054166679,0.052720930260391326,0.047364469069768045,0.06131805627071682,0.0982989466925924,0.1510078111138453
2025-01-22,风险平价策略,0.0,0.0,0.0,0.0,0.05233064098151403,0.5348549086720724,0.07662956469122428,0.07190121478682615,0.05196453623044296,0.048138303179661106,0.06274919416061084,0.10143163729764824,0.1502634202756917
2025-01-23,风险平价策略,0.0,0.0,0.0,0.0,0.054321528263913246,0.5381205989368578,0.0743813286594608,0.06889944928022836,0.04929287668689793,0.04586688389583267,0.0637386094549252,0.10537872482188387,0.15154872177039183
2025-01-24,风险平价策略,0.0,0.0,0.0,0.0,0.054372714857954925,0.5385658827151021,0.07450124918709429,0.06898828750424353,0.04870595031692195,0.045582898293763274,0.06380924255137826,0.10547377457354157,0.15148958521659833
2025-01-27,风险平价策略,0.0,0.0,0.0,0.0,0.05506280273315366,0.5437028425533041,0.0735462193505249,0.06677707748589437,0.04811223810757432,0.045312544228668754,0.06251316133097376,0.10497311420990608,0.15130537887407527
2025-02-05,风险平价策略,0.0,0.0,0.0,0.0,0.05246739623803732,0.5456653183862001,0.07286947700151206,0.06685684335126447,0.04827858245385162,0.04556852311040231,0.06279515044498518,0.10549870901374682,0.14895753494831726
2025-02-06,风险平价策略,0.0,0.0,0.0,0.0,0.052760654175476054,0.5488265692158868,0.07340976789287378,0.06731458144966163,0.04867108531967071,0.04440227636162509,0.06074997357374863,0.10386509201105722,0.14845974956842628
2025-02-07,风险平价策略,0.0,0.0,0.0,0.0,0.05322157941192143,0.5449511642112309,0.07402350610480044,0.06787304596666793,0.04909668582958931,0.04478840756337232,0.061311471829556694,0.10473413908286087,0.1495235841409899
2025-02-10,风险平价策略,1.0,0.3,0.15,0.15,0.038178270045337644,0.37465404337490316,0.05303892817149766,0.04817862261317573,0.03522964715489956,0.032128007387087536,0.04354373623725569,0.07504874501584302,0.1486837659507382
2025-02-11,风险平价策略,1.0,0.3,0.15,0.15,0.0381859308160091,0.37469664797860847,0.05293197353433967,0.04819124408276454,0.03523821902882979,0.03213616638279586,0.043551879975922886,0.07506793820072954,0.14868789940468097
2025-02-12,风险平价策略,1.0,0.3,0.15,0.15,0.040785833192790354,0.3675014559457714,0.055509962603988036,0.04934696977318968,0.037631065290977254,0.03441859912604347,0.04136439650539516,0.07344171756184464,0.152102764054601
2025-02-13,风险平价策略,1.0,0.3,0.15,0.15,0.042050175772453034,0.3709006461299228,0.057932558867043175,0.050617258113806234,0.03410154336482986,0.027013818797337292,0.041695133896101376,0.07568886505850621,0.15174559665268095
2025-02-14,风险平价策略,1.0,0.3,0.15,0.15,0.04325632784258566,0.3614602383929312,0.05951742576269049,0.05205241290894209,0.035079597590121615,0.027779746946113376,0.04301827223110827,0.07783597832550739,0.15438350792413325
2025-02-17,风险平价策略,1.0,0.3,0.15,0.15,0.049297416571621816,0.3607717430151108,0.055076621600472934,0.057386133555384404,0.04098856417628388,0.027941519203367092,0.04333236820724258,0.06520563367051636,0.15811087832166862
2025-02-18,风险平价策略,1.0,0.3,0.15,0.15,0.049563866820277476,0.3591356385160093,0.05511551224112299,0.057707032560740015,0.041208474180559604,0.028094692470005997,0.04359155905167822,0.0655832241596064,0.1586198125939808
2025-02-19,风险平价策略,1.0,0.3,0.15,0.15,0.049556837993476224,0.3591394251452967,0.05511557782250569,0.05770754316949949,0.04120885139541189,0.028095517060301917,0.043592272764830305,0.06558397464867777,0.15861360153840381
2025-02-20,风险平价策略,1.0,0.3,0.15,0.15,0.050913740722291656,0.34504924114626706,0.057510079152151054,0.060218796548582296,0.04300744080667228,0.029120586049747006,0.04567186193298957,0.06850825364129894,0.16212609740697134
2025-02-21,风险平价策略,1.0,0.3,0.15,0.15,0.05230378949578208,0.32992805013936133,0.057459573323186096,0.0663727471193854,0.04391630851115092,0.03151771884807017,0.05041387698119289,0.06808793558187114,0.16553503046883467
2025-02-24,风险平价策略,1.0,0.3,0.15,0.15,0.056466205372350885,0.3115720061425497,0.06443579749559428,0.06749119661142802,0.045306384591576286,0.02938315341151203,0.0492730258929939,0.07607223048199484,0.1721742369563378
2025-02-25,风险平价策略,1.0,0.3,0.15,0.15,0.055343650775093484,0.31416419778085153,0.06354546924865062,0.06541579239982521,0.04544709590084585,0.029673140691125106,0.04975114343460577,0.07665950976900232,0.17098528028949414
2025-02-26,风险平价策略,1.0,0.3,0.15,0.15,0.05629021482764115,0.3213951968811461,0.06528437619928315,0.06704003040890918,0.04288009665497507,0.027788147238852843,0.04796850519378292,0.07135343259540951,0.1698936901566657
2025-02-27,风险平价策略,1.0,0.3,0.15,0.15,0.056735108523425705,0.31937965686592656,0.06568236609575233,0.06757577092715109,0.04323239008695586,0.027890805479774777,0.048383321413468384,0.0711205806075452,0.1705190602909124
2025-02-28,风险平价策略,1.0,0.3,0.15,0.15,0.056161704774216614,0.3213822543053468,0.06533626672052913,0.06809533646240733,0.04349371762400937,0.028070610398230313,0.04831328939449915,0.06914682032076129,0.16956368227573346
2025-03-03,风险平价策略,1.0,0.3,0.15,0.15,0.056140745135582246,0.3214165646511316,0.06533250657963169,0.06809819227921417,0.04349659391935863,0.028053734729712638,0.04831234847565261,0.06914931422971632,0.1695391004352303
2025-03-04,风险平价策略,1.0,0.3,0.15,0.15,0.05795432459679803,0.3250572767867847,0.06670926207380871,0.06925764916369219,0.03785320422764213,0.025307561962620895,0.04606312735242984,0.07179759383622344,0.17046045969116408
2025-03-05,风险平价策略,1.0,0.3,0.15,0.15,0.05826674264682395,0.3287243366263715,0.06720559361795501,0.06968675904731131,0.037966084841304405,0.025282282167084898,0.04042876698577512,0.07243943406737367,0.17047097345243017
2025-03-06,风险平价策略,1.0,0.3,0.15,0.15,0.05955811648487582,0.31597740539275093,0.07049883601053948,0.0730456570707464,0.038739011637636725,0.025198066239802877,0.04248561805956642,0.07449728910408139,0.17345605498472194
2025-03-07,风险平价策略,1.0,0.3,0.15,0.15,0.06430146851720345,0.28404249273126986,0.0769987272762435,0.07859647886954123,0.0423313284665258,0.027639086155864023,0.045854848231068945,0.08023556975228309,0.18276568702867485
2025-03-10,风险平价策略,1.0,0.3,0.15,0.15,0.06357774274535706,0.2846316600238277,0.07703174200578801,0.07882955148600779,0.041832793827978824,0.027728079685203775,0.04595593321964544,0.08041249700619132,0.1821056721349492
2025-03-11,风险平价策略,1.0,0.3,0.15,0.15,0.07134303987132995,0.26100477561261726,0.08280748501170178,0.08573174116364252,0.04463985064626088,0.03020383098652064,0.04122627372437418,0.08304300298355279,0.19269989239481486
2025-03-12,风险平价策略,1.0,0.3,0.15,0.15,0.07148911966380998,0.2617688853491947,0.08304159681849792,0.08600235002390975,0.04331066904821452,0.030264787400318516,0.04088056886787694,0.08324202282817769,0.19275015934333722
2025-03-13,风险平价策略,1.0,0.3,0.15,0.15,0.07159138610378205,0.2615077035115854,0.08302270616980816,0.0859205751942556,0.04336318816691223,0.030301648061854196,0.04093588470556425,0.0833569080862381,0.19288987235386032
2025-03-14,风险平价策略,1.0,0.3,0.15,0.15,0.07160742378396925,0.26141873051587583,0.08304088017011105,0.08593880935321913,0.04337114576161934,0.030300540610490916,0.04094623980426804,0.08337623000044642,0.1929172657201112
2025-03-17,风险平价策略,1.0,0.3,0.15,0.15,0.0741823624155986,0.24758325066318257,0.0859955276935796,0.08706567205890615,0.04492395075638192,0.031419265431808924,0.042302090662129505,0.08652788031841278,0.1974800504845721
2025-03-18,风险平价策略,1.0,0.3,0.15,0.15,0.074431312291498,0.24976841843408956,0.08545536337440822,0.08307357330349394,0.04537424559839735,0.03171199680879482,0.04269363924442828,0.08749145094488985,0.19754939271770133
2025-03-19,风险平价策略,1.0,0.3,0.15,0.15,0.0746321845130873,0.2499856225188535,0.08574328116246295,0.08316234942547757,0.044938352209146354,0.030856326025116527,0.04288889772848547,0.08779298641737034,0.1975778630752881
2025-03-20,风险平价策略,1.0,0.3,0.15,0.15,0.074040633759219,0.2510748683969447,0.0860017736023054,0.0834375369084331,0.04511712355531037,0.030972428844929168,0.04126455799364224,0.08809107693921589,0.19703877746779483
2025-03-21,风险平价策略,1.0,0.3,0.15,0.15,0.07698041219693676,0.25429574571946784,0.07794544347199174,0.07937094893514464,0.04747124056267203,0.032569679924711534,0.04340672905646697,0.08795980013260846,0.1992724559110983
2025-03-24,风险平价策略,0.0,0.0,0.0,0.0,0.10996782739900465,0.36329940242687403,0.11135597062555339,0.11338049078635874,0.06781171803289206,0.04652747659965972,0.06200667631045748,0.12565043781919993,0.22466792137280067
2025-03-25,风险平价策略,0.0,0.0,0.0,0.0,0.11001938772807149,0.36347831136637165,0.11143557595180435,0.1131056053583154,0.06774959069312267,0.04655797187722969,0.06203876216759317,0.1256147948574916,0.22468609758227906
2025-03-26,风险平价策略,0.0,0.0,0.0,0.0,0.10917813358957068,0.36491801919272937,0.11172505959376194,0.11344516524173312,0.06801137175874687,0.04672395593609868,0.05997881318023908,0.12601948150712036,0.22392461967703145
2025-03-27,风险平价策略,0.0,0.0,0.0,0.0,0.1098085278213473,0.36327266924885765,0.11025611033472611,0.11421972893339138,0.06840119824810281,0.04684060205263439,0.06031606506600071,0.1268850982949396,0.2247925911756512
2025-03-28,风险平价策略,0.0,0.0,0.0,0.0,0.11146294327489256,0.375236539940944,0.09854466309100772,0.10469084335957324,0.06699273979803168,0.04891889135480363,0.06079309834900504,0.133360280831742,0.2256483302229701
2025-03-31,风险平价策略,0.0,0.0,0.0,0.0,0.1128232904869662,0.37869433607325426,0.09593441292203475,0.10274540461873634,0.06486260420852413,0.04826838112105769,0.06153796464968657,0.13513360591974008,0.22638928943149497
2025-04-01,风险平价策略,0.0,0.0,0.0,0.0,0.11344275907854817,0.37661964570355183,0.09643871528566994,0.10331837720146506,0.06526503817934351,0.04857782365433176,0.06036146367259775,0.13597617722449198,0.2273796649792486
2025-04-02,风险平价策略,0.0,0.0,0.0,0.0,0.11469643518666968,0.38035873579960294,0.09405741643662854,0.1019339892945664,0.06609640499850436,0.048088914573183324,0.06096224155128079,0.1338058621595639,0.22757960281815975
2025-04-03,风险平价策略,0.0,0.0,0.0,0.0,0.11719081527904412,0.3875003649732016,0.08538328675531849,0.10453907049739905,0.06007011040526423,0.045519634224678945,0.06239600095772774,0.1374007169073658,0.2286277841431682
2025-04-07,风险平价策略,0.0,0.0,0.0,0.0,0.048965285995776354,0.5923003033109968,0.039027180639407674,0.06472772641036192,0.04126614705869137,0.03433525711085497,0.09762637512685193,0.08175172434705895,0.1339580175656328
2025-04-08,风险平价策略,0.0,0.0,0.0,0.0,0.054340551887807294,0.5677774242322738,0.042647874344058555,0.07046483768736775,0.035919017185623604,0.030499529514852523,0.1075811596892217,0.0907696054587947,0.14190014407301252
2025-04-09,风险平价策略,0.0,0.0,0.0,0.0,0.05575537708045231,0.5868475531626393,0.04107361645631373,0.0649784306716154,0.031885662960504525,0.027783385461191117,0.09693588309926861,0.09474009110801498,0.140835029814003
2025-04-10,风险平价策略,0.0,0.0,0.0,0.0,0.055843558242739566,0.5887248561864172,0.041149293672792006,0.06514389899378711,0.0319745943060963,0.027863329447537475,0.09435573215358962,0.0949447369970406,0.14077130846843905
2025-04-11,风险平价策略,0.0,0.0,0.0,0.0,0.056016403377362925,0.5869214294029813,0.04141620638142406,0.06492631933591435,0.03223153138416669,0.027806514421973242,0.09502120279441062,0.09566039290176687,0.1412193545533195
2025-04-14,风险平价策略,0.0,0.0,0.0,0.0,0.056014112832447754,0.586942373372921,0.041418138080055254,0.06493178196933101,0.03218794037078832,0.027809519415923793,0.09502751504251755,0.09566861891601523,0.14121544570281377
2025-04-15,风险平价策略,0.0,0.0,0.0,0.0,0.05680934564471404,0.5868496813680629,0.041561617002488005,0.06494462857815476,0.03217344881952238,0.028285015491580186,0.09228220355293115,0.09709405954254648,0.142225301362237
2025-04-16,风险平价策略,0.0,0.0,0.0,0.0,0.05734224874019025,0.5943903110164878,0.04103523572353988,0.06502272320412002,0.030993994788949073,0.02760203559736512,0.08555139015773704,0.09806206077161092,0.14185196818586307
2025-04-17,风险平价策略,0.0,0.0,0.0,0.0,0.05766648252809648,0.591941120591318,0.041267964089268715,0.06540876694282145,0.03118140055602072,0.027773516273802253,0.08611532264426196,0.09864542637441044,0.14253736213874307
2025-04-18,风险平价策略,0.0,0.0,0.0,0.0,0.05766936301700081,0.5919388903618449,0.04126786425495624,0.06540485037775362,0.031181081738237977,0.027773784652363364,0.0861199932901502,0.09864417230769303,0.1425398319754108
2025-04-21,风险平价策略,0.0,0.0,0.0,0.0,0.05828647554744579,0.5829763683854693,0.04221539257321665,0.06693822567321887,0.03193171646480449,0.028357875982942777,0.08828154329010876,0.10101240208279338,0.14458844900096696
2025-04-22,风险平价策略,0.0,0.0,0.0,0.0,0.058366331834403,0.5832759900431311,0.04220115761551287,0.06648507924826676,0.031776478982004856,0.028400795934674622,0.0883557508443086,0.10113841549769804,0.1446332895588383
2025-04-23,风险平价策略,0.0,0.0,0.0,0.0,0.06421109339157353,0.5844825313213656,0.04772261280674479,0.07473015333824981,0.035156393332997124,0.031589755029469584,0.09547351067817886,0.06663395010142073,0.14556997015040765
2025-04-24,风险平价策略,0.0,0.0,0.0,0.0,0.0648604935928337,0.5818545724303277,0.04769795025185733,0.07552439861533311,0.035188494159833945,0.031216207999379908,0.09640722656491438,0.06725065638552,0.14645678753070018
2025-04-25,风险平价策略,0.0,0.0,0.0,0.0,0.06487026295001833,0.5836707581088405,0.0477926524076775,0.07568929953204678,0.03526765956579319,0.03128261647928064,0.09472968323310668,0.06669706772323632,0.14621512139545992
2025-04-28,风险平价策略,0.0,0.0,0.0,0.0,0.06530237424328125,0.5890184810189796,0.04813885072381466,0.07487333816969652,0.03554375442292502,0.031509533202886464,0.09019336371869953,0.065420304499717,0.14587809791189016
2025-04-29,风险平价策略,0.0,0.0,0.0,0.0,0.0650427615102862,0.5914567096091884,0.04840578767898423,0.07521756806426759,0.035314691955238696,0.030452287426305492,0.08852672710511217,0.0655834666506173,0.14522899096408198
2025-04-30,风险平价策略,0.0,0.0,0.0,0.0,0.062063011866675684,0.5913438696049523,0.04993485410607821,0.07898391884066316,0.03723536626748728,0.029796265094013716,0.08392450274033897,0.06671821147979064,0.14292971394442078
2025-05-06,风险平价策略,0.0,0.0,0.0,0.0,0.06240056818433287,0.5932602620463961,0.05028520183709423,0.07774852876795527,0.03656030644757682,0.029023375419348057,0.08383586345661216,0.0668858938406846,0.1428469163873314
2025-05-07,风险平价策略,0.0,0.0,0.0,0.0,0.06439010245048195,0.5853197731126594,0.05191831827160564,0.07530089547034352,0.037728990060654236,0.029942268702648888,0.08642854392754426,0.06897110800406207,0.1459212462238873
2025-05-08,风险平价策略,0.0,0.0,0.0,0.0,0.0647641514297497,0.587454795173644,0.05150518590482667,0.07562792834253508,0.03789664045589529,0.029488553337167957,0.08659247923979675,0.06667026611638448,0.14559528234782587
2025-05-09,风险平价策略,0.0,0.0,0.0,0.0,0.06480583489438216,0.5881026581493133,0.051536606228321125,0.07567861376161023,0.03792641721379294,0.029514388824738523,0.08591723230518297,0.06651824862265868,0.14554928171078335
2025-05-12,风险平价策略,0.0,0.0,0.0,0.0,0.07233686354864527,0.5465439159788194,0.05726469392763294,0.08445520084081748,0.04221133064669088,0.032975909624652744,0.09644685838578977,0.06776522704695165,0.1579162170641933
2025-05-13,风险平价策略,0.0,0.0,0.0,0.0,0.07250907571089736,0.5480542639374902,0.057187211218751484,0.08463501268576527,0.042317177110953695,0.03292586762040263,0.09511306033132304,0.06725833138441627,0.1578292165121568
2025-05-14,风险平价策略,0.0,0.0,0.0,0.0,0.07333353329071698,0.5436638367590593,0.05781137058507876,0.0856013683793232,0.04278336140865681,0.033301008767187126,0.09624011024141296,0.06726541056856492,0.15914619097955118
2025-05-15,风险平价策略,1.0,0.3,0.15,0.15,0.05180205731495504,0.38926679305999207,0.038745533311221915,0.060342347974244114,0.028977036403868593,0.021238983493220898,0.0685897659083304,0.04103748253416696,0.15151752373126745
2025-05-16,风险平价策略,1.0,0.3,0.15,0.15,0.051302415409747074,0.38906682068521703,0.03940839239582204,0.06065204950556551,0.029175211640408195,0.021283888989896114,0.06742798361306815,0.041683237760275965,0.1512463315293118
2025-05-19,风险平价策略,1.0,0.3,0.15,0.15,0.051356153888399016,0.3893691056539688,0.03929742976899904,0.06063536937534533,0.02920759991401298,0.021306292169560676,0.06711172431759599,0.04171632491211799,0.15126803000916547
2025-05-20,风险平价策略,1.0,0.3,0.15,0.15,0.051427255633811224,0.3896134296924798,0.03920378558903408,0.060553108398690395,0.02903544330606222,0.021339813510585223,0.06715776995393877,0.041669393915398305,0.15129140048990056
2025-05-21,风险平价策略,1.0,0.3,0.15,0.15,0.05142509406023973,0.38961267142937506,0.039205031351130855,0.06054716042215697,0.029036142996631785,0.021340386132209285,0.06716413350327007,0.041669380104986185,0.1512895931862558
2025-05-22,风险平价策略,1.0,0.3,0.15,0.15,0.05175800888873151,0.38967508440458837,0.03927826979288829,0.06100043165612497,0.028345119811830567,0.02051663970315655,0.06753693906125056,0.04188950668142914,0.15143733725247238
2025-05-23,风险平价策略,1.0,0.3,0.15,0.15,0.05122714152681181,0.39011460040874174,0.03930683197071312,0.060820522907221154,0.028405050175876936,0.020528183753533866,0.0676330021380013,0.04196466711910013,0.15094065771981796
2025-05-26,风险平价策略,1.0,0.3,0.15,0.15,0.051137392177111676,0.3902400083416814,0.039330158296846475,0.060850366308934485,0.02841173911401168,0.02053428463994812,0.06760664567087181,0.04188940545059435,0.15084114052012382
2025-05-27,风险平价策略,1.0,0.3,0.15,0.15,0.05189348998107312,0.3878887652943594,0.039831489861297226,0.06046075131843924,0.02881695114734367,0.020745317784168115,0.0685338877007397,0.04182934691257943,0.15179647362479057
2025-05-28,风险平价策略,1.0,0.3,0.15,0.15,0.05198772974755537,0.3881863905664411,0.03990877905654182,0.06060101995356417,0.028415647127818435,0.02061100263391423,0.06839850192008634,0.04189092899407842,0.15182140357586824
2025-05-29,风险平价策略,1.0,0.3,0.15,0.15,0.05319718797455518,0.38014846652907996,0.041078312137877555,0.062445350095723745,0.029247687838965867,0.021238718756088192,0.07052661315333726,0.042117663514372176,0.15399458802368887
2025-05-30,风险平价策略,1.0,0.3,0.15,0.15,0.05413160517762996,0.3829299112665766,0.04063957690896887,0.06084708398987216,0.02777842178331502,0.019742135971170267,0.07135259160556269,0.04257867329690436,0.15418039934890335
2025-06-03,风险平价策略,1.0,0.3,0.15,0.15,0.05528644397065382,0.38576262904538616,0.04157606310513835,0.05835531114101965,0.02721612331155616,0.02022886031945803,0.06825246547154439,0.043322103635243456,0.15502251537053383
2025-06-04,风险平价策略,1.0,0.3,0.15,0.15,0.05529264965399788,0.3857597251636673,0.041575897576818885,0.05835464526460791,0.027217428666645997,0.020227917687992977,0.06825656048627184,0.04331517549999729,0.15502702817442002
2025-06-05,风险平价策略,1.0,0.3,0.15,0.15,0.054412146195538726,0.38543687731543896,0.04199147208251025,0.05825363791458008,0.0272259474658231,0.020178898133691503,0.06880231723726703,0.04369870365515038,0.1543528824642172
2025-06-06,风险平价策略,1.0,0.3,0.15,0.15,0.05441303595681665,0.3854338394999824,0.04199214910852408,0.058257981555540746,0.02722497943483368,0.02017891510793518,0.06880189004410464,0.04369720929226257,0.1543538664965947
2025-06-09,风险平价策略,1.0,0.3,0.15,0.15,0.05456003412782058,0.38647203772263805,0.04211258026780813,0.05800075254280136,0.02686911527900134,0.020244993373088653,0.06890890937401987,0.04283157731282196,0.1542371156636154
2025-06-10,风险平价策略,1.0,0.3,0.15,0.15,0.054574596702850746,0.38647692763116287,0.04211791663081126,0.05794300744482635,0.026875513296417256,0.02025026634577876,0.06892194142619694,0.042839830521955675,0.15425019516832517
2025-06-11,风险平价策略,1.0,0.3,0.15,0.15,0.05457065283471289,0.38648566708173565,0.042117990693212724,0.05793945626575229,0.02687573621810415,0.02024324540683247,0.0689251165004352,0.04284213499921455,0.15424476265729145
2025-06-12,风险平价策略,1.0,0.3,0.15,0.15,0.05480950485505954,0.3857840578919178,0.041750068527538806,0.05818624888011463,0.02697898950754148,0.020320851509942207,0.06915232740502426,0.04301795142286121,0.1545678467480999
2025-06-13,风险平价策略,1.0,0.3,0.15,0.15,0.054150501833416964,0.3866913743450349,0.04123140200151097,0.05847393386459406,0.02708594729333875,0.020401121793625694,0.06879021560536477,0.0431755032631138,0.15393547888681675
2025-06-16,风险平价策略,1.0,0.3,0.15,0.15,0.05418752977504821,0.38677383575586277,0.0412593816163513,0.058382663557205824,0.027047831322491157,0.020415651926196144,0.06883200729250642,0.04310109875433818,0.15394721143716072
2025-06-17,风险平价策略,1.0,0.3,0.15,0.15,0.05390741684623119,0.3876891429706856,0.04139311605788378,0.05850774122759475,0.027128174108010862,0.02011105131184093,0.06891456389469423,0.042348793583058646,0.15344766411389252
2025-06-18,风险平价策略,1.0,0.3,0.15,0.15,0.0539698478343509,0.38765861355714765,0.04143750414619951,0.05858971092277149,0.027162580687373154,0.020134327232704845,0.0686503098101761,0.04239710580927632,0.1535220209175542
2025-06-19,风险平价策略,1.0,0.3,0.15,0.15,0.05400294748122842,0.3887225218224488,0.040913318467408435,0.057903073484067105,0.02730263237280747,0.0202319830887097,0.06887933398804394,0.04204418929528599,0.1533740017519159
2025-06-20,风险平价策略,1.0,0.3,0.15,0.15,0.05433976088133875,0.39037222609950767,0.040647045457918786,0.05709194603809604,0.027374186202954152,0.020120228666645642,0.06823159483130266,0.04182301182223624,0.15340994063931312
2025-06-23,风险平价策略,1.0,0.3,0.15,0.15,0.054454004783752404,0.3915220226318782,0.0407279425673884,0.05721368841403956,0.027452275158692765,0.020171724708837765,0.06655603146624439,0.04190231026916652,0.1534194859563621
2025-06-24,风险平价策略,1.0,0.3,0.15,0.15,0.05965593568739673,0.3841437132951903,0.045325840042514755,0.06085031303703791,0.022531181993564093,0.014419680179227467,0.07246400738878607,0.04060932837628249,0.1574832445146649
2025-06-25,风险平价策略,1.0,0.3,0.15,0.15,0.06034487685365959,0.38621751235860013,0.04583152195384911,0.06171322881779713,0.022886981108992156,0.01421011432851543,0.06769245852686939,0.04110330605171697,0.15795444346271537
2025-06-26,风险平价策略,1.0,0.3,0.15,0.15,0.061374136455701986,0.3883541925485738,0.04659826742300195,0.06298915357557995,0.023103895298390513,0.01424327645134596,0.06150301472938836,0.04183406351801751,0.15881141899421192
2025-06-27,风险平价策略,1.0,0.3,0.15,0.15,0.056723416030693675,0.3921584388231974,0.04744167661397329,0.06384058153687105,0.023341427969632414,0.014193398900643354,0.06190329230564226,0.04039776781934646,0.1542012716976026
2025-06-30,风险平价策略,1.0,0.3,0.15,0.15,0.057267497719479886,0.3879919768960257,0.04804964722533457,0.06481506277647259,0.0237007778388901,0.014369926039260886,0.06284860938110043,0.04095650212343582,0.15529129912144957
2025-07-01,风险平价策略,1.0,0.3,0.15,0.15,0.05726436946827262,0.388010940190097,0.04804284773333441,0.06481596120247896,0.02369900742084635,0.014368509399863217,0.06284738029257064,0.040950984292536755,0.15528524171219976
2025-07-02,风险平价策略,1.0,0.3,0.15,0.15,0.05732582704261863,0.38848963453628027,0.04798780527587727,0.06490128575839782,0.023702439586774048,0.014368980626261154,0.06224174784844165,0.04098227932534925,0.15529427643306
2025-07-03,风险平价策略,1.0,0.3,0.15,0.15,0.05739153492939439,0.3882258718129458,0.04805123168808021,0.0649890063369461,0.02358541983838849,0.014396731443850334,0.06232309442843678,0.04103710952195778,0.15539248818512535
2025-07-04,风险平价策略,1.0,0.3,0.15,0.15,0.05806184797372496,0.39018284762170585,0.04625431005512252,0.06484091735912025,0.023405898437047115,0.01442908082575159,0.06227959417278248,0.04054550355474516,0.15563705238687534
2025-07-07,风险平价策略,1.0,0.3,0.15,0.15,0.05930338571789215,0.39601367685817046,0.04561704406540155,0.06023717848226099,0.023852921244622606,0.014592061643881951,0.060771552065556934,0.03961217992221336,0.15585657173134262
2025-07-08,风险平价策略,1.0,0.3,0.15,0.15,0.05934777749854729,0.39437416652758156,0.04591997746488191,0.060652148056743065,0.024012349131130737,0.014691484337127435,0.06109573135209167,0.039906365631896284,0.1561582735380727
2025-07-09,风险平价策略,1.0,0.3,0.15,0.15,0.060094834384266854,0.3966769270149734,0.04322309320719501,0.061177061897500266,0.024208831173444526,0.014801732523423686,0.06137314489952374,0.03844437489967247,0.15631077189221998
2025-07-10,风险平价策略,1.0,0.3,0.15,0.15,0.061391865337864275,0.3899176421373982,0.04411444584445202,0.06251494541120134,0.024752134969100028,0.015138700283050392,0.06279051784912447,0.03937974816780926,0.15844185283489967
2025-07-11,风险平价策略,1.0,0.3,0.15,0.15,0.05891669153330016,0.39112895280249993,0.044246164872645,0.06318962178284855,0.024494970836873922,0.014937913500682135,0.06326838131041015,0.03981730336074011,0.15620265309208903
2025-07-14,风险平价策略,1.0,0.3,0.15,0.15,0.06050964504599459,0.3882881999034504,0.04545180099700879,0.05948406633204105,0.025159631504877013,0.015310012537263095,0.06492295279487523,0.040873690884489666,0.158067547494973
2025-07-15,风险平价策略,1.0,0.3,0.15,0.15,0.05747311837161749,0.3922806189661209,0.04515706291660382,0.06044277885030334,0.02478499149230547,0.015149091357253373,0.06352368346439201,0.04118865458140357,0.15502816844965264
2025-07-16,风险平价策略,1.0,0.3,0.15,0.15,0.056961089062936184,0.3912698930101353,0.045411810369298894,0.06101899275539668,0.02500591043121395,0.015287528545474589,0.06397574521097349,0.04106903061457079,0.15473095424550548
2025-07-17,风险平价策略,1.0,0.3,0.15,0.15,0.05685624684638219,0.3914534397874139,0.045346154675223134,0.060960938008411715,0.025030423768223193,0.015262928105564719,0.06401203898918525,0.04107782981959581,0.15461438412290868
2025-07-18,风险平价策略,1.0,0.3,0.15,0.15,0.05713700511568228,0.38988140459070914,0.045560214299739575,0.061274880753895984,0.025156876712195665,0.01534147816523718,0.06434475508293762,0.04130338527960256,0.15509336353205147
2025-07-21,风险平价策略,1.0,0.3,0.15,0.15,0.05719680553019472,0.3895670741256866,0.04561155544468732,0.06134022325931872,0.025188178858935057,0.01532537141427631,0.0644128442650696,0.041357947101831674,0.15518827117753714
2025-07-22,风险平价策略,1.0,0.3,0.15,0.15,0.058010837575189336,0.38529596966040686,0.04617041248568041,0.06223797593566692,0.025599213633790734,0.01530065653960856,0.06536735699682981,0.042017577172827295,0.15649933339251376
2025-07-23,风险平价策略,1.0,0.3,0.15,0.15,0.05915557692720599,0.3812266355673009,0.04673389889703266,0.061780591250797906,0.02599070387682232,0.015582534280799388,0.06664232051655855,0.042887738683482196,0.15812546036748462
2025-07-24,风险平价策略,1.0,0.3,0.15,0.15,0.06299712279492163,0.3580455684147813,0.05663553933375716,0.07320068423171742,0.03136258147350256,0.018972536153843225,0.05658887400895718,0.042197093588519405,0.16529664802144223
2025-07-25,风险平价策略,1.0,0.3,0.15,0.15,0.06146375393554034,0.3583642110857979,0.05528380689881869,0.07435420714155595,0.03177823046926539,0.019216745286313328,0.05696900507451999,0.0425700401081883,0.16404218102052096
2025-07-28,风险平价策略,1.0,0.3,0.15,0.15,0.06218465266040686,0.3687449132531746,0.055444631783577246,0.07014486673285249,0.0285488983274713,0.01910432046805648,0.05312925183769181,0.04269846493676915,0.1633266634410085
2025-07-29,风险平价策略,1.0,0.3,0.15,0.15,0.06278936938357539,0.35412352810495434,0.057978755493691615,0.07420060551709282,0.030221294357955193,0.02026631394537115,0.05583235422101779,0.04458777897634166,0.1661567800134039
2025-07-30,风险平价策略,1.0,0.3,0.15,0.15,0.06278815092615982,0.3541290273074964,0.057973806642589526,0.07420275334858133,0.030220061852707574,0.020265194301497223,0.055834843601529814,0.044586162019438325,0.16615455393251558
2025-07-31,风险平价策略,1.0,0.3,0.15,0.15,0.05785891470030537,0.3645055325040013,0.054314409465525876,0.07208393157668931,0.02969584487205442,0.021015422141317838,0.05585161427408808,0.04467433046601774,0.1607380386792472
2025-08-01,风险平价策略,1.0,0.3,0.15,0.15,0.0581483927894662,0.3634082576253899,0.054593064980942387,0.0724962387289491,0.029267857297366317,0.021029033146802996,0.05614549973290123,0.04491165569818176,0.16114689273198088
2025-08-04,风险平价策略,1.0,0.3,0.15,0.15,0.05826024421222808,0.3638928661881072,0.05456571669436574,0.07269438643490182,0.0289100559542874,0.02042151407445102,0.056243074345157476,0.045012142096501256,0.16108377583555758
2025-08-05,风险平价策略,1.0,0.3,0.15,0.15,0.0582730209217782,0.36395780539262146,0.05458065258477244,0.07271971177362833,0.028864384802349763,0.02032688656133081,0.05625443986211024,0.045023098101408796,0.16107111812043198
2025-08-06,风险平价策略,1.0,0.3,0.15,0.15,0.058323835244990005,0.3640316291535847,0.0543337212233847,0.07279899303895798,0.02889289213108842,0.020283399997473854,0.056274816307096666,0.045060712903423596,0.1611010656501623
2025-08-07,风险平价策略,1.0,0.3,0.15,0.15,0.058346439315057175,0.3641509624038028,0.0543739655611443,0.07284829162599783,0.028711650766596996,0.020179514228449366,0.056304107412426536,0.04508506868652502,0.16108755290436275
2025-08-08,风险平价策略,1.0,0.3,0.15,0.15,0.05846691005983354,0.36480781748849095,0.054531073784917124,0.07205431608054494,0.028829637102147938,0.019718633729350395,0.05641012453405723,0.045181487220657866,0.16103590158748868
2025-08-11,风险平价策略,1.0,0.3,0.15,0.15,0.05820620012972956,0.359198302691331,0.056854773312622696,0.07506069594848554,0.029962019963845222,0.020456595976901196,0.05599782261216137,0.04426358936492338,0.16160580884701176
2025-08-12,风险平价策略,1.0,0.3,0.15,0.15,0.058484629418757234,0.3579589247792843,0.05709712506097595,0.07538515132450443,0.030085643894768224,0.020546111655286924,0.056278261676725415,0.04416415218969745,0.16200221858280822
2025-08-13,风险平价策略,1.0,0.3,0.15,0.15,0.05795295710454202,0.3584854537877356,0.05723852503080576,0.07555211051581867,0.02981776156328275,0.020348287164262395,0.056364619404840326,0.04424028542871234,0.16145674693768605
2025-08-14,风险平价策略,1.0,0.3,0.15,0.15,0.060235455699346005,0.3535911752381292,0.05687292275698159,0.07568433827277496,0.029411732933743447,0.020589006763167984,0.05763841427737396,0.045976954058482775,0.16423941460044422
2025-08-15,风险平价策略,1.0,0.3,0.15,0.15,0.05978342568853032,0.35410582090655746,0.0572392072449001,0.07615483569290339,0.029578460807248224,0.020704568854490363,0.056662339120374154,0.04577134168499595,0.16381499820935944
2025-08-18,风险平价策略,1.0,0.3,0.15,0.15,0.06377655771017096,0.3376633868310034,0.06029692934225748,0.07534672880615653,0.03153274130623952,0.021827159187719995,0.06057687277265525,0.04897962404379686,0.1698556728395317
2025-08-19,风险平价策略,1.0,0.3,0.15,0.15,0.06375536827738333,0.3384387938069962,0.06034253030180909,0.07482039743986314,0.03149112027245628,0.021769441825399208,0.0607064902832365,0.04867585779285615,0.16968320231049158
2025-08-20,风险平价策略,1.0,0.3,0.15,0.15,0.06582248728102992,0.32919870770010773,0.06099983280126659,0.07701765716367838,0.03244904555009065,0.02229793267668775,0.06258925804811667,0.04962507877902233,0.17281855517236072
2025-08-21,风险平价策略,1.0,0.3,0.15,0.15,0.06626248418467783,0.3315323741908559,0.06084872146217942,0.0774381010570416,0.03262026223146268,0.022391927988801304,0.05891149077083187,0.04999463811414938,0.17304453915045964
2025-08-22,风险平价策略,1.0,0.3,0.15,0.15,0.06685341600556878,0.32182370378869124,0.06330572049836558,0.08074903686580152,0.03389002309572038,0.0232779081389874,0.05842679059043906,0.05167340101642596,0.17522203937065758
2025-08-25,风险平价策略,1.0,0.3,0.15,0.15,0.06685428878864376,0.3218178478301642,0.06331239028009664,0.08075096310434689,0.033883573449300285,0.023274854307151947,0.05842845732129974,0.051677624918996516,0.1752234668196665
2025-08-26,风险平价策略,1.0,0.3,0.15,0.15,0.06668151675628659,0.32648806960962523,0.061319308066385726,0.0799867500252015,0.03435950576317809,0.023536268444934626,0.055130859180021745,0.05249772215436647,0.17469178356992598
2025-08-27,风险平价策略,1.0,0.3,0.15,0.15,0.05615697391342213,0.3373450095679411,0.06397633542822706,0.08284083287139989,0.033641632463830916,0.02094164190298694,0.05044716183615974,0.054650412016032095,0.1643619954115578
2025-08-28,风险平价策略,1.0,0.3,0.15,0.15,0.058675892567083554,0.32635887990302065,0.06512810861878844,0.08437174845818227,0.03415234525258053,0.021888633823255236,0.0521361073410247,0.057288284036064625,0.16838351669778606
2025-08-29,风险平价策略,1.0,0.3,0.15,0.15,0.058527674196628174,0.3264631475972781,0.06516683263241647,0.08433740749608452,0.034128430253402516,0.021902524432751574,0.052163329291459934,0.057310654099978646,0.16824878822456305
2025-09-01,风险平价策略,1.0,0.3,0.15,0.15,0.05822336328888523,0.32772837714032116,0.06550332599097432,0.08276500236038759,0.0341047315732907,0.021891410113128815,0.05228993925516679,0.05749385027784534,0.16783853103824017
2025-09-02,风险平价策略,1.0,0.3,0.15,0.15,0.05840698400849147,0.3270758270705102,0.06546103316835225,0.08303324544928081,0.034055779608186454,0.02196283666808965,0.05232284471187102,0.05768144931521812,0.1681133301520602
2025-09-03,风险平价策略,1.0,0.3,0.15,0.15,0.056060621632933204,0.3283231559266661,0.06589297864894382,0.08321037160297871,0.03379092759784783,0.022112538422282727,0.05262817010711911,0.05798123606122849,0.16602211476924153
2025-09-04,风险平价策略,1.0,0.3,0.15,0.15,0.05790498598817403,0.3366309694767095,0.06453136677723839,0.07937573729963687,0.031668162711826195,0.020711330489732362,0.05104230517700681,0.058135142079675746,0.16627044975043673
2025-09-05,风险平价策略,1.0,0.3,0.15,0.15,0.058942316705212154,0.32174153234398856,0.06730733599095026,0.08298967353691664,0.033006754890757974,0.021590282166311175,0.05344410429121227,0.060978000074650894,0.16957498874167887
2025-09-08,风险平价策略,1.0,0.3,0.15,0.15,0.05945920197072538,0.32003392393488145,0.0662564635949657,0.08379596793307473,0.033282913274049857,0.021754599307679416,0.05387862451240676,0.06153830547221672,0.17032295286746335
2025-09-09,风险平价策略,1.0,0.3,0.15,0.15,0.06003907730194934,0.3174534755544883,0.06684253597408614,0.08460793150470987,0.03345280285929923,0.021444476355046947,0.05401618353627529,0.06214351691414488,0.17117898650279115
2025-09-10,风险平价策略,1.0,0.3,0.15,0.15,0.06140454010598756,0.3050294206967071,0.06931577067030932,0.08786988552513375,0.03465838363115574,0.022228969775608856,0.05528614398602566,0.06420688560907202,0.17435030284889094
2025-09-11,风险平价策略,1.0,0.3,0.15,0.15,0.06144238987370686,0.30525311992941273,0.0693743348758317,0.08792555620853533,0.03460861354666798,0.022244588145372265,0.05533768877633203,0.06381370864414111,0.17430517091617626
2025-09-12,风险平价策略,1.0,0.3,0.15,0.15,0.05902361697234498,0.3077109667020564,0.07018670239011093,0.08894424381921605,0.033894669720117114,0.020844681555990095,0.05489979349189446,0.06449532534826997,0.17180539873518733
2025-09-15,风险平价策略,1.0,0.3,0.15,0.15,0.05604354546674261,0.3161950985481794,0.07110900359878458,0.08522938187324286,0.03483339878049875,0.021405627007635663,0.0509675892667851,0.06421635545813098,0.16834040917405843
2025-09-16,风险平价策略,1.0,0.3,0.15,0.15,0.055713110743944354,0.31665712732917217,0.07110858943241995,0.08483515941495864,0.03489490753713497,0.021440199878791272,0.051026885259164906,0.06432402040441366,0.16801775778220765
2025-09-17,风险平价策略,1.0,0.3,0.15,0.15,0.05706101697286395,0.3232110786143458,0.06964248304369978,0.0843333129865556,0.03554933526874182,0.021812661026988738,0.04744855340490953,0.060941558681894735,0.16803280820095473
2025-09-18,风险平价策略,1.0,0.3,0.15,0.15,0.046878701214758095,0.3449933782121988,0.06163146160122247,0.07965179261172985,0.03674407760013535,0.022611548175080286,0.052903125759448166,0.054585914825426934,0.15575250745203195
2025-09-19,风险平价策略,1.0,0.3,0.15,0.15,0.04896136348076888,0.3318959448656297,0.06430192071281356,0.0832763376111584,0.036190330047717253,0.023089238762253505,0.055243214496763365,0.05704165002289523,0.1595654758372681
2025-09-22,风险平价策略,1.0,0.3,0.15,0.15,0.047833083687673125,0.33318794739739377,0.06471661920478611,0.0824658942559159,0.03603037493030968,0.022908526118245193,0.05552393008482995,0.05733362432084628,0.15843940234317624
2025-09-23,风险平价策略,1.0,0.3,0.15,0.15,0.05499553004026034,0.31704093322443255,0.06973749923345081,0.08859633623163722,0.038859025012519456,0.02317965240089159,0.04146759700152416,0.06612342685528387,0.1681838371953765
2025-09-24,风险平价策略,1.0,0.3,0.15,0.15,0.05504769638993468,0.31663217791903464,0.06981415841804198,0.08870404978599043,0.03889846393409558,0.023204555434036597,0.04151415652338533,0.06618474159548075,0.1682931787530184
2025-09-25,风险平价策略,1.0,0.3,0.15,0.15,0.054134155236445346,0.3166166580654378,0.0704397533538243,0.08941392955290614,0.03917442306567233,0.02337129564459098,0.04181808857869002,0.06503169650243308,0.16740985401650255
2025-09-26,风险平价策略,1.0,0.3,0.15,0.15,0.054397392430131426,0.31828203522976856,0.06972308906960022,0.08936320371045453,0.03857605705884534,0.02352815290543232,0.040797222486998554,0.06533284710876905,0.1674920248991916
2025-09-29,风险平价策略,1.0,0.3,0.15,0.15,0.05431883998386135,0.3183214963508793,0.06964305200939343,0.08931963545221476,0.038625913584447544,0.02355845811757099,0.04078662628172898,0.06542597821990363,0.16743755461166723
2025-09-30,风险平价策略,1.0,0.3,0.15,0.15,0.052431379940232885,0.32220507327212533,0.07084250404758832,0.08811058609622,0.03695481131658603,0.022140633460722356,0.04098934962204407,0.06632566224448097,0.16518612270561653
2025-10-09,风险平价策略,1.0,0.3,0.15,0.15,0.05247833274723519,0.3223636452742366,0.07088642714046246,0.08816977579757204,0.03691103865284113,0.021815192880339382,0.04102966651282784,0.06634592099448525,0.1651528691669917
2025-10-10,风险平价策略,1.0,0.3,0.15,0.15,0.057812447573079205,0.3330624496218456,0.06546823679711511,0.0859056563100293,0.036385963729811954,0.021328335303924095,0.04200189367810247,0.05803501698609219,0.16707956377635133
2025-10-13,风险平价策略,1.0,0.3,0.15,0.15,0.058825905730669675,0.3371186974919838,0.06191786897712549,0.0834544721561651,0.03626501155916396,0.0207137563723937,0.04262867807058171,0.05907560964191647,0.16738980060243186
2025-10-14,风险平价策略,1.0,0.3,0.15,0.15,0.05981503444836815,0.3422048233705851,0.05848480437419052,0.0840196505181764,0.03407998656872492,0.020483183539634034,0.04081614088948343,0.0600963762908374,0.16765216794184495
2025-10-15,风险平价策略,1.0,0.3,0.15,0.15,0.05995640897645911,0.3416088454846762,0.05862632935601349,0.0842358632713671,0.034003112073162464,0.020418628511863143,0.04092197286453138,0.060228839461927065,0.1678530026319194
2025-10-16,风险平价策略,1.0,0.3,0.15,0.15,0.06014854110897008,0.3423960440829471,0.05702857831844258,0.0846235165460062,0.03413654306755228,0.02047874531690869,0.04073162857014531,0.060456402989027616,0.16795209276329687
2025-10-17,风险平价策略,1.0,0.3,0.15,0.15,0.059135800760894926,0.35273665901249723,0.053911955142608575,0.0818912467203722,0.032672905685944865,0.019233747193034067,0.03784786456448219,0.06256982092016597,0.16583169485369498
2025-10-20,风险平价策略,1.0,0.3,0.15,0.15,0.06389681072577949,0.3445790092132707,0.05817691579250221,0.08824654822604337,0.034023183594677604,0.02058513658216983,0.04064621514833264,0.04984618071722397,0.16955116368657405
2025-10-21,风险平价策略,1.0,0.3,0.15,0.15,0.06390130864291221,0.344580660031574,0.05818084331315749,0.08824870929090073,0.03402601879367877,0.020586665813354988,0.04062628713446528,0.04984950697995647,0.16955598909741817
2025-10-22,风险平价策略,1.0,0.3,0.15,0.15,0.06471196481167756,0.3524672379418971,0.05893438585635867,0.08916425551044944,0.03433151321693639,0.020698900696559643,0.04052847543338276,0.039163266532738286,0.16791385028419903
2025-10-23,风险平价策略,1.0,0.3,0.15,0.15,0.06546180477913702,0.34939206664283023,0.059590196487694924,0.09017864187754931,0.03471526214606235,0.020922922818198762,0.04100813388216696,0.0387309713663604,0.16893227983756368
2025-10-24,风险平价策略,1.0,0.3,0.15,0.15,0.06376876234748659,0.3496458418218983,0.06002417286003001,0.0908610586098885,0.03495230315787332,0.021071590145454063,0.04108179986245787,0.038594471194911335,0.16748343172829946
2025-10-27,风险平价策略,1.0,0.3,0.15,0.15,0.06376915402907596,0.3497066318171439,0.06003088787588067,0.09087983056200011,0.03495486753079285,0.021070666465368298,0.041073696441657884,0.038514265278080245,0.16746605033899611
2025-10-28,风险平价策略,1.0,0.3,0.15,0.15,0.06834597063873525,0.3715985071433365,0.05080125416227521,0.07673129486738867,0.03749625703710894,0.02074296839847619,0.04368763354240961,0.030596114210269604,0.16729955908527452
2025-10-29,风险平价策略,1.0,0.3,0.15,0.15,0.06615120122996326,0.37300189209248247,0.05099664926489271,0.07705289142122157,0.037659384924147686,0.020830101214452564,0.04362162577388471,0.030686254078954985,0.16529486536049595
2025-10-30,风险平价策略,1.0,0.3,0.15,0.15,0.06688844057709406,0.37581831457554576,0.04908693907365674,0.07650840043026395,0.035810260149966494,0.020752804333037812,0.04413777837536,0.03099706248507513,0.16552488305879426
2025-10-31,风险平价策略,1.0,0.3,0.15,0.15,0.06668244781126531,0.3765474008786328,0.04767440811907251,0.07691244663308547,0.0359585016608301,0.020819024222388266,0.04428349049860322,0.03112228017612222,0.1652761548412144
2025-11-03,风险平价策略,1.0,0.3,0.15,0.15,0.06668321220244049,0.37655264370119657,0.04766781233109614,0.07691796727671837,0.03595701562342687,0.020818607408310676,0.04428185735419708,0.031120884102613638,0.16527588906364016
2025-11-04,风险平价策略,1.0,0.3,0.15,0.15,0.06880812615426447,0.3819276543432371,0.042464232063242735,0.07325906518775752,0.03735830925140412,0.020757924703706184,0.044388220915511124,0.031036467380876745,0.16632617313659206
2025-11-05,风险平价策略,0.7,0.21,0.105,0.105,0.07808197994809526,0.430431079747578,0.04814634784047819,0.08202903132680488,0.042320115590801066,0.02356299093626555,0.050382045601766755,0.035046409008210384,0.17016805480911976
2025-11-06,风险平价策略,0.7,0.21,0.105,0.105,0.07856175494172506,0.4277470292113438,0.04856576382979589,0.08277462540365967,0.04274221278422312,0.023566513179564385,0.05067645515758149,0.035365645492106655,0.17096767324841552
2025-11-07,风险平价策略,0.7,0.21,0.105,0.105,0.08009707775297878,0.42405354018693947,0.048600303638623825,0.08331661129207264,0.04276280440466885,0.024076663149902144,0.051021931461319905,0.03607106811349441,0.1729120817650761
2025-11-10,风险平价策略,0.7,0.21,0.105,0.105,0.0801050743394871,0.4240430489441572,0.04859894761860617,0.08331388393496571,0.042763215429439436,0.024078510338495708,0.05102308089798337,0.0360742384968654,0.17292086083884603
2025-11-11,风险平价策略,0.7,0.21,0.105,0.105,0.08072201086899956,0.4256907512047279,0.049061247270349016,0.0822206520330741,0.04122677968532222,0.024004007899900988,0.0507922160201307,0.03628233501749559,0.1732212604996543
2025-11-12,风险平价策略,0.7,0.21,0.105,0.105,0.08072893699492005,0.42571032634919365,0.04906389167052245,0.08223719762154627,0.04122541473442923,0.024003759618063742,0.050786509142107875,0.03624396386921671,0.17321994909486896
2025-11-13,风险平价策略,0.7,0.21,0.105,0.105,0.08098650016145963,0.41817872945634194,0.05063189870091975,0.08502582493694834,0.042888778309045264,0.022319371126473316,0.052610443414264296,0.037358453894547436,0.17427921998726387
2025-11-14,风险平价策略,0.7,0.21,0.105,0.105,0.07985499520610022,0.42569628146208593,0.0494432906871501,0.07770054917722746,0.04388258707119829,0.022828179701716432,0.053700309849563234,0.036893806844958285,0.1723167801246373
2025-11-17,风险平价策略,0.7,0.21,0.105,0.105,0.07135480566133998,0.4477844998119299,0.04933519440425327,0.07443927907802943,0.04521366927954465,0.023946626223391377,0.046224411476697175,0.031701514064814286,0.16198817551292993
2025-11-18,风险平价策略,0.7,0.21,0.105,0.105,0.0686815093054217,0.46001637770044385,0.04738450103011779,0.0656171122820922,0.04495143262158157,0.02474898429405524,0.0476923123742171,0.03090777039207069,0.15807777171608098
2025-11-19,风险平价策略,0.5,0.15,0.075,0.075,0.07458585254979513,0.49245473487460234,0.05143186379671456,0.07123728535720585,0.048821505135836336,0.026884058548625286,0.05102082463938534,0.033563875097835046,0.16045743162545364
2025-11-20,风险平价策略,0.5,0.15,0.075,0.075,0.0749001395921875,0.49419445878632606,0.05169092192437331,0.07073047713995535,0.04847812167518497,0.025911240129530732,0.05086902303127335,0.0332256177211687,0.1602914483943623
2025-11-21,风险平价策略,0.5,0.15,0.075,0.075,0.06315728478944783,0.5043098668987663,0.05303388555566468,0.06661559666074639,0.04922919680209297,0.025346936159620023,0.05448313284082384,0.033824100292837965,0.1489424869952787
2025-11-24,风险平价策略,0.5,0.15,0.075,0.075,0.06258136029008696,0.5046491626948983,0.053072554898343775,0.06670658344603408,0.04926654985451304,0.02536774238252646,0.05450632018002528,0.033849726253572014,0.14841898750463903
2025-11-25,风险平价策略,0.5,0.15,0.075,0.075,0.06364812797291235,0.4994315180503083,0.05395341288098921,0.06782877307916758,0.04937418631250809,0.025841150385087785,0.05550314081297688,0.03441969050604983,0.15013476712153057
2025-11-26,风险平价策略,0.5,0.15,0.075,0.075,0.06875101397988352,0.45778155425283434,0.06066679855442855,0.07614132526179634,0.05608479350688958,0.028434375224177036,0.06318367560699754,0.038956463612993125,0.16083995525525602
2025-11-27,风险平价策略,0.5,0.15,0.075,0.075,0.06885680571753318,0.45838926889861437,0.060786355625728865,0.07628470830048659,0.054860981694563445,0.028525503772445664,0.06330333569250582,0.038993040298122124,0.16084992068695136
2025-11-28,风险平价策略,0.5,0.15,0.075,0.075,0.0688063558210593,0.45856912316983567,0.06081129661233735,0.07631079005419536,0.05488297701066042,0.028536752147491788,0.06307444414174114,0.039008261042679085,0.16079397537633658
2025-12-01,风险平价策略,0.5,0.15,0.075,0.075,0.06881692466565938,0.45867252001250924,0.06082379897944738,0.07633770032501624,0.05489799918704795,0.028542180601855923,0.06289310397379283,0.039015772254671045,0.1607962549569793
2025-12-02,风险平价策略,0.5,0.15,0.075,0.075,0.06885101177115012,0.4567145176888903,0.060464050734703456,0.07746833789072838,0.055135940392812784,0.028670917080830482,0.06372335095037235,0.03897187349051206,0.1610820204269772
2025-12-03,风险平价策略,0.5,0.15,0.075,0.075,0.06781099466515256,0.45830742933630547,0.060715387191713995,0.07780941650039798,0.05447077224854635,0.02811273778195227,0.06387307714005819,0.038900185135873115,0.15988430822802777
2025-12-04,风险平价策略,0.5,0.15,0.075,0.075,0.0726398542439191,0.42141614644775593,0.0673237150632143,0.0864265445521487,0.05999706694769667,0.031457139980423376,0.06826741200716971,0.042472120757672295,0.1698080429914953
2025-12-05,风险平价策略,0.5,0.15,0.075,0.075,0.07153649516496274,0.42389052852546855,0.0677484947920924,0.08702370494409319,0.05799651622525744,0.03173363634972459,0.06739292912286565,0.04267769487553536,0.16862231707721723
2025-12-08,风险平价策略,0.5,0.15,0.075,0.075,0.07113796199457767,0.4281885019320019,0.06849104843877454,0.08630623114379501,0.058629965532656425,0.0320377340163732,0.06246911159646361,0.04273944534535754,0.16791743750612026
2025-12-09,风险平价策略,0.5,0.15,0.075,0.075,0.06987570905581779,0.4716208106708243,0.05459821863884866,0.05867480320534281,0.05654904887786676,0.029205533460932496,0.06429824585925961,0.045177630231107574,0.16075753026080866
2025-12-10,风险平价策略,0.5,0.15,0.075,0.075,0.06895634456524125,0.4733287582610392,0.054837650426466454,0.05894662755141677,0.05569581049576966,0.02908428702443395,0.06382071157865125,0.045329810096981456,0.15975934696270772
2025-12-11,风险平价策略,0.5,0.15,0.075,0.075,0.06861750129352363,0.4738261595200807,0.0549190202536035,0.058915865183358826,0.055796259071784135,0.02884899341677689,0.0636973915714566,0.0453788096894157,0.1593805065043373
2025-12-12,风险平价策略,0.5,0.15,0.075,0.075,0.07008581126549143,0.4687134314619707,0.056004274874766065,0.0600701850505489,0.05464312657656311,0.029197475478307193,0.0650478573243109,0.046237837968041776,0.16141090039437725
2025-12-15,风险平价策略,0.5,0.15,0.075,0.075,0.07440117763734855,0.46232593441361103,0.051521570948985566,0.05790110106335016,0.05795912970781411,0.030644242693448308,0.06611199776618878,0.049134845769253394,0.1664784797568899
2025-12-16,风险平价策略,0.5,0.15,0.075,0.075,0.07234430894126025,0.4691811916884591,0.05052321622035931,0.05781692506282212,0.05663598452769635,0.02945343308395326,0.06740230052126925,0.04664263995418035,0.16328371555028967
2025-12-17,风险平价策略,0.5,0.15,0.075,0.075,0.07252994235895836,0.47016576006795885,0.0506327759702243,0.05794492143923903,0.05679981909054327,0.02914145790355509,0.06605436866245062,0.04673095450707043,0.16330948890879976
2025-12-18,风险平价策略,0.5,0.15,0.075,0.075,0.07256970772803685,0.47037200122234507,0.050525102808867864,0.05798880041484715,0.05682608481691025,0.02915500162941177,0.06580947115134772,0.04675383022823323,0.1633275709282569
2025-12-19,风险平价策略,0.5,0.15,0.075,0.075,0.07264707145951323,0.47079089218049675,0.050573309444405114,0.05804274295784583,0.05689764083344151,0.02899841335866318,0.06530070674975559,0.046749223015878714,0.16332637768675734
2025-12-22,风险平价策略,0.5,0.15,0.075,0.075,0.07203276049491171,0.4622232346894049,0.05202759881613937,0.059731936568674794,0.058619409322341325,0.029885251405271457,0.06732355684637459,0.04815625185688187,0.1642342599681576
2025-12-23,风险平价策略,0.7,0.21,0.105,0.105,0.06697308016835743,0.42969598254771874,0.04818344421541115,0.05548301403551545,0.054503811074696415,0.02778763260658459,0.06259420917370483,0.0447788261780115,0.16253512189142896
2025-12-24,风险平价策略,0.7,0.21,0.105,0.105,0.06703143885014101,0.4300695785451905,0.048220448324310695,0.055528310183784055,0.05454936618321291,0.027812202705152493,0.06197532217181672,0.044813333036391706,0.1625608019243868
2025-12-25,风险平价策略,0.7,0.21,0.105,0.105,0.06740554566305992,0.42934918741955586,0.04850132958131954,0.05540033324272962,0.0548302302427028,0.02776409697761644,0.06228497407149077,0.04446430280152509,0.16291624298821425
2025-12-26,风险平价策略,0.7,0.21,0.105,0.105,0.06720729010701526,0.4294827949826915,0.048517044559999015,0.0554174997357301,0.05485261722026853,0.027742482921119964,0.062301728014279786,0.044478542458895834,0.16272964306145046
2025-12-29,风险平价策略,0.7,0.21,0.105,0.105,0.08263393644202602,0.3893905273335821,0.058699323050221686,0.0669768548285341,0.04482405436414916,0.030243300782557447,0.06910092685694025,0.04813107634198929,0.18163465544544946
2025-12-30,风险平价策略,0.7,0.21,0.105,0.105,0.08352619341298798,0.39037286096615537,0.056992942596151216,0.06839740585620453,0.04555258266248263,0.03075631696957883,0.07024253828202104,0.04415915925441847,0.18183002574030596
2025-12-31,风险平价策略,1.0,0.3,0.15,0.15,0.07608508699274923,0.3450435742175099,0.05182739392670411,0.06217022524727389,0.04014458261713807,0.02711306398223072,0.05894365029245034,0.038672422723943715,0.17894250783597354
2026-01-05,风险平价策略,1.0,0.3,0.15,0.15,0.07514050444724314,0.34773216210225655,0.052172132838313234,0.06266200365755815,0.03845309491341728,0.025495929643975568,0.05943627645505163,0.038907895942184294,0.1775239207634604
2026-01-06,风险平价策略,1.0,0.3,0.15,0.15,0.07584571912428624,0.34446244757020084,0.0526261842151304,0.0631948398888039,0.03884809782116363,0.025733022661752952,0.06001600049738218,0.03927368822127977,0.17862610081814753
2026-01-07,风险平价策略,1.0,0.3,0.15,0.15,0.07619715288326527,0.3423645397322548,0.04644553810864641,0.06754261307785227,0.041088437709069815,0.02365262560816287,0.06304901555697422,0.039660077323774225,0.17884943884462887
2026-01-08,风险平价策略,1.0,0.3,0.15,0.15,0.07191684126030133,0.3728049737461389,0.03976969797590839,0.047858423261794444,0.03885204505001325,0.02667028932343018,0.058224352542550796,0.04390337683986273,0.17225891658968034
2026-01-09,风险平价策略,1.0,0.3,0.15,0.15,0.07193843247213912,0.3727034223538663,0.03978354601256456,0.04787466423437498,0.03886679341996191,0.02667934823773217,0.05823746891565478,0.0439163243537061,0.17229351976603674
2026-01-12,风险平价策略,1.0,0.3,0.15,0.15,0.07194312611353566,0.3727121260096257,0.03978043524308006,0.04787150566799845,0.03886311008190305,0.02667847737494349,0.0582380159757348,0.04391320353317876,0.1722957203495899
2026-01-13,风险平价策略,1.0,0.3,0.15,0.15,0.0734872699035194,0.3770081889898161,0.037647517350752946,0.04570674232088691,0.03948681963099913,0.02711251794604247,0.054881151860932585,0.04466979199705038,0.17328001275682597
2026-01-14,风险平价策略,1.0,0.3,0.15,0.15,0.07030166452172561,0.3797574162301019,0.03793137773259974,0.04612416759174037,0.03916443674901096,0.027344672405426047,0.0544011201253689,0.04497514464402634,0.17031792271306612
2026-01-15,风险平价策略,1.0,0.3,0.15,0.15,0.06995085024853642,0.3874307776901719,0.03591104892623769,0.04432591682924759,0.0366225158060633,0.027684285049333877,0.05385851851594975,0.04421608693445927,0.16894144486320803
2026-01-16,风险平价策略,1.0,0.3,0.15,0.15,0.06411000749631851,0.4027937175270001,0.032259230667684186,0.038921807509137554,0.0367586798826989,0.025961736501076253,0.053722910578200916,0.0454719098378835,0.1618416609329617
2026-01-19,风险平价策略,1.0,0.3,0.15,0.15,0.06415740846083164,0.4026162552119587,0.03228029165876536,0.038946468325348794,0.03678968208848947,0.025948298139948266,0.053756908545447166,0.04550468756921062,0.16190650842870263
2026-01-20,风险平价策略,1.0,0.3,0.15,0.15,0.06419544287236069,0.4026702508538472,0.032309397245615115,0.038763407073429595,0.03680750686766594,0.025945791379965284,0.0537878400441208,0.04552036366299532,0.16193189827522053
2026-01-21,风险平价策略,1.0,0.3,0.15,0.15,0.06242725604227669,0.40412944159526265,0.032466473301508224,0.038976424860617545,0.03696758701618307,0.026061531975406844,0.0532780427260528,0.04569324248269215,0.16030578926252037
2026-01-22,风险平价策略,1.0,0.3,0.15,0.15,0.06300618666488042,0.4028360860978068,0.032345656867744814,0.038891384547391876,0.03730984500859622,0.02630148569661611,0.053774876329734066,0.04553447878722968,0.1609745525014157
2026-01-23,风险平价策略,1.0,0.3,0.15,0.15,0.06225409081679739,0.4044016535527726,0.03250511406389548,0.039089692348324635,0.03750483587722708,0.025874248834693886,0.052662680863527725,0.04570768364276121,0.16011918284003432
2026-01-26,风险平价策略,1.0,0.3,0.15,0.15,0.062320555771617284,0.4042901261161907,0.03253947674481041,0.03900347347347466,0.03748236383219132,0.025900742282146838,0.052715694595812206,0.045747567183756534,0.1601972794501146
2026-01-27,风险平价策略,1.0,0.3,0.15,0.15,0.05842910460805904,0.4145022160979439,0.03327403186912496,0.03995414048420642,0.030235017959124748,0.02366179815257022,0.053361325769784605,0.04658236505918606,0.15519993061555845
2026-01-28,风险平价策略,1.0,0.3,0.15,0.15,0.05843121815046037,0.4144982431316025,0.033273747150326695,0.03995490539210852,0.03023595248879701,0.023661548419861296,0.053364690320569584,0.04657969494627402,0.15520179037962195
2026-01-29,风险平价策略,1.0,0.3,0.15,0.15,0.05847037231919508,0.41465393610922235,0.033293054952518955,0.03987010442923457,0.030048602918233632,0.023682237456516157,0.05338719141854199,0.0465945003965372,0.15521619970063197
2026-01-30,风险平价策略,1.0,0.3,0.15,0.15,0.06804294171997069,0.4648187949809525,0.020711129857953627,0.02521562002431149,0.028915661835293708,0.026464396799613127,0.04659085431490215,0.01924060046700266,0.15384014025523107
2026-02-02,风险平价策略,1.0,0.3,0.15,0.15,0.058419264840111,0.5026720965256722,0.016926762460337183,0.016263542755867586,0.02323431245504573,0.018979074442903015,0.054377736170462945,0.009127210349600236,0.13794437762698056
2026-02-03,风险平价策略,1.0,0.3,0.15,0.15,0.05792453554599487,0.504086766952875,0.016988566442439842,0.016320075998120447,0.02331058569037305,0.019037711261216922,0.05317913754932497,0.009152620559654875,0.13738697631937483
2026-02-04,风险平价策略,1.0,0.3,0.15,0.15,0.05798287244523028,0.5039573394561939,0.017005009634982658,0.016335050791631826,0.023333414811882457,0.01905594383735553,0.05316908859034438,0.009161280432379005,0.13745793818367813
2026-02-05,风险平价策略,1.0,0.3,0.15,0.15,0.058682457134380216,0.5055335532301295,0.01556694711133492,0.015657370507607325,0.02243924034084006,0.019339989971172658,0.05385237625098345,0.0089280654535519,0.13782082167250465
2026-02-06,风险平价策略,1.0,0.3,0.15,0.15,0.058364774139200735,0.5058317320048542,0.015492588694993438,0.015653046062449074,0.022473528951930735,0.019369704392652464,0.05392510822763988,0.008889517526279417,0.13751200330494134
2026-02-09,风险平价策略,1.0,0.3,0.15,0.15,0.05841222943942153,0.5060868792779634,0.015501133788966611,0.015662367494148812,0.022491488400545465,0.019217124059608227,0.053733958965204665,0.008894818574141313,0.13749955822007262
2026-02-10,风险平价策略,1.0,0.3,0.15,0.15,0.05842153695121585,0.5060668316102929,0.015496248100213135,0.01566249200026267,0.022496314539678947,0.019220798683213015,0.053743096505742424,0.008892681609381076,0.13751018860429612
2026-02-11,风险平价策略,1.0,0.3,0.15,0.15,0.058426645436789104,0.5060552363778333,0.015497151575572809,0.015663283944523036,0.022497092268701457,0.01922134514248788,0.05374635433662308,0.008892890917469308,0.13751606768137806
2026-02-12,风险平价策略,1.0,0.3,0.15,0.15,0.05615896895645735,0.5079823541453473,0.01557166273142156,0.015708648465389972,0.022286788276092484,0.019351069854216123,0.054031116234957655,0.008909391336117572,0.13536314864652318
2026-02-13,风险平价策略,1.0,0.3,0.15,0.15,0.054299661907285475,0.5048044822375346,0.01561265822965406,0.01582297627509844,0.023850593613255498,0.017931148569804614,0.058315922713185954,0.009362556454181405,0.13394462970046012
2026-02-24,风险平价策略,1.0,0.3,0.15,0.15,0.054394931880865804,0.5054219148165274,0.015642213844998993,0.01585048891288794,0.023892110930876887,0.017958747882038797,0.05746222533720137,0.009377366394602687,0.13397352225736733
2026-02-25,风险平价策略,1.0,0.3,0.15,0.15,0.055862860171376295,0.4989269218341583,0.016280532331704133,0.016499469704822786,0.024408882419803667,0.018361195559216722,0.059895279265937636,0.009764858712980315,0.1361264728775969
2026-02-26,风险平价策略,1.0,0.3,0.15,0.15,0.057545023093353055,0.4934245832897321,0.016752631323195214,0.01705011161545811,0.024610883453262473,0.018656182218716604,0.06191211164928707,0.010048473356995435,0.13830505209719088
2026-02-27,风险平价策略,1.0,0.3,0.15,0.15,0.05754453066122815,0.493437310661079,0.01675334688451933,0.017049287390605725,0.024604793499897668,0.01865729666465245,0.06190460475756636,0.01004882948045137,0.13830330561245655
2026-03-02,风险平价策略,0.7,0.21,0.105,0.105,0.06495852069857734,0.5570025265985696,0.01890800199248644,0.01924659362312407,0.02777336405271224,0.02106040041421121,0.06970713085907626,0.011343461761242778,0.13808721548837583
2026-03-03,风险平价策略,0.7,0.21,0.105,0.105,0.06572624733734914,0.5555430818567416,0.018627769272916348,0.018730199610262187,0.028132827508324007,0.02132492410510667,0.07055160432246212,0.011363345986838002,0.1389521012333602
2026-03-04,风险平价策略,0.7,0.21,0.105,0.105,0.060277815195408584,0.5606736222116305,0.01868438930183747,0.01899982753902936,0.02852024944490768,0.021646016222035876,0.07008082246383217,0.011117257621318407,0.13372263709619117
2026-03-05,风险平价策略,0.7,0.21,0.105,0.105,0.06030221680096257,0.560580057036372,0.01866238707363821,0.019010564749950738,0.028538896409326355,0.021659294647397492,0.07012512838499604,0.011121454897356489,0.1337572512567081
2026-03-06,风险平价策略,0.7,0.21,0.105,0.105,0.06035181207514412,0.560427256059767,0.018678941848848246,0.01899497625482883,0.02856489093425709,0.021679285807061483,0.07019904624811488,0.01110379077197847,0.13381866071871892
2026-03-09,风险平价策略,0.7,0.21,0.105,0.105,0.06473473223154647,0.543005615447019,0.01971537472322457,0.02045686536390715,0.03089676163718549,0.023472289975554242,0.07576807786455425,0.011950282757008879,0.14009694259651645
2026-03-10,风险平价策略,0.7,0.21,0.105,0.105,0.06662584920236747,0.5590063406828134,0.020580265421286156,0.021208661749908504,0.02832194188313735,0.012904789756988963,0.0688425554576815,0.012509595845816731,0.13808371795552604
2026-03-11,风险平价策略,0.7,0.21,0.105,0.105,0.06693130517393671,0.5580343583380352,0.020617087620376683,0.021304298092400125,0.028458365457532588,0.012928944311790085,0.06915913251677797,0.01256650848915073,0.1384740797581286
2026-03-12,风险平价策略,1.0,0.3,0.15,0.15,0.05935670324100889,0.4949294881658788,0.01826693215665701,0.018894289780826783,0.025236119460678125,0.011465687302223592,0.06072564462067623,0.011125135272050609,0.13864426787704218
2026-03-13,风险平价策略,1.0,0.3,0.15,0.15,0.061357313098459806,0.48980144115852,0.01860908852097872,0.019066677198984458,0.025326354058312597,0.011837288581185351,0.06271038387674326,0.01129145350681573,0.1410378410643944
2026-03-16,风险平价策略,1.0,0.3,0.15,0.15,0.06573709213619554,0.4873962272295265,0.01951280676448932,0.020421095448285936,0.027135035833141974,0.012671733955389957,0.05540120683954728,0.01172480179342347,0.1454644345196364
2026-03-17,风险平价策略,1.0,0.3,0.15,0.15,0.0658736737399288,0.4879439586583105,0.01945718275533641,0.02025558089944642,0.026727163487599175,0.012580812392571302,0.055425065966783545,0.011736562100023808,0.14548728861335503
2026-03-18,风险平价策略,0.7,0.21,0.105,0.105,0.07128505015409448,0.5626986559855541,0.021802294479633656,0.022672583415174297,0.027845010510309604,0.013447815755552846,0.056692543626122686,0.013556046073558354,0.14207117341742445
2026-03-19,风险平价策略,0.7,0.21,0.105,0.105,0.07038680193473978,0.5673983633974437,0.019010834006246476,0.021142625181480235,0.02844156167828626,0.013557802588792151,0.05756402337347034,0.01249798783954106,0.14055263643705695
2026-03-20,风险平价策略,0.7,0.21,0.105,0.105,0.07149391245512456,0.5652119448072206,0.020555035420154393,0.022099015617586096,0.026066300745321153,0.012793194401302228,0.05915958150721282,0.012621015046078194,0.14159858238530443
2026-03-23,风险平价策略,0.5,0.15,0.075,0.075,0.050873693716312715,0.6196643531914517,0.022937776400510746,0.025856994726683454,0.03481342788059297,0.016599448808400634,0.06769154527551023,0.011562760000537483,0.11844004597080592
2026-03-24,风险平价策略,0.5,0.15,0.075,0.075,0.05223789245222534,0.6411652617436917,0.023462518284900064,0.026823246639803896,0.024452379548010324,0.012517150041672453,0.05751009561055201,0.011831455679144167,0.11626425893979934
2026-03-25,风险平价策略,0.7,0.21,0.105,0.105,0.04883444881748051,0.5973655057369603,0.021924903445145735,0.025078446518609295,0.022365278521296564,0.011567490639113848,0.05180800694413008,0.011055919377263782,0.11802351513661294
2026-03-26,风险平价策略,0.7,0.21,0.105,0.105,0.04867757943752707,0.5976722033651575,0.021915323144668514,0.02497756652848828,0.022370256848150662,0.011567436599074088,0.05183121722554924,0.01098841685138459,0.11784158520295951
2026-03-27,风险平价策略,0.5,0.15,0.075,0.075,0.052341699759425195,0.6432495043219658,0.02361838370884939,0.026917026713041296,0.024114901196307253,0.012469703493819718,0.05544528013964163,0.011843500666949612,0.1161225079612707
2026-03-30,风险平价策略,0.5,0.15,0.075,0.075,0.05234996446154593,0.6434140749174536,0.02359467059018468,0.02692967972897183,0.02388166798812527,0.012488624361239374,0.05549483139789927,0.011846486554580028,0.11610680005613452
2026-03-31,风险平价策略,0.5,0.15,0.075,0.075,0.0524940644925637,0.6452542786885659,0.02345329714127222,0.027023428943046556,0.02354310032320668,0.012249164860656166,0.05410530995193592,0.011877355598752833,0.11598310730502642
2026-04-01,风险平价策略,0.5,0.15,0.075,0.075,0.06429310382470409,0.6187668144702357,0.028968281295343845,0.031210529007667364,0.02318916365295719,0.011312408254110382,0.05759734728675916,0.014662352208222094,0.1295461260628407
2026-04-02,风险平价策略,0.5,0.15,0.075,0.075,0.06453214660164079,0.6191167643446637,0.02862192125474451,0.03135402980283361,0.023224346432509573,0.01132457074420849,0.05739003766541967,0.014436183153979787,0.12968105559076212
2026-04-03,风险平价策略,0.5,0.15,0.075,0.075,0.062504439592558,0.6215180945609354,0.028751587150885143,0.03134295447459224,0.023297634945929038,0.011360338543056627,0.05670143484411289,0.014523515887930601,0.12769119586959907
2026-04-07,风险平价策略,0.5,0.15,0.075,0.075,0.06130047410013667,0.6228771624561225,0.028796324497407155,0.03133758268522736,0.02295492241637945,0.011288509059390547,0.05688636546224009,0.014558659323096369,0.12648014014110892
2026-04-08,风险平价策略,0.5,0.15,0.075,0.075,0.06087875637276982,0.6283480562558519,0.028537837992289292,0.031329967441502155,0.018730584595277818,0.009611658540508376,0.05814697415879907,0.014416164643001567,0.12502186950341698
2026-04-09,风险平价策略,0.5,0.15,0.075,0.075,0.060289360104627834,0.6279318114178687,0.028769957477678652,0.031103971786151242,0.01893869617444221,0.009713210208047203,0.05889739910766956,0.01435559372351473,0.12457151781509879
2026-04-10,风险平价策略,0.5,0.15,0.075,0.075,0.06035051105906477,0.6272434097338675,0.028952622541760304,0.03132129539687249,0.0184518159130942,0.009809938602321475,0.05942061695023555,0.014449789802783712,0.12472203357887165
2026-04-13,风险平价策略,0.5,0.15,0.075,0.075,0.06002681911651479,0.627551325413394,0.02896887700382283,0.031339753582453965,0.01841714660879606,0.009814343931435442,0.05944643217840969,0.01443530216517328,0.12440640891665038
2026-04-14,风险平价策略,0.5,0.15,0.075,0.075,0.06002107963952153,0.6275805359579715,0.028970321625916513,0.031341571082919094,0.018420904173246152,0.009805630293054448,0.05942400786793645,0.014435949359434442,0.12439703811858717
2026-04-15,风险平价策略,0.7,0.21,0.105,0.105,0.05577757381666728,0.5833396969676459,0.02692128000299094,0.02910584153347424,0.017137869704367342,0.00905240271319181,0.05525070135895587,0.013414633902706714,0.12547430107407884
2026-04-16,风险平价策略,0.7,0.21,0.105,0.105,0.055808959426273175,0.5832202642397919,0.026936512237722136,0.02912246657089955,0.017147834167805624,0.009057529428858428,0.05528432635302011,0.01342210757562911,0.12551759641447785
2026-04-17,风险平价策略,0.7,0.21,0.105,0.105,0.05505109673054874,0.5866222674418795,0.026875243557756428,0.02896069152709824,0.017238007650232003,0.00910925551842517,0.05274009976758613,0.013403337806473787,0.12450497365220684
2026-04-20,风险平价策略,0.7,0.21,0.105,0.105,0.05545318523567726,0.586422447810877,0.02713413290483041,0.028111962921391908,0.01712278116092321,0.009018358422938959,0.05321654491909644,0.01352058662426485,0.12485378435011886
2026-04-21,风险平价策略,0.7,0.21,0.105,0.105,0.05550157969093474,0.5866766739473154,0.027046061551392206,0.027872109298748456,0.017131736479435798,0.009006672138686382,0.053245522071852146,0.013519644821634858,0.1248573525809224
2026-04-22,风险平价策略,0.7,0.21,0.105,0.105,0.05526973876559504,0.5868779830808594,0.027053089008836313,0.027879117427624743,0.017132734811861984,0.009006706037370749,0.05325609899175903,0.013524531876092802,0.12463571401666013
2026-04-23,风险平价策略,0.7,0.21,0.105,0.105,0.05755936126497847,0.5823548044462438,0.02814992306702333,0.028651893201028684,0.01782546257281394,0.009377971088398697,0.052252159732382904,0.013828424627130315,0.12730254102549513
2026-04-24,风险平价策略,0.7,0.21,0.105,0.105,0.058153857350204084,0.5817849351870765,0.02825911742324172,0.02868426538917822,0.0176406504008117,0.009495780464520645,0.052125449619682226,0.013855944165284944,0.12790295511349126
2026-04-27,风险平价策略,1.0,0.3,0.15,0.15,0.05399449403587087,0.49923441035091254,0.027586428519705063,0.02797066789323911,0.017219787869670083,0.009267063839829419,0.05114621620121702,0.013580931289555818,0.13370898295453792
2026-04-28,风险平价策略,1.0,0.3,0.15,0.15,0.054134277753157226,0.49967174960658334,0.02745936309833123,0.027588302389756972,0.01723103380981496,0.00927014471971453,0.05120789695065244,0.013437231671989186,0.1337488715011349
2026-04-29,风险平价策略,1.0,0.3,0.15,0.15,0.05418731071492077,0.49990024268935507,0.02726781255531217,0.027637164913714787,0.01712128075342024,0.009265234324610851,0.051255857112666864,0.013365096935999141,0.13375059445588233
2026-04-30,风险平价策略,1.0,0.3,0.15,0.15,0.053715619558006404,0.49858323416388,0.027397445991780615,0.027629996522122592,0.017404101338165934,0.009414842129449664,0.052195884879329614,0.01365887541726515,0.1335659880743871
2026-05-06,风险平价策略,1.0,0.3,0.15,0.15,0.05372895896546096,0.49660635890830845,0.02799391443892417,0.028256081263514202,0.01788985841263282,0.009331883081692367,0.0522217169965304,0.01397122793293663,0.13387236279761916
2026-05-07,风险平价策略,1.0,0.3,0.15,0.15,0.051773574620477346,0.504984096068651,0.02841393152122847,0.02627983167817341,0.015721630893151577,0.008671677270971026,0.049982520837713956,0.014172737109633163,0.13106288721224452
2026-05-08,风险平价策略,1.0,0.3,0.15,0.15,0.05168714763799683,0.5052296383497002,0.02841940816099367,0.026301285566286962,0.015491417758391501,0.008686417039392012,0.05003430729637026,0.014150378190868566,0.13095295990660757
2026-05-11,风险平价策略,1.0,0.3,0.15,0.15,0.051696977938488216,0.505240317854181,0.02842808173758086,0.02630595840643057,0.015491034478866612,0.008686092904829678,0.0500370155053897,0.014114521174233213,0.13095533584332336
2026-05-12,风险平价策略,1.0,0.3,0.15,0.15,0.051593938997052106,0.5054439795381852,0.028437971249217757,0.026314754399461713,0.015473170807048058,0.008690798004073018,0.04992611011412143,0.01411927689084075,0.1308457608320682
2026-05-13,风险平价策略,1.0,0.3,0.15,0.15,0.05157828572124708,0.5056190807961306,0.02842339448725664,0.026315594780076435,0.015340785135850191,0.008654290607988906,0.04995497089966628,0.014113597571783796,0.1308002610286307
2026-05-14,风险平价策略,1.0,0.3,0.15,0.15,0.05280013282131703,0.5067600896547095,0.027003863852643615,0.026142121813792912,0.015354808485242623,0.008637982308880576,0.04869992035705606,0.014601080706357641,0.13176625679484508
2026-05-15,风险平价策略,1.0,0.3,0.15,0.15,0.04954618727475665,0.5206955667585397,0.0247637199950794,0.02503211296937489,0.015692599084842038,0.008824997070552872,0.04149468053728565,0.013950136309568721,0.12732299726155927
2026-05-18,风险平价策略,0.5,0.15,0.075,0.075,0.05921490745598268,0.633286334097188,0.029974072594152957,0.030337046021835963,0.01906806077727228,0.010721115554995178,0.05047355401837486,0.016924909480198022,0.12366970877354953
2026-05-19,风险平价策略,0.5,0.15,0.075,0.075,0.05921790581834117,0.6333490610529863,0.02997340618710433,0.03034229681930549,0.018977986435487284,0.010729950425854977,0.05048593478810047,0.01692345847281999,0.12366372655084049
2026-05-20,风险平价策略,0.5,0.15,0.075,0.075,0.0580934520380082,0.6359766455558375,0.0296584287929686,0.030527584199646112,0.01887412807958015,0.010600895273375216,0.04968805241125718,0.016580813649327057,0.1223255931520062
2026-05-21,风险平价策略,0.5,0.15,0.075,0.075,0.06159621506718916,0.6250773461935725,0.032094171249972346,0.0319170497896109,0.020494020813411704,0.011103694440093941,0.04978342145942805,0.01793408098672141,0.12699549731347948
2026-05-22,风险平价策略,0.5,0.15,0.075,0.075,0.060994064918669384,0.622671422303979,0.03303008574661628,0.03297808745430615,0.01931932239175198,0.011249059639696602,0.051278647690595015,0.018479309854385575,0.12684657303872252
2026-05-25,风险平价策略,0.5,0.15,0.075,0.075,0.06005234832627077,0.6263090139846637,0.03308703246464322,0.0329057780642776,0.018554619551606092,0.010666626352916153,0.049921212086001455,0.018503369169621028,0.12550723005589498
2026-05-26,风险平价策略,0.5,0.15,0.075,0.075,0.06010785724775821,0.6265541260752211,0.032845010150663254,0.032955527783323404,0.01856719025055351,0.010630380052268388,0.04989789943093632,0.018442009009275735,0.12550842987701552
2026-05-27,风险平价策略,0.5,0.15,0.075,0.075,0.059104361872721584,0.6278015273175004,0.0327894775472028,0.03281885854115884,0.01859362866290796,0.010609705647890717,0.050019984248501785,0.018262456162115963,0.12446884218751404
2026-05-28,风险平价策略,0.5,0.15,0.075,0.075,0.05776508967868822,0.6302292396156313,0.032591020788097544,0.032200162536834255,0.01863907140614189,0.010605698317517611,0.05028401901017787,0.017685698646911434,0.12293879369417618
2026-05-29,风险平价策略,0.5,0.15,0.075,0.075,0.0577751150577311,0.6306322658581442,0.03258215623369818,0.03217869668238506,0.01847898767946724,0.01045899543083126,0.050215659371190845,0.017678123686552052,0.12286887496462284
2026-06-01,风险平价策略,0.5,0.15,0.075,0.075,0.05778755222069046,0.6306920417436563,0.03252867331137869,0.03218924747777884,0.018478168750016448,0.010458185792594278,0.05021838119310407,0.017647749510780728,0.12286738814980218
2026-06-02,风险平价策略,0.5,0.15,0.075,0.075,0.05782266059641691,0.6311011766898003,0.03254717407793733,0.032207860454195714,0.018488404750500113,0.010467101858109019,0.04971066492728355,0.01765495664575702,0.12285927124234194
2026-06-03,风险平价策略,0.5,0.15,0.075,0.075,0.05751034312892826,0.6247306562272078,0.03428252899241778,0.03211715430534651,0.019491517097298277,0.011032787669939962,0.05271712380093377,0.0181178887779275,0.12352284377511333
2026-06-04,风险平价策略,0.3,0.09,0.045,0.045,0.05396479546972831,0.6856316394406576,0.03455072895453129,0.03333914151667848,0.019386230815907016,0.01181602807150321,0.05121803989552216,0.020093395835471893,0.11392924997307355
2026-06-05,风险平价策略,0.3,0.09,0.045,0.045,0.055498476703043254,0.6818309148298505,0.03547806969701041,0.03418594652817719,0.019946189883663427,0.011963261035728858,0.05063819539933512,0.020458945923191384,0.1158210582418827
2026-06-08,风险平价策略,0.3,0.09,0.045,0.045,0.060924332206297255,0.6689036307407316,0.0367172130790432,0.03578461515550333,0.021544362973518697,0.01294440099875224,0.05310973857489596,0.020071706271257764,0.12217630928813053
2026-06-09,风险平价策略,0.3,0.09,0.045,0.045,0.06545090388598644,0.6545243882023141,0.03948321548723127,0.038737861182550216,0.021104033429422523,0.012824522571673632,0.05629449120338902,0.021580584037432713,0.12798176615106846
2026-06-10,风险平价策略,0.3,0.09,0.045,0.045,0.07235287756095882,0.633593464476508,0.04242144702089135,0.04081889184874724,0.02316755000868655,0.013713599196710361,0.0621119539050441,0.021820215982453674,0.1366222181191805
2026-06-11,风险平价策略,0.3,0.09,0.045,0.045,0.07043080051758142,0.6305193793046868,0.04237257541426004,0.042688746334136385,0.023927799806687158,0.014153592941767849,0.06453039940560008,0.021376706275280315,0.13537490186825105
2026-06-12,风险平价策略,0.3,0.09,0.045,0.045,0.07039366296219389,0.6308349208940126,0.04233349527659337,0.04268194285015577,0.02400837458864389,0.013797466984675107,0.0645940082982311,0.021356128145494282,0.135240556159498
2026-06-15,风险平价策略,0.3,0.09,0.045,0.045,0.06460525373174056,0.6393706105601357,0.04260548511446488,0.04319538306498519,0.019771260225804325,0.012988185239688213,0.0660361810662689,0.021427640996912186,0.1290194344372933
2026-06-16,风险平价策略,0.7,0.21,0.105,0.105,0.05099630891255224,0.562425306979336,0.035841366811678675,0.035249402939580246,0.016756426355995648,0.011328446042168271,0.05835160758178283,0.01905113437690611,0.12522518657241566
2026-06-17,风险平价策略,0.7,0.21,0.105,0.105,0.05039686184943788,0.5631042068449027,0.035858145928358086,0.03528745876830912,0.016717367322273195,0.01111872702002804,0.05846132180167156,0.01905591046501941,0.12459333562764537
2026-06-18,风险平价策略,0.7,0.21,0.105,0.105,0.04426511933483418,0.5700207776578105,0.035467918347158386,0.03597344332430596,0.016981010337379254,0.011181997092663503,0.05698719361457092,0.019122540291277572,0.11857391392217248
2026-06-22,风险平价策略,0.7,0.21,0.105,0.105,0.044227797058922276,0.5711722587443153,0.03558486875546313,0.03607226674503682,0.016770946413274264,0.011179732721174555,0.05643084997151929,0.01856127959029437,0.11833398935022257
2026-06-23,风险平价策略,0.7,0.21,0.105,0.105,0.04891820585807833,0.5621553456753028,0.03560489974309365,0.032363736437102684,0.018100420196402525,0.01133085958255795,0.06247581647385593,0.0190507160336061,0.12340607441961027
2026-06-24,风险平价策略,0.7,0.21,0.105,0.105,0.0453096120687582,0.5653762020879314,0.03589074898756139,0.032271832391266034,0.017683220095219415,0.011292437402481056,0.06306908768707802,0.01910685927970448,0.11991865952418751
2026-06-25,风险平价策略,0.7,0.21,0.105,0.105,0.040843753896563945,0.5839357968533804,0.03008058218942412,0.027012435901869348,0.015241375485370173,0.010156535480052135,0.06541814956460405,0.017311370628735914,0.11316970011807961
2026-06-26,风险平价策略,0.7,0.21,0.105,0.105,0.04072761569037226,0.5840156004391993,0.030086763046377304,0.02702036219645162,0.01524455439902243,0.010158262393657434,0.06543238709168493,0.017314454743234824,0.11306162160403387
2026-06-29,风险平价策略,0.7,0.21,0.105,0.105,0.04073891087394073,0.5841597203526949,0.03009258456470007,0.027023941627834083,0.015249767770556179,0.01014859099733698,0.06526926664919148,0.017317217163745614,0.11305538318394961
2026-06-30,风险平价策略,0.7,0.21,0.105,0.105,0.0383064332168294,0.577737286974102,0.03445271931703025,0.0264139076517104,0.017113370595658844,0.011233679409731702,0.0656769794003978,0.01906562343453966,0.11226895800227943
2026-07-01,风险平价策略,0.7,0.21,0.105,0.105,0.04503301442772662,0.5474400196516749,0.03704206173712881,0.029888080981353763,0.018981977155631206,0.012688479878992664,0.077383407090798,0.021542959076694054,0.12220695889498874
2026-07-02,风险平价策略,0.7,0.21,0.105,0.105,0.045089607256583016,0.5479479169200152,0.03706571466277481,0.02991868297540602,0.018545550174033535,0.012393746182130077,0.07750165343269813,0.021537128396359254,0.122130162006791
2026-07-03,风险平价策略,0.7,0.21,0.105,0.105,0.045342961189986576,0.5476647942376704,0.0372625342544309,0.030079780939986218,0.018642251641161806,0.012463606943940417,0.07688968522630159,0.02165438556652205,0.1224257755161389
2026-07-06,风险平价策略,0.7,0.21,0.105,0.105,0.045340376491766844,0.5476914079322721,0.037261177768564344,0.030084063047626543,0.018643330604849975,0.012452859003752191,0.07689389004636435,0.021632895104803603,0.12241559764006177
2026-07-07,风险平价策略,0.7,0.21,0.105,0.105,0.044960223510201465,0.5478753730704569,0.03731245675217421,0.03013040091265981,0.01866616854090688,0.012464621584075346,0.07699252034558542,0.021598235283940004,0.12206642614662391
2026-07-08,风险平价策略,0.7,0.21,0.105,0.105,0.04496453199494703,0.5478715968411815,0.03730894328445231,0.030130980449252776,0.018665708080743863,0.012464809459182819,0.07699788602154316,0.02159554386869674,0.12207009658007004
