observation_date,variant,label,objective_family,stage_order,solver_success,status,iterations,runtime_ms,rc_max_error,rc_pass,weight_sum_error,min_weight,distance_from_equal
2014-01-30,v0_02_raw_slsqp,v0.02 原始SLSQP,原始RC平方差,1,True,Optimization terminated successfully,1,0.849400064907968,0.08904644103380172,False,0.0,0.1111111111111111,0.0
2014-01-30,v0_03_scaled_slsqp,v0.03 目标放大,目标乘1e9,2,True,Optimization terminated successfully,24,6.965799955651164,3.379475511933183e-08,True,0.0,0.05259133829378418,0.20294059499036265
2014-01-30,v0_04_relative_slsqp,v0.04 相对误差,无量纲相对RC误差,3,True,Optimization terminated successfully,18,5.053299944847822,4.568250693004483e-08,True,0.0,0.05259133879955172,0.20294061912180084
2014-01-30,v0_05_convex_lbfgsb,v0.05 凸重构,对数障碍凸目标,4,True,CONVERGENCE: NORM OF PROJECTED GRADIENT <= PGTOL,14,1.881800009869039,1.9225230826896977e-06,False,0.0,0.052591226538439347,0.20293784943938914
2014-01-30,course_newton,当前阻尼牛顿法,解析Hessian与线搜索,5,True,gradient tolerance satisfied,7,0.3568000392988324,1.2692208395392868e-12,True,1.1102230246251565e-16,0.052591350243294074,0.20294053439849574
2014-02-28,v0_02_raw_slsqp,v0.02 原始SLSQP,原始RC平方差,1,True,Optimization terminated successfully,1,0.408399966545403,0.10750054005937679,False,0.0,0.1111111111111111,0.0
2014-02-28,v0_03_scaled_slsqp,v0.03 目标放大,目标乘1e9,2,True,Optimization terminated successfully,24,6.8162999814376235,3.666353265430189e-08,True,1.1102230246251565e-16,0.04043589999021068,0.29019268255381075
2014-02-28,v0_04_relative_slsqp,v0.04 相对误差,无量纲相对RC误差,3,True,Optimization terminated successfully,20,4.776399931870401,2.76955121572553e-07,True,0.0,0.04043587542553318,0.2901925821306413
2014-02-28,v0_05_convex_lbfgsb,v0.05 凸重构,对数障碍凸目标,4,True,CONVERGENCE: NORM OF PROJECTED GRADIENT <= PGTOL,16,2.1280000219121575,9.212940663277935e-07,True,0.0,0.040435925858120364,0.29019419996789847
2014-02-28,course_newton,当前阻尼牛顿法,解析Hessian与线搜索,5,True,gradient tolerance satisfied,7,0.31649996526539326,3.6873178121954453e-10,True,0.0,0.04043590915970968,0.2901926118278153
2014-03-31,v0_02_raw_slsqp,v0.02 原始SLSQP,原始RC平方差,1,True,Optimization terminated successfully,1,0.42529997881501913,0.1185018081852321,False,0.0,0.1111111111111111,0.0
2014-03-31,v0_03_scaled_slsqp,v0.03 目标放大,目标乘1e9,2,True,Optimization terminated successfully,22,6.10130000859499,7.466899820673945e-08,True,0.0,0.03356191047666298,0.330979795037562
2014-03-31,v0_04_relative_slsqp,v0.04 相对误差,无量纲相对RC误差,3,True,Optimization terminated successfully,25,9.414199972525239,4.807898270481337e-07,True,2.220446049250313e-16,0.033561836535461624,0.33098060952630887
2014-03-31,v0_05_convex_lbfgsb,v0.05 凸重构,对数障碍凸目标,4,True,CONVERGENCE: NORM OF PROJECTED GRADIENT <= PGTOL,16,1.670900033786893,1.3343829749545844e-05,False,0.0,0.033558484061530544,0.3310024760690526
2014-03-31,course_newton,当前阻尼牛顿法,解析Hessian与线搜索,5,True,gradient tolerance satisfied,8,0.34630007576197386,2.914335439641036e-16,True,0.0,0.03356193399311392,0.33097972085455424
2014-04-30,v0_02_raw_slsqp,v0.02 原始SLSQP,原始RC平方差,1,True,Optimization terminated successfully,1,0.4184000426903367,0.1328178417768349,False,0.0,0.1111111111111111,0.0
2014-04-30,v0_03_scaled_slsqp,v0.03 目标放大,目标乘1e9,2,True,Optimization terminated successfully,27,7.8566999873146415,4.398402372873811e-08,True,0.0,0.031662777197700546,0.3194197255061667
2014-04-30,v0_04_relative_slsqp,v0.04 相对误差,无量纲相对RC误差,3,True,Optimization terminated successfully,22,5.746599985286593,5.994883608417823e-07,True,2.220446049250313e-16,0.0316626729037158,0.3194195155233172
2014-04-30,v0_05_convex_lbfgsb,v0.05 凸重构,对数障碍凸目标,4,True,CONVERGENCE: NORM OF PROJECTED GRADIENT <= PGTOL,20,2.1237999899312854,9.318144235451187e-06,False,1.1102230246251565e-16,0.03166419887462479,0.31940434897100667
2014-04-30,course_newton,当前阻尼牛顿法,解析Hessian与线搜索,5,True,gradient tolerance satisfied,8,0.34369993954896927,3.8746783559417963e-14,True,0.0,0.03166278485552938,0.3194196342403437
2014-05-30,v0_02_raw_slsqp,v0.02 原始SLSQP,原始RC平方差,1,True,Optimization terminated successfully,1,0.45709998812526464,0.12689865599138742,False,0.0,0.1111111111111111,0.0
2014-05-30,v0_03_scaled_slsqp,v0.03 目标放大,目标乘1e9,2,True,Optimization terminated successfully,22,6.916099926456809,4.738251790925574e-08,True,0.0,0.03328993034205979,0.2860985671402384
2014-05-30,v0_04_relative_slsqp,v0.04 相对误差,无量纲相对RC误差,3,True,Optimization terminated successfully,23,5.540900048799813,8.563676384826246e-07,True,0.0,0.033289780300029714,0.2860984473200825
2014-05-30,v0_05_convex_lbfgsb,v0.05 凸重构,对数障碍凸目标,4,True,CONVERGENCE: NORM OF PROJECTED GRADIENT <= PGTOL,19,2.2456999868154526,3.494281715986369e-05,False,2.220446049250313e-16,0.0332855618277846,0.28610280942311345
2014-05-30,course_newton,当前阻尼牛顿法,解析Hessian与线搜索,5,True,gradient tolerance satisfied,8,0.3290000604465604,2.878669524974953e-13,True,1.1102230246251565e-16,0.03328993892839802,0.2860984785440108
2014-06-30,v0_02_raw_slsqp,v0.02 原始SLSQP,原始RC平方差,1,True,Optimization terminated successfully,1,0.4615000216290355,0.1336786829811296,False,0.0,0.1111111111111111,0.0
2014-06-30,v0_03_scaled_slsqp,v0.03 目标放大,目标乘1e9,2,True,Optimization terminated successfully,22,6.6012999741360545,8.912248028458691e-08,True,2.220446049250313e-16,0.03244665991727628,0.2660324154649569
2014-06-30,v0_04_relative_slsqp,v0.04 相对误差,无量纲相对RC误差,3,True,Optimization terminated successfully,23,5.452999961562455,1.1252822526841566e-06,False,0.0,0.03244640995319912,0.2660314742705841
2014-06-30,v0_05_convex_lbfgsb,v0.05 凸重构,对数障碍凸目标,4,True,CONVERGENCE: NORM OF PROJECTED GRADIENT <= PGTOL,19,2.183699980378151,6.899293322384925e-06,False,0.0,0.032446828443530196,0.26604016315620443
2014-06-30,course_newton,当前阻尼牛顿法,解析Hessian与线搜索,5,True,gradient tolerance satisfied,8,0.33519999124109745,2.034525325989023e-12,True,0.0,0.03244668624511003,0.2660322658936244
2014-07-31,v0_02_raw_slsqp,v0.02 原始SLSQP,原始RC平方差,1,True,Optimization terminated successfully,1,0.416700029745698,0.08770643038949752,False,0.0,0.1111111111111111,0.0
2014-07-31,v0_03_scaled_slsqp,v0.03 目标放大,目标乘1e9,2,True,Optimization terminated successfully,21,6.25089998356998,2.341857495424815e-08,True,1.1102230246251565e-16,0.05463144807183541,0.1849292482954914
2014-07-31,v0_04_relative_slsqp,v0.04 相对误差,无量纲相对RC误差,3,True,Optimization terminated successfully,20,5.207299953326583,1.1436728536429186e-07,True,0.0,0.054631443200000164,0.18492924632557145
2014-07-31,v0_05_convex_lbfgsb,v0.05 凸重构,对数障碍凸目标,4,True,CONVERGENCE: NORM OF PROJECTED GRADIENT <= PGTOL,14,1.3705999590456486,6.732127148176281e-06,False,2.220446049250313e-16,0.05463088126270512,0.18493200029336854
2014-07-31,course_newton,当前阻尼牛顿法,解析Hessian与线搜索,5,True,gradient tolerance satisfied,7,0.3040999872609973,2.85493850782359e-11,True,0.0,0.054631454388874595,0.18492920952052577
2014-08-29,v0_02_raw_slsqp,v0.02 原始SLSQP,原始RC平方差,1,True,Optimization terminated successfully,1,0.45549997594207525,0.09444269104497037,False,0.0,0.1111111111111111,0.0
2014-08-29,v0_03_scaled_slsqp,v0.03 目标放大,目标乘1e9,2,True,Optimization terminated successfully,20,5.03729993943125,8.773187695765294e-08,True,0.0,0.04801022475210396,0.21863334477187352
2014-08-29,v0_04_relative_slsqp,v0.04 相对误差,无量纲相对RC误差,3,True,Optimization terminated successfully,21,5.907900049351156,7.16937124251027e-07,True,2.220446049250313e-16,0.04801027037057459,0.21863282539672152
2014-08-29,v0_05_convex_lbfgsb,v0.05 凸重构,对数障碍凸目标,4,True,CONVERGENCE: NORM OF PROJECTED GRADIENT <= PGTOL,16,1.8949999939650297,6.266605613314269e-06,False,2.220446049250313e-16,0.048010052628999704,0.21863305577241687
2014-08-29,course_newton,当前阻尼牛顿法,解析Hessian与线搜索,5,True,gradient tolerance satisfied,8,0.3393999068066478,6.106226635438361e-16,True,0.0,0.04801022843201075,0.21863329424988898
2014-09-30,v0_02_raw_slsqp,v0.02 原始SLSQP,原始RC平方差,1,True,Optimization terminated successfully,1,0.4336000420153141,0.10377510140860809,False,0.0,0.1111111111111111,0.0
2014-09-30,v0_03_scaled_slsqp,v0.03 目标放大,目标乘1e9,2,True,Optimization terminated successfully,20,5.173600045964122,1.5043611910348087e-07,True,0.0,0.03083470996360586,0.2759418743710916
2014-09-30,v0_04_relative_slsqp,v0.04 相对误差,无量纲相对RC误差,3,True,Optimization terminated successfully,26,7.496599922887981,3.5795412578476515e-08,True,0.0,0.030834735868011644,0.2759418669774879
2014-09-30,v0_05_convex_lbfgsb,v0.05 凸重构,对数障碍凸目标,4,True,CONVERGENCE: NORM OF PROJECTED GRADIENT <= PGTOL,20,2.2343999007716775,7.935385898827363e-06,False,1.1102230246251565e-16,0.030835037921609767,0.2759403895402996
2014-09-30,course_newton,当前阻尼牛顿法,解析Hessian与线搜索,5,True,gradient tolerance satisfied,8,0.3285000566393137,9.19542220145786e-13,True,1.1102230246251565e-16,0.030834740779788653,0.27594180403115937
2014-10-31,v0_02_raw_slsqp,v0.02 原始SLSQP,原始RC平方差,1,True,Optimization terminated successfully,1,0.44970004819333553,0.10691017969095583,False,0.0,0.1111111111111111,0.0
2014-10-31,v0_03_scaled_slsqp,v0.03 目标放大,目标乘1e9,2,True,Optimization terminated successfully,25,6.416099960915744,1.013932449112076e-07,True,0.0,0.03853978484956351,0.2739833385765103
2014-10-31,v0_04_relative_slsqp,v0.04 相对误差,无量纲相对RC误差,3,True,Optimization terminated successfully,29,8.179399999789894,1.2840728935981094e-06,False,0.0,0.03853971974989021,0.2739833866015124
2014-10-31,v0_05_convex_lbfgsb,v0.05 凸重构,对数障碍凸目标,4,True,CONVERGENCE: NORM OF PROJECTED GRADIENT <= PGTOL,19,2.277499996125698,7.83702961001942e-06,False,2.220446049250313e-16,0.03854177463126135,0.27397780697420976
2014-10-31,course_newton,当前阻尼牛顿法,解析Hessian与线搜索,5,True,gradient tolerance satisfied,8,0.32410002313554287,6.869504964868156e-15,True,2.220446049250313e-16,0.03853980648012127,0.2739833425250605
2014-11-28,v0_02_raw_slsqp,v0.02 原始SLSQP,原始RC平方差,1,True,Optimization terminated successfully,1,0.41610002517700195,0.10778255016237649,False,0.0,0.1111111111111111,0.0
2014-11-28,v0_03_scaled_slsqp,v0.03 目标放大,目标乘1e9,2,True,Optimization terminated successfully,23,5.719400011003017,1.444603199562966e-07,True,2.220446049250313e-16,0.03074112564518542,0.377394247717658
2014-11-28,v0_04_relative_slsqp,v0.04 相对误差,无量纲相对RC误差,3,True,Optimization terminated successfully,29,7.611499982886016,9.923740280221027e-07,True,2.220446049250313e-16,0.03074128361359968,0.3773920322703308
2014-11-28,v0_05_convex_lbfgsb,v0.05 凸重构,对数障碍凸目标,4,True,CONVERGENCE: NORM OF PROJECTED GRADIENT <= PGTOL,18,2.113400027155876,8.447312941486929e-06,False,2.220446049250313e-16,0.030740525635682806,0.37739572801558585
2014-11-28,course_newton,当前阻尼牛顿法,解析Hessian与线搜索,5,True,gradient tolerance satisfied,8,0.34390005748718977,4.1278189200077975e-11,True,0.0,0.03074112614115937,0.3773939798151353
2014-12-31,v0_02_raw_slsqp,v0.02 原始SLSQP,原始RC平方差,1,True,Optimization terminated successfully,1,0.4920000210404396,0.10490302212511274,False,0.0,0.1111111111111111,0.0
2014-12-31,v0_03_scaled_slsqp,v0.03 目标放大,目标乘1e9,2,True,Optimization terminated successfully,22,5.647300044074655,3.8242281286127167e-08,True,2.220446049250313e-16,0.037306791729531004,0.24837590982741353
2014-12-31,v0_04_relative_slsqp,v0.04 相对误差,无量纲相对RC误差,3,True,Optimization terminated successfully,25,6.540299975313246,8.083142940956689e-07,True,0.0,0.037306868342542814,0.2483772277120423
2014-12-31,v0_05_convex_lbfgsb,v0.05 凸重构,对数障碍凸目标,4,True,CONVERGENCE: NORM OF PROJECTED GRADIENT <= PGTOL,18,2.195199951529503,1.6962096064679355e-05,False,0.0,0.03730275481058112,0.24839632750719076
2014-12-31,course_newton,当前阻尼牛顿法,解析Hessian与线搜索,5,True,gradient tolerance satisfied,7,0.3010999644175172,2.954039790559193e-12,True,0.0,0.037306803831653024,0.24837585642214227
2015-01-30,v0_02_raw_slsqp,v0.02 原始SLSQP,原始RC平方差,1,True,Optimization terminated successfully,1,0.4376999568194151,0.14540462915520302,False,0.0,0.1111111111111111,0.0
2015-01-30,v0_03_scaled_slsqp,v0.03 目标放大,目标乘1e9,2,True,Optimization terminated successfully,25,6.472800043411553,5.527905445890102e-08,True,0.0,0.027775227063516445,0.338119260935279
2015-01-30,v0_04_relative_slsqp,v0.04 相对误差,无量纲相对RC误差,3,True,Optimization terminated successfully,31,8.822500007227063,1.0000548785055186e-06,False,0.0,0.027775277535678645,0.338118012178503
2015-01-30,v0_05_convex_lbfgsb,v0.05 凸重构,对数障碍凸目标,4,True,CONVERGENCE: NORM OF PROJECTED GRADIENT <= PGTOL,22,2.195799956098199,4.299264363502586e-06,False,0.0,0.02777505383773334,0.3381141507924918
2015-01-30,course_newton,当前阻尼牛顿法,解析Hessian与线搜索,5,True,gradient tolerance satisfied,8,0.3434999380260706,9.033686992898637e-10,True,0.0,0.027775235865067388,0.3381191765336297
2015-02-27,v0_02_raw_slsqp,v0.02 原始SLSQP,原始RC平方差,1,True,Optimization terminated successfully,1,0.44659990817308426,0.14310010765463227,False,0.0,0.1111111111111111,0.0
2015-02-27,v0_03_scaled_slsqp,v0.03 目标放大,目标乘1e9,2,True,Optimization terminated successfully,24,6.26870000269264,6.984433593981709e-08,True,0.0,0.029892133602811958,0.3406937901020351
2015-02-27,v0_04_relative_slsqp,v0.04 相对误差,无量纲相对RC误差,3,True,Optimization terminated successfully,28,6.581600056961179,5.114070241868385e-07,True,0.0,0.02989204605534538,0.3406948148230738
2015-02-27,v0_05_convex_lbfgsb,v0.05 凸重构,对数障碍凸目标,4,True,CONVERGENCE: NORM OF PROJECTED GRADIENT <= PGTOL,22,3.05230007506907,3.0917838738514503e-06,False,0.0,0.029892402845355402,0.34069090628857185
2015-02-27,course_newton,当前阻尼牛顿法,解析Hessian与线搜索,5,True,gradient tolerance satisfied,8,0.32160000409930944,4.996003610813204e-16,True,1.1102230246251565e-16,0.029892144235929244,0.34069367596730865
2015-03-31,v0_02_raw_slsqp,v0.02 原始SLSQP,原始RC平方差,1,True,Optimization terminated successfully,1,0.39309996645897627,0.09949189093957081,False,0.0,0.1111111111111111,0.0
2015-03-31,v0_03_scaled_slsqp,v0.03 目标放大,目标乘1e9,2,True,Optimization terminated successfully,22,5.977399996481836,3.78058635647216e-08,True,1.1102230246251565e-16,0.04665615595551401,0.2630993044306932
2015-03-31,v0_04_relative_slsqp,v0.04 相对误差,无量纲相对RC误差,3,True,Optimization terminated successfully,21,6.082499981857836,2.4050881798631796e-07,True,0.0,0.04665609854193474,0.26309960526610643
2015-03-31,v0_05_convex_lbfgsb,v0.05 凸重构,对数障碍凸目标,4,True,CONVERGENCE: NORM OF PROJECTED GRADIENT <= PGTOL,16,1.7452999018132687,4.460748112056212e-06,False,2.220446049250313e-16,0.04665556302239394,0.2630971407944927
2015-03-31,course_newton,当前阻尼牛顿法,解析Hessian与线搜索,5,True,gradient tolerance satisfied,7,0.29699993319809437,1.904250368500726e-11,True,0.0,0.04665616742175015,0.2630992419345798
2015-04-30,v0_02_raw_slsqp,v0.02 原始SLSQP,原始RC平方差,1,True,Optimization terminated successfully,1,0.4388000816106796,0.09302538240063657,False,0.0,0.1111111111111111,0.0
2015-04-30,v0_03_scaled_slsqp,v0.03 目标放大,目标乘1e9,2,True,Optimization terminated successfully,23,6.2411000253632665,4.3604539021191435e-08,True,0.0,0.052671317266113946,0.25181929512835505
2015-04-30,v0_04_relative_slsqp,v0.04 相对误差,无量纲相对RC误差,3,True,Optimization terminated successfully,21,5.851999972946942,3.236316791360716e-07,True,0.0,0.05267139171656536,0.25181866937243297
2015-04-30,v0_05_convex_lbfgsb,v0.05 凸重构,对数障碍凸目标,4,True,CONVERGENCE: NORM OF PROJECTED GRADIENT <= PGTOL,14,1.6294000670313835,1.2328075839493358e-05,False,2.220446049250313e-16,0.052671481191548124,0.2518375340840343
2015-04-30,course_newton,当前阻尼牛顿法,解析Hessian与线搜索,5,True,gradient tolerance satisfied,7,0.29749993700534105,6.25960949740545e-11,True,0.0,0.052671324855849945,0.2518192074919138
2015-05-29,v0_02_raw_slsqp,v0.02 原始SLSQP,原始RC平方差,1,True,Optimization terminated successfully,1,0.4393999697640538,0.13888606928921451,False,0.0,0.1111111111111111,0.0
2015-05-29,v0_03_scaled_slsqp,v0.03 目标放大,目标乘1e9,2,True,Optimization terminated successfully,5,0.5528000183403492,0.13888606928921451,False,0.0,0.1111111111111111,0.0
2015-05-29,v0_04_relative_slsqp,v0.04 相对误差,无量纲相对RC误差,3,True,Optimization terminated successfully,20,5.363099975511432,7.206635093265357e-07,True,0.0,0.03623208177575037,0.2545447310379089
2015-05-29,v0_05_convex_lbfgsb,v0.05 凸重构,对数障碍凸目标,4,True,CONVERGENCE: NORM OF PROJECTED GRADIENT <= PGTOL,18,1.7251999815925956,7.85846370410237e-06,False,0.0,0.03623469451207563,0.2545339867366398
2015-05-29,course_newton,当前阻尼牛顿法,解析Hessian与线搜索,5,True,gradient tolerance satisfied,7,0.2954999217763543,1.6537465841182097e-12,True,0.0,0.03623194351893129,0.2545447837681304
2015-06-30,v0_02_raw_slsqp,v0.02 原始SLSQP,原始RC平方差,1,True,Optimization terminated successfully,1,0.4602000117301941,0.19266171114802288,False,0.0,0.1111111111111111,0.0
2015-06-30,v0_03_scaled_slsqp,v0.03 目标放大,目标乘1e9,2,True,Optimization terminated successfully,5,0.4414999857544899,0.19266171114802288,False,0.0,0.1111111111111111,0.0
2015-06-30,v0_04_relative_slsqp,v0.04 相对误差,无量纲相对RC误差,3,True,Optimization terminated successfully,30,7.410900085233152,3.335018297218051e-07,True,0.0,0.021515062331871452,0.2956162211687018
2015-06-30,v0_05_convex_lbfgsb,v0.05 凸重构,对数障碍凸目标,4,True,CONVERGENCE: NORM OF PROJECTED GRADIENT <= PGTOL,31,3.486800007522106,1.885121876678275e-05,False,0.0,0.021513963114840932,0.2956533747078984
2015-06-30,course_newton,当前阻尼牛顿法,解析Hessian与线搜索,5,True,gradient tolerance satisfied,7,0.851099961437285,4.473729720011477e-11,True,1.1102230246251565e-16,0.021515023675461094,0.29561633622689826
2015-07-31,v0_02_raw_slsqp,v0.02 原始SLSQP,原始RC平方差,1,True,Optimization terminated successfully,7,1.9554999889805913,0.10369557263001289,False,0.0,0.027709117000275466,0.08340199411083564
2015-07-31,v0_03_scaled_slsqp,v0.03 目标放大,目标乘1e9,2,False,Positive directional derivative for linesearch,6,0.6900000153109431,0.10550441256684455,False,0.5,0.09999999999999999,0.0888888888888889
2015-07-31,v0_04_relative_slsqp,v0.04 相对误差,无量纲相对RC误差,3,True,Optimization terminated successfully,33,8.715499890968204,2.5114853108298973e-07,True,1.1102230246251565e-16,0.014792778963902768,0.40906381598353186
2015-07-31,v0_05_convex_lbfgsb,v0.05 凸重构,对数障碍凸目标,4,True,CONVERGENCE: NORM OF PROJECTED GRADIENT <= PGTOL,33,2.845300012268126,1.791080541102552e-06,False,2.220446049250313e-16,0.014792721758682636,0.40906631158029455
2015-07-31,course_newton,当前阻尼牛顿法,解析Hessian与线搜索,5,True,gradient tolerance satisfied,12,0.5944999866187572,2.7755575615628914e-17,True,2.220446049250313e-16,0.014792784102616812,0.409063539298897
2015-08-31,v0_02_raw_slsqp,v0.02 原始SLSQP,原始RC平方差,1,True,Optimization terminated successfully,7,1.8990000244230032,0.10748414821601379,False,0.0,0.021733109788991713,0.0893780013221194
2015-08-31,v0_03_scaled_slsqp,v0.03 目标放大,目标乘1e9,2,True,Optimization terminated successfully,5,0.4200999392196536,0.1701361109677168,False,0.0,0.1111111111111111,0.0
2015-08-31,v0_04_relative_slsqp,v0.04 相对误差,无量纲相对RC误差,3,True,Optimization terminated successfully,41,10.029800003394485,3.8579897231050264e-07,True,2.220446049250313e-16,0.011251309086302005,0.42936841342219295
2015-08-31,v0_05_convex_lbfgsb,v0.05 凸重构,对数障碍凸目标,4,True,CONVERGENCE: NORM OF PROJECTED GRADIENT <= PGTOL,44,5.360499955713749,1.932451673605784e-05,False,1.1102230246251565e-16,0.011251669465678583,0.42939526719106874
2015-08-31,course_newton,当前阻尼牛顿法,解析Hessian与线搜索,5,True,gradient tolerance satisfied,11,0.5053000058978796,4.163336342344337e-17,True,0.0,0.011251310007741237,0.4293687109950978
2015-09-30,v0_02_raw_slsqp,v0.02 原始SLSQP,原始RC平方差,1,True,Optimization terminated successfully,7,1.9845999777317047,0.10627619080944031,False,0.0,0.02605938483925868,0.08505172627185242
2015-09-30,v0_03_scaled_slsqp,v0.03 目标放大,目标乘1e9,2,True,Optimization terminated successfully,5,0.4390999674797058,0.16797488986045805,False,0.0,0.1111111111111111,0.0
2015-09-30,v0_04_relative_slsqp,v0.04 相对误差,无量纲相对RC误差,3,True,Optimization terminated successfully,39,11.179800028912723,3.7960967101680065e-07,True,0.0,0.012207237178902803,0.47992287835648023
2015-09-30,v0_05_convex_lbfgsb,v0.05 凸重构,对数障碍凸目标,4,True,CONVERGENCE: NORM OF PROJECTED GRADIENT <= PGTOL,49,6.485999911092222,8.400366215549626e-06,False,1.1102230246251565e-16,0.012206912915810128,0.4799260937016247
2015-09-30,course_newton,当前阻尼牛顿法,解析Hessian与线搜索,5,True,gradient tolerance satisfied,9,0.5504000000655651,4.786837592973825e-12,True,0.0,0.012207228447557323,0.4799228954364259
2015-10-30,v0_02_raw_slsqp,v0.02 原始SLSQP,原始RC平方差,1,True,Optimization terminated successfully,1,0.5912999622523785,0.17514441392961477,False,0.0,0.1111111111111111,0.0
2015-10-30,v0_03_scaled_slsqp,v0.03 目标放大,目标乘1e9,2,False,Positive directional derivative for linesearch,8,1.344099990092218,0.11376618246361703,False,0.32697703803647915,0.05789653150767349,0.3467956774690919
2015-10-30,v0_04_relative_slsqp,v0.04 相对误差,无量纲相对RC误差,3,True,Optimization terminated successfully,30,7.123599993065,4.490660681921721e-07,True,1.1102230246251565e-16,0.017340287986562036,0.3806141472790406
2015-10-30,v0_05_convex_lbfgsb,v0.05 凸重构,对数障碍凸目标,4,True,CONVERGENCE: NORM OF PROJECTED GRADIENT <= PGTOL,37,5.180599982850254,9.226639918133439e-06,False,2.220446049250313e-16,0.017340367643325878,0.38059655637007855
2015-10-30,course_newton,当前阻尼牛顿法,解析Hessian与线搜索,5,True,gradient tolerance satisfied,8,0.3521000035107136,2.5118795932144167e-15,True,0.0,0.01734027832057166,0.38061487269054856
2015-11-30,v0_02_raw_slsqp,v0.02 原始SLSQP,原始RC平方差,1,True,Optimization terminated successfully,1,0.5975000094622374,0.16449541036327558,False,0.0,0.1111111111111111,0.0
2015-11-30,v0_03_scaled_slsqp,v0.03 目标放大,目标乘1e9,2,True,Optimization terminated successfully,30,8.229200029745698,4.052332247539425e-08,True,0.0,0.02227355535683821,0.35483491010989515
2015-11-30,v0_04_relative_slsqp,v0.04 相对误差,无量纲相对RC误差,3,True,Optimization terminated successfully,27,6.771999993361533,1.3984754032858593e-06,False,0.0,0.02227373195322703,0.3548344846084087
2015-11-30,v0_05_convex_lbfgsb,v0.05 凸重构,对数障碍凸目标,4,True,CONVERGENCE: NORM OF PROJECTED GRADIENT <= PGTOL,29,3.486500005237758,5.006430578324839e-06,False,1.1102230246251565e-16,0.02227428881536884,0.3548311861625413
2015-11-30,course_newton,当前阻尼牛顿法,解析Hessian与线搜索,5,True,gradient tolerance satisfied,8,0.380899989977479,2.7755575615628914e-17,True,0.0,0.022273562693144584,0.354834839386094
2015-12-31,v0_02_raw_slsqp,v0.02 原始SLSQP,原始RC平方差,1,True,Optimization terminated successfully,1,0.5226999055594206,0.13432100232391475,False,0.0,0.1111111111111111,0.0
2015-12-31,v0_03_scaled_slsqp,v0.03 目标放大,目标乘1e9,2,True,Optimization terminated successfully,30,7.633200031705201,6.579974304310454e-08,True,0.0,0.023935972826546647,0.36936016391145426
2015-12-31,v0_04_relative_slsqp,v0.04 相对误差,无量纲相对RC误差,3,True,Optimization terminated successfully,31,7.149700075387955,1.6822333380461796e-07,True,1.1102230246251565e-16,0.023935978129755828,0.3693600867398087
2015-12-31,v0_05_convex_lbfgsb,v0.05 凸重构,对数障碍凸目标,4,True,CONVERGENCE: NORM OF PROJECTED GRADIENT <= PGTOL,23,2.3354000877588987,9.052092024314229e-06,False,2.220446049250313e-16,0.023936165466827475,0.36937103778171104
2015-12-31,course_newton,当前阻尼牛顿法,解析Hessian与线搜索,5,True,gradient tolerance satisfied,8,0.33740000799298286,3.9898639947466563e-14,True,1.1102230246251565e-16,0.023935978634775514,0.3693600303499073
2016-01-29,v0_02_raw_slsqp,v0.02 原始SLSQP,原始RC平方差,1,True,Optimization terminated successfully,7,1.8704000394791365,0.1282523099110111,False,2.220446049250313e-16,0.010032502697094464,0.10107860841401664
2016-01-29,v0_03_scaled_slsqp,v0.03 目标放大,目标乘1e9,2,True,Optimization terminated successfully,5,0.39930001366883516,0.22789382808738468,False,0.0,0.1111111111111111,0.0
2016-01-29,v0_04_relative_slsqp,v0.04 相对误差,无量纲相对RC误差,3,True,Optimization terminated successfully,30,7.387500023469329,3.011159337013014e-07,True,0.0,0.015048941505674467,0.3050841722144041
2016-01-29,v0_05_convex_lbfgsb,v0.05 凸重构,对数障碍凸目标,4,True,CONVERGENCE: NORM OF PROJECTED GRADIENT <= PGTOL,36,5.0394999561831355,9.315904504994532e-06,False,0.0,0.015049311732943818,0.30508738794462437
2016-01-29,course_newton,当前阻尼牛顿法,解析Hessian与线搜索,5,True,gradient tolerance satisfied,11,0.4408999811857939,2.7755575615628914e-17,True,2.220446049250313e-16,0.015048963416153811,0.3050836311476869
2016-02-29,v0_02_raw_slsqp,v0.02 原始SLSQP,原始RC平方差,1,True,Optimization terminated successfully,1,0.4838999593630433,0.2442494027808068,False,0.0,0.1111111111111111,0.0
2016-02-29,v0_03_scaled_slsqp,v0.03 目标放大,目标乘1e9,2,False,Positive directional derivative for linesearch,6,0.7122000679373741,0.16863737987735772,False,0.5,0.09999999999999999,0.0888888888888889
2016-02-29,v0_04_relative_slsqp,v0.04 相对误差,无量纲相对RC误差,3,True,Optimization terminated successfully,30,8.396600023843348,3.5333610255705583e-07,True,2.220446049250313e-16,0.014068893720249753,0.3100432939807336
2016-02-29,v0_05_convex_lbfgsb,v0.05 凸重构,对数障碍凸目标,4,True,CONVERGENCE: NORM OF PROJECTED GRADIENT <= PGTOL,40,6.279999972321093,7.542425299364441e-06,False,0.0,0.014068882755992246,0.3100542812349843
2016-02-29,course_newton,当前阻尼牛顿法,解析Hessian与线搜索,5,True,gradient tolerance satisfied,12,1.1996000539511442,5.551115123125783e-17,True,1.1102230246251565e-16,0.014068891635481444,0.3100427700547025
2016-03-31,v0_02_raw_slsqp,v0.02 原始SLSQP,原始RC平方差,1,True,Optimization terminated successfully,1,0.5737999454140663,0.21941487013335326,False,0.0,0.1111111111111111,0.0
2016-03-31,v0_03_scaled_slsqp,v0.03 目标放大,目标乘1e9,2,True,Optimization terminated successfully,27,7.139499997720122,6.905508674603933e-08,True,1.1102230246251565e-16,0.017025962616320642,0.3677390406492851
2016-03-31,v0_04_relative_slsqp,v0.04 相对误差,无量纲相对RC误差,3,True,Optimization terminated successfully,28,7.656399975530803,5.822591001292121e-07,True,2.220446049250313e-16,0.017025952462921306,0.36774000126020906
2016-03-31,v0_05_convex_lbfgsb,v0.05 凸重构,对数障碍凸目标,4,True,CONVERGENCE: NORM OF PROJECTED GRADIENT <= PGTOL,26,2.4020998971536756,1.562796173168457e-05,False,1.1102230246251565e-16,0.01702402032380204,0.3677644677736316
2016-03-31,course_newton,当前阻尼牛顿法,解析Hessian与线搜索,5,True,gradient tolerance satisfied,8,0.32570003531873226,2.4626134464966754e-13,True,0.0,0.017025974858274624,0.36773889368629636
2016-04-29,v0_02_raw_slsqp,v0.02 原始SLSQP,原始RC平方差,1,True,Optimization terminated successfully,1,0.43649994768202305,0.20841818527645734,False,0.0,0.1111111111111111,0.0
2016-04-29,v0_03_scaled_slsqp,v0.03 目标放大,目标乘1e9,2,True,Optimization terminated successfully,28,7.3605000507086515,8.99672354393033e-08,True,0.0,0.018907902893024135,0.3611121454112725
2016-04-29,v0_04_relative_slsqp,v0.04 相对误差,无量纲相对RC误差,3,True,Optimization terminated successfully,29,6.827399949543178,1.3345142198389892e-06,False,0.0,0.018907891027404297,0.36111434704135
2016-04-29,v0_05_convex_lbfgsb,v0.05 凸重构,对数障碍凸目标,4,True,CONVERGENCE: NORM OF PROJECTED GRADIENT <= PGTOL,26,3.2064999686554074,7.955994006519918e-06,False,0.0,0.01890711589686848,0.36112424257338477
2016-04-29,course_newton,当前阻尼牛顿法,解析Hessian与线搜索,5,True,gradient tolerance satisfied,8,0.3431000513955951,1.6281559434005999e-12,True,2.220446049250313e-16,0.018907908049443124,0.3611120363433854
2016-05-31,v0_02_raw_slsqp,v0.02 原始SLSQP,原始RC平方差,1,True,Optimization terminated successfully,1,0.5324999801814556,0.17819260651054214,False,0.0,0.1111111111111111,0.0
2016-05-31,v0_03_scaled_slsqp,v0.03 目标放大,目标乘1e9,2,True,Optimization terminated successfully,35,8.734600036405027,6.330533643128522e-08,True,0.0,0.01842891309298532,0.4216569475743112
2016-05-31,v0_04_relative_slsqp,v0.04 相对误差,无量纲相对RC误差,3,True,Optimization terminated successfully,34,9.02310002129525,6.440466592677607e-07,True,1.1102230246251565e-16,0.01842889514253737,0.4216565788277821
2016-05-31,v0_05_convex_lbfgsb,v0.05 凸重构,对数障碍凸目标,4,True,CONVERGENCE: NORM OF PROJECTED GRADIENT <= PGTOL,24,3.9293000008910894,1.3324857404531376e-05,False,0.0,0.01842957515478731,0.42165084486904797
2016-05-31,course_newton,当前阻尼牛顿法,解析Hessian与线搜索,5,True,gradient tolerance satisfied,8,0.3519000019878149,2.337504911853472e-10,True,2.220446049250313e-16,0.018428920682530544,0.4216568256797035
2016-06-30,v0_02_raw_slsqp,v0.02 原始SLSQP,原始RC平方差,1,True,Optimization terminated successfully,1,0.49460004083812237,0.16583821160130385,False,0.0,0.1111111111111111,0.0
2016-06-30,v0_03_scaled_slsqp,v0.03 目标放大,目标乘1e9,2,True,Optimization terminated successfully,31,8.261099923402071,8.92340850655593e-08,True,1.1102230246251565e-16,0.02049279256412565,0.4483921979520335
2016-06-30,v0_04_relative_slsqp,v0.04 相对误差,无量纲相对RC误差,3,True,Optimization terminated successfully,29,8.187899948097765,1.2048393829983128e-06,False,0.0,0.02049281762189791,0.4483903009970392
2016-06-30,v0_05_convex_lbfgsb,v0.05 凸重构,对数障碍凸目标,4,True,CONVERGENCE: NORM OF PROJECTED GRADIENT <= PGTOL,25,2.6123999850824475,6.4088332162176576e-06,False,2.220446049250313e-16,0.02049375537930314,0.4483860895560106
2016-06-30,course_newton,当前阻尼牛顿法,解析Hessian与线搜索,5,True,gradient tolerance satisfied,12,0.8824999677017331,1.6126491669821164e-09,True,2.220446049250313e-16,0.02049280331914802,0.4483920269373303
2016-07-29,v0_02_raw_slsqp,v0.02 原始SLSQP,原始RC平方差,1,True,Optimization terminated successfully,1,0.5871000466868281,0.12451311798129541,False,0.0,0.1111111111111111,0.0
2016-07-29,v0_03_scaled_slsqp,v0.03 目标放大,目标乘1e9,2,True,Optimization terminated successfully,26,7.392400060780346,8.793289746344968e-08,True,0.0,0.02060050067922506,0.4303254337157327
2016-07-29,v0_04_relative_slsqp,v0.04 相对误差,无量纲相对RC误差,3,True,Optimization terminated successfully,30,7.539200014434755,5.263336163296994e-07,True,1.1102230246251565e-16,0.020600439932844807,0.4303251937193771
2016-07-29,v0_05_convex_lbfgsb,v0.05 凸重构,对数障碍凸目标,4,True,CONVERGENCE: NORM OF PROJECTED GRADIENT <= PGTOL,24,2.279900014400482,1.4535978273333416e-05,False,0.0,0.020599494415901733,0.4303383068867745
2016-07-29,course_newton,当前阻尼牛顿法,解析Hessian与线搜索,5,True,gradient tolerance satisfied,10,0.42729999404400587,1.6042129430404728e-09,True,0.0,0.020600515862962396,0.4303253028613126
2016-08-31,v0_02_raw_slsqp,v0.02 原始SLSQP,原始RC平方差,1,True,Optimization terminated successfully,1,0.4273999948054552,0.11438810727520027,False,0.0,0.1111111111111111,0.0
2016-08-31,v0_03_scaled_slsqp,v0.03 目标放大,目标乘1e9,2,True,Optimization terminated successfully,22,6.6095000365749,7.425610668021498e-08,True,0.0,0.03271602143231583,0.28092585439651846
2016-08-31,v0_04_relative_slsqp,v0.04 相对误差,无量纲相对RC误差,3,True,Optimization terminated successfully,27,7.397299981676042,7.790433661641893e-07,True,0.0,0.03271601201032788,0.28092584407593746
2016-08-31,v0_05_convex_lbfgsb,v0.05 凸重构,对数障碍凸目标,4,True,CONVERGENCE: NORM OF PROJECTED GRADIENT <= PGTOL,19,2.0159000996500254,1.1464976453892661e-05,False,0.0,0.032714741597661454,0.2809270085964905
2016-08-31,course_newton,当前阻尼牛顿法,解析Hessian与线搜索,5,True,gradient tolerance satisfied,8,0.5047000013291836,6.286637876939949e-15,True,0.0,0.03271603805158126,0.28092582406681205
2016-09-30,v0_02_raw_slsqp,v0.02 原始SLSQP,原始RC平方差,1,True,Optimization terminated successfully,1,0.6896998966112733,0.11375683976965814,False,0.0,0.1111111111111111,0.0
2016-09-30,v0_03_scaled_slsqp,v0.03 目标放大,目标乘1e9,2,True,Optimization terminated successfully,22,6.909400108270347,9.144656624993086e-08,True,2.220446049250313e-16,0.030228910082622573,0.29696057542587173
2016-09-30,v0_04_relative_slsqp,v0.04 相对误差,无量纲相对RC误差,3,True,Optimization terminated successfully,27,6.441900040954351,1.9113523029579138e-07,True,0.0,0.030228984296105637,0.29696020563213116
2016-09-30,v0_05_convex_lbfgsb,v0.05 凸重构,对数障碍凸目标,4,True,CONVERGENCE: NORM OF PROJECTED GRADIENT <= PGTOL,23,3.0377000803127885,1.828528099456772e-05,False,0.0,0.030225937934801488,0.2969644161949213
2016-09-30,course_newton,当前阻尼牛顿法,解析Hessian与线搜索,5,True,gradient tolerance satisfied,8,0.34200004301965237,2.1222051893587945e-12,True,0.0,0.030228925017278828,0.29696042818756224
2016-10-31,v0_02_raw_slsqp,v0.02 原始SLSQP,原始RC平方差,1,True,Optimization terminated successfully,1,0.5891000619158149,0.09786836536516043,False,0.0,0.1111111111111111,0.0
2016-10-31,v0_03_scaled_slsqp,v0.03 目标放大,目标乘1e9,2,True,Optimization terminated successfully,22,6.172199966385961,2.7042808922739248e-08,True,2.220446049250313e-16,0.03740137984910782,0.24622762330938275
2016-10-31,v0_04_relative_slsqp,v0.04 相对误差,无量纲相对RC误差,3,True,Optimization terminated successfully,25,6.51470001321286,4.1976910944430124e-07,True,0.0,0.0374013617051312,0.24622802367510954
2016-10-31,v0_05_convex_lbfgsb,v0.05 凸重构,对数障碍凸目标,4,True,CONVERGENCE: NORM OF PROJECTED GRADIENT <= PGTOL,16,1.716800034046173,1.2037721682997549e-05,False,1.1102230246251565e-16,0.03740048723661205,0.24622113304493204
2016-10-31,course_newton,当前阻尼牛顿法,解析Hessian与线搜索,5,True,gradient tolerance satisfied,8,0.35610003396868706,3.237687895563113e-14,True,2.220446049250313e-16,0.037401383478744527,0.24622759066521394
2016-11-30,v0_02_raw_slsqp,v0.02 原始SLSQP,原始RC平方差,1,True,Optimization terminated successfully,1,0.5928000900894403,0.09270680106497009,False,0.0,0.1111111111111111,0.0
2016-11-30,v0_03_scaled_slsqp,v0.03 目标放大,目标乘1e9,2,True,Optimization terminated successfully,23,6.9833999732509255,3.882600309312867e-08,True,0.0,0.04251930792876155,0.21039931422269376
2016-11-30,v0_04_relative_slsqp,v0.04 相对误差,无量纲相对RC误差,3,True,Optimization terminated successfully,20,5.870799999684095,1.3066279623552557e-07,True,2.220446049250313e-16,0.042519296830625275,0.2103989548998439
2016-11-30,v0_05_convex_lbfgsb,v0.05 凸重构,对数障碍凸目标,4,True,CONVERGENCE: NORM OF PROJECTED GRADIENT <= PGTOL,17,2.000599983148277,1.0162810970174019e-05,False,1.1102230246251565e-16,0.04251951719558961,0.21040225882690572
2016-11-30,course_newton,当前阻尼牛顿法,解析Hessian与线搜索,5,True,gradient tolerance satisfied,7,0.4382000770419836,1.7719437028773655e-11,True,1.1102230246251565e-16,0.04251932117143008,0.21039924616788885
2016-12-30,v0_02_raw_slsqp,v0.02 原始SLSQP,原始RC平方差,1,True,Optimization terminated successfully,1,0.44219999108463526,0.07880598107034732,False,0.0,0.1111111111111111,0.0
2016-12-30,v0_03_scaled_slsqp,v0.03 目标放大,目标乘1e9,2,True,Optimization terminated successfully,24,6.954899989068508,2.4518071142787257e-08,True,2.220446049250313e-16,0.06374645940834985,0.16516054566283028
2016-12-30,v0_04_relative_slsqp,v0.04 相对误差,无量纲相对RC误差,3,True,Optimization terminated successfully,18,4.303799942135811,1.5617959878422294e-06,False,0.0,0.06374660990019786,0.1651611338108261
2016-12-30,v0_05_convex_lbfgsb,v0.05 凸重构,对数障碍凸目标,4,True,CONVERGENCE: NORM OF PROJECTED GRADIENT <= PGTOL,13,1.7390999710187316,3.029126076165012e-06,False,1.1102230246251565e-16,0.06374738943480882,0.1651602064228822
2016-12-30,course_newton,当前阻尼牛顿法,解析Hessian与线搜索,5,True,gradient tolerance satisfied,7,0.3584000514820218,2.7755575615628914e-17,True,1.1102230246251565e-16,0.06374647020382931,0.1651605023061643
2017-01-26,v0_02_raw_slsqp,v0.02 原始SLSQP,原始RC平方差,1,True,Optimization terminated successfully,1,0.6542999763041735,0.07278879634127586,False,0.0,0.1111111111111111,0.0
2017-01-26,v0_03_scaled_slsqp,v0.03 目标放大,目标乘1e9,2,True,Optimization terminated successfully,19,5.6081999791786075,1.801263399547892e-08,True,0.0,0.06558604951078228,0.11915537611949312
2017-01-26,v0_04_relative_slsqp,v0.04 相对误差,无量纲相对RC误差,3,True,Optimization terminated successfully,16,4.015000071376562,3.3460354417758076e-07,True,0.0,0.06558585908312653,0.11915585886469365
2017-01-26,v0_05_convex_lbfgsb,v0.05 凸重构,对数障碍凸目标,4,True,CONVERGENCE: NORM OF PROJECTED GRADIENT <= PGTOL,12,1.0073999874293804,3.347141817239274e-06,False,1.1102230246251565e-16,0.06558548705154403,0.11915282245287578
2017-01-26,course_newton,当前阻尼牛顿法,解析Hessian与线搜索,5,True,gradient tolerance satisfied,6,0.2476999070495367,6.325814871921409e-11,True,1.1102230246251565e-16,0.06558605224274819,0.11915538351689872
2017-02-28,v0_02_raw_slsqp,v0.02 原始SLSQP,原始RC平方差,1,True,Optimization terminated successfully,1,0.3988000098615885,0.08872425085959873,False,0.0,0.1111111111111111,0.0
2017-02-28,v0_03_scaled_slsqp,v0.03 目标放大,目标乘1e9,2,True,Optimization terminated successfully,21,5.486499983817339,2.0446696502585127e-08,True,1.1102230246251565e-16,0.05874031527532776,0.1209422929554318
2017-02-28,v0_04_relative_slsqp,v0.04 相对误差,无量纲相对RC误差,3,True,Optimization terminated successfully,17,4.651399911381304,3.6088802965461575e-07,True,1.1102230246251565e-16,0.05874030357646141,0.12094212209731542
2017-02-28,v0_05_convex_lbfgsb,v0.05 凸重构,对数障碍凸目标,4,True,CONVERGENCE: NORM OF PROJECTED GRADIENT <= PGTOL,12,1.0201999684795737,1.012194208921402e-05,False,1.1102230246251565e-16,0.05874196621386128,0.12093948918604677
2017-02-28,course_newton,当前阻尼牛顿法,解析Hessian与线搜索,5,True,gradient tolerance satisfied,7,0.2986999461427331,6.938893903907228e-17,True,0.0,0.05874031985349088,0.12094226224523935
2017-03-31,v0_02_raw_slsqp,v0.02 原始SLSQP,原始RC平方差,1,True,Optimization terminated successfully,1,0.40419993456453085,0.09406667792223991,False,0.0,0.1111111111111111,0.0
2017-03-31,v0_03_scaled_slsqp,v0.03 目标放大,目标乘1e9,2,True,Optimization terminated successfully,21,6.148000014945865,3.6050439286561264e-08,True,0.0,0.05200654128372044,0.146289913546437
2017-03-31,v0_04_relative_slsqp,v0.04 相对误差,无量纲相对RC误差,3,True,Optimization terminated successfully,20,4.813999985344708,7.508033987441154e-07,True,0.0,0.05200632510596564,0.1462899422666285
2017-03-31,v0_05_convex_lbfgsb,v0.05 凸重构,对数障碍凸目标,4,True,CONVERGENCE: NORM OF PROJECTED GRADIENT <= PGTOL,16,1.4980999985709786,1.409931483314919e-06,False,0.0,0.052006507889582915,0.14629055583253403
2017-03-31,course_newton,当前阻尼牛顿法,解析Hessian与线搜索,5,True,gradient tolerance satisfied,7,0.3146000672131777,8.049116928532385e-14,True,0.0,0.05200653230053735,0.14628988903579976
2017-04-28,v0_02_raw_slsqp,v0.02 原始SLSQP,原始RC平方差,1,True,Optimization terminated successfully,1,0.5622999742627144,0.07954018354002468,False,0.0,0.1111111111111111,0.0
2017-04-28,v0_03_scaled_slsqp,v0.03 目标放大,目标乘1e9,2,True,Optimization terminated successfully,20,5.055599962361157,3.8254166445650384e-08,True,2.220446049250313e-16,0.05613316795187692,0.1430430797902747
2017-04-28,v0_04_relative_slsqp,v0.04 相对误差,无量纲相对RC误差,3,True,Optimization terminated successfully,18,4.522399976849556,1.4846403417756449e-07,True,0.0,0.056133139561478654,0.14304309679880395
2017-04-28,v0_05_convex_lbfgsb,v0.05 凸重构,对数障碍凸目标,4,True,CONVERGENCE: NORM OF PROJECTED GRADIENT <= PGTOL,15,1.1625998886302114,9.820681215771954e-06,False,0.0,0.0561310880582025,0.14305055834554364
2017-04-28,course_newton,当前阻尼牛顿法,解析Hessian与线搜索,5,True,gradient tolerance satisfied,7,0.2941000275313854,6.894484982922222e-14,True,2.220446049250313e-16,0.056133166455388066,0.14304304805297346
2017-05-31,v0_02_raw_slsqp,v0.02 原始SLSQP,原始RC平方差,1,True,Optimization terminated successfully,1,0.4371999530121684,0.09184847419171988,False,0.0,0.1111111111111111,0.0
2017-05-31,v0_03_scaled_slsqp,v0.03 目标放大,目标乘1e9,2,True,Optimization terminated successfully,20,5.378699977882206,4.43522589488321e-08,True,1.1102230246251565e-16,0.04868774781109223,0.1438004649498762
2017-05-31,v0_04_relative_slsqp,v0.04 相对误差,无量纲相对RC误差,3,True,Optimization terminated successfully,20,4.774800036102533,3.54676709987678e-07,True,0.0,0.04868770882884705,0.143800545615554
2017-05-31,v0_05_convex_lbfgsb,v0.05 凸重构,对数障碍凸目标,4,True,CONVERGENCE: NORM OF PROJECTED GRADIENT <= PGTOL,17,1.6548000276088715,1.592640940710488e-05,False,2.220446049250313e-16,0.04868673495781861,0.14380139112822338
2017-05-31,course_newton,当前阻尼牛顿法,解析Hessian与线搜索,5,True,gradient tolerance satisfied,7,0.4192999331280589,3.680389326632394e-14,True,0.0,0.048687766237475824,0.14380043375709972
2017-06-30,v0_02_raw_slsqp,v0.02 原始SLSQP,原始RC平方差,1,True,Optimization terminated successfully,1,0.45679998584091663,0.08215542523430341,False,0.0,0.1111111111111111,0.0
2017-06-30,v0_03_scaled_slsqp,v0.03 目标放大,目标乘1e9,2,True,Optimization terminated successfully,21,5.250399932265282,4.8449599304722923e-08,True,2.220446049250313e-16,0.0509306950291891,0.14441296488051525
2017-06-30,v0_04_relative_slsqp,v0.04 相对误差,无量纲相对RC误差,3,True,Optimization terminated successfully,20,5.322200013324618,2.4164341029531133e-07,True,0.0,0.0509306029446831,0.1444131625877189
2017-06-30,v0_05_convex_lbfgsb,v0.05 凸重构,对数障碍凸目标,4,True,CONVERGENCE: NORM OF PROJECTED GRADIENT <= PGTOL,15,1.7630999209359288,6.873693743206233e-06,False,0.0,0.050930883287991995,0.1444120506627879
2017-06-30,course_newton,当前阻尼牛顿法,解析Hessian与线搜索,5,True,gradient tolerance satisfied,7,0.3002999583259225,2.9091451470009133e-12,True,0.0,0.05093069038557515,0.14441305909333801
2017-07-31,v0_02_raw_slsqp,v0.02 原始SLSQP,原始RC平方差,1,True,Optimization terminated successfully,1,0.4151000175625086,0.11269351303118028,False,0.0,0.1111111111111111,0.0
2017-07-31,v0_03_scaled_slsqp,v0.03 目标放大,目标乘1e9,2,True,Optimization terminated successfully,21,5.538599914871156,1.0075017863042657e-07,True,0.0,0.04429132805745399,0.19675538073623922
2017-07-31,v0_04_relative_slsqp,v0.04 相对误差,无量纲相对RC误差,3,True,Optimization terminated successfully,20,4.729500040411949,4.5498650617925573e-07,True,2.220446049250313e-16,0.04429125406340107,0.19675548304091312
2017-07-31,v0_05_convex_lbfgsb,v0.05 凸重构,对数障碍凸目标,4,True,CONVERGENCE: NORM OF PROJECTED GRADIENT <= PGTOL,16,1.4325999654829502,6.43393513712065e-06,False,0.0,0.044292249635131856,0.19674522404339406
2017-07-31,course_newton,当前阻尼牛顿法,解析Hessian与线搜索,5,True,gradient tolerance satisfied,7,0.3165000816807151,7.194713991243162e-10,True,0.0,0.04429132140845924,0.1967553179977954
2017-08-31,v0_02_raw_slsqp,v0.02 原始SLSQP,原始RC平方差,1,True,Optimization terminated successfully,1,0.422299955971539,0.11549483959543999,False,0.0,0.1111111111111111,0.0
2017-08-31,v0_03_scaled_slsqp,v0.03 目标放大,目标乘1e9,2,True,Optimization terminated successfully,20,5.350399995222688,2.0206191650440353e-08,True,0.0,0.04087804712040222,0.17372154875696183
2017-08-31,v0_04_relative_slsqp,v0.04 相对误差,无量纲相对RC误差,3,True,Optimization terminated successfully,21,5.135699990205467,1.3949617854724927e-06,False,0.0,0.04087806427321025,0.17372050272401235
2017-08-31,v0_05_convex_lbfgsb,v0.05 凸重构,对数障碍凸目标,4,True,CONVERGENCE: NORM OF PROJECTED GRADIENT <= PGTOL,18,1.9302000291645527,3.8837715759965086e-05,False,1.1102230246251565e-16,0.04088353277858514,0.17367145304052162
2017-08-31,course_newton,当前阻尼牛顿法,解析Hessian与线搜索,5,True,gradient tolerance satisfied,7,0.2905000001192093,4.1440226250522016e-11,True,0.0,0.040878053588988716,0.17372152199416924
2017-09-29,v0_02_raw_slsqp,v0.02 原始SLSQP,原始RC平方差,1,True,Optimization terminated successfully,1,0.41690003126859665,0.09406416906455184,False,0.0,0.1111111111111111,0.0
2017-09-29,v0_03_scaled_slsqp,v0.03 目标放大,目标乘1e9,2,True,Optimization terminated successfully,19,5.1793999737128615,2.6692074259204723e-08,True,2.220446049250313e-16,0.04517332184718621,0.18083725065227346
2017-09-29,v0_04_relative_slsqp,v0.04 相对误差,无量纲相对RC误差,3,True,Optimization terminated successfully,21,4.9999000038951635,3.1314879389565675e-07,True,1.1102230246251565e-16,0.04517322150148181,0.18083696056400367
2017-09-29,v0_05_convex_lbfgsb,v0.05 凸重构,对数障碍凸目标,4,True,CONVERGENCE: NORM OF PROJECTED GRADIENT <= PGTOL,20,2.1295000333338976,6.604303392554467e-06,False,0.0,0.04517609175797152,0.18083595130365898
2017-09-29,course_newton,当前阻尼牛顿法,解析Hessian与线搜索,5,True,gradient tolerance satisfied,7,0.29360002372413874,4.19995760392311e-10,True,2.220446049250313e-16,0.045173330183126345,0.18083721739026598
2017-10-31,v0_02_raw_slsqp,v0.02 原始SLSQP,原始RC平方差,1,True,Optimization terminated successfully,1,0.4488000413402915,0.09194363168746841,False,0.0,0.1111111111111111,0.0
2017-10-31,v0_03_scaled_slsqp,v0.03 目标放大,目标乘1e9,2,True,Optimization terminated successfully,20,5.214800010435283,4.131628238146501e-08,True,1.1102230246251565e-16,0.04141191411139338,0.1874927565431349
2017-10-31,v0_04_relative_slsqp,v0.04 相对误差,无量纲相对RC误差,3,True,Optimization terminated successfully,20,5.086899967864156,5.791778530522818e-07,True,2.220446049250313e-16,0.041411902303927356,0.1874926208314892
2017-10-31,v0_05_convex_lbfgsb,v0.05 凸重构,对数障碍凸目标,4,True,CONVERGENCE: NORM OF PROJECTED GRADIENT <= PGTOL,17,1.8884999444708228,1.3184150005354778e-05,False,0.0,0.041409321302248406,0.1874998206835835
2017-10-31,course_newton,当前阻尼牛顿法,解析Hessian与线搜索,5,True,gradient tolerance satisfied,8,0.34799997229129076,2.7755575615628914e-17,True,1.1102230246251565e-16,0.04141192341622307,0.18749274173406733
2017-11-30,v0_02_raw_slsqp,v0.02 原始SLSQP,原始RC平方差,1,True,Optimization terminated successfully,1,0.4857000894844532,0.16151155717803828,False,0.0,0.1111111111111111,0.0
2017-11-30,v0_03_scaled_slsqp,v0.03 目标放大,目标乘1e9,2,True,Optimization terminated successfully,20,5.413500010035932,2.5181713145250306e-08,True,1.1102230246251565e-16,0.037371063664894254,0.17570880628668223
2017-11-30,v0_04_relative_slsqp,v0.04 相对误差,无量纲相对RC误差,3,True,Optimization terminated successfully,23,6.215599947609007,6.275251896309397e-07,True,1.1102230246251565e-16,0.03737089251716838,0.17570834430894322
2017-11-30,v0_05_convex_lbfgsb,v0.05 凸重构,对数障碍凸目标,4,True,CONVERGENCE: NORM OF PROJECTED GRADIENT <= PGTOL,18,2.322699991054833,1.3406654451181277e-06,False,0.0,0.03737103222671429,0.17570689575495885
2017-11-30,course_newton,当前阻尼牛顿法,解析Hessian与线搜索,5,True,gradient tolerance satisfied,7,0.2946000313386321,1.3745740656823102e-11,True,0.0,0.03737106822538478,0.17570877730860907
2017-12-29,v0_02_raw_slsqp,v0.02 原始SLSQP,原始RC平方差,1,True,Optimization terminated successfully,1,0.4319000290706754,0.10266401177449361,False,0.0,0.1111111111111111,0.0
2017-12-29,v0_03_scaled_slsqp,v0.03 目标放大,目标乘1e9,2,True,Optimization terminated successfully,18,4.8717999598011374,2.8923370073985488e-08,True,1.1102230246251565e-16,0.04634339917046811,0.18038368228456947
2017-12-29,v0_04_relative_slsqp,v0.04 相对误差,无量纲相对RC误差,3,True,Optimization terminated successfully,20,5.9402999468147755,4.637196406032107e-08,True,0.0,0.04634340433646784,0.1803836435909993
2017-12-29,v0_05_convex_lbfgsb,v0.05 凸重构,对数障碍凸目标,4,True,CONVERGENCE: NORM OF PROJECTED GRADIENT <= PGTOL,18,2.038300037384033,1.3463804554497694e-05,False,0.0,0.04634404836067504,0.1803664339123277
2017-12-29,course_newton,当前阻尼牛顿法,解析Hessian与线搜索,5,True,gradient tolerance satisfied,7,0.2930000191554427,5.613691456129999e-11,True,0.0,0.04634341079223518,0.18038364341078683
2018-01-31,v0_02_raw_slsqp,v0.02 原始SLSQP,原始RC平方差,1,True,Optimization terminated successfully,1,0.4290000069886446,0.10357830601242274,False,0.0,0.1111111111111111,0.0
2018-01-31,v0_03_scaled_slsqp,v0.03 目标放大,目标乘1e9,2,True,Optimization terminated successfully,22,5.721300025470555,2.3621269953921775e-08,True,1.1102230246251565e-16,0.04308050358466132,0.2505449511807431
2018-01-31,v0_04_relative_slsqp,v0.04 相对误差,无量纲相对RC误差,3,True,Optimization terminated successfully,20,4.970400012098253,7.153816778127098e-07,True,0.0,0.04308052587284321,0.2505441192111767
2018-01-31,v0_05_convex_lbfgsb,v0.05 凸重构,对数障碍凸目标,4,True,CONVERGENCE: NORM OF PROJECTED GRADIENT <= PGTOL,18,2.600700012408197,3.879248441945871e-06,False,1.1102230246251565e-16,0.04307932042895211,0.25054256577372186
2018-01-31,course_newton,当前阻尼牛顿法,解析Hessian与线搜索,5,True,gradient tolerance satisfied,8,0.49999996554106474,1.1185496973098452e-14,True,0.0,0.04308051050218113,0.2505449148287145
2018-02-28,v0_02_raw_slsqp,v0.02 原始SLSQP,原始RC平方差,1,True,Optimization terminated successfully,1,0.6662999512627721,0.13782507322249926,False,0.0,0.1111111111111111,0.0
2018-02-28,v0_03_scaled_slsqp,v0.03 目标放大,目标乘1e9,2,True,Optimization terminated successfully,24,6.245300057344139,4.634288867932934e-08,True,0.0,0.024411632280127358,0.3439208155148849
2018-02-28,v0_04_relative_slsqp,v0.04 相对误差,无量纲相对RC误差,3,True,Optimization terminated successfully,31,8.877199958078563,1.262802516416306e-06,False,0.0,0.024411362149956744,0.34392210461597916
2018-02-28,v0_05_convex_lbfgsb,v0.05 凸重构,对数障碍凸目标,4,True,CONVERGENCE: NORM OF PROJECTED GRADIENT <= PGTOL,26,4.074000054970384,4.019778676256358e-06,False,1.1102230246251565e-16,0.024412119617022325,0.3439151148116785
2018-02-28,course_newton,当前阻尼牛顿法,解析Hessian与线搜索,5,True,gradient tolerance satisfied,8,0.520800007507205,2.0664456257257768e-11,True,1.1102230246251565e-16,0.024411638388742867,0.3439207488117137
2018-03-30,v0_02_raw_slsqp,v0.02 原始SLSQP,原始RC平方差,1,True,Optimization terminated successfully,1,0.5435999482870102,0.13781831609953762,False,0.0,0.1111111111111111,0.0
2018-03-30,v0_03_scaled_slsqp,v0.03 目标放大,目标乘1e9,2,True,Optimization terminated successfully,28,7.244699983857572,2.0520578969396297e-07,True,0.0,0.020763385622572197,0.413211050791415
2018-03-30,v0_04_relative_slsqp,v0.04 相对误差,无量纲相对RC误差,3,True,Optimization terminated successfully,35,9.33699996676296,1.4151162492370695e-06,False,0.0,0.020763217573855526,0.41321388884497107
2018-03-30,v0_05_convex_lbfgsb,v0.05 凸重构,对数障碍凸目标,4,True,CONVERGENCE: NORM OF PROJECTED GRADIENT <= PGTOL,28,3.1436000717803836,1.488299509293245e-05,False,2.220446049250313e-16,0.0207634204293667,0.4131983501111723
2018-03-30,course_newton,当前阻尼牛顿法,解析Hessian与线搜索,5,True,gradient tolerance satisfied,9,0.4395999712869525,9.71445146547012e-17,True,0.0,0.02076341474441935,0.4132111433472659
2018-04-27,v0_02_raw_slsqp,v0.02 原始SLSQP,原始RC平方差,1,True,Optimization terminated successfully,1,0.5460999673232436,0.1299971217009755,False,0.0,0.1111111111111111,0.0
2018-04-27,v0_03_scaled_slsqp,v0.03 目标放大,目标乘1e9,2,True,Optimization terminated successfully,23,6.2673999927937984,9.150139883284947e-08,True,0.0,0.026069549262791942,0.22632331162098634
2018-04-27,v0_04_relative_slsqp,v0.04 相对误差,无量纲相对RC误差,3,True,Optimization terminated successfully,27,6.546400021761656,3.976265596783435e-07,True,1.1102230246251565e-16,0.02606962652886048,0.22632299814579115
2018-04-27,v0_05_convex_lbfgsb,v0.05 凸重构,对数障碍凸目标,4,True,CONVERGENCE: NORM OF PROJECTED GRADIENT <= PGTOL,26,2.5183999678120017,4.912870929713042e-06,False,0.0,0.026069056200931206,0.22632258303147562
2018-04-27,course_newton,当前阻尼牛顿法,解析Hessian与线搜索,5,True,gradient tolerance satisfied,8,0.35069999285042286,8.604228440844963e-16,True,0.0,0.02606955587062505,0.22632324965350709
2018-05-31,v0_02_raw_slsqp,v0.02 原始SLSQP,原始RC平方差,1,True,Optimization terminated successfully,1,0.47999992966651917,0.13252921736999873,False,0.0,0.1111111111111111,0.0
2018-05-31,v0_03_scaled_slsqp,v0.03 目标放大,目标乘1e9,2,True,Optimization terminated successfully,25,6.45089999306947,7.757950377940137e-08,True,0.0,0.028464280050589305,0.20547868541495146
2018-05-31,v0_04_relative_slsqp,v0.04 相对误差,无量纲相对RC误差,3,True,Optimization terminated successfully,27,6.364500033669174,5.681978216681705e-07,True,0.0,0.028464143724655874,0.2054784073548636
2018-05-31,v0_05_convex_lbfgsb,v0.05 凸重构,对数障碍凸目标,4,True,CONVERGENCE: NORM OF PROJECTED GRADIENT <= PGTOL,24,2.621399937197566,2.822208049388375e-05,False,0.0,0.028461697397290698,0.2054991760752406
2018-05-31,course_newton,当前阻尼牛顿法,解析Hessian与线搜索,5,True,gradient tolerance satisfied,8,0.32570003531873226,1.5265566588595902e-16,True,0.0,0.028464276927688124,0.20547853966222734
2018-06-29,v0_02_raw_slsqp,v0.02 原始SLSQP,原始RC平方差,1,True,Optimization terminated successfully,1,0.5097000394016504,0.17765252256567599,False,0.0,0.1111111111111111,0.0
2018-06-29,v0_03_scaled_slsqp,v0.03 目标放大,目标乘1e9,2,True,Optimization terminated successfully,24,6.245300057344139,4.212358865884891e-08,True,2.220446049250313e-16,0.018346327542239887,0.2912061650640417
2018-06-29,v0_04_relative_slsqp,v0.04 相对误差,无量纲相对RC误差,3,True,Optimization terminated successfully,32,7.598299998790026,5.618358774883703e-07,True,0.0,0.01834636041105455,0.29120646899641517
2018-06-29,v0_05_convex_lbfgsb,v0.05 凸重构,对数障碍凸目标,4,True,CONVERGENCE: NORM OF PROJECTED GRADIENT <= PGTOL,27,3.002300043590367,2.054828606345982e-05,False,0.0,0.018346177483989066,0.2911935880254485
2018-06-29,course_newton,当前阻尼牛顿法,解析Hessian与线搜索,5,True,gradient tolerance satisfied,8,0.3272000467404723,4.932165786897258e-14,True,1.1102230246251565e-16,0.01834633442233082,0.2912061414893037
2018-07-31,v0_02_raw_slsqp,v0.02 原始SLSQP,原始RC平方差,1,True,Optimization terminated successfully,1,0.4640000406652689,0.1558695782320853,False,0.0,0.1111111111111111,0.0
2018-07-31,v0_03_scaled_slsqp,v0.03 目标放大,目标乘1e9,2,True,Optimization terminated successfully,24,6.361300009302795,2.8319739886484285e-08,True,2.220446049250313e-16,0.022778805332733718,0.2396565334956401
2018-07-31,v0_04_relative_slsqp,v0.04 相对误差,无量纲相对RC误差,3,True,Optimization terminated successfully,29,7.2564000729471445,5.381698445633409e-07,True,0.0,0.022778838617725047,0.23965671232713498
2018-07-31,v0_05_convex_lbfgsb,v0.05 凸重构,对数障碍凸目标,4,True,CONVERGENCE: NORM OF PROJECTED GRADIENT <= PGTOL,29,2.562299952842295,1.8374755708178148e-05,False,0.0,0.022780285350068576,0.23964695991955803
2018-07-31,course_newton,当前阻尼牛顿法,解析Hessian与线搜索,5,True,gradient tolerance satisfied,8,0.318199978210032,5.551115123125783e-17,True,0.0,0.02277881096727703,0.23965652420117467
2018-08-31,v0_02_raw_slsqp,v0.02 原始SLSQP,原始RC平方差,1,True,Optimization terminated successfully,1,0.40639995131641626,0.13369037360708252,False,0.0,0.1111111111111111,0.0
2018-08-31,v0_03_scaled_slsqp,v0.03 目标放大,目标乘1e9,2,True,Optimization terminated successfully,20,5.377600085921586,4.08256314032851e-08,True,0.0,0.03431661268140225,0.1518227872957965
2018-08-31,v0_04_relative_slsqp,v0.04 相对误差,无量纲相对RC误差,3,True,Optimization terminated successfully,23,5.386600038036704,3.158507713013625e-07,True,0.0,0.03431653907588901,0.1518226338679995
2018-08-31,v0_05_convex_lbfgsb,v0.05 凸重构,对数障碍凸目标,4,True,CONVERGENCE: NORM OF PROJECTED GRADIENT <= PGTOL,19,1.6944999806582928,1.1665979677402682e-05,False,1.1102230246251565e-16,0.03431749931680087,0.15180773698758837
2018-08-31,course_newton,当前阻尼牛顿法,解析Hessian与线搜索,5,True,gradient tolerance satisfied,7,0.2921000123023987,3.191891195797325e-15,True,0.0,0.03431661740935964,0.15182274195297235
2018-09-28,v0_02_raw_slsqp,v0.02 原始SLSQP,原始RC平方差,1,True,Optimization terminated successfully,1,0.39469997864216566,0.12701686813686805,False,0.0,0.1111111111111111,0.0
2018-09-28,v0_03_scaled_slsqp,v0.03 目标放大,目标乘1e9,2,True,Optimization terminated successfully,20,5.309200030751526,3.052614767906636e-08,True,0.0,0.035848072797408585,0.16375960796412986
2018-09-28,v0_04_relative_slsqp,v0.04 相对误差,无量纲相对RC误差,3,True,Optimization terminated successfully,23,5.557400058023632,3.562277202384667e-07,True,0.0,0.035848092579321034,0.1637600849917109
2018-09-28,v0_05_convex_lbfgsb,v0.05 凸重构,对数障碍凸目标,4,True,CONVERGENCE: NORM OF PROJECTED GRADIENT <= PGTOL,21,2.2384999319911003,1.2966705079595076e-05,False,2.220446049250313e-16,0.0358466326574903,0.16377458745311196
2018-09-28,course_newton,当前阻尼牛顿法,解析Hessian与线搜索,5,True,gradient tolerance satisfied,7,0.2905000001192093,8.908290771714178e-13,True,0.0,0.03584807942440021,0.16375956976041367
2018-10-31,v0_02_raw_slsqp,v0.02 原始SLSQP,原始RC平方差,1,True,Optimization terminated successfully,1,0.40559994522482157,0.15825800207431312,False,0.0,0.1111111111111111,0.0
2018-10-31,v0_03_scaled_slsqp,v0.03 目标放大,目标乘1e9,2,True,Optimization terminated successfully,22,5.476300022564828,3.984397041467691e-08,True,0.0,0.02043789151766786,0.21493373713072578
2018-10-31,v0_04_relative_slsqp,v0.04 相对误差,无量纲相对RC误差,3,True,Optimization terminated successfully,30,8.095900062471628,2.6569711000790086e-07,True,0.0,0.020437889954949894,0.2149333810388122
2018-10-31,v0_05_convex_lbfgsb,v0.05 凸重构,对数障碍凸目标,4,True,CONVERGENCE: NORM OF PROJECTED GRADIENT <= PGTOL,26,2.5477000745013356,1.621580130549416e-05,False,0.0,0.020436408332704523,0.2149312990028569
2018-10-31,course_newton,当前阻尼牛顿法,解析Hessian与线搜索,5,True,gradient tolerance satisfied,7,0.2902999985963106,7.377229521710049e-10,True,0.0,0.020437900053597177,0.21493369820470365
2018-11-30,v0_02_raw_slsqp,v0.02 原始SLSQP,原始RC平方差,1,True,Optimization terminated successfully,1,0.42559998109936714,0.15037517823939794,False,0.0,0.1111111111111111,0.0
2018-11-30,v0_03_scaled_slsqp,v0.03 目标放大,目标乘1e9,2,True,Optimization terminated successfully,28,7.2558000683784485,1.0056890506482397e-07,True,0.0,0.019838618744365887,0.24915047121402978
2018-11-30,v0_04_relative_slsqp,v0.04 相对误差,无量纲相对RC误差,3,True,Optimization terminated successfully,31,8.360099978744984,1.1129307840723746e-06,False,0.0,0.019838715977400407,0.2491498750564768
2018-11-30,v0_05_convex_lbfgsb,v0.05 凸重构,对数障碍凸目标,4,True,CONVERGENCE: NORM OF PROJECTED GRADIENT <= PGTOL,26,2.556899911724031,2.557336053760073e-05,False,0.0,0.01983924279331491,0.2491431864866412
2018-11-30,course_newton,当前阻尼牛顿法,解析Hessian与线搜索,5,True,gradient tolerance satisfied,8,0.3320000832900405,1.3891665595622271e-14,True,2.220446049250313e-16,0.01983862547698484,0.24915034465281133
2018-12-28,v0_02_raw_slsqp,v0.02 原始SLSQP,原始RC平方差,1,True,Optimization terminated successfully,1,0.4700000863522291,0.1471433004983328,False,0.0,0.1111111111111111,0.0
2018-12-28,v0_03_scaled_slsqp,v0.03 目标放大,目标乘1e9,2,True,Optimization terminated successfully,25,6.5734999952837825,5.094581952136412e-08,True,0.0,0.02196569835409347,0.21390022791427427
2018-12-28,v0_04_relative_slsqp,v0.04 相对误差,无量纲相对RC误差,3,True,Optimization terminated successfully,31,7.304799975827336,4.349928768021538e-07,True,0.0,0.021965781023463814,0.21389997107064196
2018-12-28,v0_05_convex_lbfgsb,v0.05 凸重构,对数障碍凸目标,4,True,CONVERGENCE: NORM OF PROJECTED GRADIENT <= PGTOL,27,2.4158000014722347,1.0640759360164287e-05,False,0.0,0.021966977116475127,0.213881144378684
2018-12-28,course_newton,当前阻尼牛顿法,解析Hessian与线搜索,5,True,gradient tolerance satisfied,8,0.345999957062304,7.355227538141662e-16,True,0.0,0.021965691680588012,0.21390024797123963
2019-01-31,v0_02_raw_slsqp,v0.02 原始SLSQP,原始RC平方差,1,True,Optimization terminated successfully,1,0.43240003287792206,0.14925194076910886,False,0.0,0.1111111111111111,0.0
2019-01-31,v0_03_scaled_slsqp,v0.03 目标放大,目标乘1e9,2,True,Optimization terminated successfully,22,6.361800013110042,8.94995178524205e-08,True,2.220446049250313e-16,0.024178536486957274,0.243208153689971
2019-01-31,v0_04_relative_slsqp,v0.04 相对误差,无量纲相对RC误差,3,True,Optimization terminated successfully,27,6.723199971020222,1.1378928924388187e-06,False,1.1102230246251565e-16,0.02417856551225724,0.2432103501298175
2019-01-31,v0_05_convex_lbfgsb,v0.05 凸重构,对数障碍凸目标,4,True,CONVERGENCE: NORM OF PROJECTED GRADIENT <= PGTOL,26,2.103300066664815,1.9918668766508163e-05,False,0.0,0.02417814973317277,0.24320411213770088
2019-01-31,course_newton,当前阻尼牛顿法,解析Hessian与线搜索,5,True,gradient tolerance satisfied,8,0.3260000376030803,4.27755053600265e-13,True,1.1102230246251565e-16,0.024178535209073773,0.24320819334361732
2019-02-28,v0_02_raw_slsqp,v0.02 原始SLSQP,原始RC平方差,1,True,Optimization terminated successfully,1,0.4338999278843403,0.10719542350341482,False,0.0,0.1111111111111111,0.0
2019-02-28,v0_03_scaled_slsqp,v0.03 目标放大,目标乘1e9,2,True,Optimization terminated successfully,23,6.851100013591349,9.065080300296735e-08,True,0.0,0.032244423742569986,0.2128683205850722
2019-02-28,v0_04_relative_slsqp,v0.04 相对误差,无量纲相对RC误差,3,True,Optimization terminated successfully,26,6.568699958734214,5.488429294514541e-07,True,1.1102230246251565e-16,0.0322444593562734,0.21286945242023725
2019-02-28,v0_05_convex_lbfgsb,v0.05 凸重构,对数障碍凸目标,4,True,CONVERGENCE: NORM OF PROJECTED GRADIENT <= PGTOL,24,2.749999985098839,2.347598773208559e-05,False,0.0,0.03224352958942833,0.2128401521523247
2019-02-28,course_newton,当前阻尼牛顿法,解析Hessian与线搜索,5,True,gradient tolerance satisfied,8,0.34930009860545397,7.563394355258879e-15,True,0.0,0.03224442376423705,0.21286833838042357
2019-03-29,v0_02_raw_slsqp,v0.02 原始SLSQP,原始RC平方差,1,True,Optimization terminated successfully,1,0.5204000044614077,0.1547597598999257,False,0.0,0.1111111111111111,0.0
2019-03-29,v0_03_scaled_slsqp,v0.03 目标放大,目标乘1e9,2,True,Optimization terminated successfully,27,7.383399992249906,1.5486998561353715e-07,True,0.0,0.022890408369214847,0.2471947155358299
2019-03-29,v0_04_relative_slsqp,v0.04 相对误差,无量纲相对RC误差,3,True,Optimization terminated successfully,29,6.910800002515316,6.429639657495878e-07,True,0.0,0.022890382818772887,0.2471956188500976
2019-03-29,v0_05_convex_lbfgsb,v0.05 凸重构,对数障碍凸目标,4,True,CONVERGENCE: NORM OF PROJECTED GRADIENT <= PGTOL,28,3.7757999962195754,1.9655331869969372e-05,False,0.0,0.02289047171304814,0.24721223054815872
2019-03-29,course_newton,当前阻尼牛顿法,解析Hessian与线搜索,5,True,gradient tolerance satisfied,8,0.904899905435741,3.777145263228476e-12,True,2.220446049250313e-16,0.022890415086181552,0.2471950013312093
2019-04-30,v0_02_raw_slsqp,v0.02 原始SLSQP,原始RC平方差,1,True,Optimization terminated successfully,1,0.7284999592229724,0.18088887391211683,False,0.0,0.1111111111111111,0.0
2019-04-30,v0_03_scaled_slsqp,v0.03 目标放大,目标乘1e9,2,True,Optimization terminated successfully,23,6.30730006378144,2.1632067123689147e-08,True,0.0,0.03086389804361962,0.1897644469281471
2019-04-30,v0_04_relative_slsqp,v0.04 相对误差,无量纲相对RC误差,3,True,Optimization terminated successfully,23,5.457799998112023,1.1757978397863855e-07,True,2.220446049250313e-16,0.030863877388993974,0.1897644647529339
2019-04-30,v0_05_convex_lbfgsb,v0.05 凸重构,对数障碍凸目标,4,True,CONVERGENCE: NORM OF PROJECTED GRADIENT <= PGTOL,21,2.6853999588638544,1.2335103865210306e-05,False,1.1102230246251565e-16,0.030864364041157985,0.1897784346664888
2019-04-30,course_newton,当前阻尼牛顿法,解析Hessian与线搜索,5,True,gradient tolerance satisfied,7,0.4062000662088394,1.9631615777448985e-11,True,0.0,0.03086389867390715,0.18976440654626775
2019-05-31,v0_02_raw_slsqp,v0.02 原始SLSQP,原始RC平方差,1,True,Optimization terminated successfully,1,0.6745000137016177,0.20740822886893895,False,0.0,0.1111111111111111,0.0
2019-05-31,v0_03_scaled_slsqp,v0.03 目标放大,目标乘1e9,2,True,Optimization terminated successfully,24,6.186999962665141,3.732897424502113e-08,True,2.220446049250313e-16,0.021160366367189355,0.236693167460575
2019-05-31,v0_04_relative_slsqp,v0.04 相对误差,无量纲相对RC误差,3,True,Optimization terminated successfully,29,7.020300021395087,1.0507075330623561e-07,True,0.0,0.021160376142574114,0.23669290496479112
2019-05-31,v0_05_convex_lbfgsb,v0.05 凸重构,对数障碍凸目标,4,True,CONVERGENCE: NORM OF PROJECTED GRADIENT <= PGTOL,32,4.776600049808621,8.546583611199199e-06,False,2.220446049250313e-16,0.02116103461309267,0.23670631799059572
2019-05-31,course_newton,当前阻尼牛顿法,解析Hessian与线搜索,5,True,gradient tolerance satisfied,8,0.3426999319344759,4.163336342344337e-17,True,1.1102230246251565e-16,0.021160371572323203,0.23669312181378993
2019-06-28,v0_02_raw_slsqp,v0.02 原始SLSQP,原始RC平方差,1,True,Optimization terminated successfully,1,0.48589997459203005,0.20449371582574433,False,0.0,0.1111111111111111,0.0
2019-06-28,v0_03_scaled_slsqp,v0.03 目标放大,目标乘1e9,2,True,Optimization terminated successfully,25,6.524400087073445,4.6858378316416704e-08,True,2.220446049250313e-16,0.022197889086235042,0.2650117722775627
2019-06-28,v0_04_relative_slsqp,v0.04 相对误差,无量纲相对RC误差,3,True,Optimization terminated successfully,28,7.520399987697601,9.085413722464963e-07,True,0.0,0.022197873479265995,0.2650116409538368
2019-06-28,v0_05_convex_lbfgsb,v0.05 凸重构,对数障碍凸目标,4,True,CONVERGENCE: NORM OF PROJECTED GRADIENT <= PGTOL,21,2.343800035305321,1.6047879163885725e-05,False,0.0,0.02219872559111616,0.26500833596334894
2019-06-28,course_newton,当前阻尼牛顿法,解析Hessian与线搜索,5,True,gradient tolerance satisfied,8,0.34300005063414574,2.248201624865942e-14,True,1.1102230246251565e-16,0.022197893692649562,0.2650117018170826
2019-07-31,v0_02_raw_slsqp,v0.02 原始SLSQP,原始RC平方差,1,True,Optimization terminated successfully,1,0.5246000364422798,0.16078692776278752,False,0.0,0.1111111111111111,0.0
2019-07-31,v0_03_scaled_slsqp,v0.03 目标放大,目标乘1e9,2,True,Optimization terminated successfully,25,6.592499907128513,5.815786024987446e-08,True,0.0,0.022093909521215222,0.3547406346561203
2019-07-31,v0_04_relative_slsqp,v0.04 相对误差,无量纲相对RC误差,3,True,Optimization terminated successfully,30,7.8746998915448785,8.442994098578627e-07,True,0.0,0.022093815794498258,0.35474200729244487
2019-07-31,v0_05_convex_lbfgsb,v0.05 凸重构,对数障碍凸目标,4,True,CONVERGENCE: NORM OF PROJECTED GRADIENT <= PGTOL,20,2.226899960078299,7.96270442246505e-06,False,2.220446049250313e-16,0.022094511366609892,0.3547308921013216
2019-07-31,course_newton,当前阻尼牛顿法,解析Hessian与线搜索,5,True,gradient tolerance satisfied,8,0.49789994955062866,7.936086510174079e-11,True,0.0,0.022093917605406993,0.35474055244026487
2019-08-30,v0_02_raw_slsqp,v0.02 原始SLSQP,原始RC平方差,1,True,Optimization terminated successfully,1,0.6225000834092498,0.12984617892169367,False,0.0,0.1111111111111111,0.0
2019-08-30,v0_03_scaled_slsqp,v0.03 目标放大,目标乘1e9,2,True,Optimization terminated successfully,25,6.7928999196738005,7.800881100805679e-08,True,2.220446049250313e-16,0.025141177747160334,0.3452237975607392
2019-08-30,v0_04_relative_slsqp,v0.04 相对误差,无量纲相对RC误差,3,True,Optimization terminated successfully,27,7.646400015801191,1.1876704823776674e-06,False,0.0,0.0251414698640533,0.34522338526434493
2019-08-30,v0_05_convex_lbfgsb,v0.05 凸重构,对数障碍凸目标,4,True,CONVERGENCE: NORM OF PROJECTED GRADIENT <= PGTOL,20,1.9678999669849873,4.5933969975153754e-06,False,0.0,0.025139988515833843,0.3452304571803939
2019-08-30,course_newton,当前阻尼牛顿法,解析Hessian与线搜索,5,True,gradient tolerance satisfied,8,0.33219996839761734,2.985977853864341e-10,True,0.0,0.02514118977226801,0.3452236168311398
2019-09-30,v0_02_raw_slsqp,v0.02 原始SLSQP,原始RC平方差,1,True,Optimization terminated successfully,1,0.44980004895478487,0.15093094622006603,False,0.0,0.1111111111111111,0.0
2019-09-30,v0_03_scaled_slsqp,v0.03 目标放大,目标乘1e9,2,True,Optimization terminated successfully,24,6.708899978548288,1.1341461263192354e-07,True,2.220446049250313e-16,0.02663271707133834,0.2984606735452076
2019-09-30,v0_04_relative_slsqp,v0.04 相对误差,无量纲相对RC误差,3,True,Optimization terminated successfully,27,7.184599991887808,5.763109757889184e-07,True,2.220446049250313e-16,0.026632696675359037,0.2984608442989424
2019-09-30,v0_05_convex_lbfgsb,v0.05 凸重构,对数障碍凸目标,4,True,CONVERGENCE: NORM OF PROJECTED GRADIENT <= PGTOL,20,3.095199936069548,3.8481119227801175e-05,False,1.1102230246251565e-16,0.02662912353937975,0.29844783188656304
2019-09-30,course_newton,当前阻尼牛顿法,解析Hessian与线搜索,5,True,gradient tolerance satisfied,8,0.3945999778807163,4.411832010831063e-12,True,0.0,0.026632698859781503,0.2984607716264007
2019-10-31,v0_02_raw_slsqp,v0.02 原始SLSQP,原始RC平方差,1,True,Optimization terminated successfully,1,0.5077000241726637,0.13902600138150767,False,0.0,0.1111111111111111,0.0
2019-10-31,v0_03_scaled_slsqp,v0.03 目标放大,目标乘1e9,2,True,Optimization terminated successfully,21,5.5195000022649765,3.034900469822688e-08,True,0.0,0.03294298920886686,0.24789779495493247
2019-10-31,v0_04_relative_slsqp,v0.04 相对误差,无量纲相对RC误差,3,True,Optimization terminated successfully,22,6.310999975539744,3.1937555380889826e-07,True,0.0,0.032942973628715684,0.24789838844180145
2019-10-31,v0_05_convex_lbfgsb,v0.05 凸重构,对数障碍凸目标,4,True,CONVERGENCE: NORM OF PROJECTED GRADIENT <= PGTOL,17,2.257399959489703,7.368217331840676e-06,False,0.0,0.03294326653830443,0.2479123012709749
2019-10-31,course_newton,当前阻尼牛顿法,解析Hessian与线搜索,5,True,gradient tolerance satisfied,8,0.3298000665381551,1.7513768213461844e-14,True,0.0,0.032942998076789215,0.2478977448371822
2019-11-29,v0_02_raw_slsqp,v0.02 原始SLSQP,原始RC平方差,1,True,Optimization terminated successfully,1,0.44269999489188194,0.12540969196273158,False,0.0,0.1111111111111111,0.0
2019-11-29,v0_03_scaled_slsqp,v0.03 目标放大,目标乘1e9,2,True,Optimization terminated successfully,21,5.565700004808605,1.0531016875203747e-07,True,2.220446049250313e-16,0.029956638504383137,0.29606049483897473
2019-11-29,v0_04_relative_slsqp,v0.04 相对误差,无量纲相对RC误差,3,True,Optimization terminated successfully,23,6.453899899497628,2.837401762156855e-07,True,0.0,0.029956625131905307,0.2960607946234924
2019-11-29,v0_05_convex_lbfgsb,v0.05 凸重构,对数障碍凸目标,4,True,CONVERGENCE: NORM OF PROJECTED GRADIENT <= PGTOL,20,3.4637999488040805,1.5263385625213788e-05,False,0.0,0.029956232032991657,0.29607032552331397
2019-11-29,course_newton,当前阻尼牛顿法,解析Hessian与线搜索,5,True,gradient tolerance satisfied,8,0.37020002491772175,2.3650290059684664e-11,True,0.0,0.029956629108708884,0.2960606468623176
2019-12-31,v0_02_raw_slsqp,v0.02 原始SLSQP,原始RC平方差,1,True,Optimization terminated successfully,1,0.5426999414339662,0.13943451073105806,False,0.0,0.1111111111111111,0.0
2019-12-31,v0_03_scaled_slsqp,v0.03 目标放大,目标乘1e9,2,True,Optimization terminated successfully,21,5.37659996189177,9.816796707473596e-08,True,2.220446049250313e-16,0.02994399033825107,0.3104623900442263
2019-12-31,v0_04_relative_slsqp,v0.04 相对误差,无量纲相对RC误差,3,True,Optimization terminated successfully,23,5.672900006175041,9.573918683808413e-07,True,0.0,0.02994416317220457,0.3104633256971482
2019-12-31,v0_05_convex_lbfgsb,v0.05 凸重构,对数障碍凸目标,4,True,CONVERGENCE: NORM OF PROJECTED GRADIENT <= PGTOL,21,3.063000040128827,5.02176149461131e-06,False,2.220446049250313e-16,0.02994468781188172,0.31045442963860104
2019-12-31,course_newton,当前阻尼牛顿法,解析Hessian与线搜索,5,True,gradient tolerance satisfied,9,0.404000049456954,4.163336342344337e-17,True,0.0,0.029944001191984038,0.3104623441513442
2020-01-23,v0_02_raw_slsqp,v0.02 原始SLSQP,原始RC平方差,1,True,Optimization terminated successfully,1,0.49949996173381805,0.10794367239529548,False,0.0,0.1111111111111111,0.0
2020-01-23,v0_03_scaled_slsqp,v0.03 目标放大,目标乘1e9,2,True,Optimization terminated successfully,25,6.471000029705465,2.490148325318131e-07,True,0.0,0.022088636640748956,0.37782400759343393
2020-01-23,v0_04_relative_slsqp,v0.04 相对误差,无量纲相对RC误差,3,True,Optimization terminated successfully,37,9.97580005787313,7.351931135129997e-07,True,2.220446049250313e-16,0.02208868124396915,0.3778240036371713
2020-01-23,v0_05_convex_lbfgsb,v0.05 凸重构,对数障碍凸目标,4,True,CONVERGENCE: NORM OF PROJECTED GRADIENT <= PGTOL,23,2.3167000617831945,2.172976928019321e-06,False,2.220446049250313e-16,0.022088274648566737,0.3778239484804171
2020-01-23,course_newton,当前阻尼牛顿法,解析Hessian与线搜索,5,True,gradient tolerance satisfied,9,0.8081999840214849,1.444677710793485e-14,True,2.220446049250313e-16,0.022088691391258738,0.37782366868305184
2020-02-28,v0_02_raw_slsqp,v0.02 原始SLSQP,原始RC平方差,1,True,Optimization terminated successfully,1,0.6122000049799681,0.12686478576472462,False,0.0,0.1111111111111111,0.0
2020-02-28,v0_03_scaled_slsqp,v0.03 目标放大,目标乘1e9,2,True,Optimization terminated successfully,5,0.4298000130802393,0.12686478576472462,False,0.0,0.1111111111111111,0.0
2020-02-28,v0_04_relative_slsqp,v0.04 相对误差,无量纲相对RC误差,3,True,Optimization terminated successfully,48,13.264499953947961,2.3168837101628093e-07,True,0.0,0.010390558760442183,0.4010038844521306
2020-02-28,v0_05_convex_lbfgsb,v0.05 凸重构,对数障碍凸目标,4,True,CONVERGENCE: NORM OF PROJECTED GRADIENT <= PGTOL,34,2.9303000774234533,2.5387743009114283e-06,False,0.0,0.01039052966543497,0.40100326842431316
2020-02-28,course_newton,当前阻尼牛顿法,解析Hessian与线搜索,5,True,gradient tolerance satisfied,9,0.3651999868452549,2.914335439641036e-16,True,1.1102230246251565e-16,0.01039057011835155,0.4010040743608599
2020-03-31,v0_02_raw_slsqp,v0.02 原始SLSQP,原始RC平方差,1,True,Optimization terminated successfully,1,0.4347999347373843,0.10570022757361777,False,0.0,0.1111111111111111,0.0
2020-03-31,v0_03_scaled_slsqp,v0.03 目标放大,目标乘1e9,2,True,Optimization terminated successfully,5,0.41850004345178604,0.10570022757361777,False,0.0,0.1111111111111111,0.0
2020-03-31,v0_04_relative_slsqp,v0.04 相对误差,无量纲相对RC误差,3,True,Optimization terminated successfully,32,9.742200025357306,1.2081407979730452e-06,False,0.0,0.024219859952326596,0.25835020617498955
2020-03-31,v0_05_convex_lbfgsb,v0.05 凸重构,对数障碍凸目标,4,True,CONVERGENCE: NORM OF PROJECTED GRADIENT <= PGTOL,21,2.0234999246895313,2.521510391553794e-06,False,0.0,0.024219919731550986,0.2583501358054875
2020-03-31,course_newton,当前阻尼牛顿法,解析Hessian与线搜索,5,True,gradient tolerance satisfied,7,0.29799994081258774,1.5499268535279498e-12,True,0.0,0.024219898476491572,0.2583502136506458
2020-04-30,v0_02_raw_slsqp,v0.02 原始SLSQP,原始RC平方差,1,True,Optimization terminated successfully,1,0.4371999530121684,0.10563668668317144,False,0.0,0.1111111111111111,0.0
2020-04-30,v0_03_scaled_slsqp,v0.03 目标放大,目标乘1e9,2,True,Optimization terminated successfully,26,6.767600076273084,4.647430403015296e-08,True,0.0,0.028409657871280067,0.3055560596331126
2020-04-30,v0_04_relative_slsqp,v0.04 相对误差,无量纲相对RC误差,3,True,Optimization terminated successfully,27,7.181099965237081,6.958512191457267e-08,True,2.220446049250313e-16,0.028409664193049966,0.305556069741455
2020-04-30,v0_05_convex_lbfgsb,v0.05 凸重构,对数障碍凸目标,4,True,CONVERGENCE: NORM OF PROJECTED GRADIENT <= PGTOL,24,2.2473999997600913,1.9167267854142134e-06,False,0.0,0.028409301419282322,0.30555686206778254
2020-04-30,course_newton,当前阻尼牛顿法,解析Hessian与线搜索,5,True,gradient tolerance satisfied,7,0.3029000945389271,2.1696064389509218e-10,True,0.0,0.02840966799648441,0.3055560004392053
2020-05-29,v0_02_raw_slsqp,v0.02 原始SLSQP,原始RC平方差,1,True,Optimization terminated successfully,1,0.4256999818608165,0.1030758621605353,False,0.0,0.1111111111111111,0.0
2020-05-29,v0_03_scaled_slsqp,v0.03 目标放大,目标乘1e9,2,True,Optimization terminated successfully,24,6.433999980799854,3.137719779833237e-08,True,0.0,0.03634716069411887,0.2308172042038697
2020-05-29,v0_04_relative_slsqp,v0.04 相对误差,无量纲相对RC误差,3,True,Optimization terminated successfully,27,7.5422999216243625,1.0700821724135556e-06,False,0.0,0.03634749029433283,0.23081898545365231
2020-05-29,v0_05_convex_lbfgsb,v0.05 凸重构,对数障碍凸目标,4,True,CONVERGENCE: NORM OF PROJECTED GRADIENT <= PGTOL,18,1.976999919861555,9.368168794515741e-06,False,2.220446049250313e-16,0.036345562583708246,0.23082791998733276
2020-05-29,course_newton,当前阻尼牛顿法,解析Hessian与线搜索,5,True,gradient tolerance satisfied,7,0.2973000518977642,7.739642260418123e-14,True,0.0,0.03634716688888176,0.23081717102275479
2020-06-30,v0_02_raw_slsqp,v0.02 原始SLSQP,原始RC平方差,1,True,Optimization terminated successfully,1,0.430300016887486,0.09888857566217282,False,0.0,0.1111111111111111,0.0
2020-06-30,v0_03_scaled_slsqp,v0.03 目标放大,目标乘1e9,2,True,Optimization terminated successfully,22,5.87310001719743,2.156142792086868e-08,True,1.1102230246251565e-16,0.04591740255999448,0.18200096216472061
2020-06-30,v0_04_relative_slsqp,v0.04 相对误差,无量纲相对RC误差,3,True,Optimization terminated successfully,20,4.905799985863268,2.3205192328790147e-07,True,0.0,0.04591742958670862,0.18200110924727664
2020-06-30,v0_05_convex_lbfgsb,v0.05 凸重构,对数障碍凸目标,4,True,CONVERGENCE: NORM OF PROJECTED GRADIENT <= PGTOL,16,2.0124000729992986,2.853777272965319e-06,False,0.0,0.045916919327084,0.18199874203469185
2020-06-30,course_newton,当前阻尼牛顿法,解析Hessian与线搜索,5,True,gradient tolerance satisfied,7,0.29969995375722647,1.6375789613221059e-15,True,2.220446049250313e-16,0.04591740886465458,0.1820009410281741
2020-07-31,v0_02_raw_slsqp,v0.02 原始SLSQP,原始RC平方差,1,True,Optimization terminated successfully,1,0.48310006968677044,0.14207771958257903,False,0.0,0.1111111111111111,0.0
2020-07-31,v0_03_scaled_slsqp,v0.03 目标放大,目标乘1e9,2,True,Optimization terminated successfully,22,6.1295999912545085,1.017716130813362e-08,True,0.0,0.036376881456983916,0.15376891530711811
2020-07-31,v0_04_relative_slsqp,v0.04 相对误差,无量纲相对RC误差,3,True,Optimization terminated successfully,25,7.35319999512285,2.179238644817172e-07,True,0.0,0.036376818779025884,0.15376894167462357
2020-07-31,v0_05_convex_lbfgsb,v0.05 凸重构,对数障碍凸目标,4,True,CONVERGENCE: NORM OF PROJECTED GRADIENT <= PGTOL,19,2.0265000639483333,3.3242396606930624e-06,False,0.0,0.0363764447265166,0.15377253956725356
2020-07-31,course_newton,当前阻尼牛顿法,解析Hessian与线搜索,5,True,gradient tolerance satisfied,7,0.3021999727934599,2.7755575615628914e-17,True,0.0,0.03637688270866623,0.1537689226602556
2020-08-31,v0_02_raw_slsqp,v0.02 原始SLSQP,原始RC平方差,1,True,Optimization terminated successfully,1,0.4626000300049782,0.14254083006996693,False,0.0,0.1111111111111111,0.0
2020-08-31,v0_03_scaled_slsqp,v0.03 目标放大,目标乘1e9,2,True,Optimization terminated successfully,22,6.007499992847443,1.5816185083838974e-08,True,1.1102230246251565e-16,0.0345436470448308,0.16902461039001598
2020-08-31,v0_04_relative_slsqp,v0.04 相对误差,无量纲相对RC误差,3,True,Optimization terminated successfully,23,6.001800065860152,1.243278341028775e-06,False,0.0,0.034543675959974714,0.16902660518054197
2020-08-31,v0_05_convex_lbfgsb,v0.05 凸重构,对数障碍凸目标,4,True,CONVERGENCE: NORM OF PROJECTED GRADIENT <= PGTOL,18,2.420599921606481,2.4361096251881986e-05,False,1.1102230246251565e-16,0.0345484158188477,0.16900684174335473
2020-08-31,course_newton,当前阻尼牛顿法,解析Hessian与线搜索,5,True,gradient tolerance satisfied,7,0.31759997364133596,1.1574075031717257e-14,True,1.1102230246251565e-16,0.03454364889035167,0.16902460763427607
2020-09-30,v0_02_raw_slsqp,v0.02 原始SLSQP,原始RC平方差,1,True,Optimization terminated successfully,1,0.47670002095401287,0.14126373770008854,False,0.0,0.1111111111111111,0.0
2020-09-30,v0_03_scaled_slsqp,v0.03 目标放大,目标乘1e9,2,True,Optimization terminated successfully,22,5.782600026577711,6.937816661445328e-08,True,0.0,0.031284012609709644,0.19179258758621504
2020-09-30,v0_04_relative_slsqp,v0.04 相对误差,无量纲相对RC误差,3,True,Optimization terminated successfully,25,6.579500040970743,2.6946399209193395e-07,True,0.0,0.03128404909978136,0.19179249765210837
2020-09-30,v0_05_convex_lbfgsb,v0.05 凸重构,对数障碍凸目标,4,True,CONVERGENCE: NORM OF PROJECTED GRADIENT <= PGTOL,19,1.8750999588519335,1.739701656468251e-05,False,0.0,0.03128408169620183,0.19179150297779007
2020-09-30,course_newton,当前阻尼牛顿法,解析Hessian与线搜索,5,True,gradient tolerance satisfied,7,0.29989995528012514,1.1791956300299944e-13,True,2.220446049250313e-16,0.031284033151106345,0.1917925776172919
2020-10-30,v0_02_raw_slsqp,v0.02 原始SLSQP,原始RC平方差,1,True,Optimization terminated successfully,1,0.44159998651593924,0.14202646879009156,False,0.0,0.1111111111111111,0.0
2020-10-30,v0_03_scaled_slsqp,v0.03 目标放大,目标乘1e9,2,True,Optimization terminated successfully,25,6.491799955256283,2.1281118936511412e-08,True,2.220446049250313e-16,0.029659037701755098,0.2000235959477798
2020-10-30,v0_04_relative_slsqp,v0.04 相对误差,无量纲相对RC误差,3,True,Optimization terminated successfully,25,6.639000028371811,1.7722474229819873e-07,True,0.0,0.02965907614446676,0.20002329553709425
2020-10-30,v0_05_convex_lbfgsb,v0.05 凸重构,对数障碍凸目标,4,True,CONVERGENCE: NORM OF PROJECTED GRADIENT <= PGTOL,20,2.090199966914952,1.1849105394826087e-05,False,0.0,0.02965937211298233,0.20002362315109473
2020-10-30,course_newton,当前阻尼牛顿法,解析Hessian与线搜索,5,True,gradient tolerance satisfied,7,0.2930000191554427,5.086556176259194e-12,True,1.1102230246251565e-16,0.029659043418809414,0.20002357717442742
2020-11-30,v0_02_raw_slsqp,v0.02 原始SLSQP,原始RC平方差,1,True,Optimization terminated successfully,1,0.3980000037699938,0.1258996913119226,False,0.0,0.1111111111111111,0.0
2020-11-30,v0_03_scaled_slsqp,v0.03 目标放大,目标乘1e9,2,True,Optimization terminated successfully,23,5.619700066745281,3.131487469332228e-08,True,0.0,0.03162643673222811,0.20556257064685568
2020-11-30,v0_04_relative_slsqp,v0.04 相对误差,无量纲相对RC误差,3,True,Optimization terminated successfully,24,6.0171999502927065,6.61167626925252e-07,True,2.220446049250313e-16,0.03162631328886884,0.20556361801877965
2020-11-30,v0_05_convex_lbfgsb,v0.05 凸重构,对数障碍凸目标,4,True,CONVERGENCE: NORM OF PROJECTED GRADIENT <= PGTOL,18,1.686600036919117,9.704593824141905e-06,False,0.0,0.03162402735525242,0.20556223590988504
2020-11-30,course_newton,当前阻尼牛顿法,解析Hessian与线搜索,5,True,gradient tolerance satisfied,7,0.31859998125582933,4.480288917640962e-10,True,0.0,0.031626444148087816,0.2055625359362515
2020-12-31,v0_02_raw_slsqp,v0.02 原始SLSQP,原始RC平方差,1,True,Optimization terminated successfully,1,0.4537999629974365,0.10131338935888727,False,0.0,0.1111111111111111,0.0
2020-12-31,v0_03_scaled_slsqp,v0.03 目标放大,目标乘1e9,2,True,Optimization terminated successfully,24,5.956099950708449,1.220583333155778e-07,True,1.1102230246251565e-16,0.032746640043123526,0.2580444956477747
2020-12-31,v0_04_relative_slsqp,v0.04 相对误差,无量纲相对RC误差,3,True,Optimization terminated successfully,26,6.350700045004487,1.862255178119998e-07,True,2.220446049250313e-16,0.03274667773036945,0.2580445174857804
2020-12-31,v0_05_convex_lbfgsb,v0.05 凸重构,对数障碍凸目标,4,True,CONVERGENCE: NORM OF PROJECTED GRADIENT <= PGTOL,18,2.6907999999821186,2.3978547136205286e-06,False,1.1102230246251565e-16,0.03274682815827292,0.2580460655862575
2020-12-31,course_newton,当前阻尼牛顿法,解析Hessian与线搜索,5,True,gradient tolerance satisfied,8,0.7208000170066953,1.1435297153639112e-14,True,0.0,0.03274666748253835,0.2580443190029914
2021-01-29,v0_02_raw_slsqp,v0.02 原始SLSQP,原始RC平方差,1,True,Optimization terminated successfully,1,0.6926999194547534,0.09871523187753287,False,0.0,0.1111111111111111,0.0
2021-01-29,v0_03_scaled_slsqp,v0.03 目标放大,目标乘1e9,2,True,Optimization terminated successfully,27,7.1740000275895,6.819563579119059e-08,True,0.0,0.03593589005000085,0.25949197802231017
2021-01-29,v0_04_relative_slsqp,v0.04 相对误差,无量纲相对RC误差,3,True,Optimization terminated successfully,25,6.446500075981021,2.5671807174498795e-07,True,0.0,0.03593582385071614,0.2594917140324916
2021-01-29,v0_05_convex_lbfgsb,v0.05 凸重构,对数障碍凸目标,4,True,CONVERGENCE: NORM OF PROJECTED GRADIENT <= PGTOL,18,2.397799980826676,1.4902638160591009e-06,False,1.1102230246251565e-16,0.03593615021571439,0.2594918108010177
2021-01-29,course_newton,当前阻尼牛顿法,解析Hessian与线搜索,5,True,gradient tolerance satisfied,8,0.3258000360801816,9.71445146547012e-17,True,1.1102230246251565e-16,0.035935909467586014,0.2594918949170264
2021-02-26,v0_02_raw_slsqp,v0.02 原始SLSQP,原始RC平方差,1,True,Optimization terminated successfully,1,0.4290000069886446,0.10082097716118088,False,0.0,0.1111111111111111,0.0
2021-02-26,v0_03_scaled_slsqp,v0.03 目标放大,目标乘1e9,2,True,Optimization terminated successfully,28,7.635000045411289,7.458121126235895e-08,True,0.0,0.03389309265361526,0.29118745136623864
2021-02-26,v0_04_relative_slsqp,v0.04 相对误差,无量纲相对RC误差,3,True,Optimization terminated successfully,28,7.087400066666305,5.566214174440587e-07,True,0.0,0.03389302185187765,0.2911871401885591
2021-02-26,v0_05_convex_lbfgsb,v0.05 凸重构,对数障碍凸目标,4,True,CONVERGENCE: NORM OF PROJECTED GRADIENT <= PGTOL,18,2.381499973125756,4.746756328027901e-06,False,1.1102230246251565e-16,0.033893431673268797,0.2911898022712098
2021-02-26,course_newton,当前阻尼牛顿法,解析Hessian与线搜索,5,True,gradient tolerance satisfied,8,0.3424000460654497,6.38378239159465e-16,True,2.220446049250313e-16,0.03389310469770986,0.29118747276058166
2021-03-31,v0_02_raw_slsqp,v0.02 原始SLSQP,原始RC平方差,1,True,Optimization terminated successfully,1,0.4430999979376793,0.10492619381343557,False,0.0,0.1111111111111111,0.0
2021-03-31,v0_03_scaled_slsqp,v0.03 目标放大,目标乘1e9,2,True,Optimization terminated successfully,26,6.468100007623434,1.2388019930698047e-07,True,0.0,0.024066704612985625,0.32696236100388065
2021-03-31,v0_04_relative_slsqp,v0.04 相对误差,无量纲相对RC误差,3,True,Optimization terminated successfully,28,7.317099953070283,4.155941309286204e-07,True,0.0,0.024066638824364668,0.32696256986446065
2021-03-31,v0_05_convex_lbfgsb,v0.05 凸重构,对数障碍凸目标,4,True,CONVERGENCE: NORM OF PROJECTED GRADIENT <= PGTOL,21,2.4205000372603536,3.958189763592079e-06,False,1.1102230246251565e-16,0.024066502187867087,0.32696547138070964
2021-03-31,course_newton,当前阻尼牛顿法,解析Hessian与线搜索,5,True,gradient tolerance satisfied,8,0.35850005224347115,1.8170603910405703e-12,True,0.0,0.024066720162693643,0.3269623659639009
2021-04-30,v0_02_raw_slsqp,v0.02 原始SLSQP,原始RC平方差,1,True,Optimization terminated successfully,1,0.430600019171834,0.10307980337831213,False,0.0,0.1111111111111111,0.0
2021-04-30,v0_03_scaled_slsqp,v0.03 目标放大,目标乘1e9,2,True,Optimization terminated successfully,27,6.672899937257171,8.131064306582392e-08,True,1.1102230246251565e-16,0.027973065040981224,0.2998473963750751
2021-04-30,v0_04_relative_slsqp,v0.04 相对误差,无量纲相对RC误差,3,True,Optimization terminated successfully,27,7.207100046798587,1.0547413722417076e-06,False,0.0,0.027973199922308414,0.299848442757562
2021-04-30,v0_05_convex_lbfgsb,v0.05 凸重构,对数障碍凸目标,4,True,CONVERGENCE: NORM OF PROJECTED GRADIENT <= PGTOL,23,3.1438999576494098,5.6073393095018575e-06,False,2.220446049250313e-16,0.027974113950364133,0.2998359395689948
2021-04-30,course_newton,当前阻尼牛顿法,解析Hessian与线搜索,5,True,gradient tolerance satisfied,8,0.3442999441176653,1.7288392939462938e-12,True,1.1102230246251565e-16,0.02797307488130403,0.29984727151078583
2021-05-31,v0_02_raw_slsqp,v0.02 原始SLSQP,原始RC平方差,1,True,Optimization terminated successfully,1,0.5173999816179276,0.1202267105299332,False,0.0,0.1111111111111111,0.0
2021-05-31,v0_03_scaled_slsqp,v0.03 目标放大,目标乘1e9,2,True,Optimization terminated successfully,28,7.777700084261596,2.0479487937430374e-07,True,1.1102230246251565e-16,0.02387738528919261,0.31678258178419394
2021-05-31,v0_04_relative_slsqp,v0.04 相对误差,无量纲相对RC误差,3,True,Optimization terminated successfully,30,7.140900008380413,3.687198645713208e-07,True,0.0,0.023877416061253123,0.31678180820511326
2021-05-31,v0_05_convex_lbfgsb,v0.05 凸重构,对数障碍凸目标,4,True,CONVERGENCE: NORM OF PROJECTED GRADIENT <= PGTOL,24,3.2996999798342586,1.2961603356759221e-05,False,0.0,0.023876805963896172,0.316791547067355
2021-05-31,course_newton,当前阻尼牛顿法,解析Hessian与线搜索,5,True,gradient tolerance satisfied,8,0.34570007119327784,3.014001548340417e-11,True,0.0,0.02387740227197185,0.316782398764867
2021-06-30,v0_02_raw_slsqp,v0.02 原始SLSQP,原始RC平方差,1,True,Optimization terminated successfully,1,0.4539000801742077,0.10241170772736312,False,0.0,0.1111111111111111,0.0
2021-06-30,v0_03_scaled_slsqp,v0.03 目标放大,目标乘1e9,2,True,Optimization terminated successfully,30,8.187899948097765,1.2030994110678872e-07,True,0.0,0.02905116971764525,0.33647930218938377
2021-06-30,v0_04_relative_slsqp,v0.04 相对误差,无量纲相对RC误差,3,True,Optimization terminated successfully,29,7.0189000107347965,2.6173479382440856e-07,True,0.0,0.02905117055744182,0.3364783562376925
2021-06-30,v0_05_convex_lbfgsb,v0.05 凸重构,对数障碍凸目标,4,True,CONVERGENCE: NORM OF PROJECTED GRADIENT <= PGTOL,20,2.127000014297664,6.322919038598274e-06,False,2.220446049250313e-16,0.02904970786984801,0.3364886995852675
2021-06-30,course_newton,当前阻尼牛顿法,解析Hessian与线搜索,5,True,gradient tolerance satisfied,8,0.32730004750192165,1.608527200325227e-11,True,0.0,0.029051191982582155,0.33647908901450874
2021-07-30,v0_02_raw_slsqp,v0.02 原始SLSQP,原始RC平方差,1,True,Optimization terminated successfully,1,0.43540005572140217,0.10483426492035228,False,0.0,0.1111111111111111,0.0
2021-07-30,v0_03_scaled_slsqp,v0.03 目标放大,目标乘1e9,2,True,Optimization terminated successfully,27,7.422299939207733,1.4806738392325602e-07,True,0.0,0.029058570130301963,0.3638590640627449
2021-07-30,v0_04_relative_slsqp,v0.04 相对误差,无量纲相对RC误差,3,True,Optimization terminated successfully,31,7.306299987249076,4.939485312438485e-07,True,0.0,0.02905857278953061,0.3638599085558544
2021-07-30,v0_05_convex_lbfgsb,v0.05 凸重构,对数障碍凸目标,4,True,CONVERGENCE: NORM OF PROJECTED GRADIENT <= PGTOL,23,1.9949000561609864,6.743325250163634e-06,False,0.0,0.029059265610067844,0.3638575458406529
2021-07-30,course_newton,当前阻尼牛顿法,解析Hessian与线搜索,5,True,gradient tolerance satisfied,8,0.3226000117138028,2.7219657083854543e-11,True,3.3306690738754696e-16,0.029058575574697623,0.36385878886457346
2021-08-31,v0_02_raw_slsqp,v0.02 原始SLSQP,原始RC平方差,1,True,Optimization terminated successfully,1,0.4450000124052167,0.10039686591237706,False,0.0,0.1111111111111111,0.0
2021-08-31,v0_03_scaled_slsqp,v0.03 目标放大,目标乘1e9,2,True,Optimization terminated successfully,27,7.440399960614741,7.541934393673344e-08,True,0.0,0.035067912802411345,0.2920905538875713
2021-08-31,v0_04_relative_slsqp,v0.04 相对误差,无量纲相对RC误差,3,True,Optimization terminated successfully,24,5.656399996951222,1.3864527555196293e-06,False,0.0,0.03506778480417259,0.2920930385855095
2021-08-31,v0_05_convex_lbfgsb,v0.05 凸重构,对数障碍凸目标,4,True,CONVERGENCE: NORM OF PROJECTED GRADIENT <= PGTOL,19,3.3128000795841217,4.2671962083296044e-06,False,0.0,0.035069342338891044,0.2920883821893571
2021-08-31,course_newton,当前阻尼牛顿法,解析Hessian与线搜索,5,True,gradient tolerance satisfied,8,0.4621000261977315,8.409939411535561e-15,True,0.0,0.03506792331923895,0.2920904125324192
2021-09-30,v0_02_raw_slsqp,v0.02 原始SLSQP,原始RC平方差,1,True,Optimization terminated successfully,1,0.6426000036299229,0.10371252115523567,False,0.0,0.1111111111111111,0.0
2021-09-30,v0_03_scaled_slsqp,v0.03 目标放大,目标乘1e9,2,True,Optimization terminated successfully,23,6.076800054870546,8.677151727698451e-08,True,0.0,0.02942925441511238,0.3171944830493442
2021-09-30,v0_04_relative_slsqp,v0.04 相对误差,无量纲相对RC误差,3,True,Optimization terminated successfully,29,8.819499984383583,9.455723838647234e-08,True,0.0,0.029429233963929397,0.31719472406117544
2021-09-30,v0_05_convex_lbfgsb,v0.05 凸重构,对数障碍凸目标,4,True,CONVERGENCE: NORM OF PROJECTED GRADIENT <= PGTOL,25,3.739400068297982,1.455214027862306e-06,False,0.0,0.02942921094374272,0.317193768626483
2021-09-30,course_newton,当前阻尼牛顿法,解析Hessian与线搜索,5,True,gradient tolerance satisfied,8,0.3727999283000827,1.740343980038972e-12,True,0.0,0.029429234743565104,0.31719457107429316
2021-10-29,v0_02_raw_slsqp,v0.02 原始SLSQP,原始RC平方差,1,True,Optimization terminated successfully,1,0.6362999556586146,0.29445564563216686,False,0.0,0.1111111111111111,0.0
2021-10-29,v0_03_scaled_slsqp,v0.03 目标放大,目标乘1e9,2,True,Optimization terminated successfully,5,0.4615000216290355,0.29445564563216686,False,0.0,0.1111111111111111,0.0
2021-10-29,v0_04_relative_slsqp,v0.04 相对误差,无量纲相对RC误差,3,True,Optimization terminated successfully,30,7.453700061887503,9.476904909017092e-07,True,0.0,0.01603188534841833,0.332759548302591
2021-10-29,v0_05_convex_lbfgsb,v0.05 凸重构,对数障碍凸目标,4,True,CONVERGENCE: NORM OF PROJECTED GRADIENT <= PGTOL,29,4.597599967382848,1.2429503687599874e-05,False,0.0,0.016031592627431014,0.3327802807150296
2021-10-29,course_newton,当前阻尼牛顿法,解析Hessian与线搜索,5,True,gradient tolerance satisfied,8,0.44950004667043686,4.360400929215302e-14,True,0.0,0.016031806666561736,0.33276154761098625
2021-11-30,v0_02_raw_slsqp,v0.02 原始SLSQP,原始RC平方差,1,True,Optimization terminated successfully,1,0.5936999805271626,0.2691914284165366,False,0.0,0.1111111111111111,0.0
2021-11-30,v0_03_scaled_slsqp,v0.03 目标放大,目标乘1e9,2,True,Optimization terminated successfully,5,0.45279995538294315,0.2691914284165366,False,0.0,0.1111111111111111,0.0
2021-11-30,v0_04_relative_slsqp,v0.04 相对误差,无量纲相对RC误差,3,True,Optimization terminated successfully,31,7.2249999502673745,1.27240945201057e-06,False,0.0,0.015456498831753452,0.3253263660927841
2021-11-30,v0_05_convex_lbfgsb,v0.05 凸重构,对数障碍凸目标,4,True,CONVERGENCE: NORM OF PROJECTED GRADIENT <= PGTOL,31,3.4364000894129276,7.721237324620489e-06,False,2.220446049250313e-16,0.015457371606175512,0.3253117579091623
2021-11-30,course_newton,当前阻尼牛顿法,解析Hessian与线搜索,5,True,gradient tolerance satisfied,8,0.493900035507977,3.1959018764737834e-12,True,1.1102230246251565e-16,0.01545667207910256,0.3253245223243517
2021-12-31,v0_02_raw_slsqp,v0.02 原始SLSQP,原始RC平方差,1,True,Optimization terminated successfully,1,0.5894000642001629,0.2157298923613568,False,0.0,0.1111111111111111,0.0
2021-12-31,v0_03_scaled_slsqp,v0.03 目标放大,目标乘1e9,2,True,Optimization terminated successfully,30,8.456000010482967,9.199438108509206e-08,True,0.0,0.017691967395742917,0.3407917525412402
2021-12-31,v0_04_relative_slsqp,v0.04 相对误差,无量纲相对RC误差,3,True,Optimization terminated successfully,31,7.554000010713935,1.1810442734488946e-06,False,0.0,0.01769199861995323,0.34079327415271743
2021-12-31,v0_05_convex_lbfgsb,v0.05 凸重构,对数障碍凸目标,4,True,CONVERGENCE: NORM OF PROJECTED GRADIENT <= PGTOL,27,3.9502999279648066,3.268416071774971e-06,False,1.1102230246251565e-16,0.01769180598367601,0.3407960260243454
2021-12-31,course_newton,当前阻尼牛顿法,解析Hessian与线搜索,5,True,gradient tolerance satisfied,8,0.7174999918788671,2.969456625034894e-10,True,1.1102230246251565e-16,0.01769197640193019,0.34079158604779786
2022-01-28,v0_02_raw_slsqp,v0.02 原始SLSQP,原始RC平方差,1,True,Optimization terminated successfully,1,0.5237999139353633,0.1061054671903219,False,0.0,0.1111111111111111,0.0
2022-01-28,v0_03_scaled_slsqp,v0.03 目标放大,目标乘1e9,2,True,Optimization terminated successfully,26,6.654200027696788,1.618125535368664e-07,True,0.0,0.025710652040891152,0.3000502120303491
2022-01-28,v0_04_relative_slsqp,v0.04 相对误差,无量纲相对RC误差,3,True,Optimization terminated successfully,29,7.606300059705973,2.6834140563758435e-07,True,1.1102230246251565e-16,0.025710616103555683,0.3000505682807287
2022-01-28,v0_05_convex_lbfgsb,v0.05 凸重构,对数障碍凸目标,4,True,CONVERGENCE: NORM OF PROJECTED GRADIENT <= PGTOL,26,2.968000015243888,2.7081639224629805e-06,False,0.0,0.02571063373899693,0.3000495927560332
2022-01-28,course_newton,当前阻尼牛顿法,解析Hessian与线搜索,5,True,gradient tolerance satisfied,8,0.341600039973855,1.442873598378469e-13,True,0.0,0.025710656994399252,0.3000500923289974
2022-02-28,v0_02_raw_slsqp,v0.02 原始SLSQP,原始RC平方差,1,True,Optimization terminated successfully,1,0.47149998135864735,0.10633744339466278,False,0.0,0.1111111111111111,0.0
2022-02-28,v0_03_scaled_slsqp,v0.03 目标放大,目标乘1e9,2,True,Optimization terminated successfully,26,6.863099988549948,4.181724246044016e-08,True,0.0,0.030437963726405223,0.28815886190700396
2022-02-28,v0_04_relative_slsqp,v0.04 相对误差,无量纲相对RC误差,3,True,Optimization terminated successfully,27,6.308400072157383,9.438874731121372e-07,True,2.220446049250313e-16,0.03043792838071807,0.28816024523259404
2022-02-28,v0_05_convex_lbfgsb,v0.05 凸重构,对数障碍凸目标,4,True,CONVERGENCE: NORM OF PROJECTED GRADIENT <= PGTOL,18,1.7974000656977296,3.4778253912293167e-06,False,0.0,0.03043804432249677,0.28815545826568606
2022-02-28,course_newton,当前阻尼牛顿法,解析Hessian与线搜索,5,True,gradient tolerance satisfied,8,0.3370000049471855,8.743006318923108e-16,True,1.1102230246251565e-16,0.03043797329432314,0.28815880735619465
2022-03-31,v0_02_raw_slsqp,v0.02 原始SLSQP,原始RC平方差,1,True,Optimization terminated successfully,1,0.46010001096874475,0.10274376028717555,False,0.0,0.1111111111111111,0.0
2022-03-31,v0_03_scaled_slsqp,v0.03 目标放大,目标乘1e9,2,True,Optimization terminated successfully,30,8.297599968500435,6.244181390002712e-08,True,2.220446049250313e-16,0.02710760118435994,0.32606545167055695
2022-03-31,v0_04_relative_slsqp,v0.04 相对误差,无量纲相对RC误差,3,True,Optimization terminated successfully,31,7.522200001403689,1.0271424145530395e-06,False,0.0,0.02710763213270245,0.32606707387906675
2022-03-31,v0_05_convex_lbfgsb,v0.05 凸重构,对数障碍凸目标,4,True,CONVERGENCE: NORM OF PROJECTED GRADIENT <= PGTOL,24,2.2814000258222222,8.188581241269643e-07,True,1.1102230246251565e-16,0.02710745016383784,0.32606608770445245
2022-03-31,course_newton,当前阻尼牛顿法,解析Hessian与线搜索,5,True,gradient tolerance satisfied,8,0.3287999425083399,6.938893903907228e-17,True,0.0,0.02710761123171886,0.3260653542958944
2022-04-29,v0_02_raw_slsqp,v0.02 原始SLSQP,原始RC平方差,1,True,Optimization terminated successfully,1,0.47310010995715857,0.11545262755937263,False,0.0,0.1111111111111111,0.0
2022-04-29,v0_03_scaled_slsqp,v0.03 目标放大,目标乘1e9,2,True,Optimization terminated successfully,5,0.4556999774649739,0.11545262755937263,False,0.0,0.1111111111111111,0.0
2022-04-29,v0_04_relative_slsqp,v0.04 相对误差,无量纲相对RC误差,3,True,Optimization terminated successfully,34,8.305300027132034,1.5008631469998202e-06,False,0.0,0.01786367439861967,0.3530171008631846
2022-04-29,v0_05_convex_lbfgsb,v0.05 凸重构,对数障碍凸目标,4,True,CONVERGENCE: NORM OF PROJECTED GRADIENT <= PGTOL,24,2.858599997125566,5.886933591381371e-06,False,2.220446049250313e-16,0.01786350648890895,0.353012907499666
2022-04-29,course_newton,当前阻尼牛顿法,解析Hessian与线搜索,5,True,gradient tolerance satisfied,8,0.38129999302327633,2.4300006451483114e-14,True,0.0,0.017863663845451547,0.35301476012358773
2022-05-31,v0_02_raw_slsqp,v0.02 原始SLSQP,原始RC平方差,1,True,Optimization terminated successfully,1,0.5136999534443021,0.10681519488054836,False,0.0,0.1111111111111111,0.0
2022-05-31,v0_03_scaled_slsqp,v0.03 目标放大,目标乘1e9,2,True,Optimization terminated successfully,31,8.386900066398084,8.930342718094231e-08,True,2.220446049250313e-16,0.01932604761099065,0.36083574253829814
2022-05-31,v0_04_relative_slsqp,v0.04 相对误差,无量纲相对RC误差,3,True,Optimization terminated successfully,34,8.644399931654334,1.394170407120754e-06,False,0.0,0.019325985476902334,0.36083480739514767
2022-05-31,v0_05_convex_lbfgsb,v0.05 凸重构,对数障碍凸目标,4,True,CONVERGENCE: NORM OF PROJECTED GRADIENT <= PGTOL,23,2.598399994894862,7.803476738926785e-06,False,2.220446049250313e-16,0.019325982878479187,0.36083989301755887
2022-05-31,course_newton,当前阻尼牛顿法,解析Hessian与线搜索,5,True,gradient tolerance satisfied,8,0.34899997990578413,2.628605666465944e-12,True,0.0,0.01932605828313233,0.36083560332782644
2022-06-30,v0_02_raw_slsqp,v0.02 原始SLSQP,原始RC平方差,1,True,Optimization terminated successfully,1,0.4634000360965729,0.10712002054235698,False,0.0,0.1111111111111111,0.0
2022-06-30,v0_03_scaled_slsqp,v0.03 目标放大,目标乘1e9,2,True,Optimization terminated successfully,28,7.251400034874678,7.557708968375376e-08,True,0.0,0.01995649657313906,0.34697842354073255
2022-06-30,v0_04_relative_slsqp,v0.04 相对误差,无量纲相对RC误差,3,True,Optimization terminated successfully,32,7.721500005573034,3.056105590121261e-07,True,0.0,0.019956525851795193,0.34697893530440765
2022-06-30,v0_05_convex_lbfgsb,v0.05 凸重构,对数障碍凸目标,4,True,CONVERGENCE: NORM OF PROJECTED GRADIENT <= PGTOL,23,1.950399950146675,1.860156694460935e-05,False,0.0,0.019957297092092117,0.34696429954394836
2022-06-30,course_newton,当前阻尼牛顿法,解析Hessian与线搜索,5,True,gradient tolerance satisfied,8,0.3263999242335558,8.937850459744823e-12,True,0.0,0.019956512878706516,0.3469783270006925
2022-07-29,v0_02_raw_slsqp,v0.02 原始SLSQP,原始RC平方差,1,True,Optimization terminated successfully,1,0.4203000571578741,0.11896336368205765,False,0.0,0.1111111111111111,0.0
2022-07-29,v0_03_scaled_slsqp,v0.03 目标放大,目标乘1e9,2,True,Optimization terminated successfully,27,7.00199999846518,2.3318120345727777e-07,True,1.1102230246251565e-16,0.015590854370509012,0.39305893238217054
2022-07-29,v0_04_relative_slsqp,v0.04 相对误差,无量纲相对RC误差,3,True,Optimization terminated successfully,38,9.00810002349317,9.360920316670018e-07,True,2.220446049250313e-16,0.01559084979893308,0.3930603760775508
2022-07-29,v0_05_convex_lbfgsb,v0.05 凸重构,对数障碍凸目标,4,True,CONVERGENCE: NORM OF PROJECTED GRADIENT <= PGTOL,28,2.918099984526634,1.21379572204372e-06,False,0.0,0.01559089286488485,0.3930552959528086
2022-07-29,course_newton,当前阻尼牛顿法,解析Hessian与线搜索,5,True,gradient tolerance satisfied,9,0.3790999762713909,5.551115123125783e-17,True,1.1102230246251565e-16,0.015590863417798705,0.39305861036522866
2022-08-31,v0_02_raw_slsqp,v0.02 原始SLSQP,原始RC平方差,1,True,Optimization terminated successfully,1,0.4651000490412116,0.108010578054933,False,0.0,0.1111111111111111,0.0
2022-08-31,v0_03_scaled_slsqp,v0.03 目标放大,目标乘1e9,2,True,Optimization terminated successfully,26,7.872199988923967,7.715498506755125e-08,True,0.0,0.01900849757688428,0.3828890595868693
2022-08-31,v0_04_relative_slsqp,v0.04 相对误差,无量纲相对RC误差,3,True,Optimization terminated successfully,34,8.328899974003434,6.20161476450054e-07,True,0.0,0.01900846025853715,0.38289015860522524
2022-08-31,v0_05_convex_lbfgsb,v0.05 凸重构,对数障碍凸目标,4,True,CONVERGENCE: NORM OF PROJECTED GRADIENT <= PGTOL,23,2.2826000349596143,8.533926160694816e-06,False,0.0,0.019008997697138107,0.38289017878524806
2022-08-31,course_newton,当前阻尼牛顿法,解析Hessian与线搜索,5,True,gradient tolerance satisfied,9,0.3622999647632241,5.412337245047638e-16,True,0.0,0.019008505234592403,0.3828889881593811
2022-09-30,v0_02_raw_slsqp,v0.02 原始SLSQP,原始RC平方差,1,True,Optimization terminated successfully,1,0.41450001299381256,0.09890542255919357,False,0.0,0.1111111111111111,0.0
2022-09-30,v0_03_scaled_slsqp,v0.03 目标放大,目标乘1e9,2,True,Optimization terminated successfully,28,7.5243000173941255,4.773664262491817e-08,True,0.0,0.0305628287436559,0.24055755543203838
2022-09-30,v0_04_relative_slsqp,v0.04 相对误差,无量纲相对RC误差,3,True,Optimization terminated successfully,25,6.059799925424159,6.347804223927334e-08,True,0.0,0.030562821255672692,0.2405574299887736
2022-09-30,v0_05_convex_lbfgsb,v0.05 凸重构,对数障碍凸目标,4,True,CONVERGENCE: NORM OF PROJECTED GRADIENT <= PGTOL,20,2.753300010226667,1.8269484189231688e-06,False,0.0,0.0305625815266996,0.24055359071664023
2022-09-30,course_newton,当前阻尼牛顿法,解析Hessian与线搜索,5,True,gradient tolerance satisfied,7,0.30099996365606785,6.145940284474349e-10,True,2.220446049250313e-16,0.03056283796286101,0.24055748936675653
2022-10-31,v0_02_raw_slsqp,v0.02 原始SLSQP,原始RC平方差,1,True,Optimization terminated successfully,1,0.9812000207602978,0.10350973694366546,False,0.0,0.1111111111111111,0.0
2022-10-31,v0_03_scaled_slsqp,v0.03 目标放大,目标乘1e9,2,True,Optimization terminated successfully,27,7.561700069345534,5.999427304947957e-08,True,1.1102230246251565e-16,0.026551328942038266,0.2768024093115333
2022-10-31,v0_04_relative_slsqp,v0.04 相对误差,无量纲相对RC误差,3,True,Optimization terminated successfully,29,9.794299956411123,4.3180479730731136e-07,True,0.0,0.02655138842735334,0.2768027976964928
2022-10-31,v0_05_convex_lbfgsb,v0.05 凸重构,对数障碍凸目标,4,True,CONVERGENCE: NORM OF PROJECTED GRADIENT <= PGTOL,23,4.84790001064539,1.2870052842089974e-05,False,0.0,0.026551816288182005,0.27679299004757313
2022-10-31,course_newton,当前阻尼牛顿法,解析Hessian与线搜索,5,True,gradient tolerance satisfied,8,0.5133999511599541,2.0691781621451355e-14,True,0.0,0.026551337982142174,0.2768023395535368
2022-11-30,v0_02_raw_slsqp,v0.02 原始SLSQP,原始RC平方差,1,True,Optimization terminated successfully,1,0.6280000088736415,0.09446222325297013,False,0.0,0.1111111111111111,0.0
2022-11-30,v0_03_scaled_slsqp,v0.03 目标放大,目标乘1e9,2,True,Optimization terminated successfully,23,14.05439991503954,4.8500149549268734e-08,True,0.0,0.043800991533427876,0.21304984789254833
2022-11-30,v0_04_relative_slsqp,v0.04 相对误差,无量纲相对RC误差,3,True,Optimization terminated successfully,22,11.064299964345992,1.906544147139977e-07,True,0.0,0.04380098154003563,0.21305017109763824
2022-11-30,v0_05_convex_lbfgsb,v0.05 凸重构,对数障碍凸目标,4,True,CONVERGENCE: NORM OF PROJECTED GRADIENT <= PGTOL,18,3.5470000002533197,6.223790069481705e-06,False,0.0,0.0438013562315044,0.21304728910964127
2022-11-30,course_newton,当前阻尼牛顿法,解析Hessian与线搜索,5,True,gradient tolerance satisfied,7,0.46900007873773575,3.806163717534616e-12,True,0.0,0.04380100353348976,0.21304980156228542
2022-12-30,v0_02_raw_slsqp,v0.02 原始SLSQP,原始RC平方差,1,True,Optimization terminated successfully,1,0.6856999825686216,0.09774836363145034,False,0.0,0.1111111111111111,0.0
2022-12-30,v0_03_scaled_slsqp,v0.03 目标放大,目标乘1e9,2,True,Optimization terminated successfully,25,21.355499979108572,2.563488843421169e-08,True,0.0,0.044482491591407776,0.23976297439532418
2022-12-30,v0_04_relative_slsqp,v0.04 相对误差,无量纲相对RC误差,3,True,Optimization terminated successfully,23,10.859799920581281,4.260114000453896e-07,True,0.0,0.04448235152247571,0.23976264247234652
2022-12-30,v0_05_convex_lbfgsb,v0.05 凸重构,对数障碍凸目标,4,True,CONVERGENCE: NORM OF PROJECTED GRADIENT <= PGTOL,19,3.1392999226227403,1.3065104661480476e-06,False,0.0,0.04448205925568851,0.23976294444296292
2022-12-30,course_newton,当前阻尼牛顿法,解析Hessian与线搜索,5,False,maximum iterations reached,1000,609.7135000163689,1.430090643128601e-09,True,2.220446049250313e-16,0.04448249795360623,0.2397629321963563
2023-01-31,v0_02_raw_slsqp,v0.02 原始SLSQP,原始RC平方差,1,True,Optimization terminated successfully,1,0.9099999442696571,0.09747487213802503,False,0.0,0.1111111111111111,0.0
2023-01-31,v0_03_scaled_slsqp,v0.03 目标放大,目标乘1e9,2,True,Optimization terminated successfully,23,12.394399964250624,7.269410100263496e-08,True,0.0,0.04144037450901814,0.2430792020546379
2023-01-31,v0_04_relative_slsqp,v0.04 相对误差,无量纲相对RC误差,3,True,Optimization terminated successfully,25,11.480799992568791,2.8887616002060135e-07,True,2.220446049250313e-16,0.0414403869736008,0.2430787733307651
2023-01-31,v0_05_convex_lbfgsb,v0.05 凸重构,对数障碍凸目标,4,True,CONVERGENCE: NORM OF PROJECTED GRADIENT <= PGTOL,18,1.9261999987065792,3.8102042107246437e-06,False,1.1102230246251565e-16,0.04144087418024928,0.24307796317405322
2023-01-31,course_newton,当前阻尼牛顿法,解析Hessian与线搜索,5,True,gradient tolerance satisfied,8,0.5196999991312623,3.094746681142624e-15,True,0.0,0.041440393576920205,0.24307909167341812
2023-02-28,v0_02_raw_slsqp,v0.02 原始SLSQP,原始RC平方差,1,True,Optimization terminated successfully,1,0.6344999419525266,0.1018791775758383,False,0.0,0.1111111111111111,0.0
2023-02-28,v0_03_scaled_slsqp,v0.03 目标放大,目标乘1e9,2,True,Optimization terminated successfully,20,7.938000024296343,7.493567080740782e-08,True,0.0,0.03623196123461497,0.2978608828346651
2023-02-28,v0_04_relative_slsqp,v0.04 相对误差,无量纲相对RC误差,3,True,Optimization terminated successfully,27,14.000499970279634,2.694182859447336e-07,True,1.1102230246251565e-16,0.03623187367335869,0.2978605407593596
2023-02-28,v0_05_convex_lbfgsb,v0.05 凸重构,对数障碍凸目标,4,True,CONVERGENCE: NORM OF PROJECTED GRADIENT <= PGTOL,18,1.8359000096097589,2.4612944542756754e-06,False,1.1102230246251565e-16,0.03623195180051853,0.29786160071348716
2023-02-28,course_newton,当前阻尼牛顿法,解析Hessian与线搜索,5,True,gradient tolerance satisfied,8,0.49020000733435154,2.5717636353839168e-11,True,1.1102230246251565e-16,0.03623195900829659,0.297860759276803
2023-03-31,v0_02_raw_slsqp,v0.02 原始SLSQP,原始RC平方差,1,True,Optimization terminated successfully,1,0.6367999594658613,0.10603746674589798,False,0.0,0.1111111111111111,0.0
2023-03-31,v0_03_scaled_slsqp,v0.03 目标放大,目标乘1e9,2,True,Optimization terminated successfully,26,11.948199942708015,2.283996824586909e-07,True,0.0,0.02831356360267545,0.3348138597528284
2023-03-31,v0_04_relative_slsqp,v0.04 相对误差,无量纲相对RC误差,3,True,Optimization terminated successfully,29,14.821599936112761,3.8624960653488305e-07,True,0.0,0.02831357916777156,0.3348139074338151
2023-03-31,v0_05_convex_lbfgsb,v0.05 凸重构,对数障碍凸目标,4,True,CONVERGENCE: NORM OF PROJECTED GRADIENT <= PGTOL,22,2.916299970820546,1.8898356006880057e-05,False,1.1102230246251565e-16,0.028309688449770828,0.3348428559597274
2023-03-31,course_newton,当前阻尼牛顿法,解析Hessian与线搜索,5,True,gradient tolerance satisfied,9,0.7188000017777085,1.249000902703301e-16,True,1.1102230246251565e-16,0.028313590490680052,0.33481376623582926
2023-04-28,v0_02_raw_slsqp,v0.02 原始SLSQP,原始RC平方差,1,True,Optimization terminated successfully,1,0.6504999473690987,0.10800668866376567,False,0.0,0.1111111111111111,0.0
2023-04-28,v0_03_scaled_slsqp,v0.03 目标放大,目标乘1e9,2,True,Optimization terminated successfully,25,9.943900047801435,2.0757567290030643e-07,True,0.0,0.022062506283720574,0.38053566293249697
2023-04-28,v0_04_relative_slsqp,v0.04 相对误差,无量纲相对RC误差,3,True,Optimization terminated successfully,35,16.71989995520562,2.11954688522642e-07,True,0.0,0.022062526070938025,0.3805348826082429
2023-04-28,v0_05_convex_lbfgsb,v0.05 凸重构,对数障碍凸目标,4,True,CONVERGENCE: NORM OF PROJECTED GRADIENT <= PGTOL,25,4.744300036691129,7.680779037039231e-06,False,0.0,0.02206336587900934,0.38054008933365524
2023-04-28,course_newton,当前阻尼牛顿法,解析Hessian与线搜索,5,True,gradient tolerance satisfied,9,0.9328000014647841,7.263217804975852e-13,True,0.0,0.022062515723089444,0.3805354418662468
2023-05-31,v0_02_raw_slsqp,v0.02 原始SLSQP,原始RC平方差,1,True,Optimization terminated successfully,1,0.8504999568685889,0.10689234600821883,False,0.0,0.1111111111111111,0.0
2023-05-31,v0_03_scaled_slsqp,v0.03 目标放大,目标乘1e9,2,True,Optimization terminated successfully,29,12.891700025647879,7.962177933640291e-08,True,0.0,0.023064921426543636,0.3569347722947327
2023-05-31,v0_04_relative_slsqp,v0.04 相对误差,无量纲相对RC误差,3,True,Optimization terminated successfully,30,13.017499935813248,1.6982407695376178e-07,True,0.0,0.02306489796595462,0.3569347411316314
2023-05-31,v0_05_convex_lbfgsb,v0.05 凸重构,对数障碍凸目标,4,True,CONVERGENCE: NORM OF PROJECTED GRADIENT <= PGTOL,21,3.4571000142022967,2.1264414558255784e-05,False,0.0,0.023066367988520797,0.3569013768317609
2023-05-31,course_newton,当前阻尼牛顿法,解析Hessian与线搜索,5,True,gradient tolerance satisfied,9,0.5768999690189958,7.480127628411992e-15,True,1.1102230246251565e-16,0.023064931626704633,0.3569346552725653
2023-06-30,v0_02_raw_slsqp,v0.02 原始SLSQP,原始RC平方差,1,True,Optimization terminated successfully,1,0.6747000152245164,0.10643730194078233,False,0.0,0.1111111111111111,0.0
2023-06-30,v0_03_scaled_slsqp,v0.03 目标放大,目标乘1e9,2,True,Optimization terminated successfully,26,11.531999916769564,9.393461242179768e-08,True,0.0,0.033138813049783195,0.2930696179220576
2023-06-30,v0_04_relative_slsqp,v0.04 相对误差,无量纲相对RC误差,3,True,Optimization terminated successfully,27,22.548200096935034,1.8213108479714357e-07,True,1.1102230246251565e-16,0.033138760416832724,0.2930700901979004
2023-06-30,v0_05_convex_lbfgsb,v0.05 凸重构,对数障碍凸目标,4,True,CONVERGENCE: NORM OF PROJECTED GRADIENT <= PGTOL,21,2.9642999870702624,2.3319636482679873e-05,False,0.0,0.03313568358629888,0.2930858475334762
2023-06-30,course_newton,当前阻尼牛顿法,解析Hessian与线搜索,5,True,gradient tolerance satisfied,8,1.1543999426066875,3.0038749265770548e-12,True,0.0,0.033138800034713554,0.29306974813270364
2023-07-31,v0_02_raw_slsqp,v0.02 原始SLSQP,原始RC平方差,1,True,Optimization terminated successfully,1,1.338799949735403,0.10481336109605116,False,0.0,0.1111111111111111,0.0
2023-07-31,v0_03_scaled_slsqp,v0.03 目标放大,目标乘1e9,2,True,Optimization terminated successfully,24,15.84249990992248,2.5912434281627483e-08,True,0.0,0.03530679273277865,0.2617926154634918
2023-07-31,v0_04_relative_slsqp,v0.04 相对误差,无量纲相对RC误差,3,True,Optimization terminated successfully,28,16.600600094534457,3.9557997995320893e-07,True,0.0,0.035306860922799284,0.26179196112668185
2023-07-31,v0_05_convex_lbfgsb,v0.05 凸重构,对数障碍凸目标,4,True,CONVERGENCE: NORM OF PROJECTED GRADIENT <= PGTOL,18,4.631899995729327,1.122388357391313e-05,False,1.1102230246251565e-16,0.03530741457507782,0.2617942180833948
2023-07-31,course_newton,当前阻尼牛顿法,解析Hessian与线搜索,5,True,gradient tolerance satisfied,8,0.7983000250533223,7.006478730531285e-13,True,2.220446049250313e-16,0.03530679790158599,0.261792591091268
2023-08-31,v0_02_raw_slsqp,v0.02 原始SLSQP,原始RC平方差,1,True,Optimization terminated successfully,1,0.8174000540748239,0.10542429087478127,False,0.0,0.1111111111111111,0.0
2023-08-31,v0_03_scaled_slsqp,v0.03 目标放大,目标乘1e9,2,True,Optimization terminated successfully,21,10.154500021599233,1.615208688882097e-07,True,0.0,0.03328831289014789,0.27918521911903954
2023-08-31,v0_04_relative_slsqp,v0.04 相对误差,无量纲相对RC误差,3,True,Optimization terminated successfully,27,13.259500032290816,6.182129368148548e-08,True,0.0,0.03328830364519091,0.279185004972922
2023-08-31,v0_05_convex_lbfgsb,v0.05 凸重构,对数障碍凸目标,4,True,CONVERGENCE: NORM OF PROJECTED GRADIENT <= PGTOL,22,3.6163999466225505,1.7347787934954284e-05,False,1.1102230246251565e-16,0.033289300941104195,0.2791812737554646
2023-08-31,course_newton,当前阻尼牛顿法,解析Hessian与线搜索,5,True,gradient tolerance satisfied,8,0.6155000301077962,6.71349781322661e-11,True,0.0,0.03328831791529584,0.2791849067370508
2023-09-28,v0_02_raw_slsqp,v0.02 原始SLSQP,原始RC平方差,1,True,Optimization terminated successfully,1,0.6714999908581376,0.11248758826839814,False,0.0,0.1111111111111111,0.0
2023-09-28,v0_03_scaled_slsqp,v0.03 目标放大,目标乘1e9,2,True,Optimization terminated successfully,21,19.04619997367263,6.769488729296835e-08,True,2.220446049250313e-16,0.03292868713001726,0.30552616091064394
2023-09-28,v0_04_relative_slsqp,v0.04 相对误差,无量纲相对RC误差,3,True,Optimization terminated successfully,24,10.970900068059564,3.4315419709940453e-07,True,0.0,0.032928624661702016,0.3055267585136692
2023-09-28,v0_05_convex_lbfgsb,v0.05 凸重构,对数障碍凸目标,4,True,CONVERGENCE: NORM OF PROJECTED GRADIENT <= PGTOL,20,2.9610999627038836,2.9062704079846347e-06,False,0.0,0.03292941703625457,0.30552171204807876
2023-09-28,course_newton,当前阻尼牛顿法,解析Hessian与线搜索,5,True,gradient tolerance satisfied,8,0.5393000319600105,3.3192476545096383e-12,True,0.0,0.03292869410020288,0.3055261992394886
2023-10-31,v0_02_raw_slsqp,v0.02 原始SLSQP,原始RC平方差,1,True,Optimization terminated successfully,1,0.8345999522134662,0.10340566321917023,False,0.0,0.1111111111111111,0.0
2023-10-31,v0_03_scaled_slsqp,v0.03 目标放大,目标乘1e9,2,True,Optimization terminated successfully,25,10.58449991978705,6.09908982623919e-08,True,1.1102230246251565e-16,0.03319180648287566,0.35362467297071914
2023-10-31,v0_04_relative_slsqp,v0.04 相对误差,无量纲相对RC误差,3,True,Optimization terminated successfully,24,14.521899982355535,8.838069676525562e-07,True,0.0,0.033191837868220456,0.3536252059234551
2023-10-31,v0_05_convex_lbfgsb,v0.05 凸重构,对数障碍凸目标,4,True,CONVERGENCE: NORM OF PROJECTED GRADIENT <= PGTOL,18,2.5964999804273248,1.546075678920955e-05,False,2.220446049250313e-16,0.033191963025186094,0.3536317934679447
2023-10-31,course_newton,当前阻尼牛顿法,解析Hessian与线搜索,5,True,gradient tolerance satisfied,8,1.1730999685823917,5.372700895289739e-11,True,0.0,0.033191818516007394,0.3536245618923225
2023-11-30,v0_02_raw_slsqp,v0.02 原始SLSQP,原始RC平方差,1,True,Optimization terminated successfully,1,1.492900075390935,0.10356891448958178,False,0.0,0.1111111111111111,0.0
2023-11-30,v0_03_scaled_slsqp,v0.03 目标放大,目标乘1e9,2,True,Optimization terminated successfully,23,23.90570007264614,1.254307955972367e-07,True,0.0,0.03048778985370569,0.36719517734787904
2023-11-30,v0_04_relative_slsqp,v0.04 相对误差,无量纲相对RC误差,3,True,Optimization terminated successfully,25,20.465899957343936,1.1653218095208917e-06,False,1.1102230246251565e-16,0.030487530202630744,0.36719479212471307
2023-11-30,v0_05_convex_lbfgsb,v0.05 凸重构,对数障碍凸目标,4,True,CONVERGENCE: NORM OF PROJECTED GRADIENT <= PGTOL,19,5.740299937315285,1.1242710974329606e-05,False,0.0,0.030487592456634835,0.36719573118195376
2023-11-30,course_newton,当前阻尼牛顿法,解析Hessian与线搜索,5,True,gradient tolerance satisfied,9,2.2890999680384994,5.551115123125783e-17,True,0.0,0.03048782472862253,0.36719492627881545
2023-12-29,v0_02_raw_slsqp,v0.02 原始SLSQP,原始RC平方差,1,True,Optimization terminated successfully,1,1.172299962490797,0.10590287815572394,False,0.0,0.1111111111111111,0.0
2023-12-29,v0_03_scaled_slsqp,v0.03 目标放大,目标乘1e9,2,True,Optimization terminated successfully,30,22.700199973769486,8.090927018644667e-08,True,0.0,0.027502128904997838,0.4256167665785448
2023-12-29,v0_04_relative_slsqp,v0.04 相对误差,无量纲相对RC误差,3,True,Optimization terminated successfully,31,28.687700047157705,3.95923900414763e-07,True,0.0,0.02750210085646425,0.4256157856925556
2023-12-29,v0_05_convex_lbfgsb,v0.05 凸重构,对数障碍凸目标,4,True,CONVERGENCE: NORM OF PROJECTED GRADIENT <= PGTOL,22,6.476599955931306,6.306585936768916e-06,False,0.0,0.02750129403594212,0.42560729071509557
2023-12-29,course_newton,当前阻尼牛顿法,解析Hessian与线搜索,5,True,gradient tolerance satisfied,9,0.6092999828979373,1.3234968676556491e-12,True,0.0,0.027502141151370646,0.4256166187148301
2024-01-31,v0_02_raw_slsqp,v0.02 原始SLSQP,原始RC平方差,1,True,Optimization terminated successfully,1,0.5850000306963921,0.2320249456515177,False,0.0,0.1111111111111111,0.0
2024-01-31,v0_03_scaled_slsqp,v0.03 目标放大,目标乘1e9,2,True,Optimization terminated successfully,32,30.78459994867444,1.0622243191982239e-07,True,0.0,0.01387240549724777,0.3565301821535473
2024-01-31,v0_04_relative_slsqp,v0.04 相对误差,无量纲相对RC误差,3,True,Optimization terminated successfully,35,40.21959996316582,5.575083664999259e-07,True,0.0,0.013872408180612418,0.3565299909995933
2024-01-31,v0_05_convex_lbfgsb,v0.05 凸重构,对数障碍凸目标,4,True,CONVERGENCE: NORM OF PROJECTED GRADIENT <= PGTOL,32,7.1940000634640455,4.9199919863046615e-06,False,0.0,0.013872573193423419,0.35653861643670626
2024-01-31,course_newton,当前阻尼牛顿法,解析Hessian与线搜索,5,True,gradient tolerance satisfied,9,1.2432000366970897,4.260480856999038e-15,True,0.0,0.013872416223163493,0.3565300261286586
2024-02-29,v0_02_raw_slsqp,v0.02 原始SLSQP,原始RC平方差,1,True,Optimization terminated successfully,1,1.3318000128492713,0.285539945328596,False,0.0,0.1111111111111111,0.0
2024-02-29,v0_03_scaled_slsqp,v0.03 目标放大,目标乘1e9,2,True,Optimization terminated successfully,31,29.360499931499362,1.076378883801965e-07,True,0.0,0.013046653671878865,0.36717381050185044
2024-02-29,v0_04_relative_slsqp,v0.04 相对误差,无量纲相对RC误差,3,True,Optimization terminated successfully,36,26.56829997431487,1.112584599366473e-06,False,1.1102230246251565e-16,0.013046629150081372,0.3671738006662327
2024-02-29,v0_05_convex_lbfgsb,v0.05 凸重构,对数障碍凸目标,4,True,CONVERGENCE: NORM OF PROJECTED GRADIENT <= PGTOL,27,7.948199985548854,2.8882752792919186e-06,False,1.1102230246251565e-16,0.013046641771082173,0.36716934321167644
2024-02-29,course_newton,当前阻尼牛顿法,解析Hessian与线搜索,5,True,gradient tolerance satisfied,9,1.0992999887093902,1.3600232051658168e-15,True,2.220446049250313e-16,0.013046665399702903,0.3671735905968068
2024-03-29,v0_02_raw_slsqp,v0.02 原始SLSQP,原始RC平方差,1,True,Optimization terminated successfully,1,0.5933999782428145,0.24451945075124654,False,0.0,0.1111111111111111,0.0
2024-03-29,v0_03_scaled_slsqp,v0.03 目标放大,目标乘1e9,2,True,Optimization terminated successfully,24,14.796199975535274,6.106162185604003e-08,True,0.0,0.022603071642582618,0.30486463837910843
2024-03-29,v0_04_relative_slsqp,v0.04 相对误差,无量纲相对RC误差,3,True,Optimization terminated successfully,26,19.07300006132573,1.0603564170597046e-06,False,0.0,0.022603089774742926,0.30486238039693564
2024-03-29,v0_05_convex_lbfgsb,v0.05 凸重构,对数障碍凸目标,4,True,CONVERGENCE: NORM OF PROJECTED GRADIENT <= PGTOL,18,3.0869999900460243,1.9621816146023208e-05,False,2.220446049250313e-16,0.022603296917346007,0.3048688478418882
2024-03-29,course_newton,当前阻尼牛顿法,解析Hessian与线搜索,5,True,gradient tolerance satisfied,8,0.5350999999791384,1.3810064203312322e-12,True,0.0,0.022603076956037794,0.30486451388430086
2024-04-30,v0_02_raw_slsqp,v0.02 原始SLSQP,原始RC平方差,1,True,Optimization terminated successfully,1,0.6232000887393951,0.17984149620111084,False,0.0,0.1111111111111111,0.0
2024-04-30,v0_03_scaled_slsqp,v0.03 目标放大,目标乘1e9,2,True,Optimization terminated successfully,23,13.071199995465577,5.255293153427765e-08,True,0.0,0.03484663055754296,0.27487280094922223
2024-04-30,v0_04_relative_slsqp,v0.04 相对误差,无量纲相对RC误差,3,True,Optimization terminated successfully,23,11.859800084494054,2.6653515640406855e-07,True,1.1102230246251565e-16,0.03484661043046667,0.2748727820755235
2024-04-30,v0_05_convex_lbfgsb,v0.05 凸重构,对数障碍凸目标,4,True,CONVERGENCE: NORM OF PROJECTED GRADIENT <= PGTOL,14,1.3566999696195126,4.569289938076426e-05,False,0.0,0.034853430611995015,0.2747961052383912
2024-04-30,course_newton,当前阻尼牛顿法,解析Hessian与线搜索,5,True,gradient tolerance satisfied,8,0.507800024934113,7.193249607073682e-10,True,0.0,0.034846642711193365,0.2748727613119984
2024-05-31,v0_02_raw_slsqp,v0.02 原始SLSQP,原始RC平方差,1,True,Optimization terminated successfully,1,0.5687999073415995,0.1398997921827519,False,0.0,0.1111111111111111,0.0
2024-05-31,v0_03_scaled_slsqp,v0.03 目标放大,目标乘1e9,2,True,Optimization terminated successfully,21,11.67039992287755,3.494583036833809e-08,True,2.220446049250313e-16,0.03472805694260184,0.3146796174280789
2024-05-31,v0_04_relative_slsqp,v0.04 相对误差,无量纲相对RC误差,3,True,Optimization terminated successfully,23,16.32860000245273,8.535106797435965e-07,True,0.0,0.03472802937955766,0.3146799430239721
2024-05-31,v0_05_convex_lbfgsb,v0.05 凸重构,对数障碍凸目标,4,True,CONVERGENCE: NORM OF PROJECTED GRADIENT <= PGTOL,15,2.2046000231057405,9.592273911104843e-06,False,0.0,0.03473091541061611,0.31466299227047534
2024-05-31,course_newton,当前阻尼牛顿法,解析Hessian与线搜索,5,True,gradient tolerance satisfied,8,0.5365000106394291,9.908740494779522e-15,True,0.0,0.034728065286564073,0.314679556023095
2024-06-28,v0_02_raw_slsqp,v0.02 原始SLSQP,原始RC平方差,1,True,Optimization terminated successfully,1,0.7072999142110348,0.12218275523989722,False,0.0,0.1111111111111111,0.0
2024-06-28,v0_03_scaled_slsqp,v0.03 目标放大,目标乘1e9,2,True,Optimization terminated successfully,26,14.238000032491982,1.01313069586495e-07,True,0.0,0.029228637854298335,0.3949474405308247
2024-06-28,v0_04_relative_slsqp,v0.04 相对误差,无量纲相对RC误差,3,True,Optimization terminated successfully,27,18.551799934357405,1.0181532190955966e-07,True,1.1102230246251565e-16,0.02922861290394903,0.3949476152751717
2024-06-28,v0_05_convex_lbfgsb,v0.05 凸重构,对数障碍凸目标,4,True,CONVERGENCE: NORM OF PROJECTED GRADIENT <= PGTOL,16,3.2313999254256487,2.0511874142994935e-05,False,2.220446049250313e-16,0.029225122859740386,0.3949818894959088
2024-06-28,course_newton,当前阻尼牛顿法,解析Hessian与线搜索,5,True,gradient tolerance satisfied,8,0.5373000167310238,3.515998603376147e-11,True,1.1102230246251565e-16,0.029228627560709063,0.3949473932686289
2024-07-31,v0_02_raw_slsqp,v0.02 原始SLSQP,原始RC平方差,1,True,Optimization terminated successfully,1,0.7089999271556735,0.10532987666274525,False,0.0,0.1111111111111111,0.0
2024-07-31,v0_03_scaled_slsqp,v0.03 目标放大,目标乘1e9,2,True,Optimization terminated successfully,23,13.377099996432662,6.148133854799731e-08,True,1.1102230246251565e-16,0.03342871917535598,0.3833186075038278
2024-07-31,v0_04_relative_slsqp,v0.04 相对误差,无量纲相对RC误差,3,True,Optimization terminated successfully,25,11.633999994955957,5.733385067679952e-07,True,0.0,0.033428766908284176,0.3833174625910886
2024-07-31,v0_05_convex_lbfgsb,v0.05 凸重构,对数障碍凸目标,4,True,CONVERGENCE: NORM OF PROJECTED GRADIENT <= PGTOL,18,2.161000040359795,2.1032340994514565e-06,False,0.0,0.0334286502759378,0.383318916197221
2024-07-31,course_newton,当前阻尼牛顿法,解析Hessian与线搜索,5,True,gradient tolerance satisfied,8,0.51580008585006,1.1863995896810309e-11,True,0.0,0.03342873315086817,0.3833184972124459
2024-08-30,v0_02_raw_slsqp,v0.02 原始SLSQP,原始RC平方差,1,True,Optimization terminated successfully,1,0.8201999589800835,0.09855522745421899,False,0.0,0.1111111111111111,0.0
2024-08-30,v0_03_scaled_slsqp,v0.03 目标放大,目标乘1e9,2,True,Optimization terminated successfully,22,15.347699983976781,3.30241950868837e-08,True,2.220446049250313e-16,0.04452025381520977,0.2625537305482147
2024-08-30,v0_04_relative_slsqp,v0.04 相对误差,无量纲相对RC误差,3,True,Optimization terminated successfully,19,8.30440002027899,4.804459925872306e-07,True,0.0,0.04452017682074404,0.26255477235816466
2024-08-30,v0_05_convex_lbfgsb,v0.05 凸重构,对数障碍凸目标,4,True,CONVERGENCE: NORM OF PROJECTED GRADIENT <= PGTOL,13,2.380400081165135,1.3486684525901294e-05,False,0.0,0.044519469274873484,0.2625620300546639
2024-08-30,course_newton,当前阻尼牛顿法,解析Hessian与线搜索,5,True,gradient tolerance satisfied,7,0.6845999741926789,3.617238175657178e-10,True,1.1102230246251565e-16,0.04452025306036799,0.26255372516674835
2024-09-30,v0_02_raw_slsqp,v0.02 原始SLSQP,原始RC平方差,1,True,Optimization terminated successfully,1,0.6725999992340803,0.09233713786079384,False,0.0,0.1111111111111111,0.0
2024-09-30,v0_03_scaled_slsqp,v0.03 目标放大,目标乘1e9,2,True,Optimization terminated successfully,22,10.433400049805641,2.84183485216305e-08,True,0.0,0.061313278228854504,0.21602643756831513
2024-09-30,v0_04_relative_slsqp,v0.04 相对误差,无量纲相对RC误差,3,True,Optimization terminated successfully,18,8.872200036421418,2.187054156110868e-07,True,2.220446049250313e-16,0.06131338040119766,0.21602668058295765
2024-09-30,v0_05_convex_lbfgsb,v0.05 凸重构,对数障碍凸目标,4,True,CONVERGENCE: NORM OF PROJECTED GRADIENT <= PGTOL,12,2.314699930138886,9.00096750794388e-06,False,0.0,0.06131383344820632,0.21603660016253662
2024-09-30,course_newton,当前阻尼牛顿法,解析Hessian与线搜索,5,True,gradient tolerance satisfied,7,0.7512999000027776,1.281613704051665e-13,True,0.0,0.06131328415580424,0.2160263856036952
2024-10-31,v0_02_raw_slsqp,v0.02 原始SLSQP,原始RC平方差,1,True,Optimization terminated successfully,1,0.9985000360757113,0.11788569930078643,False,0.0,0.1111111111111111,0.0
2024-10-31,v0_03_scaled_slsqp,v0.03 目标放大,目标乘1e9,2,True,Optimization terminated successfully,25,12.23510003183037,4.62419096625144e-08,True,1.1102230246251565e-16,0.03351995691267211,0.32589818761255124
2024-10-31,v0_04_relative_slsqp,v0.04 相对误差,无量纲相对RC误差,3,True,Optimization terminated successfully,28,17.341900034807622,1.4385686025603084e-06,False,0.0,0.03351973233627025,0.3258991987575026
2024-10-31,v0_05_convex_lbfgsb,v0.05 凸重构,对数障碍凸目标,4,True,CONVERGENCE: NORM OF PROJECTED GRADIENT <= PGTOL,19,4.695800016634166,3.406532754129943e-06,False,0.0,0.03352037625539395,0.3258986583876611
2024-10-31,course_newton,当前阻尼牛顿法,解析Hessian与线搜索,5,True,gradient tolerance satisfied,7,1.2681999942287803,1.2203776877939276e-10,True,0.0,0.03351996427673911,0.32589809844974776
2024-11-29,v0_02_raw_slsqp,v0.02 原始SLSQP,原始RC平方差,1,True,Optimization terminated successfully,1,0.6968999514356256,0.13632073431553995,False,0.0,0.1111111111111111,0.0
2024-11-29,v0_03_scaled_slsqp,v0.03 目标放大,目标乘1e9,2,True,Optimization terminated successfully,23,10.66139992326498,4.459616588514681e-08,True,2.220446049250313e-16,0.026246032245023292,0.39472542748400335
2024-11-29,v0_04_relative_slsqp,v0.04 相对误差,无量纲相对RC误差,3,True,Optimization terminated successfully,25,19.62100004311651,1.1168220434565335e-06,False,0.0,0.026246072173078158,0.39472299126873606
2024-11-29,v0_05_convex_lbfgsb,v0.05 凸重构,对数障碍凸目标,4,True,CONVERGENCE: NORM OF PROJECTED GRADIENT <= PGTOL,18,2.4690000573173165,5.239451339969503e-06,False,0.0,0.026245742662204932,0.39473187822535133
2024-11-29,course_newton,当前阻尼牛顿法,解析Hessian与线搜索,5,True,gradient tolerance satisfied,8,0.5772999720647931,8.326672684688674e-15,True,0.0,0.026246038124585473,0.39472533235762447
2024-12-31,v0_02_raw_slsqp,v0.02 原始SLSQP,原始RC平方差,1,True,Optimization terminated successfully,1,0.613899901509285,0.15587210893637216,False,0.0,0.1111111111111111,0.0
2024-12-31,v0_03_scaled_slsqp,v0.03 目标放大,目标乘1e9,2,True,Optimization terminated successfully,25,13.047800050117075,5.939191456694193e-08,True,0.0,0.027862424079022653,0.3557287036296169
2024-12-31,v0_04_relative_slsqp,v0.04 相对误差,无量纲相对RC误差,3,True,Optimization terminated successfully,26,19.408500054851174,5.537657482429514e-07,True,0.0,0.027862358422309545,0.35572951066341346
2024-12-31,v0_05_convex_lbfgsb,v0.05 凸重构,对数障碍凸目标,4,True,CONVERGENCE: NORM OF PROJECTED GRADIENT <= PGTOL,19,3.5693000536412,1.535721498950593e-05,False,0.0,0.027863222474534672,0.35572165175214066
2024-12-31,course_newton,当前阻尼牛顿法,解析Hessian与线搜索,5,True,gradient tolerance satisfied,8,0.5734000587835908,1.930400284066991e-14,True,0.0,0.027862431499064835,0.3557285817002906
2025-01-27,v0_02_raw_slsqp,v0.02 原始SLSQP,原始RC平方差,1,True,Optimization terminated successfully,1,0.6535999709740281,0.16000418809182787,False,0.0,0.1111111111111111,0.0
2025-01-27,v0_03_scaled_slsqp,v0.03 目标放大,目标乘1e9,2,True,Optimization terminated successfully,31,21.147300023585558,5.1508652523790666e-08,True,0.0,0.02724151983502732,0.3519210641790622
2025-01-27,v0_04_relative_slsqp,v0.04 相对误差,无量纲相对RC误差,3,True,Optimization terminated successfully,25,13.497899984940886,3.319174190774543e-07,True,0.0,0.027241490013867675,0.3519204692253799
2025-01-27,v0_05_convex_lbfgsb,v0.05 凸重构,对数障碍凸目标,4,True,CONVERGENCE: NORM OF PROJECTED GRADIENT <= PGTOL,19,2.9554000357165933,1.423880888160034e-05,False,1.1102230246251565e-16,0.027238881376725758,0.35194645870660923
2025-01-27,course_newton,当前阻尼牛顿法,解析Hessian与线搜索,5,True,gradient tolerance satisfied,8,0.825399998575449,4.082567617302857e-13,True,0.0,0.027241528537926545,0.35192096349221236
2025-02-28,v0_02_raw_slsqp,v0.02 原始SLSQP,原始RC平方差,1,True,Optimization terminated successfully,1,0.8047000737860799,0.15346015858556994,False,0.0,0.1111111111111111,0.0
2025-02-28,v0_03_scaled_slsqp,v0.03 目标放大,目标乘1e9,2,True,Optimization terminated successfully,22,8.760500000789762,4.22289410106913e-08,True,0.0,0.03674130609415636,0.26608236722181344
2025-02-28,v0_04_relative_slsqp,v0.04 相对误差,无量纲相对RC误差,3,True,Optimization terminated successfully,23,8.810500032268465,2.864453971240799e-07,True,0.0,0.03674128822648586,0.26608198979631126
2025-02-28,v0_05_convex_lbfgsb,v0.05 凸重构,对数障碍凸目标,4,True,CONVERGENCE: NORM OF PROJECTED GRADIENT <= PGTOL,14,1.6624999698251486,4.561282940643285e-06,False,0.0,0.03674087509617273,0.26608535020234153
2025-02-28,course_newton,当前阻尼牛顿法,解析Hessian与线搜索,5,True,gradient tolerance satisfied,8,0.5087000317871571,2.7755575615628914e-17,True,0.0,0.036741317980533594,0.26608229016744633
2025-03-31,v0_02_raw_slsqp,v0.02 原始SLSQP,原始RC平方差,1,True,Optimization terminated successfully,1,0.6155000301077962,0.12051692643328274,False,0.0,0.1111111111111111,0.0
2025-03-31,v0_03_scaled_slsqp,v0.03 目标放大,目标乘1e9,2,True,Optimization terminated successfully,24,11.773700010962784,4.611190423942091e-08,True,0.0,0.04409084798327952,0.22951517204812943
2025-03-31,v0_04_relative_slsqp,v0.04 相对误差,无量纲相对RC误差,3,True,Optimization terminated successfully,21,8.924699970521033,1.5778052130099862e-07,True,0.0,0.044090806141576934,0.22951520369247597
2025-03-31,v0_05_convex_lbfgsb,v0.05 凸重构,对数障碍凸目标,4,True,CONVERGENCE: NORM OF PROJECTED GRADIENT <= PGTOL,14,1.6926999669522047,2.1199001183830335e-05,False,0.0,0.044089788810692296,0.2295521022292335
2025-03-31,course_newton,当前阻尼牛顿法,解析Hessian与线搜索,5,True,gradient tolerance satisfied,7,0.458399998024106,1.7312114242162835e-10,True,0.0,0.044090855738486874,0.22951508846011448
2025-04-30,v0_02_raw_slsqp,v0.02 原始SLSQP,原始RC平方差,1,True,Optimization terminated successfully,1,0.6502999458462,0.11584421316900093,False,0.0,0.1111111111111111,0.0
2025-04-30,v0_03_scaled_slsqp,v0.03 目标放大,目标乘1e9,2,True,Optimization terminated successfully,32,16.27560006454587,5.939337413551904e-08,True,0.0,0.02584798133950693,0.41866172347564484
2025-04-30,v0_04_relative_slsqp,v0.04 相对误差,无量纲相对RC误差,3,True,Optimization terminated successfully,30,16.14029996562749,8.048765605395136e-07,True,0.0,0.025847934017494408,0.4186606943657207
2025-04-30,v0_05_convex_lbfgsb,v0.05 凸重构,对数障碍凸目标,4,True,CONVERGENCE: NORM OF PROJECTED GRADIENT <= PGTOL,19,3.6007999442517757,8.93925684321284e-06,False,4.440892098500626e-16,0.025847628753753366,0.4186711803553213
2025-04-30,course_newton,当前阻尼牛顿法,解析Hessian与线搜索,5,True,gradient tolerance satisfied,8,0.5302000790834427,2.1524448889920222e-14,True,0.0,0.02584798754383176,0.4186616062935556
2025-05-30,v0_02_raw_slsqp,v0.02 原始SLSQP,原始RC平方差,1,True,Optimization terminated successfully,1,0.7097000489011407,0.11093925406525426,False,0.0,0.1111111111111111,0.0
2025-05-30,v0_03_scaled_slsqp,v0.03 目标放大,目标乘1e9,2,True,Optimization terminated successfully,26,15.745400101877749,7.621997714923889e-08,True,0.0,0.027343059924201527,0.4137696347718494
2025-05-30,v0_04_relative_slsqp,v0.04 相对误差,无量纲相对RC误差,3,True,Optimization terminated successfully,29,13.57589999679476,6.849771287953388e-07,True,0.0,0.02734301533921732,0.41377035938343404
2025-05-30,v0_05_convex_lbfgsb,v0.05 凸重构,对数障碍凸目标,4,True,CONVERGENCE: NORM OF PROJECTED GRADIENT <= PGTOL,20,4.3697000946849585,2.8755139190039802e-06,False,1.1102230246251565e-16,0.027343569002441344,0.4137707834112338
2025-05-30,course_newton,当前阻尼牛顿法,解析Hessian与线搜索,5,True,gradient tolerance satisfied,8,0.9801000123843551,3.2800429039525625e-12,True,0.0,0.027343071261213433,0.41376948970417154
2025-06-30,v0_02_raw_slsqp,v0.02 原始SLSQP,原始RC平方差,1,True,Optimization terminated successfully,1,0.8894000202417374,0.10636198043099818,False,0.0,0.1111111111111111,0.0
2025-06-30,v0_03_scaled_slsqp,v0.03 目标放大,目标乘1e9,2,True,Optimization terminated successfully,29,21.516199922189116,1.8242439384086317e-07,True,2.220446049250313e-16,0.02758945823521898,0.42752526392949025
2025-06-30,v0_04_relative_slsqp,v0.04 相对误差,无量纲相对RC误差,3,True,Optimization terminated successfully,30,15.90370002668351,1.5763914063965379e-06,False,0.0,0.027589786742000823,0.42752572912308134
2025-06-30,v0_05_convex_lbfgsb,v0.05 凸重构,对数障碍凸目标,4,True,CONVERGENCE: NORM OF PROJECTED GRADIENT <= PGTOL,21,2.1557000000029802,2.948139109082426e-05,False,0.0,0.02758526931562882,0.427572113706107
2025-06-30,course_newton,当前阻尼牛顿法,解析Hessian与线搜索,5,True,gradient tolerance satisfied,8,0.4985000705346465,6.327324914012777e-10,True,1.1102230246251565e-16,0.02758945793628394,0.42752508481219614
2025-07-31,v0_02_raw_slsqp,v0.02 原始SLSQP,原始RC平方差,1,True,Optimization terminated successfully,1,0.6577000021934509,0.12292112479415152,False,0.0,0.1111111111111111,0.0
2025-07-31,v0_03_scaled_slsqp,v0.03 目标放大,目标乘1e9,2,True,Optimization terminated successfully,27,11.188299977220595,2.8123972026228294e-08,True,2.220446049250313e-16,0.03431930166056423,0.3501251641307484
2025-07-31,v0_04_relative_slsqp,v0.04 相对误差,无量纲相对RC误差,3,True,Optimization terminated successfully,24,13.104700017720461,8.816144197593134e-07,True,0.0,0.03431911828148903,0.3501272746173271
2025-07-31,v0_05_convex_lbfgsb,v0.05 凸重构,对数障碍凸目标,4,True,CONVERGENCE: NORM OF PROJECTED GRADIENT <= PGTOL,18,2.1265000104904175,3.6190320408524546e-06,False,1.1102230246251565e-16,0.03432040168559671,0.3501232009825116
2025-07-31,course_newton,当前阻尼牛顿法,解析Hessian与线搜索,5,True,gradient tolerance satisfied,8,0.48699998296797276,3.5348807214674594e-12,True,1.1102230246251565e-16,0.03431930476892176,0.35012509903872785
2025-08-29,v0_02_raw_slsqp,v0.02 原始SLSQP,原始RC平方差,1,True,Optimization terminated successfully,1,0.5952999927103519,0.10962526732990649,False,0.0,0.1111111111111111,0.0
2025-08-29,v0_03_scaled_slsqp,v0.03 目标放大,目标乘1e9,2,True,Optimization terminated successfully,25,12.926499941386282,3.020272132392421e-08,True,1.1102230246251565e-16,0.04258221105005079,0.3022195777391494
2025-08-29,v0_04_relative_slsqp,v0.04 相对误差,无量纲相对RC误差,3,True,Optimization terminated successfully,24,14.814100111834705,2.0040805730203726e-07,True,1.1102230246251565e-16,0.04258224050608822,0.3022200371410713
2025-08-29,v0_05_convex_lbfgsb,v0.05 凸重构,对数障碍凸目标,4,True,CONVERGENCE: NORM OF PROJECTED GRADIENT <= PGTOL,15,2.0857000490650535,5.661024478562093e-06,False,0.0,0.04258100436689654,0.3022150669709138
2025-08-29,course_newton,当前阻尼牛顿法,解析Hessian与线搜索,5,True,gradient tolerance satisfied,8,0.5389000289142132,1.2705114738054135e-13,True,0.0,0.042582215936484674,0.30221952014920994
2025-09-30,v0_02_raw_slsqp,v0.02 原始SLSQP,原始RC平方差,1,True,Optimization terminated successfully,1,0.6277000065892935,0.09969207769799297,False,0.0,0.1111111111111111,0.0
2025-09-30,v0_03_scaled_slsqp,v0.03 目标放大,目标乘1e9,2,True,Optimization terminated successfully,23,8.854999905452132,5.260932363360116e-08,True,0.0,0.04322866294450101,0.31946702929850085
2025-09-30,v0_04_relative_slsqp,v0.04 相对误差,无量纲相对RC误差,3,True,Optimization terminated successfully,20,8.982400060631335,5.451799107991651e-07,True,0.0,0.04322885682360983,0.31946740969457055
2025-09-30,v0_05_convex_lbfgsb,v0.05 凸重构,对数障碍凸目标,4,True,CONVERGENCE: NORM OF PROJECTED GRADIENT <= PGTOL,14,1.9058999605476856,1.798192042036517e-05,False,0.0,0.043230501580667595,0.3194525300128272
2025-09-30,course_newton,当前阻尼牛顿法,解析Hessian与线搜索,5,True,gradient tolerance satisfied,8,0.5011999746784568,3.2672475835937576e-13,True,1.1102230246251565e-16,0.04322867507276217,0.31946692226660295
2025-10-31,v0_02_raw_slsqp,v0.02 原始SLSQP,原始RC平方差,1,True,Optimization terminated successfully,1,0.5795999895781279,0.10349988293941303,False,0.0,0.1111111111111111,0.0
2025-10-31,v0_03_scaled_slsqp,v0.03 目标放大,目标乘1e9,2,True,Optimization terminated successfully,30,16.438100021332502,7.120995794418494e-08,True,2.220446049250313e-16,0.03744969798038825,0.380857361148403
2025-10-31,v0_04_relative_slsqp,v0.04 相对误差,无量纲相对RC误差,3,True,Optimization terminated successfully,23,11.222200002521276,4.72498724535253e-07,True,0.0,0.037449721860953904,0.3808577030413546
2025-10-31,v0_05_convex_lbfgsb,v0.05 凸重构,对数障碍凸目标,4,True,CONVERGENCE: NORM OF PROJECTED GRADIENT <= PGTOL,18,2.5545000098645687,6.9463708635836285e-06,False,0.0,0.037450477496254256,0.3808559601408605
2025-10-31,course_newton,当前阻尼牛顿法,解析Hessian与线搜索,5,True,gradient tolerance satisfied,8,0.534699996933341,3.1238109321485297e-11,True,0.0,0.03744970426791987,0.38085722558225843
2025-11-28,v0_02_raw_slsqp,v0.02 原始SLSQP,原始RC平方差,1,True,Optimization terminated successfully,1,0.6617000326514244,0.10725065279525162,False,0.0,0.1111111111111111,0.0
2025-11-28,v0_03_scaled_slsqp,v0.03 目标放大,目标乘1e9,2,True,Optimization terminated successfully,23,9.547300054691732,1.0726965755936124e-07,True,0.0,0.0312945567123705,0.4080617328838802
2025-11-28,v0_04_relative_slsqp,v0.04 相对误差,无量纲相对RC误差,3,True,Optimization terminated successfully,26,10.796699905768037,1.4669312214249386e-06,False,2.220446049250313e-16,0.03129478522802923,0.4080595588208628
2025-11-28,v0_05_convex_lbfgsb,v0.05 凸重构,对数障碍凸目标,4,True,CONVERGENCE: NORM OF PROJECTED GRADIENT <= PGTOL,19,3.284099977463484,1.2992182866489177e-06,False,0.0,0.031294613495709396,0.40806061679759426
2025-11-28,course_newton,当前阻尼牛顿法,解析Hessian与线搜索,5,True,gradient tolerance satisfied,8,0.5319999763742089,2.0989890381351017e-10,True,2.220446049250313e-16,0.031294583575066266,0.4080616057031085
2025-12-31,v0_02_raw_slsqp,v0.02 原始SLSQP,原始RC平方差,1,True,Optimization terminated successfully,1,0.6315999198704958,0.09938673757390941,False,0.0,0.1111111111111111,0.0
2025-12-31,v0_03_scaled_slsqp,v0.03 目标放大,目标乘1e9,2,True,Optimization terminated successfully,27,10.286999982781708,1.0082776094599843e-07,True,1.1102230246251565e-16,0.0455397953455542,0.33848498801551075
2025-12-31,v0_04_relative_slsqp,v0.04 相对误差,无量纲相对RC误差,3,True,Optimization terminated successfully,21,9.136400069110096,1.026496595724069e-06,False,0.0,0.04553988738127857,0.33848556000831403
2025-12-31,v0_05_convex_lbfgsb,v0.05 凸重构,对数障碍凸目标,4,True,CONVERGENCE: NORM OF PROJECTED GRADIENT <= PGTOL,14,1.7780999187380075,1.5029914988654025e-05,False,0.0,0.04553372394193338,0.33851274404184784
2025-12-31,course_newton,当前阻尼牛顿法,解析Hessian与线搜索,5,True,gradient tolerance satisfied,8,1.0284000309184194,6.892680870507206e-13,True,2.220446049250313e-16,0.04553977806522725,0.33848512187694907
2026-01-30,v0_02_raw_slsqp,v0.02 原始SLSQP,原始RC平方差,1,True,Optimization terminated successfully,1,0.5675000138580799,0.16531986075511856,False,0.0,0.1111111111111111,0.0
2026-01-30,v0_03_scaled_slsqp,v0.03 目标放大,目标乘1e9,2,True,Optimization terminated successfully,27,13.36860004812479,1.009391195488929e-07,True,0.0,0.0223742603174735,0.44563202567725363
2026-01-30,v0_04_relative_slsqp,v0.04 相对误差,无量纲相对RC误差,3,True,Optimization terminated successfully,30,17.72140001412481,2.3900810740273837e-07,True,2.220446049250313e-16,0.022374263809437283,0.4456323026604973
2026-01-30,v0_05_convex_lbfgsb,v0.05 凸重构,对数障碍凸目标,4,True,CONVERGENCE: NORM OF PROJECTED GRADIENT <= PGTOL,20,2.2010999964550138,1.3309616531342883e-05,False,2.220446049250313e-16,0.022375026729549243,0.4456182024778011
2026-01-30,course_newton,当前阻尼牛顿法,解析Hessian与线搜索,5,True,gradient tolerance satisfied,8,0.5391999147832394,9.61602297788744e-10,True,0.0,0.022374273625171838,0.4456318327721895
2026-02-27,v0_02_raw_slsqp,v0.02 原始SLSQP,原始RC平方差,1,True,Optimization terminated successfully,1,0.6414999952539802,0.1939592448733331,False,0.0,0.1111111111111111,0.0
2026-02-27,v0_03_scaled_slsqp,v0.03 目标放大,目标乘1e9,2,True,Optimization terminated successfully,5,0.5842999089509249,0.1939592448733331,False,0.0,0.1111111111111111,0.0
2026-02-27,v0_04_relative_slsqp,v0.04 相对误差,无量纲相对RC误差,3,True,Optimization terminated successfully,35,22.107800003141165,7.806134119658914e-07,True,1.1102230246251565e-16,0.014191359814715771,0.4612503418052662
2026-02-27,v0_05_convex_lbfgsb,v0.05 凸重构,对数障碍凸目标,4,True,CONVERGENCE: NORM OF PROJECTED GRADIENT <= PGTOL,33,4.367999965324998,4.2292488271478135e-06,False,0.0,0.014191202273090859,0.46125048586043077
2026-02-27,course_newton,当前阻尼牛顿法,解析Hessian与线搜索,5,True,gradient tolerance satisfied,9,0.6831999635323882,4.163336342344337e-17,True,1.1102230246251565e-16,0.01419146683063925,0.4612490971391699
2026-03-31,v0_02_raw_slsqp,v0.02 原始SLSQP,原始RC平方差,1,True,Optimization terminated successfully,1,0.8572000078856945,0.17946697417459612,False,0.0,0.1111111111111111,0.0
2026-03-31,v0_03_scaled_slsqp,v0.03 目标放大,目标乘1e9,2,True,Optimization terminated successfully,5,0.9222999215126038,0.17946697417459612,False,0.0,0.1111111111111111,0.0
2026-03-31,v0_04_relative_slsqp,v0.04 相对误差,无量纲相对RC误差,3,True,Optimization terminated successfully,33,13.78510007634759,1.6752019976751242e-07,True,0.0,0.014477457411057942,0.483741422081771
2026-03-31,v0_05_convex_lbfgsb,v0.05 凸重构,对数障碍凸目标,4,True,CONVERGENCE: NORM OF PROJECTED GRADIENT <= PGTOL,26,2.773099928162992,8.556152248456739e-06,False,1.1102230246251565e-16,0.014477679141081607,0.483736160481857
2026-03-31,course_newton,当前阻尼牛顿法,解析Hessian与线搜索,5,True,gradient tolerance satisfied,9,1.5175000298768282,1.675048988403205e-14,True,2.220446049250313e-16,0.0144774643779595,0.4837413339873811
2026-04-03,v0_02_raw_slsqp,v0.02 原始SLSQP,原始RC平方差,1,True,Optimization terminated successfully,1,0.9701999370008707,0.16776910940675394,False,0.0,0.1111111111111111,0.0
2026-04-03,v0_03_scaled_slsqp,v0.03 目标放大,目标乘1e9,2,False,Positive directional derivative for linesearch,6,1.0618000524118543,0.13589876433159231,False,0.15960258157040785,0.10659840412107485,0.03610165592029008
2026-04-03,v0_04_relative_slsqp,v0.04 相对误差,无量纲相对RC误差,3,True,Optimization terminated successfully,36,17.64770003501326,1.2069831451522184e-06,False,1.1102230246251565e-16,0.015225123029972792,0.4782399953867191
2026-04-03,v0_05_convex_lbfgsb,v0.05 凸重构,对数障碍凸目标,4,True,CONVERGENCE: NORM OF PROJECTED GRADIENT <= PGTOL,24,3.4145000390708447,7.267276443650994e-06,False,0.0,0.015225031838649691,0.4782395391955451
2026-04-03,course_newton,当前阻尼牛顿法,解析Hessian与线搜索,5,True,gradient tolerance satisfied,8,0.526099931448698,1.7735292401344083e-10,True,0.0,0.015225189035948692,0.4782396131105809
