date,equal_weight,inverse_downside_vol,erc
2014-02-07,1.0076872222222222,1.005754004002778,1.006184051766172
2014-02-10,1.0197985597532748,1.0134784105864538,1.0134517320998837
2014-02-11,1.0201391585722066,1.0131609920969353,1.012917733748284
2014-02-12,1.0234763645658953,1.0154957195606982,1.0155115916965054
2014-02-13,1.0194597968788486,1.0129683736141037,1.0130994279612937
2014-02-14,1.0260851972987042,1.0170635811613498,1.0174136694276459
2014-02-17,1.0331850736932997,1.0212056506241114,1.0212466761600523
2014-02-18,1.02761489378795,1.0162933412884216,1.016469342988358
2014-02-19,1.0308107956442678,1.0181343626411428,1.0181433530169361
2014-02-20,1.0253696866158326,1.0148108412735428,1.014943240003757
2014-02-21,1.0219659822780633,1.0128797879179834,1.013139947102854
2014-02-24,1.0163355529564708,1.008655926524977,1.0096558528537767
2014-02-25,1.0037716947523274,1.0022419922737313,1.0036754559822112
2014-02-26,1.0061091330023393,1.0036774586507518,1.0050609426101131
2014-02-27,0.999732242847212,0.9999240139759367,1.0011981460937565
2014-02-28,1.0024821430269186,1.0010461564715212,1.0020321030199761
2014-03-03,1.0063668735815188,1.0023288708660603,1.0033033829655802
2014-03-04,1.0055353575154091,1.0004260649594732,1.001040404717159
2014-03-05,1.005756323359651,1.0008817985588327,1.0014621559908872
2014-03-06,1.0061076518040517,1.000700320200536,1.0012938974451326
2014-03-07,1.006068690105011,1.0011388298826163,1.0021404022443388
2014-03-10,0.9864360983293524,0.9888182694683754,0.9913298125218414
2014-03-11,0.9889404058441127,0.990590036675601,0.993164165389817
2014-03-12,0.9848056390297085,0.9873613181621952,0.9905454296694158
2014-03-13,0.9898422240445265,0.9902652197341537,0.9930827733159141
2014-03-14,0.98455266803932,0.9871285220334276,0.9902797551191822
2014-03-17,0.9895248039261865,0.9897207005869372,0.9926940116908832
2014-03-18,0.9908419766341421,0.990405992701608,0.9929949438565768
2014-03-19,0.991171149985027,0.9906482146222528,0.9936205420892974
2014-03-20,0.9855631030540914,0.9886393095668053,0.9921534160635475
2014-03-21,0.9942238941788843,0.9928537125862533,0.9954957851221493
2014-03-24,0.9955962643544674,0.994203373759825,0.9965213421712789
2014-03-25,0.9985617689254068,0.9960375909810559,0.9981092549836906
2014-03-26,0.9997209689713008,0.9967183488801276,0.9987008047914427
2014-03-27,0.9939374518470441,0.9933052392653992,0.9955216646799941
2014-03-28,0.9941504681960531,0.9950460112919978,0.9971853455742244
2014-03-31,0.993161112152377,0.9943603288587616,0.9964132548971603
2014-04-01,0.9993726577942186,0.9988895196333781,1.0006715642068589
2014-04-02,1.0006776633830254,0.9999994387380363,1.0016397556345868
2014-04-03,0.9964943293383655,0.9965542758110447,0.9983750947060532
2014-04-04,1.0018159346056725,0.9990130460894324,1.0003751217695054
2014-04-08,1.0084027636263937,1.0026479208210408,1.0032782837710765
2014-04-09,1.0077597770147402,1.0022442889577696,1.0029626017813462
2014-04-10,1.0116858260705777,1.0042446655962713,1.0044428758167798
2014-04-11,1.012031563071908,1.0049340087638483,1.0051209746770082
2014-04-14,1.0150845362603929,1.0076050765195816,1.007838990219473
2014-04-15,1.0087168966408036,1.0049693387337566,1.0060076716547022
2014-04-16,1.009450676057019,1.0056512012974015,1.0067142141065901
2014-04-17,1.0122927888814468,1.0103469666015947,1.011891681285358
2014-04-18,1.0121691595256868,1.0122907194516115,1.014338382914401
2014-04-21,1.0047709905717033,1.0076180611868761,1.0102896296840573
2014-04-22,1.0043329911569296,1.007817485796546,1.0105047746772842
2014-04-23,1.0027612852859764,1.0060626798724637,1.0086501402514125
2014-04-24,1.0037044297343345,1.0067970222631657,1.0093228548650535
2014-04-25,1.0006882306527387,1.0054315052038878,1.008364124558285
2014-04-28,0.9984628655043769,1.00719589809683,1.010923320383718
2014-04-29,0.9999416038434408,1.0073787045851137,1.0107976880025322
2014-04-30,1.0008468933891586,1.0084047011931663,1.0118663151928673
2014-05-05,1.0013908345264522,1.009221575945322,1.012842963397255
2014-05-06,1.0008804237515703,1.0090914572313185,1.0128416368557087
2014-05-07,0.9960694759754857,1.0074689574247417,1.0115406755410785
2014-05-08,0.9937564167761739,1.0063173888081756,1.010518867205131
2014-05-09,0.9960146358930346,1.0108604011635411,1.0154070550570427
2014-05-12,1.0066686423755342,1.016903976387119,1.0207981301948854
2014-05-13,1.0063764577682879,1.0161674533300753,1.01997349482532
2014-05-14,1.0083737535036532,1.017526158004424,1.0213117174603794
2014-05-15,1.0048779495540678,1.0158556597345125,1.0200014728402766
2014-05-16,1.0018607442707617,1.0147139833387748,1.0189532885243229
2014-05-19,1.0022097606114924,1.014672883111161,1.019115373512047
2014-05-20,1.0020428276935194,1.0152998690396176,1.0198222811474427
2014-05-21,1.0038769399669838,1.016208131456032,1.020523645329296
2014-05-22,1.0069955191365227,1.0192678176261196,1.0236518716766496
2014-05-23,1.013370994371789,1.0235267346750152,1.0278865873556688
2014-05-26,1.0199559944013552,1.0291306676340108,1.0336683789467551
2014-05-27,1.0157036929573262,1.026057541332309,1.0308726475909047
2014-05-28,1.0188928381946636,1.0273483403389974,1.031872514680725
2014-05-29,1.0178734204645146,1.0299031809355215,1.034894161696782
2014-05-30,1.0179996948445897,1.0300130932786713,1.0350619791250633
2014-06-03,1.016815619039698,1.0310018189933956,1.0361898571603376
2014-06-04,1.0132212803309328,1.0307311616381454,1.036133091416539
2014-06-05,1.0168958862081925,1.0320107166684955,1.037119031549161
2014-06-06,1.015170851915304,1.0318899413849882,1.0373427208623283
2014-06-09,1.012651511577538,1.0305875786271,1.0362259757079313
2014-06-10,1.0161035420231206,1.0315514713095562,1.0367765207623276
2014-06-11,1.0174118051061856,1.0319994546340157,1.036894425198947
2014-06-12,1.017599291514817,1.0323565283453346,1.0373733954770457
2014-06-13,1.0239579566511927,1.0354810733757478,1.0400342323683847
2014-06-16,1.0297200459953288,1.0389533111388813,1.0432716160986029
2014-06-17,1.0245860604804171,1.0366759536628276,1.0411889908465466
2014-06-18,1.0201414327460587,1.033720954617633,1.0384216052782065
2014-06-19,1.015655620885349,1.0324653507257409,1.037839416737377
2014-06-20,1.0234895426605417,1.0370887821668722,1.042512006688923
2014-06-23,1.0284951200852088,1.0409954925529432,1.0463889277889005
2014-06-24,1.030396903522735,1.0410488735620766,1.0462266731073415
2014-06-25,1.0295810101565046,1.041203554067529,1.0465024676126609
2014-06-26,1.0370206586975559,1.045173598504973,1.0500903937866284
2014-06-27,1.0382838310546563,1.0458534299464082,1.0507398166298083
2014-06-30,1.0398277669484273,1.0460410126634034,1.0506474321794885
2014-07-01,1.0349618895768717,1.0423076507581315,1.046861081448806
2014-07-02,1.035193484750079,1.041312250677375,1.0458395391000566
2014-07-03,1.0395707025161922,1.0428288200326798,1.0471861917915724
2014-07-04,1.0394873442117623,1.0417922587086328,1.0461694257519196
2014-07-07,1.0354713406518605,1.0397407311772304,1.0441715382626091
2014-07-08,1.037471660459595,1.0409401954552402,1.0452765651920024
2014-07-09,1.029698512873772,1.0370297894172895,1.0418895966205501
2014-07-10,1.0272433677275346,1.0361728059454436,1.0411252434918639
2014-07-11,1.0305560162784433,1.0381829896172365,1.043018981614786
2014-07-14,1.0318030202396384,1.0370054439001357,1.0409750441339651
2014-07-15,1.0305324846854975,1.0366185721263337,1.0406008105297162
2014-07-16,1.030292008052213,1.0354433610781097,1.0395526266561355
2014-07-17,1.0261306328964777,1.030443685688143,1.0341389891442545
2014-07-18,1.0258582100081526,1.0274983511982547,1.0303529092942185
2014-07-21,1.023279590355651,1.027071452130937,1.0299355500572827
2014-07-22,1.0312742203534384,1.0320551538990836,1.0344087189845932
2014-07-23,1.0291215101069355,1.0312714064748563,1.03359741043602
2014-07-24,1.032918696222252,1.0331749870623157,1.0351376262085477
2014-07-25,1.036139894461834,1.034638645309151,1.0362232828903908
2014-07-28,1.0474866725998555,1.041004916403547,1.0418052468742558
2014-07-29,1.052627141073868,1.0434592843642165,1.0441238428015425
2014-07-30,1.0499658258034197,1.041319473504751,1.0421820379713431
2014-07-31,1.05197649726346,1.0419511850596657,1.0424393871553412
2014-08-01,1.046941752915311,1.0389545468135863,1.0396309828819175
2014-08-04,1.0536161630377094,1.0440909562795708,1.044299065955058
2014-08-05,1.055060180571881,1.0447430871489367,1.0449384608972743
2014-08-06,1.0530781668637372,1.0431127647594252,1.0434688337601943
2014-08-07,1.0511937378897864,1.0413399503240854,1.0420618367668035
2014-08-08,1.0546370615172282,1.0435897389346036,1.044326133372979
2014-08-11,1.05895305586934,1.0466600705769058,1.0469324194431506
2014-08-12,1.0574435608727133,1.045551242174291,1.0458473278828717
2014-08-13,1.0561568738606564,1.0447227133685064,1.0449841319447843
2014-08-14,1.0512655221409088,1.0422273593029519,1.0427207527518942
2014-08-15,1.0550112659424025,1.0449665012535418,1.0451813972477824
2014-08-18,1.0583849056108967,1.0469682983100908,1.0470048397226528
2014-08-19,1.0602247043396062,1.0481107916717,1.0480737280891221
2014-08-20,1.0577267744366254,1.0461859911029343,1.0462455064729237
2014-08-21,1.0580300971443632,1.0461266800768263,1.0461414863735867
2014-08-22,1.0610718197826188,1.0481675842950673,1.0479849272905208
2014-08-25,1.0575066811655056,1.0461106411779602,1.0461561159845325
2014-08-26,1.051774088242031,1.0426593454676663,1.0429888921432153
2014-08-27,1.0513887288468913,1.0422376601550214,1.0425946750624944
2014-08-28,1.0470583867510694,1.039538738733676,1.04006148953754
2014-08-29,1.0508447368337301,1.041910511489372,1.0421250023400417
2014-09-01,1.053403749918212,1.0432745023260912,1.0432409881500762
2014-09-02,1.0607244008639432,1.0478905952341888,1.0472781483852467
2014-09-03,1.0605298860971086,1.0473089090380754,1.0464151436815319
2014-09-04,1.0627217770248758,1.0487662910368416,1.0475927114278556
2014-09-05,1.0635924154048182,1.0495276057759133,1.0480706108048194
2014-09-09,1.0616400232798773,1.048489052181416,1.0470150982415973
2014-09-10,1.057873639004899,1.0459614352919708,1.0446500533271164
2014-09-11,1.0531418978072964,1.0429209091037017,1.0418042692201908
2014-09-12,1.0580822839111714,1.0455477316686357,1.0441135406600968
2014-09-15,1.058419646331265,1.0463960741258096,1.0448895057071756
2014-09-16,1.0513811803100883,1.042329892351075,1.0416323970821455
2014-09-17,1.0560524610445912,1.0464701798005003,1.0455488333111567
2014-09-18,1.0550120848172013,1.047232539668292,1.0460943338089657
2014-09-19,1.0570315599951436,1.0520724218857556,1.0513073778920343
2014-09-22,1.0439298520290379,1.0445490984372292,1.0444931994072921
2014-09-23,1.0490298993504146,1.0479020819081608,1.04745782171706
2014-09-24,1.054781799784612,1.050985586708976,1.0499952844265559
2014-09-25,1.054717990396775,1.0510351947842658,1.0500194979883781
2014-09-26,1.0552127532844653,1.052276471031363,1.0512804158583673
2014-09-29,1.0545616619528457,1.0521535851737986,1.0510332867229886
2014-09-30,1.058696485160492,1.0545220461804519,1.0533236126019636
2014-10-08,1.0585787628451362,1.054204200388704,1.0530171143488611
2014-10-09,1.0598724461716091,1.0540874956452928,1.052799157478933
2014-10-10,1.0508639519516412,1.049665324022331,1.0490915288110951
2014-10-13,1.0522858842444012,1.0511706263814324,1.0506471180719186
2014-10-14,1.0572689353065343,1.055857415370369,1.055651275209674
2014-10-15,1.0590964404477097,1.059515872680509,1.0592976656514992
2014-10-16,1.0549965068946654,1.0609022494988674,1.0619583643408512
2014-10-17,1.0508258296958055,1.0582347627454713,1.059668233675798
2014-10-20,1.0548817751935105,1.0624962053398268,1.0637295823823805
2014-10-21,1.055134265968103,1.0645381564773122,1.066403647946473
2014-10-22,1.0541595808093727,1.0627915347951435,1.0646945513405377
2014-10-23,1.0492316007118374,1.0598037376318574,1.0621663173460365
2014-10-24,1.0522456821271684,1.0609687200364737,1.0632089281295196
2014-10-27,1.0497468738611306,1.0601284247956653,1.062777023259242
2014-10-28,1.0611075237076506,1.0676462376756477,1.0699247821771614
2014-10-29,1.06957670298431,1.0726962769576762,1.0743000528379585
2014-10-30,1.0709843048505046,1.0739742291182448,1.075896628116933
2014-10-31,1.0754882497921752,1.078209565970577,1.080550732318929
2014-11-03,1.069320551826839,1.0770448190315316,1.0797037821138256
2014-11-04,1.066927864924226,1.0775047436672116,1.0801315932067483
2014-11-05,1.0599720980429679,1.075456478036389,1.0787881875210117
2014-11-06,1.0637860135062722,1.0772030092718738,1.0803269819092929
2014-11-07,1.0662283358003273,1.0826552301597914,1.0866645959909798
2014-11-10,1.0791918892113477,1.0899864096924194,1.092736715458156
2014-11-11,1.0696421142116574,1.0870403529062376,1.0906563269869378
2014-11-12,1.0803881391637993,1.0908725280240035,1.0935470967807541
2014-11-13,1.0765470981677765,1.087723649647236,1.0908894826203959
2014-11-14,1.0711351866251746,1.0837092518665616,1.0873346044249856
2014-11-17,1.073484928861447,1.085221392593507,1.0886823844079676
2014-11-18,1.0729437378767546,1.0877563882996932,1.092737082730375
2014-11-19,1.0731340471791406,1.0878476177329375,1.0929379320705805
2014-11-20,1.0748391452491146,1.087783971080876,1.0927386703418451
2014-11-21,1.08137957651383,1.0906766383861501,1.0947714218870612
2014-11-24,1.0903356540154217,1.1032417306794347,1.1072492874714914
2014-11-25,1.096587380872173,1.106407140801842,1.1098831033452654
2014-11-26,1.0962146168782607,1.1054412974813264,1.108688271854744
2014-11-27,1.0998306530181559,1.1077645728148848,1.1106098173321446
2014-11-28,1.101896551348598,1.1097465738627328,1.1118307085398411
2014-12-01,1.090770052800256,1.1050157763394866,1.1081581407133414
2014-12-02,1.1080845730480193,1.1147637841661144,1.115555506553783
2014-12-03,1.1104226293195067,1.1149393867563746,1.1153533565662905
2014-12-04,1.1247022212849291,1.1234873061848025,1.1214119792791746
2014-12-05,1.1200301845783387,1.1151193996689615,1.111800108895106
2014-12-08,1.1265406874704427,1.1200439493287286,1.115242823131117
2014-12-09,1.1048169827117087,1.1071989906338513,1.1054668988414955
2014-12-10,1.126944240084591,1.1195359068384156,1.1148658005374874
2014-12-11,1.1260041578495972,1.1211424166754984,1.1173774545211055
2014-12-12,1.129472503386142,1.1243814177502727,1.1208737526335226
2014-12-15,1.134418772890947,1.1251898673294873,1.120616049959005
2014-12-16,1.1308783101492088,1.1248721783721285,1.1198593777480739
2014-12-17,1.1299261653336563,1.1275107512472464,1.1225545484747426
2014-12-18,1.1262506840978346,1.1252105669447054,1.1203726712158342
2014-12-19,1.1334143747096734,1.1318598975645735,1.1262905923692266
2014-12-22,1.129899563881048,1.1327810186942697,1.1277218242793836
2014-12-23,1.1147611962964246,1.1215809163428034,1.1176192965991307
2014-12-24,1.1117463758749064,1.1181486009770192,1.1146637741672656
2014-12-25,1.1235469505342095,1.1291269288545531,1.1247174342688326
2014-12-26,1.1340064745544787,1.1355857481633724,1.1295890466210898
2014-12-29,1.1325876810680395,1.1360388101137826,1.130580386374415
2014-12-30,1.130516774877447,1.1338734658703453,1.1282868380838162
2014-12-31,1.1391177088550155,1.1390469323726395,1.131909446990637
2015-01-05,1.1413815688854854,1.1391337485503132,1.1319993929808654
2015-01-06,1.1473159869096285,1.1439908373358736,1.136490509980013
2015-01-07,1.1451006976678675,1.1417888176212063,1.1343557414801624
2015-01-08,1.1380303090758528,1.137068229724784,1.1300723537192998
2015-01-09,1.1340012434537707,1.1366409703168676,1.1299788702483304
2015-01-12,1.1282747759223897,1.1338771993733925,1.127408053853426
2015-01-13,1.126455004341262,1.1345245922376492,1.1283220728558239
2015-01-14,1.1175949118762438,1.1296164620475084,1.124006685000644
2015-01-15,1.128679507507642,1.137659759393807,1.1317337815909754
2015-01-16,1.1339236135601953,1.14211376488384,1.135895952446696
2015-01-19,1.114056983799484,1.1365944988677283,1.1314761659698023
2015-01-20,1.1241452532235516,1.1415263561264322,1.1359181539317174
2015-01-21,1.1421909301723332,1.151428183481748,1.1446373215834196
2015-01-22,1.1459171427814019,1.1535878592906013,1.1467644140138702
2015-01-23,1.1437590590678763,1.153136919403911,1.1463294819772634
2015-01-26,1.143371732691871,1.152720585183641,1.1460520712831168
2015-01-27,1.1440599114106351,1.1527849567549964,1.1463531179279125
2015-01-28,1.140119727754818,1.1500126271173756,1.1435961157605092
2015-01-29,1.1353190307343966,1.146961970694728,1.140766004786765
2015-01-30,1.1257180264709283,1.1400616319263095,1.134577530718085
2015-02-02,1.1247168574974002,1.1413999065842193,1.136051933252436
2015-02-03,1.1386050175027818,1.1490836818434182,1.14310178596173
2015-02-04,1.137357475261919,1.1492881193311704,1.1432217497851713
2015-02-05,1.1350990883377807,1.1514433090440575,1.1456570033071944
2015-02-06,1.1292998792866251,1.1467593319959668,1.1411358738978676
2015-02-09,1.1260127899101278,1.144920514459647,1.1394991037205802
2015-02-10,1.1327177665580737,1.1477469720368816,1.1420815540414024
2015-02-11,1.1347291094453535,1.149332383355308,1.1435915932860317
2015-02-12,1.1368314016445564,1.1510572486161565,1.1452251304040932
2015-02-13,1.149364488775968,1.1579403738215237,1.1514853223644967
2015-02-16,1.1564903133773852,1.1631532557366095,1.156394413113292
2015-02-17,1.161315912971338,1.1668727867147566,1.159863778589677
2015-02-25,1.158880100492204,1.1666377062992874,1.1597284268803207
2015-02-26,1.1727336320339472,1.1716292282346985,1.1639240293460709
2015-02-27,1.1757291340280251,1.1718809199647109,1.1638797063059618
2015-03-02,1.1854329910396868,1.1769967588043488,1.1685058941392248
2015-03-03,1.1732608827209123,1.1689440430338236,1.1608518543581956
2015-03-04,1.1755633048390448,1.1691227391641934,1.1608458834327935
2015-03-05,1.1684962836272885,1.1638206980684127,1.155737633104547
2015-03-06,1.161506730644021,1.1579655926330454,1.1501797180701567
2015-03-09,1.1673354813753363,1.1589860088399653,1.150773879262459
2015-03-10,1.1652025210029104,1.1577624271365556,1.1494948994086056
2015-03-11,1.1672588512875468,1.1609624836055374,1.1527021789384138
2015-03-12,1.1751562742046584,1.1655515807352903,1.156996303997705
2015-03-13,1.1769934948876213,1.1635360248967255,1.154801056347748
2015-03-16,1.1851761822497746,1.1650938344883266,1.1558935294611221
2015-03-17,1.1870469300415012,1.1631199418071732,1.1536688941078572
2015-03-18,1.1901607792798985,1.1644806550476992,1.1548232093315092
2015-03-19,1.1940124498097056,1.1656453259720378,1.1557223191109918
2015-03-20,1.2005483403933297,1.1702799790498035,1.1601340538040552
2015-03-23,1.2182530690195887,1.1783438530984192,1.167341934702816
2015-03-24,1.2246368228039486,1.1823464876626923,1.170988152318468
2015-03-25,1.220453985330704,1.179907427085632,1.1686840199735966
2015-03-26,1.220200593046936,1.1787613604007512,1.1676994616061056
2015-03-27,1.220210751421607,1.1764703528751317,1.1653600341701924
2015-03-30,1.225582750062052,1.1754324729646148,1.1640262996547952
2015-03-31,1.2197143188758082,1.1712131957300482,1.1599574542836593
2015-04-01,1.2291300888989942,1.1760987085057089,1.1648202472939977
2015-04-02,1.2376956997762472,1.183773942803526,1.172553140079984
2015-04-03,1.2418397181254455,1.1858517463403275,1.1747870892727321
2015-04-07,1.2539077831008847,1.1918775329955387,1.1811444600431005
2015-04-08,1.252287806588875,1.1876677789626329,1.1770641949484617
2015-04-09,1.241061055255689,1.179157570525182,1.1687392702040522
2015-04-10,1.2493103984511353,1.183185241941325,1.172979504413944
2015-04-13,1.2620274929193727,1.19049788941139,1.1804584884706593
2015-04-14,1.2644211241722587,1.1927936402679329,1.182565023501823
2015-04-15,1.2575487673097643,1.1902532401689534,1.1795878597051683
2015-04-16,1.2723696155923225,1.198792705079137,1.1881546700478116
2015-04-17,1.2789635568146795,1.2019566982962093,1.1913019961398685
2015-04-20,1.2766483590831965,1.2056926955121514,1.194878148463057
2015-04-21,1.2895243902711084,1.2157073725435963,1.2047656344643582
2015-04-22,1.3021018038330727,1.2217925539970385,1.2111167222576085
2015-04-23,1.3004194135327432,1.2195494198650143,1.208821364476676
2015-04-24,1.3008066912610887,1.2198268453269985,1.209253732529497
2015-04-27,1.3129348787947588,1.227546549797356,1.2167790905565525
2015-04-28,1.305842705118125,1.2243600380655875,1.2132279924688671
2015-04-29,1.3078700877010672,1.22601508269382,1.2152046122307678
2015-04-30,1.3143915837321098,1.231150515736073,1.2202432026380488
2015-05-04,1.3220897885330862,1.2341043070329027,1.2236077438738593
2015-05-05,1.3048991063785782,1.2260686096918003,1.215679788855675
2015-05-06,1.3051273810293686,1.225282605156774,1.2152611077888409
2015-05-07,1.2918181505187123,1.2176460327961556,1.2075438027458167
2015-05-08,1.300507125929619,1.220509952539609,1.2108910072391577
2015-05-11,1.3180883636247716,1.2292924815982327,1.219808001879561
2015-05-12,1.3221826493116902,1.229851595590899,1.2205961035405053
2015-05-13,1.3214713293364202,1.2290303029104575,1.2200443943981314
2015-05-14,1.3219565042211405,1.2300554087392048,1.2209781077606945
2015-05-15,1.317866105432877,1.2283545633312145,1.2193703628290493
2015-05-18,1.320689188541813,1.2286018054882442,1.220037160802327
2015-05-19,1.327472382800367,1.229370499394779,1.2207798611531502
2015-05-20,1.3238753761621265,1.2259067633254155,1.217274372407786
2015-05-21,1.3378896709078114,1.2325273631754778,1.2243008483146867
2015-05-22,1.3488480010112363,1.23733336828354,1.2291573026362772
2015-05-25,1.3566904142794194,1.2393164834632113,1.2310911255791266
2015-05-26,1.3675727563357845,1.2425996439015667,1.2347680137182035
2015-05-27,1.3708422202194528,1.2432375615449063,1.2355121886119524
2015-05-28,1.3380785352522275,1.2268346659503722,1.2188696684341895
2015-05-29,1.3426292306795764,1.2276048871180134,1.219742483580061
2015-06-01,1.3625846350159694,1.2311661410328985,1.2226962390724903
2015-06-02,1.3791874273227476,1.239375472527681,1.230752182659983
2015-06-03,1.3788274674222156,1.2390831144105283,1.2304630450419014
2015-06-04,1.381079747242594,1.2402955378747513,1.2315271572186084
2015-06-05,1.3823273281512336,1.2402400937761027,1.2312948684925096
2015-06-08,1.384703986991003,1.2420105703731747,1.232949824756479
2015-06-09,1.3843338108682304,1.2431495916398256,1.234103949154596
2015-06-10,1.3886962972323156,1.243599544711434,1.2345914154790192
2015-06-11,1.3888248533772434,1.2414326773429962,1.2324420125788127
2015-06-12,1.3873639578379455,1.238441701361591,1.229072172356218
2015-06-15,1.374177681363153,1.2321864836594905,1.222937167714617
2015-06-16,1.3591431518298762,1.228084402409415,1.2192057719261988
2015-06-17,1.370117200208303,1.2324995083348476,1.2234274940372638
2015-06-18,1.352594777905695,1.2277654782035528,1.218993575034002
2015-06-19,1.3245183169180426,1.2190452151288416,1.2108597410215864
2015-06-23,1.3352886778559359,1.2222848996715054,1.2141149757327783
2015-06-24,1.3480853530202683,1.2286684504681633,1.2201907471504982
2015-06-25,1.3278281061070831,1.2194242131214588,1.211283212199961
2015-06-26,1.29688528762736,1.2095393826008145,1.2021668596167217
2015-06-29,1.2815077255387033,1.2058809011606992,1.1987671759044503
2015-06-30,1.2957070956723622,1.206903480838043,1.1991736223971043
2015-07-01,1.2779715894741697,1.2055690053020232,1.1981872509541442
2015-07-02,1.2630410446837697,1.2031660692523822,1.1959830921205499
2015-07-03,1.2405974970269373,1.199978237884473,1.193231888814527
2015-07-06,1.2339546580227132,1.1982869270270229,1.191679177446735
2015-07-07,1.2150003268893392,1.1944470333931183,1.1882966477782342
2015-07-08,1.1699155832152661,1.1749329374410786,1.1699150720017435
2015-07-09,1.2121276291170309,1.194075553891442,1.187976350558096
2015-07-10,1.2380351360159765,1.1994722124371506,1.192937003627749
2015-07-13,1.2456975918240467,1.1993705852627479,1.1927536936852907
2015-07-14,1.2475993577428355,1.1996714937054829,1.1931368560714848
2015-07-15,1.2308203630740036,1.1959837967056832,1.189640784375427
2015-07-16,1.2343927477350742,1.1960517919723739,1.1896929624153516
2015-07-17,1.2464633518929735,1.1973252284101732,1.1907362657810918
2015-07-20,1.245037672109047,1.1938142087102743,1.1874650844740557
2015-07-21,1.2479890677987613,1.1934317076953742,1.1871105011383254
2015-07-22,1.247572161433789,1.1915912873550114,1.1854708263235842
2015-07-23,1.258122529589179,1.195390376210189,1.1890998841244842
2015-07-24,1.2448300530630163,1.1899868850701476,1.184075456921748
2015-07-27,1.2070969459106125,1.180930892670819,1.1754860382865946
2015-07-28,1.2019810753934683,1.1806753202820843,1.1752747790662672
2015-07-29,1.2199447205019667,1.1864715372663055,1.1807601460219082
2015-07-30,1.2085782572706805,1.1838602106196132,1.1783386985000184
2015-07-31,1.203186809517861,1.1796802940783127,1.1743083127770477
2015-08-03,1.1914577765290935,1.174552420079338,1.1696276317449572
2015-08-04,1.212094171231973,1.1806737699775798,1.174987591983152
2015-08-05,1.2079146964213978,1.1805397467647987,1.1748674716777445
2015-08-06,1.2020939878205459,1.178066526523345,1.172756365558099
2015-08-07,1.212817277789116,1.1812868878865779,1.1757012714474586
2015-08-10,1.2382194840923093,1.1879150806495027,1.1810439680150422
2015-08-11,1.2445817223514264,1.1896392055897942,1.1817190324101439
2015-08-12,1.2455334003323435,1.1915403217074794,1.1830565796185837
2015-08-13,1.2542467267538628,1.1933870564241844,1.1846940397594052
2015-08-14,1.250349998619342,1.1923061978099454,1.184214155053492
2015-08-17,1.253859181856411,1.1926264263919315,1.1844671076834306
2015-08-18,1.2201118722800657,1.1851951202176445,1.178448154925042
2015-08-19,1.2293837449038896,1.1866928942557176,1.179499740975037
2015-08-20,1.2150589463861032,1.183353837657177,1.1767728949312153
2015-08-21,1.1998945590859134,1.1844450251578813,1.1784499122561425
2015-08-24,1.157653505817476,1.174519843826246,1.1706742349481698
2015-08-25,1.1292530511050136,1.1712490502069957,1.168968097635395
2015-08-26,1.126238297709838,1.1712814259767226,1.1693690311162657
2015-08-27,1.1473150293476333,1.1772586819747992,1.1742397744760082
2015-08-28,1.1685114506259313,1.183939619771223,1.180091538383439
2015-08-31,1.1608991125331838,1.184366556254147,1.1813542885196762
2015-09-01,1.1566441731855504,1.1883470733628536,1.1856241363559292
2015-09-02,1.1524465573715597,1.1872868116397626,1.1846285462169894
2015-09-07,1.142762714111264,1.184300780833536,1.1822490961518948
2015-09-08,1.154747309149192,1.1827951781244357,1.1799398653558129
2015-09-09,1.1699308012781393,1.1881496974223076,1.1844798696909051
2015-09-10,1.164523137292853,1.186416294003618,1.1827602108506607
2015-09-11,1.1673408746064544,1.188052420910678,1.1843299968209946
2015-09-14,1.1501270880601089,1.186691523845331,1.1838928339330077
2015-09-15,1.1343702428830342,1.1845736063333006,1.1826071751725233
2015-09-16,1.158063750235217,1.1901980891444957,1.187157378371402
2015-09-17,1.1526307711407309,1.1896478603460394,1.186787068663096
2015-09-18,1.1525796631839345,1.1887314915482279,1.186002134023904
2015-09-21,1.1614807669535876,1.1903038149721006,1.1873152581087907
2015-09-22,1.1611754200174216,1.1889252671265658,1.1860406576910458
2015-09-23,1.1524222017147014,1.1859690110331444,1.1834383503032877
2015-09-24,1.1552945651939204,1.1866991939547147,1.1841664000682999
2015-09-25,1.147023607607545,1.1860564656760766,1.1838434971212712
2015-09-28,1.146860689690786,1.1842211436327772,1.1822504614590956
2015-09-29,1.1355726714799068,1.1814850963067114,1.180265485773708
2015-09-30,1.1410635986072022,1.184846952754667,1.183316135055626
2015-10-08,1.1606242941138287,1.1916374057711354,1.18899025422907
2015-10-09,1.1726916273485744,1.1987602431416304,1.1954033498034464
2015-10-12,1.1925690228677586,1.205652264151437,1.2014892184599097
2015-10-13,1.190003771635639,1.204794331574002,1.2012788086569453
2015-10-14,1.1881716537554448,1.21031288906779,1.2072995241248987
2015-10-15,1.200381071946571,1.2118757759459817,1.2081238652508435
2015-10-16,1.2020179314600357,1.2079099298934954,1.2040226104880154
2015-10-19,1.198672770443485,1.2061363743277753,1.2025356679358241
2015-10-20,1.2034757680877097,1.2090718555816766,1.2057169592189327
2015-10-21,1.1847499448238132,1.2071997632530367,1.204815505422848
2015-10-22,1.1954189397489017,1.2085060262929601,1.205549041963931
2015-10-23,1.2044370645369518,1.2116476695506593,1.2084597393142147
2015-10-26,1.2031430875151556,1.20959610577907,1.2066674530702537
2015-10-27,1.2052307281541874,1.2123351655383832,1.209521546056739
2015-10-28,1.1967244365782066,1.2118627462470335,1.2096274360591388
2015-10-29,1.197209377631679,1.208718782946752,1.2062542413412392
2015-10-30,1.1916957534041657,1.2039048449686343,1.2016661785001663
2015-11-02,1.1847242914713172,1.202634560999552,1.2006132058281869
2015-11-03,1.1786921685437695,1.1990069678223743,1.1972893284716344
2015-11-04,1.1994004072249027,1.202162034513645,1.19939402422048
2015-11-05,1.196662074570952,1.196627783040411,1.194137842931098
2015-11-06,1.2058921694907558,1.1992298056698605,1.196365806807596
2015-11-09,1.2088085131504407,1.1951474496538053,1.1920280822161875
2015-11-10,1.204839708530731,1.1894724729928963,1.186375455155965
2015-11-11,1.2058245156304712,1.1924082751776328,1.1899290343032398
2015-11-12,1.2052420649061046,1.193854836475155,1.1913989415290136
2015-11-13,1.1967259401506367,1.1919162983174882,1.1900429046591041
2015-11-16,1.2000678282130048,1.1916553794539566,1.1897721087753326
2015-11-17,1.1932763529200152,1.187716704220093,1.1864350195828748
2015-11-18,1.185793038648564,1.1844710370263056,1.1835785712333602
2015-11-19,1.19061110618362,1.1830422398477243,1.1820039918667953
2015-11-20,1.1950020252433045,1.1864519646968514,1.1853478532921538
2015-11-23,1.1831151041688603,1.1809139822880097,1.1808087786942512
2015-11-24,1.1919909282596293,1.1854281097119848,1.1846808874460766
2015-11-25,1.20381711660974,1.1922697039618417,1.1909803685928397
2015-11-26,1.2059416362866102,1.195246501044169,1.1939078503444522
2015-11-27,1.1803881012657176,1.1894215887889381,1.1889946825624356
2015-11-30,1.1784441251659208,1.1879642817238798,1.1879658574149852
2015-12-01,1.1830197696691902,1.1913847467200835,1.1910734377699486
2015-12-02,1.1910280472417805,1.1938239996802171,1.1932472605785802
2015-12-03,1.1901834327061616,1.1917461403754097,1.1915623060690312
2015-12-04,1.187317101566978,1.1927446552366139,1.1926480405218236
2015-12-07,1.1958464115321503,1.1969009628804108,1.196160955166789
2015-12-08,1.1802415640289565,1.1913521952507808,1.1918137717854196
2015-12-09,1.1820631245680029,1.1907547679414645,1.1907852284965494
2015-12-10,1.180248850909975,1.1916385899452449,1.192020338175854
2015-12-11,1.1844817100541356,1.1957120088629583,1.1958042255574586
2015-12-14,1.1940343398193856,1.1976523676676194,1.197221286739767
2015-12-15,1.1916832496487948,1.1950842087984934,1.1947767868664978
2015-12-16,1.1940701121473758,1.1974123529189755,1.1971449470958007
2015-12-17,1.199482561897597,1.1980931720853358,1.1978924885645235
2015-12-18,1.2056607617306143,1.2031717861067426,1.2028184156403672
2015-12-21,1.222365176123007,1.2120771643989923,1.2109781236887427
2015-12-22,1.2272787639557596,1.2168455591881189,1.2155968817665719
2015-12-23,1.223352407398272,1.2161682398895732,1.2153437473112825
2015-12-24,1.219007527998965,1.2153564409564193,1.214804652476403
2015-12-25,1.223166858883103,1.2198764914111249,1.2194467295703808
2015-12-28,1.2070240345224015,1.2134604836817149,1.2138043563650058
2015-12-29,1.2169117277324337,1.218437000838363,1.2182418555886603
2015-12-30,1.219319061350579,1.218928492360492,1.2186150870153132
2015-12-31,1.214671557566199,1.217022109327364,1.2168049217378831
2016-01-04,1.1804422480632064,1.2052793928382832,1.206323461882574
2016-01-05,1.1826012610872048,1.2054678703391277,1.205800582544243
2016-01-06,1.1896329748468684,1.2075356938251949,1.2077936950723003
2016-01-07,1.1730741307841268,1.2080987287532718,1.2090581654114214
2016-01-08,1.1757138622096708,1.2104770806836889,1.211429611215473
2016-01-11,1.1508134177669933,1.2042563471589791,1.206468644946284
2016-01-12,1.1459915289049871,1.2022513044136347,1.2052444904405064
2016-01-13,1.139632550979698,1.2040611335831708,1.207822359186366
2016-01-14,1.1520950353271795,1.2100304537039377,1.213349004696502
2016-01-15,1.1385713690364268,1.203933585869424,1.2077591040972742
2016-01-18,1.1466884583270816,1.2063607053596155,1.209485939234774
2016-01-19,1.1604890091848132,1.2094334690447046,1.2116621380612298
2016-01-20,1.1531049929715242,1.2055030660956196,1.2079718319622772
2016-01-21,1.1418397583975008,1.2032506778098975,1.2061498585328154
2016-01-22,1.1500703557213252,1.2086259274390072,1.211395883602458
2016-01-25,1.148458376007815,1.2038001357548294,1.2062060971082134
2016-01-26,1.130105479794111,1.1986787634325438,1.2014762253757616
2016-01-27,1.1311796398416134,1.1990369823693494,1.2013998409653124
2016-01-28,1.1197414558013026,1.1957164843553219,1.1986887557518178
2016-01-29,1.1301085207352939,1.2011804554221253,1.2040966757578078
2016-02-01,1.1277802222600155,1.2024590795436518,1.205655945743353
2016-02-02,1.1390945418014637,1.206278852862534,1.209188947929252
2016-02-03,1.1384613648874844,1.2048428699104188,1.2076979811741335
2016-02-04,1.150012324500596,1.210810796936974,1.2132030260180464
2016-02-05,1.1482930958946787,1.2116064257124537,1.2143784942726898
2016-02-15,1.1527278500720932,1.2196052600841611,1.223188594241625
2016-02-16,1.1613838943130164,1.2174233123080365,1.2203030602452412
2016-02-17,1.1638912461989162,1.2173901085126098,1.220404016619653
2016-02-18,1.1647001993176316,1.218551765954394,1.2215124580168473
2016-02-19,1.170231511882987,1.2236141955469186,1.2266329161817484
2016-02-22,1.1799550159547503,1.2257336453846175,1.228033930490357
2016-02-23,1.1749728465241964,1.222910303229584,1.2253178859569014
2016-02-24,1.1742301461828053,1.2214398583738117,1.2241228458043873
2016-02-25,1.149376863043331,1.2173715311850668,1.2211254622289132
2016-02-26,1.1481248170536775,1.2155091381350398,1.2193567034864075
2016-02-29,1.1330374677181334,1.2117673635400257,1.2160199156839626
2016-03-01,1.1471693224124364,1.2192752329339815,1.2233728099565895
2016-03-02,1.1644214051945916,1.2226322497729403,1.2258651207259783
2016-03-03,1.1675860917501755,1.2258742891662586,1.229287511838409
2016-03-04,1.1729575378073631,1.231659555667524,1.2350700793950322
2016-03-07,1.1849501172822727,1.2385803037255196,1.2416108101483303
2016-03-08,1.1810904317714357,1.2334983311363457,1.2367069539592286
2016-03-09,1.1736631097465628,1.2327966294689297,1.2362828592852841
2016-03-10,1.1650143482730693,1.2312068098694389,1.235100942742171
2016-03-11,1.1681438686958754,1.2350367371647795,1.23906067912394
2016-03-14,1.1755873461913726,1.235178473682,1.2387594848744274
2016-03-15,1.1699174791770577,1.2317529502997484,1.2352227960059314
2016-03-16,1.1724749379109642,1.2351935496706765,1.2388459268883902
2016-03-17,1.1848043265347235,1.2399173316519339,1.243268914454339
2016-03-18,1.199030336028695,1.2458454966580554,1.2487830286598915
2016-03-21,1.204768127764116,1.2458607434626985,1.2484413534709469
2016-03-22,1.2051564145510343,1.2466249088355532,1.249215131019772
2016-03-23,1.2053487458169576,1.2458604498313375,1.2484042230928567
2016-03-24,1.193096486834269,1.2401661268939694,1.242960977407242
2016-03-25,1.200431812618873,1.2444918002762169,1.247139534857675
2016-03-28,1.1936345992679323,1.2393703777994234,1.2420005894042236
2016-03-29,1.1892802008705956,1.2403081832336231,1.2433207320791049
2016-03-30,1.201497811465983,1.243573685088522,1.246611819489503
2016-03-31,1.1990351083016875,1.2415814356540653,1.2445473545850418
2016-04-01,1.2016726004615192,1.2433346803803744,1.2461883659444055
2016-04-05,1.2046614477767656,1.2431191434924154,1.2458932863865677
2016-04-06,1.2043815834478548,1.2421273954679695,1.244911179252491
2016-04-07,1.1983701113529932,1.2387406623372352,1.2416182631540709
2016-04-08,1.1926631961164973,1.2353572475055812,1.238492309611224
2016-04-11,1.203192055712565,1.24041897409145,1.2432896573618926
2016-04-12,1.2056821291437068,1.2421743502276528,1.2449177548281534
2016-04-13,1.2166809359363577,1.2460532138071843,1.2482027891398761
2016-04-14,1.222496137292547,1.2479761326463696,1.2497904156440882
2016-04-15,1.2212073743423277,1.2477555275366592,1.2496331083527794
2016-04-18,1.2188135356094296,1.2491519995759819,1.2510993976822378
2016-04-19,1.2222072109541133,1.2510683502829638,1.2530123800677786
2016-04-20,1.2177454858110088,1.2516958238208507,1.2535670694589496
2016-04-21,1.228840092586968,1.2598869834613766,1.2613947900924463
2016-04-22,1.220768175618591,1.254209704810626,1.2560014730415334
2016-04-25,1.2222607238018421,1.2550320445832255,1.2567436804405874
2016-04-26,1.2247802542388895,1.2555328075310388,1.2571332674590592
2016-04-27,1.2257821335803265,1.2564810525833743,1.2580992843550818
2016-04-28,1.2233951624505957,1.2562243079886968,1.2580522878031957
2016-04-29,1.2263387898463838,1.2590378889419496,1.2609467105244319
2016-05-03,1.242027258396677,1.2659191413498785,1.267446188855039
2016-05-04,1.2343776596387739,1.2607014217730157,1.262280691319465
2016-05-05,1.2328078314405158,1.2593791536130587,1.2609313073984358
2016-05-06,1.2144908361068085,1.25257789625949,1.2546184273554284
2016-05-09,1.2022879771356219,1.2485957018418332,1.2509966608689163
2016-05-10,1.2017852465203067,1.249216690938483,1.2516355480593235
2016-05-11,1.2101034197772957,1.253904831134061,1.2562143071607303
2016-05-12,1.2136148927174513,1.2557341458643567,1.2579238594573814
2016-05-13,1.2069030687030808,1.2525924318186759,1.254932780515762
2016-05-16,1.2124489401287908,1.2537633777746255,1.2559739908084686
2016-05-17,1.2143958731612086,1.2536623601178343,1.255824094379792
2016-05-18,1.2061767486977453,1.2507444091332218,1.2530761926157843
2016-05-19,1.2023719322057895,1.2475617679952116,1.2498336062979518
2016-05-20,1.2067467378911512,1.2490738966854829,1.2512451437966032
2016-05-23,1.2042818393517432,1.2474254411723757,1.2495633153731331
2016-05-24,1.19402823567634,1.2432695321036766,1.245573797529484
2016-05-25,1.1959402290084897,1.2439425626915828,1.2461536244791087
2016-05-26,1.2064880482058093,1.249063820549715,1.2511677188401236
2016-05-27,1.2033949471091012,1.2475091995335381,1.2495970553193274
2016-05-30,1.2085359411811134,1.249241069758731,1.2512119369272612
2016-05-31,1.222393645701032,1.2533599151698205,1.2548660354293268
2016-06-01,1.2189963264155999,1.2523544283592145,1.2539764134958562
2016-06-02,1.2254506733006845,1.253075856043999,1.2545821288601748
2016-06-03,1.2344125548995368,1.2564187366025013,1.257660480685795
2016-06-06,1.2407290728255145,1.2600408247138102,1.2614314612529907
2016-06-07,1.2414001394116743,1.2609190622251931,1.2624259967355962
2016-06-08,1.2422474326913069,1.2605340701854282,1.2622247833573148
2016-06-13,1.2392176481661485,1.2620631694202964,1.264720995244748
2016-06-14,1.2360303745780754,1.2625570471910184,1.2651015141148594
2016-06-15,1.2473822648386,1.2665243841793183,1.2687971538426817
2016-06-16,1.2449479423889416,1.2675958109587238,1.2701060656650613
2016-06-17,1.2473027299091368,1.2673490833579975,1.2694714504953781
2016-06-20,1.252212661285531,1.2698365684303594,1.2719304174152453
2016-06-21,1.2487304696584662,1.2686819959495672,1.2708243189603214
2016-06-22,1.2547762245700735,1.2714801896418855,1.2732533421621137
2016-06-23,1.250460646436389,1.2693547928481188,1.271200194012776
2016-06-24,1.248288323747834,1.2719294755524218,1.2746040739967723
2016-06-27,1.269536747891686,1.2838895063090263,1.286289221967427
2016-06-28,1.2776759489708571,1.2857360570109542,1.2879767365357386
2016-06-29,1.276926982541634,1.2834433699501047,1.285599602507535
2016-06-30,1.2807616586140589,1.2836537642342252,1.2856654807200574
2016-07-01,1.2847788126796218,1.2871513727961121,1.2894376721223186
2016-07-04,1.301798651718045,1.2952550060361678,1.2969770911407819
2016-07-05,1.2932389886222921,1.2905135472354745,1.2923340226999869
2016-07-06,1.287886078510478,1.2883960192060255,1.2906753447787478
2016-07-07,1.280344957525935,1.286371310932968,1.2888307912148984
2016-07-08,1.2712280713284323,1.2836732612602346,1.2863920734774308
2016-07-11,1.2783717372645864,1.2871913543654956,1.2898199711738683
2016-07-12,1.2912126721722645,1.2918962296754035,1.2936754486590125
2016-07-13,1.299768816693415,1.2950504793665312,1.2963839337109149
2016-07-14,1.299861001855542,1.2945384690095882,1.2957713640199036
2016-07-15,1.2931158036045183,1.2926062405084204,1.2939089764642708
2016-07-18,1.2850919185577439,1.2895787817794369,1.291086999964393
2016-07-19,1.2885560594383236,1.2912722282781437,1.2928221837547116
2016-07-20,1.28461042487429,1.2917958168018278,1.293456066705454
2016-07-21,1.2883613165524161,1.2958536964643388,1.297191192327199
2016-07-22,1.278449118988151,1.291284517846481,1.2930982128470292
2016-07-25,1.2782549311135152,1.290339992745357,1.2919882454585503
2016-07-26,1.2817023784038977,1.2918127197969644,1.2932470935088536
2016-07-27,1.2720070485978578,1.2895635813313115,1.291516778172191
2016-07-28,1.2783092794237279,1.2926785059767667,1.2945808557665102
2016-07-29,1.2706541534798306,1.2906783007760798,1.2927812924914588
2016-08-01,1.275072570881809,1.2941546234292691,1.2962337023268808
2016-08-02,1.2760334696171611,1.2948715084657858,1.2969814295880888
2016-08-03,1.2770561969823537,1.295735116056204,1.297945451219263
2016-08-04,1.2780475869912664,1.2956732522040761,1.2977237670191561
2016-08-05,1.2827435178261202,1.2985036353265553,1.300609325414273
2016-08-08,1.2863966485783447,1.3003422778363516,1.301962563491812
2016-08-09,1.291402739220187,1.3034156707565585,1.3050012485914158
2016-08-10,1.29632668232209,1.3085142503621943,1.3104001685149471
2016-08-11,1.292177347096619,1.3072451825161273,1.309106460958039
2016-08-12,1.3000378707683187,1.3105965252595566,1.311955014228411
2016-08-15,1.3125212987259907,1.3182850443271619,1.3192951875497114
2016-08-16,1.3149023786895278,1.319950646952158,1.321146260435845
2016-08-17,1.3131263577961554,1.3165240537150178,1.3175471224898612
2016-08-18,1.3111338035697195,1.3159498435710288,1.3170859106811736
2016-08-19,1.3090982514229628,1.3132097069403774,1.314249721257688
2016-08-22,1.3014641931886877,1.3102539712967165,1.311565126120476
2016-08-23,1.3030159035458706,1.311334441099808,1.312587269490995
2016-08-24,1.2984381573669403,1.3062349948322936,1.3075716246745783
2016-08-25,1.2940239471387427,1.3054039778177176,1.3068932424661381
2016-08-26,1.2916947379516122,1.3050887616121942,1.3066663269232894
2016-08-29,1.289820546367578,1.3045989540771066,1.3062647811770443
2016-08-30,1.2903817578805719,1.302982176183733,1.3046050561946785
2016-08-31,1.2887331375805522,1.3021793391295855,1.3036055718936812
2016-09-01,1.2874720979918066,1.30101787295228,1.3025164662042437
2016-09-02,1.2905887691904914,1.3035252852737182,1.3048059207512865
2016-09-05,1.293401755129356,1.3042035300836567,1.3053142627113863
2016-09-06,1.29994758140795,1.3074286910439643,1.3081767639373436
2016-09-07,1.3023532266089135,1.308000020295587,1.3090124317598808
2016-09-08,1.3063225020169085,1.3114831300811527,1.3125696688919934
2016-09-09,1.301047196070103,1.3094031837210012,1.3107957178749312
2016-09-12,1.2864728106499366,1.3005390593330894,1.3027842268189513
2016-09-13,1.2878811935226742,1.3022697153456861,1.3045437775532545
2016-09-14,1.2824124447375524,1.3001945739753087,1.3027962273441416
2016-09-19,1.2936546040717083,1.3058597899132156,1.3078029792870223
2016-09-20,1.2954137205986338,1.3074787302194566,1.3093747537672051
2016-09-21,1.2966820667183507,1.308418065017279,1.3103285286405102
2016-09-22,1.2989082516559416,1.3110800863683651,1.3128247582926564
2016-09-23,1.297789535413517,1.3117177868892904,1.313637987589295
2016-09-26,1.288164112955242,1.3085069847547328,1.3112355326208631
2016-09-27,1.2906685257375932,1.3103653727999354,1.3128169623446937
2016-09-28,1.289482840177837,1.3092417446627704,1.311621197132382
2016-09-29,1.2951789061413401,1.311985414550457,1.3139383033290888
2016-09-30,1.2962322108088347,1.3131647359830865,1.3151809789853266
2016-10-10,1.3000853172878317,1.3162482466014946,1.3174530122485713
2016-10-11,1.3052429767371132,1.3199843110954412,1.3209068150024343
2016-10-12,1.3011120075343174,1.3172203093432737,1.3182161733940108
2016-10-13,1.2986939551440315,1.315986274837192,1.3170436760574638
2016-10-14,1.3009648443233106,1.3180940521982913,1.3192411995531808
2016-10-17,1.3016298133853883,1.3188039945315466,1.3202166444259797
2016-10-18,1.3101239733536405,1.3227790733501739,1.3236854134392868
2016-10-19,1.3074555096744425,1.322327438143283,1.3234682324749243
2016-10-20,1.3148604031287336,1.328290927807569,1.3295770637708713
2016-10-21,1.3159822169060298,1.3300353647752046,1.3312515979886832
2016-10-24,1.3259435872336742,1.3352242088995685,1.3359052133552198
2016-10-25,1.3304195363472118,1.336093304043514,1.3361304068513031
2016-10-26,1.329031967561069,1.3334106228709912,1.333664358401585
2016-10-27,1.327420927029147,1.3315010856396665,1.3319029313868562
2016-10-28,1.3304949661617536,1.3350938926525953,1.3353916110015525
2016-10-31,1.3309669866893816,1.3352483672448305,1.3353335939858122
2016-11-01,1.334877108986283,1.3366090267483663,1.3363673708083559
2016-11-02,1.3260946002409078,1.3323022779223577,1.332759661185287
2016-11-03,1.3322561852634076,1.3362907023891204,1.3363976493658556
2016-11-04,1.3295721114851227,1.3350506358268834,1.3350409732683164
2016-11-07,1.3390926751333103,1.340024870461946,1.339571809355414
2016-11-08,1.3390468516452767,1.3382792571899758,1.3375363170502321
2016-11-09,1.345814934021724,1.3421713966750064,1.3420258644302994
2016-11-10,1.3592229335421206,1.3486290314328475,1.3469683399768904
2016-11-11,1.3692817153285388,1.3538420654378185,1.3509924761069774
2016-11-14,1.3486252881894814,1.3424136726201286,1.3390461641074836
2016-11-15,1.3436950185850622,1.3359759122522488,1.3331070452913323
2016-11-16,1.3514933478959128,1.3397893880637257,1.336725116953061
2016-11-17,1.3463926944176232,1.334494826001226,1.3312969055531636
2016-11-18,1.34235019948817,1.3310904549314648,1.327454953190818
2016-11-21,1.3551700383727456,1.3380512171216306,1.3342183522657867
2016-11-22,1.3693683994321162,1.3470051574994784,1.3426046880940616
2016-11-23,1.3695781243582383,1.3475087118362559,1.3432062132593134
2016-11-24,1.374680096883685,1.3536580101319446,1.348513005062225
2016-11-25,1.376190061115982,1.3551339997648029,1.3494878320060946
2016-11-28,1.390998202895904,1.3639354352964432,1.3578507790694676
2016-11-29,1.3806632983708225,1.3577926607770814,1.3520708414629419
2016-11-30,1.3659026608556974,1.3462534360696596,1.3409374273996828
2016-12-01,1.3730826945813512,1.3491733996820128,1.3436411480413128
2016-12-02,1.363714167259506,1.3416628286667776,1.3359506665112024
2016-12-05,1.3615470129668528,1.3369059605437004,1.3310916394937324
2016-12-06,1.3604160019374738,1.3335697877753905,1.3277663717275123
2016-12-07,1.3679067466167572,1.3351893008950673,1.3293034771892585
2016-12-08,1.3643193983280362,1.3341263265312504,1.3283079625797047
2016-12-09,1.3660726615226606,1.3361512200716659,1.3301350252880726
2016-12-12,1.3539951294659411,1.3228582743908766,1.3162199002728245
2016-12-13,1.3540694132379374,1.3211239300492106,1.314515158601115
2016-12-14,1.3468779825680766,1.314524164460942,1.307886765414508
2016-12-15,1.3400331608350513,1.301155666587184,1.2945133136184876
2016-12-16,1.3399402574725363,1.3025366096967104,1.2959400113568396
2016-12-19,1.3303847378638893,1.2966945523881694,1.2900886520214738
2016-12-20,1.3191275422390172,1.2884918621199961,1.2820974870240778
2016-12-21,1.3251280777619117,1.2955506761493891,1.2890250912479233
2016-12-22,1.3191415461288525,1.2961269378704288,1.2894934086434537
2016-12-23,1.3174732314069024,1.296282016618475,1.2895777589422346
2016-12-26,1.3119001478933798,1.295893706203187,1.289269602609508
2016-12-27,1.3191056102130498,1.2987835240358125,1.2921128312342345
2016-12-28,1.3216660622406209,1.2989788196473533,1.2922662747314535
2016-12-29,1.322276587709689,1.3022344383623512,1.2954558348003582
2016-12-30,1.3217194041443068,1.3057162259626838,1.2990395761443685
2017-01-03,1.3220695560867317,1.305807260487337,1.2988955883134972
2017-01-04,1.3260975986964496,1.3068848438212635,1.3001805326380098
2017-01-05,1.326419902766457,1.3052399681441387,1.2988255624533902
2017-01-06,1.324621322231688,1.3044075313026917,1.29795358694283
2017-01-09,1.3309380021795085,1.3097150048546884,1.3033129067848805
2017-01-10,1.3350084818274597,1.3129088357168297,1.3068019040224625
2017-01-11,1.3361153560224595,1.3114858950304302,1.3058366010306761
2017-01-12,1.3328192503534155,1.3096427687234402,1.303955741044891
2017-01-13,1.336205235342006,1.3117407738330662,1.3060031567387953
2017-01-16,1.3406827563795105,1.3147644739024507,1.3091144611708627
2017-01-17,1.333849816187898,1.3092513910439711,1.3034905668799284
2017-01-18,1.3358240429652464,1.3109676925504663,1.3050667246554726
2017-01-19,1.333859167926128,1.309126663243038,1.303015720198621
2017-01-20,1.3310845358090633,1.308696559883662,1.3022001721357233
2017-01-23,1.3399543892939698,1.31454225795495,1.308484602066055
2017-01-24,1.3413722726619783,1.3151570695340224,1.309070127721477
2017-01-25,1.3402740866371934,1.3123086357076594,1.306264574056221
2017-01-26,1.3446912983401775,1.3152089911162543,1.3091766053061646
2017-02-03,1.336274807399203,1.3081105350245033,1.3023347878856837
2017-02-06,1.3430596916359787,1.3124182223391776,1.3070594322903921
2017-02-07,1.3439141527973903,1.3120868931839198,1.3070357275140447
2017-02-08,1.3512116519193218,1.3172507444420238,1.3122836893801886
2017-02-09,1.352821348391083,1.3195705816775212,1.314576038861203
2017-02-10,1.3570603850140346,1.3222539219215277,1.3170936972385305
2017-02-13,1.3671359604926983,1.3291070311104054,1.3242946685917927
2017-02-14,1.3655763293833223,1.327985729035727,1.3231141872290395
2017-02-15,1.3578372048302878,1.3226433042925327,1.3175116120309966
2017-02-16,1.3624621649400732,1.3269350413382113,1.3218264948314336
2017-02-17,1.3584043515668949,1.3249102843325968,1.3198289700454828
2017-02-20,1.3682333922004777,1.3346453807567398,1.3291737727002215
2017-02-21,1.3714555188494366,1.3363659891751696,1.3310838414484987
2017-02-22,1.3692622102468515,1.3356776646285293,1.3302149838608732
2017-02-23,1.3653360892782214,1.3331160600051035,1.327669293880608
2017-02-24,1.3672284162616446,1.335325058326707,1.3301059933821269
2017-02-27,1.3670982895919126,1.3343714301636458,1.3294300474144114
2017-02-28,1.366307362376395,1.334021790060277,1.3289255093000067
2017-03-01,1.3694354110271518,1.3348968032078385,1.3296597344943866
2017-03-02,1.3687253549587437,1.333034775430111,1.327959203635319
2017-03-03,1.365885719013515,1.3307663167206119,1.3255961533010185
2017-03-06,1.3692692387068397,1.3331949117279318,1.3281396575587776
2017-03-07,1.3680816035176553,1.3325951646158818,1.3274448773343428
2017-03-08,1.3590474721014438,1.3265696685322619,1.3211139365495537
2017-03-09,1.348911050161829,1.3185313947338322,1.3129997107937408
2017-03-10,1.3463207876868646,1.3167760945819682,1.3110016389793981
2017-03-13,1.3583624396160225,1.3259135704207377,1.3202963337903806
2017-03-14,1.3558600374220389,1.3253875480385733,1.3195254880650704
2017-03-15,1.3596893369261647,1.3278540707424058,1.3219871490426354
2017-03-16,1.367916433573108,1.3352812155168114,1.3297507383750846
2017-03-17,1.361764458867897,1.3299887535202375,1.3246655944384784
2017-03-20,1.36541991248647,1.3326682428925205,1.3274685721776682
2017-03-21,1.362631201340722,1.3315339278882954,1.3259905051321716
2017-03-22,1.358720863778757,1.329583117769862,1.324314410722505
2017-03-23,1.3600223832946194,1.3306313069646118,1.325365330712887
2017-03-24,1.3603087782729983,1.3328008677166063,1.327071724519304
2017-03-27,1.3577372772263117,1.3329068223811331,1.3273932784374216
2017-03-28,1.358319183237317,1.3331034364507262,1.3276333901582154
2017-03-29,1.36193730236137,1.334338297981332,1.3288579715135285
2017-03-30,1.3538833476380139,1.3280426928712117,1.3225253386889386
2017-03-31,1.3567621441161406,1.330672309033486,1.3247505109282707
2017-04-05,1.3675548105328905,1.3393143887000558,1.3334146594696281
2017-04-06,1.369423745312238,1.3402535235010902,1.3343799295594503
2017-04-07,1.3659700637513383,1.3405898212535987,1.3348710554015029
2017-04-10,1.3650936063078736,1.3397207484710993,1.3338780623769286
2017-04-11,1.3623429094978576,1.3385159430627698,1.332668190900866
2017-04-12,1.3608599899699587,1.3384088116215436,1.3328022664081052
2017-04-13,1.3679429931008855,1.3433415801165032,1.3378151906672318
2017-04-14,1.360599579569058,1.337813288110571,1.3325250117010292
2017-04-17,1.3566141687587578,1.3328562385999037,1.3275370032257
2017-04-18,1.3501172055376656,1.328261553695615,1.322879841792487
2017-04-19,1.346797088213201,1.3256455018068456,1.3203852553718791
2017-04-20,1.348246435811245,1.3267520274087052,1.321338025063024
2017-04-21,1.3469744376925463,1.3253906738426724,1.3199292964903546
2017-04-24,1.3393501077212147,1.3178333633490473,1.3123996577874617
2017-04-25,1.3372432938151677,1.3179100337706662,1.312291571625612
2017-04-26,1.3360514905086915,1.3180308892568366,1.312159641078681
2017-04-27,1.3375004864122406,1.3190825196596612,1.3132442660622758
2017-04-28,1.3377510595451025,1.3185037266939261,1.3128314779905257
2017-05-02,1.3419298462822185,1.3195562873361968,1.3142519056016886
2017-05-03,1.3366394358715645,1.314758253719303,1.3094960783227332
2017-05-04,1.3253363412937982,1.3072225275888667,1.3017665489166517
2017-05-05,1.3172454738916877,1.3014923799098115,1.296014694065225
2017-05-08,1.309223775948814,1.2952480241189832,1.2897056261939162
2017-05-09,1.310048287289786,1.2948372033219402,1.2893484078981743
2017-05-10,1.3052409722272134,1.2892001598806582,1.2839079625915428
2017-05-11,1.30813301451686,1.2924859279809306,1.2869909775970523
2017-05-12,1.3067294850168731,1.2931169224051797,1.2872636106966544
2017-05-15,1.3114366820406824,1.297190460965939,1.29119750525364
2017-05-16,1.3185600081055004,1.302277054578429,1.296088250681433
2017-05-17,1.3218664342046433,1.303768733972211,1.297970961335507
2017-05-18,1.316451454062207,1.301485822022449,1.2955975728827815
2017-05-19,1.3190526412765278,1.3019660574689118,1.2958209918096564
2017-05-22,1.3183698345222576,1.3010637934059357,1.2950143802379042
2017-05-23,1.3153832513866595,1.3004715565364067,1.2943075274877351
2017-05-24,1.3116255827857242,1.2972974690291361,1.2909368006975093
2017-05-25,1.3202179500717885,1.3045109649300242,1.2979115772784282
2017-05-26,1.3175371116171255,1.3027936931609478,1.2960626881708752
2017-05-31,1.3074936128251824,1.298561269157566,1.2912101025774136
2017-06-01,1.305483774799957,1.2984448310170642,1.2908112485749035
2017-06-02,1.304707417232797,1.2972402754697565,1.2897368631605408
2017-06-05,1.3097061940796524,1.299919937833418,1.2926924607234505
2017-06-06,1.3127295649818822,1.3022644411783673,1.2950312794189582
2017-06-07,1.3219457360777374,1.3076284854477391,1.3004830282982136
2017-06-08,1.3277018380677987,1.3121658438185824,1.3048334938511428
2017-06-09,1.3299762507565958,1.3140932047395661,1.3065843232509688
2017-06-12,1.3299450626023992,1.315264038583581,1.3075441528520209
2017-06-13,1.331510126675778,1.3171121268596846,1.3094279328499538
2017-06-14,1.3316355602152923,1.3161871592785375,1.3087472115369998
2017-06-15,1.3292246526223632,1.314723021994187,1.3073099696403427
2017-06-16,1.330318457710629,1.3142547370789908,1.3069917808867058
2017-06-19,1.3376802594810122,1.319952776570052,1.312510647078537
2017-06-20,1.3374635404340591,1.3201611506219821,1.3127146828746241
2017-06-21,1.3383887319193852,1.321879718802552,1.3142462847251035
2017-06-22,1.3336942397827838,1.3196558244469416,1.3118159473305044
2017-06-23,1.3382752440712518,1.3231440375629826,1.3151504096537938
2017-06-26,1.343454882535278,1.328470808385465,1.3203771651005094
2017-06-27,1.345308526955142,1.3299522377689639,1.3217490416799718
2017-06-28,1.3419082201591606,1.3266236282474468,1.3185247912326856
2017-06-29,1.346618426538035,1.3286630824402634,1.320529820321165
2017-06-30,1.3458805852257294,1.3268539482856652,1.3186677618810079
2017-07-03,1.352716715840687,1.3288695178373608,1.320813397555494
2017-07-04,1.346166307634181,1.3238337488716097,1.315736143867461
2017-07-05,1.3544629650807614,1.3290997869035546,1.3208777063397197
2017-07-06,1.3583336516957205,1.3323227670876865,1.324097096111671
2017-07-07,1.358962474678392,1.3322126492782156,1.323988254852701
2017-07-10,1.3587266065849688,1.3310859307617422,1.3226401643505972
2017-07-11,1.3655391000250663,1.3360679359118826,1.3273452584996193
2017-07-12,1.3630914396502123,1.334947829364147,1.3263006047904573
2017-07-13,1.3639211840006413,1.3366108265748038,1.3277850990957782
2017-07-14,1.3618992155500609,1.3361820915339981,1.3272044844556
2017-07-17,1.3568617436040125,1.3342527403490811,1.324814312162394
2017-07-18,1.3591488403665533,1.3343735571236925,1.3251013792525528
2017-07-19,1.36722170034294,1.3401624333171471,1.330931706446997
2017-07-20,1.368603798560496,1.3414416885567182,1.33231908855282
2017-07-21,1.369339920581754,1.3414130572714613,1.332439566576761
2017-07-24,1.3675602050425124,1.3414286512442042,1.3326028100199074
2017-07-25,1.3714004672415911,1.3417234311168786,1.3329646997996643
2017-07-26,1.3644421438524512,1.335813030651176,1.3270837910352091
2017-07-27,1.3700873060153558,1.339026211590688,1.3305598272216839
2017-07-28,1.3700799947057527,1.3396774062540595,1.3312498952506984
2017-07-31,1.376929697710673,1.3428357284014656,1.334373966567271
2017-08-01,1.375676153863919,1.3422323220201202,1.3335597054539157
2017-08-02,1.3717051051848694,1.3408817236591835,1.3320972047467323
2017-08-03,1.3652748560863741,1.3366927729949742,1.328147530739747
2017-08-04,1.3668460839779402,1.3376949890192864,1.3292593159313866
2017-08-07,1.368608006155648,1.337298658217944,1.3289110345639792
2017-08-08,1.3734926829629093,1.3391084772233184,1.3307931956166623
2017-08-09,1.3818769386593188,1.3437765802537391,1.3355468381419537
2017-08-10,1.3811752804402828,1.3434879749352469,1.3351221745471382
2017-08-11,1.364788318643022,1.3358534424481339,1.3274190352865987
2017-08-14,1.371782925416451,1.3399580301685894,1.3318166809584455
2017-08-15,1.3702982467515716,1.3395729887388572,1.3313041802363579
2017-08-16,1.3692169830201122,1.3380637061818972,1.3299269868205195
2017-08-17,1.3817404784719984,1.3450364709339706,1.336987449746607
2017-08-18,1.3811344599620956,1.3450060359762468,1.3367755994204056
2017-08-21,1.3841390631311685,1.3449690359330915,1.3368522770184894
2017-08-22,1.3841894142241538,1.3441458824557535,1.3360007523298465
2017-08-23,1.3817605116307867,1.3434317124027901,1.3351086061212756
2017-08-24,1.379460094687948,1.33943124273421,1.3311755980528381
2017-08-25,1.3912945354496962,1.3478153824593233,1.3393427598958991
2017-08-28,1.3954099487001388,1.350926840087946,1.3423438081293406
2017-08-29,1.3948724051717274,1.3501201457386978,1.3415287696502503
2017-08-30,1.394812231549073,1.349916522848056,1.3413110067317187
2017-08-31,1.3936682253410306,1.3494808366163478,1.3409775348532063
2017-09-01,1.3990130016598759,1.3523758630747114,1.3438218341888724
2017-09-04,1.4047039965250174,1.3556145703564206,1.3469665784707723
2017-09-05,1.405543356134889,1.355845150028384,1.3469416882937402
2017-09-06,1.4032295217129722,1.3536410423237766,1.3450151255527234
2017-09-07,1.4004134827324435,1.3518159097640117,1.3432388548428842
2017-09-08,1.3975766787992292,1.3509232011391652,1.3426212462898803
2017-09-11,1.4002731222958849,1.3516653183999248,1.3431763167022084
2017-09-12,1.4026945647445932,1.3529078563908323,1.344062116337225
2017-09-13,1.3988045812308445,1.3509647294609592,1.3423161987243688
2017-09-14,1.3974310260242087,1.349917311585289,1.34122799580505
2017-09-15,1.397240331335719,1.3500312398650012,1.3414646093817708
2017-09-18,1.3987795870767483,1.3505345879079762,1.341783104826355
2017-09-19,1.3977174111042516,1.349298757283538,1.3405771050073163
2017-09-20,1.4026422022606864,1.3526468055379066,1.3437902181901262
2017-09-21,1.3932807045407534,1.3470033943498605,1.3383195524037186
2017-09-22,1.3934486907814023,1.3474770200953547,1.3388060858404698
2017-09-25,1.3939288520845095,1.348645660028438,1.3400111735666795
2017-09-26,1.395728689754671,1.3498923592201948,1.341441271648097
2017-09-27,1.3963231828285538,1.3492592239594217,1.3406013955077318
2017-09-28,1.3908736819720189,1.3463698587910125,1.337788809987751
2017-09-29,1.3952573333782856,1.3484383642619042,1.3397650339782137
2017-10-09,1.402506580466889,1.353754548612218,1.3445476979315254
2017-10-10,1.4012482595720714,1.3535582007376883,1.344377164932988
2017-10-11,1.4006496467909537,1.3535218698867086,1.344183294841582
2017-10-12,1.403548933941603,1.3549935112608167,1.3454763938715866
2017-10-13,1.4133713816813207,1.3597081549619605,1.349700015526106
2017-10-16,1.4140157228502943,1.359340478763162,1.3494411556220696
2017-10-17,1.4103101093811985,1.3558107972992952,1.3458218182198587
2017-10-18,1.4100341300100667,1.3567034299980372,1.3463730075955591
2017-10-19,1.4064360556941329,1.3556709192661327,1.345533051694192
2017-10-20,1.4137348241307115,1.3589493898606322,1.3485658964395315
2017-10-23,1.4111421399663902,1.3578291685432777,1.3473543524240528
2017-10-24,1.4130826745838305,1.3596926876547504,1.3490119050222222
2017-10-25,1.41234150047383,1.3593907277646275,1.3484853857437549
2017-10-26,1.414963382335252,1.3606314024436534,1.3495184775666478
2017-10-27,1.4096169407253267,1.3583337444401007,1.347028287269009
2017-10-30,1.4032393027952301,1.3527238816381775,1.3414455405425894
2017-10-31,1.4024231039036361,1.351995194819834,1.3409466846898899
2017-11-01,1.4030861724435304,1.35065217313535,1.3397466982287607
2017-11-02,1.4035616360097471,1.3510213670793072,1.3400723678890833
2017-11-03,1.4018793235094464,1.3493619448198533,1.3385338784906327
2017-11-06,1.4078833065640082,1.3530968157791738,1.342022496270061
2017-11-07,1.412519483006311,1.3567673002067078,1.3454045913344932
2017-11-08,1.4116109218722577,1.3563041874649029,1.3449421673684279
2017-11-09,1.4150853460426258,1.3586807795934719,1.347076933001836
2017-11-10,1.417403605987091,1.3596670864139686,1.3477237309415564
2017-11-13,1.4221010107935463,1.3615598884776268,1.349459747679248
2017-11-14,1.4207286203278335,1.3604014343040596,1.3486255357298067
2017-11-15,1.4123126877326992,1.3544896340736023,1.3426900510235222
2017-11-16,1.4136300942476927,1.3555698419423432,1.3434081153578186
2017-11-17,1.4062617768513097,1.3540662989098224,1.3420933070731111
2017-11-20,1.4189011246144556,1.3612569720454626,1.348906328133868
2017-11-21,1.4240016289455744,1.3660177425584505,1.3530946662127024
2017-11-22,1.423235757367486,1.364381696545093,1.3514309202480819
2017-11-23,1.4111075043083467,1.356280151598392,1.3446489760974665
2017-11-24,1.4140703075447565,1.3558839041752833,1.3439852713612022
2017-11-27,1.4063686097725057,1.3521150219286724,1.3408398461447295
2017-11-28,1.4076878028628796,1.3512922733613804,1.3397072327189077
2017-11-29,1.4053562202678935,1.3476699882392964,1.3359536036995534
2017-11-30,1.4009250948422933,1.344553045522008,1.333283525284094
2017-12-01,1.403193609334184,1.3453550877458018,1.3341312831722068
2017-12-04,1.4108990331801317,1.3512043555393116,1.3393052193245178
2017-12-05,1.4061334689038467,1.3498502367152638,1.3380880038259237
2017-12-06,1.4042476330942018,1.3483089840225648,1.3367865771245957
2017-12-07,1.3934707161982227,1.3410120666736876,1.330151681633386
2017-12-08,1.3988625571251716,1.3433259883655135,1.332036659832187
2017-12-11,1.4011938306385912,1.3437374653869079,1.3323375306946288
2017-12-12,1.3985211800032074,1.3424563296961252,1.3311980028236576
2017-12-13,1.4029918490699385,1.3448582472937973,1.333380971914462
2017-12-14,1.4004543670731397,1.343611025362373,1.332383377790213
2017-12-15,1.3977145919640417,1.3416152870662246,1.3305580876383047
2017-12-18,1.4023245066585521,1.3449291818858886,1.33355811568584
2017-12-19,1.407565525412865,1.3481290191963187,1.3364138152559728
2017-12-20,1.406029239386199,1.3475167706739295,1.3358757039900826
2017-12-21,1.4080845760638656,1.3485758280541917,1.3366886512711285
2017-12-22,1.4073037507196318,1.3483867812351973,1.3365830900499407
2017-12-25,1.4048149757175654,1.3474036110752083,1.3356028700776035
2017-12-26,1.4117164281300523,1.3514853883525788,1.3392938900695455
2017-12-27,1.404111097600547,1.345865893644047,1.3340324376047408
2017-12-28,1.406013738274435,1.34494345873727,1.3324690187690735
2017-12-29,1.4082101205757258,1.3476160967468167,1.335525815562838
2018-01-02,1.418248372115683,1.3546387447560269,1.3420397515050693
2018-01-03,1.4203068139980153,1.3551940775482179,1.3424841057321297
2018-01-04,1.4240113185343677,1.35725683569858,1.3442386290911839
2018-01-05,1.427286699189227,1.3602236631290963,1.3469215738245262
2018-01-08,1.431122994428788,1.3628626598504614,1.349154905541109
2018-01-09,1.434453981104395,1.365438361273915,1.3515541487744291
2018-01-10,1.4336986953279431,1.3647015027864913,1.3506219875938181
2018-01-11,1.4342134827446953,1.364903032125618,1.350877444667612
2018-01-12,1.4324711617166985,1.3646530037660278,1.350610569375125
2018-01-15,1.4301280526268147,1.3646117516816634,1.3504100309271485
2018-01-16,1.4304759812795815,1.3650744713311855,1.3506260937750154
2018-01-17,1.4281245166054117,1.3631918407973025,1.3488003040005847
2018-01-18,1.4297267145322998,1.3636070153335893,1.3490056920872993
2018-01-19,1.4304325715184103,1.364263250495526,1.349696706326952
2018-01-22,1.4394291099337069,1.3698094136430625,1.354929532547459
2018-01-23,1.4433812384165066,1.3726813524497092,1.3573579342939877
2018-01-24,1.44368024476652,1.372784142770675,1.3575999036143775
2018-01-25,1.4471485281187626,1.3746153581322873,1.3591993207875355
2018-01-26,1.4469246890452645,1.37468105039764,1.3591157760723567
2018-01-29,1.443908008987154,1.3726265332885017,1.3573338347488841
2018-01-30,1.4342592650596275,1.3659459170967747,1.3512087714774437
2018-01-31,1.431946818168666,1.3659668184282365,1.3511312838772243
2018-02-01,1.4205111775238037,1.360596877344155,1.3459925782945983
2018-02-02,1.4214282564291,1.3613475822267356,1.3464421525998045
2018-02-05,1.4198866510575248,1.3603875583411447,1.3455256840020366
2018-02-06,1.4027398653175467,1.3523451886700453,1.338314880257491
2018-02-07,1.3959702578805668,1.3482631503980318,1.3353222901832003
2018-02-08,1.3923881319203721,1.3462908837638319,1.3340664929756358
2018-02-09,1.3730782001651982,1.3368776049340596,1.3262578348858653
2018-02-12,1.382039676981954,1.3424991759520741,1.3318054926850778
2018-02-13,1.3881479478277299,1.3464750286874734,1.3352645783780166
2018-02-14,1.3965415376721946,1.3528371252110452,1.3412666925824506
2018-02-22,1.410349879614623,1.3604491691191458,1.3480520212772387
2018-02-23,1.415912505965439,1.3637701523865537,1.3509199838513555
2018-02-26,1.4250463983364854,1.3707591696742647,1.357956731412996
2018-02-27,1.4215779533552058,1.3690164519395014,1.3568956389850662
2018-02-28,1.4186884642220112,1.368594255402651,1.3571294218940788
2018-03-01,1.4232359687380713,1.3704471994287986,1.3589168669726186
2018-03-02,1.4251262468299457,1.372409068393044,1.3608737446871049
2018-03-05,1.4225488316751493,1.3702868084965325,1.3589962568531806
2018-03-06,1.4291129973588492,1.3725738577239197,1.3608727183281424
2018-03-07,1.4251426545104477,1.3713520905079397,1.3599703699489034
2018-03-08,1.426209577832542,1.371162282296132,1.3598701175176875
2018-03-09,1.4266880361085987,1.3698479664994867,1.3586992329828367
2018-03-12,1.4298759706326774,1.371404885288763,1.3600986575420095
2018-03-13,1.4262404665034307,1.3707157262307224,1.359722907126305
2018-03-14,1.4251720443180784,1.3704676412403727,1.3593325890060741
2018-03-15,1.424018454486115,1.369746673111068,1.3587033834261595
2018-03-16,1.422872614774011,1.370081397665061,1.3592532132251727
2018-03-19,1.4197106124834469,1.3683499243368202,1.3577788810384708
2018-03-20,1.4179885032048543,1.3687332729913402,1.3585023631251343
2018-03-21,1.4145030352366352,1.3683539578949464,1.35861619943496
2018-03-22,1.4157552195150565,1.3713425141008557,1.3616538962620304
2018-03-23,1.3985359640779444,1.3726820770904888,1.3651211195127342
2018-03-26,1.3994000062693202,1.372717555770549,1.3652858196586601
2018-03-27,1.404805469812959,1.3725668783015894,1.3647198707155839
2018-03-28,1.3948753980841735,1.369504797280483,1.3625072001164877
2018-03-29,1.3996305147075525,1.3696088122818937,1.3621214286769083
2018-03-30,1.4115023152260613,1.3781006843446666,1.370220379590794
2018-04-02,1.411911735313786,1.3795503795073076,1.37187985522074
2018-04-03,1.408191462540658,1.3799152064101767,1.3727184143520814
2018-04-04,1.408990992800066,1.381773668475056,1.3748402948318243
2018-04-09,1.416455518329294,1.3906632113005437,1.384196538350397
2018-04-10,1.4197446205289168,1.3900368902225047,1.3828627616138847
2018-04-11,1.4229393720219614,1.3912877637396996,1.3838679013506252
2018-04-12,1.417229670454201,1.3896833436186766,1.3826812126587134
2018-04-13,1.4151387886592846,1.38845698726591,1.3815105907363647
2018-04-16,1.4115673381778717,1.3898450890035023,1.3833727436880636
2018-04-17,1.4113228966479656,1.3918867620708273,1.385356661578135
2018-04-18,1.4192238354895694,1.4081987979994066,1.4030244157630114
2018-04-19,1.4273324034384975,1.413610197559892,1.4078566456712753
2018-04-20,1.416070984342425,1.410441466993333,1.4057406908104175
2018-04-23,1.4153236577266477,1.4071095080314584,1.401637454556129
2018-04-24,1.422755498302765,1.4076218313570947,1.4014305203827204
2018-04-25,1.4192194320935259,1.4051517276571432,1.3992502683340486
2018-04-26,1.4096502870116203,1.4011262559609723,1.3956777848402628
2018-04-27,1.4097060301269146,1.4000114364734473,1.3942816086102314
2018-05-02,1.4120625332184968,1.3976216029279391,1.3914061887860283
2018-05-03,1.415225873382827,1.3994677067714039,1.3930950649898772
2018-05-04,1.415033648351974,1.3997735240913813,1.3933590357190462
2018-05-07,1.4226232522230746,1.4021414111252906,1.3948645553270869
2018-05-08,1.4223603619690397,1.3998358972964395,1.39209958061892
2018-05-09,1.4193009739997866,1.3965686124184449,1.388944014201699
2018-05-10,1.4252679214359405,1.3991387826486672,1.390981640442839
2018-05-11,1.4225701712575174,1.39858446313067,1.3904651806216495
2018-05-14,1.4221584501857352,1.3968816225238727,1.3882265220978622
2018-05-15,1.4258515954108621,1.3989460916758665,1.3901528620871455
2018-05-16,1.4191385579356022,1.3950904818549594,1.386565694126108
2018-05-17,1.4159772616509714,1.3939861042797745,1.3857989452785069
2018-05-18,1.4190759864687226,1.3951618694992152,1.3866663419300158
2018-05-21,1.420931558615507,1.3957922072848894,1.3872311165643878
2018-05-22,1.4202394217576355,1.3975568814363601,1.3893846543991457
2018-05-23,1.4141205739407068,1.3955464299113527,1.3880061556973669
2018-05-24,1.416076136213818,1.3987689550605253,1.391547373281799
2018-05-25,1.4136917449823998,1.3990167951313317,1.3918909363112644
2018-05-28,1.4178161741962818,1.4033590791574253,1.3962348882930653
2018-05-29,1.4203695303608403,1.4060139938563814,1.398857194181263
2018-05-30,1.406283862112254,1.4017201178854661,1.395670794648083
2018-05-31,1.4165213763891413,1.405823088284288,1.39880701769491
2018-06-01,1.4150765799858265,1.4056700191244036,1.3988438909652328
2018-06-04,1.4176303297501514,1.405328040590395,1.398126106211176
2018-06-05,1.4197566308712635,1.4043512888033483,1.3966076661783995
2018-06-06,1.4209318632700514,1.4048388665069624,1.396973666624399
2018-06-07,1.4211412706607158,1.4047094766035024,1.3966880626573936
2018-06-08,1.407540165279675,1.3981839053554714,1.39089260101007
2018-06-11,1.4087561382029372,1.400347489721888,1.3931317130313048
2018-06-12,1.4151835621828053,1.4024578976640192,1.3948100605920242
2018-06-13,1.4091775775979742,1.3993191382320584,1.392044808460206
2018-06-14,1.408973059769327,1.4007353017694002,1.3936214071476118
2018-06-15,1.4068522682036788,1.40229685326528,1.3955424834340937
2018-06-19,1.3814160585232758,1.3907404860712616,1.3860107756046904
2018-06-20,1.384878249037581,1.392480099759588,1.3875960057750278
2018-06-21,1.376063046088907,1.3897875906433,1.3855547217207818
2018-06-22,1.3781915037418941,1.3922649538330738,1.3879405344916338
2018-06-25,1.375872537611504,1.3916401926330648,1.3878085844898698
2018-06-26,1.374987291225066,1.391101460424055,1.387475082717389
2018-06-27,1.3739915926137947,1.3907920490904229,1.3874259873295633
2018-06-28,1.3723523317376274,1.3923935304608979,1.3894362244846177
2018-06-29,1.38866497658118,1.4024108785231229,1.398608162378948
2018-07-02,1.377184211062854,1.4007717602224397,1.3984859519649269
2018-07-03,1.3787032635142125,1.40336994599685,1.400978768383867
2018-07-04,1.3695629787263761,1.3996572065461659,1.398030371588516
2018-07-05,1.360803306166142,1.3969927484612836,1.3961993325928623
2018-07-06,1.3593602640981066,1.3958002723517382,1.3947683818564012
2018-07-09,1.3711881876888083,1.3979368142757054,1.39565082947173
2018-07-10,1.3711761044292574,1.3977251773807227,1.395362542289836
2018-07-11,1.3589687631242617,1.393086194025907,1.3918654286138854
2018-07-12,1.3711768653907428,1.3978566488635042,1.395589581983672
2018-07-13,1.3680316891553408,1.396657766290353,1.394793996028054
2018-07-16,1.366279865110757,1.3979968478774991,1.3964722742573297
2018-07-17,1.3656231740980758,1.3979994942316087,1.396879252910144
2018-07-18,1.3606369680741042,1.3955731160457718,1.3951416827093521
2018-07-19,1.3632537290123088,1.399415679150939,1.3989229192672292
2018-07-20,1.3725723405573482,1.404569346782067,1.4037183154940844
2018-07-23,1.377102300455564,1.404812121967636,1.4033346350746005
2018-07-24,1.3855961899678053,1.404711857320906,1.4020299363497346
2018-07-25,1.3864916328274655,1.4040412784422185,1.4011356417433256
2018-07-26,1.3835338758812075,1.40309622368587,1.4004450323082005
2018-07-27,1.3810545744985443,1.4025450225548004,1.3999668204871796
2018-07-30,1.378529786253106,1.4025778392685606,1.4006095448836933
2018-07-31,1.3816814320373352,1.4055180659891047,1.403597832370988
2018-08-01,1.3706378034986129,1.4017649927422036,1.4007486207413014
2018-08-02,1.359377808432366,1.3990139921058014,1.3987124298796154
2018-08-03,1.356223203266109,1.4000371134637464,1.4001670745053283
2018-08-06,1.3556373547666978,1.4022099434174096,1.4024454972368081
2018-08-07,1.3702179120651263,1.4068296143056918,1.4060950072294953
2018-08-08,1.3665863292817617,1.403228881133718,1.4029028460061501
2018-08-09,1.3754280358799635,1.4046750129062404,1.403033753468886
2018-08-10,1.3750135721241183,1.4041284818755486,1.4024603149085566
2018-08-13,1.3728695548232286,1.3998373250865603,1.397333106940283
2018-08-14,1.373094510733202,1.4007364876482629,1.3988012972102883
2018-08-15,1.3615770679991088,1.3972203984359948,1.3963042437793896
2018-08-16,1.3517374832705968,1.3904286194378699,1.3898702569617867
2018-08-17,1.3425232423072393,1.3849341401973208,1.3843946266798481
2018-08-20,1.345590791145767,1.3801442661291798,1.3779288225507416
2018-08-21,1.3543922106948598,1.3849854264562302,1.3819824160652685
2018-08-22,1.3539648178092478,1.3845290888100799,1.381638081255211
2018-08-23,1.350105839022045,1.3834539866140856,1.3800737593673704
2018-08-24,1.3524102040867005,1.3848401493350604,1.3817405145450865
2018-08-27,1.3587374921770268,1.3866355150138745,1.3820639407286508
2018-08-28,1.3619232259686447,1.388907179402863,1.3840742013413834
2018-08-29,1.3600794261949223,1.3884800241592594,1.3839575609654857
2018-08-30,1.35915212590552,1.3895600093625253,1.3853362876265942
2018-08-31,1.3535204187748175,1.3883068721884684,1.3847116671776034
2018-09-03,1.3507699180732529,1.3846049754550511,1.381101646517972
2018-09-04,1.3534485818552089,1.3846591667034196,1.3806839407686762
2018-09-05,1.343554434857322,1.379449762698405,1.376349686866544
2018-09-06,1.3423241956549465,1.3797773318282687,1.3770109694764807
2018-09-07,1.3453894693871098,1.3818048098017157,1.3789061687593704
2018-09-10,1.3453635845002185,1.382478527832442,1.3800021724141607
2018-09-11,1.3401353666899838,1.3775975058900114,1.3752084401382434
2018-09-12,1.3380534102126547,1.3763761258223195,1.3741809266011213
2018-09-13,1.3394493066116482,1.3772432751850865,1.3743933150938796
2018-09-14,1.3399319824527574,1.378632034172432,1.3759574239331354
2018-09-17,1.3345874870156098,1.3755062270782337,1.3734288944263235
2018-09-18,1.3441021519027416,1.3807010078386306,1.3779029069786068
2018-09-19,1.3524586312392524,1.385449483570061,1.3819242537089849
2018-09-20,1.3522257123062946,1.3857828201137044,1.382404105535501
2018-09-21,1.364939031653003,1.3917003741972414,1.3871540008586836
2018-09-25,1.3654978874858916,1.391650553076195,1.3874003345306172
2018-09-26,1.3697798956775487,1.3944014552306276,1.3899173735003685
2018-09-27,1.3670064872832186,1.3929851475574153,1.3888984512888365
2018-09-28,1.3744227970826122,1.3966534808481377,1.3920522312181023
2018-10-08,1.3642546287520967,1.3945786323412466,1.3922075867734864
2018-10-09,1.3714616240373412,1.4000536753685404,1.3977453575172747
2018-10-10,1.3738119369262833,1.4014842456644288,1.3992629294416403
2018-10-11,1.3437503555086052,1.387895200241871,1.3881805256712303
2018-10-12,1.3509964298926558,1.395019167708931,1.394877985714143
2018-10-15,1.342868625360816,1.3914875645798206,1.392125277621058
2018-10-16,1.334545502819701,1.3873705156848406,1.38856885048302
2018-10-17,1.3386808628303637,1.3895185135916495,1.3905053253192876
2018-10-18,1.3274650383651643,1.3841851795959983,1.3859521931443597
2018-10-19,1.3357694586870987,1.3889334970047902,1.3898800035835048
2018-10-22,1.3519739533133563,1.3957273478029846,1.3946086288140043
2018-10-23,1.340783115345594,1.3908887144294266,1.3909700664325193
2018-10-24,1.3448873422933147,1.3938431984188735,1.393969709618733
2018-10-25,1.34253104132349,1.394313600474281,1.394538404901586
2018-10-26,1.3399185958470332,1.3925548803873822,1.3929230344640198
2018-10-29,1.328539212949834,1.3877305605866659,1.388915295371303
2018-10-30,1.3302172271155177,1.3889460338850554,1.3896777578682515
2018-10-31,1.3311698759827577,1.3879145049657948,1.3882458761476388
2018-11-01,1.3297573823461553,1.3869496253378808,1.3873839051926113
2018-11-02,1.3393723535845883,1.3883235116278847,1.3874847991783572
2018-11-05,1.3386827309154834,1.388034256252937,1.3874955748805355
2018-11-06,1.3378800696343742,1.3886818569270487,1.388269072581477
2018-11-07,1.3340559039203943,1.3879299977657413,1.3880029415482933
2018-11-08,1.3311382356017105,1.388097598211314,1.3881523471771893
2018-11-09,1.3264054212023357,1.3861366188001996,1.3864070353757152
2018-11-12,1.3317599860044504,1.3860770607361896,1.385831882184479
2018-11-13,1.3353654223116047,1.3861539398797234,1.3855485199736837
2018-11-14,1.3310395943582487,1.3863482825813602,1.3860599793416208
2018-11-15,1.3391619286572143,1.3920731161196989,1.391394397360974
2018-11-16,1.3505759857775663,1.400629488443235,1.4000165171489711
2018-11-19,1.3533421194440858,1.4030810805564915,1.4024402803237355
2018-11-20,1.3417465323373945,1.400244506744675,1.400521132747544
2018-11-21,1.342438145028846,1.3993071953028078,1.3996423973648962
2018-11-22,1.3413979695957696,1.3995617535022746,1.4001195267076063
2018-11-23,1.3212415750868272,1.392188299346073,1.39385902194148
2018-11-26,1.3147524314206283,1.3871800468573081,1.3889352162897477
2018-11-27,1.3130980421235836,1.3853647451754298,1.3872368445671648
2018-11-28,1.3217480015804421,1.388237568923493,1.3894450200013795
2018-11-29,1.3163919810803852,1.3891910835672545,1.3910375145862903
2018-11-30,1.3203623828073974,1.39049926837925,1.3921204698033462
2018-12-03,1.3353746302880165,1.395536783422037,1.396046192637896
2018-12-04,1.3377711254676363,1.3984756078752314,1.3989213352801768
2018-12-05,1.3389402020460974,1.4020684459428243,1.4027711100334395
2018-12-06,1.3314911235258462,1.4019004744804078,1.4032910913972816
2018-12-07,1.3348819727334198,1.4043450745123036,1.4054702661366993
2018-12-10,1.3293226320445835,1.4063015693213223,1.4082688701182053
2018-12-11,1.3295811679190448,1.4067460082009056,1.4086936193875452
2018-12-12,1.3314700167745406,1.4069963615849135,1.408687744158388
2018-12-13,1.3381081387029405,1.4075504047227172,1.4087547947931602
2018-12-14,1.3259561162012414,1.4001163835369899,1.401755658047959
2018-12-17,1.3260847587266922,1.3993477504600618,1.4007481543753393
2018-12-18,1.3223413610592918,1.3980132920486315,1.3999574168527429
2018-12-19,1.318533818699134,1.398188468299703,1.4006100903411
2018-12-20,1.3171873935065306,1.3998594732537457,1.4023676702097887
2018-12-21,1.3139124408641711,1.401887391526647,1.4049388055455612
2018-12-24,1.3130997083832352,1.401062965546914,1.4043414627306718
2018-12-25,1.307869497373833,1.4012157110073142,1.4051708905962175
2018-12-26,1.3076414588816017,1.4021721885794332,1.4061662295355473
2018-12-27,1.306240047961336,1.4032760973003775,1.407208720598301
2018-12-28,1.308843777288821,1.4081629533469122,1.4123303416098825
2019-01-02,1.3045228371899384,1.4078223403538506,1.4126106621545773
2019-01-03,1.3070628690295714,1.4123409870585926,1.4178761518238356
2019-01-04,1.3208849139334546,1.4165001533049102,1.4211439653170794
2019-01-07,1.3254408943988645,1.4163873667749884,1.420252870945103
2019-01-08,1.3228855869002765,1.4153857164816837,1.4190779565065668
2019-01-09,1.3260735257295042,1.4159192494977801,1.418970243508984
2019-01-10,1.3248771471580647,1.416008857809281,1.4194389763638604
2019-01-11,1.3246028337157656,1.4138421646243462,1.4166431257008507
2019-01-14,1.3193750843993022,1.4115208717144534,1.4146630347499247
2019-01-15,1.326525908236129,1.4136003971238793,1.4161745602245448
2019-01-16,1.3273995613445397,1.415853801340824,1.4184038692656888
2019-01-17,1.3255299947111874,1.417353364008525,1.4200654561335153
2019-01-18,1.3348379576552571,1.4210449515797279,1.423243384952016
2019-01-21,1.339089613403969,1.421000289712776,1.422722577012188
2019-01-22,1.3318679087572762,1.4183376166624506,1.4205603995884242
2019-01-23,1.3321449632491058,1.4183204242524987,1.420564811173031
2019-01-24,1.334370116723437,1.4189699693843634,1.4209635978957
2019-01-25,1.3358902581692367,1.418003436292782,1.419817822077041
2019-01-28,1.334339600126741,1.4187180078198005,1.4212584135900985
2019-01-29,1.3321138751979984,1.419189397820512,1.4220481006358696
2019-01-30,1.3308495595001746,1.4203083661455667,1.4234423517086872
2019-01-31,1.3373441229012497,1.4242563123718008,1.427030803077395
2019-02-01,1.3479128248137937,1.4297542359085915,1.4321947832518465
2019-02-11,1.3557818008042997,1.4335704411231338,1.435555285880309
2019-02-12,1.3604486941718013,1.4355457365424857,1.4374000701579386
2019-02-13,1.3661715920154052,1.437203750987079,1.438585481755299
2019-02-14,1.366919793673751,1.4374501279739997,1.4386540268342316
2019-02-15,1.358472704562241,1.435189523897354,1.4372241603060079
2019-02-18,1.373889398447864,1.4404907766725656,1.441691616308931
2019-02-19,1.3748031056249792,1.440166735404756,1.4414594933389941
2019-02-20,1.3754539945351505,1.4421417856709298,1.4435518137272496
2019-02-21,1.3729935792261814,1.4395150008847692,1.440796566726676
2019-02-22,1.3823277030833674,1.441349503888114,1.4415058765098396
2019-02-25,1.4106329616630444,1.4508948700875066,1.449069102197431
2019-02-26,1.4036407126855097,1.4460607357945046,1.4447154684974621
2019-02-27,1.3987966293094927,1.4444422516583755,1.4432225150255924
2019-02-28,1.3988867208310574,1.444173960995762,1.4425635693696197
2019-03-01,1.412837218198412,1.4502528342340626,1.4480555845445429
2019-03-04,1.4142922195072525,1.4489697191338127,1.4457523386434668
2019-03-05,1.4208027839639215,1.4498055640196312,1.4461368845289375
2019-03-06,1.4300225838515204,1.4540156973433078,1.4503170956198859
2019-03-07,1.4303595288547453,1.4550966059484478,1.4513754663039824
2019-03-08,1.4109510482732142,1.4481621577129093,1.4460341435162545
2019-03-11,1.4198348212385803,1.4521915590542502,1.4496583578043003
2019-03-12,1.427788323709386,1.4560930815618933,1.453052600356211
2019-03-13,1.4225783383752992,1.4550336642460855,1.4525129007174338
2019-03-14,1.4159712279836514,1.4522671660244186,1.4500824930265235
2019-03-15,1.4221720435300578,1.454525219597427,1.451805122372782
2019-03-18,1.432437139533041,1.4581448222404865,1.454448531112654
2019-03-19,1.4315884698709962,1.4587254362593083,1.4552462202265488
2019-03-20,1.4329128214096292,1.4597910242099925,1.4562034072571695
2019-03-21,1.4378059081693935,1.462969013735712,1.459659048502766
2019-03-22,1.439425784601754,1.4639523591094055,1.460570465675153
2019-03-25,1.4316991070499914,1.4620400533455025,1.4595369038894237
2019-03-26,1.424338178182337,1.4611128133496405,1.459027094272901
2019-03-27,1.4282393852348227,1.463040361320902,1.4605656649906893
2019-03-28,1.4203858936527476,1.4593500742827314,1.4568514934681107
2019-03-29,1.4347498004847359,1.4632952296180344,1.4588113636295021
2019-04-01,1.453298529012712,1.4682231301983377,1.462828090315413
2019-04-02,1.454601143379368,1.467153193458391,1.4620125055693283
2019-04-03,1.4601299513360586,1.4642947466217358,1.4586368467852107
2019-04-04,1.4656108719039735,1.4627118729893616,1.4566248012038365
2019-04-08,1.4648870150526605,1.4616774358879654,1.4558574813918563
2019-04-09,1.4669244219922475,1.4630524860254366,1.4571071887702327
2019-04-10,1.466569366541016,1.4602493093785434,1.4542564542427496
2019-04-11,1.458334528970325,1.458389256246388,1.4527917592757256
2019-04-12,1.453705026425982,1.455588461963605,1.4499367197513355
2019-04-15,1.4505987082785106,1.4501554713330655,1.4444126519815617
2019-04-16,1.4587913880682033,1.4487797174683559,1.4423588975495127
2019-04-17,1.4570126645873587,1.4470399859247727,1.440226174501213
2019-04-18,1.4475421018039343,1.4412309779643415,1.434422582043443
2019-04-19,1.454408950800973,1.4436943974087952,1.4366107724779027
2019-04-22,1.4446047856765458,1.4385467884322958,1.4320024300432137
2019-04-23,1.43865045692974,1.4351640217530846,1.4286695746278686
2019-04-24,1.439228485679743,1.4331597106419218,1.4265236582036478
2019-04-25,1.42420193631504,1.429884461598434,1.4239473528960622
2019-04-26,1.417192542259089,1.4287502157667873,1.423184689897094
2019-04-29,1.4127142782229398,1.4271192040700942,1.4216559251091112
2019-04-30,1.418261818503228,1.4308058251920133,1.4251683264920632
2019-05-06,1.3890778475011227,1.4200129067004927,1.4160438345226882
2019-05-07,1.3948574721315716,1.4231224218051262,1.4189610239118007
2019-05-08,1.3914599706957724,1.422141148570892,1.4184819354398595
2019-05-09,1.3901992934415641,1.4229041919834622,1.419894428823982
2019-05-10,1.4052753248797158,1.4303146521806804,1.4264543544182768
2019-05-13,1.400245659854828,1.4300714636021106,1.4266537444723628
2019-05-14,1.3967241477336518,1.4284988986292975,1.4255199363676598
2019-05-15,1.4076948439749255,1.433331519432098,1.429760791058898
2019-05-16,1.4150181300523497,1.4384363708905121,1.4349217227976132
2019-05-17,1.4012723933346127,1.4325289948861542,1.4295237276713357
2019-05-20,1.3983063368361075,1.430908694784086,1.428107020555315
2019-05-21,1.407243153512656,1.4341399322882362,1.431113266816932
2019-05-22,1.4027786102735078,1.4302568538005245,1.4274044660103036
2019-05-23,1.3920567430145054,1.4250422154746405,1.4226025390288786
2019-05-24,1.3919300559405963,1.4263946231159181,1.4238746354006524
2019-05-27,1.404592553977128,1.431392983581444,1.4287127054083195
2019-05-28,1.4069019937137532,1.4331818498761695,1.4305406515293524
2019-05-29,1.4132153069929496,1.4380754774581046,1.435851600394269
2019-05-30,1.4072453222110504,1.4341845657077121,1.4317381953375727
2019-05-31,1.4066426597430532,1.434375329575218,1.4322674306487653
2019-06-03,1.4068265000244928,1.4372919129381763,1.43583542352295
2019-06-04,1.4046146368246817,1.4401075603370708,1.4393503651050574
2019-06-05,1.405709996252809,1.4427736006589902,1.4420023967383353
2019-06-06,1.3955960331686097,1.438752053977987,1.4381388958112935
2019-06-10,1.40273028618825,1.441166323550108,1.4399065377174662
2019-06-11,1.4178492571786658,1.444286596841769,1.44168204948848
2019-06-12,1.4129481276349494,1.4428779380325787,1.4409172015905911
2019-06-13,1.4180900403152403,1.4471003425584805,1.4453655830975862
2019-06-14,1.414832302638472,1.4493726973788477,1.4482733522253801
2019-06-17,1.4169578293224045,1.450577906368917,1.4496548095143664
2019-06-18,1.4184755197828738,1.4511992603612298,1.4500620720247277
2019-06-19,1.4231486093446046,1.4513984012470875,1.4492729377753348
2019-06-20,1.4381023751982893,1.4598528758292928,1.4573091830026654
2019-06-21,1.4415054588002216,1.4612553627379206,1.4589334577324742
2019-06-24,1.4462074762720287,1.4645918903900446,1.462367271774388
2019-06-25,1.4452246703528566,1.4678325730120587,1.466079006777033
2019-06-26,1.4428329454443067,1.4643405481512204,1.4620305304093493
2019-06-27,1.4450953328779317,1.4637293197869456,1.4611199938431954
2019-06-28,1.4432722540911784,1.4644390828577585,1.4621832308235538
2019-07-01,1.4549615069150563,1.4683954219884274,1.4646709534240818
2019-07-02,1.4564285024049233,1.4706193329972646,1.4673651809995767
2019-07-03,1.4549693472612935,1.473108828897335,1.4709527038326757
2019-07-04,1.4487648893460858,1.4719703235884272,1.4697125496314545
2019-07-05,1.4491986128530265,1.4710753543627106,1.4687575519450373
2019-07-08,1.434601990343439,1.4653448051551714,1.4634892166811537
2019-07-09,1.4299670218409855,1.4621101151300127,1.4602567742251538
2019-07-10,1.4323502927334568,1.4642333857317753,1.4623499612289241
2019-07-11,1.4369633051216142,1.4680135645254173,1.4663959250077665
2019-07-12,1.4374951904053006,1.467839421692324,1.4658965623237088
2019-07-15,1.4438818705565817,1.4715913819197521,1.469625346866917
2019-07-16,1.441083745945455,1.470000309785541,1.4677338044706398
2019-07-17,1.4413671710190137,1.4695292079046522,1.4670604397815556
2019-07-18,1.441423444257265,1.4717415662182047,1.469531712522882
2019-07-19,1.4503104136271794,1.4767413258912088,1.4741227521545348
2019-07-22,1.4344537593468139,1.4682352414224593,1.4661504252377235
2019-07-23,1.4368271155205719,1.4688553574616434,1.4666085957159847
2019-07-24,1.4388809797121336,1.468701496828091,1.466340788052011
2019-07-25,1.441210968142716,1.4687070451664905,1.466255279240614
2019-07-26,1.4406354491487376,1.4683509037149864,1.465594391780817
2019-07-29,1.4372122476760705,1.4658436392390775,1.4632419925765219
2019-07-30,1.4437557367907514,1.4692171110570025,1.4662790723064378
2019-07-31,1.4416149164036673,1.4698029110730786,1.467536426850129
2019-08-01,1.4329734963409286,1.466352262618751,1.4643035673568547
2019-08-02,1.4326144645609842,1.4702566392391805,1.4688022734386887
2019-08-05,1.4334963134949683,1.476033993314491,1.4753713631607461
2019-08-06,1.4277195238219302,1.4759778605349554,1.4758997250158419
2019-08-07,1.4293824306856722,1.4770124331109529,1.4771222311179677
2019-08-08,1.4399169560163472,1.4831121752856329,1.4826002033465413
2019-08-09,1.440590603596413,1.4858728568453732,1.4857912098562305
2019-08-12,1.4448869675102682,1.487418218387233,1.4868131448472808
2019-08-13,1.4503419874926344,1.4913185542267744,1.4909792742364456
2019-08-14,1.4471108487687325,1.490650181317209,1.4899811983845543
2019-08-15,1.448354852644117,1.4926025569594812,1.4918798590695774
2019-08-16,1.450325776137498,1.4930223539017418,1.4920470232878065
2019-08-19,1.4627249866907301,1.4972278700342796,1.4952637615228723
2019-08-20,1.4611398153885131,1.4954694524086756,1.4935120069369312
2019-08-21,1.4593219205579526,1.494017271010898,1.4921680544857885
2019-08-22,1.461770197471411,1.494020011167276,1.4921278606427224
2019-08-23,1.4646727238094943,1.494646043774243,1.4924629585197526
2019-08-26,1.4665300804001207,1.4978309619239416,1.4963917144101977
2019-08-27,1.4723014634711862,1.499336533084754,1.4973260983909946
2019-08-28,1.4732462096388743,1.499756754182194,1.4977891181244494
2019-08-29,1.4747439902543364,1.5015697020413332,1.4998463818808638
2019-08-30,1.4677347166875436,1.4973613668448613,1.4956553605401632
2019-09-02,1.4795697685793512,1.5016556802110734,1.4992057696809564
2019-09-03,1.4837146651792776,1.5029198094153782,1.5003301440259451
2019-09-04,1.4902478540346753,1.5060026849743138,1.5030655761406841
2019-09-05,1.4934401210971837,1.508230945145604,1.505121937143416
2019-09-06,1.489658260208603,1.5089893877553362,1.505798064593819
2019-09-09,1.4972598243963522,1.5110903501206696,1.5074091791592685
2019-09-10,1.4939167764968095,1.5087050561863253,1.5049745400534582
2019-09-11,1.4891223011344557,1.507279706556803,1.5038331149913775
2019-09-12,1.4938262153822799,1.507530063255806,1.503736480963157
2019-09-16,1.4948527240967129,1.5060029488841453,1.5021620237500402
2019-09-17,1.487131243216787,1.502903591348187,1.4996266954314275
2019-09-18,1.4847681497738205,1.5009420741204422,1.4977054180105331
2019-09-19,1.484232395884524,1.5000506349518399,1.4967309066474366
2019-09-20,1.4860997897954906,1.5008426824976848,1.4974707588699714
2019-09-23,1.4849090894609631,1.500200804313402,1.4970967606205763
2019-09-24,1.484766865974056,1.499749499737064,1.4966544066529444
2019-09-25,1.4815672892753426,1.4986861462899472,1.4959048285380132
2019-09-26,1.47053631800313,1.4926671265774267,1.4901718884480937
2019-09-27,1.4682369494204177,1.490175323284353,1.4876114614687832
2019-09-30,1.466842260088213,1.489929970452886,1.4875319291597582
2019-10-08,1.4703446677077114,1.4924353711937648,1.4898799795419002
2019-10-09,1.479598344707033,1.4973535309422605,1.4948543645343435
2019-10-10,1.4824919860663675,1.4984974218168938,1.49577126046705
2019-10-11,1.4848403218951074,1.4982514172993204,1.4954023477010814
2019-10-14,1.4861480697979546,1.4982338568547393,1.4950610755222058
2019-10-15,1.4800412409801744,1.4951331970529635,1.4920493232612764
2019-10-16,1.475355075698074,1.4926723221327443,1.48961417359727
2019-10-17,1.4746991125008593,1.4923136683548426,1.4892330593562941
2019-10-18,1.4695093781455675,1.4894120649608567,1.4866070110907852
2019-10-21,1.4713172017056309,1.4888119748001027,1.4860699215452164
2019-10-22,1.4722618658657707,1.487579295458248,1.484712930203874
2019-10-23,1.469374581165223,1.4864170325593509,1.48367946488874
2019-10-24,1.4711945791926289,1.4877261152726682,1.4850404190692774
2019-10-25,1.474205547308966,1.4887565254443509,1.48594673268073
2019-10-28,1.4745033251582607,1.4859149331408141,1.4828183502532695
2019-10-29,1.4690118002412382,1.4818608080808566,1.4788387841891248
2019-10-30,1.465812688084638,1.4794648307450442,1.4766004626112668
2019-10-31,1.460253053184165,1.47828127857799,1.475437721436135
2019-11-01,1.4680880331587325,1.4829233238055712,1.4798962145801644
2019-11-04,1.4701326313781182,1.4832872817810843,1.480199983478705
2019-11-05,1.4731997162524457,1.4857730399963884,1.4824446327364695
2019-11-06,1.4629102667658636,1.4816280123355454,1.4779275573909776
2019-11-07,1.4647582692512027,1.4821801618507922,1.4784792337033261
2019-11-08,1.4585172374779625,1.4775292925099526,1.4736928077990534
2019-11-11,1.443905564886783,1.471238215411669,1.4673813536042049
2019-11-12,1.44258434355327,1.4711307559427078,1.467086350016803
2019-11-13,1.442044728048446,1.4707232941674122,1.4667081452947266
2019-11-14,1.4428595428930082,1.4717973430175766,1.4676777566292143
2019-11-15,1.4384676020281415,1.4698141396977884,1.4655899086344377
2019-11-18,1.445506760821425,1.4756968404712882,1.4713086968085318
2019-11-19,1.4514745808889575,1.4786090084831502,1.4738609582699498
2019-11-20,1.4474181837519666,1.4776475990585847,1.472950721218154
2019-11-21,1.4474854272276163,1.4780482394132883,1.4733246246865517
2019-11-22,1.4422614939589666,1.4755796950446756,1.4708327550823486
2019-11-25,1.4461026349942794,1.477414986206406,1.4727487664949
2019-11-26,1.444555649982338,1.476463233283506,1.4717286125145865
2019-11-27,1.4435368548816223,1.4764295739045952,1.4717103329354282
2019-11-28,1.4412283659630996,1.4753070425567307,1.4705505863429855
2019-11-29,1.441227907626186,1.4753584138284017,1.4706701365855945
2019-12-02,1.4394047861215582,1.4743758796830317,1.4696321843302558
2019-12-03,1.442357052520058,1.4751007565445502,1.4702210749807958
2019-12-04,1.4445270634150973,1.4767301094713767,1.4719329942280917
2019-12-05,1.4497431018468037,1.4796315716581865,1.4746522194810272
2019-12-06,1.451178276983782,1.4798684018809276,1.474764732705245
2019-12-09,1.4541569734217104,1.4818133112185814,1.4766578683267289
2019-12-10,1.4549957842550574,1.481962410843739,1.4767969212552765
2019-12-11,1.4562062937301048,1.4831272738882841,1.4780405143597615
2019-12-12,1.4587003389612139,1.4848002352783245,1.4797486109056313
2019-12-13,1.461567933760931,1.4851307795311475,1.4797283466735869
2019-12-16,1.4701406465675606,1.4885185522263544,1.4828884817708416
2019-12-17,1.4762128255682734,1.4901328447532818,1.4842187347680265
2019-12-18,1.4738215574161555,1.4880586060209529,1.4821764132530704
2019-12-19,1.4744673348388042,1.4885395848337446,1.4826291658532391
2019-12-20,1.473721496851461,1.4899818392158142,1.4842119346694487
2019-12-23,1.4681004777800826,1.4910668484005212,1.4857771352939662
2019-12-24,1.4755866783427085,1.4954397233059562,1.4899261744455483
2019-12-25,1.477911320363841,1.497185363416226,1.4916911889865867
2019-12-26,1.4816989757911359,1.4999156186164424,1.4942113078981332
2019-12-27,1.4840334768083467,1.5020850878761733,1.4964180169278452
2019-12-30,1.4924183596445597,1.5056190781114949,1.4995679462934492
2019-12-31,1.494489155128407,1.5071300594248136,1.500996607134316
2020-01-02,1.5003829755231723,1.508647054647533,1.5020881602935008
2020-01-03,1.502156437967274,1.5085763600175652,1.5020784664827063
2020-01-06,1.5090651091184815,1.512706946160182,1.50626457951958
2020-01-07,1.5113854725641098,1.5135594988494607,1.5069184351208476
2020-01-08,1.5101011976310428,1.5130414984896015,1.506765127383451
2020-01-09,1.5056150617310404,1.5115839372872109,1.5049915174748894
2020-01-10,1.505014694259713,1.5140037394224215,1.5075912071521471
2020-01-13,1.5107526143693168,1.5170618080157794,1.5103413466160371
2020-01-14,1.5071615363389925,1.5148722367991163,1.5080828428761794
2020-01-15,1.5079343852041576,1.5152741214277252,1.5086877868992847
2020-01-16,1.5071353697806185,1.5150254786660777,1.5085683093081113
2020-01-17,1.5027899300599876,1.5137245367658154,1.5073715560921452
2020-01-20,1.5090404050626598,1.5168825299762583,1.510374787758587
2020-01-21,1.5021167450055077,1.5152626809667762,1.5090750152513805
2020-01-22,1.5010621354771883,1.5165865710031967,1.510330533833544
2020-01-23,1.4822267493443275,1.5104116231075766,1.504910210338678
2020-02-03,1.4163807186840112,1.5033910202828982,1.5036437037308688
2020-02-04,1.440752295243535,1.5114251028579266,1.509987326822018
2020-02-05,1.448758657090651,1.513301773113062,1.5112588023463014
2020-02-06,1.4595964455905206,1.516420354040035,1.5135882439023665
2020-02-07,1.4617009506745284,1.518423410214419,1.5157049125270468
2020-02-10,1.4684574478238825,1.5221110204581059,1.5191797040863246
2020-02-11,1.4700001407765957,1.5228760017599132,1.5197730254607578
2020-02-12,1.4742505529134033,1.523624037305723,1.5201993446474344
2020-02-13,1.475601134322076,1.5237706517320164,1.52036441769194
2020-02-14,1.4780168237364497,1.5236896876000743,1.5200755007414306
2020-02-17,1.493766735008975,1.5271792673972844,1.5225179844282992
2020-02-18,1.4939430828062645,1.5251952438649083,1.520503578023309
2020-02-19,1.4951838259842358,1.5252370063171055,1.5206166088453836
2020-02-20,1.5042716304273116,1.5263255515542198,1.5210782087607144
2020-02-21,1.5122464043325876,1.529558265221211,1.5242943988142068
2020-02-24,1.5124047144614012,1.5318026482118356,1.527147290154108
2020-02-25,1.5092398867401677,1.5317441312653146,1.5270348930355846
2020-02-26,1.5020976813668097,1.5302067342334986,1.5260501838343323
2020-02-27,1.501508747555805,1.5317501443090913,1.5277563605729207
2020-02-28,1.4715915701499487,1.5256845402843342,1.5236476722678622
2020-03-02,1.5014609602151532,1.5334290869930227,1.5285621749204128
2020-03-03,1.5018810983056836,1.5320331769970712,1.5270630822724354
2020-03-04,1.510170091909593,1.539441012759271,1.5346868882275766
2020-03-05,1.5211048965708762,1.5429188460477044,1.537486479013863
2020-03-06,1.5163210707687271,1.5469250282620688,1.5426291497415243
2020-03-09,1.487741480386437,1.5567840133771005,1.556021495190315
2020-03-10,1.4981655959579807,1.5514221629301976,1.548947922541261
2020-03-11,1.4901472495978831,1.548850849332626,1.5471086594426786
2020-03-12,1.476065827316763,1.5480785025088135,1.5474371987055913
2020-03-13,1.4633565678576992,1.5382992983145147,1.5373579197489406
2020-03-16,1.4366563467104627,1.5319704473114286,1.5324300704524767
2020-03-17,1.4235184758710164,1.5223712766729782,1.522678044344801
2020-03-18,1.407338204317393,1.5181595650758757,1.5201004656915205
2020-03-19,1.3897749907413415,1.510276717077874,1.5135893751408331
2020-03-20,1.4126520003052925,1.5153134634846612,1.5165031853290931
2020-03-23,1.394687082071453,1.5186293431540727,1.520953744830416
2020-03-24,1.4152861901797644,1.5269619174625828,1.528919630982183
2020-03-25,1.434812350545648,1.5327141441484329,1.5333195432854976
2020-03-26,1.4240873083277092,1.5305324307031185,1.5323244511500456
2020-03-27,1.4288829663168956,1.5331096508308129,1.5345254714475876
2020-03-30,1.4168776234245768,1.5310866725511403,1.5330969009364337
2020-03-31,1.420902234711042,1.532633652132487,1.5344344952009774
2020-04-01,1.4087813553150061,1.52843621104163,1.530780804834596
2020-04-02,1.4238618656112296,1.5340049916749687,1.5351249760460668
2020-04-03,1.4209437713490867,1.5317600218605691,1.5330098912519172
2020-04-07,1.4434094540850502,1.5441351662065246,1.5442853093099438
2020-04-08,1.441703262606451,1.5455234168741248,1.545972147056716
2020-04-09,1.44741715835178,1.5462963560219136,1.5462399567167295
2020-04-10,1.4490637989376136,1.5457592674656033,1.5455268067584034
2020-04-13,1.438654008491787,1.5396514658233984,1.5400929702844075
2020-04-14,1.4463694018422175,1.5420888572510696,1.541962138047782
2020-04-15,1.4451268432365356,1.5420081118797928,1.5420765468403077
2020-04-16,1.4425011792035385,1.541681019010768,1.5420843425886919
2020-04-17,1.446274621549609,1.541977267364284,1.541789362197006
2020-04-20,1.447159810774864,1.5368312608511079,1.5361013006586617
2020-04-21,1.4365556648788047,1.5325650495988556,1.5327680771303231
2020-04-22,1.4348436467288175,1.533087151244182,1.5337246317070563
2020-04-23,1.4483311604735958,1.5449744966424521,1.54526629191839
2020-04-24,1.4425843218931145,1.54411215487337,1.5450782181391407
2020-04-27,1.4431504840691418,1.5430663590961873,1.5438811323362065
2020-04-28,1.4395756639571393,1.5417455137285792,1.5425701778871406
2020-04-29,1.4462304865395867,1.5452886829390198,1.5455519983710144
2020-04-30,1.4587751997364407,1.5482050774324092,1.547337910631046
2020-05-06,1.4648330069291975,1.548069100311113,1.546636349019961
2020-05-07,1.4614355025135386,1.542805203503974,1.5411264069104962
2020-05-08,1.4695500602605933,1.5438141836809787,1.5412798132007526
2020-05-11,1.4670061835321848,1.5385076722128004,1.535519170846199
2020-05-12,1.4645300991040868,1.5379752104400628,1.535448494381548
2020-05-13,1.465530475031629,1.5368182188727972,1.5339424529498584
2020-05-14,1.4600535195981519,1.5328328371955393,1.5303538621123711
2020-05-15,1.4642332649806877,1.535256370002067,1.5328333183330778
2020-05-18,1.4714165891952669,1.5363507061371313,1.53333278099544
2020-05-19,1.474719480809928,1.5370295707599688,1.533620262913357
2020-05-20,1.4804082649857504,1.5420873063457254,1.5386740274108095
2020-05-21,1.4740980930470857,1.5397145469859246,1.5366866034537272
2020-05-22,1.4587840923675839,1.5370171044917313,1.5359668313990387
2020-05-25,1.4639696725994833,1.5382531138852908,1.5365857301404884
2020-05-26,1.4702767890283917,1.5372846077099835,1.5347575462528371
2020-05-27,1.4673222673330124,1.536205031492067,1.5339521157924885
2020-05-28,1.4697950465214265,1.5390414035031803,1.5367469052359688
2020-05-29,1.4719050735645691,1.5388130769447779,1.5361309201513274
2020-06-01,1.4884476718333244,1.5464338198943317,1.5416748694735674
2020-06-02,1.4867379132325185,1.542791988052492,1.5376726325143208
2020-06-03,1.4888158048111215,1.5427893528367855,1.5372301509981274
2020-06-04,1.4871788936787043,1.5400585882162776,1.534312772705363
2020-06-05,1.4909155185600442,1.5402772142364556,1.5340383724071125
2020-06-08,1.493954468920427,1.5427832863782547,1.5361465796044986
2020-06-09,1.4968375074164382,1.5447665210338233,1.5378313914239088
2020-06-10,1.4980164365937445,1.5454533353956088,1.5385864013263741
2020-06-11,1.494284655901534,1.546141757472441,1.5403163013909626
2020-06-12,1.4971378135472986,1.5499023542648944,1.54414325026964
2020-06-15,1.488891257801166,1.5469960598817372,1.5423160511355805
2020-06-16,1.5008063802384513,1.5484770640544037,1.5417569575677637
2020-06-17,1.500712853030717,1.546310993263652,1.5393101162708962
2020-06-18,1.5025931082519963,1.5466316575709953,1.5391645787084804
2020-06-19,1.509087586080848,1.5491915208102618,1.5409454954060016
2020-06-22,1.5106628236576423,1.5495577942475391,1.5414753086500292
2020-06-23,1.5103965240437114,1.5472477179404323,1.5386397978542181
2020-06-24,1.5141560038477444,1.5518189437842536,1.5433553504635065
2020-06-29,1.5104754520711912,1.5504561538960686,1.5424691774540487
2020-06-30,1.5196718755272092,1.5559013329801392,1.5468841524919201
2020-07-01,1.537148574713663,1.5686789888400623,1.5579724220864741
2020-07-02,1.548619615334095,1.5766000701386103,1.56414760873625
2020-07-03,1.5572681021098755,1.5809725247707203,1.567102493702862
2020-07-06,1.5903977629829684,1.5982789832897704,1.5784321562046841
2020-07-07,1.5868974332760897,1.5937819213266184,1.5738859523423452
2020-07-08,1.5932057090715857,1.5954857646224483,1.574361981237426
2020-07-09,1.6072126867399614,1.6021893944182803,1.579148658240412
2020-07-10,1.595459194033344,1.5951861762466242,1.5739847156374651
2020-07-13,1.6220408997678388,1.6102188594585796,1.5854358708125325
2020-07-14,1.6150853981856896,1.606550586144937,1.5828682195047294
2020-07-15,1.6057004863563846,1.6029621053185883,1.5809812739804805
2020-07-16,1.5805156265591467,1.5888315736491185,1.5703864683473414
2020-07-17,1.5829024985905726,1.5901828838356242,1.5712507832257077
2020-07-20,1.6020247879581033,1.6032667346656133,1.5818165655719492
2020-07-21,1.608503009438659,1.6077842222098566,1.5859148996129309
2020-07-22,1.6205067149938492,1.6184532599265566,1.5964888379025766
2020-07-23,1.619642605227131,1.6185643797749762,1.5972493924990383
2020-07-24,1.5990745471071273,1.6085133451866274,1.5910220383413445
2020-07-27,1.6070704055313854,1.6153562460135733,1.5979163222660222
2020-07-28,1.6061352496473944,1.6120788728668554,1.593726800427094
2020-07-29,1.6226677910556069,1.6213446412033516,1.6007370923119402
2020-07-30,1.6197404770874573,1.6183729829222613,1.597541553469864
2020-07-31,1.6270102249815181,1.6218067462940333,1.5999504352173906
2020-08-03,1.6389521097361763,1.6264279515110238,1.6034784224335337
2020-08-04,1.6406941335269558,1.6280360934875955,1.6046742358854025
2020-08-05,1.6453408882956315,1.6328261752938853,1.6093926009566066
2020-08-06,1.647326974225447,1.6335665970705506,1.6097907252736234
2020-08-07,1.6429693487047845,1.6307352772730965,1.6070784729834666
2020-08-10,1.642874504441436,1.630330336359906,1.6065592450634314
2020-08-11,1.6334560999964007,1.625153077395981,1.6017035148446945
2020-08-12,1.6156116409585237,1.6098094496042126,1.5865806291859084
2020-08-13,1.6227954787443055,1.616376825824091,1.593155821937837
2020-08-14,1.6320718985791394,1.621979597228599,1.5983650277803658
2020-08-17,1.6500818054867148,1.6333828864271172,1.60843031296222
2020-08-18,1.6577446403768012,1.6398789786608263,1.6148263301321935
2020-08-19,1.6496543578557243,1.6342300955261904,1.6092998154576807
2020-08-20,1.636621852618683,1.623974314314164,1.5995624452989408
2020-08-21,1.637323040400416,1.623694641609957,1.5992134899499733
2020-08-24,1.6396077953283144,1.6239548531844608,1.5990558813840585
2020-08-25,1.6388753164764391,1.6221882913548438,1.5976178274361164
2020-08-26,1.631914312913342,1.6192071668093446,1.595337459870097
2020-08-27,1.6379301342895582,1.6226042027835876,1.5982998655221474
2020-08-28,1.6500438767448393,1.627758989584935,1.6021681874145026
2020-08-31,1.653954070638694,1.632233448572286,1.6070198426423803
2020-09-01,1.6599921534278927,1.6367270597446733,1.6110226235217793
2020-09-02,1.6560438649361982,1.6329568427645615,1.6072097735654065
2020-09-03,1.6455218067329678,1.6271273579158534,1.6016544316209795
2020-09-04,1.644422950869863,1.6270372350429405,1.6025291962935133
2020-09-07,1.635768103732206,1.6216805558427143,1.5980588909553908
2020-09-08,1.6406514823136926,1.6249227040704337,1.601011221780954
2020-09-09,1.6213346561492854,1.615288664339985,1.5928121030490634
2020-09-10,1.6158004484975226,1.613844463759754,1.592271668782837
2020-09-11,1.6215456716818868,1.6152299594792234,1.5938140900922986
2020-09-14,1.6297655810948817,1.6189724042556102,1.5975327266394763
2020-09-15,1.6367100265851653,1.6243262137625945,1.6025818834658685
2020-09-16,1.6306927263105337,1.6206776711910829,1.5985536665022286
2020-09-17,1.627607016623026,1.6185205138362833,1.5965168945971862
2020-09-18,1.6491472134376164,1.6324230211233586,1.609811950162329
2020-09-21,1.642091425044387,1.6288899076489312,1.6066467605685977
2020-09-22,1.6258614344840299,1.6209732762255082,1.5993005787192258
2020-09-23,1.6220673441830133,1.617596869929588,1.5956720371938575
2020-09-24,1.6071836045957744,1.6096121926656404,1.588763296103319
2020-09-25,1.6075512152762932,1.6091271895680819,1.5883339347287626
2020-09-28,1.6077444182865184,1.6100304477074665,1.5894247276946836
2020-09-29,1.6113104865026906,1.6107309933428438,1.5897633596337342
2020-09-30,1.6077791964961154,1.607685178962661,1.5871976743341498
2020-10-09,1.6326070361233476,1.6217256675677485,1.6000757839493225
2020-10-12,1.6543909521267788,1.631673657815468,1.6080290887669701
2020-10-13,1.6505214895149165,1.6283796458863589,1.604559619915357
2020-10-14,1.6440078105463714,1.6248402649888976,1.6013336203071256
2020-10-15,1.6416469838759156,1.6232814166087253,1.599826157431758
2020-10-16,1.6462815404966336,1.6272656960299519,1.6038557958387962
2020-10-19,1.6431673459358491,1.626658557287441,1.603711841220152
2020-10-20,1.6453813739766459,1.6266040052343727,1.6033830136941998
2020-10-21,1.6479377295697204,1.6295441719061743,1.6060471323618188
2020-10-22,1.6453148951340646,1.6293452235189234,1.6063244582599132
2020-10-23,1.6333438624949557,1.6221200432946883,1.5997569518927184
2020-10-26,1.628817138025245,1.6193148577190473,1.59753236314696
2020-10-27,1.6335222135874343,1.6228534716579746,1.6009173078769992
2020-10-28,1.635186713288084,1.623666127445584,1.6014573614293899
2020-10-29,1.6327817930686377,1.6221626282740012,1.5996172262494261
2020-10-30,1.6179087893499438,1.614816031161462,1.5936800218474663
2020-11-02,1.623313496305259,1.6190496620756145,1.5973756451375778
2020-11-03,1.634792367900871,1.6249499667549574,1.60237690812681
2020-11-04,1.6390383475667167,1.627789626721696,1.6049689416765256
2020-11-05,1.6502148907372463,1.6334258824528005,1.6100470200752954
2020-11-06,1.6502176564828044,1.6326726613372295,1.609187849339864
2020-11-09,1.6600159721194874,1.6358160042068863,1.6108678450430618
2020-11-10,1.6544733789151174,1.633694709775568,1.6088422398215696
2020-11-11,1.6603076507804193,1.638710147570186,1.6136769095250567
2020-11-12,1.6598752827429244,1.6381366981734453,1.6128315032355962
2020-11-13,1.6571601109048508,1.6354931305985385,1.6102150542711091
2020-11-16,1.671438858322841,1.644567742165809,1.61768983930288
2020-11-17,1.667938621580659,1.6427511982308989,1.6162531442249233
2020-11-18,1.6686596332526074,1.6421765314870145,1.6152641690732847
2020-11-19,1.6693062708770383,1.6413377076567484,1.6143140308126838
2020-11-20,1.6780747276850456,1.645995328413538,1.6182487271798665
2020-11-23,1.6888882409254748,1.653455021857236,1.6251519858772279
2020-11-24,1.6833699021172983,1.650985712752238,1.6226890685115427
2020-11-25,1.6729747469797516,1.647240295938454,1.6199587931792832
2020-11-26,1.6732697428155372,1.6476623977175981,1.6202453179459118
2020-11-27,1.6811401040519256,1.6520338910961823,1.6235350070310384
2020-11-30,1.6816711832588782,1.6555092954989599,1.6269263235075289
2020-12-01,1.6835715638535345,1.6543493061167833,1.625384244995689
2020-12-02,1.6849223134542233,1.6537108829178218,1.624592145976873
2020-12-03,1.678956882592974,1.6494021392533869,1.620817756983946
2020-12-04,1.6890330834609848,1.658239856074241,1.6294600895912155
2020-12-07,1.6847542879982595,1.6566748006993093,1.6284062828642227
2020-12-08,1.6873488397483252,1.6598645793121525,1.6317337046192697
2020-12-09,1.6821179003804851,1.6590625390676066,1.6315235773990864
2020-12-10,1.6864770980411716,1.6633223427296278,1.6357797729693546
2020-12-11,1.6836461654621193,1.6623482749175953,1.634824590128752
2020-12-14,1.6854182519575243,1.6623025485043375,1.6346386000675697
2020-12-15,1.6892723378564842,1.6649534070919325,1.6372388507803
2020-12-16,1.6907878803006429,1.6659212664098182,1.6383371457625684
2020-12-17,1.700451392565948,1.670415027320581,1.6420856336906713
2020-12-18,1.709261855274345,1.6766974600373368,1.6481809590522816
2020-12-21,1.722194451818302,1.6838002276694841,1.6551559804515252
2020-12-22,1.7009572043441992,1.67382776011027,1.6468822822855906
2020-12-23,1.7022875240189808,1.6743634983127023,1.647222813978417
2020-12-24,1.7005092935360056,1.6732506113528964,1.6462130714754468
2020-12-25,1.708286577640639,1.6791123133981263,1.6516232367884682
2020-12-28,1.7039738682489656,1.676768900967222,1.6495023406414002
2020-12-29,1.6949169970456257,1.672673258626377,1.6459094538629622
2020-12-30,1.7049777881193693,1.679930615516827,1.6529628949094324
2020-12-31,1.7204727347591298,1.687251703623198,1.6598045295473698
2021-01-04,1.7301860081513014,1.689557106133919,1.6615176116693113
2021-01-05,1.7375496804660835,1.6949489337101407,1.6664962515818182
2021-01-06,1.743362743603313,1.6997089103929077,1.6709550994977023
2021-01-07,1.74867610675248,1.7030985632162223,1.673858060418289
2021-01-08,1.7453486651257446,1.7010110533683365,1.6718601452571331
2021-01-11,1.731319307164548,1.6944992665315366,1.6665140215250898
2021-01-12,1.7448904790491786,1.7014494765867256,1.6724676089409238
2021-01-13,1.7515405865183487,1.7076754080054413,1.6791610373105157
2021-01-14,1.7422864266741942,1.7043899563347522,1.6764765332123512
2021-01-15,1.7441963818568713,1.7047355351710736,1.6766041113767018
2021-01-18,1.7481263495052095,1.7040642337791991,1.67502017384197
2021-01-19,1.7415136516635508,1.7007815973090887,1.6720884063834274
2021-01-20,1.735913721869732,1.699272851810256,1.6706200777354594
2021-01-21,1.7471577726474004,1.7053484410856474,1.6760427398390518
2021-01-22,1.735401368794857,1.7012442293560444,1.6725692918531778
2021-01-25,1.732549636380354,1.7000353111046969,1.6712444274007545
2021-01-26,1.7206267629864629,1.6910705962468984,1.6630081956328309
2021-01-27,1.7266231205461615,1.6945274301057538,1.666449598046224
2021-01-28,1.7084469446136434,1.6851891521729578,1.6583997431803745
2021-01-29,1.7061495601227685,1.6835984530313213,1.657158959770972
2021-02-01,1.717130821765973,1.6909583774393322,1.6640069870954042
2021-02-02,1.7117213634673647,1.6888784528481025,1.6617625995337129
2021-02-03,1.702393112305423,1.6828740393086499,1.6560969474601046
2021-02-04,1.705635772142001,1.6843008106484088,1.6577609584089543
2021-02-05,1.7061679790637312,1.6829263879318772,1.6561292950318989
2021-02-08,1.7106019941134203,1.68449472900789,1.6570513955661095
2021-02-09,1.7305350098373176,1.6938948997401986,1.665620512210704
2021-02-10,1.7358758250525992,1.6969976900763326,1.668017381957565
2021-02-18,1.7505139232850702,1.702462252638602,1.6720734613576707
2021-02-19,1.760734503708401,1.7087236330947861,1.6773357192996847
2021-02-22,1.7743196926764893,1.7150007905940323,1.68321891574167
2021-02-23,1.7758876281001044,1.7160365370622706,1.6850888642067536
2021-02-24,1.7681976870464264,1.7135737015832657,1.6833059655548501
2021-02-25,1.7847318113846007,1.7215727674543289,1.6899476055534686
2021-02-26,1.7506349911918988,1.7051048101104846,1.6746881538789937
2021-03-01,1.7613269071880753,1.7107095656024611,1.679652444705475
2021-03-02,1.7451441655481197,1.7065648773834339,1.6763252884700994
2021-03-03,1.763903581173178,1.7136320800401337,1.6823167193627342
2021-03-04,1.7449263963206365,1.7065299940268923,1.6760120515266403
2021-03-05,1.7409783953582292,1.7066866139280268,1.6765316750448587
2021-03-08,1.736397302283226,1.7065429749750398,1.67677600933977
2021-03-09,1.71518427618907,1.6973789754235435,1.668633814013568
2021-03-10,1.703114248418867,1.693339175165968,1.6653373523618746
2021-03-11,1.7236428868754483,1.7016555473438237,1.6721630925367883
2021-03-12,1.7236175597611378,1.7015719975844896,1.6718794153008532
2021-03-15,1.7223580153120512,1.700839635302878,1.6711089032191402
2021-03-16,1.7250566818371322,1.7019676335948868,1.6721855044132774
2021-03-17,1.7337841688820652,1.7062402261638123,1.6760514540119174
2021-03-18,1.7346656688002204,1.705751028457479,1.675509088758121
2021-03-19,1.7199619438581542,1.7009588622145795,1.6716310138055028
2021-03-22,1.7340352962185346,1.7081785232035804,1.6780856086801268
2021-03-23,1.7280617121989628,1.7057210223946866,1.675961325308969
2021-03-24,1.7207345279015354,1.7046212273491221,1.6754922280414875
2021-03-25,1.7189736499120358,1.7039859408049731,1.675053178442003
2021-03-26,1.7351977144747648,1.709699977060479,1.6798677106267386
2021-03-29,1.7407035351768325,1.7123738032991074,1.6819526815554449
2021-03-30,1.7406643395400088,1.7129000778226509,1.6824981601967188
2021-03-31,1.732954787916989,1.71221352846652,1.6822871165250266
2021-04-01,1.7496458711733247,1.7159376861878115,1.685230784889397
2021-04-02,1.7578544736214434,1.7187106144420825,1.6875916698017188
2021-04-06,1.7596499698670758,1.7187873253281472,1.6875329490724809
2021-04-07,1.7597331088032426,1.7189270873463272,1.68767116144696
2021-04-08,1.7572072682244948,1.7170719917706447,1.685860651507681
2021-04-09,1.753277431674389,1.7170428968356013,1.6860699821673852
2021-04-12,1.7376825575138157,1.7144346921972369,1.684374522468198
2021-04-13,1.7376413931811616,1.7177603502975056,1.6878773099171833
2021-04-14,1.7476275084088797,1.7220212702332154,1.6916192284008327
2021-04-15,1.7564196206804106,1.7245586411101914,1.6935885477928785
2021-04-16,1.7702307702495146,1.7323930509308445,1.7008740815631616
2021-04-19,1.7822232000628848,1.7369524481931384,1.7047655017770553
2021-04-20,1.7814316213496417,1.7381175939931073,1.7060754360893424
2021-04-21,1.7812717368002629,1.7383247219993723,1.7063290974560692
2021-04-22,1.7871147870711006,1.7393816327543246,1.707098017076151
2021-04-23,1.789384014740558,1.7410394172142953,1.70889809820392
2021-04-26,1.7870249481495941,1.737434965138132,1.7053385366048361
2021-04-27,1.7949737684094955,1.7388137269113964,1.7062879848079096
2021-04-28,1.7926747746358123,1.7367461173171723,1.704059074791555
2021-04-29,1.8022475165182446,1.74151586894028,1.7083038869490599
2021-04-30,1.7950175173687757,1.7409232210676575,1.7082356513819417
2021-05-06,1.8180219028773192,1.7518020370094753,1.7182353266048853
2021-05-07,1.8261327759667256,1.7549252876918267,1.7209136557427087
2021-05-10,1.837607986224102,1.7604543827470718,1.7257762484359416
2021-05-11,1.832590994731336,1.7598153588598304,1.7257049450565591
2021-05-12,1.8571371349616037,1.7698203661355756,1.734717566644589
2021-05-13,1.8340622836016929,1.7598958635067723,1.7257651861320356
2021-05-14,1.8301287662659458,1.7592105718104705,1.7250401528893533
2021-05-17,1.8365192720832344,1.7613584750122278,1.7266892917236525
2021-05-18,1.8468522948835857,1.76546439698812,1.7302170050776395
2021-05-19,1.8361148688698137,1.7636938463664005,1.7291075182705482
2021-05-20,1.824684939999969,1.7613978776120487,1.7273998008803308
2021-05-21,1.8133985593069344,1.7614415254408797,1.728049740055028
2021-05-24,1.8172904810706914,1.7627616885912325,1.7292418257396296
2021-05-25,1.8326600923300846,1.7682532995277054,1.733797080069405
2021-05-26,1.836218022314634,1.771589047809631,1.7369846975356253
2021-05-27,1.836976326919127,1.770061598613852,1.7351235748942482
2021-05-28,1.8436171835804356,1.772697962548065,1.737417310844594
2021-05-31,1.8559236203728084,1.7781644284338318,1.7422120208174452
2021-06-01,1.8625457229123643,1.781297337865658,1.7451713481850943
2021-06-02,1.856218262669107,1.7786542987668532,1.7429365340155711
2021-06-03,1.8556496863113876,1.7777052751853257,1.7421675947969308
2021-06-04,1.8426949893923878,1.7715511688309966,1.736397102486907
2021-06-07,1.8463055864544031,1.769656115293164,1.7341879980764938
2021-06-08,1.8455623922304536,1.7692214285617756,1.7338628953131416
2021-06-09,1.848784741236552,1.7691562257980238,1.7337145020157758
2021-06-10,1.8508307233497758,1.770838815608735,1.7352124850505553
2021-06-11,1.8552563840415683,1.7692238618805103,1.7335022346049902
2021-06-15,1.8356287170189018,1.7605332750240694,1.725773935891394
2021-06-16,1.8239395657411224,1.7569674662560388,1.7229007531068792
2021-06-17,1.8247903085037687,1.7540316783018077,1.7199029895007982
2021-06-18,1.8100471755129304,1.7507130659848413,1.7171847616069702
2021-06-21,1.8160241510670019,1.7560446044841125,1.7222370261821365
2021-06-22,1.8261816877938952,1.7594859127103133,1.7252853261923047
2021-06-23,1.8367447892758484,1.7637383957818311,1.7290452488567203
2021-06-24,1.835423920951947,1.763401581691389,1.7288489692335882
2021-06-25,1.8445572942907937,1.7668795462867741,1.7320073256614756
2021-06-28,1.8394422401219406,1.7642870933713501,1.7294217751024357
2021-06-29,1.8323781154187948,1.7629864880966228,1.728451473698082
2021-06-30,1.840134977415026,1.7670025197892336,1.7321725442268778
2021-07-01,1.847091152824317,1.7695349888464442,1.734240342345456
2021-07-02,1.8431246804258692,1.7669539008505553,1.7317733364835135
2021-07-05,1.8549522477891598,1.7717194201098316,1.736543367353777
2021-07-06,1.8579222291833617,1.7729207134769986,1.737582361367087
2021-07-07,1.8541468931269427,1.7747919739877693,1.7397152166629315
2021-07-08,1.8498768180146379,1.7776436863487242,1.7428717389339374
2021-07-09,1.8567587337945668,1.7814366452353587,1.7465283139875596
2021-07-12,1.8668357496243708,1.7872231235652003,1.7524070009786803
2021-07-13,1.878863353148654,1.7953068845034763,1.7603267117179902
2021-07-14,1.8796160104991806,1.7972605545102898,1.7622518602058885
2021-07-15,1.8783660046945503,1.793049552566016,1.757766590314526
2021-07-16,1.8843549663848222,1.7958773136206165,1.7605159930711578
2021-07-19,1.8895970855327324,1.79675845760558,1.7613432878397828
2021-07-20,1.8872236565405398,1.7984202034612475,1.763162634255563
2021-07-21,1.8906560751757024,1.8009605459833546,1.7658580032659412
2021-07-22,1.8923804313052042,1.8014623344699554,1.7664037573249232
2021-07-23,1.8905573984606139,1.8013250621132662,1.7662077945892243
2021-07-26,1.8727490458742682,1.7965969909821784,1.7619414104471345
2021-07-27,1.8537823184695996,1.7867185180625373,1.7523605144663013
2021-07-28,1.8552397509718195,1.7871428805934675,1.7526689983919341
2021-07-29,1.8757995457878363,1.7947132612790757,1.7600250806490145
2021-07-30,1.8839310637476128,1.8013125930873444,1.7666255627724192
2021-08-02,1.8855072901938477,1.8048079954407612,1.7700983997259228
2021-08-03,1.8715997939629574,1.8006962762361318,1.766674904134281
2021-08-04,1.8813078794832896,1.8028609874959955,1.7683729620412503
2021-08-05,1.8723306758752012,1.8025885100809758,1.7681868456592935
2021-08-06,1.879237790896248,1.8048565159862562,1.7702603412670357
2021-08-09,1.8770042200315415,1.7987300202211003,1.7640802142940457
2021-08-10,1.8857473590959177,1.8001552902168063,1.7652070750036795
2021-08-11,1.892299332634136,1.8001730956891149,1.7646888790130446
2021-08-12,1.8928759444034062,1.8032388872791547,1.7677126047565999
2021-08-13,1.8956720651944834,1.8042150419921306,1.7686878257093823
2021-08-16,1.8958751088854813,1.8040071757445706,1.7684567166737575
2021-08-17,1.8856811988407165,1.8018874855523397,1.7667557042485584
2021-08-18,1.887582439218069,1.8055994785460585,1.7703368695451438
2021-08-19,1.876617061057041,1.8025816403853518,1.7676771864444638
2021-08-20,1.8729747048665093,1.8014125279291155,1.7665911516062078
2021-08-23,1.8897634327527955,1.8060308284452797,1.770647249338547
2021-08-24,1.8982150991078697,1.809913417743852,1.7743459571152709
2021-08-25,1.9062031573689027,1.8134916156565246,1.7775572843353609
2021-08-26,1.8941800882580095,1.8054289717667984,1.7697123303837268
2021-08-27,1.9000041883984162,1.809181006165058,1.7732603937608225
2021-08-30,1.9084871925556568,1.8134144352062653,1.7771738454362063
2021-08-31,1.9145182359162707,1.816339008951566,1.7797098211897078
2021-09-01,1.9105700062459734,1.8172174214132033,1.7804221638815274
2021-09-02,1.9222208069054982,1.821889766788096,1.7848488966185412
2021-09-03,1.9184214261751855,1.8202715507634266,1.783300566399419
2021-09-06,1.933242340896642,1.8258771315269318,1.7885461972857994
2021-09-07,1.9509911399375106,1.8315523204138404,1.7939617170773186
2021-09-08,1.9469438515507378,1.8296478251094277,1.7920298814692341
2021-09-09,1.9554697235241185,1.833820740567788,1.7958659160216506
2021-09-10,1.9575049071750537,1.8347142157601466,1.7968314521481654
2021-09-13,1.9694947260303661,1.8394239324294857,1.8012054052533313
2021-09-14,1.957720897226327,1.8327016282944115,1.794922733372048
2021-09-15,1.9597060016760606,1.8323453614430498,1.794491884029043
2021-09-16,1.950765727840973,1.8289822162056546,1.7912807428210682
2021-09-17,1.9481874398111043,1.8284677697821685,1.7907892214833954
2021-09-22,1.966854093239382,1.838128376092591,1.7998562664219475
2021-09-23,1.979510425819704,1.8420548195605149,1.8033066983703634
2021-09-24,1.9606852442136034,1.8331670367536461,1.794729991479644
2021-09-27,1.9581330603077187,1.8307807077516078,1.7923967859165195
2021-09-28,1.971463456193452,1.8350000193400664,1.796084933195012
2021-09-29,1.9508425825737419,1.827861833751903,1.7893884027320481
2021-09-30,1.9677265196967768,1.8339358216322659,1.7949600944804578
2021-10-08,1.9637287605487561,1.8303177826214916,1.7914265489171686
2021-10-11,1.9817817765299155,1.8330042685501877,1.793784710752132
2021-10-12,1.9765713405291363,1.829230227944695,1.7899968494249627
2021-10-13,1.9749028870694207,1.8283192084619073,1.789062192497762
2021-10-14,1.9878314402018866,1.83397136430886,1.794642813121826
2021-10-15,1.9991015229763731,1.8360581176501278,1.796573183659991
2021-10-18,2.0176516963036284,1.8351038811291582,1.795391082790071
2021-10-19,2.0419100811729853,1.8426980740511618,1.8023449193918064
2021-10-20,2.0006108195640717,1.8310289130241604,1.791559397779237
2021-10-21,1.9854189450797215,1.829181626957411,1.7900118807377048
2021-10-22,1.9649380025528962,1.8232976959969909,1.7846845539660323
2021-10-25,1.970795729041457,1.824310775607016,1.7856627734364063
2021-10-26,1.965003703526271,1.8236281084913468,1.7850844251167717
2021-10-27,1.9378049401285273,1.8156446540306697,1.7775468351555486
2021-10-28,1.9158071043521592,1.8104867061207492,1.7727578938541844
2021-10-29,1.9189835833839426,1.812896666894469,1.7750102727832617
2021-11-01,1.920939437889801,1.814371967882885,1.7763783746470538
2021-11-02,1.9117571347955082,1.814053743691981,1.7762852305709735
2021-11-03,1.922575902899379,1.8172359421337443,1.7793363833048705
2021-11-04,1.9192653499842252,1.8167114907199664,1.7787699323119874
2021-11-05,1.8966201345566658,1.8131829218639135,1.775256159415666
2021-11-08,1.899892285282422,1.8171728652518582,1.7791561467966126
2021-11-09,1.89937674535682,1.8173404320227236,1.7792703631219013
2021-11-10,1.8977074648674754,1.8166208550173655,1.7786695937296984
2021-11-11,1.9183249280067989,1.8228357979950858,1.7845456022855923
2021-11-12,1.9157708152852173,1.8230236718415809,1.7847213271112792
2021-11-15,1.9067431328175737,1.8228453701494112,1.7845393813723207
2021-11-16,1.9041398574723432,1.8238094759825119,1.7855884567576668
2021-11-17,1.906252222172186,1.8229484724755245,1.7847590342863864
2021-11-18,1.9039581292049133,1.824245163940254,1.7861839942866926
2021-11-19,1.9195537042452602,1.8283796220681878,1.7900641974557332
2021-11-22,1.9230857544256417,1.8293090019817209,1.790957834885702
2021-11-23,1.9277369015454087,1.8296316118955103,1.7913188607154729
2021-11-24,1.9363704859518636,1.8321318259991137,1.7937179356569313
2021-11-25,1.9361491840370548,1.8324133118914832,1.7939798962092903
2021-11-26,1.921555569613358,1.8314535010880246,1.7931570087508903
2021-11-29,1.9180944241775493,1.830169954603262,1.7919633791251528
2021-11-30,1.9109558332840277,1.826579450378351,1.7884146706355508
2021-12-01,1.9184218142804208,1.8274556892796685,1.7890383480207868
2021-12-02,1.9122474728382997,1.8256825286458345,1.7872282472940537
2021-12-03,1.9247994000294577,1.8288609544140342,1.7899390498177994
2021-12-06,1.917185170373714,1.8307000520401264,1.7920813424477093
2021-12-07,1.920121206197406,1.8296432863442391,1.7907165953798785
2021-12-08,1.9259165750484586,1.8323792058542123,1.7931228403730863
2021-12-09,1.9339710783396662,1.8352397753191034,1.7956167094182502
2021-12-10,1.9371560170067539,1.8374464695326125,1.7978107882904104
2021-12-13,1.9412295392486287,1.8362539856774265,1.7967145505649775
2021-12-14,1.9319521705502685,1.8354940838762805,1.7962494393079393
2021-12-15,1.9282503491298313,1.8332832447439193,1.794085896437807
2021-12-16,1.9414102365436947,1.8372250880531849,1.7978022334743924
2021-12-17,1.9459568528411963,1.839555807354604,1.8003449829297127
2021-12-20,1.927282930284586,1.8329778435034212,1.7942601684384683
2021-12-21,1.937186464218636,1.8358634909780833,1.7966747102175502
2021-12-22,1.9421224591163715,1.8387819271455388,1.79951443789281
2021-12-23,1.9564035970860203,1.8466350639689262,1.8071361093917107
2021-12-24,1.952670314781068,1.8449291659608897,1.8056603096239783
2021-12-27,1.948483539911038,1.8455086021135858,1.8062391798125708
2021-12-28,1.9556690610176248,1.8486990839148105,1.8093377608863759
2021-12-29,1.949824146224688,1.8465991927917444,1.8075105933064648
2021-12-30,1.955127894062024,1.85072114562795,1.8113573952894662
2021-12-31,1.9586405218746181,1.8516742507122481,1.8122269644714815
2022-01-04,1.963504038259579,1.8532878963575385,1.813752926586382
2022-01-05,1.9642046784535154,1.8521533984660754,1.8127507525969848
2022-01-06,1.956677116781599,1.846895881459636,1.807603791461341
2022-01-07,1.9642257305496573,1.847932826027078,1.80850655321431
2022-01-10,1.9672585856188975,1.8505481591264255,1.8109934171020805
2022-01-11,1.9654317607267944,1.8509458387005913,1.8115535768276696
2022-01-12,1.9789008077731938,1.855862518496446,1.8160791416864934
2022-01-13,1.9751383357713603,1.855866097945317,1.816319482609188
2022-01-14,1.973728024381418,1.8545823600723252,1.8153372338463254
2022-01-17,1.9746235423785117,1.8552965348488677,1.8159316085495034
2022-01-18,1.9828657507572034,1.8598051252812817,1.820164972341822
2022-01-19,1.9887195898892767,1.8657489784759078,1.826043516836127
2022-01-20,1.9962523012104707,1.8680023406429758,1.8281491717332363
2022-01-21,1.9899192451917123,1.8689857106319965,1.8293967189536255
2022-01-24,1.9894574356493762,1.8720362342982033,1.8324474780122084
2022-01-25,1.9628912860898011,1.86402416875601,1.825448898258571
2022-01-26,1.9738673096783463,1.8614857169733559,1.8226047823866969
2022-01-27,1.9670858381539167,1.8568589622931149,1.8182078781260904
2022-01-28,1.9648605388133873,1.8560849565857584,1.8175907740806607
2022-02-07,2.011607194360717,1.8732465571261254,1.8339996785405104
2022-02-08,2.0212255304868405,1.8780714175613105,1.8384897888523746
2022-02-09,2.0252017768954738,1.8803036904591963,1.8403168565572157
2022-02-10,2.0394119081330806,1.8858881370623584,1.8454186100602088
2022-02-11,2.012768492280305,1.8714125694692647,1.8314015796924257
2022-02-14,2.0107980066952313,1.8694677777613329,1.8299643065345055
2022-02-15,2.013422193676181,1.8715702054480574,1.8318803310991598
2022-02-16,2.0134397034136025,1.8710947424061677,1.8310510259083124
2022-02-17,2.0148148405718507,1.8745386704793876,1.8344014475890615
2022-02-18,2.0302989833977834,1.8795979472183797,1.838871343752692
2022-02-21,2.0308518491488003,1.8762651677858821,1.83558266449648
2022-02-22,2.034778889050978,1.8769489969488402,1.8365989878787718
2022-02-23,2.0424104304298605,1.8808455766852687,1.8401617947007953
2022-02-24,2.050268053315963,1.8870625906649654,1.847074561834273
2022-02-25,2.0312960906746502,1.879574402317426,1.8396265548770907
2022-02-28,2.032774849343182,1.880280306348949,1.8402519981014402
2022-03-01,2.042894692401159,1.8805989882368028,1.840509826922537
2022-03-02,2.0550092705890424,1.8849138274662947,1.8449157298317924
2022-03-03,2.0656942669775473,1.885783446958036,1.8455869376279876
2022-03-04,2.0518265008569854,1.8812709494500899,1.8412807519749381
2022-03-07,2.085643644647628,1.8948550126177826,1.8548403646008402
2022-03-08,2.083211879540224,1.8986069791822109,1.8581940612081644
2022-03-09,2.078182544949972,1.8925714348208174,1.853129407624498
2022-03-10,2.0472605562132498,1.8805306237127848,1.8413944330703107
2022-03-11,2.0580005971317403,1.8874013269363186,1.8481104440855902
2022-03-14,2.032373313345872,1.8827263413513848,1.8440020204476437
2022-03-15,1.975483954771389,1.856212949015781,1.8182556831051444
2022-03-16,2.0077278163283423,1.8674013653709889,1.8283389641668533
2022-03-17,2.017568259010945,1.8717696352495847,1.8326832267729598
2022-03-18,2.0471219387270945,1.8841304789375244,1.8445955807760301
2022-03-21,2.0458991254482846,1.8817700095070842,1.842366533878745
2022-03-22,2.059401699977629,1.8859172245095746,1.8467088467709418
2022-03-23,2.0610966380571276,1.8868174879599169,1.8473871081874336
2022-03-24,2.068669774951773,1.8926309680757871,1.8527069455905316
2022-03-25,2.0717949398713777,1.8952229343052316,1.85541773774698
2022-03-28,2.059157079723444,1.8912225435641032,1.8516211079510778
2022-03-29,2.0487229223167356,1.8876010524204339,1.8480565020819377
2022-03-30,2.0575386152789608,1.8923835835064837,1.8522418481875471
2022-03-31,2.0508909688449624,1.8894507503921503,1.8496858758090577
2022-04-01,2.040674724448834,1.8863398197825445,1.8462845388819404
2022-04-06,2.0522831604744995,1.8916783072149466,1.8514474186830234
2022-04-07,2.0331574591190966,1.8880052471833133,1.8482372054095793
2022-04-08,2.0397181298549505,1.8925240037911983,1.8526793853669765
2022-04-11,2.021374765807071,1.8864577316613493,1.8473333820363402
2022-04-12,2.0322714152058747,1.890366458638701,1.8508966520555958
2022-04-13,2.027717452303769,1.8896414076343928,1.8503269148758266
2022-04-14,2.040045048617094,1.8947038162406398,1.8550956016970337
2022-04-15,2.038894530656925,1.8936508574404036,1.854103038003716
2022-04-18,2.041639064484868,1.8914513431493019,1.8519029498122623
2022-04-19,2.0499486831584783,1.893524381796231,1.853975556515015
2022-04-20,2.033039186890942,1.887357376845891,1.8483968134071034
2022-04-21,2.024654510057955,1.888099899091833,1.8496350968086932
2022-04-22,2.021099054233191,1.8870146013347033,1.848494547457272
2022-04-25,1.9552123494216882,1.8683218966018433,1.831313579675729
2022-04-26,1.9536657413640466,1.8685963454159842,1.8318118092488673
2022-04-27,1.971010417300084,1.8726519166749431,1.8353302602573032
2022-04-28,1.9789460237556222,1.8737612451616568,1.8363804471202874
2022-04-29,2.0076144565621754,1.8845786923119299,1.8463738811749975
2022-05-05,2.0091512549448365,1.8840091869993232,1.84573365941832
2022-05-06,1.9853006107411635,1.8765874204635566,1.839406899673101
2022-05-09,1.976483798967631,1.8760567172067721,1.8393278978637444
2022-05-10,1.9775564872142983,1.8776795479174813,1.8410152870225707
2022-05-11,1.98620681929558,1.8780336359000687,1.8409137710897596
2022-05-12,1.9887026084110897,1.8802267534480177,1.84316900816109
2022-05-13,2.0073891298965427,1.8846080600518051,1.8468170823878878
2022-05-16,2.0115079461656986,1.8847401658978253,1.8469104068073436
2022-05-17,2.0139402387538006,1.8861181946083394,1.8482006382292184
2022-05-18,2.0023662016726553,1.882832726498612,1.8454904385441302
2022-05-19,2.011514186675589,1.8856423354171126,1.8478283036441332
2022-05-20,2.0276524915462812,1.8904630291985198,1.8519564183721813
2022-05-23,2.031516018986851,1.8927944303638986,1.8543147136638978
2022-05-24,2.0024937965189324,1.8872659121277076,1.8500384959362968
2022-05-25,2.0150607615167173,1.8925157409288322,1.8548140405170328
2022-05-26,2.0223683162023347,1.899179504712904,1.861403548165788
2022-05-27,2.0337997630334845,1.9027491427301482,1.8645420159993988
2022-05-30,2.038408120794577,1.9014022918540285,1.862765419723676
2022-05-31,2.0465228007425087,1.8998216344686847,1.8606803616534908
2022-06-01,2.037875005952126,1.8970564635421714,1.858206967458706
2022-06-02,2.0417171233093807,1.897862913016522,1.8589118795417938
2022-06-06,2.0611835464343766,1.9012068700255296,1.8613026621633535
2022-06-07,2.0623786985168797,1.900911860050398,1.8608639241407765
2022-06-08,2.081145464441843,1.9066923555536013,1.8658510950201976
2022-06-09,2.073207668237165,1.9067095941866081,1.8662773573616693
2022-06-10,2.083322211330457,1.9085533888642716,1.867682576301016
2022-06-13,2.0701390189002526,1.906499038852754,1.8664427080197397
2022-06-14,2.0656667920128196,1.9028411001540273,1.8627309901559455
2022-06-15,2.0593511960246373,1.9008713103329236,1.8608648762638702
2022-06-16,2.055788108846085,1.8999033199805235,1.8602181679512477
2022-06-17,2.0604608399769075,1.902029593110202,1.8622572950158793
2022-06-20,2.051235117553252,1.8980198508967427,1.8585696993609346
2022-06-21,2.0477569508568285,1.897129578464929,1.8577341368034634
2022-06-22,2.026786706317619,1.8924818716039322,1.854105485479253
2022-06-23,2.0268532487687665,1.8916505883629526,1.8530492157354692
2022-06-24,2.0072567887513983,1.8854215461522712,1.847616070598065
2022-06-27,2.0244632425746185,1.886381360624763,1.8476026219416537
2022-06-28,2.041738697772487,1.8907571702653208,1.8511865831834973
2022-06-29,2.023549324799896,1.8860887234631554,1.8473217398883843
2022-06-30,2.0322075145788423,1.8902646816278361,1.851143275899146
2022-07-01,2.01542879639156,1.8859751610328865,1.8474549197402124
2022-07-04,2.01768593863375,1.8842334682214792,1.8454414164925312
2022-07-05,2.0134946117637913,1.8831631765294745,1.8445382141179059
2022-07-06,1.984243268531233,1.875964911771583,1.838585911093562
2022-07-07,1.989669591890201,1.8771809747569466,1.8396075915833467
2022-07-08,1.989530061043925,1.875685973867684,1.838057967296144
2022-07-11,1.9830878685929536,1.8755422404345736,1.8385051233214624
2022-07-12,1.9715012930497462,1.874071967110579,1.8375488143857177
2022-07-13,1.9610135941929476,1.8725878557814424,1.8364047273135569
2022-07-14,1.9556347051212006,1.8722392232131138,1.8365644037208009
2022-07-15,1.9300957641912246,1.8674101163483057,1.8329025070587388
2022-07-18,1.9636943797642508,1.875364088959827,1.8394674312690127
2022-07-19,1.9529801204796224,1.872729256851267,1.8372302495973558
2022-07-20,1.9611803321083072,1.8757366655712422,1.8398172859252648
2022-07-21,1.9538539084155297,1.874540824110956,1.8390769292837559
2022-07-22,1.9546180300798133,1.8749302027910975,1.839329625113319
2022-07-25,1.9534848911226261,1.8757212326028303,1.8402715199872541
2022-07-26,1.9821661697632693,1.8844118699636132,1.8479560882215746
2022-07-27,1.9792604899065058,1.8838645369999545,1.8476263622868205
2022-07-28,1.9963689763719008,1.8877881794421851,1.8508994638960417
2022-07-29,1.996656422470599,1.8933310205924532,1.8568301789257284
2022-08-01,2.002010166058782,1.897209792080943,1.8606120121133638
2022-08-02,1.983420182180858,1.8941935639032899,1.8585977314986115
2022-08-03,1.9757286275881647,1.8917602241295133,1.8566490776457223
2022-08-04,1.9699389428545397,1.8923936894348659,1.8574834193032086
2022-08-05,1.9930452632949138,1.8975473515472998,1.8615916773258343
2022-08-08,1.9976713300740394,1.8968102124757378,1.8605499156567347
2022-08-09,1.9993160894513602,1.8966733585877886,1.8602486486375795
2022-08-10,1.9955163661269844,1.897372766928138,1.8612832676699604
2022-08-11,2.0119039337977505,1.9003275552251886,1.8633417857352454
2022-08-12,2.0182193436639833,1.9012982389405868,1.8639854627990946
2022-08-15,2.0141536333543146,1.9093821865952147,1.8726850575570582
2022-08-16,2.0127052561288235,1.9121566154456289,1.8756853517681085
2022-08-17,2.0103191435075773,1.911995410278013,1.8755619096069085
2022-08-18,2.0037553362161074,1.9131019136673995,1.8772403765638503
2022-08-19,2.0031040599687353,1.917182766006182,1.8816478318863523
2022-08-22,2.014018342962204,1.920072183104844,1.8841104340841333
2022-08-23,2.0300402988039195,1.9229889885112876,1.8864453432060042
2022-08-24,2.0234073448422447,1.9212623092268986,1.8851836666028248
2022-08-25,2.025764559169979,1.9196270428673274,1.883017152582183
2022-08-26,2.0225299683968925,1.9174226280930382,1.8808373661674167
2022-08-29,2.0151220603863775,1.9175078778189347,1.8814148863096547
2022-08-30,2.0127302134881297,1.9192226161305215,1.8832895497940851
2022-08-31,2.0048814883853856,1.9169003017749802,1.8813564393944342
2022-09-01,1.9962541400117206,1.916619921771732,1.8816148771973515
2022-09-02,1.991824128255839,1.9174676036253218,1.8827365428892398
2022-09-05,2.0139323924002817,1.9234163429194868,1.8877017386045496
2022-09-06,2.025306730007462,1.9265156270095034,1.8902846267148878
2022-09-07,2.0201024037121407,1.9252822419347215,1.889287300772743
2022-09-08,2.0222013200709634,1.9255951028203695,1.8894418293834414
2022-09-09,2.041760587329051,1.9298148122003735,1.8926343921907973
2022-09-13,2.0566069228975694,1.9328415155685825,1.895060496195737
2022-09-14,2.042451989211076,1.927276955349307,1.890165770309146
2022-09-15,2.032393082596595,1.9254486245652525,1.8886783752408582
2022-09-16,2.0123229135962775,1.9175088880316071,1.8818296295037615
2022-09-19,2.0071683631436636,1.9176883695409939,1.8821926001740552
2022-09-20,2.012071348120649,1.9212827784497788,1.885741753392954
2022-09-21,2.021076154533045,1.9243739739667087,1.8884824482802929
2022-09-22,2.019881245031023,1.9239517758077118,1.8882518846000211
2022-09-23,2.0053992657645345,1.9182242729100214,1.8829503941233703
2022-09-26,1.9813379779515716,1.90535521194728,1.870913197029483
2022-09-27,1.9968488300913814,1.9095159915383044,1.8743906415336251
2022-09-28,1.9825786392210207,1.9056449950521912,1.8710309584251756
2022-09-29,1.9943224912682298,1.904519207687663,1.86923781169918
2022-09-30,1.9877405196992177,1.9029159731900838,1.8678205654184452
2022-10-10,1.9918833971012402,1.9070617347553047,1.8719355022637922
2022-10-11,1.9858724019159382,1.905035931899732,1.869794106853461
2022-10-12,1.997988652235153,1.909428265699322,1.8739813238576373
2022-10-13,1.9943090579807021,1.9091573752902615,1.8738819092046548
2022-10-14,2.018121549651644,1.9200647134139301,1.8844554864965106
2022-10-17,2.0055370627241533,1.9153608001051392,1.8797233730708416
2022-10-18,2.005274244827006,1.915472955781849,1.8797278580111147
2022-10-19,1.993184062877925,1.9107529038350426,1.8753076829957396
2022-10-20,1.9933286145436617,1.9084130992891337,1.8730533693690268
2022-10-21,1.9887345662401872,1.907642677218384,1.8723572991851845
2022-10-24,1.984077278826638,1.907625833249163,1.8727828618401074
2022-10-25,1.977783912484413,1.9049522767502387,1.8702134079825086
2022-10-26,1.9846771543390296,1.9076445976983114,1.8730391565477238
2022-10-27,1.9810987625585172,1.9084850277115208,1.8738646538491393
2022-10-28,1.9548095987189602,1.900319389781276,1.866331345871907
2022-10-31,1.9468846952055103,1.900095824412175,1.8668176092583237
2022-11-01,1.97892946230706,1.9081579175440673,1.8740750844530654
2022-11-02,1.9855621479106003,1.9076878103332808,1.8732289932673438
2022-11-03,1.9833564951876559,1.9078702595458628,1.8735535931715537
2022-11-04,2.0078838137500514,1.9129094803639224,1.8776942818415425
2022-11-07,2.012887983812833,1.916307163456718,1.8808721263990016
2022-11-08,2.0130548118729905,1.916708443408265,1.8813509084811204
2022-11-09,2.0173850177962374,1.9211459521506287,1.885502672538344
2022-11-10,2.012956974762518,1.9195782976808475,1.8841550270485876
2022-11-11,2.0351044656904564,1.9233804233848384,1.8866609477387193
2022-11-14,2.019454890264782,1.9075148967384468,1.8709412407772539
2022-11-15,2.0351938464777994,1.91241291404757,1.8752854981772005
2022-11-16,2.0325436296997546,1.9086826870590503,1.8715775481533263
2022-11-17,2.026126430631284,1.911157956441497,1.8743451008145693
2022-11-18,2.022301496150987,1.908649788946483,1.8718349676710384
2022-11-21,2.0112089542091405,1.9065445888893777,1.870345166751559
2022-11-22,2.0093090581150905,1.904779166547356,1.8686431178217497
2022-11-23,2.0162916109799864,1.9101057692903995,1.8738757754411839
2022-11-24,2.0233238099773874,1.9152157395602376,1.8788979067022
2022-11-25,2.032561538588608,1.9159768878188554,1.879253322037535
2022-11-28,2.013336380392993,1.9060384608940508,1.86973173661352
2022-11-29,2.037077992147848,1.9081357505559713,1.870900923591546
2022-11-30,2.0375171330191084,1.9088300175764925,1.8717107494878382
2022-12-01,2.045303742364497,1.913483185245058,1.8761122455186137
2022-12-02,2.045853215439622,1.9149159528788673,1.8775621918414747
2022-12-05,2.051679701705844,1.9159544501526364,1.8781593217011694
2022-12-06,2.046049540748402,1.9096600983707657,1.872055961597489
2022-12-07,2.041424469630046,1.9083241576802554,1.8709518907061373
2022-12-08,2.0540612924314465,1.9166929188404578,1.87888409227485
2022-12-09,2.063152765812326,1.9205996772768426,1.882529368169055
2022-12-12,2.048649571506713,1.9129413316775372,1.8755359795445325
2022-12-13,2.0504830016330757,1.9126785150021621,1.8750676716673662
2022-12-14,2.0511714304751365,1.9164595189458984,1.878815193207475
2022-12-15,2.0527608989118846,1.9156063038802502,1.8782011741572318
2022-12-16,2.0507722511873863,1.914225812719042,1.8769448919485372
2022-12-19,2.0345698445282765,1.910043432592995,1.8731458889164683
2022-12-20,2.028839064204747,1.9074265119811094,1.8707091271526324
2022-12-21,2.0369664167991948,1.9134825596660798,1.876510413317827
2022-12-22,2.034065620875303,1.912821271153707,1.8758150102781441
2022-12-23,2.0280912083697826,1.9088770010462792,1.8720490456232879
2022-12-26,2.0395318495819366,1.9142739570241498,1.8773134348172416
2022-12-27,2.0562685472410114,1.9222227462738217,1.8846550914999114
2022-12-28,2.0540288661282666,1.9213372487755929,1.88371192270658
2022-12-29,2.0536081323174646,1.922278380803587,1.8848195948229218
2022-12-30,2.064686824570954,1.9289976856982105,1.8913263197800738
2023-01-03,2.07198215391549,1.9323613251993605,1.8946252652967956
2023-01-04,2.0641450407761006,1.9302514030503521,1.8928874753866356
2023-01-05,2.06440773626083,1.9302122814403362,1.8928564861489794
2023-01-06,2.0621323992342986,1.927145727317226,1.8897292940462003
2023-01-09,2.067092437097568,1.9310914885901,1.8936565041283928
2023-01-10,2.0639346100804143,1.928182539308219,1.8908721513528797
2023-01-11,2.071246674134888,1.9310630103497388,1.8932852146601926
2023-01-12,2.076744297123039,1.9337195465491155,1.8958053511308508
2023-01-13,2.092161147741406,1.9407059313971269,1.9021590054065116
2023-01-16,2.0945470561855983,1.9405772045553773,1.9019657659400415
2023-01-17,2.095932947271756,1.9421415626191088,1.9036571005541671
2023-01-18,2.1098691021333162,1.947637978283089,1.9085127505773287
2023-01-19,2.113678360322265,1.9492006034398195,1.9099354844564724
2023-01-20,2.12700467231923,1.9563034531319947,1.9165430926020228
2023-01-30,2.126710841450089,1.9571746083155834,1.9175736947596222
2023-01-31,2.122030268532042,1.9546179389170626,1.915013596683041
2023-02-01,2.133330479469888,1.9598512585633394,1.919973850339156
2023-02-02,2.1246375070345676,1.9576375135899462,1.918276741121571
2023-02-03,2.119051631128174,1.9542219807435801,1.9148649658767591
2023-02-06,2.1089544050944173,1.9478267219101495,1.9087232725936032
2023-02-07,2.1069537244885246,1.946882839810248,1.907733001041259
2023-02-08,2.103904656581583,1.9453422333673605,1.9061994293901554
2023-02-09,2.1098147972330903,1.9486050682425942,1.9093341973717453
2023-02-10,2.1030691800295953,1.9456150728552764,1.9063707001958476
2023-02-13,2.1086076425975144,1.949209200076609,1.910078830167434
2023-02-14,2.1106582346178144,1.950191064716697,1.9109418739927033
2023-02-15,2.102063631137975,1.9458823469866058,1.9069031088520056
2023-02-16,2.0974999850226252,1.9439524190820294,1.9050461254306448
2023-02-17,2.0872822491043794,1.9388953725651346,1.9001734672641803
2023-02-20,2.106434560814897,1.9477919047503636,1.908395905246777
2023-02-21,2.1165378218286843,1.9517316041827728,1.9118229897424623
2023-02-22,2.117858533947119,1.9527260944146487,1.9128602735862754
2023-02-23,2.11333751902789,1.9505757644004167,1.9108039619076562
2023-02-24,2.1114400928257115,1.9498754732498254,1.9103130630621548
2023-02-27,2.098768141688079,1.944062382955499,1.9049568448014855
2023-02-28,2.1037552520512772,1.946611832643709,1.907250406695209
2023-03-01,2.113807687423789,1.9510325130891888,1.911217293730166
2023-03-02,2.1106133865816843,1.9498157012777284,1.9099557826233815
2023-03-03,2.115471045084497,1.9519911635669933,1.9119396366871526
2023-03-06,2.1176710506939154,1.9546234361216857,1.9146720471178613
2023-03-07,2.1141849553495073,1.9546596936597305,1.9149809114396772
2023-03-08,2.1068470752732416,1.951839609595029,1.9123968631763582
2023-03-09,2.10701819748204,1.9522870196581683,1.9129182615693263
2023-03-10,2.0912743264902467,1.946662921148652,1.908155119268977
2023-03-13,2.1056194199714096,1.9536755341437506,1.9146220204292401
2023-03-14,2.094615979685912,1.9510909636298026,1.912437389562451
2023-03-15,2.09934074077269,1.95319551599135,1.9141751862422647
2023-03-16,2.0809279485186876,1.9482438367096506,1.9099812783819239
2023-03-17,2.094723620558553,1.9560033641601533,1.9171797372129817
2023-03-20,2.093991301767608,1.958343080568663,1.9197459978982876
2023-03-21,2.100387102476661,1.9593154775825372,1.9205375662697026
2023-03-22,2.101463066904796,1.9588315189145373,1.9197745131442483
2023-03-23,2.1025354691125573,1.95962410613563,1.9204617933689645
2023-03-24,2.108411133286705,1.961040259766967,1.9217013779897627
2023-03-27,2.1021230115925076,1.9586005112938116,1.919579911852699
2023-03-28,2.1044243389314343,1.9590028369840684,1.9198720116277685
2023-03-29,2.1048362914952725,1.959479933059259,1.9204460890066688
2023-03-30,2.111170116929452,1.9613645974673626,1.9220838264344164
2023-03-31,2.1144384647286314,1.9637210787126207,1.9243166674065735
2023-04-03,2.1250210644620595,1.9660437819128886,1.9258799354073113
2023-04-04,2.133372812347498,1.969709692556089,1.9293553381801063
2023-04-06,2.125756016279988,1.9680402039187244,1.9283661203971827
2023-04-07,2.1285761757784223,1.970197976402628,1.9302861280498445
2023-04-10,2.1190413672185806,1.9674466537023816,1.9278891041288517
2023-04-11,2.1281477669060203,1.9720021531981644,1.9320876619879845
2023-04-12,2.1316490582177536,1.9763802337850527,1.9362042782840545
2023-04-13,2.1331964950067204,1.9766684521772606,1.9365440698855148
2023-04-14,2.140322620971255,1.9788403121839309,1.9383118706381102
2023-04-17,2.151629779598216,1.9820384821280617,1.9404019360262539
2023-04-18,2.15226242643482,1.9824479290243269,1.9407774448971324
2023-04-19,2.141278246332312,1.9807756410030974,1.9395485744532182
2023-04-20,2.1410024648637718,1.9811379439794519,1.9398188885800354
2023-04-21,2.118383649301856,1.974662028320586,1.9347542551662185
2023-04-24,2.1110754777139116,1.9738473685551625,1.934524978488915
2023-04-25,2.10952886445188,1.9741305226550583,1.9350582513850136
2023-04-26,2.109267436072377,1.974591572230182,1.935708412889867
2023-04-27,2.1056666829234523,1.975763721094789,1.9370365524231736
2023-04-28,2.122298885040237,1.9815765417915658,1.9416153686137092
2023-05-04,2.1261258454065888,1.98805291187734,1.947891236813988
2023-05-05,2.1259107089521976,1.9906497667570502,1.9508842749537672
2023-05-08,2.1395809631045064,1.9926694295191933,1.951590858332855
2023-05-09,2.125862233333789,1.9900717927987024,1.9499933751603908
2023-05-10,2.11543853303324,1.989673689318544,1.9505525114110784
2023-05-11,2.113110611870138,1.9906447683974793,1.9517967618520449
2023-05-12,2.0960941787703073,1.9836542290547359,1.9459780993647429
2023-05-15,2.099067916234567,1.984437272800093,1.94645025828858
2023-05-16,2.092846326077071,1.981966729735485,1.9445391046959986
2023-05-17,2.089247212920949,1.9806064801799177,1.943233109618226
2023-05-18,2.0954907787885597,1.9816293160159353,1.943721438233032
2023-05-19,2.086834031637597,1.979730582628575,1.942405904613829
2023-05-22,2.0776479646743646,1.9784779626077218,1.9416959390559423
2023-05-23,2.0695404369244472,1.9783215296971726,1.9424256883540039
2023-05-24,2.0601349901908437,1.975238358524948,1.9400965950402524
2023-05-25,2.055303084731337,1.9724586828281068,1.9375262469511911
2023-05-26,2.063788996171648,1.9724294990370128,1.9366681417963738
2023-05-29,2.0633428869041515,1.972639692745813,1.9368490318511487
2023-05-30,2.0628032046953706,1.973651891840123,1.9377846494242152
2023-05-31,2.0560171668412623,1.9727773894471108,1.9375589652713452
2023-06-01,2.0722816759167673,1.9784398342187282,1.9429154151369674
2023-06-02,2.080524546934589,1.9795017441356215,1.9435190700554423
2023-06-05,2.0811973350367006,1.9794575153392038,1.9436631257954535
2023-06-06,2.0749538528522837,1.9794217440475799,1.9440020416231767
2023-06-07,2.0751361233198655,1.9811385316242596,1.9456539736561886
2023-06-08,2.0766411969255496,1.9811928618900831,1.9455385828915708
2023-06-09,2.088304959016244,1.9868270615164776,1.9507827440301047
2023-06-12,2.082424140969713,1.9868871582892749,1.9510615717331616
2023-06-13,2.094135101731385,1.993492423388434,1.9574848919724246
2023-06-14,2.099162871132358,1.998151368155078,1.9621503521240198
2023-06-15,2.1078298306086807,1.9951739998319573,1.958681543288273
2023-06-16,2.1193570111556963,1.993056935484117,1.9559814458991949
2023-06-19,2.114206635994945,1.9924993281312817,1.9558564093611113
2023-06-20,2.115908946134143,1.9926955567560027,1.9561318001174377
2023-06-21,2.113115883112049,1.993822482043192,1.9578109963867527
2023-06-26,2.0917149142822087,1.9895652489934397,1.9543848470172265
2023-06-27,2.10078293480358,1.9905283735127344,1.9548513203372095
2023-06-28,2.098503503759265,1.989978624991318,1.9543071018737659
2023-06-29,2.0985833588399854,1.9907336456149949,1.955197409739768
2023-06-30,2.112186376913121,1.9979813566670213,1.9620981318892032
2023-07-03,2.1392948229929036,2.0082201417401997,1.9712871696124306
2023-07-04,2.136576845357434,2.007279341456583,1.970320251496126
2023-07-05,2.13157403712867,2.005807934813305,1.969314979291024
2023-07-06,2.132908526410607,2.0063084580036463,1.9698179984703839
2023-07-07,2.1313791187659983,2.005449155466319,1.9691261341064206
2023-07-10,2.134126310135836,2.007072999950596,1.9706119061835146
2023-07-11,2.1468045054451643,2.012733640176239,1.975641604591592
2023-07-12,2.149425745738517,2.0136815496079667,1.976741210508371
2023-07-13,2.1599159042715614,2.018696619356863,1.9807080727109196
2023-07-14,2.1651022042410517,2.0193762855669304,1.9810884609204467
2023-07-17,2.155458918140696,2.0172173350331484,1.9797251705052956
2023-07-18,2.160454316337357,2.0208316532488295,1.983350714900927
2023-07-19,2.1709920925529835,2.0258192564651174,1.9880656708084192
2023-07-20,2.1671379259794485,2.024675164050599,1.9873101989685873
2023-07-21,2.1641557949878942,2.0250450430193743,1.987828319233117
2023-07-24,2.1588058428354255,2.0238140360772365,1.9870204930864805
2023-07-25,2.1823335551054925,2.0283854039390707,1.9895074319772887
2023-07-26,2.185605229108396,2.0302458766370064,1.991352055219179
2023-07-27,2.18839791135668,2.0332318064927577,1.994478961510774
2023-07-28,2.1998696535811084,2.0362124588216015,1.9961227777095831
2023-07-31,2.201042720775951,2.0354689340919636,1.9950175845459606
2023-08-01,2.2098222880623424,2.0396673832841103,1.9990950265891259
2023-08-02,2.2031759343429616,2.03750146174925,1.9976157080403463
2023-08-03,2.1960676550576532,2.035546012912767,1.9957004547891675
2023-08-04,2.2034501869203424,2.0390970033708777,1.9989674192040172
2023-08-07,2.192514521600335,2.035190267302022,1.9956816885669677
2023-08-08,2.1911527291374377,2.0346609992070794,1.9952480026446688
2023-08-09,2.1923574070031124,2.0349875020567914,1.9959134524269126
2023-08-10,2.1917105026232897,2.0340685445598097,1.995033020729725
2023-08-11,2.184765483135642,2.0306394366965845,1.9926257667963365
2023-08-14,2.1789612764411608,2.0298926331851908,1.992494188038926
2023-08-15,2.185492875628696,2.0375006917583005,2.0001084434755803
2023-08-16,2.1737664858080294,2.0343686880937644,1.9978345121577505
2023-08-17,2.1829528478290534,2.0375516906152393,2.000708000265108
2023-08-18,2.1828110809499477,2.037562828532931,2.001205439000205
2023-08-21,2.1941396274377576,2.0462734319715365,2.010320640872145
2023-08-22,2.1917004924949386,2.0445174256392074,2.007900449368485
2023-08-23,2.1850774386127245,2.041865106943693,2.0057285625783616
2023-08-24,2.1874169351154005,2.043523536809523,2.0073550379936793
2023-08-25,2.1893072607239428,2.042671096145455,2.0066267337526016
2023-08-28,2.1948846835020324,2.04484577062271,2.008237441323977
2023-08-29,2.2053318457165196,2.0477994871389074,2.010579348860943
2023-08-30,2.215982114948406,2.051937931957875,2.0145016504550366
2023-08-31,2.2145092968339912,2.052393189124807,2.015223213350347
2023-09-01,2.2202529475309936,2.0525661693715165,2.0148995307870274
2023-09-04,2.2199972853952152,2.0476245964813606,2.0094331832019883
2023-09-05,2.218793020876672,2.0478130566656794,2.0098762118055
2023-09-06,2.2242873219275086,2.0466779514661884,2.008727070988252
2023-09-07,2.210090693216022,2.0395961228922443,2.0021279230363187
2023-09-08,2.200906711343181,2.038570808761555,2.0012943683775233
2023-09-11,2.2155198048530047,2.043241857802635,2.0055533965304004
2023-09-12,2.2175797553189063,2.0448513172990967,2.007036238654297
2023-09-13,2.20516926295498,2.0421386776135675,2.0045780937599975
2023-09-14,2.2140709520396276,2.0496057399174616,2.0116328660506877
2023-09-15,2.2167729563422394,2.047022248805684,2.00916822051375
2023-09-18,2.2129887828789605,2.0422361170735233,2.004341583292195
2023-09-19,2.20786154393414,2.0416399053254133,2.0036878154152338
2023-09-20,2.2086705163730866,2.0424383379414164,2.004479550347778
2023-09-21,2.1938121136581192,2.038308360412117,2.0008682526735146
2023-09-22,2.2064628333953733,2.040040387950532,2.002095528889412
2023-09-25,2.197344695362318,2.0348990857021625,1.9971583092676393
2023-09-26,2.1906526885964004,2.0320626277760825,1.994666655094401
2023-09-27,2.1905573482644596,2.0299046858177454,1.992706301179331
2023-09-28,2.1889493695383013,2.0316198626651762,1.9946158571334747
2023-10-09,2.173660242478129,2.02490584884609,1.9877874685798949
2023-10-10,2.151166741706424,2.0138163591060225,1.9770571823475462
2023-10-11,2.15251082020393,2.0130011960583256,1.976143235626382
2023-10-12,2.1634339210227274,2.019234817439536,1.982337032975213
2023-10-13,2.163779147098992,2.0203179635878037,1.983874856881366
2023-10-16,2.1671690256912224,2.0232153853293626,1.9873543330437182
2023-10-17,2.164097299382119,2.0216346909809264,1.9862478918591482
2023-10-18,2.160069777433824,2.0201296145505214,1.9852910210008816
2023-10-19,2.149941441093491,2.01259631000316,1.9785615506150331
2023-10-20,2.1491671385688744,2.014384412883639,1.9811447129241353
2023-10-23,2.1293248444406214,2.0063129106172606,1.973503079743874
2023-10-24,2.135625071256603,2.0083269890401367,1.975112924875878
2023-10-25,2.1465379822723523,2.0139335730467316,1.9801808242117442
2023-10-26,2.1505639956880174,2.0158403416330573,1.982345334630058
2023-10-27,2.1631252222217037,2.0213059494996113,1.9873486794412256
2023-10-30,2.1723474184658045,2.0246231088555704,1.9903300578341818
2023-10-31,2.165538249898537,2.0235543779382317,1.9894759365247288
2023-11-01,2.1638073925771097,2.023326745625396,1.989430798002946
2023-11-02,2.1657533058616796,2.0258963241614634,1.9921111114787295
2023-11-03,2.1768023735540605,2.030299028239041,1.9959083004072473
2023-11-06,2.186733082018075,2.0335845644557775,1.998765678264333
2023-11-07,2.184634442197056,2.0327797319009147,1.9980476757750656
2023-11-08,2.1876596571150326,2.0339331337233886,1.9990224559486922
2023-11-09,2.1839499646431677,2.0324530984090283,1.997526357261798
2023-11-10,2.1768966367425553,2.030655922997085,1.9959971468776978
2023-11-13,2.179615035146308,2.0325250056811535,1.9978167481717741
2023-11-14,2.183895568021164,2.0330774380749936,1.9983633314978968
2023-11-15,2.1958143268295354,2.0374682130488826,2.002273104643219
2023-11-16,2.193024136272495,2.0373223827036164,2.002203409833971
2023-11-17,2.1895796811643318,2.0370294966798608,2.001975200519419
2023-11-20,2.1861261545176567,2.035028904146891,1.9998065844748145
2023-11-21,2.180095357645717,2.0328685629621943,1.9981096522623691
2023-11-22,2.1672600361698158,2.0264357393180665,1.9921861008604154
2023-11-23,2.166165559444978,2.024043340452373,1.989741388469428
2023-11-24,2.1641285678946622,2.0234993085358384,1.9893280473983392
2023-11-27,2.1568544499308198,2.0207196729280237,1.9869657154986051
2023-11-28,2.1596024437123464,2.023317084564825,1.989546399739867
2023-11-29,2.156351771831679,2.0224959252118397,1.9889781932141717
2023-11-30,2.1620811942826053,2.025393404290175,1.9914817046698425
2023-12-01,2.1639102795368053,2.0271633384077483,1.9933202050303886
2023-12-04,2.1613656593856936,2.0262112064411495,1.9927098195424042
2023-12-05,2.144114622694654,2.018418780544668,1.9853753044579823
2023-12-06,2.1472137598625656,2.019710217844604,1.9864311680695517
2023-12-07,2.148120432159597,2.0207998862078376,1.987573015501414
2023-12-08,2.151318833886788,2.0224857575675492,1.989161581415604
2023-12-11,2.1553741853667456,2.0261981865525542,1.9925835683437045
2023-12-12,2.160596981873729,2.026544028804501,1.9927715186337047
2023-12-13,2.145491198838152,2.0228573225197377,1.9896201520694732
2023-12-14,2.144294901314576,2.023813266486513,1.990766321146531
2023-12-15,2.143910351051145,2.025206956445847,1.9920697232159865
2023-12-18,2.139275418387096,2.02551648304015,1.992301115059973
2023-12-19,2.1406513568766115,2.0262506171834054,1.9930405356858685
2023-12-20,2.1386434088733304,2.025614526334475,1.9924913266676691
2023-12-21,2.1452522921936734,2.0295034317875698,1.996060845108447
2023-12-22,2.1478183978956733,2.033064271309549,1.9995318257361054
2023-12-25,2.1478518294730544,2.0357772635943867,2.0021900792968297
2023-12-26,2.1431345298302924,2.033494722307286,2.0001883528576223
2023-12-27,2.1519594525059333,2.0373291581415107,2.003817952162381
2023-12-28,2.1641711310422784,2.042125830865827,2.00811835227627
2023-12-29,2.163322480051239,2.04405813233369,2.0100593390265122
2024-01-02,2.155581451436365,2.043937665366138,2.01011299361829
2024-01-03,2.154583958473147,2.040464451613668,2.0065678262680424
2024-01-04,2.1523263895710816,2.04209944064252,2.0085465659110757
2024-01-05,2.144438430523015,2.044172509905187,2.0110775069494093
2024-01-08,2.1257304939568624,2.0373811472845977,2.0049171894770867
2024-01-09,2.1278609375371116,2.0406529230499055,2.0081543334344367
2024-01-10,2.1167864979318485,2.0367513997724442,2.0046338856216748
2024-01-11,2.1230990882572858,2.0376560711654315,2.0050982352519138
2024-01-12,2.117136806927221,2.0345539493904443,2.002114539431959
2024-01-15,2.11900935123087,2.036169022290647,2.003704612337407
2024-01-16,2.1228963625587864,2.037099474855419,2.0044317595028516
2024-01-17,2.1028244031356946,2.0320717863993987,2.0003802835585947
2024-01-18,2.103912061373176,2.0330442974755667,2.0012582714648826
2024-01-19,2.102323631103843,2.033910578491639,2.002298657704801
2024-01-22,2.0850890994958533,2.0307185496019864,2.000288969242511
2024-01-23,2.0944381057320727,2.034069290769292,2.0030585435819837
2024-01-24,2.113454727777169,2.0405351733760884,2.00857402475009
2024-01-25,2.127918462177141,2.045937628415698,2.0129536868973887
2024-01-26,2.1283933671057516,2.048112691428857,2.014999452507848
2024-01-29,2.118501312549792,2.0462177853459047,2.0135236100488356
2024-01-30,2.1080665936962446,2.0486412186109,2.0167807437605627
2024-01-31,2.1051916197468366,2.0520881017107278,2.0206710082204062
2024-02-01,2.0994064820879226,2.049787982289354,2.0186687204754614
2024-02-02,2.0829060346942176,2.045528371882996,2.014954112285079
2024-02-05,2.0719525789781152,2.0487208090336484,2.0187899829358633
2024-02-06,2.09523746209392,2.047981443893333,2.0167782091599076
2024-02-07,2.113504364639622,2.0539395928242263,2.022175237137745
2024-02-08,2.127248440739774,2.057456298393077,2.0251920091455156
2024-02-19,2.137269376716723,2.0606097995009125,2.0279779294421933
2024-02-20,2.1363596589607172,2.062191362678529,2.029720368442572
2024-02-21,2.1436428452086873,2.0662339458526957,2.033278034608582
2024-02-22,2.1543181371839593,2.06898060309508,2.0355613319189048
2024-02-23,2.1611759721697363,2.073874872529186,2.0404300233793045
2024-02-26,2.152202639243963,2.0733055521171795,2.040601829089433
2024-02-27,2.173883447007762,2.08329741227442,2.050146242811498
2024-02-28,2.15431236413362,2.0806055708733613,2.048204014855433
2024-02-29,2.1741877313365268,2.0914312664514743,2.058640988845201
2024-03-01,2.181489900568484,2.0868640562108576,2.053422222394223
2024-03-04,2.192402958288586,2.09512799594663,2.06161689171014
2024-03-05,2.194909264980552,2.097788380039008,2.0641129141095593
2024-03-06,2.1999783139151963,2.1055970663055734,2.072156703858395
2024-03-07,2.199662519183026,2.1099231015821656,2.076551088177338
2024-03-08,2.215385559569766,2.114898074830686,2.0808240687770283
2024-03-11,2.2168315766725444,2.1110386711948053,2.0766194811614445
2024-03-12,2.207721506401547,2.099808229624137,2.064962046870745
2024-03-13,2.207021519772724,2.098954370018684,2.063812814854304
2024-03-14,2.2150941842814857,2.1026055717086485,2.0670915553560354
2024-03-15,2.229235891429313,2.1111693353310366,2.074955850613962
2024-03-18,2.2307766685939407,2.1116413880012836,2.075513148333498
2024-03-19,2.232115943653585,2.117803676159112,2.082336308149672
2024-03-20,2.236133275159279,2.1164075857018836,2.0808730134293523
2024-03-21,2.2469184220840126,2.1227174174529786,2.0865795730866705
2024-03-22,2.230674979067404,2.11570423189762,2.080384303313233
2024-03-25,2.2145198536301227,2.1086084874195348,2.0735355868144927
2024-03-26,2.213455589185181,2.108172668694133,2.0733523608085154
2024-03-27,2.2036125219163663,2.108259842318334,2.073898747690197
2024-03-28,2.210037438598276,2.1121374095508134,2.077514559728207
2024-03-29,2.2292623105648506,2.1224743033987186,2.0871326381507207
2024-04-01,2.2441262867370204,2.127571677330943,2.0917489788958554
2024-04-02,2.2420876234783123,2.1278337004934214,2.0919600526060775
2024-04-03,2.248383373143888,2.136486733274424,2.100393802278068
2024-04-08,2.254399806264156,2.146805925570203,2.110374603200384
2024-04-09,2.260057520524314,2.1506453319682324,2.1141447553216017
2024-04-10,2.259811552211576,2.1538026562784562,2.116887056520315
2024-04-11,2.25357804573204,2.1476631800004187,2.1108998323057793
2024-04-12,2.2631898303817324,2.160462764763723,2.1235827629100315
2024-04-15,2.2729777084616476,2.163399276007209,2.125955746197769
2024-04-16,2.2608713062131165,2.160205986572338,2.123340039757146
2024-04-17,2.27579621696509,2.1669047955383505,2.129361282104749
2024-04-18,2.2845096233819153,2.1747534631512258,2.136533668755628
2024-04-19,2.2889175624967795,2.1793599754787323,2.1410426872797728
2024-04-22,2.2779242329516487,2.1723690096851986,2.134308595566633
2024-04-23,2.257438129439237,2.1575884688383704,2.1207617301305794
2024-04-24,2.2696996755125114,2.1609807307195514,2.1234426992942304
2024-04-25,2.271216253420636,2.162356429844447,2.124433431023216
2024-04-26,2.281832613760674,2.1667638203594533,2.128221779485623
2024-04-29,2.2828111486636082,2.159223304756402,2.1204617918568616
2024-04-30,2.2854210574339646,2.1654643318599707,2.126555336036734
2024-05-06,2.300634752720872,2.173075441296298,2.134067502025571
2024-05-07,2.3116454252628795,2.18069981884541,2.1423900458191047
2024-05-08,2.302450118223618,2.1757001458787992,2.1381602752122424
2024-05-09,2.3102842996847746,2.1786651588512047,2.140338957214718
2024-05-10,2.3132760778208508,2.180963712539655,2.141505823125515
2024-05-13,2.314870137704432,2.1844007808715036,2.145210663505099
2024-05-14,2.316256975107093,2.1855497904106755,2.1461124051410594
2024-05-15,2.315972153954645,2.1853815442488163,2.1460640314412234
2024-05-16,2.320674309264714,2.188600766545173,2.1487433537386242
2024-05-17,2.3408105871331797,2.200353072343182,2.1592230834369905
2024-05-20,2.359071858721563,2.2142407662845365,2.1717475999664635
2024-05-21,2.349629328969588,2.2077487817536765,2.165713964323661
2024-05-22,2.352440334527801,2.209723833923528,2.16790482243109
2024-05-23,2.3274473908418267,2.1950888841820575,2.15519387671272
2024-05-24,2.321230636381616,2.1923751491642163,2.152310735750496
2024-05-27,2.333550670044594,2.199838587231366,2.1589051105255495
2024-05-28,2.3281271960504553,2.198631070812587,2.1576618716788927
2024-05-29,2.333536380071865,2.204487371278203,2.1625914729921107
2024-05-30,2.320810680516474,2.19649642670245,2.1555005671762566
2024-05-31,2.3188903566256887,2.19253580127999,2.151762061627157
2024-06-03,2.2972104808488685,2.1807885537828557,2.1410498685464714
2024-06-04,2.305699026952686,2.1850246375535427,2.144847965956629
2024-06-05,2.2947472356348735,2.180796664334967,2.1416202999705862
2024-06-06,2.2989797096362845,2.1846639348038237,2.145115798963231
2024-06-07,2.3021514749003984,2.1866793454520206,2.1471737754870444
2024-06-11,2.2832854816916877,2.1756890574664407,2.137542975927876
2024-06-12,2.290426843879829,2.1796254928515375,2.140985053497802
2024-06-13,2.2786282473251886,2.1735151408277433,2.1353090021513412
2024-06-14,2.283189901235851,2.176972036468073,2.1387171586189297
2024-06-17,2.2679343802900713,2.1683309904763934,2.130748489168864
2024-06-18,2.2714057877390075,2.1712884043997547,2.1333363628550113
2024-06-19,2.274790722519968,2.1744324720593395,2.136263880017895
2024-06-20,2.2743237547896977,2.175920132658044,2.1379484354938065
2024-06-21,2.2668970578807373,2.170356330703969,2.1323377114040163
2024-06-24,2.2500115428279326,2.1631566331747965,2.1264309956360057
2024-06-25,2.253744778920843,2.1676514161868035,2.1308488021072023
2024-06-26,2.2610497753642234,2.1703675352129657,2.13332211292516
2024-06-27,2.250738660598135,2.1673137938397837,2.130957029548131
2024-06-28,2.26676378438118,2.178096817723919,2.1408406288583524
2024-07-01,2.2694183313613316,2.173946665966517,2.1356987258683517
2024-07-02,2.274930010681687,2.179021540412505,2.140556335539695
2024-07-03,2.2755359054235664,2.1806804850692076,2.1422578691252085
2024-07-04,2.261622528855812,2.1743341840725003,2.1365684858905762
2024-07-05,2.2604369273534486,2.169874573213447,2.132368046900767
2024-07-08,2.2455132947216554,2.1603219601553065,2.123371561160939
2024-07-09,2.2557085293037056,2.167942505457788,2.1303657063146075
2024-07-10,2.2416581745688315,2.1611878841130174,2.1248144091033416
2024-07-11,2.254484682097837,2.167639549848718,2.1303098795889444
2024-07-12,2.2517550436184623,2.168513804965297,2.13145690181076
2024-07-15,2.2469142935843216,2.167871187282064,2.1308379743827777
2024-07-16,2.2480687617476662,2.168221593256667,2.1310287970721373
2024-07-17,2.247718485639476,2.169230853689982,2.1323562014164845
2024-07-18,2.249979898024343,2.1700361157676293,2.132783204302237
2024-07-19,2.2392418150169155,2.1659602873268975,2.1296720248715255
2024-07-22,2.2334260073662535,2.16498253939303,2.1297847975177975
2024-07-23,2.2164457931327846,2.1589719932830684,2.125182105851964
2024-07-24,2.2172101294733437,2.1605179113129687,2.126755503092325
2024-07-25,2.198928382712557,2.1522593706463877,2.1200323030968447
2024-07-26,2.2111217463019512,2.1595808227354807,2.1269521993760305
2024-07-29,2.205591159482803,2.1580730516000015,2.1258829845067577
2024-07-30,2.198706092762811,2.155235326004945,2.1240059831667586
2024-07-31,2.2273338680981367,2.168900161636878,2.135712192266804
2024-08-01,2.227386978821454,2.171140844458128,2.1381493114210053
2024-08-02,2.221491458782155,2.169064401339214,2.136676931445844
2024-08-05,2.1949552422985823,2.162067055712131,2.1319271079035556
2024-08-06,2.1855938289349117,2.152849790887842,2.1228871438439527
2024-08-07,2.1852665039634167,2.1553188876493645,2.1254972192511885
2024-08-08,2.1811829371242593,2.148897813400983,2.118993590277846
2024-08-09,2.183412132165113,2.1475170902661356,2.11718009605441
2024-08-12,2.1802075814961106,2.13767846510367,2.1065893603185506
2024-08-13,2.176844088692048,2.1406090902099657,2.109766783104354
2024-08-14,2.1688723898247306,2.141284285264645,2.111522414619812
2024-08-15,2.178403813553244,2.14360178388721,2.113093209466806
2024-08-16,2.1795908129301083,2.1455023304993786,2.114909490110402
2024-08-19,2.185580201592627,2.150710392139998,2.1201124526930535
2024-08-20,2.1815700664871267,2.1491957502535595,2.118879533546813
2024-08-21,2.181726576141855,2.1473196181506973,2.1168079039079255
2024-08-22,2.175265603428336,2.1471471873113654,2.117440945211761
2024-08-23,2.1747003289307805,2.147923050432165,2.1182437171306523
2024-08-26,2.1856100549132123,2.1529082250337064,2.122387239714003
2024-08-27,2.1846051136425237,2.149560430257562,2.1186844792790036
2024-08-28,2.1817626349881807,2.149126438904509,2.118954701554143
2024-08-29,2.176639236383737,2.144474002503894,2.114931865897919
2024-08-30,2.1848522740494833,2.147993788209991,2.118095415792348
2024-09-02,2.16432519535362,2.136664312451553,2.1092276020360803
2024-09-03,2.1666284290909834,2.1383496152136177,2.1111846938656473
2024-09-04,2.151943089997528,2.1303249651937106,2.1043482638846065
2024-09-05,2.1556350655545877,2.133189699721146,2.107877434243338
2024-09-06,2.1565758815056104,2.1335621571700933,2.1084573375837876
2024-09-09,2.139267724544099,2.1237489658890767,2.099911938017628
2024-09-10,2.133496876720939,2.1211558895148763,2.0977206338491903
2024-09-11,2.1344728405057136,2.1229733939013413,2.0997317786450753
2024-09-12,2.136200213007162,2.123720639558981,2.1000781418904673
2024-09-13,2.1389676010653234,2.128136253236241,2.1050871978538916
2024-09-18,2.1497003478615926,2.1377898803295183,2.1152804210988525
2024-09-19,2.1577869258474616,2.1416602992366434,2.1173343219009877
2024-09-20,2.1610388323622445,2.146727341767415,2.122733772680297
2024-09-23,2.1609093871519978,2.1480435527972586,2.124522153470288
2024-09-24,2.2015466034002933,2.169942535320529,2.14279373237783
2024-09-25,2.2111525042789526,2.1796427846142112,2.151822964737054
2024-09-26,2.246137875720751,2.1982712812619827,2.1675947079875355
2024-09-27,2.280047891404725,2.208475294930339,2.1726599984712927
2024-09-30,2.370283541914986,2.2625386130174245,2.219513121190146
2024-10-08,2.3880077099049184,2.278168278132973,2.232826537618926
2024-10-09,2.3105745828284654,2.218820156835031,2.1799676424654066
2024-10-10,2.324905579261024,2.234188065264343,2.195672002393125
2024-10-11,2.3045662796832764,2.21909859588219,2.181180654627696
2024-10-14,2.330586740910465,2.238430034718179,2.1991226898212863
2024-10-15,2.3067420756379593,2.220803207855007,2.18341219157232
2024-10-16,2.316231163887357,2.2279719206063504,2.1902706189362044
2024-10-17,2.29823485057036,2.2166882291970347,2.1803175930492857
2024-10-18,2.328794303388227,2.239601321444767,2.2002859054223616
2024-10-21,2.3341824343553452,2.244064136780788,2.203818866872616
2024-10-22,2.3380300303199353,2.2461191117898878,2.205510307999036
2024-10-23,2.3395550434781183,2.246450643894469,2.205174164162272
2024-10-24,2.3344432994597315,2.2411983902952093,2.200512868556134
2024-10-25,2.3357237400519186,2.2417296007902507,2.200568843135091
2024-10-28,2.3461832147350714,2.248118421537722,2.2062267224903818
2024-10-29,2.3350724968763075,2.241843688646961,2.2008821416433486
2024-10-30,2.3371985142787506,2.243107325730543,2.2019680167195665
2024-10-31,2.3398605287145617,2.244039817634181,2.2028487278431554
2024-11-01,2.333927413624738,2.242149762360275,2.201567766583578
2024-11-04,2.347003597351638,2.246874088741232,2.205388519908005
2024-11-05,2.366704960565688,2.2550296575758164,2.2118408704386883
2024-11-06,2.3642743784614515,2.2541621875115747,2.21187047736838
2024-11-07,2.3881236149597207,2.2614300694617606,2.218340608098798
2024-11-08,2.382419714360238,2.262045283972794,2.2191306455795483
2024-11-11,2.3898714778859063,2.265142422607468,2.222505595943451
2024-11-12,2.3745634277816072,2.2573370899076335,2.21708885450702
2024-11-13,2.3740413040431583,2.255986266227847,2.2159854502664085
2024-11-14,2.344982740117375,2.238352597759647,2.2007395384715056
2024-11-15,2.3253038516360967,2.2299274955702506,2.1927479206542073
2024-11-18,2.3255019846166207,2.2301038226148524,2.192230234674892
2024-11-19,2.343593383793297,2.2420062833774543,2.202717790875667
2024-11-20,2.351920303031441,2.246119213557797,2.2060317343843905
2024-11-21,2.3571475587587405,2.2520752676654734,2.211620603355527
2024-11-22,2.3296496003496436,2.2433087639238254,2.2045616979254534
2024-11-25,2.328369834257313,2.241931646049541,2.203800509311751
2024-11-26,2.3232307249464204,2.2392530225531764,2.202283419171773
2024-11-27,2.33834465869983,2.2457260570066597,2.207123780999511
2024-11-28,2.330399191823684,2.2424207373689384,2.2048862477312534
2024-11-29,2.344982181997263,2.252067651066341,2.21347847702355
2024-12-02,2.352878708815631,2.257886388976968,2.218782925697579
2024-12-03,2.354761271814315,2.259583497586383,2.2203473344632054
2024-12-04,2.3480344876377592,2.260183306750498,2.2214675600423215
2024-12-05,2.3441326349027367,2.258249890202335,2.219820384228418
2024-12-06,2.350087490209062,2.2579531212658006,2.2185816510205183
2024-12-09,2.352250443549739,2.260991806695229,2.221910788100541
2024-12-10,2.366507230229604,2.276462357188856,2.237179456827844
2024-12-11,2.3728568950131916,2.280619936269653,2.2408642045914737
2024-12-12,2.384408478454895,2.2889382183298284,2.2484624338198214
2024-12-13,2.365455040830983,2.2855788853392607,2.247508813185853
2024-12-16,2.368445242926364,2.2927645508880192,2.255224263910026
2024-12-17,2.3544900980347307,2.283899202201561,2.2469435965775335
2024-12-18,2.350024749449873,2.2773194897861733,2.2401362689037474
2024-12-19,2.3436771858212158,2.271929941502976,2.2350519965711704
2024-12-20,2.3529168137749616,2.283027289535834,2.246691178529181
2024-12-23,2.353065265942313,2.2865282208591666,2.2502390752475803
2024-12-24,2.3586875950948007,2.284838415070731,2.247622504639256
2024-12-25,2.3589287858146477,2.284292734958323,2.2470293461008115
2024-12-26,2.360152061419241,2.2838112398996038,2.246596848918805
2024-12-27,2.363106836260668,2.2905129515187266,2.253901413241113
2024-12-30,2.3671295980535394,2.2904060512282127,2.253077190708315
2024-12-31,2.3580039331938667,2.2914247947507933,2.255580593035915
2025-01-02,2.3500648954591314,2.2973501105600853,2.2631220269127073
2025-01-03,2.3315045784975132,2.2915449373652512,2.258672255307962
2025-01-06,2.3286443643020456,2.291126696804277,2.2585126702353313
2025-01-07,2.3292446423503637,2.288979012821239,2.255645081762023
2025-01-08,2.33028803830569,2.2898331167064745,2.2563715804578566
2025-01-09,2.329384928440142,2.2883321031569395,2.2545214356305943
2025-01-10,2.323861049323144,2.2863822411683423,2.2530528732160513
2025-01-13,2.3367679942246813,2.293910563518553,2.2603539132650594
2025-01-14,2.354892869862813,2.2994569366686144,2.2647408216465834
2025-01-15,2.359474906185817,2.3058411415751117,2.2715628293581465
2025-01-16,2.3651909446184116,2.3080892703360827,2.2729756721192134
2025-01-17,2.3708293196266648,2.3102496927954697,2.2746809801544274
2025-01-20,2.369185723703406,2.306036823812709,2.270725130739428
2025-01-21,2.3753073475502515,2.310442786932521,2.2751068485515606
2025-01-22,2.3654542947623156,2.306554013937735,2.272034016555807
2025-01-23,2.3629459913260167,2.3039416631367806,2.269614727576889
2025-01-24,2.37484721550616,2.3085531176234473,2.27333331222607
2025-01-27,2.370427425644663,2.3116218250736345,2.2770010525431017
2025-02-05,2.3883215582301465,2.3245346147878356,2.290513929280538
2025-02-06,2.3993338059278315,2.329978276197781,2.294950600207039
2025-02-07,2.4135985089393652,2.3360775294381053,2.300120138629021
2025-02-10,2.4216410394140815,2.3393066151874877,2.3031748397695053
2025-02-11,2.4252422559736067,2.342682683259134,2.3067164980729533
2025-02-12,2.425855604542815,2.341147972953654,2.3048308134567215
2025-02-13,2.419094857472256,2.338666671359174,2.3027933084805965
2025-02-14,2.4272846391397676,2.3409816045113967,2.304654138424068
2025-02-17,2.4181573850084233,2.3307921663930773,2.2942786822266563
2025-02-18,2.41263055644506,2.328484063562136,2.292415958189192
2025-02-19,2.426777367363694,2.3360931364139312,2.299793780219733
2025-02-20,2.432013693346037,2.3374114304377533,2.3006401417422118
2025-02-21,2.4336960717158416,2.3332753521400744,2.29628393823164
2025-02-24,2.4246114187645618,2.322827653715089,2.2857498584324674
2025-02-25,2.4176655289292377,2.3210824369221026,2.2847138722400935
2025-02-26,2.420906885258727,2.32301230093458,2.286276082545409
2025-02-27,2.4258788624360808,2.323104398023762,2.286122809581876
2025-02-28,2.4090962902130664,2.3191722852107226,2.2829524581884035
2025-03-03,2.418535772889389,2.3266392342963584,2.290299595198772
2025-03-04,2.4173310793242364,2.3246823610624108,2.2883294854161496
2025-03-05,2.41577272553285,2.3243237599894644,2.2877802466746835
2025-03-06,2.422411741196311,2.323940635376147,2.286826486448542
2025-03-07,2.4175047953708106,2.3183423774589738,2.281070264161509
2025-03-10,2.4179713602434987,2.316983512868737,2.2796321331979783
2025-03-11,2.408303548668608,2.306226774991548,2.26873134164176
2025-03-12,2.4081394788115116,2.3099980431480036,2.272248846759849
2025-03-13,2.410547924959967,2.3123883900165367,2.274683497644479
2025-03-14,2.437618228382375,2.3274011251740925,2.288679736172414
2025-03-17,2.4323494843941686,2.3199624734366266,2.2811672281637834
2025-03-18,2.4321936922874694,2.3184718282208805,2.2800188004854207
2025-03-19,2.4373382009443505,2.3238794798149214,2.285228257590837
2025-03-20,2.436047121809967,2.328816822285151,2.290418548082047
2025-03-21,2.420782763436652,2.3204373727455083,2.2826686750037113
2025-03-24,2.4273160772851914,2.3251976702022312,2.2870536232032546
2025-03-25,2.42882156853215,2.3288108824670646,2.290743855822488
2025-03-26,2.4274492424267597,2.329513947020309,2.2915258761576203
2025-03-27,2.431177447892147,2.3322589041463493,2.2942328972347052
2025-03-28,2.4226111959745125,2.326114771241572,2.2884950102221167
2025-03-31,2.4203358494775937,2.3247220184002604,2.28733060134729
2025-04-01,2.425263599545515,2.329669981740035,2.292074285274985
2025-04-02,2.430538702985678,2.333560063226048,2.2959941566894653
2025-04-03,2.4322377852510177,2.3394912012341735,2.3027101534171437
2025-04-07,2.331448774741446,2.2779491948242105,2.2441638529891765
2025-04-08,2.351568623152471,2.2886000525280075,2.2550855597212776
2025-04-09,2.347260887121198,2.286188458001175,2.2526344886532317
2025-04-10,2.3788669680832837,2.309940471414514,2.2753882474959473
2025-04-11,2.3859109999925394,2.3146402728309297,2.2802081193932304
2025-04-14,2.3985281306902637,2.323564611365479,2.288959086445799
2025-04-15,2.394096055215804,2.322195007493535,2.2875138336719782
2025-04-16,2.3924202366342455,2.326082721599104,2.291651299563657
2025-04-17,2.3961693037232545,2.3292212706419644,2.2947624686345542
2025-04-18,2.399341362116648,2.3314313841539307,2.296941176698249
2025-04-21,2.414769274430431,2.3416219381124037,2.3070899098061792
2025-04-22,2.424884427825677,2.3523479238549694,2.3184017703522364
2025-04-23,2.412385098907809,2.3363782942359346,2.3014189069572626
2025-04-24,2.4135298766189606,2.338326112009754,2.303613149190079
2025-04-25,2.411867885803716,2.3377717859970906,2.302771692162018
2025-04-28,2.4061093866293297,2.335041913386148,2.2999202231115246
2025-04-29,2.4059063398367835,2.3376307769943994,2.3025182661073926
2025-04-30,2.397038748003523,2.330404675458739,2.2952052448716964
2025-05-06,2.409024748185613,2.334144206028432,2.2982715377620813
2025-05-07,2.41680740780056,2.3354695641125143,2.2986739008813406
2025-05-08,2.418826435850249,2.337382612988172,2.3001445326484222
2025-05-09,2.4177609539937985,2.338274298244707,2.3009195705689667
2025-05-12,2.425442836014843,2.338588312167052,2.299501981580909
2025-05-13,2.425717463268431,2.3366841153764595,2.296925994624676
2025-05-14,2.4413643096805893,2.3420261692683404,2.300512020784479
2025-05-15,2.4189716921806146,2.3328865121015077,2.292882043395452
2025-05-16,2.4152904173170486,2.329950704455977,2.290409275048868
2025-05-19,2.416817000201192,2.3316492783427094,2.2920716826947727
2025-05-20,2.4189295501718777,2.33361053620037,2.2938983941648097
2025-05-21,2.4388138154350085,2.3429198865033065,2.3028140197934723
2025-05-22,2.431297560774993,2.3398881996479894,2.3003477918488895
2025-05-23,2.4215977030720466,2.335874157229493,2.2971392142495946
2025-05-26,2.420764613267536,2.335232683712053,2.296406392518829
2025-05-27,2.4172530844341544,2.3330959528137765,2.294687589976722
2025-05-28,2.412896154023979,2.331204330207727,2.2929892860452368
2025-05-29,2.4196743977582287,2.3308714711732588,2.2915381998831665
2025-05-30,2.417170833341262,2.332721827211917,2.294175487010489
2025-06-03,2.421150784832561,2.3344060541663,2.2953588835716867
2025-06-04,2.4331456276005805,2.3400193555427924,2.299940720602577
2025-06-05,2.433666384041873,2.340156363867686,2.3004291184572683
2025-06-06,2.442092125524734,2.345969564290477,2.3065815881500558
2025-06-09,2.4449365212477097,2.3492239479978054,2.309758667404023
2025-06-10,2.4419046114949765,2.3488051715913016,2.309899056235495
2025-06-11,2.4513281375390292,2.3544868208143788,2.3151172450729005
2025-06-12,2.4537304451435897,2.3554903360679154,2.3162068570533014
2025-06-13,2.456538591608884,2.3556890771879413,2.3163957431636
2025-06-16,2.463954595974472,2.3590167148146732,2.3190277163087276
2025-06-17,2.46347585107445,2.3609101086704243,2.3215987020816358
2025-06-18,2.4731103512719725,2.364682816373206,2.3241612069824376
2025-06-19,2.470274680874465,2.3644675361574388,2.324634850168887
2025-06-20,2.465605461430477,2.3635645785695996,2.3238225968496593
2025-06-23,2.4706850087266448,2.3647093149093625,2.3239291788027545
2025-06-24,2.4624789619931486,2.360624460535497,2.31996439197629
2025-06-25,2.47144191932204,2.3623021529895345,2.3197827363223738
2025-06-26,2.469632168585402,2.3615056603393754,2.3182908450851767
2025-06-27,2.4647583945015064,2.3606108449327476,2.3181647565348937
2025-06-30,2.468078149925696,2.3595887304115877,2.316726208971701
2025-07-01,2.4766413814742223,2.3646970101766787,2.3213292348784997
2025-07-02,2.47847570312452,2.3674228974493956,2.3239821932323257
2025-07-03,2.483951489232051,2.3701381550384415,2.3265229073125866
2025-07-04,2.481324612966648,2.3699291401450475,2.3263674258455453
2025-07-07,2.4762652184295955,2.368076028346136,2.324722173900918
2025-07-08,2.4834711125489646,2.3696747453407245,2.3257249612327757
2025-07-09,2.479920734181271,2.368369921740567,2.324704580077484
2025-07-10,2.489018558098629,2.3700956862150115,2.3256523152080018
2025-07-11,2.488293502346844,2.3695166578739415,2.325388444069537
2025-07-14,2.4954100456785597,2.370768884336765,2.326376291546513
2025-07-15,2.487891902906739,2.3703660884046434,2.326523870444548
2025-07-16,2.485541187035932,2.3692688592216795,2.3255664812515366
2025-07-17,2.4947490081342245,2.372907144177636,2.3292405430408114
2025-07-18,2.5029769797008306,2.3757984913203467,2.331739166394342
2025-07-21,2.5182615325838755,2.3799556387213596,2.3349219321660564
2025-07-22,2.5292514282516647,2.382663500914275,2.336985557995655
2025-07-23,2.5277611849286905,2.381595711126604,2.3362154598299196
2025-07-24,2.5280287828048005,2.375958733186971,2.329050417997757
2025-07-25,2.5257748659623394,2.371623326581666,2.324828156831686
2025-07-28,2.5120428712049834,2.370950585466985,2.3246940630826955
2025-07-29,2.510780254490943,2.366208349407459,2.3196490821152973
2025-07-30,2.5136490016756317,2.3705086469298826,2.3244095414252466
2025-07-31,2.4964278279559444,2.3664135706657126,2.321773431229887
2025-08-01,2.492748187621038,2.36443302114671,2.319854293995863
2025-08-04,2.5022841771938893,2.369073019430874,2.3240222567911397
2025-08-05,2.5118695936151307,2.3750261896192453,2.329411528184932
2025-08-06,2.5176058102575314,2.378132783643395,2.332411009208181
2025-08-07,2.519679528475311,2.379847731042248,2.3339307099503563
2025-08-08,2.5178370937407895,2.379771862034156,2.333948762208828
2025-08-11,2.5171879233189816,2.3756621666578885,2.329557670822393
2025-08-12,2.52334999837786,2.377399349075306,2.331068403464715
2025-08-13,2.5337948281884195,2.383683246887347,2.3373714477885525
2025-08-14,2.5221788404258647,2.3769303409693125,2.3308374638154308
2025-08-15,2.5280776758894485,2.3788507950212803,2.332386418402565
2025-08-18,2.531883271932241,2.374790199736805,2.3278905205547886
2025-08-19,2.5300178645846394,2.3745382693143298,2.3278523029942866
2025-08-20,2.537938609320202,2.376923420654931,2.3295949718988664
2025-08-21,2.537663213746784,2.3776427718331754,2.3300650429372656
2025-08-22,2.544572041072992,2.3803804983594237,2.3321910933781913
2025-08-25,2.567742726943965,2.394709831472507,2.345616215396586
2025-08-26,2.5626344580367104,2.393795245867449,2.345001395567711
2025-08-27,2.547088182877471,2.3871341207474224,2.339314969080641
2025-08-28,2.5541269557585657,2.3870458655272366,2.338617334974986
2025-08-29,2.558834865832065,2.390120297958097,2.3414160949707354
2025-09-01,2.5695042085994504,2.3971912167928693,2.3484996496285153
2025-09-02,2.561076350868653,2.3928780332163893,2.344295113399465
2025-09-03,2.5591579396102255,2.3931638975059166,2.3455028437683727
2025-09-04,2.5412933444121175,2.3851953431702526,2.3381653348868747
2025-09-05,2.556733820870431,2.3900790643643965,2.3421217816065267
2025-09-08,2.5624091852219877,2.3919288249963584,2.3439651115232967
2025-09-09,2.563013946428127,2.3923991271723803,2.3446077642678813
2025-09-10,2.559115517609803,2.3874239508198003,2.3393243062370117
2025-09-11,2.5738303964916716,2.3963658692005603,2.3472328546179164
2025-09-12,2.574240127624439,2.398956221005413,2.3498833449374446
2025-09-15,2.571396205412357,2.3973558456354036,2.348453489293703
2025-09-16,2.5759893706954653,2.39997508323666,2.351099367723643
2025-09-17,2.579522544341856,2.4032269653606577,2.354100129626165
2025-09-18,2.556033235090764,2.3888034076095743,2.3410359830159244
2025-09-19,2.557488079219411,2.3885085001960435,2.340535723855117
2025-09-22,2.5624689732020474,2.3920682413534085,2.3440368297720218
2025-09-23,2.554869093980893,2.3865493371574598,2.3382263251656976
2025-09-24,2.5675833526428042,2.391257782277459,2.342430386956952
2025-09-25,2.573991934019015,2.3953176087644836,2.3459929762943865
2025-09-26,2.565027642759153,2.3915256652438126,2.3425628272626264
2025-09-29,2.5726284416871756,2.3951396081500738,2.3456888512218215
2025-09-30,2.5767156477351234,2.399778062983369,2.350302602723566
2025-10-09,2.607412872365991,2.422910909392793,2.3714150159617584
2025-10-10,2.5896970983019347,2.4113921333300032,2.360691159205768
2025-10-13,2.5996880933466593,2.4190050228276077,2.3686815538549886
2025-10-14,2.5913676678878708,2.417269676621889,2.3676956417843216
2025-10-15,2.6100891333033625,2.4284672634955986,2.377853874307645
2025-10-16,2.614711388321776,2.432243905043832,2.381755846417184
2025-10-17,2.6036195723894577,2.430736156203894,2.3816435973770407
2025-10-20,2.5975429439522095,2.4245865226966195,2.374908008529302
2025-10-21,2.6162970813922444,2.4356081874581754,2.3853034054529973
2025-10-22,2.6059861063670193,2.4284533760814333,2.3780280028212353
2025-10-23,2.6122521119301,2.430795870906026,2.379712407353026
2025-10-24,2.6177103565838085,2.4337875587476323,2.381824209865656
2025-10-27,2.630244073839092,2.4417979225793425,2.3891341564245323
2025-10-28,2.614406172143595,2.433122829437571,2.381503326103788
2025-10-29,2.62684002742003,2.4410337874307175,2.388361384106929
2025-10-30,2.6150881008360454,2.4358275602261688,2.3839880445207684
2025-10-31,2.613154264431312,2.43541033533387,2.3842207016193595
2025-11-03,2.620672836827954,2.440158198417491,2.388671743502983
2025-11-04,2.6100796106595743,2.436328461319112,2.3857441602897373
2025-11-05,2.6154275591410987,2.4393025450865835,2.3884041320650415
2025-11-06,2.625460800310495,2.4415953487936446,2.389940565693704
2025-11-07,2.623466497064644,2.440229096364478,2.388891726225949
2025-11-10,2.634348674363203,2.4449452082159637,2.393447780686184
2025-11-11,2.6326427019186114,2.4435102347065603,2.3926177667125232
2025-11-12,2.6371041431721802,2.4476211005454656,2.3965037600625996
2025-11-13,2.650121795896867,2.45171348964871,2.399972230793975
2025-11-14,2.636335754323702,2.446502903518295,2.3956652556461377
2025-11-17,2.6182492736846,2.439090565924824,2.388520866992708
2025-11-18,2.6119992848084213,2.437209342780355,2.386886206897747
2025-11-19,2.6128878016056043,2.4357254256500314,2.385735678739404
2025-11-20,2.6081819321309214,2.4343297582581416,2.3846737100561866
2025-11-21,2.578263259223806,2.419862118080006,2.3717194800933723
2025-11-24,2.591596864547836,2.4263495851224515,2.377387252340719
2025-11-25,2.604499044593247,2.4303075474563935,2.380968233205069
2025-11-26,2.603067335246665,2.4257243376428486,2.3761031909065045
2025-11-27,2.608676149896736,2.4293314277835782,2.3794092615312366
2025-11-28,2.6189144869957204,2.4338571062783596,2.383395430821227
2025-12-01,2.627986475585453,2.4383938163911956,2.387106149757723
2025-12-02,2.618920754217184,2.4331076726526315,2.3822265167146797
2025-12-03,2.6115838428001505,2.4302482769369744,2.3798433035701403
2025-12-04,2.608796550549403,2.423868802884561,2.3730086872178617
2025-12-05,2.617874742616134,2.429644741380869,2.3782333151272104
2025-12-08,2.620039847784315,2.429588548159831,2.3778519118572783
2025-12-09,2.603022930107307,2.423327448154359,2.3730934865009345
2025-12-10,2.606438957830611,2.4249779286321083,2.374566400281326
2025-12-11,2.6021642201915345,2.4255405198662126,2.3756028059808285
2025-12-12,2.613518498633745,2.429926025767467,2.3791225737217085
2025-12-15,2.607622731714366,2.4222802518496325,2.3721542801314226
2025-12-16,2.590574656846937,2.414864813920257,2.36594781480122
2025-12-17,2.606657538410135,2.4236913291990922,2.3737077581282837
2025-12-18,2.611577605540128,2.4276159053189796,2.3773301344519524
2025-12-19,2.6213204547213778,2.4330227115362844,2.382018022275791
2025-12-22,2.636842421058879,2.437572936462181,2.385770922293606
2025-12-23,2.645647181397482,2.4447168474907697,2.3929695117255108
2025-12-24,2.662259768828744,2.4524200506527256,2.3991850390773215
2025-12-25,2.6617827759361337,2.4519091301060216,2.3986466218810825
2025-12-26,2.677554713607466,2.4593338971069962,2.4050241793044185
2025-12-29,2.6652694733076516,2.4496494218535156,2.3955664526126768
2025-12-30,2.662696177467157,2.448761367656986,2.3943122309720204
2025-12-31,2.656169785557859,2.4453224823876774,2.3910810555399293
2026-01-05,2.6803499962836113,2.4565583957645627,2.4010259156645097
2026-01-06,2.7109264765407515,2.4713994136305146,2.413995470066239
2026-01-07,2.709665710854686,2.4699436604656597,2.413001290095007
2026-01-08,2.6946788493586213,2.4622252898841555,2.4061662460430826
2026-01-09,2.7117560811177466,2.471228607268317,2.414516464065613
2026-01-12,2.737566558732712,2.4841108784714825,2.425934721737597
2026-01-13,2.7270902751819137,2.4801311092987777,2.422762136643384
2026-01-14,2.7361483357285024,2.484391365137382,2.426790286946483
2026-01-15,2.7314120305953993,2.4825392051798945,2.4251174721793163
2026-01-16,2.7138262253820997,2.4724537500529236,2.416013457848249
2026-01-19,2.716777629326842,2.4734236681310917,2.4171470025685236
2026-01-20,2.72439076721684,2.480516741604107,2.4239898636399433
2026-01-21,2.740435531903952,2.4887941338986055,2.431962882481132
2026-01-22,2.747227132958545,2.4917575485224486,2.434720019422019
2026-01-23,2.7731123582709603,2.503608017566925,2.4456009050013927
2026-01-26,2.7833153911822994,2.5096636321874297,2.4517505453633994
2026-01-27,2.777590317844594,2.505451521486364,2.4478310637099083
2026-01-28,2.8014151658349955,2.517752708848348,2.4596827800165686
2026-01-29,2.841554303272046,2.5394941839964185,2.4805253039560884
2026-01-30,2.780020494616298,2.5092637080727376,2.4519221676904754
2026-02-02,2.6926578137518526,2.481709505692279,2.4285246591834473
2026-02-03,2.7405927081448263,2.495237577530276,2.4398288960976937
2026-02-04,2.767298224098808,2.5043760508815787,2.447502814313947
2026-02-05,2.740375366134274,2.500641712939157,2.445087266571861
2026-02-06,2.733045032766757,2.500127742077268,2.4449678804923503
2026-02-09,2.7640778469030325,2.511087063829971,2.4543798149487475
2026-02-10,2.7639692296717637,2.5117697114623665,2.455042488047538
2026-02-11,2.773799623071245,2.515888086999865,2.458777314312777
2026-02-12,2.770949194441176,2.515074759778983,2.458308700218395
2026-02-13,2.7462997124321697,2.5058050484371277,2.45035733241473
2026-02-24,2.781855218344477,2.5178259781413423,2.460372965756529
2026-02-25,2.792786037130798,2.5195201291518314,2.461256105024971
2026-02-26,2.7846128689979817,2.514294997871646,2.4566016156612984
2026-02-27,2.7931026684270925,2.5181232279486587,2.4603921562136097
2026-03-02,2.830215923940681,2.532577749300346,2.4722982967605645
2026-03-03,2.8190108339099487,2.533431564308082,2.47360756662905
2026-03-04,2.8107574658387584,2.5329509534107233,2.4743654605278205
2026-03-05,2.8085925557591755,2.530688574316901,2.4716051993180352
2026-03-06,2.8363118652433936,2.5452196732006693,2.4841396701742355
2026-03-09,2.8712537670320986,2.556865651452708,2.4930704387056766
2026-03-10,2.8488944304680746,2.5463048166968267,2.484371809356872
2026-03-11,2.885135196786385,2.5623414956621837,2.497503793646686
2026-03-12,2.8964504796632435,2.566457275389667,2.500391687068024
2026-03-13,2.901064810452829,2.5741102459439955,2.508114066348324
2026-03-16,2.886632221029045,2.5631809295120775,2.497147849704481
2026-03-17,2.8755078448777267,2.5603652722825725,2.495201147558581
2026-03-18,2.8719635055503776,2.5617147754523586,2.4970142396957717
2026-03-19,2.8510093462767787,2.558356666199236,2.494314629980475
2026-03-20,2.819468312642178,2.5441198942060477,2.4819778382628113
2026-03-23,2.7858085894169546,2.534538512018716,2.4740995091871354
2026-03-24,2.8065858383187403,2.5439599917231357,2.482760654629501
2026-03-25,2.8043696378946428,2.538274496925401,2.4770740452828384
2026-03-26,2.8037231854157834,2.5398745994693512,2.4786163398220364
2026-03-27,2.8147392644117497,2.539867274418933,2.4773184409523594
2026-03-30,2.8342354190575696,2.5486828270849173,2.484996045133698
2026-03-31,2.805283249421803,2.535768435927076,2.4741404585661964
2026-04-01,2.803647596366812,2.533082310506591,2.4697652802019676
2026-04-02,2.805156298555799,2.534318839530095,2.472385235978628
2026-04-03,2.8036859498397564,2.531685782713538,2.4702966110692888
